internal_project_id,project_name,ministry,agency,sector,state,project_type,approval_date,start_date,original_end_date,revised_end_date,original_cost_cr,revised_cost_cr,project_code,legacy_ocms_code,pmgid
PAI-00001,National Highway Project 001 - Tamil Nadu,Ministry of Road Transport & Highways,NHAI,Roads,Tamil Nadu,National Highway,2023-04-09,2023-08-14,2027-10-14,2027-10-14,280.74,294.98,PAI26-100000,OCMS-2018-10000,PMG-50000
PAI-00002,Bridge Project 002 - Madhya Pradesh,Ministry of Railways,RVNL,Railways,Madhya Pradesh,Bridge,2023-07-24,2024-02-24,2026-06-24,2026-09-12,150.0,166.53,PAI26-100001,OCMS-2019-10001,PMG-50001
PAI-00003,Generation Project 003 - Tamil Nadu,Ministry of Power,Power Grid Corporation,Power,Tamil Nadu,Generation,2022-07-23,2023-01-16,2026-04-16,2026-06-24,150.0,166.76,PAI26-100002,OCMS-2020-10002,PMG-50002
PAI-00004,Terminal Project 004 - Madhya Pradesh,"Ministry of Ports, Shipping & Waterways",Sagarmala Development Corporation,Ports & Waterways,Madhya Pradesh,Terminal,2022-02-27,2022-11-09,2027-07-09,2027-10-28,220.34,283.09,PAI26-100003,OCMS-2021-10003,PMG-50003
PAI-00005,Runway Project 005 - West Bengal,Ministry of Civil Aviation,AAI Engineering,Civil Aviation,West Bengal,Runway,2022-01-20,2022-10-30,2026-10-30,2026-10-30,150.0,156.77,PAI26-100004,OCMS-2022-10004,PMG-50004
PAI-00006,Fiber Network Project 006 - Uttarakhand,Ministry of Telecommunications,Department of Telecommunications,Telecom,Uttarakhand,Fiber Network,2023-06-09,2024-03-11,2028-12-11,2029-08-21,207.61,279.52,PAI26-100005,OCMS-2023-10005,PMG-50005
PAI-00007,Expressway Project 007 - Haryana,Ministry of Road Transport & Highways,MoRTH,Roads,Haryana,Expressway,2022-03-25,2022-11-03,2026-07-03,2026-08-12,224.22,224.22,PAI26-100006,OCMS-2024-10006,PMG-50006
PAI-00008,Bridge Project 008 - Chhattisgarh,Ministry of Railways,Indian Railways,Railways,Chhattisgarh,Bridge,2023-02-19,2023-10-09,2027-07-09,2027-10-26,490.67,517.14,PAI26-100007,OCMS-2018-10007,PMG-50007
PAI-00009,Grid Modernisation Project 009 - Kerala,Ministry of Power,NTPC,Power,Kerala,Grid Modernisation,2023-01-10,2023-03-12,2026-06-12,2027-02-23,150.0,207.96,PAI26-100008,OCMS-2019-10008,PMG-50008
PAI-00010,Dredging Project 010 - Rajasthan,"Ministry of Ports, Shipping & Waterways",Major Port Authority,Ports & Waterways,Rajasthan,Dredging,2022-07-01,2023-01-14,2026-02-14,2026-02-14,150.0,154.68,PAI26-100009,OCMS-2020-10009,PMG-50009
PAI-00011,Air Navigation Project 011 - Kerala,Ministry of Civil Aviation,AAI Engineering,Civil Aviation,Kerala,Air Navigation,2022-09-01,2023-02-23,2027-12-23,2027-12-23,215.27,233.77,PAI26-100010,OCMS-2021-10010,PMG-50010
PAI-00012,Data Network Project 012 - Jharkhand,Ministry of Telecommunications,RailTel,Telecom,Jharkhand,Data Network,2023-03-27,2023-10-12,2026-11-12,2026-11-12,150.0,150.0,PAI26-100011,OCMS-2022-10011,PMG-50011
PAI-00013,National Highway Project 013 - Bihar,Ministry of Road Transport & Highways,MoRTH,Roads,Bihar,National Highway,2022-10-29,2023-07-22,2028-03-22,2028-03-27,196.03,196.49,PAI26-100012,OCMS-2023-10012,PMG-50012
PAI-00014,Station Redevelopment Project 014 - Chhattisgarh,Ministry of Railways,RVNL,Railways,Chhattisgarh,Station Redevelopment,2022-07-01,2023-03-13,2025-12-13,2025-12-13,264.52,264.52,PAI26-100013,OCMS-2024-10013,PMG-50013
PAI-00015,Substation Project 015 - Haryana,Ministry of Power,NHPC,Power,Haryana,Substation,2022-04-04,2022-12-02,2027-08-02,2028-01-10,247.67,298.87,PAI26-100014,OCMS-2018-10014,PMG-50014
PAI-00016,Port Expansion Project 016 - Jharkhand,"Ministry of Ports, Shipping & Waterways",Sagarmala Development Corporation,Ports & Waterways,Jharkhand,Port Expansion,2022-07-19,2022-12-13,2026-07-13,2026-10-04,237.7,253.82,PAI26-100015,OCMS-2019-10015,PMG-50015
PAI-00017,Air Navigation Project 017 - Madhya Pradesh,Ministry of Civil Aviation,AAI Engineering,Civil Aviation,Madhya Pradesh,Air Navigation,2022-11-07,2023-05-13,2025-09-13,2026-03-04,150.0,189.95,PAI26-100016,OCMS-2020-10016,PMG-50016
PAI-00018,Fiber Network Project 018 - Andhra Pradesh,Ministry of Telecommunications,RailTel,Telecom,Andhra Pradesh,Fiber Network,2022-04-15,2022-09-20,2025-07-20,2025-07-20,150.0,166.98,PAI26-100017,OCMS-2021-10017,PMG-50017
PAI-00019,Bridge Project 019 - West Bengal,Ministry of Road Transport & Highways,NHAI,Roads,West Bengal,Bridge,2022-09-16,2023-02-21,2026-06-21,2026-07-25,150.0,175.27,PAI26-100018,OCMS-2022-10018,PMG-50018
PAI-00020,Rail Corridor Project 020 - Assam,Ministry of Railways,RVNL,Railways,Assam,Rail Corridor,2023-01-23,2023-07-11,2027-11-11,2028-03-27,238.96,311.79,PAI26-100019,OCMS-2023-10019,PMG-50019
PAI-00021,Grid Modernisation Project 021 - Tamil Nadu,Ministry of Power,Power Grid Corporation,Power,Tamil Nadu,Grid Modernisation,2022-12-28,2023-05-31,2027-08-31,2027-09-22,237.9,256.11,PAI26-100020,OCMS-2024-10020,PMG-50020
PAI-00022,Port Expansion Project 022 - Odisha,"Ministry of Ports, Shipping & Waterways",Major Port Authority,Ports & Waterways,Odisha,Port Expansion,2022-07-20,2022-11-28,2025-03-28,2025-04-13,372.64,405.98,PAI26-100021,OCMS-2018-10021,PMG-50021
PAI-00023,Airport Expansion Project 023 - West Bengal,Ministry of Civil Aviation,Civil Aviation Authority,Civil Aviation,West Bengal,Airport Expansion,2022-07-19,2022-11-24,2027-07-24,2027-08-10,150.0,159.56,PAI26-100022,OCMS-2019-10022,PMG-50022
PAI-00024,Tower Infrastructure Project 024 - Odisha,Ministry of Telecommunications,RailTel,Telecom,Odisha,Tower Infrastructure,2022-08-29,2022-12-31,2025-11-30,2025-11-30,167.59,179.79,PAI26-100023,OCMS-2020-10023,PMG-50023
PAI-00025,Road Widening Project 025 - Tamil Nadu,Ministry of Road Transport & Highways,MoRTH,Roads,Tamil Nadu,Road Widening,2022-11-22,2023-08-07,2026-11-07,2027-02-27,150.0,189.84,PAI26-100024,OCMS-2021-10024,PMG-50024
PAI-00026,Electrification Project 026 - Punjab,Ministry of Railways,RVNL,Railways,Punjab,Electrification,2022-02-26,2022-05-08,2024-12-08,2024-12-11,150.0,159.32,PAI26-100025,OCMS-2022-10025,PMG-50025
PAI-00027,Transmission Project 027 - Madhya Pradesh,Ministry of Power,NHPC,Power,Madhya Pradesh,Transmission,2022-03-23,2022-11-01,2025-05-01,2025-12-13,308.31,404.39,PAI26-100026,OCMS-2023-10026,PMG-50026
PAI-00028,Terminal Project 028 - Karnataka,"Ministry of Ports, Shipping & Waterways",Sagarmala Development Corporation,Ports & Waterways,Karnataka,Terminal,2023-12-22,2024-08-27,2028-01-27,2028-04-30,438.68,534.53,PAI26-100027,OCMS-2024-10027,PMG-50027
PAI-00029,Airport Expansion Project 029 - Odisha,Ministry of Civil Aviation,AAI Engineering,Civil Aviation,Odisha,Airport Expansion,2023-06-25,2024-03-02,2027-12-02,2027-12-11,914.32,1029.24,PAI26-100028,OCMS-2018-10028,PMG-50028
PAI-00030,5G Infrastructure Project 030 - Tamil Nadu,Ministry of Telecommunications,Department of Telecommunications,Telecom,Tamil Nadu,5G Infrastructure,2023-10-16,2024-06-20,2027-10-20,2027-11-12,150.0,153.03,PAI26-100029,OCMS-2019-10029,PMG-50029
PAI-00031,Bridge Project 031 - Haryana,Ministry of Road Transport & Highways,NHAI,Roads,Haryana,Bridge,2023-03-27,2023-06-17,2027-12-17,2028-02-08,150.0,163.12,PAI26-100030,OCMS-2020-10030,PMG-50030
PAI-00032,Rail Corridor Project 032 - West Bengal,Ministry of Railways,RVNL,Railways,West Bengal,Rail Corridor,2022-10-20,2023-02-03,2026-09-03,2026-09-03,1188.1,1315.88,PAI26-100031,OCMS-2021-10031,PMG-50031
PAI-00033,Transmission Project 033 - Chhattisgarh,Ministry of Power,NHPC,Power,Chhattisgarh,Transmission,2022-12-05,2023-03-04,2026-07-04,2026-09-22,163.57,189.37,PAI26-100032,OCMS-2022-10032,PMG-50032
PAI-00034,Terminal Project 034 - Bihar,"Ministry of Ports, Shipping & Waterways",Sagarmala Development Corporation,Ports & Waterways,Bihar,Terminal,2022-01-10,2022-06-24,2026-09-24,2026-10-12,239.16,269.81,PAI26-100033,OCMS-2023-10033,PMG-50033
PAI-00035,Airport Expansion Project 035 - Telangana,Ministry of Civil Aviation,AAI Engineering,Civil Aviation,Telangana,Airport Expansion,2022-08-06,2023-05-28,2026-05-28,2026-10-02,534.46,686.22,PAI26-100034,OCMS-2024-10034,PMG-50034
PAI-00036,Fiber Network Project 036 - Bihar,Ministry of Telecommunications,Department of Telecommunications,Telecom,Bihar,Fiber Network,2023-09-28,2024-03-22,2026-07-22,2026-09-05,161.58,174.53,PAI26-100035,OCMS-2018-10035,PMG-50035
PAI-00037,Bridge Project 037 - Gujarat,Ministry of Road Transport & Highways,MoRTH,Roads,Gujarat,Bridge,2022-07-30,2023-02-27,2027-04-27,2027-08-13,150.0,188.0,PAI26-100036,OCMS-2019-10036,PMG-50036
PAI-00038,Electrification Project 038 - Haryana,Ministry of Railways,Indian Railways,Railways,Haryana,Electrification,2022-10-20,2023-06-05,2026-08-05,2027-05-02,150.0,201.56,PAI26-100037,OCMS-2020-10037,PMG-50037
PAI-00039,Grid Modernisation Project 039 - Odisha,Ministry of Power,NHPC,Power,Odisha,Grid Modernisation,2023-04-11,2023-12-28,2026-07-28,2026-07-28,150.0,150.0,PAI26-100038,OCMS-2021-10038,PMG-50038
PAI-00040,Port Expansion Project 040 - Maharashtra,"Ministry of Ports, Shipping & Waterways",Sagarmala Development Corporation,Ports & Waterways,Maharashtra,Port Expansion,2022-04-08,2022-08-13,2026-06-13,2026-10-01,356.56,409.59,PAI26-100039,OCMS-2022-10039,PMG-50039
PAI-00041,Airport Expansion Project 041 - Sikkim,Ministry of Civil Aviation,AAI,Civil Aviation,Sikkim,Airport Expansion,2023-08-24,2024-06-12,2028-06-12,2028-06-12,150.0,151.06,PAI26-100040,OCMS-2023-10040,PMG-50040
PAI-00042,Fiber Network Project 042 - Tamil Nadu,Ministry of Telecommunications,RailTel,Telecom,Tamil Nadu,Fiber Network,2023-08-06,2023-10-21,2028-03-21,2028-03-21,463.44,463.44,PAI26-100041,OCMS-2024-10041,PMG-50041
PAI-00043,Expressway Project 043 - Chhattisgarh,Ministry of Road Transport & Highways,NHIDCL,Roads,Chhattisgarh,Expressway,2022-03-12,2022-11-29,2026-09-29,2026-11-20,368.97,398.7,PAI26-100042,OCMS-2018-10042,PMG-50042
PAI-00044,Electrification Project 044 - Sikkim,Ministry of Railways,RVNL,Railways,Sikkim,Electrification,2022-09-09,2023-01-26,2026-01-26,2026-01-26,174.24,180.02,PAI26-100043,OCMS-2019-10043,PMG-50043
PAI-00045,Grid Modernisation Project 045 - Bihar,Ministry of Power,NHPC,Power,Bihar,Grid Modernisation,2023-12-28,2024-06-01,2028-09-01,2028-10-27,150.0,150.0,PAI26-100044,OCMS-2020-10044,PMG-50044
PAI-00046,Terminal Project 046 - Sikkim,"Ministry of Ports, Shipping & Waterways",Sagarmala Development Corporation,Ports & Waterways,Sikkim,Terminal,2022-01-28,2022-05-24,2024-06-24,2024-09-07,225.25,258.13,PAI26-100045,OCMS-2021-10045,PMG-50045
PAI-00047,Terminal Project 047 - Madhya Pradesh,Ministry of Civil Aviation,Civil Aviation Authority,Civil Aviation,Madhya Pradesh,Terminal,2022-12-11,2023-09-13,2027-04-13,2027-05-08,292.13,302.26,PAI26-100046,OCMS-2022-10046,PMG-50046
PAI-00048,Tower Infrastructure Project 048 - Rajasthan,Ministry of Telecommunications,BSNL,Telecom,Rajasthan,Tower Infrastructure,2023-04-19,2024-01-29,2028-04-29,2028-08-01,150.0,157.77,PAI26-100047,OCMS-2023-10047,PMG-50047
PAI-00049,Road Widening Project 049 - Uttarakhand,Ministry of Road Transport & Highways,NHIDCL,Roads,Uttarakhand,Road Widening,2023-07-02,2023-09-11,2027-02-11,2027-02-22,434.27,434.27,PAI26-100048,OCMS-2024-10048,PMG-50048
PAI-00050,Rail Corridor Project 050 - Tamil Nadu,Ministry of Railways,IRCON,Railways,Tamil Nadu,Rail Corridor,2022-03-10,2022-05-16,2025-01-16,2025-02-28,244.81,264.7,PAI26-100049,OCMS-2018-10049,PMG-50049
PAI-00051,Generation Project 051 - Karnataka,Ministry of Power,NHPC,Power,Karnataka,Generation,2022-01-30,2022-09-27,2025-10-27,2025-10-27,150.0,150.0,PAI26-100050,OCMS-2019-10050,PMG-50050
PAI-00052,Dredging Project 052 - Sikkim,"Ministry of Ports, Shipping & Waterways",Sagarmala Development Corporation,Ports & Waterways,Sikkim,Dredging,2023-05-10,2023-08-12,2027-04-12,2027-05-12,150.0,163.04,PAI26-100051,OCMS-2020-10051,PMG-50051
PAI-00053,Runway Project 053 - Andhra Pradesh,Ministry of Civil Aviation,Civil Aviation Authority,Civil Aviation,Andhra Pradesh,Runway,2022-08-15,2023-03-25,2026-11-25,2026-11-25,216.28,223.87,PAI26-100052,OCMS-2021-10052,PMG-50052
PAI-00054,5G Infrastructure Project 054 - Andhra Pradesh,Ministry of Telecommunications,RailTel,Telecom,Andhra Pradesh,5G Infrastructure,2022-11-27,2023-07-06,2027-10-06,2028-01-05,602.63,651.81,PAI26-100053,OCMS-2022-10053,PMG-50053
PAI-00055,National Highway Project 055 - Karnataka,Ministry of Road Transport & Highways,MoRTH,Roads,Karnataka,National Highway,2022-04-04,2022-06-19,2026-02-19,2026-02-19,405.32,422.3,PAI26-100054,OCMS-2023-10054,PMG-50054
PAI-00056,Electrification Project 056 - Uttar Pradesh,Ministry of Railways,RVNL,Railways,Uttar Pradesh,Electrification,2023-06-23,2023-10-02,2028-05-02,2028-08-23,614.67,802.24,PAI26-100055,OCMS-2024-10055,PMG-50055
PAI-00057,Grid Modernisation Project 057 - Madhya Pradesh,Ministry of Power,NTPC,Power,Madhya Pradesh,Grid Modernisation,2023-04-27,2023-11-21,2028-04-21,2028-05-02,211.29,222.22,PAI26-100056,OCMS-2018-10056,PMG-50056
PAI-00058,Inland Waterway Project 058 - Karnataka,"Ministry of Ports, Shipping & Waterways",Sagarmala Development Corporation,Ports & Waterways,Karnataka,Inland Waterway,2023-07-25,2024-05-11,2026-09-11,2026-10-04,150.0,153.5,PAI26-100057,OCMS-2019-10057,PMG-50057
PAI-00059,Terminal Project 059 - Bihar,Ministry of Civil Aviation,AAI,Civil Aviation,Bihar,Terminal,2023-03-17,2023-12-12,2026-04-12,2026-11-04,274.3,343.36,PAI26-100058,OCMS-2020-10058,PMG-50058
PAI-00060,Tower Infrastructure Project 060 - Andhra Pradesh,Ministry of Telecommunications,BSNL,Telecom,Andhra Pradesh,Tower Infrastructure,2023-04-05,2024-01-12,2026-04-12,2026-05-04,150.0,168.08,PAI26-100059,OCMS-2021-10059,PMG-50059
PAI-00061,Bridge Project 061 - Sikkim,Ministry of Road Transport & Highways,MoRTH,Roads,Sikkim,Bridge,2022-11-15,2023-08-17,2025-11-17,2026-06-22,150.0,176.73,PAI26-100060,OCMS-2022-10060,PMG-50060
PAI-00062,Bridge Project 062 - Gujarat,Ministry of Railways,IRCON,Railways,Gujarat,Bridge,2023-09-25,2024-02-10,2026-04-10,2026-09-06,1238.92,1467.87,PAI26-100061,OCMS-2023-10061,PMG-50061
PAI-00063,Transmission Project 063 - West Bengal,Ministry of Power,NTPC,Power,West Bengal,Transmission,2023-07-09,2024-03-08,2027-02-08,2027-02-08,286.88,316.6,PAI26-100062,OCMS-2024-10062,PMG-50062
PAI-00064,Inland Waterway Project 064 - Karnataka,"Ministry of Ports, Shipping & Waterways",Sagarmala Development Corporation,Ports & Waterways,Karnataka,Inland Waterway,2022-02-23,2022-05-03,2027-05-03,2027-09-05,518.2,583.24,PAI26-100063,OCMS-2018-10063,PMG-50063
PAI-00065,Runway Project 065 - Bihar,Ministry of Civil Aviation,Civil Aviation Authority,Civil Aviation,Bihar,Runway,2023-07-07,2024-02-07,2027-03-07,2027-05-27,161.37,177.01,PAI26-100064,OCMS-2019-10064,PMG-50064
PAI-00066,5G Infrastructure Project 066 - Jharkhand,Ministry of Telecommunications,RailTel,Telecom,Jharkhand,5G Infrastructure,2022-03-05,2022-09-29,2026-09-29,2026-12-06,616.1,678.83,PAI26-100065,OCMS-2020-10065,PMG-50065
PAI-00067,Expressway Project 067 - Rajasthan,Ministry of Road Transport & Highways,MoRTH,Roads,Rajasthan,Expressway,2022-08-16,2023-02-24,2026-08-24,2027-05-16,150.0,212.76,PAI26-100066,OCMS-2021-10066,PMG-50066
PAI-00068,Electrification Project 068 - Assam,Ministry of Railways,IRCON,Railways,Assam,Electrification,2022-03-13,2022-05-15,2025-02-15,2025-08-17,150.0,178.5,PAI26-100067,OCMS-2022-10067,PMG-50067
PAI-00069,Generation Project 069 - Gujarat,Ministry of Power,NHPC,Power,Gujarat,Generation,2022-07-28,2023-02-07,2025-03-07,2025-05-08,197.69,207.73,PAI26-100068,OCMS-2023-10068,PMG-50068
PAI-00070,Terminal Project 070 - Odisha,"Ministry of Ports, Shipping & Waterways",Sagarmala Development Corporation,Ports & Waterways,Odisha,Terminal,2022-07-22,2022-12-07,2025-01-07,2025-11-12,356.64,501.46,PAI26-100069,OCMS-2024-10069,PMG-50069
PAI-00071,Air Navigation Project 071 - Telangana,Ministry of Civil Aviation,AAI,Civil Aviation,Telangana,Air Navigation,2022-12-26,2023-09-11,2028-01-11,2028-02-07,150.0,159.14,PAI26-100070,OCMS-2018-10070,PMG-50070
PAI-00072,5G Infrastructure Project 072 - Andhra Pradesh,Ministry of Telecommunications,RailTel,Telecom,Andhra Pradesh,5G Infrastructure,2023-09-21,2024-02-24,2026-04-24,2026-05-28,383.34,455.17,PAI26-100071,OCMS-2019-10071,PMG-50071
PAI-00073,Expressway Project 073 - Chhattisgarh,Ministry of Road Transport & Highways,NHAI,Roads,Chhattisgarh,Expressway,2022-06-26,2023-01-15,2026-03-15,2026-12-15,150.0,213.31,PAI26-100072,OCMS-2020-10072,PMG-50072
PAI-00074,Station Redevelopment Project 074 - Telangana,Ministry of Railways,IRCON,Railways,Telangana,Station Redevelopment,2022-06-09,2023-03-25,2026-09-25,2026-11-20,219.76,219.76,PAI26-100073,OCMS-2021-10073,PMG-50073
PAI-00075,Grid Modernisation Project 075 - Karnataka,Ministry of Power,NTPC,Power,Karnataka,Grid Modernisation,2022-05-28,2022-10-13,2026-06-13,2026-06-22,333.28,333.28,PAI26-100074,OCMS-2022-10074,PMG-50074
PAI-00076,Port Expansion Project 076 - Sikkim,"Ministry of Ports, Shipping & Waterways",Major Port Authority,Ports & Waterways,Sikkim,Port Expansion,2022-06-12,2022-12-18,2026-10-18,2027-04-23,343.94,417.16,PAI26-100075,OCMS-2023-10075,PMG-50075
PAI-00077,Runway Project 077 - Assam,Ministry of Civil Aviation,AAI Engineering,Civil Aviation,Assam,Runway,2022-10-01,2023-07-17,2028-03-17,2028-05-11,150.0,157.26,PAI26-100076,OCMS-2024-10076,PMG-50076
PAI-00078,5G Infrastructure Project 078 - Rajasthan,Ministry of Telecommunications,BSNL,Telecom,Rajasthan,5G Infrastructure,2022-12-30,2023-05-06,2026-05-06,2026-05-06,226.9,226.9,PAI26-100077,OCMS-2018-10077,PMG-50077
PAI-00079,Bridge Project 079 - Gujarat,Ministry of Road Transport & Highways,NHIDCL,Roads,Gujarat,Bridge,2023-07-21,2023-11-28,2025-11-28,2026-01-17,262.73,277.79,PAI26-100078,OCMS-2019-10078,PMG-50078
PAI-00080,Bridge Project 080 - Rajasthan,Ministry of Railways,RVNL,Railways,Rajasthan,Bridge,2022-12-04,2023-05-01,2025-12-01,2025-12-01,157.2,162.51,PAI26-100079,OCMS-2020-10079,PMG-50079
PAI-00081,Substation Project 081 - West Bengal,Ministry of Power,Power Grid Corporation,Power,West Bengal,Substation,2022-01-15,2022-11-05,2027-04-05,2027-05-02,355.14,408.81,PAI26-100080,OCMS-2021-10080,PMG-50080
PAI-00082,Dredging Project 082 - Uttar Pradesh,"Ministry of Ports, Shipping & Waterways",IWAI,Ports & Waterways,Uttar Pradesh,Dredging,2022-06-13,2023-03-17,2026-03-17,2026-05-28,286.84,318.45,PAI26-100081,OCMS-2022-10081,PMG-50081
PAI-00083,Air Navigation Project 083 - Kerala,Ministry of Civil Aviation,Civil Aviation Authority,Civil Aviation,Kerala,Air Navigation,2022-05-03,2023-01-04,2027-11-04,2028-04-05,150.0,179.69,PAI26-100082,OCMS-2023-10082,PMG-50082
PAI-00084,Tower Infrastructure Project 084 - Telangana,Ministry of Telecommunications,Department of Telecommunications,Telecom,Telangana,Tower Infrastructure,2023-05-09,2024-02-19,2026-09-19,2026-10-11,150.0,159.73,PAI26-100083,OCMS-2024-10083,PMG-50083
PAI-00085,Expressway Project 085 - Maharashtra,Ministry of Road Transport & Highways,NHIDCL,Roads,Maharashtra,Expressway,2023-10-08,2024-07-11,2028-05-11,2028-06-13,171.41,184.63,PAI26-100084,OCMS-2018-10084,PMG-50084
PAI-00086,Bridge Project 086 - Sikkim,Ministry of Railways,Indian Railways,Railways,Sikkim,Bridge,2022-10-14,2023-07-30,2027-03-30,2027-03-30,240.29,240.29,PAI26-100085,OCMS-2019-10085,PMG-50085
PAI-00087,Substation Project 087 - Andhra Pradesh,Ministry of Power,Power Grid Corporation,Power,Andhra Pradesh,Substation,2022-07-11,2023-01-23,2027-03-23,2027-03-23,198.56,201.93,PAI26-100086,OCMS-2020-10086,PMG-50086
PAI-00088,Inland Waterway Project 088 - Haryana,"Ministry of Ports, Shipping & Waterways",IWAI,Ports & Waterways,Haryana,Inland Waterway,2023-08-22,2024-02-02,2027-09-02,2027-11-22,158.97,163.8,PAI26-100087,OCMS-2021-10087,PMG-50087
PAI-00089,Runway Project 089 - Jharkhand,Ministry of Civil Aviation,AAI Engineering,Civil Aviation,Jharkhand,Runway,2022-09-11,2023-02-14,2026-09-14,2026-12-12,525.75,588.02,PAI26-100088,OCMS-2022-10088,PMG-50088
PAI-00090,5G Infrastructure Project 090 - Karnataka,Ministry of Telecommunications,RailTel,Telecom,Karnataka,5G Infrastructure,2022-02-21,2022-11-21,2026-02-21,2026-05-31,150.0,174.99,PAI26-100089,OCMS-2023-10089,PMG-50089
PAI-00091,Expressway Project 091 - Karnataka,Ministry of Road Transport & Highways,NHIDCL,Roads,Karnataka,Expressway,2023-09-11,2024-02-21,2028-08-21,2028-09-05,381.1,401.37,PAI26-100090,OCMS-2024-10090,PMG-50090
PAI-00092,Electrification Project 092 - Tamil Nadu,Ministry of Railways,Indian Railways,Railways,Tamil Nadu,Electrification,2023-04-20,2024-01-14,2028-01-14,2028-01-14,150.0,154.58,PAI26-100091,OCMS-2018-10091,PMG-50091
PAI-00093,Transmission Project 093 - Tamil Nadu,Ministry of Power,NTPC,Power,Tamil Nadu,Transmission,2022-06-24,2022-12-22,2025-02-22,2025-03-21,372.52,395.28,PAI26-100092,OCMS-2019-10092,PMG-50092
PAI-00094,Dredging Project 094 - Madhya Pradesh,"Ministry of Ports, Shipping & Waterways",IWAI,Ports & Waterways,Madhya Pradesh,Dredging,2023-04-28,2024-02-16,2028-11-16,2028-12-11,191.86,193.74,PAI26-100093,OCMS-2020-10093,PMG-50093
PAI-00095,Runway Project 095 - Andhra Pradesh,Ministry of Civil Aviation,Civil Aviation Authority,Civil Aviation,Andhra Pradesh,Runway,2023-08-26,2023-11-17,2026-11-17,2026-12-05,232.74,232.74,PAI26-100094,OCMS-2021-10094,PMG-50094
PAI-00096,Fiber Network Project 096 - Uttarakhand,Ministry of Telecommunications,RailTel,Telecom,Uttarakhand,Fiber Network,2023-12-03,2024-08-23,2026-09-23,2026-10-09,549.07,549.3,PAI26-100095,OCMS-2022-10095,PMG-50095
PAI-00097,Bridge Project 097 - Odisha,Ministry of Road Transport & Highways,NHIDCL,Roads,Odisha,Bridge,2023-01-15,2023-04-05,2027-03-05,2027-06-12,210.36,267.84,PAI26-100096,OCMS-2023-10096,PMG-50096
PAI-00098,Station Redevelopment Project 098 - Assam,Ministry of Railways,IRCON,Railways,Assam,Station Redevelopment,2023-10-07,2024-03-18,2026-06-18,2026-06-18,501.27,509.76,PAI26-100097,OCMS-2024-10097,PMG-50097
PAI-00099,Substation Project 099 - Sikkim,Ministry of Power,NHPC,Power,Sikkim,Substation,2022-06-26,2023-03-03,2026-04-03,2026-05-14,150.0,160.44,PAI26-100098,OCMS-2018-10098,PMG-50098
PAI-00100,Port Expansion Project 100 - Haryana,"Ministry of Ports, Shipping & Waterways",Sagarmala Development Corporation,Ports & Waterways,Haryana,Port Expansion,2023-07-31,2024-03-11,2027-01-11,2027-10-03,394.8,542.26,PAI26-100099,OCMS-2019-10099,PMG-50099
PAI-00101,Terminal Project 101 - Haryana,Ministry of Civil Aviation,AAI,Civil Aviation,Haryana,Terminal,2022-01-20,2022-04-14,2026-09-14,2027-03-09,150.0,180.82,PAI26-100100,OCMS-2020-10100,PMG-50100
PAI-00102,Tower Infrastructure Project 102 - Sikkim,Ministry of Telecommunications,Department of Telecommunications,Telecom,Sikkim,Tower Infrastructure,2023-04-26,2023-09-22,2026-04-22,2026-09-02,150.0,179.52,PAI26-100101,OCMS-2021-10101,PMG-50101
PAI-00103,National Highway Project 103 - Haryana,Ministry of Road Transport & Highways,NHAI,Roads,Haryana,National Highway,2022-12-17,2023-05-09,2025-05-09,2025-08-07,151.22,181.13,PAI26-100102,OCMS-2022-10102,PMG-50102
PAI-00104,Rail Corridor Project 104 - Odisha,Ministry of Railways,RVNL,Railways,Odisha,Rail Corridor,2023-04-03,2023-07-27,2026-03-27,2026-05-25,344.45,370.62,PAI26-100103,OCMS-2023-10103,PMG-50103
PAI-00105,Generation Project 105 - Madhya Pradesh,Ministry of Power,NHPC,Power,Madhya Pradesh,Generation,2022-06-18,2023-03-15,2025-06-15,2025-07-01,150.0,162.05,PAI26-100104,OCMS-2024-10104,PMG-50104
PAI-00106,Terminal Project 106 - Assam,"Ministry of Ports, Shipping & Waterways",IWAI,Ports & Waterways,Assam,Terminal,2022-06-10,2023-01-23,2026-01-23,2026-04-07,150.0,163.89,PAI26-100105,OCMS-2018-10105,PMG-50105
PAI-00107,Terminal Project 107 - Haryana,Ministry of Civil Aviation,AAI,Civil Aviation,Haryana,Terminal,2022-10-11,2023-05-05,2025-11-05,2025-11-05,685.7,685.7,PAI26-100106,OCMS-2019-10106,PMG-50106
PAI-00108,Fiber Network Project 108 - Assam,Ministry of Telecommunications,BSNL,Telecom,Assam,Fiber Network,2023-08-19,2023-12-15,2027-07-15,2027-11-10,414.21,485.25,PAI26-100107,OCMS-2020-10107,PMG-50107
PAI-00109,Road Widening Project 109 - West Bengal,Ministry of Road Transport & Highways,NHAI,Roads,West Bengal,Road Widening,2023-03-24,2023-12-26,2026-06-26,2026-10-22,150.0,182.54,PAI26-100108,OCMS-2021-10108,PMG-50108
PAI-00110,Station Redevelopment Project 110 - West Bengal,Ministry of Railways,IRCON,Railways,West Bengal,Station Redevelopment,2022-07-06,2022-09-30,2026-12-30,2027-05-28,153.36,197.25,PAI26-100109,OCMS-2022-10109,PMG-50109
PAI-00111,Grid Modernisation Project 111 - Assam,Ministry of Power,Power Grid Corporation,Power,Assam,Grid Modernisation,2022-07-01,2022-09-29,2026-09-29,2027-02-23,150.0,195.94,PAI26-100110,OCMS-2023-10110,PMG-50110
PAI-00112,Port Expansion Project 112 - Uttar Pradesh,"Ministry of Ports, Shipping & Waterways",Sagarmala Development Corporation,Ports & Waterways,Uttar Pradesh,Port Expansion,2023-08-02,2024-04-25,2027-09-25,2027-09-25,296.21,296.21,PAI26-100111,OCMS-2024-10111,PMG-50111
PAI-00113,Air Navigation Project 113 - Kerala,Ministry of Civil Aviation,AAI Engineering,Civil Aviation,Kerala,Air Navigation,2023-08-06,2024-04-14,2028-11-14,2029-01-30,163.95,164.14,PAI26-100112,OCMS-2018-10112,PMG-50112
PAI-00114,Fiber Network Project 114 - West Bengal,Ministry of Telecommunications,RailTel,Telecom,West Bengal,Fiber Network,2022-08-17,2022-10-17,2027-10-17,2027-10-17,217.59,226.88,PAI26-100113,OCMS-2019-10113,PMG-50113
PAI-00115,Road Widening Project 115 - Madhya Pradesh,Ministry of Road Transport & Highways,NHAI,Roads,Madhya Pradesh,Road Widening,2022-08-25,2023-01-06,2026-10-06,2026-12-02,150.0,159.94,PAI26-100114,OCMS-2020-10114,PMG-50114
PAI-00116,Bridge Project 116 - Sikkim,Ministry of Railways,IRCON,Railways,Sikkim,Bridge,2022-05-05,2022-07-11,2025-04-11,2025-07-20,171.42,199.39,PAI26-100115,OCMS-2021-10115,PMG-50115
PAI-00117,Transmission Project 117 - West Bengal,Ministry of Power,NHPC,Power,West Bengal,Transmission,2023-06-28,2024-03-30,2027-12-30,2027-12-30,150.0,151.98,PAI26-100116,OCMS-2022-10116,PMG-50116
PAI-00118,Dredging Project 118 - Andhra Pradesh,"Ministry of Ports, Shipping & Waterways",IWAI,Ports & Waterways,Andhra Pradesh,Dredging,2022-09-24,2023-05-07,2027-04-07,2027-04-17,150.0,150.0,PAI26-100117,OCMS-2023-10117,PMG-50117
PAI-00119,Air Navigation Project 119 - Assam,Ministry of Civil Aviation,AAI Engineering,Civil Aviation,Assam,Air Navigation,2023-09-13,2024-03-30,2028-03-30,2028-04-05,254.52,264.81,PAI26-100118,OCMS-2024-10118,PMG-50118
PAI-00120,Fiber Network Project 120 - Rajasthan,Ministry of Telecommunications,BSNL,Telecom,Rajasthan,Fiber Network,2023-06-08,2023-11-11,2027-02-11,2027-02-11,767.8,780.04,PAI26-100119,OCMS-2018-10119,PMG-50119
PAI-00121,Bridge Project 121 - West Bengal,Ministry of Road Transport & Highways,NHAI,Roads,West Bengal,Bridge,2022-05-28,2022-09-08,2026-10-08,2027-03-03,150.0,189.62,PAI26-100120,OCMS-2019-10120,PMG-50120
PAI-00122,Rail Corridor Project 122 - Maharashtra,Ministry of Railways,IRCON,Railways,Maharashtra,Rail Corridor,2022-04-18,2022-09-15,2026-02-15,2026-02-25,262.68,286.52,PAI26-100121,OCMS-2020-10121,PMG-50121
PAI-00123,Transmission Project 123 - Assam,Ministry of Power,NTPC,Power,Assam,Transmission,2023-12-10,2024-08-09,2028-06-09,2028-06-09,150.0,150.0,PAI26-100122,OCMS-2021-10122,PMG-50122
PAI-00124,Dredging Project 124 - Bihar,"Ministry of Ports, Shipping & Waterways",IWAI,Ports & Waterways,Bihar,Dredging,2023-08-09,2023-11-09,2026-12-09,2027-01-28,246.69,254.97,PAI26-100123,OCMS-2022-10123,PMG-50123
PAI-00125,Terminal Project 125 - Uttarakhand,Ministry of Civil Aviation,Civil Aviation Authority,Civil Aviation,Uttarakhand,Terminal,2022-07-06,2022-12-06,2025-02-06,2025-05-20,150.0,159.17,PAI26-100124,OCMS-2023-10124,PMG-50124
PAI-00126,Fiber Network Project 126 - Haryana,Ministry of Telecommunications,RailTel,Telecom,Haryana,Fiber Network,2023-01-05,2023-05-10,2025-06-10,2025-06-19,297.91,300.69,PAI26-100125,OCMS-2024-10125,PMG-50125
PAI-00127,National Highway Project 127 - Rajasthan,Ministry of Road Transport & Highways,NHAI,Roads,Rajasthan,National Highway,2022-11-21,2023-06-18,2026-06-18,2026-06-18,150.0,156.11,PAI26-100126,OCMS-2018-10126,PMG-50126
PAI-00128,Bridge Project 128 - West Bengal,Ministry of Railways,Indian Railways,Railways,West Bengal,Bridge,2022-02-01,2022-08-05,2025-11-05,2025-11-17,289.42,289.42,PAI26-100127,OCMS-2019-10127,PMG-50127
PAI-00129,Substation Project 129 - Andhra Pradesh,Ministry of Power,NHPC,Power,Andhra Pradesh,Substation,2023-06-21,2024-02-29,2028-08-29,2028-09-02,363.42,399.65,PAI26-100128,OCMS-2020-10128,PMG-50128
PAI-00130,Dredging Project 130 - Uttar Pradesh,"Ministry of Ports, Shipping & Waterways",IWAI,Ports & Waterways,Uttar Pradesh,Dredging,2022-01-13,2022-09-14,2025-09-14,2025-09-14,232.63,242.03,PAI26-100129,OCMS-2021-10129,PMG-50129
PAI-00131,Air Navigation Project 131 - Uttar Pradesh,Ministry of Civil Aviation,AAI Engineering,Civil Aviation,Uttar Pradesh,Air Navigation,2022-05-16,2023-02-14,2026-03-14,2026-03-25,215.71,220.03,PAI26-100130,OCMS-2022-10130,PMG-50130
PAI-00132,Data Network Project 132 - Madhya Pradesh,Ministry of Telecommunications,Department of Telecommunications,Telecom,Madhya Pradesh,Data Network,2022-12-12,2023-05-27,2025-09-27,2025-12-27,687.12,703.49,PAI26-100131,OCMS-2023-10131,PMG-50131
PAI-00133,Road Widening Project 133 - Uttar Pradesh,Ministry of Road Transport & Highways,MoRTH,Roads,Uttar Pradesh,Road Widening,2022-04-18,2022-06-24,2026-10-24,2027-01-22,150.0,166.48,PAI26-100132,OCMS-2024-10132,PMG-50132
PAI-00134,Rail Corridor Project 134 - Tamil Nadu,Ministry of Railways,RVNL,Railways,Tamil Nadu,Rail Corridor,2023-07-24,2024-01-31,2026-09-30,2027-07-02,150.0,191.95,PAI26-100133,OCMS-2018-10133,PMG-50133
PAI-00135,Transmission Project 135 - Karnataka,Ministry of Power,NTPC,Power,Karnataka,Transmission,2022-07-23,2023-02-22,2025-03-22,2025-05-29,209.29,219.61,PAI26-100134,OCMS-2019-10134,PMG-50134
PAI-00136,Terminal Project 136 - Assam,"Ministry of Ports, Shipping & Waterways",IWAI,Ports & Waterways,Assam,Terminal,2023-09-09,2023-12-02,2028-01-02,2028-10-06,150.0,199.52,PAI26-100135,OCMS-2020-10135,PMG-50135
PAI-00137,Terminal Project 137 - Andhra Pradesh,Ministry of Civil Aviation,Civil Aviation Authority,Civil Aviation,Andhra Pradesh,Terminal,2023-06-11,2023-09-21,2027-10-21,2027-12-23,432.43,507.01,PAI26-100136,OCMS-2021-10136,PMG-50136
PAI-00138,Tower Infrastructure Project 138 - Andhra Pradesh,Ministry of Telecommunications,BSNL,Telecom,Andhra Pradesh,Tower Infrastructure,2022-07-03,2023-02-24,2025-05-24,2025-05-24,150.0,150.0,PAI26-100137,OCMS-2022-10137,PMG-50137
PAI-00139,Bridge Project 139 - Karnataka,Ministry of Road Transport & Highways,NHIDCL,Roads,Karnataka,Bridge,2023-08-10,2023-12-22,2026-12-22,2026-12-30,150.0,159.31,PAI26-100138,OCMS-2023-10138,PMG-50138
PAI-00140,Rail Corridor Project 140 - Assam,Ministry of Railways,Indian Railways,Railways,Assam,Rail Corridor,2022-05-05,2023-01-20,2027-07-20,2027-08-03,150.0,166.07,PAI26-100139,OCMS-2024-10139,PMG-50139
PAI-00141,Grid Modernisation Project 141 - Punjab,Ministry of Power,NHPC,Power,Punjab,Grid Modernisation,2023-09-22,2023-12-10,2026-09-10,2027-01-29,150.0,187.44,PAI26-100140,OCMS-2018-10140,PMG-50140
PAI-00142,Dredging Project 142 - Uttar Pradesh,"Ministry of Ports, Shipping & Waterways",Sagarmala Development Corporation,Ports & Waterways,Uttar Pradesh,Dredging,2022-03-03,2022-08-25,2024-08-25,2024-12-04,338.89,405.72,PAI26-100141,OCMS-2019-10141,PMG-50141
PAI-00143,Air Navigation Project 143 - Bihar,Ministry of Civil Aviation,Civil Aviation Authority,Civil Aviation,Bihar,Air Navigation,2023-03-02,2023-06-13,2025-11-13,2026-02-17,150.0,176.69,PAI26-100142,OCMS-2020-10142,PMG-50142
PAI-00144,Fiber Network Project 144 - Kerala,Ministry of Telecommunications,Department of Telecommunications,Telecom,Kerala,Fiber Network,2022-09-13,2023-05-16,2026-03-16,2026-03-16,150.0,151.54,PAI26-100143,OCMS-2021-10143,PMG-50143
PAI-00145,Expressway Project 145 - Haryana,Ministry of Road Transport & Highways,MoRTH,Roads,Haryana,Expressway,2023-09-18,2024-05-17,2027-08-17,2027-10-12,150.0,161.18,PAI26-100144,OCMS-2022-10144,PMG-50144
PAI-00146,Electrification Project 146 - Jharkhand,Ministry of Railways,IRCON,Railways,Jharkhand,Electrification,2022-04-28,2023-01-19,2026-10-19,2026-12-08,150.0,157.03,PAI26-100145,OCMS-2023-10145,PMG-50145
PAI-00147,Grid Modernisation Project 147 - Odisha,Ministry of Power,Power Grid Corporation,Power,Odisha,Grid Modernisation,2022-06-28,2023-03-22,2027-11-22,2028-02-15,651.76,729.53,PAI26-100146,OCMS-2024-10146,PMG-50146
PAI-00148,Dredging Project 148 - Bihar,"Ministry of Ports, Shipping & Waterways",Major Port Authority,Ports & Waterways,Bihar,Dredging,2022-10-26,2023-03-03,2027-09-03,2028-02-06,348.12,417.87,PAI26-100147,OCMS-2018-10147,PMG-50147
PAI-00149,Airport Expansion Project 149 - Tamil Nadu,Ministry of Civil Aviation,AAI Engineering,Civil Aviation,Tamil Nadu,Airport Expansion,2022-03-24,2022-11-25,2027-08-25,2027-10-15,150.0,171.12,PAI26-100148,OCMS-2019-10148,PMG-50148
PAI-00150,Fiber Network Project 150 - Assam,Ministry of Telecommunications,RailTel,Telecom,Assam,Fiber Network,2023-05-08,2023-09-20,2027-02-20,2027-02-20,179.41,189.47,PAI26-100149,OCMS-2020-10149,PMG-50149
PAI-00151,Bridge Project 151 - Bihar,Ministry of Road Transport & Highways,NHAI,Roads,Bihar,Bridge,2022-08-02,2023-01-15,2025-05-15,2025-05-30,179.2,184.83,PAI26-100150,OCMS-2021-10150,PMG-50150
PAI-00152,Rail Corridor Project 152 - Maharashtra,Ministry of Railways,RVNL,Railways,Maharashtra,Rail Corridor,2022-04-04,2022-07-22,2025-08-22,2025-08-22,150.0,167.06,PAI26-100151,OCMS-2022-10151,PMG-50151
PAI-00153,Substation Project 153 - Karnataka,Ministry of Power,Power Grid Corporation,Power,Karnataka,Substation,2023-08-15,2024-06-05,2026-08-05,2026-08-10,150.0,160.9,PAI26-100152,OCMS-2023-10152,PMG-50152
PAI-00154,Inland Waterway Project 154 - Madhya Pradesh,"Ministry of Ports, Shipping & Waterways",IWAI,Ports & Waterways,Madhya Pradesh,Inland Waterway,2022-01-19,2022-10-07,2026-02-07,2026-02-08,325.76,357.57,PAI26-100153,OCMS-2024-10153,PMG-50153
PAI-00155,Airport Expansion Project 155 - Uttarakhand,Ministry of Civil Aviation,Civil Aviation Authority,Civil Aviation,Uttarakhand,Airport Expansion,2023-03-21,2023-10-03,2027-09-03,2027-09-25,271.83,292.83,PAI26-100154,OCMS-2018-10154,PMG-50154
PAI-00156,Data Network Project 156 - Haryana,Ministry of Telecommunications,RailTel,Telecom,Haryana,Data Network,2023-09-16,2024-02-10,2026-12-10,2027-06-04,430.81,535.28,PAI26-100155,OCMS-2019-10155,PMG-50155
PAI-00157,Bridge Project 157 - Gujarat,Ministry of Road Transport & Highways,MoRTH,Roads,Gujarat,Bridge,2022-06-13,2022-10-03,2026-07-03,2026-09-15,150.0,157.86,PAI26-100156,OCMS-2020-10156,PMG-50156
PAI-00158,Rail Corridor Project 158 - Kerala,Ministry of Railways,RVNL,Railways,Kerala,Rail Corridor,2022-04-14,2022-08-25,2025-05-25,2025-06-20,228.52,239.96,PAI26-100157,OCMS-2021-10157,PMG-50157
PAI-00159,Grid Modernisation Project 159 - Tamil Nadu,Ministry of Power,NHPC,Power,Tamil Nadu,Grid Modernisation,2022-01-18,2022-05-13,2024-08-13,2024-09-21,361.34,361.34,PAI26-100158,OCMS-2022-10158,PMG-50158
PAI-00160,Dredging Project 160 - Haryana,"Ministry of Ports, Shipping & Waterways",Major Port Authority,Ports & Waterways,Haryana,Dredging,2023-07-30,2023-11-03,2027-01-03,2027-07-24,150.0,195.44,PAI26-100159,OCMS-2023-10159,PMG-50159
PAI-00161,Air Navigation Project 161 - Madhya Pradesh,Ministry of Civil Aviation,Civil Aviation Authority,Civil Aviation,Madhya Pradesh,Air Navigation,2023-11-05,2024-04-20,2028-12-20,2029-02-26,213.48,233.48,PAI26-100160,OCMS-2024-10160,PMG-50160
PAI-00162,5G Infrastructure Project 162 - Assam,Ministry of Telecommunications,Department of Telecommunications,Telecom,Assam,5G Infrastructure,2023-01-03,2023-07-18,2027-10-18,2027-10-18,205.19,219.56,PAI26-100161,OCMS-2018-10161,PMG-50161
PAI-00163,Bridge Project 163 - Maharashtra,Ministry of Road Transport & Highways,NHAI,Roads,Maharashtra,Bridge,2023-06-25,2023-12-23,2027-09-23,2028-01-14,343.02,422.31,PAI26-100162,OCMS-2019-10162,PMG-50162
PAI-00164,Electrification Project 164 - West Bengal,Ministry of Railways,Indian Railways,Railways,West Bengal,Electrification,2022-01-23,2022-09-15,2026-11-15,2026-12-03,150.0,156.92,PAI26-100163,OCMS-2020-10163,PMG-50163
PAI-00165,Generation Project 165 - Sikkim,Ministry of Power,NHPC,Power,Sikkim,Generation,2022-11-05,2023-07-21,2028-01-21,2028-01-27,150.0,164.28,PAI26-100164,OCMS-2021-10164,PMG-50164
PAI-00166,Port Expansion Project 166 - Madhya Pradesh,"Ministry of Ports, Shipping & Waterways",Major Port Authority,Ports & Waterways,Madhya Pradesh,Port Expansion,2023-07-29,2023-12-18,2026-10-18,2026-10-18,375.54,382.77,PAI26-100165,OCMS-2022-10165,PMG-50165
PAI-00167,Terminal Project 167 - Uttar Pradesh,Ministry of Civil Aviation,Civil Aviation Authority,Civil Aviation,Uttar Pradesh,Terminal,2023-04-22,2023-07-19,2027-09-19,2028-01-30,525.53,667.0,PAI26-100166,OCMS-2023-10166,PMG-50166
PAI-00168,Data Network Project 168 - Odisha,Ministry of Telecommunications,RailTel,Telecom,Odisha,Data Network,2022-07-05,2022-10-12,2025-06-12,2025-07-02,344.07,350.36,PAI26-100167,OCMS-2024-10167,PMG-50167
PAI-00169,Road Widening Project 169 - Andhra Pradesh,Ministry of Road Transport & Highways,NHAI,Roads,Andhra Pradesh,Road Widening,2022-01-30,2022-05-23,2026-12-23,2026-12-23,181.88,186.16,PAI26-100168,OCMS-2018-10168,PMG-50168
PAI-00170,Rail Corridor Project 170 - Andhra Pradesh,Ministry of Railways,IRCON,Railways,Andhra Pradesh,Rail Corridor,2023-08-11,2024-03-01,2026-07-01,2026-08-22,674.67,674.67,PAI26-100169,OCMS-2019-10169,PMG-50169
PAI-00171,Transmission Project 171 - West Bengal,Ministry of Power,NHPC,Power,West Bengal,Transmission,2022-03-04,2022-08-04,2026-03-04,2026-11-09,150.0,199.59,PAI26-100170,OCMS-2020-10170,PMG-50170
PAI-00172,Terminal Project 172 - Karnataka,"Ministry of Ports, Shipping & Waterways",Major Port Authority,Ports & Waterways,Karnataka,Terminal,2023-08-17,2024-06-01,2027-09-01,2028-07-16,215.9,306.18,PAI26-100171,OCMS-2021-10171,PMG-50171
PAI-00173,Runway Project 173 - Rajasthan,Ministry of Civil Aviation,Civil Aviation Authority,Civil Aviation,Rajasthan,Runway,2022-02-02,2022-11-19,2025-07-19,2026-02-08,150.0,190.57,PAI26-100172,OCMS-2022-10172,PMG-50172
PAI-00174,Data Network Project 174 - Assam,Ministry of Telecommunications,Department of Telecommunications,Telecom,Assam,Data Network,2023-03-20,2023-11-27,2028-05-27,2028-08-13,177.91,177.91,PAI26-100173,OCMS-2023-10173,PMG-50173
PAI-00175,National Highway Project 175 - Punjab,Ministry of Road Transport & Highways,NHAI,Roads,Punjab,National Highway,2023-04-16,2024-01-22,2027-07-22,2027-11-06,232.2,244.22,PAI26-100174,OCMS-2024-10174,PMG-50174
PAI-00176,Bridge Project 176 - Haryana,Ministry of Railways,IRCON,Railways,Haryana,Bridge,2022-05-12,2022-09-30,2026-11-30,2026-12-14,150.0,156.18,PAI26-100175,OCMS-2018-10175,PMG-50175
PAI-00177,Transmission Project 177 - Jharkhand,Ministry of Power,NHPC,Power,Jharkhand,Transmission,2023-10-20,2024-02-12,2028-02-12,2028-02-20,212.86,238.22,PAI26-100176,OCMS-2019-10176,PMG-50176
PAI-00178,Terminal Project 178 - Uttarakhand,"Ministry of Ports, Shipping & Waterways",Major Port Authority,Ports & Waterways,Uttarakhand,Terminal,2023-03-10,2023-11-18,2026-10-18,2026-10-18,886.3,937.92,PAI26-100177,OCMS-2020-10177,PMG-50177
PAI-00179,Terminal Project 179 - Sikkim,Ministry of Civil Aviation,Civil Aviation Authority,Civil Aviation,Sikkim,Terminal,2023-10-09,2024-01-01,2028-02-01,2028-03-03,352.17,370.97,PAI26-100178,OCMS-2021-10178,PMG-50178
PAI-00180,Data Network Project 180 - Assam,Ministry of Telecommunications,Department of Telecommunications,Telecom,Assam,Data Network,2022-06-16,2022-10-12,2026-02-12,2026-03-24,323.85,367.57,PAI26-100179,OCMS-2022-10179,PMG-50179
PAI-00181,National Highway Project 181 - Sikkim,Ministry of Road Transport & Highways,MoRTH,Roads,Sikkim,National Highway,2022-12-21,2023-05-12,2028-01-12,2028-01-29,150.0,150.0,PAI26-100180,OCMS-2023-10180,PMG-50180
PAI-00182,Bridge Project 182 - Telangana,Ministry of Railways,RVNL,Railways,Telangana,Bridge,2022-06-20,2023-04-12,2025-07-12,2025-09-20,150.0,152.88,PAI26-100181,OCMS-2024-10181,PMG-50181
PAI-00183,Generation Project 183 - Madhya Pradesh,Ministry of Power,Power Grid Corporation,Power,Madhya Pradesh,Generation,2023-03-28,2023-11-20,2027-08-20,2027-10-24,150.0,161.23,PAI26-100182,OCMS-2018-10182,PMG-50182
PAI-00184,Port Expansion Project 184 - Rajasthan,"Ministry of Ports, Shipping & Waterways",IWAI,Ports & Waterways,Rajasthan,Port Expansion,2023-04-29,2023-09-30,2026-01-30,2026-10-03,272.11,373.63,PAI26-100183,OCMS-2019-10183,PMG-50183
PAI-00185,Airport Expansion Project 185 - Tamil Nadu,Ministry of Civil Aviation,AAI Engineering,Civil Aviation,Tamil Nadu,Airport Expansion,2023-01-07,2023-08-26,2028-07-26,2028-08-18,150.0,166.59,PAI26-100184,OCMS-2020-10184,PMG-50184
PAI-00186,Fiber Network Project 186 - Assam,Ministry of Telecommunications,Department of Telecommunications,Telecom,Assam,Fiber Network,2023-11-10,2024-05-13,2027-01-13,2027-03-30,203.2,206.92,PAI26-100185,OCMS-2021-10185,PMG-50185
PAI-00187,National Highway Project 187 - Maharashtra,Ministry of Road Transport & Highways,NHIDCL,Roads,Maharashtra,National Highway,2022-10-31,2023-05-02,2026-03-02,2026-03-02,150.0,150.0,PAI26-100186,OCMS-2022-10186,PMG-50186
PAI-00188,Station Redevelopment Project 188 - Odisha,Ministry of Railways,RVNL,Railways,Odisha,Station Redevelopment,2023-11-29,2024-07-19,2026-08-19,2027-01-13,348.92,415.24,PAI26-100187,OCMS-2023-10187,PMG-50187
PAI-00189,Generation Project 189 - Gujarat,Ministry of Power,NTPC,Power,Gujarat,Generation,2023-04-09,2023-12-26,2026-05-26,2026-05-26,150.0,167.86,PAI26-100188,OCMS-2024-10188,PMG-50188
PAI-00190,Dredging Project 190 - Maharashtra,"Ministry of Ports, Shipping & Waterways",Sagarmala Development Corporation,Ports & Waterways,Maharashtra,Dredging,2023-10-01,2024-01-24,2027-11-24,2028-03-22,172.96,197.87,PAI26-100189,OCMS-2018-10189,PMG-50189
PAI-00191,Runway Project 191 - Kerala,Ministry of Civil Aviation,Civil Aviation Authority,Civil Aviation,Kerala,Runway,2023-01-03,2023-07-01,2025-12-01,2026-01-02,156.04,170.72,PAI26-100190,OCMS-2019-10190,PMG-50190
PAI-00192,5G Infrastructure Project 192 - Haryana,Ministry of Telecommunications,Department of Telecommunications,Telecom,Haryana,5G Infrastructure,2023-03-13,2023-08-18,2027-08-18,2027-08-18,283.52,283.52,PAI26-100191,OCMS-2020-10191,PMG-50191
PAI-00193,Road Widening Project 193 - Punjab,Ministry of Road Transport & Highways,MoRTH,Roads,Punjab,Road Widening,2022-02-05,2022-09-16,2025-12-16,2025-12-16,520.88,542.85,PAI26-100192,OCMS-2021-10192,PMG-50192
PAI-00194,Electrification Project 194 - Andhra Pradesh,Ministry of Railways,Indian Railways,Railways,Andhra Pradesh,Electrification,2023-04-24,2023-07-22,2028-01-22,2028-03-29,327.12,359.23,PAI26-100193,OCMS-2022-10193,PMG-50193
PAI-00195,Grid Modernisation Project 195 - Rajasthan,Ministry of Power,NHPC,Power,Rajasthan,Grid Modernisation,2023-08-28,2024-04-23,2027-01-23,2027-05-05,332.72,385.57,PAI26-100194,OCMS-2023-10194,PMG-50194
PAI-00196,Dredging Project 196 - Odisha,"Ministry of Ports, Shipping & Waterways",Major Port Authority,Ports & Waterways,Odisha,Dredging,2023-09-03,2023-12-29,2026-07-29,2026-10-06,629.2,706.74,PAI26-100195,OCMS-2024-10195,PMG-50195
PAI-00197,Airport Expansion Project 197 - Uttarakhand,Ministry of Civil Aviation,Civil Aviation Authority,Civil Aviation,Uttarakhand,Airport Expansion,2023-06-19,2023-11-10,2026-04-10,2026-04-21,496.63,532.32,PAI26-100196,OCMS-2018-10196,PMG-50196
PAI-00198,Tower Infrastructure Project 198 - Punjab,Ministry of Telecommunications,BSNL,Telecom,Punjab,Tower Infrastructure,2022-04-12,2022-11-25,2026-06-25,2026-09-20,333.2,413.57,PAI26-100197,OCMS-2019-10197,PMG-50197
PAI-00199,National Highway Project 199 - Kerala,Ministry of Road Transport & Highways,MoRTH,Roads,Kerala,National Highway,2022-09-10,2023-05-16,2025-12-16,2026-02-28,276.73,312.26,PAI26-100198,OCMS-2020-10198,PMG-50198
PAI-00200,Bridge Project 200 - Madhya Pradesh,Ministry of Railways,IRCON,Railways,Madhya Pradesh,Bridge,2023-07-19,2024-04-18,2027-05-18,2027-05-18,150.0,158.06,PAI26-100199,OCMS-2021-10199,PMG-50199
PAI-00201,Substation Project 201 - Uttar Pradesh,Ministry of Power,NHPC,Power,Uttar Pradesh,Substation,2022-07-15,2023-03-09,2027-05-09,2027-05-09,234.26,259.84,PAI26-100200,OCMS-2022-10200,PMG-50200
PAI-00202,Dredging Project 202 - Maharashtra,"Ministry of Ports, Shipping & Waterways",IWAI,Ports & Waterways,Maharashtra,Dredging,2023-07-22,2024-02-18,2028-09-18,2028-09-18,154.79,166.09,PAI26-100201,OCMS-2023-10201,PMG-50201
PAI-00203,Air Navigation Project 203 - Gujarat,Ministry of Civil Aviation,AAI,Civil Aviation,Gujarat,Air Navigation,2023-12-20,2024-10-05,2028-02-05,2028-03-14,150.0,150.0,PAI26-100202,OCMS-2024-10202,PMG-50202
PAI-00204,Tower Infrastructure Project 204 - Assam,Ministry of Telecommunications,Department of Telecommunications,Telecom,Assam,Tower Infrastructure,2022-08-08,2023-04-16,2026-08-16,2026-08-27,150.0,163.23,PAI26-100203,OCMS-2018-10203,PMG-50203
PAI-00205,Bridge Project 205 - Punjab,Ministry of Road Transport & Highways,NHIDCL,Roads,Punjab,Bridge,2022-09-07,2023-01-27,2026-05-27,2026-07-05,287.46,316.31,PAI26-100204,OCMS-2019-10204,PMG-50204
PAI-00206,Rail Corridor Project 206 - Rajasthan,Ministry of Railways,Indian Railways,Railways,Rajasthan,Rail Corridor,2022-11-18,2023-04-16,2026-02-16,2026-02-16,150.0,153.06,PAI26-100205,OCMS-2020-10205,PMG-50205
PAI-00207,Generation Project 207 - Odisha,Ministry of Power,Power Grid Corporation,Power,Odisha,Generation,2023-04-21,2023-11-30,2028-05-30,2028-05-30,199.53,210.03,PAI26-100206,OCMS-2021-10206,PMG-50206
PAI-00208,Dredging Project 208 - Madhya Pradesh,"Ministry of Ports, Shipping & Waterways",Sagarmala Development Corporation,Ports & Waterways,Madhya Pradesh,Dredging,2022-07-18,2023-01-28,2026-11-28,2027-02-06,150.0,154.12,PAI26-100207,OCMS-2022-10207,PMG-50207
PAI-00209,Runway Project 209 - Maharashtra,Ministry of Civil Aviation,AAI Engineering,Civil Aviation,Maharashtra,Runway,2022-11-24,2023-07-19,2026-06-19,2026-12-04,266.67,325.52,PAI26-100208,OCMS-2023-10208,PMG-50208
PAI-00210,Fiber Network Project 210 - Gujarat,Ministry of Telecommunications,RailTel,Telecom,Gujarat,Fiber Network,2022-08-19,2022-12-20,2025-01-20,2025-01-20,150.0,168.83,PAI26-100209,OCMS-2024-10209,PMG-50209
PAI-00211,National Highway Project 211 - Tamil Nadu,Ministry of Road Transport & Highways,MoRTH,Roads,Tamil Nadu,National Highway,2023-04-17,2023-06-19,2025-11-19,2025-12-28,150.0,151.43,PAI26-100210,OCMS-2018-10210,PMG-50210
PAI-00212,Bridge Project 212 - Assam,Ministry of Railways,RVNL,Railways,Assam,Bridge,2023-11-20,2024-07-10,2029-07-10,2030-05-29,150.0,206.45,PAI26-100211,OCMS-2019-10211,PMG-50211
PAI-00213,Generation Project 213 - Telangana,Ministry of Power,NTPC,Power,Telangana,Generation,2022-08-22,2022-11-29,2025-02-28,2025-02-28,187.35,189.51,PAI26-100212,OCMS-2020-10212,PMG-50212
PAI-00214,Inland Waterway Project 214 - Haryana,"Ministry of Ports, Shipping & Waterways",IWAI,Ports & Waterways,Haryana,Inland Waterway,2022-04-17,2022-11-03,2025-09-03,2025-09-03,184.79,201.43,PAI26-100213,OCMS-2021-10213,PMG-50213
PAI-00215,Runway Project 215 - Telangana,Ministry of Civil Aviation,AAI Engineering,Civil Aviation,Telangana,Runway,2023-05-04,2024-01-01,2026-07-01,2026-08-10,337.91,337.91,PAI26-100214,OCMS-2022-10214,PMG-50214
PAI-00216,5G Infrastructure Project 216 - Maharashtra,Ministry of Telecommunications,Department of Telecommunications,Telecom,Maharashtra,5G Infrastructure,2023-11-20,2024-06-15,2029-06-15,2029-08-30,200.76,218.75,PAI26-100215,OCMS-2023-10215,PMG-50215
PAI-00217,Road Widening Project 217 - Karnataka,Ministry of Road Transport & Highways,NHIDCL,Roads,Karnataka,Road Widening,2023-01-25,2023-10-21,2028-05-21,2028-05-21,150.0,153.79,PAI26-100216,OCMS-2024-10216,PMG-50216
PAI-00218,Rail Corridor Project 218 - Chhattisgarh,Ministry of Railways,Indian Railways,Railways,Chhattisgarh,Rail Corridor,2023-03-19,2023-11-22,2026-07-22,2026-08-13,394.25,429.49,PAI26-100217,OCMS-2018-10217,PMG-50217
PAI-00219,Transmission Project 219 - Jharkhand,Ministry of Power,NHPC,Power,Jharkhand,Transmission,2022-02-22,2022-07-29,2025-05-29,2025-07-28,231.56,240.43,PAI26-100218,OCMS-2019-10218,PMG-50218
PAI-00220,Dredging Project 220 - Haryana,"Ministry of Ports, Shipping & Waterways",Sagarmala Development Corporation,Ports & Waterways,Haryana,Dredging,2022-05-03,2023-02-20,2025-05-20,2025-11-06,662.82,793.34,PAI26-100219,OCMS-2020-10219,PMG-50219
PAI-00221,Runway Project 221 - Chhattisgarh,Ministry of Civil Aviation,AAI,Civil Aviation,Chhattisgarh,Runway,2023-06-22,2023-10-25,2027-01-25,2027-03-05,150.0,159.01,PAI26-100220,OCMS-2021-10220,PMG-50220
PAI-00222,Fiber Network Project 222 - Rajasthan,Ministry of Telecommunications,BSNL,Telecom,Rajasthan,Fiber Network,2023-02-23,2023-05-07,2025-05-07,2025-07-06,272.61,319.73,PAI26-100221,OCMS-2022-10221,PMG-50221
PAI-00223,Road Widening Project 223 - Telangana,Ministry of Road Transport & Highways,NHAI,Roads,Telangana,Road Widening,2023-09-16,2024-06-26,2029-01-26,2029-08-10,150.0,176.1,PAI26-100222,OCMS-2023-10222,PMG-50222
PAI-00224,Bridge Project 224 - Haryana,Ministry of Railways,RVNL,Railways,Haryana,Bridge,2023-03-11,2023-06-25,2027-04-25,2027-10-14,240.04,303.18,PAI26-100223,OCMS-2024-10223,PMG-50223
PAI-00225,Transmission Project 225 - Jharkhand,Ministry of Power,NTPC,Power,Jharkhand,Transmission,2023-06-30,2023-11-11,2028-06-11,2028-10-01,150.0,153.71,PAI26-100224,OCMS-2018-10224,PMG-50224
PAI-00226,Port Expansion Project 226 - Andhra Pradesh,"Ministry of Ports, Shipping & Waterways",IWAI,Ports & Waterways,Andhra Pradesh,Port Expansion,2023-04-15,2023-12-20,2028-05-20,2028-11-07,150.0,185.88,PAI26-100225,OCMS-2019-10225,PMG-50225
PAI-00227,Air Navigation Project 227 - Uttar Pradesh,Ministry of Civil Aviation,AAI,Civil Aviation,Uttar Pradesh,Air Navigation,2022-11-27,2023-03-19,2027-05-19,2027-05-30,150.0,150.84,PAI26-100226,OCMS-2020-10226,PMG-50226
PAI-00228,Fiber Network Project 228 - Odisha,Ministry of Telecommunications,BSNL,Telecom,Odisha,Fiber Network,2022-06-24,2023-01-30,2025-11-30,2025-12-28,184.6,184.6,PAI26-100227,OCMS-2021-10227,PMG-50227
PAI-00229,National Highway Project 229 - Maharashtra,Ministry of Road Transport & Highways,NHIDCL,Roads,Maharashtra,National Highway,2023-10-30,2024-02-21,2026-12-21,2026-12-21,267.31,278.5,PAI26-100228,OCMS-2022-10228,PMG-50228
PAI-00230,Station Redevelopment Project 230 - Madhya Pradesh,Ministry of Railways,RVNL,Railways,Madhya Pradesh,Station Redevelopment,2023-04-02,2023-07-02,2027-12-02,2028-01-13,177.79,177.79,PAI26-100229,OCMS-2023-10229,PMG-50229
PAI-00231,Generation Project 231 - Kerala,Ministry of Power,NTPC,Power,Kerala,Generation,2022-09-20,2023-05-29,2028-03-29,2028-08-01,150.0,176.3,PAI26-100230,OCMS-2024-10230,PMG-50230
PAI-00232,Port Expansion Project 232 - Rajasthan,"Ministry of Ports, Shipping & Waterways",Major Port Authority,Ports & Waterways,Rajasthan,Port Expansion,2022-08-02,2023-05-19,2027-11-19,2028-05-08,559.02,715.59,PAI26-100231,OCMS-2018-10231,PMG-50231
PAI-00233,Air Navigation Project 233 - Tamil Nadu,Ministry of Civil Aviation,AAI Engineering,Civil Aviation,Tamil Nadu,Air Navigation,2022-09-25,2023-06-05,2027-10-05,2028-03-10,268.31,335.31,PAI26-100232,OCMS-2019-10232,PMG-50232
PAI-00234,Fiber Network Project 234 - Assam,Ministry of Telecommunications,BSNL,Telecom,Assam,Fiber Network,2022-05-07,2022-12-11,2027-12-11,2027-12-30,329.33,368.01,PAI26-100233,OCMS-2020-10233,PMG-50233
PAI-00235,Bridge Project 235 - Sikkim,Ministry of Road Transport & Highways,NHAI,Roads,Sikkim,Bridge,2023-05-20,2024-01-16,2028-09-16,2028-12-20,154.27,155.03,PAI26-100234,OCMS-2021-10234,PMG-50234
PAI-00236,Bridge Project 236 - Bihar,Ministry of Railways,Indian Railways,Railways,Bihar,Bridge,2023-10-07,2024-02-17,2027-02-17,2027-03-22,353.57,394.0,PAI26-100235,OCMS-2022-10235,PMG-50235
PAI-00237,Substation Project 237 - Kerala,Ministry of Power,NHPC,Power,Kerala,Substation,2022-05-24,2023-01-30,2025-11-30,2025-11-30,150.0,154.56,PAI26-100236,OCMS-2023-10236,PMG-50236
PAI-00238,Inland Waterway Project 238 - Telangana,"Ministry of Ports, Shipping & Waterways",Major Port Authority,Ports & Waterways,Telangana,Inland Waterway,2023-01-24,2023-05-01,2028-02-01,2028-02-01,237.36,254.6,PAI26-100237,OCMS-2024-10237,PMG-50237
PAI-00239,Terminal Project 239 - Kerala,Ministry of Civil Aviation,AAI Engineering,Civil Aviation,Kerala,Terminal,2023-12-07,2024-02-10,2026-08-10,2026-10-19,1743.18,2009.49,PAI26-100238,OCMS-2018-10238,PMG-50238
PAI-00240,Fiber Network Project 240 - Maharashtra,Ministry of Telecommunications,RailTel,Telecom,Maharashtra,Fiber Network,2022-08-02,2023-05-24,2025-06-24,2025-10-04,181.34,221.6,PAI26-100239,OCMS-2019-10239,PMG-50239
PAI-00241,National Highway Project 241 - Chhattisgarh,Ministry of Road Transport & Highways,MoRTH,Roads,Chhattisgarh,National Highway,2023-04-28,2023-08-14,2026-10-14,2026-10-14,407.4,417.16,PAI26-100240,OCMS-2020-10240,PMG-50240
PAI-00242,Rail Corridor Project 242 - Telangana,Ministry of Railways,RVNL,Railways,Telangana,Rail Corridor,2022-06-08,2022-12-14,2025-01-14,2025-03-18,214.55,223.49,PAI26-100241,OCMS-2021-10241,PMG-50241
PAI-00243,Substation Project 243 - Madhya Pradesh,Ministry of Power,Power Grid Corporation,Power,Madhya Pradesh,Substation,2023-03-24,2023-07-05,2025-09-05,2025-10-30,563.39,584.67,PAI26-100242,OCMS-2022-10242,PMG-50242
PAI-00244,Terminal Project 244 - Uttar Pradesh,"Ministry of Ports, Shipping & Waterways",Sagarmala Development Corporation,Ports & Waterways,Uttar Pradesh,Terminal,2022-09-23,2022-12-02,2027-11-02,2027-12-04,150.0,163.45,PAI26-100243,OCMS-2023-10243,PMG-50243
PAI-00245,Terminal Project 245 - Tamil Nadu,Ministry of Civil Aviation,AAI Engineering,Civil Aviation,Tamil Nadu,Terminal,2022-09-27,2022-11-27,2025-08-27,2025-09-14,239.31,241.97,PAI26-100244,OCMS-2024-10244,PMG-50244
PAI-00246,5G Infrastructure Project 246 - Uttarakhand,Ministry of Telecommunications,Department of Telecommunications,Telecom,Uttarakhand,5G Infrastructure,2023-10-21,2024-03-11,2026-08-11,2026-10-03,150.0,151.56,PAI26-100245,OCMS-2018-10245,PMG-50245
PAI-00247,Bridge Project 247 - Tamil Nadu,Ministry of Road Transport & Highways,NHAI,Roads,Tamil Nadu,Bridge,2023-08-12,2024-03-26,2026-06-26,2026-08-04,150.0,160.67,PAI26-100246,OCMS-2019-10246,PMG-50246
PAI-00248,Rail Corridor Project 248 - Tamil Nadu,Ministry of Railways,Indian Railways,Railways,Tamil Nadu,Rail Corridor,2022-08-09,2023-01-01,2026-11-01,2026-12-11,150.0,155.65,PAI26-100247,OCMS-2020-10247,PMG-50247
PAI-00249,Grid Modernisation Project 249 - Kerala,Ministry of Power,NTPC,Power,Kerala,Grid Modernisation,2023-05-17,2023-11-07,2026-01-07,2026-04-13,156.21,156.21,PAI26-100248,OCMS-2021-10248,PMG-50248
PAI-00250,Terminal Project 250 - Sikkim,"Ministry of Ports, Shipping & Waterways",Sagarmala Development Corporation,Ports & Waterways,Sikkim,Terminal,2022-12-21,2023-07-31,2027-03-31,2027-05-25,424.49,459.1,PAI26-100249,OCMS-2022-10249,PMG-50249
PAI-00251,Airport Expansion Project 251 - Odisha,Ministry of Civil Aviation,AAI Engineering,Civil Aviation,Odisha,Airport Expansion,2023-10-15,2024-07-09,2028-01-09,2028-03-29,150.0,160.46,PAI26-100250,OCMS-2023-10250,PMG-50250
PAI-00252,Tower Infrastructure Project 252 - Assam,Ministry of Telecommunications,RailTel,Telecom,Assam,Tower Infrastructure,2022-12-04,2023-02-26,2025-05-26,2025-08-08,334.71,367.36,PAI26-100251,OCMS-2024-10251,PMG-50251
PAI-00253,Expressway Project 253 - Uttarakhand,Ministry of Road Transport & Highways,MoRTH,Roads,Uttarakhand,Expressway,2022-02-18,2022-09-29,2026-04-29,2026-10-04,150.0,180.98,PAI26-100252,OCMS-2018-10252,PMG-50252
PAI-00254,Rail Corridor Project 254 - Kerala,Ministry of Railways,RVNL,Railways,Kerala,Rail Corridor,2022-05-06,2022-09-25,2027-02-25,2027-04-21,150.0,162.81,PAI26-100253,OCMS-2019-10253,PMG-50253
PAI-00255,Substation Project 255 - West Bengal,Ministry of Power,NTPC,Power,West Bengal,Substation,2022-07-16,2022-10-03,2025-12-03,2026-06-05,241.02,294.52,PAI26-100254,OCMS-2020-10254,PMG-50254
PAI-00256,Port Expansion Project 256 - Kerala,"Ministry of Ports, Shipping & Waterways",IWAI,Ports & Waterways,Kerala,Port Expansion,2022-09-30,2023-01-15,2025-08-15,2025-12-15,347.33,380.48,PAI26-100255,OCMS-2021-10255,PMG-50255
PAI-00257,Air Navigation Project 257 - Andhra Pradesh,Ministry of Civil Aviation,AAI Engineering,Civil Aviation,Andhra Pradesh,Air Navigation,2023-02-07,2023-06-27,2027-02-27,2027-05-08,502.01,535.62,PAI26-100256,OCMS-2022-10256,PMG-50256
PAI-00258,Tower Infrastructure Project 258 - Karnataka,Ministry of Telecommunications,Department of Telecommunications,Telecom,Karnataka,Tower Infrastructure,2022-09-19,2023-04-11,2026-10-11,2026-11-18,158.84,170.82,PAI26-100257,OCMS-2023-10257,PMG-50257
PAI-00259,National Highway Project 259 - Sikkim,Ministry of Road Transport & Highways,NHIDCL,Roads,Sikkim,National Highway,2022-08-03,2023-03-24,2026-07-24,2026-07-26,150.0,160.01,PAI26-100258,OCMS-2024-10258,PMG-50258
PAI-00260,Station Redevelopment Project 260 - West Bengal,Ministry of Railways,RVNL,Railways,West Bengal,Station Redevelopment,2022-12-14,2023-06-29,2026-09-29,2027-03-14,291.87,361.7,PAI26-100259,OCMS-2018-10259,PMG-50259
PAI-00261,Generation Project 261 - Karnataka,Ministry of Power,NHPC,Power,Karnataka,Generation,2023-12-03,2024-09-15,2029-03-15,2029-05-01,210.21,224.32,PAI26-100260,OCMS-2019-10260,PMG-50260
PAI-00262,Port Expansion Project 262 - Maharashtra,"Ministry of Ports, Shipping & Waterways",IWAI,Ports & Waterways,Maharashtra,Port Expansion,2023-02-14,2023-07-15,2027-03-15,2027-04-20,164.07,168.08,PAI26-100261,OCMS-2020-10261,PMG-50261
PAI-00263,Runway Project 263 - Andhra Pradesh,Ministry of Civil Aviation,AAI,Civil Aviation,Andhra Pradesh,Runway,2022-05-11,2022-11-24,2027-10-24,2027-10-24,171.06,176.38,PAI26-100262,OCMS-2021-10262,PMG-50262
PAI-00264,5G Infrastructure Project 264 - Jharkhand,Ministry of Telecommunications,BSNL,Telecom,Jharkhand,5G Infrastructure,2022-02-16,2022-08-11,2024-10-11,2024-10-11,150.0,155.72,PAI26-100263,OCMS-2022-10263,PMG-50263
PAI-00265,Bridge Project 265 - Karnataka,Ministry of Road Transport & Highways,MoRTH,Roads,Karnataka,Bridge,2022-01-16,2022-10-22,2026-09-22,2026-10-11,179.81,190.15,PAI26-100264,OCMS-2023-10264,PMG-50264
PAI-00266,Bridge Project 266 - Assam,Ministry of Railways,RVNL,Railways,Assam,Bridge,2022-11-15,2023-06-10,2026-02-10,2026-02-28,256.8,263.68,PAI26-100265,OCMS-2024-10265,PMG-50265
PAI-00267,Generation Project 267 - Bihar,Ministry of Power,Power Grid Corporation,Power,Bihar,Generation,2023-03-10,2023-11-28,2026-01-28,2026-01-28,269.01,269.01,PAI26-100266,OCMS-2018-10266,PMG-50266
PAI-00268,Inland Waterway Project 268 - Uttarakhand,"Ministry of Ports, Shipping & Waterways",Major Port Authority,Ports & Waterways,Uttarakhand,Inland Waterway,2023-09-24,2024-03-06,2027-07-06,2027-07-06,241.6,241.6,PAI26-100267,OCMS-2019-10267,PMG-50267
PAI-00269,Terminal Project 269 - Maharashtra,Ministry of Civil Aviation,AAI Engineering,Civil Aviation,Maharashtra,Terminal,2023-07-31,2024-01-25,2027-11-25,2027-11-25,331.86,331.86,PAI26-100268,OCMS-2020-10268,PMG-50268
PAI-00270,Fiber Network Project 270 - Uttarakhand,Ministry of Telecommunications,BSNL,Telecom,Uttarakhand,Fiber Network,2022-11-19,2023-02-13,2026-12-13,2026-12-29,530.08,611.05,PAI26-100269,OCMS-2021-10269,PMG-50269
PAI-00271,Bridge Project 271 - Rajasthan,Ministry of Road Transport & Highways,NHIDCL,Roads,Rajasthan,Bridge,2022-12-11,2023-06-07,2027-12-07,2027-12-11,165.18,167.18,PAI26-100270,OCMS-2022-10270,PMG-50270
PAI-00272,Station Redevelopment Project 272 - Karnataka,Ministry of Railways,IRCON,Railways,Karnataka,Station Redevelopment,2023-03-28,2023-12-20,2027-07-20,2027-10-30,150.0,190.4,PAI26-100271,OCMS-2023-10271,PMG-50271
PAI-00273,Grid Modernisation Project 273 - Odisha,Ministry of Power,Power Grid Corporation,Power,Odisha,Grid Modernisation,2023-06-04,2023-09-16,2027-11-16,2028-07-05,168.37,224.84,PAI26-100272,OCMS-2024-10272,PMG-50272
PAI-00274,Terminal Project 274 - Chhattisgarh,"Ministry of Ports, Shipping & Waterways",IWAI,Ports & Waterways,Chhattisgarh,Terminal,2022-08-21,2022-11-14,2025-07-14,2025-09-19,150.0,150.0,PAI26-100273,OCMS-2018-10273,PMG-50273
PAI-00275,Air Navigation Project 275 - Bihar,Ministry of Civil Aviation,AAI Engineering,Civil Aviation,Bihar,Air Navigation,2023-02-02,2023-06-03,2027-05-03,2027-08-29,766.12,801.17,PAI26-100274,OCMS-2019-10274,PMG-50274
PAI-00276,Fiber Network Project 276 - Sikkim,Ministry of Telecommunications,BSNL,Telecom,Sikkim,Fiber Network,2022-09-11,2023-02-02,2025-09-02,2025-12-01,342.87,346.43,PAI26-100275,OCMS-2020-10275,PMG-50275
PAI-00277,Road Widening Project 277 - Telangana,Ministry of Road Transport & Highways,MoRTH,Roads,Telangana,Road Widening,2022-01-07,2022-08-15,2025-04-15,2025-04-18,231.96,231.96,PAI26-100276,OCMS-2021-10276,PMG-50276
PAI-00278,Bridge Project 278 - Uttar Pradesh,Ministry of Railways,RVNL,Railways,Uttar Pradesh,Bridge,2023-06-09,2023-08-30,2026-04-30,2026-07-31,150.0,166.26,PAI26-100277,OCMS-2022-10277,PMG-50277
PAI-00279,Transmission Project 279 - Punjab,Ministry of Power,NTPC,Power,Punjab,Transmission,2023-06-06,2024-03-16,2026-10-16,2026-11-12,150.0,157.44,PAI26-100278,OCMS-2023-10278,PMG-50278
PAI-00280,Inland Waterway Project 280 - Kerala,"Ministry of Ports, Shipping & Waterways",Sagarmala Development Corporation,Ports & Waterways,Kerala,Inland Waterway,2023-05-25,2023-11-14,2027-05-14,2027-10-26,1275.72,1581.31,PAI26-100279,OCMS-2024-10279,PMG-50279
PAI-00281,Runway Project 281 - Madhya Pradesh,Ministry of Civil Aviation,Civil Aviation Authority,Civil Aviation,Madhya Pradesh,Runway,2022-08-20,2023-04-17,2026-01-17,2026-01-17,150.0,150.0,PAI26-100280,OCMS-2018-10280,PMG-50280
PAI-00282,Tower Infrastructure Project 282 - Odisha,Ministry of Telecommunications,RailTel,Telecom,Odisha,Tower Infrastructure,2023-08-22,2024-01-25,2028-03-25,2028-04-26,230.17,264.74,PAI26-100281,OCMS-2019-10281,PMG-50281
PAI-00283,National Highway Project 283 - Andhra Pradesh,Ministry of Road Transport & Highways,NHAI,Roads,Andhra Pradesh,National Highway,2023-12-01,2024-06-18,2028-12-18,2029-01-18,150.0,158.85,PAI26-100282,OCMS-2020-10282,PMG-50282
PAI-00284,Rail Corridor Project 284 - Bihar,Ministry of Railways,Indian Railways,Railways,Bihar,Rail Corridor,2023-04-24,2023-10-26,2027-01-26,2027-08-23,150.0,171.02,PAI26-100283,OCMS-2021-10283,PMG-50283
PAI-00285,Generation Project 285 - Telangana,Ministry of Power,NTPC,Power,Telangana,Generation,2022-10-09,2023-07-11,2026-07-11,2026-08-25,318.29,318.29,PAI26-100284,OCMS-2022-10284,PMG-50284
PAI-00286,Port Expansion Project 286 - Madhya Pradesh,"Ministry of Ports, Shipping & Waterways",IWAI,Ports & Waterways,Madhya Pradesh,Port Expansion,2022-01-12,2022-06-09,2025-06-09,2025-06-09,365.26,365.26,PAI26-100285,OCMS-2023-10285,PMG-50285
PAI-00287,Runway Project 287 - Jharkhand,Ministry of Civil Aviation,AAI Engineering,Civil Aviation,Jharkhand,Runway,2022-01-10,2022-03-14,2026-09-14,2026-09-14,524.36,545.11,PAI26-100286,OCMS-2024-10286,PMG-50286
PAI-00288,Data Network Project 288 - Odisha,Ministry of Telecommunications,BSNL,Telecom,Odisha,Data Network,2023-05-18,2023-11-22,2028-10-22,2028-11-13,295.93,309.16,PAI26-100287,OCMS-2018-10287,PMG-50287
PAI-00289,Bridge Project 289 - Andhra Pradesh,Ministry of Road Transport & Highways,MoRTH,Roads,Andhra Pradesh,Bridge,2022-06-01,2022-11-07,2025-04-07,2025-05-04,497.35,541.31,PAI26-100288,OCMS-2019-10288,PMG-50288
PAI-00290,Station Redevelopment Project 290 - Uttar Pradesh,Ministry of Railways,IRCON,Railways,Uttar Pradesh,Station Redevelopment,2023-05-05,2023-09-30,2026-05-30,2026-08-03,428.93,428.93,PAI26-100289,OCMS-2020-10289,PMG-50289
PAI-00291,Grid Modernisation Project 291 - Karnataka,Ministry of Power,NTPC,Power,Karnataka,Grid Modernisation,2023-03-22,2023-11-20,2026-05-20,2026-07-19,294.43,302.29,PAI26-100290,OCMS-2021-10290,PMG-50290
PAI-00292,Port Expansion Project 292 - Odisha,"Ministry of Ports, Shipping & Waterways",Major Port Authority,Ports & Waterways,Odisha,Port Expansion,2022-11-10,2023-01-19,2026-01-19,2026-06-14,205.41,236.38,PAI26-100291,OCMS-2022-10291,PMG-50291
PAI-00293,Air Navigation Project 293 - Punjab,Ministry of Civil Aviation,AAI Engineering,Civil Aviation,Punjab,Air Navigation,2023-08-12,2024-04-05,2026-09-05,2026-10-28,150.0,188.42,PAI26-100292,OCMS-2023-10292,PMG-50292
PAI-00294,5G Infrastructure Project 294 - Assam,Ministry of Telecommunications,RailTel,Telecom,Assam,5G Infrastructure,2023-12-10,2024-03-22,2028-07-22,2028-07-22,274.41,287.65,PAI26-100293,OCMS-2024-10293,PMG-50293
PAI-00295,Road Widening Project 295 - Uttar Pradesh,Ministry of Road Transport & Highways,NHAI,Roads,Uttar Pradesh,Road Widening,2022-09-13,2023-02-09,2027-04-09,2027-04-09,150.0,151.66,PAI26-100294,OCMS-2018-10294,PMG-50294
PAI-00296,Rail Corridor Project 296 - Assam,Ministry of Railways,Indian Railways,Railways,Assam,Rail Corridor,2022-07-26,2022-09-29,2025-10-29,2025-12-16,192.78,216.28,PAI26-100295,OCMS-2019-10295,PMG-50295
PAI-00297,Substation Project 297 - Punjab,Ministry of Power,NTPC,Power,Punjab,Substation,2023-11-26,2024-07-22,2027-01-22,2027-06-01,569.88,677.5,PAI26-100296,OCMS-2020-10296,PMG-50296
PAI-00298,Inland Waterway Project 298 - Andhra Pradesh,"Ministry of Ports, Shipping & Waterways",IWAI,Ports & Waterways,Andhra Pradesh,Inland Waterway,2022-03-23,2022-09-14,2024-09-14,2024-11-19,247.62,262.7,PAI26-100297,OCMS-2021-10297,PMG-50297
PAI-00299,Terminal Project 299 - Andhra Pradesh,Ministry of Civil Aviation,Civil Aviation Authority,Civil Aviation,Andhra Pradesh,Terminal,2023-06-03,2023-08-05,2025-11-05,2026-03-11,567.92,720.88,PAI26-100298,OCMS-2022-10298,PMG-50298
PAI-00300,5G Infrastructure Project 300 - Andhra Pradesh,Ministry of Telecommunications,Department of Telecommunications,Telecom,Andhra Pradesh,5G Infrastructure,2022-06-21,2023-01-18,2027-07-18,2027-10-07,150.0,154.1,PAI26-100299,OCMS-2023-10299,PMG-50299
PAI-00301,Expressway Project 301 - West Bengal,Ministry of Road Transport & Highways,NHAI,Roads,West Bengal,Expressway,2023-12-19,2024-02-20,2029-01-20,2029-03-07,262.2,262.2,PAI26-100300,OCMS-2024-10300,PMG-50300
PAI-00302,Bridge Project 302 - Telangana,Ministry of Railways,IRCON,Railways,Telangana,Bridge,2023-03-03,2023-09-13,2028-07-13,2028-08-16,200.13,216.56,PAI26-100301,OCMS-2018-10301,PMG-50301
PAI-00303,Grid Modernisation Project 303 - Andhra Pradesh,Ministry of Power,NTPC,Power,Andhra Pradesh,Grid Modernisation,2022-07-24,2022-11-07,2025-05-07,2025-08-05,150.0,150.0,PAI26-100302,OCMS-2019-10302,PMG-50302
PAI-00304,Terminal Project 304 - Uttarakhand,"Ministry of Ports, Shipping & Waterways",IWAI,Ports & Waterways,Uttarakhand,Terminal,2023-03-02,2023-07-27,2025-12-27,2025-12-28,425.81,441.52,PAI26-100303,OCMS-2020-10303,PMG-50303
PAI-00305,Runway Project 305 - Maharashtra,Ministry of Civil Aviation,Civil Aviation Authority,Civil Aviation,Maharashtra,Runway,2023-06-12,2023-09-10,2026-05-10,2026-05-10,150.0,151.55,PAI26-100304,OCMS-2021-10304,PMG-50304
PAI-00306,5G Infrastructure Project 306 - Bihar,Ministry of Telecommunications,Department of Telecommunications,Telecom,Bihar,5G Infrastructure,2023-09-09,2023-12-02,2026-03-02,2026-04-18,932.9,1022.63,PAI26-100305,OCMS-2022-10305,PMG-50305
PAI-00307,Expressway Project 307 - Uttar Pradesh,Ministry of Road Transport & Highways,NHIDCL,Roads,Uttar Pradesh,Expressway,2022-02-16,2022-11-09,2025-09-09,2025-10-08,319.2,328.4,PAI26-100306,OCMS-2023-10306,PMG-50306
PAI-00308,Bridge Project 308 - Odisha,Ministry of Railways,IRCON,Railways,Odisha,Bridge,2023-07-27,2023-11-15,2026-04-15,2026-06-23,150.0,159.43,PAI26-100307,OCMS-2024-10307,PMG-50307
PAI-00309,Transmission Project 309 - Uttarakhand,Ministry of Power,Power Grid Corporation,Power,Uttarakhand,Transmission,2023-12-10,2024-07-08,2029-03-08,2029-04-05,465.82,488.16,PAI26-100308,OCMS-2018-10308,PMG-50308
PAI-00310,Terminal Project 310 - Bihar,"Ministry of Ports, Shipping & Waterways",IWAI,Ports & Waterways,Bihar,Terminal,2023-01-12,2023-08-01,2027-12-01,2028-03-21,150.0,186.11,PAI26-100309,OCMS-2019-10309,PMG-50309
PAI-00311,Terminal Project 311 - Rajasthan,Ministry of Civil Aviation,AAI Engineering,Civil Aviation,Rajasthan,Terminal,2022-01-05,2022-09-01,2027-02-01,2027-10-16,150.0,207.16,PAI26-100310,OCMS-2020-10310,PMG-50310
PAI-00312,Data Network Project 312 - Madhya Pradesh,Ministry of Telecommunications,BSNL,Telecom,Madhya Pradesh,Data Network,2022-12-19,2023-08-07,2027-03-07,2027-03-14,225.66,230.37,PAI26-100311,OCMS-2021-10311,PMG-50311
PAI-00313,Bridge Project 313 - Uttarakhand,Ministry of Road Transport & Highways,NHIDCL,Roads,Uttarakhand,Bridge,2023-02-25,2023-09-06,2028-05-06,2028-06-24,150.0,151.59,PAI26-100312,OCMS-2022-10312,PMG-50312
PAI-00314,Electrification Project 314 - Jharkhand,Ministry of Railways,IRCON,Railways,Jharkhand,Electrification,2023-10-30,2024-04-12,2026-09-12,2026-09-12,186.75,186.75,PAI26-100313,OCMS-2023-10313,PMG-50313
PAI-00315,Substation Project 315 - Madhya Pradesh,Ministry of Power,NHPC,Power,Madhya Pradesh,Substation,2022-11-09,2023-04-26,2025-09-26,2025-11-12,150.0,164.92,PAI26-100314,OCMS-2024-10314,PMG-50314
PAI-00316,Terminal Project 316 - Andhra Pradesh,"Ministry of Ports, Shipping & Waterways",Sagarmala Development Corporation,Ports & Waterways,Andhra Pradesh,Terminal,2023-12-22,2024-05-18,2028-03-18,2028-05-27,150.0,150.0,PAI26-100315,OCMS-2018-10315,PMG-50315
PAI-00317,Air Navigation Project 317 - West Bengal,Ministry of Civil Aviation,Civil Aviation Authority,Civil Aviation,West Bengal,Air Navigation,2023-01-18,2023-06-27,2026-02-27,2026-06-05,150.66,161.43,PAI26-100316,OCMS-2019-10316,PMG-50316
PAI-00318,5G Infrastructure Project 318 - Kerala,Ministry of Telecommunications,Department of Telecommunications,Telecom,Kerala,5G Infrastructure,2022-02-24,2022-10-12,2027-02-12,2027-05-14,427.9,469.08,PAI26-100317,OCMS-2020-10317,PMG-50317
PAI-00319,National Highway Project 319 - Maharashtra,Ministry of Road Transport & Highways,NHIDCL,Roads,Maharashtra,National Highway,2022-12-16,2023-07-05,2027-11-05,2027-12-24,344.18,376.67,PAI26-100318,OCMS-2021-10318,PMG-50318
PAI-00320,Rail Corridor Project 320 - Gujarat,Ministry of Railways,RVNL,Railways,Gujarat,Rail Corridor,2022-08-30,2023-04-17,2028-04-17,2029-01-13,150.0,213.16,PAI26-100319,OCMS-2022-10319,PMG-50319
PAI-00321,Generation Project 321 - Chhattisgarh,Ministry of Power,NHPC,Power,Chhattisgarh,Generation,2023-11-25,2024-02-15,2027-04-15,2027-05-22,150.0,150.0,PAI26-100320,OCMS-2023-10320,PMG-50320
PAI-00322,Dredging Project 322 - Odisha,"Ministry of Ports, Shipping & Waterways",Sagarmala Development Corporation,Ports & Waterways,Odisha,Dredging,2022-06-04,2023-02-03,2027-10-03,2028-01-03,200.55,232.51,PAI26-100321,OCMS-2024-10321,PMG-50321
PAI-00323,Air Navigation Project 323 - Odisha,Ministry of Civil Aviation,Civil Aviation Authority,Civil Aviation,Odisha,Air Navigation,2022-05-16,2022-08-25,2027-05-25,2027-07-19,217.39,238.88,PAI26-100322,OCMS-2018-10322,PMG-50322
PAI-00324,Tower Infrastructure Project 324 - Assam,Ministry of Telecommunications,BSNL,Telecom,Assam,Tower Infrastructure,2023-01-18,2023-05-29,2026-07-29,2027-03-30,320.06,430.11,PAI26-100323,OCMS-2019-10323,PMG-50323
PAI-00325,National Highway Project 325 - Tamil Nadu,Ministry of Road Transport & Highways,NHIDCL,Roads,Tamil Nadu,National Highway,2023-01-12,2023-03-29,2027-02-28,2027-02-28,150.0,155.7,PAI26-100324,OCMS-2020-10324,PMG-50324
PAI-00326,Station Redevelopment Project 326 - Odisha,Ministry of Railways,Indian Railways,Railways,Odisha,Station Redevelopment,2022-02-05,2022-04-08,2027-03-08,2027-06-24,234.63,292.29,PAI26-100325,OCMS-2021-10325,PMG-50325
PAI-00327,Substation Project 327 - Uttarakhand,Ministry of Power,NTPC,Power,Uttarakhand,Substation,2022-07-09,2022-12-04,2026-11-04,2026-11-10,150.0,150.0,PAI26-100326,OCMS-2022-10326,PMG-50326
PAI-00328,Dredging Project 328 - Chhattisgarh,"Ministry of Ports, Shipping & Waterways",IWAI,Ports & Waterways,Chhattisgarh,Dredging,2022-03-28,2022-10-19,2025-06-19,2025-06-19,819.68,826.55,PAI26-100327,OCMS-2023-10327,PMG-50327
PAI-00329,Air Navigation Project 329 - Jharkhand,Ministry of Civil Aviation,AAI,Civil Aviation,Jharkhand,Air Navigation,2022-01-05,2022-06-15,2027-02-15,2027-03-29,454.03,484.4,PAI26-100328,OCMS-2024-10328,PMG-50328
PAI-00330,Fiber Network Project 330 - Andhra Pradesh,Ministry of Telecommunications,RailTel,Telecom,Andhra Pradesh,Fiber Network,2022-06-05,2023-02-11,2027-01-11,2027-03-03,216.16,238.74,PAI26-100329,OCMS-2018-10329,PMG-50329
PAI-00331,Expressway Project 331 - Odisha,Ministry of Road Transport & Highways,NHAI,Roads,Odisha,Expressway,2022-04-24,2022-07-15,2026-04-15,2026-05-01,150.0,153.08,PAI26-100330,OCMS-2019-10330,PMG-50330
PAI-00332,Bridge Project 332 - Haryana,Ministry of Railways,IRCON,Railways,Haryana,Bridge,2022-08-28,2022-11-03,2027-11-03,2028-01-20,199.92,222.42,PAI26-100331,OCMS-2020-10331,PMG-50331
PAI-00333,Substation Project 333 - Andhra Pradesh,Ministry of Power,Power Grid Corporation,Power,Andhra Pradesh,Substation,2023-03-02,2023-05-01,2026-11-01,2027-07-26,414.68,589.0,PAI26-100332,OCMS-2021-10332,PMG-50332
PAI-00334,Dredging Project 334 - Chhattisgarh,"Ministry of Ports, Shipping & Waterways",Major Port Authority,Ports & Waterways,Chhattisgarh,Dredging,2023-07-25,2023-10-24,2028-03-24,2028-04-25,150.0,173.49,PAI26-100333,OCMS-2022-10333,PMG-50333
PAI-00335,Airport Expansion Project 335 - Bihar,Ministry of Civil Aviation,AAI,Civil Aviation,Bihar,Airport Expansion,2022-12-14,2023-06-21,2027-03-21,2027-03-21,312.94,328.15,PAI26-100334,OCMS-2023-10334,PMG-50334
PAI-00336,5G Infrastructure Project 336 - Sikkim,Ministry of Telecommunications,Department of Telecommunications,Telecom,Sikkim,5G Infrastructure,2022-05-06,2022-11-25,2025-02-25,2025-03-05,150.0,154.49,PAI26-100335,OCMS-2024-10335,PMG-50335
PAI-00337,National Highway Project 337 - Madhya Pradesh,Ministry of Road Transport & Highways,MoRTH,Roads,Madhya Pradesh,National Highway,2023-01-19,2023-10-24,2027-04-24,2027-06-28,332.81,370.7,PAI26-100336,OCMS-2018-10336,PMG-50336
PAI-00338,Electrification Project 338 - Rajasthan,Ministry of Railways,Indian Railways,Railways,Rajasthan,Electrification,2023-10-30,2024-08-20,2028-09-20,2028-10-30,171.59,171.59,PAI26-100337,OCMS-2019-10337,PMG-50337
PAI-00339,Generation Project 339 - Haryana,Ministry of Power,Power Grid Corporation,Power,Haryana,Generation,2023-03-18,2023-07-12,2027-11-12,2028-06-14,411.16,554.3,PAI26-100338,OCMS-2020-10338,PMG-50338
PAI-00340,Inland Waterway Project 340 - Assam,"Ministry of Ports, Shipping & Waterways",IWAI,Ports & Waterways,Assam,Inland Waterway,2022-10-28,2023-06-29,2027-06-29,2027-07-31,414.24,422.53,PAI26-100339,OCMS-2021-10339,PMG-50339
PAI-00341,Terminal Project 341 - Kerala,Ministry of Civil Aviation,AAI,Civil Aviation,Kerala,Terminal,2022-05-14,2022-12-04,2025-06-04,2025-08-23,384.88,395.7,PAI26-100340,OCMS-2022-10340,PMG-50340
PAI-00342,Fiber Network Project 342 - Madhya Pradesh,Ministry of Telecommunications,RailTel,Telecom,Madhya Pradesh,Fiber Network,2023-09-20,2024-04-25,2029-02-25,2029-02-25,150.0,150.75,PAI26-100341,OCMS-2023-10341,PMG-50341
PAI-00343,Bridge Project 343 - Odisha,Ministry of Road Transport & Highways,NHAI,Roads,Odisha,Bridge,2023-06-20,2023-09-04,2027-07-04,2027-12-18,150.0,185.48,PAI26-100342,OCMS-2024-10342,PMG-50342
PAI-00344,Electrification Project 344 - Bihar,Ministry of Railways,IRCON,Railways,Bihar,Electrification,2022-03-25,2022-07-21,2026-06-21,2026-09-19,177.11,177.11,PAI26-100343,OCMS-2018-10343,PMG-50343
PAI-00345,Transmission Project 345 - Telangana,Ministry of Power,NTPC,Power,Telangana,Transmission,2022-01-03,2022-05-22,2026-06-22,2026-08-14,150.0,155.76,PAI26-100344,OCMS-2019-10344,PMG-50344
PAI-00346,Inland Waterway Project 346 - West Bengal,"Ministry of Ports, Shipping & Waterways",IWAI,Ports & Waterways,West Bengal,Inland Waterway,2022-12-29,2023-04-05,2028-03-05,2028-03-25,520.17,606.96,PAI26-100345,OCMS-2020-10345,PMG-50345
PAI-00347,Airport Expansion Project 347 - Chhattisgarh,Ministry of Civil Aviation,AAI Engineering,Civil Aviation,Chhattisgarh,Airport Expansion,2023-04-14,2023-10-04,2026-01-04,2026-01-04,150.0,155.38,PAI26-100346,OCMS-2021-10346,PMG-50346
PAI-00348,Fiber Network Project 348 - Haryana,Ministry of Telecommunications,BSNL,Telecom,Haryana,Fiber Network,2022-05-02,2022-09-06,2027-03-06,2027-03-06,358.22,358.22,PAI26-100347,OCMS-2022-10347,PMG-50347
PAI-00349,Bridge Project 349 - Chhattisgarh,Ministry of Road Transport & Highways,NHIDCL,Roads,Chhattisgarh,Bridge,2023-06-21,2024-03-26,2028-09-26,2029-02-14,150.0,182.63,PAI26-100348,OCMS-2023-10348,PMG-50348
PAI-00350,Electrification Project 350 - Chhattisgarh,Ministry of Railways,RVNL,Railways,Chhattisgarh,Electrification,2022-08-02,2022-11-06,2025-04-06,2025-08-10,308.23,397.91,PAI26-100349,OCMS-2024-10349,PMG-50349
PAI-00351,Substation Project 351 - Maharashtra,Ministry of Power,NTPC,Power,Maharashtra,Substation,2023-02-18,2023-11-20,2028-03-20,2028-05-09,150.0,157.34,PAI26-100350,OCMS-2018-10350,PMG-50350
PAI-00352,Terminal Project 352 - Kerala,"Ministry of Ports, Shipping & Waterways",Sagarmala Development Corporation,Ports & Waterways,Kerala,Terminal,2022-08-06,2023-04-11,2027-07-11,2027-09-22,233.73,255.19,PAI26-100351,OCMS-2019-10351,PMG-50351
PAI-00353,Terminal Project 353 - Jharkhand,Ministry of Civil Aviation,Civil Aviation Authority,Civil Aviation,Jharkhand,Terminal,2022-06-12,2022-12-29,2025-11-29,2026-01-17,150.0,150.0,PAI26-100352,OCMS-2020-10352,PMG-50352
PAI-00354,Data Network Project 354 - Sikkim,Ministry of Telecommunications,BSNL,Telecom,Sikkim,Data Network,2023-07-19,2023-10-17,2028-10-17,2029-01-19,506.52,561.2,PAI26-100353,OCMS-2021-10353,PMG-50353
PAI-00355,Road Widening Project 355 - Kerala,Ministry of Road Transport & Highways,MoRTH,Roads,Kerala,Road Widening,2022-02-01,2022-08-05,2025-04-05,2025-04-05,331.6,365.71,PAI26-100354,OCMS-2022-10354,PMG-50354
PAI-00356,Rail Corridor Project 356 - West Bengal,Ministry of Railways,RVNL,Railways,West Bengal,Rail Corridor,2022-06-04,2023-01-06,2025-07-06,2025-08-04,150.0,165.48,PAI26-100355,OCMS-2023-10355,PMG-50355
PAI-00357,Substation Project 357 - Sikkim,Ministry of Power,NTPC,Power,Sikkim,Substation,2022-06-25,2023-02-18,2025-07-18,2025-08-18,359.93,416.9,PAI26-100356,OCMS-2024-10356,PMG-50356
PAI-00358,Terminal Project 358 - Gujarat,"Ministry of Ports, Shipping & Waterways",Sagarmala Development Corporation,Ports & Waterways,Gujarat,Terminal,2022-12-24,2023-04-02,2026-04-02,2026-08-22,264.59,308.19,PAI26-100357,OCMS-2018-10357,PMG-50357
PAI-00359,Air Navigation Project 359 - Jharkhand,Ministry of Civil Aviation,Civil Aviation Authority,Civil Aviation,Jharkhand,Air Navigation,2023-07-22,2024-01-28,2026-01-28,2026-02-14,232.8,245.26,PAI26-100358,OCMS-2019-10358,PMG-50358
PAI-00360,5G Infrastructure Project 360 - Gujarat,Ministry of Telecommunications,BSNL,Telecom,Gujarat,5G Infrastructure,2022-11-27,2023-03-06,2026-09-06,2026-09-21,276.31,276.55,PAI26-100359,OCMS-2020-10359,PMG-50359
PAI-00361,National Highway Project 361 - Uttarakhand,Ministry of Road Transport & Highways,MoRTH,Roads,Uttarakhand,National Highway,2023-12-12,2024-06-12,2028-03-12,2028-04-26,189.6,208.42,PAI26-100360,OCMS-2021-10360,PMG-50360
PAI-00362,Electrification Project 362 - Sikkim,Ministry of Railways,IRCON,Railways,Sikkim,Electrification,2023-04-21,2024-02-06,2027-10-06,2027-12-29,280.76,303.72,PAI26-100361,OCMS-2022-10361,PMG-50361
PAI-00363,Generation Project 363 - Uttar Pradesh,Ministry of Power,NHPC,Power,Uttar Pradesh,Generation,2022-05-04,2022-08-11,2024-11-11,2025-02-03,244.19,272.54,PAI26-100362,OCMS-2023-10362,PMG-50362
PAI-00364,Inland Waterway Project 364 - Bihar,"Ministry of Ports, Shipping & Waterways",Major Port Authority,Ports & Waterways,Bihar,Inland Waterway,2022-06-25,2023-02-10,2026-06-10,2026-06-10,154.92,154.92,PAI26-100363,OCMS-2024-10363,PMG-50363
PAI-00365,Airport Expansion Project 365 - Gujarat,Ministry of Civil Aviation,AAI Engineering,Civil Aviation,Gujarat,Airport Expansion,2023-11-04,2024-03-23,2026-10-23,2026-12-05,150.0,155.02,PAI26-100364,OCMS-2018-10364,PMG-50364
PAI-00366,5G Infrastructure Project 366 - Assam,Ministry of Telecommunications,BSNL,Telecom,Assam,5G Infrastructure,2022-10-22,2023-07-01,2027-06-01,2027-06-23,150.0,163.68,PAI26-100365,OCMS-2019-10365,PMG-50365
PAI-00367,Expressway Project 367 - Uttarakhand,Ministry of Road Transport & Highways,MoRTH,Roads,Uttarakhand,Expressway,2022-09-20,2022-12-15,2026-07-15,2027-02-01,207.45,232.55,PAI26-100366,OCMS-2020-10366,PMG-50366
PAI-00368,Electrification Project 368 - Rajasthan,Ministry of Railways,IRCON,Railways,Rajasthan,Electrification,2023-04-08,2023-10-26,2026-08-26,2027-01-11,298.52,365.05,PAI26-100367,OCMS-2021-10367,PMG-50367
PAI-00369,Transmission Project 369 - Kerala,Ministry of Power,NHPC,Power,Kerala,Transmission,2023-05-17,2023-09-23,2026-12-23,2027-05-02,150.0,176.04,PAI26-100368,OCMS-2022-10368,PMG-50368
PAI-00370,Dredging Project 370 - Uttar Pradesh,"Ministry of Ports, Shipping & Waterways",Major Port Authority,Ports & Waterways,Uttar Pradesh,Dredging,2022-12-12,2023-06-11,2028-01-11,2028-05-26,150.0,178.74,PAI26-100369,OCMS-2023-10369,PMG-50369
PAI-00371,Terminal Project 371 - Kerala,Ministry of Civil Aviation,AAI Engineering,Civil Aviation,Kerala,Terminal,2022-03-06,2022-10-21,2025-03-21,2025-05-25,232.78,266.4,PAI26-100370,OCMS-2024-10370,PMG-50370
PAI-00372,Data Network Project 372 - Assam,Ministry of Telecommunications,Department of Telecommunications,Telecom,Assam,Data Network,2023-07-31,2024-04-18,2027-12-18,2027-12-22,150.0,154.64,PAI26-100371,OCMS-2018-10371,PMG-50371
PAI-00373,Expressway Project 373 - Haryana,Ministry of Road Transport & Highways,NHIDCL,Roads,Haryana,Expressway,2022-07-04,2023-01-07,2026-01-07,2026-01-07,154.23,154.23,PAI26-100372,OCMS-2019-10372,PMG-50372
PAI-00374,Station Redevelopment Project 374 - Haryana,Ministry of Railways,Indian Railways,Railways,Haryana,Station Redevelopment,2023-12-25,2024-03-31,2027-09-30,2027-10-27,150.0,151.33,PAI26-100373,OCMS-2020-10373,PMG-50373
PAI-00375,Generation Project 375 - Kerala,Ministry of Power,NHPC,Power,Kerala,Generation,2023-04-17,2023-12-20,2025-12-20,2025-12-20,150.0,161.3,PAI26-100374,OCMS-2021-10374,PMG-50374
PAI-00376,Inland Waterway Project 376 - Chhattisgarh,"Ministry of Ports, Shipping & Waterways",Major Port Authority,Ports & Waterways,Chhattisgarh,Inland Waterway,2023-10-07,2024-02-09,2028-06-09,2028-06-09,384.28,397.56,PAI26-100375,OCMS-2022-10375,PMG-50375
PAI-00377,Air Navigation Project 377 - Chhattisgarh,Ministry of Civil Aviation,Civil Aviation Authority,Civil Aviation,Chhattisgarh,Air Navigation,2023-01-01,2023-06-01,2026-08-01,2026-09-18,366.75,411.83,PAI26-100376,OCMS-2023-10376,PMG-50376
PAI-00378,Data Network Project 378 - Tamil Nadu,Ministry of Telecommunications,RailTel,Telecom,Tamil Nadu,Data Network,2022-12-11,2023-04-26,2025-04-26,2025-04-28,150.0,153.09,PAI26-100377,OCMS-2024-10377,PMG-50377
PAI-00379,Expressway Project 379 - Kerala,Ministry of Road Transport & Highways,NHAI,Roads,Kerala,Expressway,2022-08-29,2023-04-17,2028-04-17,2028-06-13,250.28,263.31,PAI26-100378,OCMS-2018-10378,PMG-50378
PAI-00380,Electrification Project 380 - Gujarat,Ministry of Railways,RVNL,Railways,Gujarat,Electrification,2022-07-07,2023-01-07,2025-03-07,2025-03-28,150.0,150.0,PAI26-100379,OCMS-2019-10379,PMG-50379
PAI-00381,Grid Modernisation Project 381 - Chhattisgarh,Ministry of Power,NHPC,Power,Chhattisgarh,Grid Modernisation,2023-07-07,2024-04-29,2027-02-28,2027-05-02,317.01,376.48,PAI26-100380,OCMS-2020-10380,PMG-50380
PAI-00382,Terminal Project 382 - Karnataka,"Ministry of Ports, Shipping & Waterways",Sagarmala Development Corporation,Ports & Waterways,Karnataka,Terminal,2022-08-02,2023-03-05,2027-12-05,2028-10-23,151.7,208.82,PAI26-100381,OCMS-2021-10381,PMG-50381
PAI-00383,Runway Project 383 - Chhattisgarh,Ministry of Civil Aviation,AAI Engineering,Civil Aviation,Chhattisgarh,Runway,2023-03-09,2023-11-17,2028-09-17,2028-11-01,150.0,171.25,PAI26-100382,OCMS-2022-10382,PMG-50382
PAI-00384,5G Infrastructure Project 384 - Assam,Ministry of Telecommunications,Department of Telecommunications,Telecom,Assam,5G Infrastructure,2023-12-02,2024-09-23,2028-05-23,2028-06-25,171.03,171.03,PAI26-100383,OCMS-2023-10383,PMG-50383
PAI-00385,Expressway Project 385 - Odisha,Ministry of Road Transport & Highways,MoRTH,Roads,Odisha,Expressway,2023-05-19,2023-09-28,2027-06-28,2027-09-12,632.47,726.19,PAI26-100384,OCMS-2024-10384,PMG-50384
PAI-00386,Bridge Project 386 - Odisha,Ministry of Railways,Indian Railways,Railways,Odisha,Bridge,2022-08-06,2022-12-14,2026-01-14,2026-06-18,150.0,172.96,PAI26-100385,OCMS-2018-10385,PMG-50385
PAI-00387,Grid Modernisation Project 387 - Odisha,Ministry of Power,Power Grid Corporation,Power,Odisha,Grid Modernisation,2022-03-22,2022-10-31,2027-04-30,2027-04-30,150.0,154.95,PAI26-100386,OCMS-2019-10386,PMG-50386
PAI-00388,Dredging Project 388 - Rajasthan,"Ministry of Ports, Shipping & Waterways",Sagarmala Development Corporation,Ports & Waterways,Rajasthan,Dredging,2023-09-16,2024-04-23,2026-10-23,2026-12-24,443.88,458.59,PAI26-100387,OCMS-2020-10387,PMG-50387
PAI-00389,Air Navigation Project 389 - Jharkhand,Ministry of Civil Aviation,Civil Aviation Authority,Civil Aviation,Jharkhand,Air Navigation,2023-11-11,2024-08-03,2028-11-03,2029-02-25,254.66,302.21,PAI26-100388,OCMS-2021-10388,PMG-50388
PAI-00390,Fiber Network Project 390 - Tamil Nadu,Ministry of Telecommunications,BSNL,Telecom,Tamil Nadu,Fiber Network,2023-05-10,2023-08-07,2026-09-07,2026-11-07,162.89,171.73,PAI26-100389,OCMS-2022-10389,PMG-50389
PAI-00391,Expressway Project 391 - Karnataka,Ministry of Road Transport & Highways,MoRTH,Roads,Karnataka,Expressway,2022-02-04,2022-06-21,2027-06-21,2027-08-04,307.72,364.59,PAI26-100390,OCMS-2023-10390,PMG-50390
PAI-00392,Rail Corridor Project 392 - Uttar Pradesh,Ministry of Railways,IRCON,Railways,Uttar Pradesh,Rail Corridor,2022-06-04,2022-09-07,2026-08-07,2026-08-07,322.02,322.02,PAI26-100391,OCMS-2024-10391,PMG-50391
PAI-00393,Grid Modernisation Project 393 - Madhya Pradesh,Ministry of Power,NHPC,Power,Madhya Pradesh,Grid Modernisation,2023-08-23,2024-06-14,2027-07-14,2027-10-26,444.31,573.38,PAI26-100392,OCMS-2018-10392,PMG-50392
PAI-00394,Dredging Project 394 - Karnataka,"Ministry of Ports, Shipping & Waterways",IWAI,Ports & Waterways,Karnataka,Dredging,2022-01-07,2022-06-01,2024-08-01,2024-09-08,150.0,161.4,PAI26-100393,OCMS-2019-10393,PMG-50393
PAI-00395,Runway Project 395 - Haryana,Ministry of Civil Aviation,AAI Engineering,Civil Aviation,Haryana,Runway,2022-07-12,2022-10-06,2025-05-06,2025-07-10,318.8,354.24,PAI26-100394,OCMS-2020-10394,PMG-50394
PAI-00396,Data Network Project 396 - Andhra Pradesh,Ministry of Telecommunications,BSNL,Telecom,Andhra Pradesh,Data Network,2023-08-25,2023-11-14,2028-08-14,2028-12-03,150.0,188.82,PAI26-100395,OCMS-2021-10395,PMG-50395
PAI-00397,Expressway Project 397 - Odisha,Ministry of Road Transport & Highways,NHIDCL,Roads,Odisha,Expressway,2023-11-10,2024-06-07,2029-01-07,2029-01-07,186.56,186.92,PAI26-100396,OCMS-2022-10396,PMG-50396
PAI-00398,Rail Corridor Project 398 - Sikkim,Ministry of Railways,IRCON,Railways,Sikkim,Rail Corridor,2022-01-15,2022-04-12,2026-06-12,2026-10-18,269.56,329.95,PAI26-100397,OCMS-2023-10397,PMG-50397
PAI-00399,Substation Project 399 - West Bengal,Ministry of Power,Power Grid Corporation,Power,West Bengal,Substation,2022-10-11,2023-03-28,2025-05-28,2026-03-25,150.0,201.79,PAI26-100398,OCMS-2024-10398,PMG-50398
PAI-00400,Inland Waterway Project 400 - Rajasthan,"Ministry of Ports, Shipping & Waterways",Major Port Authority,Ports & Waterways,Rajasthan,Inland Waterway,2023-02-18,2023-08-21,2027-07-21,2027-09-19,150.0,166.01,PAI26-100399,OCMS-2018-10399,PMG-50399
PAI-00401,Air Navigation Project 401 - Maharashtra,Ministry of Civil Aviation,AAI Engineering,Civil Aviation,Maharashtra,Air Navigation,2023-02-07,2023-06-25,2026-05-25,2026-05-25,268.31,288.8,PAI26-100400,OCMS-2019-10400,PMG-50400
PAI-00402,5G Infrastructure Project 402 - Kerala,Ministry of Telecommunications,BSNL,Telecom,Kerala,5G Infrastructure,2022-10-29,2023-01-28,2028-01-28,2028-06-14,294.93,377.47,PAI26-100401,OCMS-2020-10401,PMG-50401
PAI-00403,Bridge Project 403 - Kerala,Ministry of Road Transport & Highways,NHAI,Roads,Kerala,Bridge,2022-07-09,2023-04-03,2028-01-03,2028-03-06,2545.78,2545.78,PAI26-100402,OCMS-2021-10402,PMG-50402
PAI-00404,Electrification Project 404 - Rajasthan,Ministry of Railways,Indian Railways,Railways,Rajasthan,Electrification,2023-06-04,2024-03-25,2028-03-25,2028-03-25,180.73,180.73,PAI26-100403,OCMS-2022-10403,PMG-50403
PAI-00405,Transmission Project 405 - Sikkim,Ministry of Power,NHPC,Power,Sikkim,Transmission,2022-09-26,2023-03-15,2027-11-15,2028-01-03,215.46,215.46,PAI26-100404,OCMS-2023-10404,PMG-50404
PAI-00406,Inland Waterway Project 406 - Rajasthan,"Ministry of Ports, Shipping & Waterways",Sagarmala Development Corporation,Ports & Waterways,Rajasthan,Inland Waterway,2022-01-20,2022-10-05,2026-05-05,2026-07-01,214.49,232.13,PAI26-100405,OCMS-2024-10405,PMG-50405
PAI-00407,Air Navigation Project 407 - Odisha,Ministry of Civil Aviation,Civil Aviation Authority,Civil Aviation,Odisha,Air Navigation,2023-09-14,2023-12-13,2025-12-13,2026-03-28,678.48,858.07,PAI26-100406,OCMS-2018-10406,PMG-50406
PAI-00408,Fiber Network Project 408 - Karnataka,Ministry of Telecommunications,BSNL,Telecom,Karnataka,Fiber Network,2023-10-21,2024-06-29,2028-03-29,2028-04-19,216.89,233.33,PAI26-100407,OCMS-2019-10407,PMG-50407
PAI-00409,Expressway Project 409 - Odisha,Ministry of Road Transport & Highways,NHIDCL,Roads,Odisha,Expressway,2023-04-27,2023-11-07,2026-06-07,2026-06-07,165.44,165.44,PAI26-100408,OCMS-2020-10408,PMG-50408
PAI-00410,Bridge Project 410 - Madhya Pradesh,Ministry of Railways,IRCON,Railways,Madhya Pradesh,Bridge,2022-10-06,2023-06-02,2026-11-02,2027-01-25,1286.97,1475.79,PAI26-100409,OCMS-2021-10409,PMG-50409
PAI-00411,Transmission Project 411 - Bihar,Ministry of Power,NTPC,Power,Bihar,Transmission,2022-12-31,2023-05-26,2026-06-26,2026-06-27,150.0,152.66,PAI26-100410,OCMS-2022-10410,PMG-50410
PAI-00412,Inland Waterway Project 412 - Telangana,"Ministry of Ports, Shipping & Waterways",IWAI,Ports & Waterways,Telangana,Inland Waterway,2022-03-27,2022-08-11,2025-07-11,2025-10-05,150.0,165.38,PAI26-100411,OCMS-2023-10411,PMG-50411
PAI-00413,Airport Expansion Project 413 - Chhattisgarh,Ministry of Civil Aviation,Civil Aviation Authority,Civil Aviation,Chhattisgarh,Airport Expansion,2023-12-07,2024-02-24,2027-03-24,2027-09-16,150.0,186.0,PAI26-100412,OCMS-2024-10412,PMG-50412
PAI-00414,Data Network Project 414 - West Bengal,Ministry of Telecommunications,RailTel,Telecom,West Bengal,Data Network,2023-01-18,2023-09-02,2028-05-02,2028-05-02,258.82,258.82,PAI26-100413,OCMS-2018-10413,PMG-50413
PAI-00415,National Highway Project 415 - Andhra Pradesh,Ministry of Road Transport & Highways,MoRTH,Roads,Andhra Pradesh,National Highway,2022-02-12,2022-05-03,2024-08-03,2024-10-28,272.44,272.44,PAI26-100414,OCMS-2019-10414,PMG-50414
PAI-00416,Bridge Project 416 - Punjab,Ministry of Railways,IRCON,Railways,Punjab,Bridge,2022-08-18,2023-04-19,2027-05-19,2027-11-15,164.9,199.0,PAI26-100415,OCMS-2020-10415,PMG-50415
PAI-00417,Substation Project 417 - Tamil Nadu,Ministry of Power,NHPC,Power,Tamil Nadu,Substation,2022-10-26,2023-05-23,2026-11-23,2026-12-20,399.85,399.85,PAI26-100416,OCMS-2021-10416,PMG-50416
PAI-00418,Dredging Project 418 - Chhattisgarh,"Ministry of Ports, Shipping & Waterways",IWAI,Ports & Waterways,Chhattisgarh,Dredging,2023-04-03,2023-10-21,2028-04-21,2028-04-21,337.98,348.14,PAI26-100417,OCMS-2022-10417,PMG-50417
PAI-00419,Airport Expansion Project 419 - Chhattisgarh,Ministry of Civil Aviation,AAI,Civil Aviation,Chhattisgarh,Airport Expansion,2022-09-11,2023-03-03,2025-11-03,2026-01-25,150.0,171.52,PAI26-100418,OCMS-2023-10418,PMG-50418
PAI-00420,Data Network Project 420 - Telangana,Ministry of Telecommunications,RailTel,Telecom,Telangana,Data Network,2022-04-30,2022-11-08,2024-12-08,2024-12-08,277.32,277.32,PAI26-100419,OCMS-2024-10419,PMG-50419
PAI-00421,Road Widening Project 421 - Andhra Pradesh,Ministry of Road Transport & Highways,MoRTH,Roads,Andhra Pradesh,Road Widening,2022-04-11,2022-12-22,2025-03-22,2025-03-22,329.36,337.4,PAI26-100420,OCMS-2018-10420,PMG-50420
PAI-00422,Bridge Project 422 - Sikkim,Ministry of Railways,IRCON,Railways,Sikkim,Bridge,2023-05-09,2023-11-13,2028-02-13,2028-03-02,255.08,255.08,PAI26-100421,OCMS-2019-10421,PMG-50421
PAI-00423,Grid Modernisation Project 423 - Punjab,Ministry of Power,NHPC,Power,Punjab,Grid Modernisation,2022-07-22,2022-12-11,2025-03-11,2025-05-06,150.0,161.01,PAI26-100422,OCMS-2020-10422,PMG-50422
PAI-00424,Inland Waterway Project 424 - Kerala,"Ministry of Ports, Shipping & Waterways",Sagarmala Development Corporation,Ports & Waterways,Kerala,Inland Waterway,2022-08-08,2022-11-25,2026-08-25,2026-11-24,150.0,176.82,PAI26-100423,OCMS-2021-10423,PMG-50423
PAI-00425,Air Navigation Project 425 - Haryana,Ministry of Civil Aviation,AAI,Civil Aviation,Haryana,Air Navigation,2023-04-28,2023-07-22,2026-12-22,2027-01-07,150.0,172.06,PAI26-100424,OCMS-2022-10424,PMG-50424
PAI-00426,Data Network Project 426 - Sikkim,Ministry of Telecommunications,Department of Telecommunications,Telecom,Sikkim,Data Network,2023-05-21,2023-11-20,2025-11-20,2026-01-26,359.86,410.52,PAI26-100425,OCMS-2023-10425,PMG-50425
PAI-00427,Road Widening Project 427 - Uttar Pradesh,Ministry of Road Transport & Highways,NHAI,Roads,Uttar Pradesh,Road Widening,2022-10-23,2023-03-11,2025-04-11,2026-03-08,180.34,257.19,PAI26-100426,OCMS-2024-10426,PMG-50426
PAI-00428,Bridge Project 428 - Kerala,Ministry of Railways,IRCON,Railways,Kerala,Bridge,2023-01-20,2023-07-25,2028-06-25,2028-06-25,150.0,157.81,PAI26-100427,OCMS-2018-10427,PMG-50427
PAI-00429,Substation Project 429 - Sikkim,Ministry of Power,NTPC,Power,Sikkim,Substation,2023-08-22,2024-04-28,2029-02-28,2029-04-22,150.0,156.27,PAI26-100428,OCMS-2019-10428,PMG-50428
PAI-00430,Dredging Project 430 - Telangana,"Ministry of Ports, Shipping & Waterways",Sagarmala Development Corporation,Ports & Waterways,Telangana,Dredging,2023-09-07,2024-05-07,2026-07-07,2026-08-25,150.0,152.69,PAI26-100429,OCMS-2020-10429,PMG-50429
PAI-00431,Airport Expansion Project 431 - West Bengal,Ministry of Civil Aviation,AAI,Civil Aviation,West Bengal,Airport Expansion,2022-02-07,2022-08-04,2026-03-04,2026-04-07,150.0,162.38,PAI26-100430,OCMS-2021-10430,PMG-50430
PAI-00432,Fiber Network Project 432 - Andhra Pradesh,Ministry of Telecommunications,Department of Telecommunications,Telecom,Andhra Pradesh,Fiber Network,2023-05-01,2023-12-12,2028-04-12,2028-06-30,360.73,397.01,PAI26-100431,OCMS-2022-10431,PMG-50431
PAI-00433,Road Widening Project 433 - Haryana,Ministry of Road Transport & Highways,NHIDCL,Roads,Haryana,Road Widening,2022-08-06,2023-05-12,2027-06-12,2027-08-10,150.0,167.77,PAI26-100432,OCMS-2023-10432,PMG-50432
PAI-00434,Rail Corridor Project 434 - Assam,Ministry of Railways,Indian Railways,Railways,Assam,Rail Corridor,2022-03-02,2022-11-23,2027-06-23,2027-11-10,180.98,220.94,PAI26-100433,OCMS-2024-10433,PMG-50433
PAI-00435,Grid Modernisation Project 435 - West Bengal,Ministry of Power,Power Grid Corporation,Power,West Bengal,Grid Modernisation,2022-08-16,2022-12-07,2025-02-07,2025-05-30,470.51,595.71,PAI26-100434,OCMS-2018-10434,PMG-50434
PAI-00436,Port Expansion Project 436 - Andhra Pradesh,"Ministry of Ports, Shipping & Waterways",IWAI,Ports & Waterways,Andhra Pradesh,Port Expansion,2023-03-06,2023-08-13,2025-12-13,2026-02-27,452.99,498.68,PAI26-100435,OCMS-2019-10435,PMG-50435
PAI-00437,Airport Expansion Project 437 - Assam,Ministry of Civil Aviation,AAI Engineering,Civil Aviation,Assam,Airport Expansion,2022-08-11,2023-01-09,2027-12-09,2027-12-09,304.25,306.52,PAI26-100436,OCMS-2020-10436,PMG-50436
PAI-00438,Tower Infrastructure Project 438 - Sikkim,Ministry of Telecommunications,RailTel,Telecom,Sikkim,Tower Infrastructure,2023-05-20,2023-09-30,2025-09-30,2025-12-14,150.0,153.83,PAI26-100437,OCMS-2021-10437,PMG-50437
PAI-00439,Bridge Project 439 - Kerala,Ministry of Road Transport & Highways,MoRTH,Roads,Kerala,Bridge,2022-09-07,2023-03-15,2026-10-15,2027-03-06,183.86,227.0,PAI26-100438,OCMS-2022-10438,PMG-50438
PAI-00440,Rail Corridor Project 440 - West Bengal,Ministry of Railways,Indian Railways,Railways,West Bengal,Rail Corridor,2023-03-31,2023-07-08,2027-12-08,2028-07-12,150.0,173.27,PAI26-100439,OCMS-2023-10439,PMG-50439
PAI-00441,Generation Project 441 - Jharkhand,Ministry of Power,Power Grid Corporation,Power,Jharkhand,Generation,2023-06-30,2024-04-05,2029-01-05,2029-02-05,816.66,863.63,PAI26-100440,OCMS-2024-10440,PMG-50440
PAI-00442,Dredging Project 442 - Chhattisgarh,"Ministry of Ports, Shipping & Waterways",IWAI,Ports & Waterways,Chhattisgarh,Dredging,2023-07-17,2024-01-23,2028-09-23,2028-09-23,198.9,206.78,PAI26-100441,OCMS-2018-10441,PMG-50441
PAI-00443,Airport Expansion Project 443 - Sikkim,Ministry of Civil Aviation,AAI Engineering,Civil Aviation,Sikkim,Airport Expansion,2023-02-10,2023-05-15,2028-04-15,2028-04-15,381.99,381.99,PAI26-100442,OCMS-2019-10442,PMG-50442
PAI-00444,Tower Infrastructure Project 444 - Uttar Pradesh,Ministry of Telecommunications,Department of Telecommunications,Telecom,Uttar Pradesh,Tower Infrastructure,2023-05-22,2023-11-11,2027-06-11,2027-06-11,150.0,154.37,PAI26-100443,OCMS-2020-10443,PMG-50443
PAI-00445,Road Widening Project 445 - Assam,Ministry of Road Transport & Highways,MoRTH,Roads,Assam,Road Widening,2023-05-17,2023-09-30,2027-08-30,2027-12-24,150.0,176.52,PAI26-100444,OCMS-2021-10444,PMG-50444
PAI-00446,Bridge Project 446 - Odisha,Ministry of Railways,IRCON,Railways,Odisha,Bridge,2022-01-20,2022-09-05,2027-08-05,2027-10-10,150.0,155.85,PAI26-100445,OCMS-2022-10445,PMG-50445
PAI-00447,Generation Project 447 - Madhya Pradesh,Ministry of Power,NTPC,Power,Madhya Pradesh,Generation,2022-01-03,2022-06-25,2025-04-25,2025-04-25,150.0,155.44,PAI26-100446,OCMS-2023-10446,PMG-50446
PAI-00448,Port Expansion Project 448 - Assam,"Ministry of Ports, Shipping & Waterways",Major Port Authority,Ports & Waterways,Assam,Port Expansion,2022-02-11,2022-08-25,2025-06-25,2025-10-24,150.0,187.03,PAI26-100447,OCMS-2024-10447,PMG-50447
PAI-00449,Airport Expansion Project 449 - Bihar,Ministry of Civil Aviation,AAI Engineering,Civil Aviation,Bihar,Airport Expansion,2023-03-17,2023-06-04,2025-09-04,2026-05-23,439.48,587.38,PAI26-100448,OCMS-2018-10448,PMG-50448
PAI-00450,Fiber Network Project 450 - Haryana,Ministry of Telecommunications,RailTel,Telecom,Haryana,Fiber Network,2023-07-13,2023-09-27,2025-12-27,2026-03-21,150.0,158.89,PAI26-100449,OCMS-2019-10449,PMG-50449
PAI-00451,National Highway Project 451 - Telangana,Ministry of Road Transport & Highways,NHIDCL,Roads,Telangana,National Highway,2023-08-05,2024-01-31,2027-10-31,2027-10-31,150.0,160.74,PAI26-100450,OCMS-2020-10450,PMG-50450
PAI-00452,Bridge Project 452 - Odisha,Ministry of Railways,RVNL,Railways,Odisha,Bridge,2022-12-12,2023-09-24,2025-09-24,2026-02-20,626.91,739.68,PAI26-100451,OCMS-2021-10451,PMG-50451
PAI-00453,Generation Project 453 - Rajasthan,Ministry of Power,Power Grid Corporation,Power,Rajasthan,Generation,2023-08-26,2024-03-23,2028-03-23,2028-05-03,150.0,158.4,PAI26-100452,OCMS-2022-10452,PMG-50452
PAI-00454,Dredging Project 454 - Bihar,"Ministry of Ports, Shipping & Waterways",Major Port Authority,Ports & Waterways,Bihar,Dredging,2022-05-25,2022-12-03,2027-10-03,2027-10-03,227.28,244.58,PAI26-100453,OCMS-2023-10453,PMG-50453
PAI-00455,Terminal Project 455 - Jharkhand,Ministry of Civil Aviation,Civil Aviation Authority,Civil Aviation,Jharkhand,Terminal,2022-12-17,2023-07-25,2027-06-25,2027-08-23,243.17,260.45,PAI26-100454,OCMS-2024-10454,PMG-50454
PAI-00456,Fiber Network Project 456 - Karnataka,Ministry of Telecommunications,BSNL,Telecom,Karnataka,Fiber Network,2022-05-23,2022-12-29,2025-07-29,2025-11-04,215.92,258.35,PAI26-100455,OCMS-2018-10455,PMG-50455
PAI-00457,Road Widening Project 457 - Uttarakhand,Ministry of Road Transport & Highways,NHAI,Roads,Uttarakhand,Road Widening,2023-02-18,2023-04-28,2026-09-28,2026-12-01,521.61,571.09,PAI26-100456,OCMS-2019-10456,PMG-50456
PAI-00458,Rail Corridor Project 458 - Telangana,Ministry of Railways,Indian Railways,Railways,Telangana,Rail Corridor,2023-01-22,2023-10-16,2028-03-16,2028-07-09,159.64,174.63,PAI26-100457,OCMS-2020-10457,PMG-50457
PAI-00459,Substation Project 459 - Odisha,Ministry of Power,NTPC,Power,Odisha,Substation,2022-12-29,2023-09-26,2026-07-26,2026-07-26,415.09,447.79,PAI26-100458,OCMS-2021-10458,PMG-50458
PAI-00460,Terminal Project 460 - Andhra Pradesh,"Ministry of Ports, Shipping & Waterways",Major Port Authority,Ports & Waterways,Andhra Pradesh,Terminal,2023-10-11,2024-01-08,2027-09-08,2027-10-26,233.14,250.8,PAI26-100459,OCMS-2022-10459,PMG-50459
PAI-00461,Air Navigation Project 461 - Punjab,Ministry of Civil Aviation,AAI Engineering,Civil Aviation,Punjab,Air Navigation,2023-10-14,2024-05-08,2026-06-08,2026-10-12,190.1,207.64,PAI26-100460,OCMS-2023-10460,PMG-50460
PAI-00462,Fiber Network Project 462 - Tamil Nadu,Ministry of Telecommunications,BSNL,Telecom,Tamil Nadu,Fiber Network,2022-04-08,2022-12-31,2026-01-31,2026-01-31,449.28,450.61,PAI26-100461,OCMS-2024-10461,PMG-50461
PAI-00463,Road Widening Project 463 - Andhra Pradesh,Ministry of Road Transport & Highways,NHAI,Roads,Andhra Pradesh,Road Widening,2023-07-10,2024-03-10,2026-08-10,2026-08-28,165.28,179.43,PAI26-100462,OCMS-2018-10462,PMG-50462
PAI-00464,Station Redevelopment Project 464 - Rajasthan,Ministry of Railways,RVNL,Railways,Rajasthan,Station Redevelopment,2023-11-22,2024-07-06,2028-07-06,2029-05-03,290.92,426.43,PAI26-100463,OCMS-2019-10463,PMG-50463
PAI-00465,Grid Modernisation Project 465 - Punjab,Ministry of Power,NHPC,Power,Punjab,Grid Modernisation,2022-12-16,2023-08-18,2026-12-18,2027-08-24,223.58,319.32,PAI26-100464,OCMS-2020-10464,PMG-50464
PAI-00466,Dredging Project 466 - Maharashtra,"Ministry of Ports, Shipping & Waterways",Sagarmala Development Corporation,Ports & Waterways,Maharashtra,Dredging,2022-11-12,2023-04-09,2025-11-09,2025-12-12,736.6,772.64,PAI26-100465,OCMS-2021-10465,PMG-50465
PAI-00467,Air Navigation Project 467 - Punjab,Ministry of Civil Aviation,AAI,Civil Aviation,Punjab,Air Navigation,2023-08-27,2024-04-01,2027-11-01,2027-11-01,165.7,174.42,PAI26-100466,OCMS-2022-10466,PMG-50466
PAI-00468,Tower Infrastructure Project 468 - Gujarat,Ministry of Telecommunications,Department of Telecommunications,Telecom,Gujarat,Tower Infrastructure,2023-12-03,2024-08-09,2029-02-09,2029-05-15,214.66,257.9,PAI26-100467,OCMS-2023-10467,PMG-50467
PAI-00469,National Highway Project 469 - Odisha,Ministry of Road Transport & Highways,NHAI,Roads,Odisha,National Highway,2022-02-25,2022-11-14,2026-01-14,2026-02-24,150.0,151.73,PAI26-100468,OCMS-2024-10468,PMG-50468
PAI-00470,Rail Corridor Project 470 - West Bengal,Ministry of Railways,Indian Railways,Railways,West Bengal,Rail Corridor,2022-01-24,2022-10-31,2027-08-31,2027-08-31,150.0,153.66,PAI26-100469,OCMS-2018-10469,PMG-50469
PAI-00471,Grid Modernisation Project 471 - Telangana,Ministry of Power,Power Grid Corporation,Power,Telangana,Grid Modernisation,2023-08-01,2024-04-21,2027-01-21,2027-03-09,150.0,154.38,PAI26-100470,OCMS-2019-10470,PMG-50470
PAI-00472,Dredging Project 472 - Uttarakhand,"Ministry of Ports, Shipping & Waterways",Major Port Authority,Ports & Waterways,Uttarakhand,Dredging,2022-07-19,2023-01-14,2027-03-14,2027-04-21,150.0,150.0,PAI26-100471,OCMS-2020-10471,PMG-50471
PAI-00473,Terminal Project 473 - Madhya Pradesh,Ministry of Civil Aviation,AAI,Civil Aviation,Madhya Pradesh,Terminal,2022-10-23,2023-07-15,2025-12-15,2026-01-28,197.83,215.42,PAI26-100472,OCMS-2021-10472,PMG-50472
PAI-00474,Tower Infrastructure Project 474 - Assam,Ministry of Telecommunications,RailTel,Telecom,Assam,Tower Infrastructure,2022-10-09,2023-07-06,2026-02-06,2026-04-17,346.99,346.99,PAI26-100473,OCMS-2022-10473,PMG-50473
PAI-00475,Road Widening Project 475 - Gujarat,Ministry of Road Transport & Highways,NHAI,Roads,Gujarat,Road Widening,2023-05-27,2024-03-18,2029-01-18,2029-03-06,177.8,191.12,PAI26-100474,OCMS-2023-10474,PMG-50474
PAI-00476,Station Redevelopment Project 476 - Uttar Pradesh,Ministry of Railways,Indian Railways,Railways,Uttar Pradesh,Station Redevelopment,2023-09-13,2023-12-30,2027-06-30,2027-09-15,150.0,150.0,PAI26-100475,OCMS-2024-10475,PMG-50475
PAI-00477,Transmission Project 477 - Odisha,Ministry of Power,NTPC,Power,Odisha,Transmission,2022-05-04,2022-07-31,2025-06-30,2025-07-23,328.02,328.02,PAI26-100476,OCMS-2018-10476,PMG-50476
PAI-00478,Port Expansion Project 478 - Odisha,"Ministry of Ports, Shipping & Waterways",IWAI,Ports & Waterways,Odisha,Port Expansion,2023-08-28,2023-11-04,2028-10-04,2028-11-28,150.18,156.49,PAI26-100477,OCMS-2019-10477,PMG-50477
PAI-00479,Runway Project 479 - Odisha,Ministry of Civil Aviation,AAI Engineering,Civil Aviation,Odisha,Runway,2023-02-22,2023-05-17,2026-10-17,2026-12-08,304.16,326.37,PAI26-100478,OCMS-2020-10478,PMG-50478
PAI-00480,Data Network Project 480 - Haryana,Ministry of Telecommunications,Department of Telecommunications,Telecom,Haryana,Data Network,2022-11-20,2023-07-11,2026-06-11,2026-11-21,302.69,383.24,PAI26-100479,OCMS-2021-10479,PMG-50479
PAI-00481,Expressway Project 481 - Punjab,Ministry of Road Transport & Highways,MoRTH,Roads,Punjab,Expressway,2023-07-07,2023-10-28,2028-06-28,2028-08-08,340.64,383.48,PAI26-100480,OCMS-2022-10480,PMG-50480
PAI-00482,Bridge Project 482 - Kerala,Ministry of Railways,RVNL,Railways,Kerala,Bridge,2023-04-22,2023-07-30,2025-10-30,2026-02-28,150.0,184.07,PAI26-100481,OCMS-2023-10481,PMG-50481
PAI-00483,Transmission Project 483 - Rajasthan,Ministry of Power,NTPC,Power,Rajasthan,Transmission,2023-08-29,2024-06-21,2028-05-21,2028-05-21,190.71,203.42,PAI26-100482,OCMS-2024-10482,PMG-50482
PAI-00484,Dredging Project 484 - Odisha,"Ministry of Ports, Shipping & Waterways",Sagarmala Development Corporation,Ports & Waterways,Odisha,Dredging,2023-09-02,2024-02-17,2027-04-17,2027-07-21,947.49,971.3,PAI26-100483,OCMS-2018-10483,PMG-50483
PAI-00485,Air Navigation Project 485 - Odisha,Ministry of Civil Aviation,AAI Engineering,Civil Aviation,Odisha,Air Navigation,2022-11-24,2023-03-06,2025-04-06,2025-12-18,150.0,211.27,PAI26-100484,OCMS-2019-10484,PMG-50484
PAI-00486,Data Network Project 486 - Odisha,Ministry of Telecommunications,Department of Telecommunications,Telecom,Odisha,Data Network,2022-09-15,2022-12-06,2027-05-06,2027-07-30,725.7,877.84,PAI26-100485,OCMS-2020-10485,PMG-50485
PAI-00487,National Highway Project 487 - Rajasthan,Ministry of Road Transport & Highways,MoRTH,Roads,Rajasthan,National Highway,2022-01-08,2022-07-16,2025-05-16,2025-08-25,281.1,310.98,PAI26-100486,OCMS-2021-10486,PMG-50486
PAI-00488,Electrification Project 488 - Karnataka,Ministry of Railways,Indian Railways,Railways,Karnataka,Electrification,2023-10-22,2024-01-13,2027-02-13,2027-05-10,210.24,210.24,PAI26-100487,OCMS-2022-10487,PMG-50487
PAI-00489,Generation Project 489 - Maharashtra,Ministry of Power,NHPC,Power,Maharashtra,Generation,2023-11-12,2024-05-15,2027-04-15,2027-05-04,190.2,209.83,PAI26-100488,OCMS-2023-10488,PMG-50488
PAI-00490,Terminal Project 490 - Haryana,"Ministry of Ports, Shipping & Waterways",IWAI,Ports & Waterways,Haryana,Terminal,2022-03-01,2022-11-25,2027-02-25,2027-03-08,460.21,460.21,PAI26-100489,OCMS-2024-10489,PMG-50489
PAI-00491,Airport Expansion Project 491 - Uttarakhand,Ministry of Civil Aviation,Civil Aviation Authority,Civil Aviation,Uttarakhand,Airport Expansion,2022-11-16,2023-03-19,2026-04-19,2026-04-19,305.45,314.35,PAI26-100490,OCMS-2018-10490,PMG-50490
PAI-00492,Fiber Network Project 492 - Haryana,Ministry of Telecommunications,Department of Telecommunications,Telecom,Haryana,Fiber Network,2022-11-20,2023-07-16,2027-01-16,2027-01-26,150.0,150.0,PAI26-100491,OCMS-2019-10491,PMG-50491
PAI-00493,Bridge Project 493 - Uttarakhand,Ministry of Road Transport & Highways,NHAI,Roads,Uttarakhand,Bridge,2023-02-28,2023-10-23,2026-03-23,2026-06-12,150.0,150.0,PAI26-100492,OCMS-2020-10492,PMG-50492
PAI-00494,Rail Corridor Project 494 - Tamil Nadu,Ministry of Railways,IRCON,Railways,Tamil Nadu,Rail Corridor,2022-11-25,2023-03-19,2027-06-19,2027-08-27,150.0,166.28,PAI26-100493,OCMS-2021-10493,PMG-50493
PAI-00495,Generation Project 495 - Uttarakhand,Ministry of Power,Power Grid Corporation,Power,Uttarakhand,Generation,2023-02-14,2023-09-13,2027-03-13,2027-04-04,154.38,162.03,PAI26-100494,OCMS-2022-10494,PMG-50494
PAI-00496,Port Expansion Project 496 - Andhra Pradesh,"Ministry of Ports, Shipping & Waterways",Sagarmala Development Corporation,Ports & Waterways,Andhra Pradesh,Port Expansion,2022-09-22,2022-12-01,2025-04-01,2025-04-07,222.62,241.88,PAI26-100495,OCMS-2023-10495,PMG-50495
PAI-00497,Airport Expansion Project 497 - Karnataka,Ministry of Civil Aviation,AAI Engineering,Civil Aviation,Karnataka,Airport Expansion,2022-01-13,2022-07-25,2024-12-25,2025-01-25,150.0,165.23,PAI26-100496,OCMS-2024-10496,PMG-50496
PAI-00498,5G Infrastructure Project 498 - Chhattisgarh,Ministry of Telecommunications,RailTel,Telecom,Chhattisgarh,5G Infrastructure,2023-10-11,2024-07-21,2028-09-21,2028-10-24,162.04,175.06,PAI26-100497,OCMS-2018-10497,PMG-50497
PAI-00499,Road Widening Project 499 - Uttarakhand,Ministry of Road Transport & Highways,MoRTH,Roads,Uttarakhand,Road Widening,2022-07-31,2022-11-29,2025-07-29,2025-07-29,167.96,173.16,PAI26-100498,OCMS-2019-10498,PMG-50498
PAI-00500,Station Redevelopment Project 500 - Punjab,Ministry of Railways,Indian Railways,Railways,Punjab,Station Redevelopment,2023-09-14,2024-06-23,2026-08-23,2026-09-07,239.19,255.27,PAI26-100499,OCMS-2020-10499,PMG-50499
PAI-00501,Grid Modernisation Project 501 - Punjab,Ministry of Power,NTPC,Power,Punjab,Grid Modernisation,2023-07-14,2024-04-14,2028-08-14,2028-11-08,261.24,294.29,PAI26-100500,OCMS-2021-10500,PMG-50500
PAI-00502,Terminal Project 502 - Uttarakhand,"Ministry of Ports, Shipping & Waterways",Major Port Authority,Ports & Waterways,Uttarakhand,Terminal,2023-11-20,2024-07-20,2026-08-20,2026-09-17,150.0,152.83,PAI26-100501,OCMS-2022-10501,PMG-50501
PAI-00503,Air Navigation Project 503 - Odisha,Ministry of Civil Aviation,AAI,Civil Aviation,Odisha,Air Navigation,2023-04-20,2023-12-19,2027-08-19,2028-05-13,150.0,196.31,PAI26-100502,OCMS-2023-10502,PMG-50502
PAI-00504,Tower Infrastructure Project 504 - Telangana,Ministry of Telecommunications,RailTel,Telecom,Telangana,Tower Infrastructure,2022-12-25,2023-07-25,2027-02-25,2027-10-22,150.0,197.03,PAI26-100503,OCMS-2024-10503,PMG-50503
PAI-00505,Expressway Project 505 - Uttar Pradesh,Ministry of Road Transport & Highways,MoRTH,Roads,Uttar Pradesh,Expressway,2022-11-10,2023-06-23,2026-06-23,2026-09-11,385.13,448.7,PAI26-100504,OCMS-2018-10504,PMG-50504
PAI-00506,Rail Corridor Project 506 - Madhya Pradesh,Ministry of Railways,RVNL,Railways,Madhya Pradesh,Rail Corridor,2023-01-28,2023-09-26,2028-04-26,2028-06-01,201.51,201.51,PAI26-100505,OCMS-2019-10505,PMG-50505
PAI-00507,Substation Project 507 - Jharkhand,Ministry of Power,Power Grid Corporation,Power,Jharkhand,Substation,2023-02-15,2023-09-07,2025-09-07,2025-09-07,375.95,389.56,PAI26-100506,OCMS-2020-10506,PMG-50506
PAI-00508,Dredging Project 508 - Jharkhand,"Ministry of Ports, Shipping & Waterways",Sagarmala Development Corporation,Ports & Waterways,Jharkhand,Dredging,2022-07-15,2023-03-02,2026-08-02,2027-04-21,208.35,289.21,PAI26-100507,OCMS-2021-10507,PMG-50507
PAI-00509,Terminal Project 509 - Uttar Pradesh,Ministry of Civil Aviation,AAI Engineering,Civil Aviation,Uttar Pradesh,Terminal,2023-11-13,2024-06-26,2027-07-26,2027-09-27,150.0,169.7,PAI26-100508,OCMS-2022-10508,PMG-50508
PAI-00510,Data Network Project 510 - Maharashtra,Ministry of Telecommunications,Department of Telecommunications,Telecom,Maharashtra,Data Network,2023-06-22,2024-02-23,2027-12-23,2028-01-26,150.0,176.73,PAI26-100509,OCMS-2023-10509,PMG-50509
PAI-00511,Bridge Project 511 - Chhattisgarh,Ministry of Road Transport & Highways,MoRTH,Roads,Chhattisgarh,Bridge,2023-04-12,2023-11-26,2026-07-26,2026-07-31,150.0,150.57,PAI26-100510,OCMS-2024-10510,PMG-50510
PAI-00512,Electrification Project 512 - Assam,Ministry of Railways,Indian Railways,Railways,Assam,Electrification,2023-02-01,2023-10-18,2026-04-18,2026-07-14,300.19,311.96,PAI26-100511,OCMS-2018-10511,PMG-50511
PAI-00513,Substation Project 513 - Assam,Ministry of Power,NTPC,Power,Assam,Substation,2023-10-19,2024-01-22,2028-04-22,2028-05-27,168.0,173.12,PAI26-100512,OCMS-2019-10512,PMG-50512
PAI-00514,Dredging Project 514 - Tamil Nadu,"Ministry of Ports, Shipping & Waterways",Sagarmala Development Corporation,Ports & Waterways,Tamil Nadu,Dredging,2023-06-14,2023-10-30,2028-10-30,2028-11-24,216.58,240.48,PAI26-100513,OCMS-2020-10513,PMG-50513
PAI-00515,Terminal Project 515 - Assam,Ministry of Civil Aviation,Civil Aviation Authority,Civil Aviation,Assam,Terminal,2022-10-05,2023-05-25,2025-10-25,2025-12-10,150.0,166.75,PAI26-100514,OCMS-2021-10514,PMG-50514
PAI-00516,5G Infrastructure Project 516 - Jharkhand,Ministry of Telecommunications,RailTel,Telecom,Jharkhand,5G Infrastructure,2023-10-03,2024-01-17,2027-10-17,2028-04-06,150.0,191.82,PAI26-100515,OCMS-2022-10515,PMG-50515
PAI-00517,Bridge Project 517 - Haryana,Ministry of Road Transport & Highways,NHAI,Roads,Haryana,Bridge,2022-07-04,2023-04-19,2025-09-19,2026-04-03,191.99,228.46,PAI26-100516,OCMS-2023-10516,PMG-50516
PAI-00518,Station Redevelopment Project 518 - Karnataka,Ministry of Railways,Indian Railways,Railways,Karnataka,Station Redevelopment,2022-11-09,2023-08-17,2026-01-17,2026-02-10,156.8,162.14,PAI26-100517,OCMS-2024-10517,PMG-50517
PAI-00519,Substation Project 519 - Karnataka,Ministry of Power,Power Grid Corporation,Power,Karnataka,Substation,2022-12-03,2023-07-13,2026-07-13,2026-12-18,150.0,168.59,PAI26-100518,OCMS-2018-10518,PMG-50518
PAI-00520,Inland Waterway Project 520 - Rajasthan,"Ministry of Ports, Shipping & Waterways",IWAI,Ports & Waterways,Rajasthan,Inland Waterway,2022-10-31,2023-08-19,2026-09-19,2027-07-03,150.0,206.99,PAI26-100519,OCMS-2019-10519,PMG-50519
PAI-00521,Runway Project 521 - Kerala,Ministry of Civil Aviation,Civil Aviation Authority,Civil Aviation,Kerala,Runway,2022-09-09,2023-01-19,2025-07-19,2025-07-22,261.66,261.66,PAI26-100520,OCMS-2020-10520,PMG-50520
PAI-00522,Tower Infrastructure Project 522 - Odisha,Ministry of Telecommunications,RailTel,Telecom,Odisha,Tower Infrastructure,2023-03-05,2023-12-10,2027-01-10,2027-01-18,150.0,150.0,PAI26-100521,OCMS-2021-10521,PMG-50521
PAI-00523,Road Widening Project 523 - Uttarakhand,Ministry of Road Transport & Highways,NHIDCL,Roads,Uttarakhand,Road Widening,2023-07-27,2023-12-13,2027-08-13,2027-10-27,150.0,171.05,PAI26-100522,OCMS-2022-10522,PMG-50522
PAI-00524,Station Redevelopment Project 524 - Uttarakhand,Ministry of Railways,IRCON,Railways,Uttarakhand,Station Redevelopment,2022-12-16,2023-09-03,2028-07-03,2028-08-16,183.2,183.2,PAI26-100523,OCMS-2023-10523,PMG-50523
PAI-00525,Grid Modernisation Project 525 - Andhra Pradesh,Ministry of Power,NHPC,Power,Andhra Pradesh,Grid Modernisation,2023-08-25,2024-02-18,2027-06-18,2027-10-31,154.78,189.53,PAI26-100524,OCMS-2024-10524,PMG-50524
PAI-00526,Port Expansion Project 526 - Sikkim,"Ministry of Ports, Shipping & Waterways",IWAI,Ports & Waterways,Sikkim,Port Expansion,2022-12-26,2023-10-16,2026-10-16,2026-12-25,167.98,192.93,PAI26-100525,OCMS-2018-10525,PMG-50525
PAI-00527,Runway Project 527 - Punjab,Ministry of Civil Aviation,AAI,Civil Aviation,Punjab,Runway,2022-08-07,2023-03-06,2027-08-06,2027-08-06,217.75,233.3,PAI26-100526,OCMS-2019-10526,PMG-50526
PAI-00528,Fiber Network Project 528 - Sikkim,Ministry of Telecommunications,Department of Telecommunications,Telecom,Sikkim,Fiber Network,2023-10-04,2024-07-26,2027-09-26,2027-12-19,194.64,206.89,PAI26-100527,OCMS-2020-10527,PMG-50527
PAI-00529,National Highway Project 529 - Telangana,Ministry of Road Transport & Highways,NHIDCL,Roads,Telangana,National Highway,2023-05-07,2024-01-24,2028-07-24,2028-08-22,150.0,163.5,PAI26-100528,OCMS-2021-10528,PMG-50528
PAI-00530,Bridge Project 530 - Karnataka,Ministry of Railways,IRCON,Railways,Karnataka,Bridge,2022-02-18,2022-08-17,2027-04-17,2027-05-03,150.0,153.11,PAI26-100529,OCMS-2022-10529,PMG-50529
PAI-00531,Transmission Project 531 - Madhya Pradesh,Ministry of Power,Power Grid Corporation,Power,Madhya Pradesh,Transmission,2023-02-02,2023-04-04,2027-11-04,2028-03-05,150.0,166.27,PAI26-100530,OCMS-2023-10530,PMG-50530
PAI-00532,Dredging Project 532 - Assam,"Ministry of Ports, Shipping & Waterways",IWAI,Ports & Waterways,Assam,Dredging,2023-06-22,2023-11-23,2028-04-23,2028-05-28,150.0,159.64,PAI26-100531,OCMS-2024-10531,PMG-50531
PAI-00533,Airport Expansion Project 533 - Gujarat,Ministry of Civil Aviation,Civil Aviation Authority,Civil Aviation,Gujarat,Airport Expansion,2023-11-08,2024-07-18,2028-06-18,2028-11-15,310.98,370.52,PAI26-100532,OCMS-2018-10532,PMG-50532
PAI-00534,Fiber Network Project 534 - Karnataka,Ministry of Telecommunications,Department of Telecommunications,Telecom,Karnataka,Fiber Network,2023-05-18,2023-10-26,2026-10-26,2026-11-10,183.43,195.5,PAI26-100533,OCMS-2019-10533,PMG-50533
PAI-00535,Road Widening Project 535 - Gujarat,Ministry of Road Transport & Highways,MoRTH,Roads,Gujarat,Road Widening,2022-11-30,2023-07-05,2026-04-05,2027-01-16,150.0,199.77,PAI26-100534,OCMS-2020-10534,PMG-50534
PAI-00536,Station Redevelopment Project 536 - Bihar,Ministry of Railways,RVNL,Railways,Bihar,Station Redevelopment,2022-10-04,2023-05-12,2025-05-12,2025-07-31,150.0,163.0,PAI26-100535,OCMS-2021-10535,PMG-50535
PAI-00537,Generation Project 537 - West Bengal,Ministry of Power,NTPC,Power,West Bengal,Generation,2022-10-20,2022-12-22,2027-11-22,2027-11-22,151.04,153.57,PAI26-100536,OCMS-2022-10536,PMG-50536
PAI-00538,Terminal Project 538 - Punjab,"Ministry of Ports, Shipping & Waterways",Major Port Authority,Ports & Waterways,Punjab,Terminal,2023-12-08,2024-08-20,2028-12-20,2029-02-10,150.0,162.24,PAI26-100537,OCMS-2023-10537,PMG-50537
PAI-00539,Terminal Project 539 - Andhra Pradesh,Ministry of Civil Aviation,AAI,Civil Aviation,Andhra Pradesh,Terminal,2023-02-18,2023-05-05,2027-04-05,2027-08-23,157.2,198.26,PAI26-100538,OCMS-2024-10538,PMG-50538
PAI-00540,Fiber Network Project 540 - Jharkhand,Ministry of Telecommunications,Department of Telecommunications,Telecom,Jharkhand,Fiber Network,2022-06-10,2023-02-12,2027-04-12,2028-02-12,294.49,409.04,PAI26-100539,OCMS-2018-10539,PMG-50539
PAI-00541,Bridge Project 541 - Haryana,Ministry of Road Transport & Highways,NHAI,Roads,Haryana,Bridge,2023-02-16,2023-11-25,2028-03-25,2028-04-17,150.0,161.15,PAI26-100540,OCMS-2019-10540,PMG-50540
PAI-00542,Bridge Project 542 - Karnataka,Ministry of Railways,RVNL,Railways,Karnataka,Bridge,2023-10-20,2024-01-10,2027-12-10,2028-10-03,158.93,233.59,PAI26-100541,OCMS-2020-10541,PMG-50541
PAI-00543,Generation Project 543 - Gujarat,Ministry of Power,NHPC,Power,Gujarat,Generation,2022-12-06,2023-06-23,2028-05-23,2028-06-02,150.0,157.98,PAI26-100542,OCMS-2021-10542,PMG-50542
PAI-00544,Terminal Project 544 - Madhya Pradesh,"Ministry of Ports, Shipping & Waterways",Sagarmala Development Corporation,Ports & Waterways,Madhya Pradesh,Terminal,2022-10-04,2022-12-03,2027-09-03,2027-09-03,179.38,179.38,PAI26-100543,OCMS-2022-10543,PMG-50543
PAI-00545,Terminal Project 545 - Chhattisgarh,Ministry of Civil Aviation,AAI Engineering,Civil Aviation,Chhattisgarh,Terminal,2023-03-01,2023-12-05,2026-03-05,2026-04-10,150.0,155.45,PAI26-100544,OCMS-2023-10544,PMG-50544
PAI-00546,Data Network Project 546 - Chhattisgarh,Ministry of Telecommunications,Department of Telecommunications,Telecom,Chhattisgarh,Data Network,2022-01-30,2022-04-23,2024-06-23,2024-06-27,167.17,175.02,PAI26-100545,OCMS-2024-10545,PMG-50545
PAI-00547,Expressway Project 547 - Kerala,Ministry of Road Transport & Highways,NHAI,Roads,Kerala,Expressway,2022-03-31,2022-10-29,2027-09-29,2027-11-30,221.94,231.29,PAI26-100546,OCMS-2018-10546,PMG-50546
PAI-00548,Electrification Project 548 - West Bengal,Ministry of Railways,IRCON,Railways,West Bengal,Electrification,2022-10-23,2023-04-23,2027-05-23,2027-05-23,150.0,159.9,PAI26-100547,OCMS-2019-10547,PMG-50547
PAI-00549,Grid Modernisation Project 549 - Assam,Ministry of Power,NTPC,Power,Assam,Grid Modernisation,2023-08-14,2024-03-12,2027-08-12,2027-11-12,866.46,1071.14,PAI26-100548,OCMS-2020-10548,PMG-50548
PAI-00550,Inland Waterway Project 550 - Andhra Pradesh,"Ministry of Ports, Shipping & Waterways",Sagarmala Development Corporation,Ports & Waterways,Andhra Pradesh,Inland Waterway,2022-04-23,2022-09-25,2027-02-25,2027-06-20,160.69,197.92,PAI26-100549,OCMS-2021-10549,PMG-50549
PAI-00551,Airport Expansion Project 551 - Assam,Ministry of Civil Aviation,Civil Aviation Authority,Civil Aviation,Assam,Airport Expansion,2023-08-21,2024-04-22,2028-03-22,2028-04-26,150.0,165.3,PAI26-100550,OCMS-2022-10550,PMG-50550
PAI-00552,5G Infrastructure Project 552 - Chhattisgarh,Ministry of Telecommunications,BSNL,Telecom,Chhattisgarh,5G Infrastructure,2022-12-16,2023-05-13,2026-12-13,2027-03-09,150.0,168.56,PAI26-100551,OCMS-2023-10551,PMG-50551
PAI-00553,Road Widening Project 553 - Sikkim,Ministry of Road Transport & Highways,NHAI,Roads,Sikkim,Road Widening,2022-04-06,2023-01-21,2026-11-21,2027-05-17,180.76,219.56,PAI26-100552,OCMS-2024-10552,PMG-50552
PAI-00554,Bridge Project 554 - Rajasthan,Ministry of Railways,IRCON,Railways,Rajasthan,Bridge,2022-11-01,2023-07-17,2027-05-17,2027-05-17,356.71,392.95,PAI26-100553,OCMS-2018-10553,PMG-50553
PAI-00555,Transmission Project 555 - Assam,Ministry of Power,NHPC,Power,Assam,Transmission,2023-02-05,2023-07-24,2027-09-24,2027-11-28,290.67,310.77,PAI26-100554,OCMS-2019-10554,PMG-50554
PAI-00556,Port Expansion Project 556 - Punjab,"Ministry of Ports, Shipping & Waterways",IWAI,Ports & Waterways,Punjab,Port Expansion,2022-01-02,2022-09-14,2025-04-14,2025-05-09,1060.54,1104.81,PAI26-100555,OCMS-2020-10555,PMG-50555
PAI-00557,Air Navigation Project 557 - Gujarat,Ministry of Civil Aviation,AAI,Civil Aviation,Gujarat,Air Navigation,2022-07-09,2023-04-06,2028-02-06,2028-03-30,150.0,168.29,PAI26-100556,OCMS-2021-10556,PMG-50556
PAI-00558,Data Network Project 558 - Karnataka,Ministry of Telecommunications,Department of Telecommunications,Telecom,Karnataka,Data Network,2022-11-13,2023-08-08,2026-03-08,2026-03-29,150.0,152.47,PAI26-100557,OCMS-2022-10557,PMG-50557
PAI-00559,National Highway Project 559 - Andhra Pradesh,Ministry of Road Transport & Highways,MoRTH,Roads,Andhra Pradesh,National Highway,2022-02-01,2022-11-05,2026-04-05,2026-05-29,658.64,731.93,PAI26-100558,OCMS-2023-10558,PMG-50558
PAI-00560,Rail Corridor Project 560 - Maharashtra,Ministry of Railways,IRCON,Railways,Maharashtra,Rail Corridor,2023-07-10,2023-09-09,2025-09-09,2025-09-09,150.0,164.6,PAI26-100559,OCMS-2024-10559,PMG-50559
PAI-00561,Generation Project 561 - Haryana,Ministry of Power,NHPC,Power,Haryana,Generation,2023-01-27,2023-06-21,2028-04-21,2028-04-30,150.0,160.43,PAI26-100560,OCMS-2018-10560,PMG-50560
PAI-00562,Port Expansion Project 562 - Chhattisgarh,"Ministry of Ports, Shipping & Waterways",IWAI,Ports & Waterways,Chhattisgarh,Port Expansion,2023-11-30,2024-08-24,2029-07-24,2030-03-07,150.0,207.75,PAI26-100561,OCMS-2019-10561,PMG-50561
PAI-00563,Airport Expansion Project 563 - Karnataka,Ministry of Civil Aviation,AAI Engineering,Civil Aviation,Karnataka,Airport Expansion,2022-05-28,2022-11-07,2027-03-07,2027-03-20,170.06,187.09,PAI26-100562,OCMS-2020-10562,PMG-50562
PAI-00564,Fiber Network Project 564 - Chhattisgarh,Ministry of Telecommunications,RailTel,Telecom,Chhattisgarh,Fiber Network,2023-06-13,2024-01-20,2027-06-20,2027-07-03,517.02,528.41,PAI26-100563,OCMS-2021-10563,PMG-50563
PAI-00565,Expressway Project 565 - Sikkim,Ministry of Road Transport & Highways,NHIDCL,Roads,Sikkim,Expressway,2023-05-24,2023-11-25,2027-02-25,2027-04-23,597.55,691.02,PAI26-100564,OCMS-2022-10564,PMG-50564
PAI-00566,Rail Corridor Project 566 - Karnataka,Ministry of Railways,Indian Railways,Railways,Karnataka,Rail Corridor,2023-04-22,2023-12-19,2026-12-19,2027-06-15,295.82,376.41,PAI26-100565,OCMS-2023-10565,PMG-50565
PAI-00567,Generation Project 567 - Rajasthan,Ministry of Power,Power Grid Corporation,Power,Rajasthan,Generation,2022-07-20,2023-01-10,2026-03-10,2026-04-28,153.14,170.68,PAI26-100566,OCMS-2024-10566,PMG-50566
PAI-00568,Port Expansion Project 568 - Punjab,"Ministry of Ports, Shipping & Waterways",Sagarmala Development Corporation,Ports & Waterways,Punjab,Port Expansion,2023-10-02,2024-02-07,2026-09-07,2026-10-07,385.44,409.3,PAI26-100567,OCMS-2018-10567,PMG-50567
PAI-00569,Terminal Project 569 - Telangana,Ministry of Civil Aviation,AAI Engineering,Civil Aviation,Telangana,Terminal,2023-12-09,2024-09-30,2027-08-30,2027-11-23,155.88,164.92,PAI26-100568,OCMS-2019-10568,PMG-50568
PAI-00570,Fiber Network Project 570 - Jharkhand,Ministry of Telecommunications,RailTel,Telecom,Jharkhand,Fiber Network,2023-11-09,2024-05-01,2027-02-01,2027-03-24,172.18,181.95,PAI26-100569,OCMS-2020-10569,PMG-50569
PAI-00571,National Highway Project 571 - Rajasthan,Ministry of Road Transport & Highways,NHAI,Roads,Rajasthan,National Highway,2023-08-13,2024-05-12,2026-09-12,2027-01-23,204.31,238.22,PAI26-100570,OCMS-2021-10570,PMG-50570
PAI-00572,Station Redevelopment Project 572 - Uttar Pradesh,Ministry of Railways,IRCON,Railways,Uttar Pradesh,Station Redevelopment,2023-07-09,2023-12-11,2028-05-11,2028-05-11,592.42,595.43,PAI26-100571,OCMS-2022-10571,PMG-50571
PAI-00573,Generation Project 573 - Sikkim,Ministry of Power,NHPC,Power,Sikkim,Generation,2023-01-14,2023-11-03,2027-12-03,2028-05-26,150.0,178.36,PAI26-100572,OCMS-2023-10572,PMG-50572
PAI-00574,Terminal Project 574 - Madhya Pradesh,"Ministry of Ports, Shipping & Waterways",IWAI,Ports & Waterways,Madhya Pradesh,Terminal,2022-04-06,2022-09-02,2025-04-02,2025-05-24,161.04,163.59,PAI26-100573,OCMS-2024-10573,PMG-50573
PAI-00575,Runway Project 575 - Odisha,Ministry of Civil Aviation,AAI Engineering,Civil Aviation,Odisha,Runway,2022-05-18,2023-03-03,2026-01-03,2026-01-03,172.09,182.68,PAI26-100574,OCMS-2018-10574,PMG-50574
PAI-00576,Tower Infrastructure Project 576 - Madhya Pradesh,Ministry of Telecommunications,BSNL,Telecom,Madhya Pradesh,Tower Infrastructure,2023-08-27,2024-04-23,2028-03-23,2028-05-18,150.0,160.19,PAI26-100575,OCMS-2019-10575,PMG-50575
PAI-00577,National Highway Project 577 - Sikkim,Ministry of Road Transport & Highways,NHIDCL,Roads,Sikkim,National Highway,2023-05-31,2023-11-29,2026-01-29,2026-04-04,415.9,454.02,PAI26-100576,OCMS-2020-10576,PMG-50576
PAI-00578,Rail Corridor Project 578 - Odisha,Ministry of Railways,Indian Railways,Railways,Odisha,Rail Corridor,2023-10-12,2024-06-10,2029-01-10,2029-03-03,150.0,161.27,PAI26-100577,OCMS-2021-10577,PMG-50577
PAI-00579,Generation Project 579 - Chhattisgarh,Ministry of Power,NHPC,Power,Chhattisgarh,Generation,2022-08-31,2023-02-02,2025-05-02,2025-06-27,333.33,338.57,PAI26-100578,OCMS-2022-10578,PMG-50578
PAI-00580,Dredging Project 580 - Assam,"Ministry of Ports, Shipping & Waterways",IWAI,Ports & Waterways,Assam,Dredging,2023-06-16,2023-12-08,2026-12-08,2026-12-11,883.54,890.75,PAI26-100579,OCMS-2023-10579,PMG-50579
PAI-00581,Airport Expansion Project 581 - Karnataka,Ministry of Civil Aviation,AAI,Civil Aviation,Karnataka,Airport Expansion,2022-02-13,2022-06-06,2026-11-06,2026-11-06,204.39,212.48,PAI26-100580,OCMS-2024-10580,PMG-50580
PAI-00582,5G Infrastructure Project 582 - Sikkim,Ministry of Telecommunications,Department of Telecommunications,Telecom,Sikkim,5G Infrastructure,2022-07-28,2023-01-05,2027-03-05,2027-06-16,155.12,157.63,PAI26-100581,OCMS-2018-10581,PMG-50581
PAI-00583,Road Widening Project 583 - Gujarat,Ministry of Road Transport & Highways,NHAI,Roads,Gujarat,Road Widening,2022-12-12,2023-02-20,2025-03-20,2025-07-09,1094.07,1271.69,PAI26-100582,OCMS-2019-10582,PMG-50582
PAI-00584,Bridge Project 584 - Punjab,Ministry of Railways,RVNL,Railways,Punjab,Bridge,2023-03-23,2023-12-05,2026-06-05,2026-08-25,208.83,230.65,PAI26-100583,OCMS-2020-10583,PMG-50583
PAI-00585,Substation Project 585 - Uttarakhand,Ministry of Power,NTPC,Power,Uttarakhand,Substation,2023-10-08,2024-01-02,2026-09-02,2026-11-28,367.34,388.79,PAI26-100584,OCMS-2021-10584,PMG-50584
PAI-00586,Inland Waterway Project 586 - Madhya Pradesh,"Ministry of Ports, Shipping & Waterways",Sagarmala Development Corporation,Ports & Waterways,Madhya Pradesh,Inland Waterway,2023-04-05,2023-11-11,2027-06-11,2027-07-06,296.57,306.65,PAI26-100585,OCMS-2022-10585,PMG-50585
PAI-00587,Terminal Project 587 - Karnataka,Ministry of Civil Aviation,Civil Aviation Authority,Civil Aviation,Karnataka,Terminal,2023-10-29,2024-01-03,2026-08-03,2026-12-21,209.76,253.44,PAI26-100586,OCMS-2023-10586,PMG-50586
PAI-00588,Data Network Project 588 - Punjab,Ministry of Telecommunications,BSNL,Telecom,Punjab,Data Network,2022-08-02,2022-11-10,2026-10-10,2027-02-28,308.81,364.92,PAI26-100587,OCMS-2024-10587,PMG-50587
PAI-00589,Expressway Project 589 - Bihar,Ministry of Road Transport & Highways,NHIDCL,Roads,Bihar,Expressway,2022-02-27,2022-05-15,2025-12-15,2026-01-15,232.54,266.56,PAI26-100588,OCMS-2018-10588,PMG-50588
PAI-00590,Station Redevelopment Project 590 - Andhra Pradesh,Ministry of Railways,IRCON,Railways,Andhra Pradesh,Station Redevelopment,2023-05-02,2023-08-12,2027-05-12,2027-07-09,170.39,179.14,PAI26-100589,OCMS-2019-10589,PMG-50589
PAI-00591,Substation Project 591 - Assam,Ministry of Power,Power Grid Corporation,Power,Assam,Substation,2022-10-05,2022-12-13,2025-03-13,2025-06-10,150.0,158.33,PAI26-100590,OCMS-2020-10590,PMG-50590
PAI-00592,Dredging Project 592 - Uttarakhand,"Ministry of Ports, Shipping & Waterways",Major Port Authority,Ports & Waterways,Uttarakhand,Dredging,2023-06-16,2024-02-12,2028-01-12,2028-02-11,150.0,154.54,PAI26-100591,OCMS-2021-10591,PMG-50591
PAI-00593,Air Navigation Project 593 - Karnataka,Ministry of Civil Aviation,AAI Engineering,Civil Aviation,Karnataka,Air Navigation,2023-04-08,2023-06-11,2027-04-11,2027-10-12,150.0,177.9,PAI26-100592,OCMS-2022-10592,PMG-50592
PAI-00594,5G Infrastructure Project 594 - Chhattisgarh,Ministry of Telecommunications,BSNL,Telecom,Chhattisgarh,5G Infrastructure,2022-08-10,2022-11-01,2026-08-01,2026-11-21,213.19,242.88,PAI26-100593,OCMS-2023-10593,PMG-50593
PAI-00595,Bridge Project 595 - Uttar Pradesh,Ministry of Road Transport & Highways,NHAI,Roads,Uttar Pradesh,Bridge,2022-10-30,2023-07-19,2027-03-19,2027-04-26,150.0,155.01,PAI26-100594,OCMS-2024-10594,PMG-50594
PAI-00596,Station Redevelopment Project 596 - West Bengal,Ministry of Railways,Indian Railways,Railways,West Bengal,Station Redevelopment,2022-11-17,2023-05-07,2027-08-07,2027-08-07,250.28,256.91,PAI26-100595,OCMS-2018-10595,PMG-50595
PAI-00597,Generation Project 597 - Assam,Ministry of Power,Power Grid Corporation,Power,Assam,Generation,2023-08-25,2024-01-08,2028-12-08,2029-03-02,150.0,160.82,PAI26-100596,OCMS-2019-10596,PMG-50596
PAI-00598,Inland Waterway Project 598 - Punjab,"Ministry of Ports, Shipping & Waterways",IWAI,Ports & Waterways,Punjab,Inland Waterway,2023-03-17,2023-06-06,2027-12-06,2028-04-05,271.78,333.73,PAI26-100597,OCMS-2020-10597,PMG-50597
PAI-00599,Airport Expansion Project 599 - Chhattisgarh,Ministry of Civil Aviation,Civil Aviation Authority,Civil Aviation,Chhattisgarh,Airport Expansion,2022-07-09,2022-09-22,2027-01-22,2027-03-22,150.0,194.7,PAI26-100598,OCMS-2021-10598,PMG-50598
PAI-00600,Data Network Project 600 - Assam,Ministry of Telecommunications,BSNL,Telecom,Assam,Data Network,2023-07-04,2024-03-19,2028-10-19,2028-10-19,150.33,154.11,PAI26-100599,OCMS-2022-10599,PMG-50599
PAI-00601,Expressway Project 601 - Tamil Nadu,Ministry of Road Transport & Highways,NHIDCL,Roads,Tamil Nadu,Expressway,2022-08-06,2023-01-18,2025-01-18,2025-07-14,150.0,189.46,PAI26-100600,OCMS-2023-10600,PMG-50600
PAI-00602,Bridge Project 602 - Telangana,Ministry of Railways,Indian Railways,Railways,Telangana,Bridge,2023-11-06,2024-05-07,2027-10-07,2027-10-15,150.0,154.43,PAI26-100601,OCMS-2024-10601,PMG-50601
PAI-00603,Substation Project 603 - Jharkhand,Ministry of Power,NTPC,Power,Jharkhand,Substation,2023-03-18,2023-08-17,2026-04-17,2026-04-26,893.34,975.65,PAI26-100602,OCMS-2018-10602,PMG-50602
PAI-00604,Inland Waterway Project 604 - Madhya Pradesh,"Ministry of Ports, Shipping & Waterways",Sagarmala Development Corporation,Ports & Waterways,Madhya Pradesh,Inland Waterway,2022-10-08,2023-05-21,2025-06-21,2025-06-28,150.0,156.81,PAI26-100603,OCMS-2019-10603,PMG-50603
PAI-00605,Terminal Project 605 - Andhra Pradesh,Ministry of Civil Aviation,AAI Engineering,Civil Aviation,Andhra Pradesh,Terminal,2022-05-14,2022-10-21,2025-09-21,2026-02-21,305.68,353.38,PAI26-100604,OCMS-2020-10604,PMG-50604
PAI-00606,5G Infrastructure Project 606 - Maharashtra,Ministry of Telecommunications,RailTel,Telecom,Maharashtra,5G Infrastructure,2023-09-14,2024-06-14,2029-01-14,2029-01-14,204.25,208.01,PAI26-100605,OCMS-2021-10605,PMG-50605
PAI-00607,National Highway Project 607 - Uttarakhand,Ministry of Road Transport & Highways,MoRTH,Roads,Uttarakhand,National Highway,2022-07-15,2023-03-19,2025-11-19,2025-11-19,150.0,157.13,PAI26-100606,OCMS-2022-10606,PMG-50606
PAI-00608,Electrification Project 608 - Andhra Pradesh,Ministry of Railways,Indian Railways,Railways,Andhra Pradesh,Electrification,2023-12-12,2024-06-06,2027-12-06,2028-02-26,150.0,168.78,PAI26-100607,OCMS-2023-10607,PMG-50607
PAI-00609,Transmission Project 609 - Bihar,Ministry of Power,NTPC,Power,Bihar,Transmission,2022-04-19,2022-11-10,2026-09-10,2027-03-02,150.0,183.18,PAI26-100608,OCMS-2024-10608,PMG-50608
PAI-00610,Terminal Project 610 - Assam,"Ministry of Ports, Shipping & Waterways",Sagarmala Development Corporation,Ports & Waterways,Assam,Terminal,2022-12-14,2023-07-26,2026-11-26,2026-11-26,150.0,150.0,PAI26-100609,OCMS-2018-10609,PMG-50609
PAI-00611,Terminal Project 611 - Bihar,Ministry of Civil Aviation,Civil Aviation Authority,Civil Aviation,Bihar,Terminal,2022-03-23,2023-01-09,2025-02-09,2025-07-01,793.74,938.89,PAI26-100610,OCMS-2019-10610,PMG-50610
PAI-00612,Data Network Project 612 - Sikkim,Ministry of Telecommunications,Department of Telecommunications,Telecom,Sikkim,Data Network,2023-11-29,2024-04-23,2028-05-23,2028-07-15,206.1,206.1,PAI26-100611,OCMS-2020-10611,PMG-50611
PAI-00613,Road Widening Project 613 - Haryana,Ministry of Road Transport & Highways,MoRTH,Roads,Haryana,Road Widening,2022-01-03,2022-05-20,2025-06-20,2025-07-24,150.0,157.2,PAI26-100612,OCMS-2021-10612,PMG-50612
PAI-00614,Electrification Project 614 - Punjab,Ministry of Railways,IRCON,Railways,Punjab,Electrification,2023-11-24,2024-07-20,2029-02-20,2029-06-01,150.0,165.48,PAI26-100613,OCMS-2022-10613,PMG-50613
PAI-00615,Generation Project 615 - Karnataka,Ministry of Power,NTPC,Power,Karnataka,Generation,2023-01-08,2023-07-16,2027-01-16,2027-02-16,150.0,161.82,PAI26-100614,OCMS-2023-10614,PMG-50614
PAI-00616,Inland Waterway Project 616 - Punjab,"Ministry of Ports, Shipping & Waterways",Sagarmala Development Corporation,Ports & Waterways,Punjab,Inland Waterway,2022-04-06,2022-09-03,2026-06-03,2026-07-11,150.0,170.97,PAI26-100615,OCMS-2024-10615,PMG-50615
PAI-00617,Runway Project 617 - Odisha,Ministry of Civil Aviation,Civil Aviation Authority,Civil Aviation,Odisha,Runway,2023-10-22,2024-05-17,2027-09-17,2028-03-22,545.37,668.9,PAI26-100616,OCMS-2018-10616,PMG-50616
PAI-00618,Tower Infrastructure Project 618 - Haryana,Ministry of Telecommunications,BSNL,Telecom,Haryana,Tower Infrastructure,2023-06-27,2024-03-06,2026-09-06,2026-11-28,150.0,172.19,PAI26-100617,OCMS-2019-10617,PMG-50617
PAI-00619,Expressway Project 619 - Uttar Pradesh,Ministry of Road Transport & Highways,MoRTH,Roads,Uttar Pradesh,Expressway,2022-04-21,2022-11-23,2025-08-23,2025-09-05,198.91,212.72,PAI26-100618,OCMS-2020-10618,PMG-50618
PAI-00620,Rail Corridor Project 620 - Madhya Pradesh,Ministry of Railways,RVNL,Railways,Madhya Pradesh,Rail Corridor,2023-07-11,2023-12-07,2027-12-07,2027-12-24,150.0,150.0,PAI26-100619,OCMS-2021-10619,PMG-50619
PAI-00621,Transmission Project 621 - Madhya Pradesh,Ministry of Power,Power Grid Corporation,Power,Madhya Pradesh,Transmission,2023-12-11,2024-04-25,2028-09-25,2028-10-10,325.62,353.29,PAI26-100620,OCMS-2022-10620,PMG-50620
PAI-00622,Port Expansion Project 622 - Haryana,"Ministry of Ports, Shipping & Waterways",Sagarmala Development Corporation,Ports & Waterways,Haryana,Port Expansion,2023-04-02,2024-01-06,2027-07-06,2027-07-26,150.0,150.0,PAI26-100621,OCMS-2023-10621,PMG-50621
PAI-00623,Airport Expansion Project 623 - West Bengal,Ministry of Civil Aviation,AAI Engineering,Civil Aviation,West Bengal,Airport Expansion,2023-01-20,2023-07-16,2028-02-16,2028-05-03,157.26,157.26,PAI26-100622,OCMS-2024-10622,PMG-50622
PAI-00624,Data Network Project 624 - West Bengal,Ministry of Telecommunications,RailTel,Telecom,West Bengal,Data Network,2022-08-11,2022-10-22,2026-06-22,2027-03-26,255.15,365.72,PAI26-100623,OCMS-2018-10623,PMG-50623
PAI-00625,National Highway Project 625 - Jharkhand,Ministry of Road Transport & Highways,NHAI,Roads,Jharkhand,National Highway,2022-11-18,2023-04-16,2026-12-16,2027-02-25,150.0,160.12,PAI26-100624,OCMS-2019-10624,PMG-50624
PAI-00626,Station Redevelopment Project 626 - Bihar,Ministry of Railways,RVNL,Railways,Bihar,Station Redevelopment,2023-03-21,2023-07-15,2028-01-15,2028-04-07,179.63,200.45,PAI26-100625,OCMS-2020-10625,PMG-50625
PAI-00627,Transmission Project 627 - Andhra Pradesh,Ministry of Power,Power Grid Corporation,Power,Andhra Pradesh,Transmission,2022-09-17,2023-03-21,2026-10-21,2026-12-29,241.53,250.59,PAI26-100626,OCMS-2021-10626,PMG-50626
PAI-00628,Inland Waterway Project 628 - Madhya Pradesh,"Ministry of Ports, Shipping & Waterways",Major Port Authority,Ports & Waterways,Madhya Pradesh,Inland Waterway,2022-03-11,2022-08-24,2026-06-24,2026-08-13,328.06,362.56,PAI26-100627,OCMS-2022-10627,PMG-50627
PAI-00629,Air Navigation Project 629 - Kerala,Ministry of Civil Aviation,Civil Aviation Authority,Civil Aviation,Kerala,Air Navigation,2022-08-06,2023-02-04,2025-05-04,2025-05-16,150.0,171.48,PAI26-100628,OCMS-2023-10628,PMG-50628
PAI-00630,5G Infrastructure Project 630 - Bihar,Ministry of Telecommunications,RailTel,Telecom,Bihar,5G Infrastructure,2022-05-28,2022-11-24,2026-02-24,2026-04-14,150.0,170.24,PAI26-100629,OCMS-2024-10629,PMG-50629
PAI-00631,Bridge Project 631 - Odisha,Ministry of Road Transport & Highways,MoRTH,Roads,Odisha,Bridge,2023-05-05,2023-09-22,2027-11-22,2027-11-22,150.0,157.65,PAI26-100630,OCMS-2018-10630,PMG-50630
PAI-00632,Electrification Project 632 - Odisha,Ministry of Railways,IRCON,Railways,Odisha,Electrification,2023-02-26,2023-06-02,2025-09-02,2025-09-02,150.0,162.86,PAI26-100631,OCMS-2019-10631,PMG-50631
PAI-00633,Grid Modernisation Project 633 - Uttar Pradesh,Ministry of Power,Power Grid Corporation,Power,Uttar Pradesh,Grid Modernisation,2022-04-21,2023-01-16,2027-06-16,2027-06-27,150.0,150.0,PAI26-100632,OCMS-2020-10632,PMG-50632
PAI-00634,Port Expansion Project 634 - Karnataka,"Ministry of Ports, Shipping & Waterways",Sagarmala Development Corporation,Ports & Waterways,Karnataka,Port Expansion,2023-05-19,2023-11-20,2026-01-20,2026-04-09,150.0,174.65,PAI26-100633,OCMS-2021-10633,PMG-50633
PAI-00635,Terminal Project 635 - Haryana,Ministry of Civil Aviation,AAI Engineering,Civil Aviation,Haryana,Terminal,2022-02-17,2022-11-07,2026-07-07,2026-07-22,150.0,150.0,PAI26-100634,OCMS-2022-10634,PMG-50634
PAI-00636,Fiber Network Project 636 - Odisha,Ministry of Telecommunications,BSNL,Telecom,Odisha,Fiber Network,2022-08-12,2023-01-07,2027-08-07,2027-09-10,509.88,527.65,PAI26-100635,OCMS-2023-10635,PMG-50635
PAI-00637,Expressway Project 637 - Bihar,Ministry of Road Transport & Highways,MoRTH,Roads,Bihar,Expressway,2023-01-10,2023-10-28,2028-07-28,2029-03-16,221.11,297.8,PAI26-100636,OCMS-2024-10636,PMG-50636
PAI-00638,Bridge Project 638 - Bihar,Ministry of Railways,IRCON,Railways,Bihar,Bridge,2023-12-29,2024-06-16,2027-04-16,2027-05-31,193.28,215.03,PAI26-100637,OCMS-2018-10637,PMG-50637
PAI-00639,Substation Project 639 - West Bengal,Ministry of Power,NHPC,Power,West Bengal,Substation,2023-02-21,2023-12-16,2028-11-16,2028-12-04,254.81,261.98,PAI26-100638,OCMS-2019-10638,PMG-50638
PAI-00640,Port Expansion Project 640 - Gujarat,"Ministry of Ports, Shipping & Waterways",Sagarmala Development Corporation,Ports & Waterways,Gujarat,Port Expansion,2022-09-29,2023-06-10,2026-09-10,2026-10-10,774.1,839.62,PAI26-100639,OCMS-2020-10639,PMG-50639
PAI-00641,Terminal Project 641 - West Bengal,Ministry of Civil Aviation,Civil Aviation Authority,Civil Aviation,West Bengal,Terminal,2023-11-05,2024-07-08,2027-09-08,2027-10-02,150.0,153.6,PAI26-100640,OCMS-2021-10640,PMG-50640
PAI-00642,Data Network Project 642 - Uttarakhand,Ministry of Telecommunications,Department of Telecommunications,Telecom,Uttarakhand,Data Network,2022-08-08,2023-06-03,2026-09-03,2026-09-03,154.59,174.28,PAI26-100641,OCMS-2022-10641,PMG-50641
PAI-00643,Bridge Project 643 - Chhattisgarh,Ministry of Road Transport & Highways,MoRTH,Roads,Chhattisgarh,Bridge,2022-09-21,2023-04-23,2026-08-23,2026-12-31,153.92,190.51,PAI26-100642,OCMS-2023-10642,PMG-50642
PAI-00644,Electrification Project 644 - Uttar Pradesh,Ministry of Railways,IRCON,Railways,Uttar Pradesh,Electrification,2023-08-15,2024-04-03,2029-02-03,2029-03-17,251.03,272.03,PAI26-100643,OCMS-2024-10643,PMG-50643
PAI-00645,Transmission Project 645 - Rajasthan,Ministry of Power,Power Grid Corporation,Power,Rajasthan,Transmission,2022-01-01,2022-04-03,2026-10-03,2026-12-28,302.05,315.61,PAI26-100644,OCMS-2018-10644,PMG-50644
PAI-00646,Inland Waterway Project 646 - Karnataka,"Ministry of Ports, Shipping & Waterways",Major Port Authority,Ports & Waterways,Karnataka,Inland Waterway,2022-05-20,2022-08-28,2026-09-28,2026-09-28,158.53,158.53,PAI26-100645,OCMS-2019-10645,PMG-50645
PAI-00647,Airport Expansion Project 647 - Tamil Nadu,Ministry of Civil Aviation,AAI,Civil Aviation,Tamil Nadu,Airport Expansion,2023-04-23,2024-01-29,2026-05-29,2026-07-26,150.0,181.06,PAI26-100646,OCMS-2020-10646,PMG-50646
PAI-00648,Data Network Project 648 - Telangana,Ministry of Telecommunications,Department of Telecommunications,Telecom,Telangana,Data Network,2023-06-13,2024-02-03,2028-09-03,2028-11-15,150.0,168.17,PAI26-100647,OCMS-2021-10647,PMG-50647
PAI-00649,Expressway Project 649 - Madhya Pradesh,Ministry of Road Transport & Highways,NHIDCL,Roads,Madhya Pradesh,Expressway,2023-01-27,2023-08-09,2028-02-09,2028-06-26,270.48,321.08,PAI26-100648,OCMS-2022-10648,PMG-50648
PAI-00650,Station Redevelopment Project 650 - Punjab,Ministry of Railways,IRCON,Railways,Punjab,Station Redevelopment,2023-05-24,2024-01-21,2028-06-21,2028-08-24,201.5,210.41,PAI26-100649,OCMS-2023-10649,PMG-50649
PAI-00651,Grid Modernisation Project 651 - Tamil Nadu,Ministry of Power,NHPC,Power,Tamil Nadu,Grid Modernisation,2022-03-02,2022-09-22,2026-03-22,2026-06-03,328.48,358.23,PAI26-100650,OCMS-2024-10650,PMG-50650
PAI-00652,Dredging Project 652 - Karnataka,"Ministry of Ports, Shipping & Waterways",Major Port Authority,Ports & Waterways,Karnataka,Dredging,2023-10-12,2024-03-10,2028-10-10,2028-10-10,150.0,160.67,PAI26-100651,OCMS-2018-10651,PMG-50651
PAI-00653,Runway Project 653 - Uttarakhand,Ministry of Civil Aviation,AAI,Civil Aviation,Uttarakhand,Runway,2022-01-13,2022-08-06,2026-05-06,2026-09-25,150.41,187.42,PAI26-100652,OCMS-2019-10652,PMG-50652
PAI-00654,Data Network Project 654 - Sikkim,Ministry of Telecommunications,RailTel,Telecom,Sikkim,Data Network,2022-02-05,2022-10-10,2027-10-10,2027-10-10,189.25,189.25,PAI26-100653,OCMS-2020-10653,PMG-50653
PAI-00655,National Highway Project 655 - Rajasthan,Ministry of Road Transport & Highways,MoRTH,Roads,Rajasthan,National Highway,2022-12-27,2023-02-27,2027-01-27,2027-04-20,150.0,171.82,PAI26-100654,OCMS-2021-10654,PMG-50654
PAI-00656,Station Redevelopment Project 656 - Tamil Nadu,Ministry of Railways,Indian Railways,Railways,Tamil Nadu,Station Redevelopment,2022-01-28,2022-04-11,2025-12-11,2026-02-17,812.6,878.21,PAI26-100655,OCMS-2022-10655,PMG-50655
PAI-00657,Substation Project 657 - Karnataka,Ministry of Power,NHPC,Power,Karnataka,Substation,2022-08-05,2022-10-12,2026-12-12,2027-01-20,150.0,151.08,PAI26-100656,OCMS-2023-10656,PMG-50656
PAI-00658,Port Expansion Project 658 - Andhra Pradesh,"Ministry of Ports, Shipping & Waterways",Major Port Authority,Ports & Waterways,Andhra Pradesh,Port Expansion,2022-04-27,2022-12-26,2025-10-26,2025-10-26,628.58,639.71,PAI26-100657,OCMS-2024-10657,PMG-50657
PAI-00659,Air Navigation Project 659 - Maharashtra,Ministry of Civil Aviation,AAI,Civil Aviation,Maharashtra,Air Navigation,2023-07-10,2024-04-20,2026-08-20,2026-09-06,242.02,257.83,PAI26-100658,OCMS-2018-10658,PMG-50658
PAI-00660,Fiber Network Project 660 - Telangana,Ministry of Telecommunications,RailTel,Telecom,Telangana,Fiber Network,2023-04-30,2023-11-16,2028-11-16,2029-01-15,174.15,179.5,PAI26-100659,OCMS-2019-10659,PMG-50659
PAI-00661,National Highway Project 661 - Madhya Pradesh,Ministry of Road Transport & Highways,NHIDCL,Roads,Madhya Pradesh,National Highway,2023-06-23,2023-12-13,2026-04-13,2026-04-25,150.0,159.4,PAI26-100660,OCMS-2020-10660,PMG-50660
PAI-00662,Bridge Project 662 - Odisha,Ministry of Railways,RVNL,Railways,Odisha,Bridge,2022-07-07,2023-01-29,2025-02-28,2025-05-07,559.13,578.56,PAI26-100661,OCMS-2021-10661,PMG-50661
PAI-00663,Grid Modernisation Project 663 - Assam,Ministry of Power,Power Grid Corporation,Power,Assam,Grid Modernisation,2022-03-17,2022-11-25,2026-01-25,2026-03-06,150.0,166.45,PAI26-100662,OCMS-2022-10662,PMG-50662
PAI-00664,Port Expansion Project 664 - Odisha,"Ministry of Ports, Shipping & Waterways",IWAI,Ports & Waterways,Odisha,Port Expansion,2022-09-17,2023-04-27,2027-05-27,2027-07-22,150.0,150.0,PAI26-100663,OCMS-2023-10663,PMG-50663
PAI-00665,Air Navigation Project 665 - Karnataka,Ministry of Civil Aviation,Civil Aviation Authority,Civil Aviation,Karnataka,Air Navigation,2023-08-18,2023-11-11,2026-08-11,2026-08-11,250.93,250.93,PAI26-100664,OCMS-2024-10664,PMG-50664
PAI-00666,Fiber Network Project 666 - Rajasthan,Ministry of Telecommunications,BSNL,Telecom,Rajasthan,Fiber Network,2022-09-25,2023-05-20,2027-01-20,2027-04-17,286.91,325.0,PAI26-100665,OCMS-2018-10665,PMG-50665
PAI-00667,Expressway Project 667 - Odisha,Ministry of Road Transport & Highways,MoRTH,Roads,Odisha,Expressway,2022-02-28,2022-07-28,2024-08-28,2024-08-28,150.0,158.14,PAI26-100666,OCMS-2019-10666,PMG-50666
PAI-00668,Electrification Project 668 - Madhya Pradesh,Ministry of Railways,IRCON,Railways,Madhya Pradesh,Electrification,2023-08-23,2024-06-01,2026-09-01,2026-10-12,189.04,215.28,PAI26-100667,OCMS-2020-10667,PMG-50667
PAI-00669,Grid Modernisation Project 669 - Uttar Pradesh,Ministry of Power,NTPC,Power,Uttar Pradesh,Grid Modernisation,2023-05-10,2023-07-18,2026-11-18,2026-12-29,487.18,525.66,PAI26-100668,OCMS-2021-10668,PMG-50668
PAI-00670,Dredging Project 670 - Chhattisgarh,"Ministry of Ports, Shipping & Waterways",IWAI,Ports & Waterways,Chhattisgarh,Dredging,2022-10-08,2023-05-27,2028-03-27,2028-05-03,305.02,314.51,PAI26-100669,OCMS-2022-10669,PMG-50669
PAI-00671,Terminal Project 671 - Tamil Nadu,Ministry of Civil Aviation,AAI Engineering,Civil Aviation,Tamil Nadu,Terminal,2023-04-06,2024-01-17,2026-01-17,2026-01-17,227.92,235.14,PAI26-100670,OCMS-2023-10670,PMG-50670
PAI-00672,Fiber Network Project 672 - Maharashtra,Ministry of Telecommunications,RailTel,Telecom,Maharashtra,Fiber Network,2022-06-26,2022-09-02,2026-04-02,2026-05-28,150.0,162.32,PAI26-100671,OCMS-2024-10671,PMG-50671
PAI-00673,Road Widening Project 673 - Uttar Pradesh,Ministry of Road Transport & Highways,NHIDCL,Roads,Uttar Pradesh,Road Widening,2023-01-07,2023-03-23,2025-03-23,2025-03-23,410.53,410.53,PAI26-100672,OCMS-2018-10672,PMG-50672
PAI-00674,Bridge Project 674 - Chhattisgarh,Ministry of Railways,Indian Railways,Railways,Chhattisgarh,Bridge,2023-05-21,2023-09-14,2028-06-14,2028-07-05,173.17,173.17,PAI26-100673,OCMS-2019-10673,PMG-50673
PAI-00675,Generation Project 675 - Gujarat,Ministry of Power,Power Grid Corporation,Power,Gujarat,Generation,2023-07-21,2023-12-29,2025-12-29,2026-08-06,150.0,210.18,PAI26-100674,OCMS-2020-10674,PMG-50674
PAI-00676,Dredging Project 676 - Rajasthan,"Ministry of Ports, Shipping & Waterways",IWAI,Ports & Waterways,Rajasthan,Dredging,2023-02-05,2023-07-31,2027-11-30,2028-02-21,319.93,331.0,PAI26-100675,OCMS-2021-10675,PMG-50675
PAI-00677,Runway Project 677 - Assam,Ministry of Civil Aviation,Civil Aviation Authority,Civil Aviation,Assam,Runway,2022-03-03,2022-12-20,2027-01-20,2027-04-08,150.0,168.88,PAI26-100676,OCMS-2022-10676,PMG-50676
PAI-00678,Tower Infrastructure Project 678 - Chhattisgarh,Ministry of Telecommunications,Department of Telecommunications,Telecom,Chhattisgarh,Tower Infrastructure,2023-02-19,2023-12-05,2026-09-05,2026-11-06,150.0,159.43,PAI26-100677,OCMS-2023-10677,PMG-50677
PAI-00679,Expressway Project 679 - Assam,Ministry of Road Transport & Highways,NHIDCL,Roads,Assam,Expressway,2023-10-25,2024-07-15,2028-06-15,2028-09-24,314.51,314.51,PAI26-100678,OCMS-2024-10678,PMG-50678
PAI-00680,Station Redevelopment Project 680 - Kerala,Ministry of Railways,RVNL,Railways,Kerala,Station Redevelopment,2023-01-14,2023-09-29,2028-05-29,2028-08-31,150.0,150.0,PAI26-100679,OCMS-2018-10679,PMG-50679
PAI-00681,Generation Project 681 - Andhra Pradesh,Ministry of Power,Power Grid Corporation,Power,Andhra Pradesh,Generation,2022-08-20,2023-03-03,2026-06-03,2026-07-09,333.44,354.09,PAI26-100680,OCMS-2019-10680,PMG-50680
PAI-00682,Port Expansion Project 682 - Assam,"Ministry of Ports, Shipping & Waterways",Major Port Authority,Ports & Waterways,Assam,Port Expansion,2023-12-21,2024-04-03,2028-06-03,2028-06-03,150.0,150.0,PAI26-100681,OCMS-2020-10681,PMG-50681
PAI-00683,Air Navigation Project 683 - Tamil Nadu,Ministry of Civil Aviation,AAI Engineering,Civil Aviation,Tamil Nadu,Air Navigation,2022-05-15,2022-09-24,2027-04-24,2027-08-01,150.0,150.2,PAI26-100682,OCMS-2021-10682,PMG-50682
PAI-00684,Fiber Network Project 684 - Punjab,Ministry of Telecommunications,Department of Telecommunications,Telecom,Punjab,Fiber Network,2023-05-07,2024-02-14,2026-03-14,2026-10-15,150.0,184.53,PAI26-100683,OCMS-2022-10683,PMG-50683
PAI-00685,Expressway Project 685 - Odisha,Ministry of Road Transport & Highways,NHIDCL,Roads,Odisha,Expressway,2022-03-27,2022-10-02,2025-06-02,2025-06-02,169.89,177.29,PAI26-100684,OCMS-2023-10684,PMG-50684
PAI-00686,Rail Corridor Project 686 - West Bengal,Ministry of Railways,IRCON,Railways,West Bengal,Rail Corridor,2023-09-20,2024-06-15,2027-01-15,2027-02-17,160.98,161.6,PAI26-100685,OCMS-2024-10685,PMG-50685
PAI-00687,Substation Project 687 - West Bengal,Ministry of Power,Power Grid Corporation,Power,West Bengal,Substation,2022-04-17,2022-08-11,2025-11-11,2026-05-06,150.0,184.54,PAI26-100686,OCMS-2018-10686,PMG-50686
PAI-00688,Port Expansion Project 688 - Tamil Nadu,"Ministry of Ports, Shipping & Waterways",IWAI,Ports & Waterways,Tamil Nadu,Port Expansion,2022-05-03,2022-07-25,2026-12-25,2027-02-23,299.01,344.76,PAI26-100687,OCMS-2019-10687,PMG-50687
PAI-00689,Runway Project 689 - Kerala,Ministry of Civil Aviation,Civil Aviation Authority,Civil Aviation,Kerala,Runway,2022-04-22,2022-07-09,2026-03-09,2026-04-01,172.44,197.84,PAI26-100688,OCMS-2020-10688,PMG-50688
PAI-00690,5G Infrastructure Project 690 - West Bengal,Ministry of Telecommunications,RailTel,Telecom,West Bengal,5G Infrastructure,2022-09-15,2023-03-22,2028-02-22,2028-05-27,150.0,175.36,PAI26-100689,OCMS-2021-10689,PMG-50689
PAI-00691,Expressway Project 691 - Madhya Pradesh,Ministry of Road Transport & Highways,NHAI,Roads,Madhya Pradesh,Expressway,2023-03-01,2023-10-29,2026-01-29,2026-02-16,222.8,222.8,PAI26-100690,OCMS-2022-10690,PMG-50690
PAI-00692,Station Redevelopment Project 692 - Kerala,Ministry of Railways,IRCON,Railways,Kerala,Station Redevelopment,2023-05-22,2024-01-01,2026-05-01,2027-02-15,150.0,204.49,PAI26-100691,OCMS-2023-10691,PMG-50691
PAI-00693,Generation Project 693 - Jharkhand,Ministry of Power,NTPC,Power,Jharkhand,Generation,2023-04-08,2024-01-07,2026-10-07,2026-11-24,326.48,350.28,PAI26-100692,OCMS-2024-10692,PMG-50692
PAI-00694,Terminal Project 694 - Bihar,"Ministry of Ports, Shipping & Waterways",IWAI,Ports & Waterways,Bihar,Terminal,2023-08-09,2023-10-22,2028-06-22,2028-11-21,150.0,181.62,PAI26-100693,OCMS-2018-10693,PMG-50693
PAI-00695,Runway Project 695 - Assam,Ministry of Civil Aviation,Civil Aviation Authority,Civil Aviation,Assam,Runway,2023-05-27,2023-08-19,2025-12-19,2026-04-02,476.97,628.77,PAI26-100694,OCMS-2019-10694,PMG-50694
PAI-00696,Tower Infrastructure Project 696 - Kerala,Ministry of Telecommunications,BSNL,Telecom,Kerala,Tower Infrastructure,2022-12-31,2023-09-07,2027-09-07,2027-10-11,872.31,913.85,PAI26-100695,OCMS-2020-10695,PMG-50695
PAI-00697,Expressway Project 697 - Chhattisgarh,Ministry of Road Transport & Highways,NHIDCL,Roads,Chhattisgarh,Expressway,2023-06-23,2024-02-16,2026-08-16,2027-01-13,223.21,277.85,PAI26-100696,OCMS-2021-10696,PMG-50696
PAI-00698,Electrification Project 698 - Kerala,Ministry of Railways,RVNL,Railways,Kerala,Electrification,2022-02-21,2022-05-28,2026-12-28,2027-09-20,232.54,330.72,PAI26-100697,OCMS-2022-10697,PMG-50697
PAI-00699,Grid Modernisation Project 699 - Madhya Pradesh,Ministry of Power,NTPC,Power,Madhya Pradesh,Grid Modernisation,2023-06-19,2023-12-04,2027-02-04,2027-09-08,150.0,189.98,PAI26-100698,OCMS-2023-10698,PMG-50698
PAI-00700,Terminal Project 700 - Punjab,"Ministry of Ports, Shipping & Waterways",Major Port Authority,Ports & Waterways,Punjab,Terminal,2023-05-24,2023-08-22,2026-08-22,2026-10-14,287.61,318.95,PAI26-100699,OCMS-2024-10699,PMG-50699
PAI-00701,Air Navigation Project 701 - Andhra Pradesh,Ministry of Civil Aviation,AAI Engineering,Civil Aviation,Andhra Pradesh,Air Navigation,2022-07-17,2023-02-26,2026-11-26,2027-01-15,569.19,596.38,PAI26-100700,OCMS-2018-10700,PMG-50700
PAI-00702,5G Infrastructure Project 702 - Jharkhand,Ministry of Telecommunications,BSNL,Telecom,Jharkhand,5G Infrastructure,2022-03-21,2022-11-01,2025-08-01,2025-09-11,375.11,387.65,PAI26-100701,OCMS-2019-10701,PMG-50701
PAI-00703,National Highway Project 703 - Punjab,Ministry of Road Transport & Highways,NHIDCL,Roads,Punjab,National Highway,2023-02-19,2023-11-28,2028-05-28,2028-06-25,1431.58,1471.36,PAI26-100702,OCMS-2020-10702,PMG-50702
PAI-00704,Rail Corridor Project 704 - Kerala,Ministry of Railways,Indian Railways,Railways,Kerala,Rail Corridor,2023-03-09,2023-06-17,2027-06-17,2027-07-31,150.0,162.84,PAI26-100703,OCMS-2021-10703,PMG-50703
PAI-00705,Grid Modernisation Project 705 - Karnataka,Ministry of Power,NHPC,Power,Karnataka,Grid Modernisation,2022-08-10,2022-12-04,2027-07-04,2027-09-22,150.0,164.38,PAI26-100704,OCMS-2022-10704,PMG-50704
PAI-00706,Port Expansion Project 706 - Bihar,"Ministry of Ports, Shipping & Waterways",IWAI,Ports & Waterways,Bihar,Port Expansion,2023-02-14,2023-08-12,2025-11-12,2025-11-28,391.03,405.86,PAI26-100705,OCMS-2023-10705,PMG-50705
PAI-00707,Runway Project 707 - Chhattisgarh,Ministry of Civil Aviation,AAI Engineering,Civil Aviation,Chhattisgarh,Runway,2023-04-25,2023-10-15,2025-12-15,2026-02-19,150.0,171.52,PAI26-100706,OCMS-2024-10706,PMG-50706
PAI-00708,Tower Infrastructure Project 708 - Telangana,Ministry of Telecommunications,Department of Telecommunications,Telecom,Telangana,Tower Infrastructure,2023-08-08,2024-03-10,2026-06-10,2026-09-28,445.08,573.92,PAI26-100707,OCMS-2018-10707,PMG-50707
PAI-00709,Road Widening Project 709 - Punjab,Ministry of Road Transport & Highways,NHAI,Roads,Punjab,Road Widening,2023-01-07,2023-03-28,2026-12-28,2027-01-25,353.29,380.89,PAI26-100708,OCMS-2019-10708,PMG-50708
PAI-00710,Bridge Project 710 - Sikkim,Ministry of Railways,IRCON,Railways,Sikkim,Bridge,2023-11-05,2024-06-22,2029-02-22,2029-03-07,293.95,295.63,PAI26-100709,OCMS-2020-10709,PMG-50709
PAI-00711,Transmission Project 711 - Gujarat,Ministry of Power,NHPC,Power,Gujarat,Transmission,2023-03-12,2023-05-26,2026-03-26,2026-05-27,150.0,150.73,PAI26-100710,OCMS-2021-10710,PMG-50710
PAI-00712,Port Expansion Project 712 - Kerala,"Ministry of Ports, Shipping & Waterways",Major Port Authority,Ports & Waterways,Kerala,Port Expansion,2022-04-03,2022-08-20,2024-10-20,2024-12-23,393.7,418.78,PAI26-100711,OCMS-2022-10711,PMG-50711
PAI-00713,Airport Expansion Project 713 - Assam,Ministry of Civil Aviation,AAI Engineering,Civil Aviation,Assam,Airport Expansion,2022-07-29,2022-10-07,2026-07-07,2026-07-13,222.12,234.88,PAI26-100712,OCMS-2023-10712,PMG-50712
PAI-00714,Data Network Project 714 - Bihar,Ministry of Telecommunications,RailTel,Telecom,Bihar,Data Network,2022-04-10,2022-09-07,2027-05-07,2027-05-07,150.0,150.0,PAI26-100713,OCMS-2024-10713,PMG-50713
PAI-00715,Road Widening Project 715 - Madhya Pradesh,Ministry of Road Transport & Highways,NHIDCL,Roads,Madhya Pradesh,Road Widening,2023-08-19,2024-02-10,2027-05-10,2027-06-07,168.89,182.11,PAI26-100714,OCMS-2018-10714,PMG-50714
PAI-00716,Bridge Project 716 - Madhya Pradesh,Ministry of Railways,RVNL,Railways,Madhya Pradesh,Bridge,2023-05-30,2023-08-17,2025-12-17,2026-01-09,150.0,150.0,PAI26-100715,OCMS-2019-10715,PMG-50715
PAI-00717,Generation Project 717 - Rajasthan,Ministry of Power,Power Grid Corporation,Power,Rajasthan,Generation,2022-08-04,2022-10-20,2026-09-20,2026-12-13,173.55,173.55,PAI26-100716,OCMS-2020-10716,PMG-50716
PAI-00718,Dredging Project 718 - Odisha,"Ministry of Ports, Shipping & Waterways",Sagarmala Development Corporation,Ports & Waterways,Odisha,Dredging,2023-06-03,2024-03-20,2029-03-20,2029-03-20,203.6,203.6,PAI26-100717,OCMS-2021-10717,PMG-50717
PAI-00719,Runway Project 719 - Tamil Nadu,Ministry of Civil Aviation,Civil Aviation Authority,Civil Aviation,Tamil Nadu,Runway,2022-08-08,2023-02-11,2027-10-11,2027-11-27,150.0,171.35,PAI26-100718,OCMS-2022-10718,PMG-50718
PAI-00720,Fiber Network Project 720 - Gujarat,Ministry of Telecommunications,RailTel,Telecom,Gujarat,Fiber Network,2022-09-07,2023-04-15,2026-10-15,2027-04-27,150.0,174.69,PAI26-100719,OCMS-2023-10719,PMG-50719
PAI-00721,Expressway Project 721 - Tamil Nadu,Ministry of Road Transport & Highways,MoRTH,Roads,Tamil Nadu,Expressway,2023-10-15,2024-02-11,2027-05-11,2027-10-12,150.0,170.5,PAI26-100720,OCMS-2024-10720,PMG-50720
PAI-00722,Station Redevelopment Project 722 - Telangana,Ministry of Railways,IRCON,Railways,Telangana,Station Redevelopment,2023-04-15,2023-12-15,2027-10-15,2027-12-09,304.37,377.71,PAI26-100721,OCMS-2018-10721,PMG-50721
PAI-00723,Grid Modernisation Project 723 - Chhattisgarh,Ministry of Power,NTPC,Power,Chhattisgarh,Grid Modernisation,2022-11-12,2023-04-22,2026-10-22,2027-07-08,427.0,577.15,PAI26-100722,OCMS-2019-10722,PMG-50722
PAI-00724,Port Expansion Project 724 - Sikkim,"Ministry of Ports, Shipping & Waterways",Major Port Authority,Ports & Waterways,Sikkim,Port Expansion,2022-01-03,2022-09-20,2025-07-20,2025-11-26,230.92,271.41,PAI26-100723,OCMS-2020-10723,PMG-50723
PAI-00725,Airport Expansion Project 725 - Maharashtra,Ministry of Civil Aviation,Civil Aviation Authority,Civil Aviation,Maharashtra,Airport Expansion,2022-07-02,2022-12-24,2025-11-24,2026-01-09,150.0,157.99,PAI26-100724,OCMS-2021-10724,PMG-50724
PAI-00726,5G Infrastructure Project 726 - Telangana,Ministry of Telecommunications,RailTel,Telecom,Telangana,5G Infrastructure,2022-08-02,2023-03-13,2025-07-13,2025-07-21,254.68,260.98,PAI26-100725,OCMS-2022-10725,PMG-50725
PAI-00727,Bridge Project 727 - Odisha,Ministry of Road Transport & Highways,NHIDCL,Roads,Odisha,Bridge,2023-02-11,2023-09-03,2028-04-03,2028-07-21,409.84,456.9,PAI26-100726,OCMS-2023-10726,PMG-50726
PAI-00728,Bridge Project 728 - Punjab,Ministry of Railways,IRCON,Railways,Punjab,Bridge,2023-05-31,2024-01-28,2026-05-28,2026-06-17,163.99,170.28,PAI26-100727,OCMS-2024-10727,PMG-50727
PAI-00729,Transmission Project 729 - Andhra Pradesh,Ministry of Power,Power Grid Corporation,Power,Andhra Pradesh,Transmission,2022-02-04,2022-06-28,2027-02-28,2027-06-25,317.9,350.51,PAI26-100728,OCMS-2018-10728,PMG-50728
PAI-00730,Inland Waterway Project 730 - Odisha,"Ministry of Ports, Shipping & Waterways",IWAI,Ports & Waterways,Odisha,Inland Waterway,2022-07-09,2022-12-06,2025-12-06,2025-12-06,210.01,213.35,PAI26-100729,OCMS-2019-10729,PMG-50729
PAI-00731,Air Navigation Project 731 - Jharkhand,Ministry of Civil Aviation,AAI,Civil Aviation,Jharkhand,Air Navigation,2022-12-31,2023-06-28,2027-03-28,2027-03-28,771.62,828.52,PAI26-100730,OCMS-2020-10730,PMG-50730
PAI-00732,Tower Infrastructure Project 732 - Chhattisgarh,Ministry of Telecommunications,RailTel,Telecom,Chhattisgarh,Tower Infrastructure,2023-10-13,2024-01-05,2029-01-05,2029-02-05,1003.22,1003.22,PAI26-100731,OCMS-2021-10731,PMG-50731
PAI-00733,Road Widening Project 733 - Punjab,Ministry of Road Transport & Highways,NHAI,Roads,Punjab,Road Widening,2022-04-19,2022-07-27,2025-04-27,2025-08-09,244.74,250.29,PAI26-100732,OCMS-2022-10732,PMG-50732
PAI-00734,Bridge Project 734 - Rajasthan,Ministry of Railways,IRCON,Railways,Rajasthan,Bridge,2022-05-29,2022-12-23,2025-05-23,2025-06-02,503.77,503.77,PAI26-100733,OCMS-2023-10733,PMG-50733
PAI-00735,Substation Project 735 - Karnataka,Ministry of Power,NHPC,Power,Karnataka,Substation,2022-01-20,2022-10-25,2027-09-25,2027-12-05,150.0,151.86,PAI26-100734,OCMS-2024-10734,PMG-50734
PAI-00736,Inland Waterway Project 736 - Maharashtra,"Ministry of Ports, Shipping & Waterways",Major Port Authority,Ports & Waterways,Maharashtra,Inland Waterway,2023-07-10,2023-10-10,2025-10-10,2025-10-10,150.0,156.98,PAI26-100735,OCMS-2018-10735,PMG-50735
PAI-00737,Runway Project 737 - Kerala,Ministry of Civil Aviation,AAI,Civil Aviation,Kerala,Runway,2023-06-14,2023-09-01,2026-04-01,2026-04-27,150.0,166.61,PAI26-100736,OCMS-2019-10736,PMG-50736
PAI-00738,Data Network Project 738 - Punjab,Ministry of Telecommunications,BSNL,Telecom,Punjab,Data Network,2023-03-08,2023-09-03,2027-03-03,2027-05-21,276.71,296.25,PAI26-100737,OCMS-2020-10737,PMG-50737
PAI-00739,Expressway Project 739 - Gujarat,Ministry of Road Transport & Highways,MoRTH,Roads,Gujarat,Expressway,2023-09-13,2024-05-19,2028-12-19,2029-02-14,156.09,188.29,PAI26-100738,OCMS-2021-10738,PMG-50738
PAI-00740,Station Redevelopment Project 740 - Chhattisgarh,Ministry of Railways,Indian Railways,Railways,Chhattisgarh,Station Redevelopment,2023-03-28,2023-10-28,2028-08-28,2028-11-04,265.26,278.13,PAI26-100739,OCMS-2022-10739,PMG-50739
PAI-00741,Generation Project 741 - Rajasthan,Ministry of Power,NHPC,Power,Rajasthan,Generation,2022-08-04,2023-02-20,2028-01-20,2028-01-31,150.0,156.45,PAI26-100740,OCMS-2023-10740,PMG-50740
PAI-00742,Inland Waterway Project 742 - Kerala,"Ministry of Ports, Shipping & Waterways",IWAI,Ports & Waterways,Kerala,Inland Waterway,2023-01-14,2023-11-08,2028-10-08,2028-10-08,265.3,273.06,PAI26-100741,OCMS-2024-10741,PMG-50741
PAI-00743,Air Navigation Project 743 - Chhattisgarh,Ministry of Civil Aviation,AAI Engineering,Civil Aviation,Chhattisgarh,Air Navigation,2022-12-09,2023-08-09,2027-03-09,2027-03-09,160.52,175.53,PAI26-100742,OCMS-2018-10742,PMG-50742
PAI-00744,Data Network Project 744 - Jharkhand,Ministry of Telecommunications,RailTel,Telecom,Jharkhand,Data Network,2023-07-08,2024-01-22,2026-02-22,2026-03-23,176.57,189.71,PAI26-100743,OCMS-2019-10743,PMG-50743
PAI-00745,Expressway Project 745 - Bihar,Ministry of Road Transport & Highways,NHIDCL,Roads,Bihar,Expressway,2023-04-02,2023-09-25,2027-02-25,2027-06-30,150.0,180.28,PAI26-100744,OCMS-2020-10744,PMG-50744
PAI-00746,Bridge Project 746 - Madhya Pradesh,Ministry of Railways,IRCON,Railways,Madhya Pradesh,Bridge,2023-11-10,2024-07-08,2026-09-08,2027-01-21,150.0,187.9,PAI26-100745,OCMS-2021-10745,PMG-50745
PAI-00747,Transmission Project 747 - Punjab,Ministry of Power,Power Grid Corporation,Power,Punjab,Transmission,2022-09-18,2023-02-14,2027-01-14,2027-02-28,274.83,300.45,PAI26-100746,OCMS-2022-10746,PMG-50746
PAI-00748,Inland Waterway Project 748 - Assam,"Ministry of Ports, Shipping & Waterways",Sagarmala Development Corporation,Ports & Waterways,Assam,Inland Waterway,2022-12-17,2023-05-28,2027-07-28,2028-04-09,156.99,214.93,PAI26-100747,OCMS-2023-10747,PMG-50747
PAI-00749,Airport Expansion Project 749 - Telangana,Ministry of Civil Aviation,Civil Aviation Authority,Civil Aviation,Telangana,Airport Expansion,2022-08-04,2023-03-29,2027-11-29,2027-11-29,150.0,159.55,PAI26-100748,OCMS-2024-10748,PMG-50748
PAI-00750,Tower Infrastructure Project 750 - Chhattisgarh,Ministry of Telecommunications,BSNL,Telecom,Chhattisgarh,Tower Infrastructure,2022-11-01,2023-08-08,2028-08-08,2028-09-13,251.51,269.29,PAI26-100749,OCMS-2018-10749,PMG-50749
