milestone_id,internal_project_id,milestone_name,planned_date,actual_date,status,delay_days
MS-00001-04-01,PAI-00001,Milestone 4-1,2024-06-05,2024-06-05,COMPLETED,0
MS-00001-08-01,PAI-00001,Milestone 8-1,2024-09-16,,DELAYED,0
MS-00001-08-02,PAI-00001,Milestone 8-2,2024-11-11,2024-11-11,COMPLETED,0
MS-00001-12-01,PAI-00001,Milestone 12-1,2025-03-03,2025-04-02,COMPLETED,30
MS-00001-12-02,PAI-00001,Milestone 12-2,2025-02-04,,DELAYED,0
MS-00001-16-01,PAI-00001,Milestone 16-1,2025-06-06,2025-06-06,COMPLETED,0
MS-00001-16-02,PAI-00001,Milestone 16-2,2025-07-04,2025-07-13,COMPLETED,9
MS-00001-20-01,PAI-00001,Milestone 20-1,2025-10-10,2025-10-17,COMPLETED,7
MS-00001-20-02,PAI-00001,Milestone 20-2,2025-11-02,2025-11-15,COMPLETED,13
MS-00001-24-01,PAI-00001,Milestone 24-1,2026-02-21,,DELAYED,0
MS-00002-04-01,PAI-00002,Milestone 4-1,2024-07-09,2024-08-07,COMPLETED,29
MS-00002-04-02,PAI-00002,Milestone 4-2,2024-05-27,2024-06-22,COMPLETED,26
MS-00002-08-01,PAI-00002,Milestone 8-1,2024-11-16,2024-12-07,COMPLETED,21
MS-00002-08-02,PAI-00002,Milestone 8-2,2024-09-24,2024-10-27,COMPLETED,33
MS-00002-12-01,PAI-00002,Milestone 12-1,2025-02-17,,DELAYED,0
MS-00002-16-01,PAI-00002,Milestone 16-1,2025-05-25,2025-07-12,COMPLETED,48
MS-00002-20-01,PAI-00002,Milestone 20-1,2025-09-26,2025-10-09,COMPLETED,13
MS-00002-24-01,PAI-00002,Milestone 24-1,2026-01-17,2026-03-11,COMPLETED,53
MS-00002-24-02,PAI-00002,Milestone 24-2,2026-01-24,2026-02-24,COMPLETED,31
MS-00003-04-01,PAI-00003,Milestone 4-1,2024-06-10,,DELAYED,0
MS-00003-08-01,PAI-00003,Milestone 8-1,2024-09-16,,DELAYED,0
MS-00003-08-02,PAI-00003,Milestone 8-2,2024-09-23,,DELAYED,0
MS-00003-12-01,PAI-00003,Milestone 12-1,2025-03-03,2025-03-03,COMPLETED,0
MS-00003-16-01,PAI-00003,Milestone 16-1,2025-05-10,,DELAYED,0
MS-00003-16-02,PAI-00003,Milestone 16-2,2025-06-18,2025-07-05,COMPLETED,17
MS-00003-20-01,PAI-00003,Milestone 20-1,2025-10-17,2025-11-11,COMPLETED,25
MS-00003-20-02,PAI-00003,Milestone 20-2,2025-10-30,2025-10-30,COMPLETED,0
MS-00003-24-01,PAI-00003,Milestone 24-1,2026-02-26,2026-04-02,COMPLETED,35
MS-00004-04-01,PAI-00004,Milestone 4-1,2024-07-14,,DELAYED,0
MS-00004-04-02,PAI-00004,Milestone 4-2,2024-07-16,,DELAYED,0
MS-00004-08-01,PAI-00004,Milestone 8-1,2024-10-09,2024-10-30,COMPLETED,21
MS-00004-12-01,PAI-00004,Milestone 12-1,2025-03-08,2025-03-25,COMPLETED,17
MS-00004-12-02,PAI-00004,Milestone 12-2,2025-03-02,,DELAYED,0
MS-00004-16-01,PAI-00004,Milestone 16-1,2025-05-19,2025-07-04,COMPLETED,46
MS-00004-16-02,PAI-00004,Milestone 16-2,2025-06-26,,DELAYED,0
MS-00004-20-01,PAI-00004,Milestone 20-1,2025-10-23,2025-11-28,COMPLETED,36
MS-00004-20-02,PAI-00004,Milestone 20-2,2025-10-26,2025-11-08,COMPLETED,13
MS-00004-24-01,PAI-00004,Milestone 24-1,2026-02-20,,DELAYED,0
MS-00005-04-01,PAI-00005,Milestone 4-1,2024-07-03,2024-07-30,COMPLETED,27
MS-00005-08-01,PAI-00005,Milestone 8-1,2024-11-04,2024-11-06,COMPLETED,2
MS-00005-08-02,PAI-00005,Milestone 8-2,2024-11-03,2024-11-18,COMPLETED,15
MS-00005-12-01,PAI-00005,Milestone 12-1,2025-01-14,2025-01-14,COMPLETED,0
MS-00005-12-02,PAI-00005,Milestone 12-2,2025-03-13,2025-04-28,COMPLETED,46
MS-00005-16-01,PAI-00005,Milestone 16-1,2025-06-27,2025-08-09,COMPLETED,43
MS-00005-20-01,PAI-00005,Milestone 20-1,2025-09-25,,DELAYED,0
MS-00005-24-01,PAI-00005,Milestone 24-1,2026-01-25,2026-01-25,COMPLETED,0
MS-00006-04-01,PAI-00006,Milestone 4-1,2024-07-08,2024-09-04,COMPLETED,58
MS-00006-08-01,PAI-00006,Milestone 8-1,2024-09-29,,DELAYED,0
MS-00006-08-02,PAI-00006,Milestone 8-2,2024-10-09,2024-12-01,COMPLETED,53
MS-00006-12-01,PAI-00006,Milestone 12-1,2025-03-05,,DELAYED,0
MS-00006-16-01,PAI-00006,Milestone 16-1,2025-07-13,,DELAYED,0
MS-00006-16-02,PAI-00006,Milestone 16-2,2025-06-02,,DELAYED,0
MS-00006-20-01,PAI-00006,Milestone 20-1,2025-10-08,,DELAYED,0
MS-00006-24-01,PAI-00006,Milestone 24-1,2026-03-04,,DELAYED,0
MS-00006-24-02,PAI-00006,Milestone 24-2,2026-02-03,2026-04-22,COMPLETED,78
MS-00007-04-01,PAI-00007,Milestone 4-1,2024-05-28,2024-06-26,COMPLETED,29
MS-00007-04-02,PAI-00007,Milestone 4-2,2024-06-07,2024-06-29,COMPLETED,22
MS-00007-08-01,PAI-00007,Milestone 8-1,2024-10-23,2024-10-23,COMPLETED,0
MS-00007-08-02,PAI-00007,Milestone 8-2,2024-10-03,2024-10-03,COMPLETED,0
MS-00007-12-01,PAI-00007,Milestone 12-1,2025-03-13,2025-03-29,COMPLETED,16
MS-00007-12-02,PAI-00007,Milestone 12-2,2025-02-11,2025-02-11,COMPLETED,0
MS-00007-16-01,PAI-00007,Milestone 16-1,2025-07-13,,DELAYED,0
MS-00007-20-01,PAI-00007,Milestone 20-1,2025-09-24,2025-10-22,COMPLETED,28
MS-00007-24-01,PAI-00007,Milestone 24-1,2026-02-18,,DELAYED,0
MS-00008-04-01,PAI-00008,Milestone 4-1,2024-05-12,2024-05-12,COMPLETED,0
MS-00008-04-02,PAI-00008,Milestone 4-2,2024-07-08,,DELAYED,0
MS-00008-08-01,PAI-00008,Milestone 8-1,2024-10-21,2024-10-21,COMPLETED,0
MS-00008-12-01,PAI-00008,Milestone 12-1,2025-02-23,2025-03-09,COMPLETED,14
MS-00008-16-01,PAI-00008,Milestone 16-1,2025-07-16,2025-08-07,COMPLETED,22
MS-00008-16-02,PAI-00008,Milestone 16-2,2025-06-18,2025-07-17,COMPLETED,29
MS-00008-20-01,PAI-00008,Milestone 20-1,2025-10-18,2025-10-18,COMPLETED,0
MS-00008-24-01,PAI-00008,Milestone 24-1,2026-02-05,2026-02-25,COMPLETED,20
MS-00008-24-02,PAI-00008,Milestone 24-2,2026-02-18,2026-02-18,COMPLETED,0
MS-00009-04-01,PAI-00009,Milestone 4-1,2024-05-24,,DELAYED,0
MS-00009-04-02,PAI-00009,Milestone 4-2,2024-06-24,,DELAYED,0
MS-00009-08-01,PAI-00009,Milestone 8-1,2024-11-10,,DELAYED,0
MS-00009-08-02,PAI-00009,Milestone 8-2,2024-09-30,2024-12-12,COMPLETED,73
MS-00009-12-01,PAI-00009,Milestone 12-1,2025-02-23,2025-05-03,COMPLETED,69
MS-00009-16-01,PAI-00009,Milestone 16-1,2025-07-14,2025-08-20,COMPLETED,37
MS-00009-20-01,PAI-00009,Milestone 20-1,2025-10-24,,DELAYED,0
MS-00009-20-02,PAI-00009,Milestone 20-2,2025-10-09,2025-10-28,COMPLETED,19
MS-00009-24-01,PAI-00009,Milestone 24-1,2026-02-27,2026-05-02,COMPLETED,64
MS-00010-04-01,PAI-00010,Milestone 4-1,2024-05-12,2024-06-10,COMPLETED,29
MS-00010-08-01,PAI-00010,Milestone 8-1,2024-09-30,2024-10-14,COMPLETED,14
MS-00010-12-01,PAI-00010,Milestone 12-1,2025-02-07,2025-02-21,COMPLETED,14
MS-00010-16-01,PAI-00010,Milestone 16-1,2025-07-10,2025-08-21,COMPLETED,42
MS-00010-20-01,PAI-00010,Milestone 20-1,2025-10-15,2025-10-15,COMPLETED,0
MS-00010-24-01,PAI-00010,Milestone 24-1,2026-03-15,,DELAYED,0
MS-00010-24-02,PAI-00010,Milestone 24-2,2026-01-30,2026-04-12,COMPLETED,72
MS-00011-04-01,PAI-00011,Milestone 4-1,2024-07-08,,DELAYED,0
MS-00011-04-02,PAI-00011,Milestone 4-2,2024-05-17,2024-05-17,COMPLETED,0
MS-00011-08-01,PAI-00011,Milestone 8-1,2024-10-05,2024-10-31,COMPLETED,26
MS-00011-08-02,PAI-00011,Milestone 8-2,2024-10-20,2024-10-21,COMPLETED,1
MS-00011-12-01,PAI-00011,Milestone 12-1,2025-03-17,2025-04-24,COMPLETED,38
MS-00011-16-01,PAI-00011,Milestone 16-1,2025-06-21,2025-07-11,COMPLETED,20
MS-00011-20-01,PAI-00011,Milestone 20-1,2025-11-04,2025-11-15,COMPLETED,11
MS-00011-20-02,PAI-00011,Milestone 20-2,2025-10-24,,DELAYED,0
MS-00011-24-01,PAI-00011,Milestone 24-1,2026-01-13,2026-03-07,COMPLETED,53
MS-00011-24-02,PAI-00011,Milestone 24-2,2026-02-17,,DELAYED,0
MS-00012-04-01,PAI-00012,Milestone 4-1,2024-05-18,2024-05-22,COMPLETED,4
MS-00012-04-02,PAI-00012,Milestone 4-2,2024-07-13,,DELAYED,0
MS-00012-08-01,PAI-00012,Milestone 8-1,2024-11-08,2024-12-15,COMPLETED,37
MS-00012-08-02,PAI-00012,Milestone 8-2,2024-09-30,2024-10-09,COMPLETED,9
MS-00012-12-01,PAI-00012,Milestone 12-1,2025-01-25,2025-02-11,COMPLETED,17
MS-00012-12-02,PAI-00012,Milestone 12-2,2025-01-29,2025-03-22,COMPLETED,52
MS-00012-16-01,PAI-00012,Milestone 16-1,2025-05-27,,DELAYED,0
MS-00012-20-01,PAI-00012,Milestone 20-1,2025-10-27,,DELAYED,0
MS-00012-24-01,PAI-00012,Milestone 24-1,2026-01-15,2026-01-23,COMPLETED,8
MS-00012-24-02,PAI-00012,Milestone 24-2,2026-03-06,2026-04-20,COMPLETED,45
MS-00013-04-01,PAI-00013,Milestone 4-1,2024-05-30,2024-05-30,COMPLETED,0
MS-00013-04-02,PAI-00013,Milestone 4-2,2024-06-16,2024-07-15,COMPLETED,29
MS-00013-08-01,PAI-00013,Milestone 8-1,2024-10-03,2024-10-14,COMPLETED,11
MS-00013-12-01,PAI-00013,Milestone 12-1,2025-03-16,,DELAYED,0
MS-00013-12-02,PAI-00013,Milestone 12-2,2025-01-14,2025-03-02,COMPLETED,47
MS-00013-16-01,PAI-00013,Milestone 16-1,2025-05-11,2025-05-11,COMPLETED,0
MS-00013-20-01,PAI-00013,Milestone 20-1,2025-09-12,,DELAYED,0
MS-00013-24-01,PAI-00013,Milestone 24-1,2026-01-12,2026-01-14,COMPLETED,2
MS-00013-24-02,PAI-00013,Milestone 24-2,2026-01-21,,DELAYED,0
MS-00014-04-01,PAI-00014,Milestone 4-1,2024-07-17,2024-07-31,COMPLETED,14
MS-00014-08-01,PAI-00014,Milestone 8-1,2024-11-17,2024-11-26,COMPLETED,9
MS-00014-12-01,PAI-00014,Milestone 12-1,2025-03-03,2025-03-24,COMPLETED,21
MS-00014-12-02,PAI-00014,Milestone 12-2,2025-02-12,2025-02-12,COMPLETED,0
MS-00014-16-01,PAI-00014,Milestone 16-1,2025-05-15,,DELAYED,0
MS-00014-16-02,PAI-00014,Milestone 16-2,2025-06-29,,DELAYED,0
MS-00014-20-01,PAI-00014,Milestone 20-1,2025-09-28,2025-10-01,COMPLETED,3
MS-00014-24-01,PAI-00014,Milestone 24-1,2026-02-28,2026-03-26,COMPLETED,26
MS-00014-24-02,PAI-00014,Milestone 24-2,2026-01-21,2026-01-21,COMPLETED,0
MS-00015-04-01,PAI-00015,Milestone 4-1,2024-06-27,2024-07-21,COMPLETED,24
MS-00015-08-01,PAI-00015,Milestone 8-1,2024-11-07,,DELAYED,0
MS-00015-08-02,PAI-00015,Milestone 8-2,2024-09-28,,DELAYED,0
MS-00015-12-01,PAI-00015,Milestone 12-1,2025-03-13,2025-05-07,COMPLETED,55
MS-00015-12-02,PAI-00015,Milestone 12-2,2025-03-03,,DELAYED,0
MS-00015-16-01,PAI-00015,Milestone 16-1,2025-05-17,2025-06-02,COMPLETED,16
MS-00015-16-02,PAI-00015,Milestone 16-2,2025-06-28,,DELAYED,0
MS-00015-20-01,PAI-00015,Milestone 20-1,2025-10-07,,DELAYED,0
MS-00015-24-01,PAI-00015,Milestone 24-1,2026-03-15,2026-04-26,COMPLETED,42
MS-00016-04-01,PAI-00016,Milestone 4-1,2024-07-13,,DELAYED,0
MS-00016-04-02,PAI-00016,Milestone 4-2,2024-06-08,2024-06-08,COMPLETED,0
MS-00016-08-01,PAI-00016,Milestone 8-1,2024-11-14,,DELAYED,0
MS-00016-08-02,PAI-00016,Milestone 8-2,2024-11-09,2024-12-18,COMPLETED,39
MS-00016-12-01,PAI-00016,Milestone 12-1,2025-02-08,2025-03-04,COMPLETED,24
MS-00016-12-02,PAI-00016,Milestone 12-2,2025-02-20,,DELAYED,0
MS-00016-16-01,PAI-00016,Milestone 16-1,2025-06-02,,DELAYED,0
MS-00016-16-02,PAI-00016,Milestone 16-2,2025-05-19,2025-06-20,COMPLETED,32
MS-00016-20-01,PAI-00016,Milestone 20-1,2025-09-10,,DELAYED,0
MS-00016-24-01,PAI-00016,Milestone 24-1,2026-02-16,,DELAYED,0
MS-00017-04-01,PAI-00017,Milestone 4-1,2024-07-12,2024-08-12,COMPLETED,31
MS-00017-08-01,PAI-00017,Milestone 8-1,2024-10-03,2024-10-08,COMPLETED,5
MS-00017-08-02,PAI-00017,Milestone 8-2,2024-10-26,2024-12-18,COMPLETED,53
MS-00017-12-01,PAI-00017,Milestone 12-1,2025-03-20,,DELAYED,0
MS-00017-12-02,PAI-00017,Milestone 12-2,2025-03-12,,DELAYED,0
MS-00017-16-01,PAI-00017,Milestone 16-1,2025-05-28,,DELAYED,0
MS-00017-20-01,PAI-00017,Milestone 20-1,2025-10-16,,DELAYED,0
MS-00017-20-02,PAI-00017,Milestone 20-2,2025-10-20,2025-12-04,COMPLETED,45
MS-00017-24-01,PAI-00017,Milestone 24-1,2026-02-14,2026-02-27,COMPLETED,13
MS-00017-24-02,PAI-00017,Milestone 24-2,2026-01-13,2026-02-22,COMPLETED,40
MS-00018-04-01,PAI-00018,Milestone 4-1,2024-07-06,2024-08-19,COMPLETED,44
MS-00018-04-02,PAI-00018,Milestone 4-2,2024-07-18,,DELAYED,0
MS-00018-08-01,PAI-00018,Milestone 8-1,2024-11-07,,DELAYED,0
MS-00018-08-02,PAI-00018,Milestone 8-2,2024-10-06,,DELAYED,0
MS-00018-12-01,PAI-00018,Milestone 12-1,2025-03-12,,DELAYED,0
MS-00018-12-02,PAI-00018,Milestone 12-2,2025-01-11,2025-01-11,COMPLETED,0
MS-00018-16-01,PAI-00018,Milestone 16-1,2025-07-01,2025-08-21,COMPLETED,51
MS-00018-16-02,PAI-00018,Milestone 16-2,2025-06-02,,DELAYED,0
MS-00018-20-01,PAI-00018,Milestone 20-1,2025-10-15,,DELAYED,0
MS-00018-24-01,PAI-00018,Milestone 24-1,2026-03-04,2026-03-04,COMPLETED,0
MS-00018-24-02,PAI-00018,Milestone 24-2,2026-03-10,2026-03-10,COMPLETED,0
MS-00019-04-01,PAI-00019,Milestone 4-1,2024-06-30,,DELAYED,0
MS-00019-04-02,PAI-00019,Milestone 4-2,2024-05-21,2024-06-20,COMPLETED,30
MS-00019-08-01,PAI-00019,Milestone 8-1,2024-11-17,2024-12-04,COMPLETED,17
MS-00019-12-01,PAI-00019,Milestone 12-1,2025-02-20,,DELAYED,0
MS-00019-12-02,PAI-00019,Milestone 12-2,2025-02-02,2025-02-24,COMPLETED,22
MS-00019-16-01,PAI-00019,Milestone 16-1,2025-06-24,2025-07-06,COMPLETED,12
MS-00019-16-02,PAI-00019,Milestone 16-2,2025-06-03,,DELAYED,0
MS-00019-20-01,PAI-00019,Milestone 20-1,2025-09-29,2025-09-29,COMPLETED,0
MS-00019-24-01,PAI-00019,Milestone 24-1,2026-02-27,2026-03-27,COMPLETED,28
MS-00020-04-01,PAI-00020,Milestone 4-1,2024-06-09,,DELAYED,0
MS-00020-04-02,PAI-00020,Milestone 4-2,2024-07-13,,DELAYED,0
MS-00020-08-01,PAI-00020,Milestone 8-1,2024-10-22,2024-12-17,COMPLETED,56
MS-00020-08-02,PAI-00020,Milestone 8-2,2024-09-23,2024-10-21,COMPLETED,28
MS-00020-12-01,PAI-00020,Milestone 12-1,2025-02-27,,DELAYED,0
MS-00020-12-02,PAI-00020,Milestone 12-2,2025-02-14,,DELAYED,0
MS-00020-16-01,PAI-00020,Milestone 16-1,2025-06-12,,DELAYED,0
MS-00020-20-01,PAI-00020,Milestone 20-1,2025-10-09,2025-11-20,COMPLETED,42
MS-00020-24-01,PAI-00020,Milestone 24-1,2026-02-27,,DELAYED,0
MS-00020-24-02,PAI-00020,Milestone 24-2,2026-02-18,2026-03-15,COMPLETED,25
MS-00021-04-01,PAI-00021,Milestone 4-1,2024-06-20,,DELAYED,0
MS-00021-04-02,PAI-00021,Milestone 4-2,2024-05-15,,DELAYED,0
MS-00021-08-01,PAI-00021,Milestone 8-1,2024-11-16,2024-12-11,COMPLETED,25
MS-00021-08-02,PAI-00021,Milestone 8-2,2024-09-29,2024-11-08,COMPLETED,40
MS-00021-12-01,PAI-00021,Milestone 12-1,2025-02-07,,DELAYED,0
MS-00021-12-02,PAI-00021,Milestone 12-2,2025-03-14,2025-04-28,COMPLETED,45
MS-00021-16-01,PAI-00021,Milestone 16-1,2025-05-31,2025-06-08,COMPLETED,8
MS-00021-16-02,PAI-00021,Milestone 16-2,2025-07-16,2025-08-20,COMPLETED,35
MS-00021-20-01,PAI-00021,Milestone 20-1,2025-11-14,2025-11-14,COMPLETED,0
MS-00021-24-01,PAI-00021,Milestone 24-1,2026-01-10,2026-02-06,COMPLETED,27
MS-00021-24-02,PAI-00021,Milestone 24-2,2026-02-04,,DELAYED,0
MS-00022-04-01,PAI-00022,Milestone 4-1,2024-06-09,,DELAYED,0
MS-00022-08-01,PAI-00022,Milestone 8-1,2024-11-13,2024-11-19,COMPLETED,6
MS-00022-08-02,PAI-00022,Milestone 8-2,2024-09-18,2024-09-26,COMPLETED,8
MS-00022-12-01,PAI-00022,Milestone 12-1,2025-02-21,2025-02-23,COMPLETED,2
MS-00022-12-02,PAI-00022,Milestone 12-2,2025-02-08,2025-02-12,COMPLETED,4
MS-00022-16-01,PAI-00022,Milestone 16-1,2025-06-09,,DELAYED,0
MS-00022-16-02,PAI-00022,Milestone 16-2,2025-05-14,2025-05-21,COMPLETED,7
MS-00022-20-01,PAI-00022,Milestone 20-1,2025-09-18,2025-09-29,COMPLETED,11
MS-00022-20-02,PAI-00022,Milestone 20-2,2025-11-11,2025-11-11,COMPLETED,0
MS-00022-24-01,PAI-00022,Milestone 24-1,2026-01-25,2026-01-25,COMPLETED,0
MS-00022-24-02,PAI-00022,Milestone 24-2,2026-01-30,2026-02-03,COMPLETED,4
MS-00023-04-01,PAI-00023,Milestone 4-1,2024-07-09,,DELAYED,0
MS-00023-04-02,PAI-00023,Milestone 4-2,2024-06-26,2024-07-18,COMPLETED,22
MS-00023-08-01,PAI-00023,Milestone 8-1,2024-11-15,,DELAYED,0
MS-00023-08-02,PAI-00023,Milestone 8-2,2024-10-04,2024-10-04,COMPLETED,0
MS-00023-12-01,PAI-00023,Milestone 12-1,2025-01-28,,DELAYED,0
MS-00023-12-02,PAI-00023,Milestone 12-2,2025-03-16,2025-03-30,COMPLETED,14
MS-00023-16-01,PAI-00023,Milestone 16-1,2025-06-05,,DELAYED,0
MS-00023-16-02,PAI-00023,Milestone 16-2,2025-06-23,2025-07-15,COMPLETED,22
MS-00023-20-01,PAI-00023,Milestone 20-1,2025-10-14,2025-10-14,COMPLETED,0
MS-00023-20-02,PAI-00023,Milestone 20-2,2025-09-14,2025-09-16,COMPLETED,2
MS-00023-24-01,PAI-00023,Milestone 24-1,2026-02-16,,DELAYED,0
MS-00024-04-01,PAI-00024,Milestone 4-1,2024-05-16,2024-05-16,COMPLETED,0
MS-00024-04-02,PAI-00024,Milestone 4-2,2024-05-29,,DELAYED,0
MS-00024-08-01,PAI-00024,Milestone 8-1,2024-11-14,2024-11-14,COMPLETED,0
MS-00024-08-02,PAI-00024,Milestone 8-2,2024-11-10,2024-12-05,COMPLETED,25
MS-00024-12-01,PAI-00024,Milestone 12-1,2025-03-14,2025-03-14,COMPLETED,0
MS-00024-16-01,PAI-00024,Milestone 16-1,2025-06-26,2025-07-14,COMPLETED,18
MS-00024-16-02,PAI-00024,Milestone 16-2,2025-07-11,2025-07-31,COMPLETED,20
MS-00024-20-01,PAI-00024,Milestone 20-1,2025-09-25,2025-11-12,COMPLETED,48
MS-00024-24-01,PAI-00024,Milestone 24-1,2026-01-26,2026-01-28,COMPLETED,2
MS-00024-24-02,PAI-00024,Milestone 24-2,2026-02-14,2026-03-10,COMPLETED,24
MS-00025-04-01,PAI-00025,Milestone 4-1,2024-05-14,,DELAYED,0
MS-00025-04-02,PAI-00025,Milestone 4-2,2024-05-24,2024-07-10,COMPLETED,47
MS-00025-08-01,PAI-00025,Milestone 8-1,2024-10-22,,DELAYED,0
MS-00025-12-01,PAI-00025,Milestone 12-1,2025-02-09,2025-03-11,COMPLETED,30
MS-00025-12-02,PAI-00025,Milestone 12-2,2025-01-19,,DELAYED,0
MS-00025-16-01,PAI-00025,Milestone 16-1,2025-06-05,,DELAYED,0
MS-00025-16-02,PAI-00025,Milestone 16-2,2025-05-27,2025-07-22,COMPLETED,56
MS-00025-20-01,PAI-00025,Milestone 20-1,2025-11-07,2025-12-19,COMPLETED,42
MS-00025-20-02,PAI-00025,Milestone 20-2,2025-10-09,,DELAYED,0
MS-00025-24-01,PAI-00025,Milestone 24-1,2026-02-03,,DELAYED,0
MS-00025-24-02,PAI-00025,Milestone 24-2,2026-01-25,,DELAYED,0
MS-00026-04-01,PAI-00026,Milestone 4-1,2024-05-16,,DELAYED,0
MS-00026-08-01,PAI-00026,Milestone 8-1,2024-09-29,2024-11-08,COMPLETED,40
MS-00026-12-01,PAI-00026,Milestone 12-1,2025-03-05,,DELAYED,0
MS-00026-16-01,PAI-00026,Milestone 16-1,2025-06-02,2025-07-01,COMPLETED,29
MS-00026-16-02,PAI-00026,Milestone 16-2,2025-05-19,2025-05-19,COMPLETED,0
MS-00026-20-01,PAI-00026,Milestone 20-1,2025-10-18,,DELAYED,0
MS-00026-24-01,PAI-00026,Milestone 24-1,2026-01-26,2026-01-29,COMPLETED,3
MS-00027-04-01,PAI-00027,Milestone 4-1,2024-07-18,2024-07-23,COMPLETED,5
MS-00027-04-02,PAI-00027,Milestone 4-2,2024-07-05,2024-09-22,COMPLETED,79
MS-00027-08-01,PAI-00027,Milestone 8-1,2024-09-28,,DELAYED,0
MS-00027-08-02,PAI-00027,Milestone 8-2,2024-10-23,2024-12-25,COMPLETED,63
MS-00027-12-01,PAI-00027,Milestone 12-1,2025-01-29,,DELAYED,0
MS-00027-12-02,PAI-00027,Milestone 12-2,2025-01-30,,DELAYED,0
MS-00027-16-01,PAI-00027,Milestone 16-1,2025-06-06,2025-08-26,COMPLETED,81
MS-00027-20-01,PAI-00027,Milestone 20-1,2025-10-06,2025-11-25,COMPLETED,50
MS-00027-24-01,PAI-00027,Milestone 24-1,2026-01-18,,DELAYED,0
MS-00027-24-02,PAI-00027,Milestone 24-2,2026-02-15,,DELAYED,0
MS-00028-04-01,PAI-00028,Milestone 4-1,2024-06-14,,DELAYED,0
MS-00028-04-02,PAI-00028,Milestone 4-2,2024-07-01,2024-08-26,COMPLETED,56
MS-00028-08-01,PAI-00028,Milestone 8-1,2024-10-22,2024-12-21,COMPLETED,60
MS-00028-08-02,PAI-00028,Milestone 8-2,2024-10-30,2024-12-29,COMPLETED,60
MS-00028-12-01,PAI-00028,Milestone 12-1,2025-03-19,,DELAYED,0
MS-00028-12-02,PAI-00028,Milestone 12-2,2025-02-18,,DELAYED,0
MS-00028-16-01,PAI-00028,Milestone 16-1,2025-07-13,,DELAYED,0
MS-00028-20-01,PAI-00028,Milestone 20-1,2025-11-16,2025-12-08,COMPLETED,22
MS-00028-20-02,PAI-00028,Milestone 20-2,2025-09-13,,DELAYED,0
MS-00028-24-01,PAI-00028,Milestone 24-1,2026-02-05,,DELAYED,0
MS-00028-24-02,PAI-00028,Milestone 24-2,2026-01-27,,DELAYED,0
MS-00029-04-01,PAI-00029,Milestone 4-1,2024-07-01,2024-07-04,COMPLETED,3
MS-00029-04-02,PAI-00029,Milestone 4-2,2024-05-17,2024-06-26,COMPLETED,40
MS-00029-08-01,PAI-00029,Milestone 8-1,2024-09-29,,DELAYED,0
MS-00029-12-01,PAI-00029,Milestone 12-1,2025-02-01,2025-02-22,COMPLETED,21
MS-00029-12-02,PAI-00029,Milestone 12-2,2025-02-11,2025-03-14,COMPLETED,31
MS-00029-16-01,PAI-00029,Milestone 16-1,2025-05-28,2025-07-06,COMPLETED,39
MS-00029-16-02,PAI-00029,Milestone 16-2,2025-06-30,2025-07-26,COMPLETED,26
MS-00029-20-01,PAI-00029,Milestone 20-1,2025-10-02,,DELAYED,0
MS-00029-20-02,PAI-00029,Milestone 20-2,2025-10-29,,DELAYED,0
MS-00029-24-01,PAI-00029,Milestone 24-1,2026-03-11,,DELAYED,0
MS-00029-24-02,PAI-00029,Milestone 24-2,2026-02-07,2026-02-18,COMPLETED,11
MS-00030-04-01,PAI-00030,Milestone 4-1,2024-07-09,,DELAYED,0
MS-00030-08-01,PAI-00030,Milestone 8-1,2024-10-29,2024-11-22,COMPLETED,24
MS-00030-08-02,PAI-00030,Milestone 8-2,2024-11-15,2024-11-28,COMPLETED,13
MS-00030-12-01,PAI-00030,Milestone 12-1,2025-03-09,,DELAYED,0
MS-00030-12-02,PAI-00030,Milestone 12-2,2025-01-28,2025-02-23,COMPLETED,26
MS-00030-16-01,PAI-00030,Milestone 16-1,2025-07-12,2025-07-24,COMPLETED,12
MS-00030-20-01,PAI-00030,Milestone 20-1,2025-11-03,2025-11-24,COMPLETED,21
MS-00030-24-01,PAI-00030,Milestone 24-1,2026-02-14,2026-02-25,COMPLETED,11
MS-00030-24-02,PAI-00030,Milestone 24-2,2026-01-10,,DELAYED,0
MS-00031-04-01,PAI-00031,Milestone 4-1,2024-06-26,2024-08-05,COMPLETED,40
MS-00031-04-02,PAI-00031,Milestone 4-2,2024-07-06,2024-07-12,COMPLETED,6
MS-00031-08-01,PAI-00031,Milestone 8-1,2024-10-12,2024-10-12,COMPLETED,0
MS-00031-08-02,PAI-00031,Milestone 8-2,2024-10-31,2024-11-04,COMPLETED,4
MS-00031-12-01,PAI-00031,Milestone 12-1,2025-03-10,2025-03-25,COMPLETED,15
MS-00031-12-02,PAI-00031,Milestone 12-2,2025-03-15,2025-04-01,COMPLETED,17
MS-00031-16-01,PAI-00031,Milestone 16-1,2025-07-14,,DELAYED,0
MS-00031-16-02,PAI-00031,Milestone 16-2,2025-06-04,2025-07-22,COMPLETED,48
MS-00031-20-01,PAI-00031,Milestone 20-1,2025-10-25,,DELAYED,0
MS-00031-24-01,PAI-00031,Milestone 24-1,2026-03-14,2026-04-24,COMPLETED,41
MS-00031-24-02,PAI-00031,Milestone 24-2,2026-03-17,2026-04-20,COMPLETED,34
MS-00032-04-01,PAI-00032,Milestone 4-1,2024-06-14,2024-06-22,COMPLETED,8
MS-00032-04-02,PAI-00032,Milestone 4-2,2024-07-17,2024-08-31,COMPLETED,45
MS-00032-08-01,PAI-00032,Milestone 8-1,2024-11-10,2024-11-24,COMPLETED,14
MS-00032-12-01,PAI-00032,Milestone 12-1,2025-03-11,2025-03-11,COMPLETED,0
MS-00032-16-01,PAI-00032,Milestone 16-1,2025-07-08,2025-08-14,COMPLETED,37
MS-00032-20-01,PAI-00032,Milestone 20-1,2025-10-20,,DELAYED,0
MS-00032-24-01,PAI-00032,Milestone 24-1,2026-01-19,,DELAYED,0
MS-00032-24-02,PAI-00032,Milestone 24-2,2026-02-12,2026-04-10,COMPLETED,57
MS-00033-04-01,PAI-00033,Milestone 4-1,2024-06-28,2024-08-01,COMPLETED,34
MS-00033-08-01,PAI-00033,Milestone 8-1,2024-09-17,2024-09-25,COMPLETED,8
MS-00033-08-02,PAI-00033,Milestone 8-2,2024-10-06,2024-11-21,COMPLETED,46
MS-00033-12-01,PAI-00033,Milestone 12-1,2025-01-23,2025-02-22,COMPLETED,30
MS-00033-12-02,PAI-00033,Milestone 12-2,2025-01-17,,DELAYED,0
MS-00033-16-01,PAI-00033,Milestone 16-1,2025-07-17,2025-07-28,COMPLETED,11
MS-00033-16-02,PAI-00033,Milestone 16-2,2025-05-16,,DELAYED,0
MS-00033-20-01,PAI-00033,Milestone 20-1,2025-09-28,,DELAYED,0
MS-00033-24-01,PAI-00033,Milestone 24-1,2026-03-12,2026-05-16,COMPLETED,65
MS-00034-04-01,PAI-00034,Milestone 4-1,2024-05-21,2024-06-13,COMPLETED,23
MS-00034-08-01,PAI-00034,Milestone 8-1,2024-09-25,,DELAYED,0
MS-00034-12-01,PAI-00034,Milestone 12-1,2025-01-19,2025-02-18,COMPLETED,30
MS-00034-16-01,PAI-00034,Milestone 16-1,2025-05-11,2025-05-11,COMPLETED,0
MS-00034-20-01,PAI-00034,Milestone 20-1,2025-10-24,2025-10-26,COMPLETED,2
MS-00034-20-02,PAI-00034,Milestone 20-2,2025-11-16,2025-11-16,COMPLETED,0
MS-00034-24-01,PAI-00034,Milestone 24-1,2026-03-02,2026-03-27,COMPLETED,25
MS-00035-04-01,PAI-00035,Milestone 4-1,2024-06-03,,DELAYED,0
MS-00035-08-01,PAI-00035,Milestone 8-1,2024-11-04,,DELAYED,0
MS-00035-12-01,PAI-00035,Milestone 12-1,2025-01-19,,DELAYED,0
MS-00035-12-02,PAI-00035,Milestone 12-2,2025-03-01,,DELAYED,0
MS-00035-16-01,PAI-00035,Milestone 16-1,2025-06-05,2025-06-26,COMPLETED,21
MS-00035-16-02,PAI-00035,Milestone 16-2,2025-06-06,2025-07-07,COMPLETED,31
MS-00035-20-01,PAI-00035,Milestone 20-1,2025-11-11,2025-12-17,COMPLETED,36
MS-00035-20-02,PAI-00035,Milestone 20-2,2025-09-12,2025-09-13,COMPLETED,1
MS-00035-24-01,PAI-00035,Milestone 24-1,2026-02-06,2026-03-12,COMPLETED,34
MS-00036-04-01,PAI-00036,Milestone 4-1,2024-07-06,2024-07-08,COMPLETED,2
MS-00036-04-02,PAI-00036,Milestone 4-2,2024-06-18,2024-07-15,COMPLETED,27
MS-00036-08-01,PAI-00036,Milestone 8-1,2024-11-04,2024-12-28,COMPLETED,54
MS-00036-08-02,PAI-00036,Milestone 8-2,2024-10-01,,DELAYED,0
MS-00036-12-01,PAI-00036,Milestone 12-1,2025-03-06,2025-04-19,COMPLETED,44
MS-00036-16-01,PAI-00036,Milestone 16-1,2025-06-03,2025-06-03,COMPLETED,0
MS-00036-20-01,PAI-00036,Milestone 20-1,2025-09-12,2025-10-13,COMPLETED,31
MS-00036-20-02,PAI-00036,Milestone 20-2,2025-11-13,2025-11-22,COMPLETED,9
MS-00036-24-01,PAI-00036,Milestone 24-1,2026-03-09,2026-04-01,COMPLETED,23
MS-00036-24-02,PAI-00036,Milestone 24-2,2026-03-15,2026-05-13,COMPLETED,59
MS-00037-04-01,PAI-00037,Milestone 4-1,2024-07-07,,DELAYED,0
MS-00037-04-02,PAI-00037,Milestone 4-2,2024-07-08,2024-07-23,COMPLETED,15
MS-00037-08-01,PAI-00037,Milestone 8-1,2024-10-14,2024-12-18,COMPLETED,65
MS-00037-12-01,PAI-00037,Milestone 12-1,2025-02-04,2025-03-18,COMPLETED,42
MS-00037-12-02,PAI-00037,Milestone 12-2,2025-01-30,,DELAYED,0
MS-00037-16-01,PAI-00037,Milestone 16-1,2025-06-05,2025-08-02,COMPLETED,58
MS-00037-20-01,PAI-00037,Milestone 20-1,2025-10-18,2025-11-02,COMPLETED,15
MS-00037-20-02,PAI-00037,Milestone 20-2,2025-10-16,2025-11-19,COMPLETED,34
MS-00037-24-01,PAI-00037,Milestone 24-1,2026-02-16,,DELAYED,0
MS-00038-04-01,PAI-00038,Milestone 4-1,2024-07-07,2024-08-16,COMPLETED,40
MS-00038-08-01,PAI-00038,Milestone 8-1,2024-10-21,,DELAYED,0
MS-00038-08-02,PAI-00038,Milestone 8-2,2024-10-29,,DELAYED,0
MS-00038-12-01,PAI-00038,Milestone 12-1,2025-02-18,2025-03-28,COMPLETED,38
MS-00038-16-01,PAI-00038,Milestone 16-1,2025-07-09,,DELAYED,0
MS-00038-20-01,PAI-00038,Milestone 20-1,2025-10-08,2025-11-17,COMPLETED,40
MS-00038-24-01,PAI-00038,Milestone 24-1,2026-03-06,,DELAYED,0
MS-00039-04-01,PAI-00039,Milestone 4-1,2024-05-31,,DELAYED,0
MS-00039-08-01,PAI-00039,Milestone 8-1,2024-10-26,2024-11-20,COMPLETED,25
MS-00039-12-01,PAI-00039,Milestone 12-1,2025-02-04,2025-02-04,COMPLETED,0
MS-00039-12-02,PAI-00039,Milestone 12-2,2025-01-21,2025-01-21,COMPLETED,0
MS-00039-16-01,PAI-00039,Milestone 16-1,2025-05-11,,DELAYED,0
MS-00039-16-02,PAI-00039,Milestone 16-2,2025-05-20,2025-06-11,COMPLETED,22
MS-00039-20-01,PAI-00039,Milestone 20-1,2025-09-25,2025-10-19,COMPLETED,24
MS-00039-20-02,PAI-00039,Milestone 20-2,2025-09-19,,DELAYED,0
MS-00039-24-01,PAI-00039,Milestone 24-1,2026-02-01,2026-02-01,COMPLETED,0
MS-00039-24-02,PAI-00039,Milestone 24-2,2026-03-14,2026-03-14,COMPLETED,0
MS-00040-04-01,PAI-00040,Milestone 4-1,2024-07-03,2024-08-29,COMPLETED,57
MS-00040-04-02,PAI-00040,Milestone 4-2,2024-07-11,2024-08-29,COMPLETED,49
MS-00040-08-01,PAI-00040,Milestone 8-1,2024-11-03,2024-12-22,COMPLETED,49
MS-00040-08-02,PAI-00040,Milestone 8-2,2024-09-16,2024-10-28,COMPLETED,42
MS-00040-12-01,PAI-00040,Milestone 12-1,2025-01-28,2025-03-20,COMPLETED,51
MS-00040-12-02,PAI-00040,Milestone 12-2,2025-03-16,,DELAYED,0
MS-00040-16-01,PAI-00040,Milestone 16-1,2025-06-10,,DELAYED,0
MS-00040-20-01,PAI-00040,Milestone 20-1,2025-11-14,,DELAYED,0
MS-00040-20-02,PAI-00040,Milestone 20-2,2025-11-06,2025-12-19,COMPLETED,43
MS-00040-24-01,PAI-00040,Milestone 24-1,2026-03-03,2026-04-23,COMPLETED,51
MS-00041-04-01,PAI-00041,Milestone 4-1,2024-06-28,2024-07-14,COMPLETED,16
MS-00041-08-01,PAI-00041,Milestone 8-1,2024-11-10,2024-11-23,COMPLETED,13
MS-00041-12-01,PAI-00041,Milestone 12-1,2025-02-21,2025-02-21,COMPLETED,0
MS-00041-16-01,PAI-00041,Milestone 16-1,2025-05-30,,DELAYED,0
MS-00041-16-02,PAI-00041,Milestone 16-2,2025-05-13,2025-05-25,COMPLETED,12
MS-00041-20-01,PAI-00041,Milestone 20-1,2025-10-18,2025-10-21,COMPLETED,3
MS-00041-24-01,PAI-00041,Milestone 24-1,2026-01-22,,DELAYED,0
MS-00042-04-01,PAI-00042,Milestone 4-1,2024-06-25,2024-06-25,COMPLETED,0
MS-00042-04-02,PAI-00042,Milestone 4-2,2024-06-07,2024-06-07,COMPLETED,0
MS-00042-08-01,PAI-00042,Milestone 8-1,2024-10-21,2024-10-21,COMPLETED,0
MS-00042-08-02,PAI-00042,Milestone 8-2,2024-10-07,,DELAYED,0
MS-00042-12-01,PAI-00042,Milestone 12-1,2025-03-07,2025-04-18,COMPLETED,42
MS-00042-16-01,PAI-00042,Milestone 16-1,2025-07-11,,DELAYED,0
MS-00042-16-02,PAI-00042,Milestone 16-2,2025-05-12,2025-05-14,COMPLETED,2
MS-00042-20-01,PAI-00042,Milestone 20-1,2025-11-06,2026-01-03,COMPLETED,58
MS-00042-20-02,PAI-00042,Milestone 20-2,2025-09-19,2025-11-04,COMPLETED,46
MS-00042-24-01,PAI-00042,Milestone 24-1,2026-02-12,2026-02-12,COMPLETED,0
MS-00042-24-02,PAI-00042,Milestone 24-2,2026-03-17,2026-03-26,COMPLETED,9
MS-00043-04-01,PAI-00043,Milestone 4-1,2024-05-27,2024-05-27,COMPLETED,0
MS-00043-04-02,PAI-00043,Milestone 4-2,2024-06-21,2024-07-24,COMPLETED,33
MS-00043-08-01,PAI-00043,Milestone 8-1,2024-10-14,,DELAYED,0
MS-00043-12-01,PAI-00043,Milestone 12-1,2025-01-14,2025-02-18,COMPLETED,35
MS-00043-12-02,PAI-00043,Milestone 12-2,2025-02-23,,DELAYED,0
MS-00043-16-01,PAI-00043,Milestone 16-1,2025-06-22,,DELAYED,0
MS-00043-16-02,PAI-00043,Milestone 16-2,2025-05-12,,DELAYED,0
MS-00043-20-01,PAI-00043,Milestone 20-1,2025-10-03,2025-11-14,COMPLETED,42
MS-00043-20-02,PAI-00043,Milestone 20-2,2025-10-22,2025-11-25,COMPLETED,34
MS-00043-24-01,PAI-00043,Milestone 24-1,2026-02-14,2026-03-20,COMPLETED,34
MS-00044-04-01,PAI-00044,Milestone 4-1,2024-06-15,2024-06-15,COMPLETED,0
MS-00044-04-02,PAI-00044,Milestone 4-2,2024-05-13,2024-05-27,COMPLETED,14
MS-00044-08-01,PAI-00044,Milestone 8-1,2024-09-18,2024-09-18,COMPLETED,0
MS-00044-08-02,PAI-00044,Milestone 8-2,2024-11-02,2024-12-02,COMPLETED,30
MS-00044-12-01,PAI-00044,Milestone 12-1,2025-01-18,2025-02-16,COMPLETED,29
MS-00044-16-01,PAI-00044,Milestone 16-1,2025-06-26,2025-07-26,COMPLETED,30
MS-00044-16-02,PAI-00044,Milestone 16-2,2025-06-17,,DELAYED,0
MS-00044-20-01,PAI-00044,Milestone 20-1,2025-10-01,2025-10-01,COMPLETED,0
MS-00044-24-01,PAI-00044,Milestone 24-1,2026-03-15,2026-03-26,COMPLETED,11
MS-00044-24-02,PAI-00044,Milestone 24-2,2026-03-01,2026-03-20,COMPLETED,19
MS-00045-04-01,PAI-00045,Milestone 4-1,2024-07-15,,DELAYED,0
MS-00045-08-01,PAI-00045,Milestone 8-1,2024-09-24,2024-09-24,COMPLETED,0
MS-00045-12-01,PAI-00045,Milestone 12-1,2025-01-30,2025-02-13,COMPLETED,14
MS-00045-16-01,PAI-00045,Milestone 16-1,2025-05-11,,DELAYED,0
MS-00045-20-01,PAI-00045,Milestone 20-1,2025-11-16,2025-11-16,COMPLETED,0
MS-00045-24-01,PAI-00045,Milestone 24-1,2026-01-11,2026-01-17,COMPLETED,6
MS-00045-24-02,PAI-00045,Milestone 24-2,2026-03-09,,DELAYED,0
MS-00046-04-01,PAI-00046,Milestone 4-1,2024-06-24,2024-07-19,COMPLETED,25
MS-00046-04-02,PAI-00046,Milestone 4-2,2024-05-23,2024-06-24,COMPLETED,32
MS-00046-08-01,PAI-00046,Milestone 8-1,2024-10-15,2024-11-14,COMPLETED,30
MS-00046-12-01,PAI-00046,Milestone 12-1,2025-03-03,,DELAYED,0
MS-00046-12-02,PAI-00046,Milestone 12-2,2025-02-03,,DELAYED,0
MS-00046-16-01,PAI-00046,Milestone 16-1,2025-06-03,2025-07-08,COMPLETED,35
MS-00046-16-02,PAI-00046,Milestone 16-2,2025-06-08,,DELAYED,0
MS-00046-20-01,PAI-00046,Milestone 20-1,2025-10-03,2025-11-05,COMPLETED,33
MS-00046-20-02,PAI-00046,Milestone 20-2,2025-09-24,,DELAYED,0
MS-00046-24-01,PAI-00046,Milestone 24-1,2026-03-18,2026-04-24,COMPLETED,37
MS-00046-24-02,PAI-00046,Milestone 24-2,2026-02-18,2026-03-23,COMPLETED,33
MS-00047-04-01,PAI-00047,Milestone 4-1,2024-06-14,2024-06-14,COMPLETED,0
MS-00047-08-01,PAI-00047,Milestone 8-1,2024-11-17,,DELAYED,0
MS-00047-08-02,PAI-00047,Milestone 8-2,2024-09-29,2024-09-29,COMPLETED,0
MS-00047-12-01,PAI-00047,Milestone 12-1,2025-01-24,2025-02-05,COMPLETED,12
MS-00047-12-02,PAI-00047,Milestone 12-2,2025-02-16,,DELAYED,0
MS-00047-16-01,PAI-00047,Milestone 16-1,2025-06-21,,DELAYED,0
MS-00047-20-01,PAI-00047,Milestone 20-1,2025-10-05,2025-11-28,COMPLETED,54
MS-00047-24-01,PAI-00047,Milestone 24-1,2026-02-28,,DELAYED,0
MS-00048-04-01,PAI-00048,Milestone 4-1,2024-05-26,2024-05-26,COMPLETED,0
MS-00048-04-02,PAI-00048,Milestone 4-2,2024-05-21,,DELAYED,0
MS-00048-08-01,PAI-00048,Milestone 8-1,2024-11-17,,DELAYED,0
MS-00048-12-01,PAI-00048,Milestone 12-1,2025-03-15,2025-04-13,COMPLETED,29
MS-00048-12-02,PAI-00048,Milestone 12-2,2025-02-03,,DELAYED,0
MS-00048-16-01,PAI-00048,Milestone 16-1,2025-06-10,2025-06-10,COMPLETED,0
MS-00048-20-01,PAI-00048,Milestone 20-1,2025-09-27,,DELAYED,0
MS-00048-20-02,PAI-00048,Milestone 20-2,2025-09-26,,DELAYED,0
MS-00048-24-01,PAI-00048,Milestone 24-1,2026-02-08,,DELAYED,0
MS-00049-04-01,PAI-00049,Milestone 4-1,2024-05-20,,DELAYED,0
MS-00049-04-02,PAI-00049,Milestone 4-2,2024-07-01,2024-07-18,COMPLETED,17
MS-00049-08-01,PAI-00049,Milestone 8-1,2024-10-27,2024-10-27,COMPLETED,0
MS-00049-08-02,PAI-00049,Milestone 8-2,2024-10-30,2024-11-30,COMPLETED,31
MS-00049-12-01,PAI-00049,Milestone 12-1,2025-01-25,,DELAYED,0
MS-00049-16-01,PAI-00049,Milestone 16-1,2025-06-15,2025-07-19,COMPLETED,34
MS-00049-20-01,PAI-00049,Milestone 20-1,2025-10-29,,DELAYED,0
MS-00049-20-02,PAI-00049,Milestone 20-2,2025-09-26,2025-09-26,COMPLETED,0
MS-00049-24-01,PAI-00049,Milestone 24-1,2026-03-20,2026-04-06,COMPLETED,17
MS-00050-04-01,PAI-00050,Milestone 4-1,2024-07-10,2024-07-10,COMPLETED,0
MS-00050-08-01,PAI-00050,Milestone 8-1,2024-09-26,,DELAYED,0
MS-00050-08-02,PAI-00050,Milestone 8-2,2024-09-17,2024-10-01,COMPLETED,14
MS-00050-12-01,PAI-00050,Milestone 12-1,2025-02-23,2025-02-27,COMPLETED,4
MS-00050-16-01,PAI-00050,Milestone 16-1,2025-07-17,2025-07-28,COMPLETED,11
MS-00050-20-01,PAI-00050,Milestone 20-1,2025-10-29,,DELAYED,0
MS-00050-20-02,PAI-00050,Milestone 20-2,2025-10-02,2025-11-09,COMPLETED,38
MS-00050-24-01,PAI-00050,Milestone 24-1,2026-02-03,2026-02-03,COMPLETED,0
MS-00051-04-01,PAI-00051,Milestone 4-1,2024-06-29,2024-06-29,COMPLETED,0
MS-00051-04-02,PAI-00051,Milestone 4-2,2024-05-26,2024-07-08,COMPLETED,43
MS-00051-08-01,PAI-00051,Milestone 8-1,2024-10-03,2024-10-03,COMPLETED,0
MS-00051-08-02,PAI-00051,Milestone 8-2,2024-10-03,2024-10-09,COMPLETED,6
MS-00051-12-01,PAI-00051,Milestone 12-1,2025-02-04,2025-02-11,COMPLETED,7
MS-00051-12-02,PAI-00051,Milestone 12-2,2025-03-02,2025-03-02,COMPLETED,0
MS-00051-16-01,PAI-00051,Milestone 16-1,2025-07-16,,DELAYED,0
MS-00051-16-02,PAI-00051,Milestone 16-2,2025-05-13,2025-06-18,COMPLETED,36
MS-00051-20-01,PAI-00051,Milestone 20-1,2025-10-01,2025-11-03,COMPLETED,33
MS-00051-24-01,PAI-00051,Milestone 24-1,2026-02-13,2026-02-13,COMPLETED,0
MS-00052-04-01,PAI-00052,Milestone 4-1,2024-06-15,2024-07-23,COMPLETED,38
MS-00052-04-02,PAI-00052,Milestone 4-2,2024-07-18,2024-07-24,COMPLETED,6
MS-00052-08-01,PAI-00052,Milestone 8-1,2024-11-07,,DELAYED,0
MS-00052-12-01,PAI-00052,Milestone 12-1,2025-03-18,,DELAYED,0
MS-00052-16-01,PAI-00052,Milestone 16-1,2025-06-14,2025-06-18,COMPLETED,4
MS-00052-16-02,PAI-00052,Milestone 16-2,2025-05-17,,DELAYED,0
MS-00052-20-01,PAI-00052,Milestone 20-1,2025-10-15,2025-10-15,COMPLETED,0
MS-00052-24-01,PAI-00052,Milestone 24-1,2026-02-23,2026-03-09,COMPLETED,14
MS-00052-24-02,PAI-00052,Milestone 24-2,2026-01-25,2026-03-11,COMPLETED,45
MS-00053-04-01,PAI-00053,Milestone 4-1,2024-05-27,2024-05-27,COMPLETED,0
MS-00053-04-02,PAI-00053,Milestone 4-2,2024-06-15,2024-07-28,COMPLETED,43
MS-00053-08-01,PAI-00053,Milestone 8-1,2024-10-21,2024-11-06,COMPLETED,16
MS-00053-12-01,PAI-00053,Milestone 12-1,2025-01-29,,DELAYED,0
MS-00053-16-01,PAI-00053,Milestone 16-1,2025-06-29,2025-07-01,COMPLETED,2
MS-00053-16-02,PAI-00053,Milestone 16-2,2025-05-15,2025-07-07,COMPLETED,53
MS-00053-20-01,PAI-00053,Milestone 20-1,2025-11-11,2025-11-12,COMPLETED,1
MS-00053-20-02,PAI-00053,Milestone 20-2,2025-10-23,2025-10-23,COMPLETED,0
MS-00053-24-01,PAI-00053,Milestone 24-1,2026-02-27,2026-04-08,COMPLETED,40
MS-00054-04-01,PAI-00054,Milestone 4-1,2024-05-26,,DELAYED,0
MS-00054-04-02,PAI-00054,Milestone 4-2,2024-07-08,,DELAYED,0
MS-00054-08-01,PAI-00054,Milestone 8-1,2024-10-09,2024-11-16,COMPLETED,38
MS-00054-08-02,PAI-00054,Milestone 8-2,2024-10-21,,DELAYED,0
MS-00054-12-01,PAI-00054,Milestone 12-1,2025-03-04,2025-03-26,COMPLETED,22
MS-00054-16-01,PAI-00054,Milestone 16-1,2025-05-21,2025-06-06,COMPLETED,16
MS-00054-16-02,PAI-00054,Milestone 16-2,2025-05-13,2025-06-17,COMPLETED,35
MS-00054-20-01,PAI-00054,Milestone 20-1,2025-10-26,2025-11-19,COMPLETED,24
MS-00054-24-01,PAI-00054,Milestone 24-1,2026-03-09,,DELAYED,0
MS-00055-04-01,PAI-00055,Milestone 4-1,2024-06-07,2024-06-08,COMPLETED,1
MS-00055-08-01,PAI-00055,Milestone 8-1,2024-11-07,,DELAYED,0
MS-00055-08-02,PAI-00055,Milestone 8-2,2024-10-23,2024-11-19,COMPLETED,27
MS-00055-12-01,PAI-00055,Milestone 12-1,2025-02-12,2025-03-13,COMPLETED,29
MS-00055-12-02,PAI-00055,Milestone 12-2,2025-03-12,,DELAYED,0
MS-00055-16-01,PAI-00055,Milestone 16-1,2025-07-11,2025-07-13,COMPLETED,2
MS-00055-16-02,PAI-00055,Milestone 16-2,2025-05-14,,DELAYED,0
MS-00055-20-01,PAI-00055,Milestone 20-1,2025-11-02,2025-11-27,COMPLETED,25
MS-00055-20-02,PAI-00055,Milestone 20-2,2025-10-23,2025-11-01,COMPLETED,9
MS-00055-24-01,PAI-00055,Milestone 24-1,2026-02-15,,DELAYED,0
MS-00056-04-01,PAI-00056,Milestone 4-1,2024-06-30,2024-08-24,COMPLETED,55
MS-00056-04-02,PAI-00056,Milestone 4-2,2024-05-14,,DELAYED,0
MS-00056-08-01,PAI-00056,Milestone 8-1,2024-09-14,,DELAYED,0
MS-00056-12-01,PAI-00056,Milestone 12-1,2025-02-28,2025-03-15,COMPLETED,15
MS-00056-16-01,PAI-00056,Milestone 16-1,2025-06-26,2025-07-28,COMPLETED,32
MS-00056-20-01,PAI-00056,Milestone 20-1,2025-10-24,2025-11-29,COMPLETED,36
MS-00056-24-01,PAI-00056,Milestone 24-1,2026-02-27,2026-04-10,COMPLETED,42
MS-00056-24-02,PAI-00056,Milestone 24-2,2026-03-18,2026-03-18,COMPLETED,0
MS-00057-04-01,PAI-00057,Milestone 4-1,2024-05-31,2024-06-15,COMPLETED,15
MS-00057-04-02,PAI-00057,Milestone 4-2,2024-06-04,,DELAYED,0
MS-00057-08-01,PAI-00057,Milestone 8-1,2024-11-11,2024-11-11,COMPLETED,0
MS-00057-12-01,PAI-00057,Milestone 12-1,2025-01-26,,DELAYED,0
MS-00057-16-01,PAI-00057,Milestone 16-1,2025-06-06,2025-06-06,COMPLETED,0
MS-00057-20-01,PAI-00057,Milestone 20-1,2025-10-09,2025-10-09,COMPLETED,0
MS-00057-24-01,PAI-00057,Milestone 24-1,2026-02-05,2026-02-11,COMPLETED,6
MS-00058-04-01,PAI-00058,Milestone 4-1,2024-07-11,2024-07-11,COMPLETED,0
MS-00058-04-02,PAI-00058,Milestone 4-2,2024-05-11,2024-05-27,COMPLETED,16
MS-00058-08-01,PAI-00058,Milestone 8-1,2024-11-18,2024-12-07,COMPLETED,19
MS-00058-12-01,PAI-00058,Milestone 12-1,2025-01-12,2025-01-12,COMPLETED,0
MS-00058-16-01,PAI-00058,Milestone 16-1,2025-06-02,,DELAYED,0
MS-00058-16-02,PAI-00058,Milestone 16-2,2025-06-20,2025-06-20,COMPLETED,0
MS-00058-20-01,PAI-00058,Milestone 20-1,2025-10-13,2025-10-13,COMPLETED,0
MS-00058-24-01,PAI-00058,Milestone 24-1,2026-01-19,2026-02-08,COMPLETED,20
MS-00059-04-01,PAI-00059,Milestone 4-1,2024-05-27,,DELAYED,0
MS-00059-08-01,PAI-00059,Milestone 8-1,2024-09-16,2024-11-06,COMPLETED,51
MS-00059-08-02,PAI-00059,Milestone 8-2,2024-10-11,2024-11-06,COMPLETED,26
MS-00059-12-01,PAI-00059,Milestone 12-1,2025-03-16,2025-05-18,COMPLETED,63
MS-00059-16-01,PAI-00059,Milestone 16-1,2025-06-16,,DELAYED,0
MS-00059-20-01,PAI-00059,Milestone 20-1,2025-09-24,,DELAYED,0
MS-00059-20-02,PAI-00059,Milestone 20-2,2025-09-22,2025-10-28,COMPLETED,36
MS-00059-24-01,PAI-00059,Milestone 24-1,2026-03-16,,DELAYED,0
MS-00059-24-02,PAI-00059,Milestone 24-2,2026-01-31,,DELAYED,0
MS-00060-04-01,PAI-00060,Milestone 4-1,2024-05-14,,DELAYED,0
MS-00060-04-02,PAI-00060,Milestone 4-2,2024-05-10,2024-05-20,COMPLETED,10
MS-00060-08-01,PAI-00060,Milestone 8-1,2024-10-08,2024-10-21,COMPLETED,13
MS-00060-08-02,PAI-00060,Milestone 8-2,2024-11-13,2024-11-13,COMPLETED,0
MS-00060-12-01,PAI-00060,Milestone 12-1,2025-01-14,2025-01-15,COMPLETED,1
MS-00060-16-01,PAI-00060,Milestone 16-1,2025-06-18,2025-07-12,COMPLETED,24
MS-00060-16-02,PAI-00060,Milestone 16-2,2025-07-06,2025-07-06,COMPLETED,0
MS-00060-20-01,PAI-00060,Milestone 20-1,2025-10-10,2025-10-10,COMPLETED,0
MS-00060-20-02,PAI-00060,Milestone 20-2,2025-10-02,2025-11-08,COMPLETED,37
MS-00060-24-01,PAI-00060,Milestone 24-1,2026-02-26,2026-02-26,COMPLETED,0
MS-00060-24-02,PAI-00060,Milestone 24-2,2026-03-06,2026-03-06,COMPLETED,0
MS-00061-04-01,PAI-00061,Milestone 4-1,2024-05-14,,DELAYED,0
MS-00061-08-01,PAI-00061,Milestone 8-1,2024-11-18,2024-12-10,COMPLETED,22
MS-00061-08-02,PAI-00061,Milestone 8-2,2024-11-16,,DELAYED,0
MS-00061-12-01,PAI-00061,Milestone 12-1,2025-03-19,,DELAYED,0
MS-00061-12-02,PAI-00061,Milestone 12-2,2025-01-16,2025-04-03,COMPLETED,77
MS-00061-16-01,PAI-00061,Milestone 16-1,2025-07-10,2025-08-23,COMPLETED,44
MS-00061-20-01,PAI-00061,Milestone 20-1,2025-09-13,2025-10-11,COMPLETED,28
MS-00061-20-02,PAI-00061,Milestone 20-2,2025-09-24,2025-11-13,COMPLETED,50
MS-00061-24-01,PAI-00061,Milestone 24-1,2026-02-11,,DELAYED,0
MS-00061-24-02,PAI-00061,Milestone 24-2,2026-02-13,,DELAYED,0
MS-00062-04-01,PAI-00062,Milestone 4-1,2024-05-18,2024-08-14,COMPLETED,88
MS-00062-08-01,PAI-00062,Milestone 8-1,2024-10-31,2024-11-19,COMPLETED,19
MS-00062-12-01,PAI-00062,Milestone 12-1,2025-03-11,,DELAYED,0
MS-00062-12-02,PAI-00062,Milestone 12-2,2025-02-03,2025-03-10,COMPLETED,35
MS-00062-16-01,PAI-00062,Milestone 16-1,2025-06-16,2025-07-09,COMPLETED,23
MS-00062-20-01,PAI-00062,Milestone 20-1,2025-11-08,2025-11-21,COMPLETED,13
MS-00062-20-02,PAI-00062,Milestone 20-2,2025-10-10,,DELAYED,0
MS-00062-24-01,PAI-00062,Milestone 24-1,2026-03-07,2026-03-26,COMPLETED,19
MS-00062-24-02,PAI-00062,Milestone 24-2,2026-02-10,,DELAYED,0
MS-00063-04-01,PAI-00063,Milestone 4-1,2024-06-23,2024-07-18,COMPLETED,25
MS-00063-08-01,PAI-00063,Milestone 8-1,2024-11-15,2024-12-15,COMPLETED,30
MS-00063-12-01,PAI-00063,Milestone 12-1,2025-02-15,,DELAYED,0
MS-00063-12-02,PAI-00063,Milestone 12-2,2025-02-06,2025-02-12,COMPLETED,6
MS-00063-16-01,PAI-00063,Milestone 16-1,2025-06-12,,DELAYED,0
MS-00063-20-01,PAI-00063,Milestone 20-1,2025-09-22,2025-10-13,COMPLETED,21
MS-00063-20-02,PAI-00063,Milestone 20-2,2025-09-14,2025-11-01,COMPLETED,48
MS-00063-24-01,PAI-00063,Milestone 24-1,2026-01-26,2026-02-17,COMPLETED,22
MS-00063-24-02,PAI-00063,Milestone 24-2,2026-02-26,2026-02-26,COMPLETED,0
MS-00064-04-01,PAI-00064,Milestone 4-1,2024-05-10,2024-06-12,COMPLETED,33
MS-00064-04-02,PAI-00064,Milestone 4-2,2024-06-22,2024-07-10,COMPLETED,18
MS-00064-08-01,PAI-00064,Milestone 8-1,2024-10-25,,DELAYED,0
MS-00064-12-01,PAI-00064,Milestone 12-1,2025-01-23,,DELAYED,0
MS-00064-12-02,PAI-00064,Milestone 12-2,2025-01-26,,DELAYED,0
MS-00064-16-01,PAI-00064,Milestone 16-1,2025-05-16,2025-06-13,COMPLETED,28
MS-00064-16-02,PAI-00064,Milestone 16-2,2025-05-16,,DELAYED,0
MS-00064-20-01,PAI-00064,Milestone 20-1,2025-11-18,,DELAYED,0
MS-00064-24-01,PAI-00064,Milestone 24-1,2026-01-23,2026-01-23,COMPLETED,0
MS-00065-04-01,PAI-00065,Milestone 4-1,2024-05-16,2024-06-02,COMPLETED,17
MS-00065-08-01,PAI-00065,Milestone 8-1,2024-10-09,2024-10-30,COMPLETED,21
MS-00065-08-02,PAI-00065,Milestone 8-2,2024-10-19,,DELAYED,0
MS-00065-12-01,PAI-00065,Milestone 12-1,2025-02-27,,DELAYED,0
MS-00065-16-01,PAI-00065,Milestone 16-1,2025-06-28,2025-08-23,COMPLETED,56
MS-00065-16-02,PAI-00065,Milestone 16-2,2025-07-18,2025-07-18,COMPLETED,0
MS-00065-20-01,PAI-00065,Milestone 20-1,2025-10-07,,DELAYED,0
MS-00065-24-01,PAI-00065,Milestone 24-1,2026-03-06,2026-04-24,COMPLETED,49
MS-00066-04-01,PAI-00066,Milestone 4-1,2024-06-16,2024-06-25,COMPLETED,9
MS-00066-08-01,PAI-00066,Milestone 8-1,2024-11-12,2024-11-26,COMPLETED,14
MS-00066-08-02,PAI-00066,Milestone 8-2,2024-10-24,,DELAYED,0
MS-00066-12-01,PAI-00066,Milestone 12-1,2025-02-06,2025-03-13,COMPLETED,35
MS-00066-12-02,PAI-00066,Milestone 12-2,2025-03-14,,DELAYED,0
MS-00066-16-01,PAI-00066,Milestone 16-1,2025-06-28,2025-07-15,COMPLETED,17
MS-00066-20-01,PAI-00066,Milestone 20-1,2025-09-15,2025-10-07,COMPLETED,22
MS-00066-24-01,PAI-00066,Milestone 24-1,2026-03-05,2026-04-25,COMPLETED,51
MS-00066-24-02,PAI-00066,Milestone 24-2,2026-02-05,,DELAYED,0
MS-00067-04-01,PAI-00067,Milestone 4-1,2024-05-20,2024-07-03,COMPLETED,44
MS-00067-04-02,PAI-00067,Milestone 4-2,2024-05-21,2024-06-08,COMPLETED,18
MS-00067-08-01,PAI-00067,Milestone 8-1,2024-09-22,,DELAYED,0
MS-00067-12-01,PAI-00067,Milestone 12-1,2025-03-13,,DELAYED,0
MS-00067-16-01,PAI-00067,Milestone 16-1,2025-07-10,2025-07-28,COMPLETED,18
MS-00067-20-01,PAI-00067,Milestone 20-1,2025-11-09,,DELAYED,0
MS-00067-20-02,PAI-00067,Milestone 20-2,2025-11-05,,DELAYED,0
MS-00067-24-01,PAI-00067,Milestone 24-1,2026-02-22,2026-04-29,COMPLETED,66
MS-00068-04-01,PAI-00068,Milestone 4-1,2024-06-17,,DELAYED,0
MS-00068-08-01,PAI-00068,Milestone 8-1,2024-10-30,2024-12-02,COMPLETED,33
MS-00068-12-01,PAI-00068,Milestone 12-1,2025-02-06,2025-04-06,COMPLETED,59
MS-00068-12-02,PAI-00068,Milestone 12-2,2025-03-15,2025-04-10,COMPLETED,26
MS-00068-16-01,PAI-00068,Milestone 16-1,2025-05-23,,DELAYED,0
MS-00068-20-01,PAI-00068,Milestone 20-1,2025-10-06,2025-10-22,COMPLETED,16
MS-00068-20-02,PAI-00068,Milestone 20-2,2025-09-22,,DELAYED,0
MS-00068-24-01,PAI-00068,Milestone 24-1,2026-01-10,,DELAYED,0
MS-00068-24-02,PAI-00068,Milestone 24-2,2026-01-21,,DELAYED,0
MS-00069-04-01,PAI-00069,Milestone 4-1,2024-05-10,,DELAYED,0
MS-00069-04-02,PAI-00069,Milestone 4-2,2024-06-09,2024-07-27,COMPLETED,48
MS-00069-08-01,PAI-00069,Milestone 8-1,2024-09-11,2024-10-08,COMPLETED,27
MS-00069-12-01,PAI-00069,Milestone 12-1,2025-03-18,2025-03-18,COMPLETED,0
MS-00069-16-01,PAI-00069,Milestone 16-1,2025-06-09,,DELAYED,0
MS-00069-20-01,PAI-00069,Milestone 20-1,2025-10-31,2025-11-16,COMPLETED,16
MS-00069-20-02,PAI-00069,Milestone 20-2,2025-10-22,2025-11-22,COMPLETED,31
MS-00069-24-01,PAI-00069,Milestone 24-1,2026-02-22,2026-02-27,COMPLETED,5
MS-00069-24-02,PAI-00069,Milestone 24-2,2026-02-12,2026-03-12,COMPLETED,28
MS-00070-04-01,PAI-00070,Milestone 4-1,2024-07-11,2024-08-28,COMPLETED,48
MS-00070-04-02,PAI-00070,Milestone 4-2,2024-06-03,,DELAYED,0
MS-00070-08-01,PAI-00070,Milestone 8-1,2024-09-23,,DELAYED,0
MS-00070-08-02,PAI-00070,Milestone 8-2,2024-09-15,2024-11-11,COMPLETED,57
MS-00070-12-01,PAI-00070,Milestone 12-1,2025-02-20,2025-03-30,COMPLETED,38
MS-00070-16-01,PAI-00070,Milestone 16-1,2025-05-20,,DELAYED,0
MS-00070-16-02,PAI-00070,Milestone 16-2,2025-07-16,,DELAYED,0
MS-00070-20-01,PAI-00070,Milestone 20-1,2025-11-16,,DELAYED,0
MS-00070-20-02,PAI-00070,Milestone 20-2,2025-09-17,2025-10-11,COMPLETED,24
MS-00070-24-01,PAI-00070,Milestone 24-1,2026-03-04,2026-04-13,COMPLETED,40
MS-00070-24-02,PAI-00070,Milestone 24-2,2026-01-13,2026-03-09,COMPLETED,55
MS-00071-04-01,PAI-00071,Milestone 4-1,2024-05-12,2024-05-16,COMPLETED,4
MS-00071-08-01,PAI-00071,Milestone 8-1,2024-10-11,,DELAYED,0
MS-00071-12-01,PAI-00071,Milestone 12-1,2025-02-24,2025-02-26,COMPLETED,2
MS-00071-12-02,PAI-00071,Milestone 12-2,2025-03-06,2025-03-26,COMPLETED,20
MS-00071-16-01,PAI-00071,Milestone 16-1,2025-07-18,2025-07-18,COMPLETED,0
MS-00071-20-01,PAI-00071,Milestone 20-1,2025-11-09,,DELAYED,0
MS-00071-24-01,PAI-00071,Milestone 24-1,2026-01-18,2026-01-20,COMPLETED,2
MS-00072-04-01,PAI-00072,Milestone 4-1,2024-06-14,2024-06-15,COMPLETED,1
MS-00072-08-01,PAI-00072,Milestone 8-1,2024-09-26,2024-10-06,COMPLETED,10
MS-00072-08-02,PAI-00072,Milestone 8-2,2024-11-10,,DELAYED,0
MS-00072-12-01,PAI-00072,Milestone 12-1,2025-01-27,2025-03-24,COMPLETED,56
MS-00072-16-01,PAI-00072,Milestone 16-1,2025-07-15,2025-09-05,COMPLETED,52
MS-00072-16-02,PAI-00072,Milestone 16-2,2025-06-03,2025-07-04,COMPLETED,31
MS-00072-20-01,PAI-00072,Milestone 20-1,2025-09-29,2025-11-15,COMPLETED,47
MS-00072-20-02,PAI-00072,Milestone 20-2,2025-10-05,2025-10-27,COMPLETED,22
MS-00072-24-01,PAI-00072,Milestone 24-1,2026-01-17,2026-01-17,COMPLETED,0
MS-00073-04-01,PAI-00073,Milestone 4-1,2024-05-30,,DELAYED,0
MS-00073-04-02,PAI-00073,Milestone 4-2,2024-05-22,,DELAYED,0
MS-00073-08-01,PAI-00073,Milestone 8-1,2024-10-17,2024-12-21,COMPLETED,65
MS-00073-08-02,PAI-00073,Milestone 8-2,2024-09-30,2024-11-04,COMPLETED,35
MS-00073-12-01,PAI-00073,Milestone 12-1,2025-03-20,2025-05-23,COMPLETED,64
MS-00073-12-02,PAI-00073,Milestone 12-2,2025-02-10,,DELAYED,0
MS-00073-16-01,PAI-00073,Milestone 16-1,2025-07-01,,DELAYED,0
MS-00073-16-02,PAI-00073,Milestone 16-2,2025-07-03,,DELAYED,0
MS-00073-20-01,PAI-00073,Milestone 20-1,2025-10-21,,DELAYED,0
MS-00073-20-02,PAI-00073,Milestone 20-2,2025-10-31,2026-01-21,COMPLETED,82
MS-00073-24-01,PAI-00073,Milestone 24-1,2026-02-15,,DELAYED,0
MS-00073-24-02,PAI-00073,Milestone 24-2,2026-01-24,2026-02-06,COMPLETED,13
MS-00074-04-01,PAI-00074,Milestone 4-1,2024-05-15,2024-05-27,COMPLETED,12
MS-00074-08-01,PAI-00074,Milestone 8-1,2024-11-05,2024-12-20,COMPLETED,45
MS-00074-08-02,PAI-00074,Milestone 8-2,2024-10-10,2024-10-29,COMPLETED,19
MS-00074-12-01,PAI-00074,Milestone 12-1,2025-02-12,2025-02-27,COMPLETED,15
MS-00074-16-01,PAI-00074,Milestone 16-1,2025-07-15,,DELAYED,0
MS-00074-20-01,PAI-00074,Milestone 20-1,2025-11-18,,DELAYED,0
MS-00074-24-01,PAI-00074,Milestone 24-1,2026-02-19,,DELAYED,0
MS-00075-04-01,PAI-00075,Milestone 4-1,2024-05-12,2024-05-26,COMPLETED,14
MS-00075-04-02,PAI-00075,Milestone 4-2,2024-07-02,,DELAYED,0
MS-00075-08-01,PAI-00075,Milestone 8-1,2024-09-24,,DELAYED,0
MS-00075-12-01,PAI-00075,Milestone 12-1,2025-02-02,,DELAYED,0
MS-00075-16-01,PAI-00075,Milestone 16-1,2025-05-22,,DELAYED,0
MS-00075-16-02,PAI-00075,Milestone 16-2,2025-06-08,2025-06-25,COMPLETED,17
MS-00075-20-01,PAI-00075,Milestone 20-1,2025-09-25,2025-09-25,COMPLETED,0
MS-00075-20-02,PAI-00075,Milestone 20-2,2025-09-18,,DELAYED,0
MS-00075-24-01,PAI-00075,Milestone 24-1,2026-02-10,2026-02-10,COMPLETED,0
MS-00075-24-02,PAI-00075,Milestone 24-2,2026-01-15,2026-01-29,COMPLETED,14
MS-00076-04-01,PAI-00076,Milestone 4-1,2024-06-22,2024-07-02,COMPLETED,10
MS-00076-08-01,PAI-00076,Milestone 8-1,2024-09-22,2024-10-31,COMPLETED,39
MS-00076-12-01,PAI-00076,Milestone 12-1,2025-02-12,2025-04-08,COMPLETED,55
MS-00076-12-02,PAI-00076,Milestone 12-2,2025-01-29,,DELAYED,0
MS-00076-16-01,PAI-00076,Milestone 16-1,2025-07-04,2025-07-13,COMPLETED,9
MS-00076-20-01,PAI-00076,Milestone 20-1,2025-09-15,,DELAYED,0
MS-00076-20-02,PAI-00076,Milestone 20-2,2025-09-24,,DELAYED,0
MS-00076-24-01,PAI-00076,Milestone 24-1,2026-02-12,2026-03-18,COMPLETED,34
MS-00076-24-02,PAI-00076,Milestone 24-2,2026-02-07,2026-02-25,COMPLETED,18
MS-00077-04-01,PAI-00077,Milestone 4-1,2024-06-11,,DELAYED,0
MS-00077-04-02,PAI-00077,Milestone 4-2,2024-06-11,2024-06-24,COMPLETED,13
MS-00077-08-01,PAI-00077,Milestone 8-1,2024-11-06,2024-11-25,COMPLETED,19
MS-00077-12-01,PAI-00077,Milestone 12-1,2025-01-20,2025-02-19,COMPLETED,30
MS-00077-16-01,PAI-00077,Milestone 16-1,2025-06-28,2025-06-29,COMPLETED,1
MS-00077-16-02,PAI-00077,Milestone 16-2,2025-07-15,,DELAYED,0
MS-00077-20-01,PAI-00077,Milestone 20-1,2025-10-16,2025-10-16,COMPLETED,0
MS-00077-24-01,PAI-00077,Milestone 24-1,2026-01-11,2026-02-06,COMPLETED,26
MS-00077-24-02,PAI-00077,Milestone 24-2,2026-03-10,2026-04-02,COMPLETED,23
MS-00078-04-01,PAI-00078,Milestone 4-1,2024-07-03,2024-07-22,COMPLETED,19
MS-00078-08-01,PAI-00078,Milestone 8-1,2024-10-05,2024-10-19,COMPLETED,14
MS-00078-08-02,PAI-00078,Milestone 8-2,2024-10-07,2024-10-07,COMPLETED,0
MS-00078-12-01,PAI-00078,Milestone 12-1,2025-03-07,2025-03-28,COMPLETED,21
MS-00078-16-01,PAI-00078,Milestone 16-1,2025-06-27,2025-07-09,COMPLETED,12
MS-00078-20-01,PAI-00078,Milestone 20-1,2025-09-18,2025-10-26,COMPLETED,38
MS-00078-24-01,PAI-00078,Milestone 24-1,2026-03-17,2026-03-19,COMPLETED,2
MS-00078-24-02,PAI-00078,Milestone 24-2,2026-02-05,,DELAYED,0
MS-00079-04-01,PAI-00079,Milestone 4-1,2024-07-14,,DELAYED,0
MS-00079-08-01,PAI-00079,Milestone 8-1,2024-10-02,2024-11-01,COMPLETED,30
MS-00079-08-02,PAI-00079,Milestone 8-2,2024-11-02,2024-12-04,COMPLETED,32
MS-00079-12-01,PAI-00079,Milestone 12-1,2025-01-24,2025-02-12,COMPLETED,19
MS-00079-16-01,PAI-00079,Milestone 16-1,2025-07-11,,DELAYED,0
MS-00079-20-01,PAI-00079,Milestone 20-1,2025-10-31,2025-11-10,COMPLETED,10
MS-00079-20-02,PAI-00079,Milestone 20-2,2025-09-10,2025-10-09,COMPLETED,29
MS-00079-24-01,PAI-00079,Milestone 24-1,2026-03-16,,DELAYED,0
MS-00080-04-01,PAI-00080,Milestone 4-1,2024-06-10,2024-06-10,COMPLETED,0
MS-00080-08-01,PAI-00080,Milestone 8-1,2024-10-22,,DELAYED,0
MS-00080-08-02,PAI-00080,Milestone 8-2,2024-11-10,2024-11-11,COMPLETED,1
MS-00080-12-01,PAI-00080,Milestone 12-1,2025-01-29,2025-02-01,COMPLETED,3
MS-00080-12-02,PAI-00080,Milestone 12-2,2025-02-21,2025-02-24,COMPLETED,3
MS-00080-16-01,PAI-00080,Milestone 16-1,2025-07-02,2025-07-19,COMPLETED,17
MS-00080-16-02,PAI-00080,Milestone 16-2,2025-06-11,2025-07-06,COMPLETED,25
MS-00080-20-01,PAI-00080,Milestone 20-1,2025-09-20,2025-10-21,COMPLETED,31
MS-00080-20-02,PAI-00080,Milestone 20-2,2025-11-04,2025-11-04,COMPLETED,0
MS-00080-24-01,PAI-00080,Milestone 24-1,2026-02-21,2026-04-01,COMPLETED,39
MS-00081-04-01,PAI-00081,Milestone 4-1,2024-06-16,2024-07-28,COMPLETED,42
MS-00081-08-01,PAI-00081,Milestone 8-1,2024-10-28,,DELAYED,0
MS-00081-08-02,PAI-00081,Milestone 8-2,2024-10-28,,DELAYED,0
MS-00081-12-01,PAI-00081,Milestone 12-1,2025-02-14,,DELAYED,0
MS-00081-12-02,PAI-00081,Milestone 12-2,2025-01-14,2025-02-24,COMPLETED,41
MS-00081-16-01,PAI-00081,Milestone 16-1,2025-05-17,2025-05-29,COMPLETED,12
MS-00081-20-01,PAI-00081,Milestone 20-1,2025-09-29,2025-11-18,COMPLETED,50
MS-00081-20-02,PAI-00081,Milestone 20-2,2025-09-21,2025-09-24,COMPLETED,3
MS-00081-24-01,PAI-00081,Milestone 24-1,2026-03-15,2026-04-13,COMPLETED,29
MS-00081-24-02,PAI-00081,Milestone 24-2,2026-03-18,2026-03-21,COMPLETED,3
MS-00082-04-01,PAI-00082,Milestone 4-1,2024-05-19,2024-06-18,COMPLETED,30
MS-00082-04-02,PAI-00082,Milestone 4-2,2024-05-14,2024-06-09,COMPLETED,26
MS-00082-08-01,PAI-00082,Milestone 8-1,2024-10-02,2024-11-03,COMPLETED,32
MS-00082-08-02,PAI-00082,Milestone 8-2,2024-10-13,2024-10-22,COMPLETED,9
MS-00082-12-01,PAI-00082,Milestone 12-1,2025-02-01,,DELAYED,0
MS-00082-12-02,PAI-00082,Milestone 12-2,2025-01-12,2025-01-16,COMPLETED,4
MS-00082-16-01,PAI-00082,Milestone 16-1,2025-07-09,,DELAYED,0
MS-00082-16-02,PAI-00082,Milestone 16-2,2025-06-27,2025-07-31,COMPLETED,34
MS-00082-20-01,PAI-00082,Milestone 20-1,2025-11-08,2025-11-21,COMPLETED,13
MS-00082-24-01,PAI-00082,Milestone 24-1,2026-01-16,2026-02-07,COMPLETED,22
MS-00082-24-02,PAI-00082,Milestone 24-2,2026-02-05,2026-02-26,COMPLETED,21
MS-00083-04-01,PAI-00083,Milestone 4-1,2024-07-01,2024-08-30,COMPLETED,60
MS-00083-08-01,PAI-00083,Milestone 8-1,2024-09-17,2024-10-11,COMPLETED,24
MS-00083-08-02,PAI-00083,Milestone 8-2,2024-09-21,,DELAYED,0
MS-00083-12-01,PAI-00083,Milestone 12-1,2025-01-26,2025-02-15,COMPLETED,20
MS-00083-16-01,PAI-00083,Milestone 16-1,2025-07-11,2025-10-02,COMPLETED,83
MS-00083-20-01,PAI-00083,Milestone 20-1,2025-10-18,2025-12-10,COMPLETED,53
MS-00083-20-02,PAI-00083,Milestone 20-2,2025-11-18,,DELAYED,0
MS-00083-24-01,PAI-00083,Milestone 24-1,2026-03-19,,DELAYED,0
MS-00083-24-02,PAI-00083,Milestone 24-2,2026-03-08,,DELAYED,0
MS-00084-04-01,PAI-00084,Milestone 4-1,2024-06-25,2024-07-04,COMPLETED,9
MS-00084-04-02,PAI-00084,Milestone 4-2,2024-06-08,,DELAYED,0
MS-00084-08-01,PAI-00084,Milestone 8-1,2024-10-18,2024-11-26,COMPLETED,39
MS-00084-08-02,PAI-00084,Milestone 8-2,2024-11-01,2024-11-18,COMPLETED,17
MS-00084-12-01,PAI-00084,Milestone 12-1,2025-01-30,2025-03-13,COMPLETED,42
MS-00084-16-01,PAI-00084,Milestone 16-1,2025-05-10,,DELAYED,0
MS-00084-16-02,PAI-00084,Milestone 16-2,2025-05-30,,DELAYED,0
MS-00084-20-01,PAI-00084,Milestone 20-1,2025-10-06,2025-10-28,COMPLETED,22
MS-00084-20-02,PAI-00084,Milestone 20-2,2025-11-01,,DELAYED,0
MS-00084-24-01,PAI-00084,Milestone 24-1,2026-03-20,2026-03-20,COMPLETED,0
MS-00085-04-01,PAI-00085,Milestone 4-1,2024-06-15,2024-06-15,COMPLETED,0
MS-00085-04-02,PAI-00085,Milestone 4-2,2024-05-15,2024-06-01,COMPLETED,17
MS-00085-08-01,PAI-00085,Milestone 8-1,2024-09-10,,DELAYED,0
MS-00085-12-01,PAI-00085,Milestone 12-1,2025-01-24,2025-01-26,COMPLETED,2
MS-00085-12-02,PAI-00085,Milestone 12-2,2025-01-16,2025-01-16,COMPLETED,0
MS-00085-16-01,PAI-00085,Milestone 16-1,2025-05-31,,DELAYED,0
MS-00085-16-02,PAI-00085,Milestone 16-2,2025-07-17,2025-07-18,COMPLETED,1
MS-00085-20-01,PAI-00085,Milestone 20-1,2025-10-30,2025-11-07,COMPLETED,8
MS-00085-24-01,PAI-00085,Milestone 24-1,2026-02-27,,DELAYED,0
MS-00086-04-01,PAI-00086,Milestone 4-1,2024-06-15,2024-07-25,COMPLETED,40
MS-00086-04-02,PAI-00086,Milestone 4-2,2024-06-25,2024-07-23,COMPLETED,28
MS-00086-08-01,PAI-00086,Milestone 8-1,2024-10-29,,DELAYED,0
MS-00086-08-02,PAI-00086,Milestone 8-2,2024-11-16,,DELAYED,0
MS-00086-12-01,PAI-00086,Milestone 12-1,2025-02-19,2025-03-26,COMPLETED,35
MS-00086-12-02,PAI-00086,Milestone 12-2,2025-02-06,,DELAYED,0
MS-00086-16-01,PAI-00086,Milestone 16-1,2025-06-07,2025-06-07,COMPLETED,0
MS-00086-20-01,PAI-00086,Milestone 20-1,2025-09-22,,DELAYED,0
MS-00086-20-02,PAI-00086,Milestone 20-2,2025-10-31,2025-12-08,COMPLETED,38
MS-00086-24-01,PAI-00086,Milestone 24-1,2026-03-09,,DELAYED,0
MS-00086-24-02,PAI-00086,Milestone 24-2,2026-01-28,2026-02-05,COMPLETED,8
MS-00087-04-01,PAI-00087,Milestone 4-1,2024-05-20,,DELAYED,0
MS-00087-08-01,PAI-00087,Milestone 8-1,2024-10-23,2024-10-23,COMPLETED,0
MS-00087-12-01,PAI-00087,Milestone 12-1,2025-03-01,,DELAYED,0
MS-00087-12-02,PAI-00087,Milestone 12-2,2025-02-09,2025-03-08,COMPLETED,27
MS-00087-16-01,PAI-00087,Milestone 16-1,2025-07-11,2025-07-28,COMPLETED,17
MS-00087-16-02,PAI-00087,Milestone 16-2,2025-07-05,2025-07-29,COMPLETED,24
MS-00087-20-01,PAI-00087,Milestone 20-1,2025-10-06,2025-10-30,COMPLETED,24
MS-00087-20-02,PAI-00087,Milestone 20-2,2025-10-08,,DELAYED,0
MS-00087-24-01,PAI-00087,Milestone 24-1,2026-02-03,2026-02-27,COMPLETED,24
MS-00087-24-02,PAI-00087,Milestone 24-2,2026-02-14,,DELAYED,0
MS-00088-04-01,PAI-00088,Milestone 4-1,2024-06-03,2024-06-17,COMPLETED,14
MS-00088-08-01,PAI-00088,Milestone 8-1,2024-10-04,2024-10-12,COMPLETED,8
MS-00088-12-01,PAI-00088,Milestone 12-1,2025-01-31,2025-02-11,COMPLETED,11
MS-00088-12-02,PAI-00088,Milestone 12-2,2025-02-15,2025-04-08,COMPLETED,52
MS-00088-16-01,PAI-00088,Milestone 16-1,2025-07-12,,DELAYED,0
MS-00088-20-01,PAI-00088,Milestone 20-1,2025-11-05,2025-11-29,COMPLETED,24
MS-00088-20-02,PAI-00088,Milestone 20-2,2025-09-22,2025-10-30,COMPLETED,38
MS-00088-24-01,PAI-00088,Milestone 24-1,2026-01-14,2026-02-22,COMPLETED,39
MS-00089-04-01,PAI-00089,Milestone 4-1,2024-06-08,2024-07-10,COMPLETED,32
MS-00089-04-02,PAI-00089,Milestone 4-2,2024-06-08,,DELAYED,0
MS-00089-08-01,PAI-00089,Milestone 8-1,2024-09-25,2024-10-23,COMPLETED,28
MS-00089-12-01,PAI-00089,Milestone 12-1,2025-03-19,2025-04-25,COMPLETED,37
MS-00089-16-01,PAI-00089,Milestone 16-1,2025-05-11,,DELAYED,0
MS-00089-16-02,PAI-00089,Milestone 16-2,2025-06-17,,DELAYED,0
MS-00089-20-01,PAI-00089,Milestone 20-1,2025-10-12,2025-12-07,COMPLETED,56
MS-00089-24-01,PAI-00089,Milestone 24-1,2026-03-06,2026-03-16,COMPLETED,10
MS-00090-04-01,PAI-00090,Milestone 4-1,2024-06-24,,DELAYED,0
MS-00090-08-01,PAI-00090,Milestone 8-1,2024-09-26,,DELAYED,0
MS-00090-08-02,PAI-00090,Milestone 8-2,2024-10-13,,DELAYED,0
MS-00090-12-01,PAI-00090,Milestone 12-1,2025-03-01,2025-03-01,COMPLETED,0
MS-00090-16-01,PAI-00090,Milestone 16-1,2025-07-02,2025-07-27,COMPLETED,25
MS-00090-16-02,PAI-00090,Milestone 16-2,2025-05-23,2025-06-18,COMPLETED,26
MS-00090-20-01,PAI-00090,Milestone 20-1,2025-09-18,2025-10-16,COMPLETED,28
MS-00090-20-02,PAI-00090,Milestone 20-2,2025-10-18,,DELAYED,0
MS-00090-24-01,PAI-00090,Milestone 24-1,2026-01-15,,DELAYED,0
MS-00091-04-01,PAI-00091,Milestone 4-1,2024-06-11,,DELAYED,0
MS-00091-04-02,PAI-00091,Milestone 4-2,2024-05-10,,DELAYED,0
MS-00091-08-01,PAI-00091,Milestone 8-1,2024-10-25,2024-11-29,COMPLETED,35
MS-00091-12-01,PAI-00091,Milestone 12-1,2025-02-25,2025-04-13,COMPLETED,47
MS-00091-12-02,PAI-00091,Milestone 12-2,2025-01-14,2025-01-14,COMPLETED,0
MS-00091-16-01,PAI-00091,Milestone 16-1,2025-06-03,2025-06-13,COMPLETED,10
MS-00091-16-02,PAI-00091,Milestone 16-2,2025-06-18,,DELAYED,0
MS-00091-20-01,PAI-00091,Milestone 20-1,2025-09-11,,DELAYED,0
MS-00091-20-02,PAI-00091,Milestone 20-2,2025-10-28,,DELAYED,0
MS-00091-24-01,PAI-00091,Milestone 24-1,2026-03-09,,DELAYED,0
MS-00092-04-01,PAI-00092,Milestone 4-1,2024-06-19,2024-07-11,COMPLETED,22
MS-00092-08-01,PAI-00092,Milestone 8-1,2024-09-18,2024-09-28,COMPLETED,10
MS-00092-08-02,PAI-00092,Milestone 8-2,2024-09-24,2024-09-29,COMPLETED,5
MS-00092-12-01,PAI-00092,Milestone 12-1,2025-01-18,2025-02-21,COMPLETED,34
MS-00092-16-01,PAI-00092,Milestone 16-1,2025-06-16,2025-08-06,COMPLETED,51
MS-00092-20-01,PAI-00092,Milestone 20-1,2025-11-03,2025-11-25,COMPLETED,22
MS-00092-20-02,PAI-00092,Milestone 20-2,2025-11-02,2025-11-02,COMPLETED,0
MS-00092-24-01,PAI-00092,Milestone 24-1,2026-03-15,2026-03-21,COMPLETED,6
MS-00093-04-01,PAI-00093,Milestone 4-1,2024-05-29,2024-06-19,COMPLETED,21
MS-00093-04-02,PAI-00093,Milestone 4-2,2024-07-09,,DELAYED,0
MS-00093-08-01,PAI-00093,Milestone 8-1,2024-10-01,2024-10-15,COMPLETED,14
MS-00093-12-01,PAI-00093,Milestone 12-1,2025-02-24,,DELAYED,0
MS-00093-16-01,PAI-00093,Milestone 16-1,2025-06-14,2025-06-14,COMPLETED,0
MS-00093-20-01,PAI-00093,Milestone 20-1,2025-09-12,2025-09-12,COMPLETED,0
MS-00093-24-01,PAI-00093,Milestone 24-1,2026-02-02,2026-02-10,COMPLETED,8
MS-00094-04-01,PAI-00094,Milestone 4-1,2024-07-13,2024-07-23,COMPLETED,10
MS-00094-08-01,PAI-00094,Milestone 8-1,2024-09-24,2024-11-16,COMPLETED,53
MS-00094-12-01,PAI-00094,Milestone 12-1,2025-03-11,2025-03-11,COMPLETED,0
MS-00094-12-02,PAI-00094,Milestone 12-2,2025-01-22,,DELAYED,0
MS-00094-16-01,PAI-00094,Milestone 16-1,2025-05-30,2025-05-30,COMPLETED,0
MS-00094-16-02,PAI-00094,Milestone 16-2,2025-07-10,2025-07-23,COMPLETED,13
MS-00094-20-01,PAI-00094,Milestone 20-1,2025-11-17,2025-12-10,COMPLETED,23
MS-00094-20-02,PAI-00094,Milestone 20-2,2025-09-19,2025-09-26,COMPLETED,7
MS-00094-24-01,PAI-00094,Milestone 24-1,2026-01-20,2026-01-20,COMPLETED,0
MS-00095-04-01,PAI-00095,Milestone 4-1,2024-07-03,2024-07-06,COMPLETED,3
MS-00095-08-01,PAI-00095,Milestone 8-1,2024-10-09,2024-10-26,COMPLETED,17
MS-00095-12-01,PAI-00095,Milestone 12-1,2025-01-20,,DELAYED,0
MS-00095-16-01,PAI-00095,Milestone 16-1,2025-07-17,2025-08-03,COMPLETED,17
MS-00095-16-02,PAI-00095,Milestone 16-2,2025-05-12,2025-05-12,COMPLETED,0
MS-00095-20-01,PAI-00095,Milestone 20-1,2025-11-01,2025-12-09,COMPLETED,38
MS-00095-24-01,PAI-00095,Milestone 24-1,2026-01-29,2026-03-06,COMPLETED,36
MS-00095-24-02,PAI-00095,Milestone 24-2,2026-03-02,2026-03-13,COMPLETED,11
MS-00096-04-01,PAI-00096,Milestone 4-1,2024-06-17,2024-06-21,COMPLETED,4
MS-00096-04-02,PAI-00096,Milestone 4-2,2024-06-05,2024-06-05,COMPLETED,0
MS-00096-08-01,PAI-00096,Milestone 8-1,2024-10-13,2024-10-27,COMPLETED,14
MS-00096-08-02,PAI-00096,Milestone 8-2,2024-09-10,2024-09-10,COMPLETED,0
MS-00096-12-01,PAI-00096,Milestone 12-1,2025-02-17,2025-03-07,COMPLETED,18
MS-00096-12-02,PAI-00096,Milestone 12-2,2025-01-21,,DELAYED,0
MS-00096-16-01,PAI-00096,Milestone 16-1,2025-06-21,,DELAYED,0
MS-00096-16-02,PAI-00096,Milestone 16-2,2025-06-09,2025-07-04,COMPLETED,25
MS-00096-20-01,PAI-00096,Milestone 20-1,2025-09-22,2025-09-26,COMPLETED,4
MS-00096-20-02,PAI-00096,Milestone 20-2,2025-10-02,2025-10-21,COMPLETED,19
MS-00096-24-01,PAI-00096,Milestone 24-1,2026-03-04,,DELAYED,0
MS-00096-24-02,PAI-00096,Milestone 24-2,2026-03-18,2026-03-18,COMPLETED,0
MS-00097-04-01,PAI-00097,Milestone 4-1,2024-06-15,2024-06-23,COMPLETED,8
MS-00097-08-01,PAI-00097,Milestone 8-1,2024-10-05,,DELAYED,0
MS-00097-12-01,PAI-00097,Milestone 12-1,2025-03-07,2025-03-28,COMPLETED,21
MS-00097-12-02,PAI-00097,Milestone 12-2,2025-03-06,,DELAYED,0
MS-00097-16-01,PAI-00097,Milestone 16-1,2025-05-30,2025-06-19,COMPLETED,20
MS-00097-16-02,PAI-00097,Milestone 16-2,2025-05-12,2025-06-21,COMPLETED,40
MS-00097-20-01,PAI-00097,Milestone 20-1,2025-09-22,2025-11-19,COMPLETED,58
MS-00097-24-01,PAI-00097,Milestone 24-1,2026-01-25,2026-03-22,COMPLETED,56
MS-00098-04-01,PAI-00098,Milestone 4-1,2024-05-19,2024-07-09,COMPLETED,51
MS-00098-08-01,PAI-00098,Milestone 8-1,2024-09-21,2024-09-30,COMPLETED,9
MS-00098-12-01,PAI-00098,Milestone 12-1,2025-01-24,2025-03-04,COMPLETED,39
MS-00098-12-02,PAI-00098,Milestone 12-2,2025-02-24,,DELAYED,0
MS-00098-16-01,PAI-00098,Milestone 16-1,2025-06-07,2025-06-13,COMPLETED,6
MS-00098-16-02,PAI-00098,Milestone 16-2,2025-06-17,2025-06-17,COMPLETED,0
MS-00098-20-01,PAI-00098,Milestone 20-1,2025-09-11,2025-09-11,COMPLETED,0
MS-00098-24-01,PAI-00098,Milestone 24-1,2026-02-14,2026-03-08,COMPLETED,22
MS-00099-04-01,PAI-00099,Milestone 4-1,2024-07-03,,DELAYED,0
MS-00099-08-01,PAI-00099,Milestone 8-1,2024-09-26,2024-09-27,COMPLETED,1
MS-00099-12-01,PAI-00099,Milestone 12-1,2025-01-21,2025-03-01,COMPLETED,39
MS-00099-16-01,PAI-00099,Milestone 16-1,2025-07-17,2025-07-28,COMPLETED,11
MS-00099-20-01,PAI-00099,Milestone 20-1,2025-10-28,2025-11-10,COMPLETED,13
MS-00099-20-02,PAI-00099,Milestone 20-2,2025-10-02,,DELAYED,0
MS-00099-24-01,PAI-00099,Milestone 24-1,2026-01-13,,DELAYED,0
MS-00100-04-01,PAI-00100,Milestone 4-1,2024-07-13,,DELAYED,0
MS-00100-04-02,PAI-00100,Milestone 4-2,2024-05-29,,DELAYED,0
MS-00100-08-01,PAI-00100,Milestone 8-1,2024-11-18,,DELAYED,0
MS-00100-08-02,PAI-00100,Milestone 8-2,2024-11-11,,DELAYED,0
MS-00100-12-01,PAI-00100,Milestone 12-1,2025-01-13,,DELAYED,0
MS-00100-12-02,PAI-00100,Milestone 12-2,2025-01-21,2025-03-26,COMPLETED,64
MS-00100-16-01,PAI-00100,Milestone 16-1,2025-06-19,,DELAYED,0
MS-00100-20-01,PAI-00100,Milestone 20-1,2025-11-08,2025-12-18,COMPLETED,40
MS-00100-24-01,PAI-00100,Milestone 24-1,2026-02-08,,DELAYED,0
MS-00101-04-01,PAI-00101,Milestone 4-1,2024-07-18,,DELAYED,0
MS-00101-08-01,PAI-00101,Milestone 8-1,2024-10-22,,DELAYED,0
MS-00101-12-01,PAI-00101,Milestone 12-1,2025-01-15,2025-02-19,COMPLETED,35
MS-00101-12-02,PAI-00101,Milestone 12-2,2025-01-14,2025-02-05,COMPLETED,22
MS-00101-16-01,PAI-00101,Milestone 16-1,2025-06-01,2025-07-27,COMPLETED,56
MS-00101-16-02,PAI-00101,Milestone 16-2,2025-07-01,2025-08-14,COMPLETED,44
MS-00101-20-01,PAI-00101,Milestone 20-1,2025-09-24,,DELAYED,0
MS-00101-24-01,PAI-00101,Milestone 24-1,2026-01-11,2026-02-10,COMPLETED,30
MS-00101-24-02,PAI-00101,Milestone 24-2,2026-02-22,2026-03-24,COMPLETED,30
MS-00102-04-01,PAI-00102,Milestone 4-1,2024-05-15,,DELAYED,0
MS-00102-08-01,PAI-00102,Milestone 8-1,2024-10-05,2024-11-10,COMPLETED,36
MS-00102-08-02,PAI-00102,Milestone 8-2,2024-10-20,2024-12-14,COMPLETED,55
MS-00102-12-01,PAI-00102,Milestone 12-1,2025-01-15,,DELAYED,0
MS-00102-16-01,PAI-00102,Milestone 16-1,2025-06-16,2025-06-26,COMPLETED,10
MS-00102-16-02,PAI-00102,Milestone 16-2,2025-06-23,,DELAYED,0
MS-00102-20-01,PAI-00102,Milestone 20-1,2025-10-29,,DELAYED,0
MS-00102-24-01,PAI-00102,Milestone 24-1,2026-02-08,2026-02-13,COMPLETED,5
MS-00102-24-02,PAI-00102,Milestone 24-2,2026-03-10,,DELAYED,0
MS-00103-04-01,PAI-00103,Milestone 4-1,2024-06-11,2024-07-23,COMPLETED,42
MS-00103-08-01,PAI-00103,Milestone 8-1,2024-11-01,2024-12-13,COMPLETED,42
MS-00103-12-01,PAI-00103,Milestone 12-1,2025-02-13,,DELAYED,0
MS-00103-16-01,PAI-00103,Milestone 16-1,2025-07-05,2025-08-17,COMPLETED,43
MS-00103-16-02,PAI-00103,Milestone 16-2,2025-05-17,,DELAYED,0
MS-00103-20-01,PAI-00103,Milestone 20-1,2025-11-03,2025-12-05,COMPLETED,32
MS-00103-24-01,PAI-00103,Milestone 24-1,2026-02-12,,DELAYED,0
MS-00104-04-01,PAI-00104,Milestone 4-1,2024-05-29,2024-07-04,COMPLETED,36
MS-00104-08-01,PAI-00104,Milestone 8-1,2024-10-03,,DELAYED,0
MS-00104-12-01,PAI-00104,Milestone 12-1,2025-03-10,,DELAYED,0
MS-00104-16-01,PAI-00104,Milestone 16-1,2025-06-18,2025-07-07,COMPLETED,19
MS-00104-16-02,PAI-00104,Milestone 16-2,2025-05-11,2025-06-12,COMPLETED,32
MS-00104-20-01,PAI-00104,Milestone 20-1,2025-10-23,2025-12-19,COMPLETED,57
MS-00104-20-02,PAI-00104,Milestone 20-2,2025-10-13,,DELAYED,0
MS-00104-24-01,PAI-00104,Milestone 24-1,2026-03-06,,DELAYED,0
MS-00104-24-02,PAI-00104,Milestone 24-2,2026-03-08,,DELAYED,0
MS-00105-04-01,PAI-00105,Milestone 4-1,2024-06-24,2024-06-27,COMPLETED,3
MS-00105-04-02,PAI-00105,Milestone 4-2,2024-06-20,,DELAYED,0
MS-00105-08-01,PAI-00105,Milestone 8-1,2024-10-31,2024-11-30,COMPLETED,30
MS-00105-08-02,PAI-00105,Milestone 8-2,2024-09-15,2024-09-27,COMPLETED,12
MS-00105-12-01,PAI-00105,Milestone 12-1,2025-02-22,2025-02-22,COMPLETED,0
MS-00105-12-02,PAI-00105,Milestone 12-2,2025-02-06,2025-02-06,COMPLETED,0
MS-00105-16-01,PAI-00105,Milestone 16-1,2025-05-27,2025-05-27,COMPLETED,0
MS-00105-20-01,PAI-00105,Milestone 20-1,2025-10-02,,DELAYED,0
MS-00105-20-02,PAI-00105,Milestone 20-2,2025-11-02,2025-12-18,COMPLETED,46
MS-00105-24-01,PAI-00105,Milestone 24-1,2026-03-13,2026-03-21,COMPLETED,8
MS-00106-04-01,PAI-00106,Milestone 4-1,2024-05-24,2024-05-25,COMPLETED,1
MS-00106-04-02,PAI-00106,Milestone 4-2,2024-05-30,2024-07-05,COMPLETED,36
MS-00106-08-01,PAI-00106,Milestone 8-1,2024-10-23,2024-11-12,COMPLETED,20
MS-00106-12-01,PAI-00106,Milestone 12-1,2025-02-14,2025-03-31,COMPLETED,45
MS-00106-12-02,PAI-00106,Milestone 12-2,2025-01-30,2025-02-08,COMPLETED,9
MS-00106-16-01,PAI-00106,Milestone 16-1,2025-07-14,2025-08-09,COMPLETED,26
MS-00106-20-01,PAI-00106,Milestone 20-1,2025-10-02,,DELAYED,0
MS-00106-20-02,PAI-00106,Milestone 20-2,2025-09-16,,DELAYED,0
MS-00106-24-01,PAI-00106,Milestone 24-1,2026-03-10,2026-03-27,COMPLETED,17
MS-00107-04-01,PAI-00107,Milestone 4-1,2024-05-18,2024-05-18,COMPLETED,0
MS-00107-08-01,PAI-00107,Milestone 8-1,2024-09-24,2024-11-06,COMPLETED,43
MS-00107-08-02,PAI-00107,Milestone 8-2,2024-11-13,,DELAYED,0
MS-00107-12-01,PAI-00107,Milestone 12-1,2025-03-06,2025-03-06,COMPLETED,0
MS-00107-16-01,PAI-00107,Milestone 16-1,2025-07-12,2025-07-12,COMPLETED,0
MS-00107-16-02,PAI-00107,Milestone 16-2,2025-05-14,2025-06-11,COMPLETED,28
MS-00107-20-01,PAI-00107,Milestone 20-1,2025-10-17,2025-10-17,COMPLETED,0
MS-00107-24-01,PAI-00107,Milestone 24-1,2026-01-15,,DELAYED,0
MS-00107-24-02,PAI-00107,Milestone 24-2,2026-03-10,2026-03-24,COMPLETED,14
MS-00108-04-01,PAI-00108,Milestone 4-1,2024-06-14,2024-07-08,COMPLETED,24
MS-00108-08-01,PAI-00108,Milestone 8-1,2024-11-14,2024-12-25,COMPLETED,41
MS-00108-08-02,PAI-00108,Milestone 8-2,2024-10-14,2024-11-29,COMPLETED,46
MS-00108-12-01,PAI-00108,Milestone 12-1,2025-02-17,,DELAYED,0
MS-00108-12-02,PAI-00108,Milestone 12-2,2025-02-22,2025-05-07,COMPLETED,74
MS-00108-16-01,PAI-00108,Milestone 16-1,2025-06-04,,DELAYED,0
MS-00108-16-02,PAI-00108,Milestone 16-2,2025-06-24,2025-07-27,COMPLETED,33
MS-00108-20-01,PAI-00108,Milestone 20-1,2025-09-23,2025-10-31,COMPLETED,38
MS-00108-20-02,PAI-00108,Milestone 20-2,2025-10-17,2025-11-08,COMPLETED,22
MS-00108-24-01,PAI-00108,Milestone 24-1,2026-01-10,2026-02-11,COMPLETED,32
MS-00109-04-01,PAI-00109,Milestone 4-1,2024-06-08,2024-07-05,COMPLETED,27
MS-00109-04-02,PAI-00109,Milestone 4-2,2024-05-13,,DELAYED,0
MS-00109-08-01,PAI-00109,Milestone 8-1,2024-09-23,2024-10-24,COMPLETED,31
MS-00109-12-01,PAI-00109,Milestone 12-1,2025-01-10,2025-04-04,COMPLETED,84
MS-00109-16-01,PAI-00109,Milestone 16-1,2025-06-20,,DELAYED,0
MS-00109-16-02,PAI-00109,Milestone 16-2,2025-05-19,2025-06-22,COMPLETED,34
MS-00109-20-01,PAI-00109,Milestone 20-1,2025-09-16,,DELAYED,0
MS-00109-20-02,PAI-00109,Milestone 20-2,2025-11-12,,DELAYED,0
MS-00109-24-01,PAI-00109,Milestone 24-1,2026-02-24,2026-04-17,COMPLETED,52
MS-00110-04-01,PAI-00110,Milestone 4-1,2024-06-12,2024-07-08,COMPLETED,26
MS-00110-08-01,PAI-00110,Milestone 8-1,2024-10-24,,DELAYED,0
MS-00110-12-01,PAI-00110,Milestone 12-1,2025-03-09,,DELAYED,0
MS-00110-16-01,PAI-00110,Milestone 16-1,2025-05-14,2025-07-02,COMPLETED,49
MS-00110-20-01,PAI-00110,Milestone 20-1,2025-09-16,,DELAYED,0
MS-00110-24-01,PAI-00110,Milestone 24-1,2026-01-30,2026-04-04,COMPLETED,64
MS-00110-24-02,PAI-00110,Milestone 24-2,2026-01-28,,DELAYED,0
MS-00111-04-01,PAI-00111,Milestone 4-1,2024-06-21,2024-07-08,COMPLETED,17
MS-00111-08-01,PAI-00111,Milestone 8-1,2024-11-04,,DELAYED,0
MS-00111-08-02,PAI-00111,Milestone 8-2,2024-09-21,,DELAYED,0
MS-00111-12-01,PAI-00111,Milestone 12-1,2025-01-23,2025-04-02,COMPLETED,69
MS-00111-12-02,PAI-00111,Milestone 12-2,2025-01-20,2025-03-02,COMPLETED,41
MS-00111-16-01,PAI-00111,Milestone 16-1,2025-05-20,2025-06-07,COMPLETED,18
MS-00111-20-01,PAI-00111,Milestone 20-1,2025-10-16,,DELAYED,0
MS-00111-20-02,PAI-00111,Milestone 20-2,2025-10-28,,DELAYED,0
MS-00111-24-01,PAI-00111,Milestone 24-1,2026-01-15,2026-02-25,COMPLETED,41
MS-00112-04-01,PAI-00112,Milestone 4-1,2024-05-30,,DELAYED,0
MS-00112-08-01,PAI-00112,Milestone 8-1,2024-09-26,2024-10-15,COMPLETED,19
MS-00112-12-01,PAI-00112,Milestone 12-1,2025-02-19,,DELAYED,0
MS-00112-12-02,PAI-00112,Milestone 12-2,2025-01-16,2025-01-21,COMPLETED,5
MS-00112-16-01,PAI-00112,Milestone 16-1,2025-07-02,2025-07-06,COMPLETED,4
MS-00112-16-02,PAI-00112,Milestone 16-2,2025-07-09,2025-07-09,COMPLETED,0
MS-00112-20-01,PAI-00112,Milestone 20-1,2025-11-14,2025-11-14,COMPLETED,0
MS-00112-20-02,PAI-00112,Milestone 20-2,2025-10-24,2025-11-14,COMPLETED,21
MS-00112-24-01,PAI-00112,Milestone 24-1,2026-01-10,2026-01-21,COMPLETED,11
MS-00113-04-01,PAI-00113,Milestone 4-1,2024-06-12,,DELAYED,0
MS-00113-08-01,PAI-00113,Milestone 8-1,2024-10-01,2024-10-11,COMPLETED,10
MS-00113-12-01,PAI-00113,Milestone 12-1,2025-02-01,2025-03-12,COMPLETED,39
MS-00113-12-02,PAI-00113,Milestone 12-2,2025-02-05,2025-02-12,COMPLETED,7
MS-00113-16-01,PAI-00113,Milestone 16-1,2025-06-03,2025-06-29,COMPLETED,26
MS-00113-16-02,PAI-00113,Milestone 16-2,2025-05-29,2025-05-29,COMPLETED,0
MS-00113-20-01,PAI-00113,Milestone 20-1,2025-11-05,2025-11-18,COMPLETED,13
MS-00113-24-01,PAI-00113,Milestone 24-1,2026-03-04,2026-03-04,COMPLETED,0
MS-00113-24-02,PAI-00113,Milestone 24-2,2026-02-13,2026-02-13,COMPLETED,0
MS-00114-04-01,PAI-00114,Milestone 4-1,2024-06-13,,DELAYED,0
MS-00114-08-01,PAI-00114,Milestone 8-1,2024-09-24,,DELAYED,0
MS-00114-12-01,PAI-00114,Milestone 12-1,2025-01-20,2025-02-10,COMPLETED,21
MS-00114-16-01,PAI-00114,Milestone 16-1,2025-07-11,,DELAYED,0
MS-00114-16-02,PAI-00114,Milestone 16-2,2025-07-09,2025-08-19,COMPLETED,41
MS-00114-20-01,PAI-00114,Milestone 20-1,2025-11-03,2025-12-01,COMPLETED,28
MS-00114-20-02,PAI-00114,Milestone 20-2,2025-10-30,2025-11-25,COMPLETED,26
MS-00114-24-01,PAI-00114,Milestone 24-1,2026-01-12,2026-02-26,COMPLETED,45
MS-00114-24-02,PAI-00114,Milestone 24-2,2026-01-24,,DELAYED,0
MS-00115-04-01,PAI-00115,Milestone 4-1,2024-07-11,2024-07-25,COMPLETED,14
MS-00115-08-01,PAI-00115,Milestone 8-1,2024-09-30,2024-11-21,COMPLETED,52
MS-00115-08-02,PAI-00115,Milestone 8-2,2024-09-11,,DELAYED,0
MS-00115-12-01,PAI-00115,Milestone 12-1,2025-01-23,2025-02-11,COMPLETED,19
MS-00115-12-02,PAI-00115,Milestone 12-2,2025-03-07,,DELAYED,0
MS-00115-16-01,PAI-00115,Milestone 16-1,2025-06-05,2025-06-05,COMPLETED,0
MS-00115-16-02,PAI-00115,Milestone 16-2,2025-06-03,2025-06-03,COMPLETED,0
MS-00115-20-01,PAI-00115,Milestone 20-1,2025-09-24,2025-11-01,COMPLETED,38
MS-00115-20-02,PAI-00115,Milestone 20-2,2025-10-17,2025-10-22,COMPLETED,5
MS-00115-24-01,PAI-00115,Milestone 24-1,2026-01-17,2026-02-14,COMPLETED,28
MS-00116-04-01,PAI-00116,Milestone 4-1,2024-07-12,,DELAYED,0
MS-00116-04-02,PAI-00116,Milestone 4-2,2024-05-24,2024-05-24,COMPLETED,0
MS-00116-08-01,PAI-00116,Milestone 8-1,2024-11-17,,DELAYED,0
MS-00116-08-02,PAI-00116,Milestone 8-2,2024-11-07,,DELAYED,0
MS-00116-12-01,PAI-00116,Milestone 12-1,2025-02-02,2025-02-21,COMPLETED,19
MS-00116-12-02,PAI-00116,Milestone 12-2,2025-03-10,,DELAYED,0
MS-00116-16-01,PAI-00116,Milestone 16-1,2025-05-18,,DELAYED,0
MS-00116-20-01,PAI-00116,Milestone 20-1,2025-10-16,,DELAYED,0
MS-00116-24-01,PAI-00116,Milestone 24-1,2026-02-15,,DELAYED,0
MS-00117-04-01,PAI-00117,Milestone 4-1,2024-05-15,2024-05-17,COMPLETED,2
MS-00117-08-01,PAI-00117,Milestone 8-1,2024-09-14,2024-10-14,COMPLETED,30
MS-00117-12-01,PAI-00117,Milestone 12-1,2025-01-26,2025-02-11,COMPLETED,16
MS-00117-12-02,PAI-00117,Milestone 12-2,2025-02-13,2025-03-16,COMPLETED,31
MS-00117-16-01,PAI-00117,Milestone 16-1,2025-05-29,,DELAYED,0
MS-00117-16-02,PAI-00117,Milestone 16-2,2025-06-11,2025-06-11,COMPLETED,0
MS-00117-20-01,PAI-00117,Milestone 20-1,2025-11-05,2025-11-05,COMPLETED,0
MS-00117-20-02,PAI-00117,Milestone 20-2,2025-09-11,2025-09-11,COMPLETED,0
MS-00117-24-01,PAI-00117,Milestone 24-1,2026-03-10,2026-03-13,COMPLETED,3
MS-00118-04-01,PAI-00118,Milestone 4-1,2024-07-17,,DELAYED,0
MS-00118-04-02,PAI-00118,Milestone 4-2,2024-07-13,2024-08-11,COMPLETED,29
MS-00118-08-01,PAI-00118,Milestone 8-1,2024-11-18,2024-12-01,COMPLETED,13
MS-00118-12-01,PAI-00118,Milestone 12-1,2025-03-05,,DELAYED,0
MS-00118-16-01,PAI-00118,Milestone 16-1,2025-07-14,,DELAYED,0
MS-00118-20-01,PAI-00118,Milestone 20-1,2025-11-12,2025-12-03,COMPLETED,21
MS-00118-24-01,PAI-00118,Milestone 24-1,2026-03-04,,DELAYED,0
MS-00118-24-02,PAI-00118,Milestone 24-2,2026-03-07,2026-03-30,COMPLETED,23
MS-00119-04-01,PAI-00119,Milestone 4-1,2024-06-03,2024-06-03,COMPLETED,0
MS-00119-04-02,PAI-00119,Milestone 4-2,2024-06-22,,DELAYED,0
MS-00119-08-01,PAI-00119,Milestone 8-1,2024-09-12,2024-10-04,COMPLETED,22
MS-00119-12-01,PAI-00119,Milestone 12-1,2025-03-07,2025-03-27,COMPLETED,20
MS-00119-12-02,PAI-00119,Milestone 12-2,2025-03-11,2025-03-11,COMPLETED,0
MS-00119-16-01,PAI-00119,Milestone 16-1,2025-05-24,2025-06-06,COMPLETED,13
MS-00119-16-02,PAI-00119,Milestone 16-2,2025-06-22,2025-07-02,COMPLETED,10
MS-00119-20-01,PAI-00119,Milestone 20-1,2025-10-02,2025-10-15,COMPLETED,13
MS-00119-20-02,PAI-00119,Milestone 20-2,2025-09-16,2025-09-16,COMPLETED,0
MS-00119-24-01,PAI-00119,Milestone 24-1,2026-03-07,,DELAYED,0
MS-00120-04-01,PAI-00120,Milestone 4-1,2024-07-16,2024-07-16,COMPLETED,0
MS-00120-04-02,PAI-00120,Milestone 4-2,2024-06-01,2024-06-01,COMPLETED,0
MS-00120-08-01,PAI-00120,Milestone 8-1,2024-11-06,,DELAYED,0
MS-00120-12-01,PAI-00120,Milestone 12-1,2025-02-10,2025-02-28,COMPLETED,18
MS-00120-12-02,PAI-00120,Milestone 12-2,2025-03-16,2025-04-15,COMPLETED,30
MS-00120-16-01,PAI-00120,Milestone 16-1,2025-06-22,2025-06-22,COMPLETED,0
MS-00120-16-02,PAI-00120,Milestone 16-2,2025-05-22,2025-06-25,COMPLETED,34
MS-00120-20-01,PAI-00120,Milestone 20-1,2025-09-13,2025-09-13,COMPLETED,0
MS-00120-20-02,PAI-00120,Milestone 20-2,2025-09-23,2025-09-23,COMPLETED,0
MS-00120-24-01,PAI-00120,Milestone 24-1,2026-02-23,2026-03-11,COMPLETED,16
MS-00121-04-01,PAI-00121,Milestone 4-1,2024-06-27,,DELAYED,0
MS-00121-04-02,PAI-00121,Milestone 4-2,2024-05-24,2024-06-09,COMPLETED,16
MS-00121-08-01,PAI-00121,Milestone 8-1,2024-09-29,2024-11-14,COMPLETED,46
MS-00121-08-02,PAI-00121,Milestone 8-2,2024-10-11,2024-11-05,COMPLETED,25
MS-00121-12-01,PAI-00121,Milestone 12-1,2025-02-20,2025-03-27,COMPLETED,35
MS-00121-12-02,PAI-00121,Milestone 12-2,2025-01-29,,DELAYED,0
MS-00121-16-01,PAI-00121,Milestone 16-1,2025-05-22,2025-05-22,COMPLETED,0
MS-00121-16-02,PAI-00121,Milestone 16-2,2025-07-06,2025-07-28,COMPLETED,22
MS-00121-20-01,PAI-00121,Milestone 20-1,2025-10-23,,DELAYED,0
MS-00121-20-02,PAI-00121,Milestone 20-2,2025-09-12,,DELAYED,0
MS-00121-24-01,PAI-00121,Milestone 24-1,2026-03-13,2026-04-26,COMPLETED,44
MS-00121-24-02,PAI-00121,Milestone 24-2,2026-03-18,2026-04-26,COMPLETED,39
MS-00122-04-01,PAI-00122,Milestone 4-1,2024-05-16,2024-05-29,COMPLETED,13
MS-00122-04-02,PAI-00122,Milestone 4-2,2024-06-18,,DELAYED,0
MS-00122-08-01,PAI-00122,Milestone 8-1,2024-11-07,2024-11-27,COMPLETED,20
MS-00122-12-01,PAI-00122,Milestone 12-1,2025-02-04,2025-03-07,COMPLETED,31
MS-00122-12-02,PAI-00122,Milestone 12-2,2025-02-08,2025-03-10,COMPLETED,30
MS-00122-16-01,PAI-00122,Milestone 16-1,2025-05-30,2025-05-30,COMPLETED,0
MS-00122-16-02,PAI-00122,Milestone 16-2,2025-05-27,2025-06-20,COMPLETED,24
MS-00122-20-01,PAI-00122,Milestone 20-1,2025-11-11,2025-12-05,COMPLETED,24
MS-00122-24-01,PAI-00122,Milestone 24-1,2026-03-09,,DELAYED,0
MS-00122-24-02,PAI-00122,Milestone 24-2,2026-02-27,2026-03-07,COMPLETED,8
MS-00123-04-01,PAI-00123,Milestone 4-1,2024-07-02,,DELAYED,0
MS-00123-04-02,PAI-00123,Milestone 4-2,2024-05-11,2024-05-11,COMPLETED,0
MS-00123-08-01,PAI-00123,Milestone 8-1,2024-10-01,,DELAYED,0
MS-00123-12-01,PAI-00123,Milestone 12-1,2025-02-20,2025-02-20,COMPLETED,0
MS-00123-16-01,PAI-00123,Milestone 16-1,2025-07-12,2025-07-12,COMPLETED,0
MS-00123-20-01,PAI-00123,Milestone 20-1,2025-10-29,2025-12-01,COMPLETED,33
MS-00123-20-02,PAI-00123,Milestone 20-2,2025-10-13,2025-10-28,COMPLETED,15
MS-00123-24-01,PAI-00123,Milestone 24-1,2026-01-20,2026-02-26,COMPLETED,37
MS-00124-04-01,PAI-00124,Milestone 4-1,2024-06-10,2024-06-10,COMPLETED,0
MS-00124-04-02,PAI-00124,Milestone 4-2,2024-05-22,2024-06-01,COMPLETED,10
MS-00124-08-01,PAI-00124,Milestone 8-1,2024-09-29,2024-10-17,COMPLETED,18
MS-00124-12-01,PAI-00124,Milestone 12-1,2025-02-01,2025-02-05,COMPLETED,4
MS-00124-12-02,PAI-00124,Milestone 12-2,2025-03-20,2025-03-28,COMPLETED,8
MS-00124-16-01,PAI-00124,Milestone 16-1,2025-07-11,2025-07-11,COMPLETED,0
MS-00124-16-02,PAI-00124,Milestone 16-2,2025-07-09,,DELAYED,0
MS-00124-20-01,PAI-00124,Milestone 20-1,2025-09-26,2025-09-26,COMPLETED,0
MS-00124-20-02,PAI-00124,Milestone 20-2,2025-10-01,2025-10-08,COMPLETED,7
MS-00124-24-01,PAI-00124,Milestone 24-1,2026-01-31,2026-01-31,COMPLETED,0
MS-00125-04-01,PAI-00125,Milestone 4-1,2024-07-12,2024-08-10,COMPLETED,29
MS-00125-08-01,PAI-00125,Milestone 8-1,2024-11-06,,DELAYED,0
MS-00125-12-01,PAI-00125,Milestone 12-1,2025-03-12,2025-04-02,COMPLETED,21
MS-00125-16-01,PAI-00125,Milestone 16-1,2025-05-10,2025-06-06,COMPLETED,27
MS-00125-16-02,PAI-00125,Milestone 16-2,2025-05-15,2025-06-19,COMPLETED,35
MS-00125-20-01,PAI-00125,Milestone 20-1,2025-09-20,2025-09-26,COMPLETED,6
MS-00125-20-02,PAI-00125,Milestone 20-2,2025-10-29,2025-12-06,COMPLETED,38
MS-00125-24-01,PAI-00125,Milestone 24-1,2026-01-29,2026-03-02,COMPLETED,32
MS-00126-04-01,PAI-00126,Milestone 4-1,2024-06-24,2024-06-29,COMPLETED,5
MS-00126-04-02,PAI-00126,Milestone 4-2,2024-06-15,2024-07-13,COMPLETED,28
MS-00126-08-01,PAI-00126,Milestone 8-1,2024-09-19,2024-09-19,COMPLETED,0
MS-00126-12-01,PAI-00126,Milestone 12-1,2025-02-28,2025-03-30,COMPLETED,30
MS-00126-16-01,PAI-00126,Milestone 16-1,2025-06-07,,DELAYED,0
MS-00126-20-01,PAI-00126,Milestone 20-1,2025-10-24,2025-10-24,COMPLETED,0
MS-00126-24-01,PAI-00126,Milestone 24-1,2026-03-06,2026-04-06,COMPLETED,31
MS-00126-24-02,PAI-00126,Milestone 24-2,2026-02-26,2026-03-24,COMPLETED,26
MS-00127-04-01,PAI-00127,Milestone 4-1,2024-07-12,,DELAYED,0
MS-00127-04-02,PAI-00127,Milestone 4-2,2024-07-14,2024-07-27,COMPLETED,13
MS-00127-08-01,PAI-00127,Milestone 8-1,2024-11-05,2024-11-24,COMPLETED,19
MS-00127-12-01,PAI-00127,Milestone 12-1,2025-03-15,2025-03-22,COMPLETED,7
MS-00127-16-01,PAI-00127,Milestone 16-1,2025-06-07,2025-06-07,COMPLETED,0
MS-00127-20-01,PAI-00127,Milestone 20-1,2025-09-10,,DELAYED,0
MS-00127-24-01,PAI-00127,Milestone 24-1,2026-03-14,2026-04-11,COMPLETED,28
MS-00128-04-01,PAI-00128,Milestone 4-1,2024-06-12,2024-06-12,COMPLETED,0
MS-00128-08-01,PAI-00128,Milestone 8-1,2024-10-12,,DELAYED,0
MS-00128-12-01,PAI-00128,Milestone 12-1,2025-03-14,2025-03-14,COMPLETED,0
MS-00128-16-01,PAI-00128,Milestone 16-1,2025-05-13,2025-05-19,COMPLETED,6
MS-00128-20-01,PAI-00128,Milestone 20-1,2025-10-10,2025-10-28,COMPLETED,18
MS-00128-20-02,PAI-00128,Milestone 20-2,2025-09-18,,DELAYED,0
MS-00128-24-01,PAI-00128,Milestone 24-1,2026-02-12,,DELAYED,0
MS-00129-04-01,PAI-00129,Milestone 4-1,2024-05-11,2024-05-28,COMPLETED,17
MS-00129-04-02,PAI-00129,Milestone 4-2,2024-06-20,2024-06-20,COMPLETED,0
MS-00129-08-01,PAI-00129,Milestone 8-1,2024-10-17,2024-10-17,COMPLETED,0
MS-00129-08-02,PAI-00129,Milestone 8-2,2024-10-04,2024-10-04,COMPLETED,0
MS-00129-12-01,PAI-00129,Milestone 12-1,2025-01-14,2025-02-05,COMPLETED,22
MS-00129-12-02,PAI-00129,Milestone 12-2,2025-02-06,2025-02-18,COMPLETED,12
MS-00129-16-01,PAI-00129,Milestone 16-1,2025-05-26,2025-06-01,COMPLETED,6
MS-00129-16-02,PAI-00129,Milestone 16-2,2025-06-25,2025-06-25,COMPLETED,0
MS-00129-20-01,PAI-00129,Milestone 20-1,2025-11-08,2025-11-08,COMPLETED,0
MS-00129-20-02,PAI-00129,Milestone 20-2,2025-11-07,2025-12-12,COMPLETED,35
MS-00129-24-01,PAI-00129,Milestone 24-1,2026-01-25,2026-02-10,COMPLETED,16
MS-00129-24-02,PAI-00129,Milestone 24-2,2026-01-15,2026-03-07,COMPLETED,51
MS-00130-04-01,PAI-00130,Milestone 4-1,2024-07-07,2024-08-11,COMPLETED,35
MS-00130-04-02,PAI-00130,Milestone 4-2,2024-05-31,2024-06-22,COMPLETED,22
MS-00130-08-01,PAI-00130,Milestone 8-1,2024-11-07,2024-12-13,COMPLETED,36
MS-00130-08-02,PAI-00130,Milestone 8-2,2024-10-03,2024-10-16,COMPLETED,13
MS-00130-12-01,PAI-00130,Milestone 12-1,2025-02-17,,DELAYED,0
MS-00130-12-02,PAI-00130,Milestone 12-2,2025-01-18,2025-01-18,COMPLETED,0
MS-00130-16-01,PAI-00130,Milestone 16-1,2025-05-19,2025-07-06,COMPLETED,48
MS-00130-16-02,PAI-00130,Milestone 16-2,2025-07-15,2025-07-15,COMPLETED,0
MS-00130-20-01,PAI-00130,Milestone 20-1,2025-11-10,2025-11-12,COMPLETED,2
MS-00130-20-02,PAI-00130,Milestone 20-2,2025-09-15,,DELAYED,0
MS-00130-24-01,PAI-00130,Milestone 24-1,2026-01-31,,DELAYED,0
MS-00131-04-01,PAI-00131,Milestone 4-1,2024-05-14,2024-05-29,COMPLETED,15
MS-00131-04-02,PAI-00131,Milestone 4-2,2024-06-07,2024-08-09,COMPLETED,63
MS-00131-08-01,PAI-00131,Milestone 8-1,2024-10-29,2024-12-07,COMPLETED,39
MS-00131-12-01,PAI-00131,Milestone 12-1,2025-03-16,2025-03-20,COMPLETED,4
MS-00131-16-01,PAI-00131,Milestone 16-1,2025-06-09,,DELAYED,0
MS-00131-20-01,PAI-00131,Milestone 20-1,2025-09-23,2025-09-23,COMPLETED,0
MS-00131-20-02,PAI-00131,Milestone 20-2,2025-10-14,2025-10-14,COMPLETED,0
MS-00131-24-01,PAI-00131,Milestone 24-1,2026-02-01,,DELAYED,0
MS-00132-04-01,PAI-00132,Milestone 4-1,2024-05-11,,DELAYED,0
MS-00132-08-01,PAI-00132,Milestone 8-1,2024-10-14,2024-11-24,COMPLETED,41
MS-00132-08-02,PAI-00132,Milestone 8-2,2024-11-14,2024-11-14,COMPLETED,0
MS-00132-12-01,PAI-00132,Milestone 12-1,2025-03-10,2025-03-16,COMPLETED,6
MS-00132-12-02,PAI-00132,Milestone 12-2,2025-01-20,,DELAYED,0
MS-00132-16-01,PAI-00132,Milestone 16-1,2025-07-06,2025-08-08,COMPLETED,33
MS-00132-16-02,PAI-00132,Milestone 16-2,2025-05-30,2025-06-20,COMPLETED,21
MS-00132-20-01,PAI-00132,Milestone 20-1,2025-11-13,2025-11-24,COMPLETED,11
MS-00132-24-01,PAI-00132,Milestone 24-1,2026-03-04,,DELAYED,0
MS-00132-24-02,PAI-00132,Milestone 24-2,2026-02-18,2026-03-26,COMPLETED,36
MS-00133-04-01,PAI-00133,Milestone 4-1,2024-06-04,2024-06-24,COMPLETED,20
MS-00133-04-02,PAI-00133,Milestone 4-2,2024-05-16,,DELAYED,0
MS-00133-08-01,PAI-00133,Milestone 8-1,2024-10-17,,DELAYED,0
MS-00133-12-01,PAI-00133,Milestone 12-1,2025-02-01,,DELAYED,0
MS-00133-16-01,PAI-00133,Milestone 16-1,2025-06-06,2025-06-06,COMPLETED,0
MS-00133-20-01,PAI-00133,Milestone 20-1,2025-11-01,2025-11-12,COMPLETED,11
MS-00133-20-02,PAI-00133,Milestone 20-2,2025-09-20,2025-10-12,COMPLETED,22
MS-00133-24-01,PAI-00133,Milestone 24-1,2026-02-02,,DELAYED,0
MS-00134-04-01,PAI-00134,Milestone 4-1,2024-07-11,,DELAYED,0
MS-00134-08-01,PAI-00134,Milestone 8-1,2024-09-28,,DELAYED,0
MS-00134-12-01,PAI-00134,Milestone 12-1,2025-02-18,2025-04-22,COMPLETED,63
MS-00134-16-01,PAI-00134,Milestone 16-1,2025-06-28,2025-08-24,COMPLETED,57
MS-00134-16-02,PAI-00134,Milestone 16-2,2025-06-30,,DELAYED,0
MS-00134-20-01,PAI-00134,Milestone 20-1,2025-09-20,2025-12-06,COMPLETED,77
MS-00134-20-02,PAI-00134,Milestone 20-2,2025-11-04,2025-12-08,COMPLETED,34
MS-00134-24-01,PAI-00134,Milestone 24-1,2026-02-09,,DELAYED,0
MS-00135-04-01,PAI-00135,Milestone 4-1,2024-06-10,,DELAYED,0
MS-00135-04-02,PAI-00135,Milestone 4-2,2024-07-07,2024-08-03,COMPLETED,27
MS-00135-08-01,PAI-00135,Milestone 8-1,2024-09-18,2024-09-18,COMPLETED,0
MS-00135-12-01,PAI-00135,Milestone 12-1,2025-02-21,2025-03-30,COMPLETED,37
MS-00135-12-02,PAI-00135,Milestone 12-2,2025-01-23,2025-01-23,COMPLETED,0
MS-00135-16-01,PAI-00135,Milestone 16-1,2025-06-22,2025-07-14,COMPLETED,22
MS-00135-16-02,PAI-00135,Milestone 16-2,2025-06-17,2025-07-16,COMPLETED,29
MS-00135-20-01,PAI-00135,Milestone 20-1,2025-10-30,2025-11-30,COMPLETED,31
MS-00135-24-01,PAI-00135,Milestone 24-1,2026-01-25,2026-03-04,COMPLETED,38
MS-00135-24-02,PAI-00135,Milestone 24-2,2026-03-01,2026-03-04,COMPLETED,3
MS-00136-04-01,PAI-00136,Milestone 4-1,2024-06-27,2024-08-30,COMPLETED,64
MS-00136-04-02,PAI-00136,Milestone 4-2,2024-06-25,,DELAYED,0
MS-00136-08-01,PAI-00136,Milestone 8-1,2024-09-18,2024-10-13,COMPLETED,25
MS-00136-08-02,PAI-00136,Milestone 8-2,2024-09-10,,DELAYED,0
MS-00136-12-01,PAI-00136,Milestone 12-1,2025-02-02,2025-03-18,COMPLETED,44
MS-00136-12-02,PAI-00136,Milestone 12-2,2025-03-01,,DELAYED,0
MS-00136-16-01,PAI-00136,Milestone 16-1,2025-05-10,,DELAYED,0
MS-00136-16-02,PAI-00136,Milestone 16-2,2025-07-10,2025-08-27,COMPLETED,48
MS-00136-20-01,PAI-00136,Milestone 20-1,2025-11-02,,DELAYED,0
MS-00136-24-01,PAI-00136,Milestone 24-1,2026-02-28,2026-03-19,COMPLETED,19
MS-00137-04-01,PAI-00137,Milestone 4-1,2024-07-04,2024-07-08,COMPLETED,4
MS-00137-04-02,PAI-00137,Milestone 4-2,2024-07-07,2024-07-31,COMPLETED,24
MS-00137-08-01,PAI-00137,Milestone 8-1,2024-10-17,,DELAYED,0
MS-00137-12-01,PAI-00137,Milestone 12-1,2025-02-04,2025-02-04,COMPLETED,0
MS-00137-16-01,PAI-00137,Milestone 16-1,2025-05-25,2025-05-30,COMPLETED,5
MS-00137-16-02,PAI-00137,Milestone 16-2,2025-06-29,2025-07-26,COMPLETED,27
MS-00137-20-01,PAI-00137,Milestone 20-1,2025-10-24,2025-11-01,COMPLETED,8
MS-00137-20-02,PAI-00137,Milestone 20-2,2025-10-31,,DELAYED,0
MS-00137-24-01,PAI-00137,Milestone 24-1,2026-02-11,2026-04-06,COMPLETED,54
MS-00138-04-01,PAI-00138,Milestone 4-1,2024-06-21,2024-07-21,COMPLETED,30
MS-00138-08-01,PAI-00138,Milestone 8-1,2024-10-17,,DELAYED,0
MS-00138-08-02,PAI-00138,Milestone 8-2,2024-09-14,2024-09-24,COMPLETED,10
MS-00138-12-01,PAI-00138,Milestone 12-1,2025-03-07,,DELAYED,0
MS-00138-12-02,PAI-00138,Milestone 12-2,2025-01-25,2025-02-17,COMPLETED,23
MS-00138-16-01,PAI-00138,Milestone 16-1,2025-06-18,2025-06-28,COMPLETED,10
MS-00138-16-02,PAI-00138,Milestone 16-2,2025-06-27,2025-07-06,COMPLETED,9
MS-00138-20-01,PAI-00138,Milestone 20-1,2025-11-03,,DELAYED,0
MS-00138-20-02,PAI-00138,Milestone 20-2,2025-10-30,,DELAYED,0
MS-00138-24-01,PAI-00138,Milestone 24-1,2026-02-08,2026-03-02,COMPLETED,22
MS-00139-04-01,PAI-00139,Milestone 4-1,2024-05-30,,DELAYED,0
MS-00139-04-02,PAI-00139,Milestone 4-2,2024-06-19,2024-06-30,COMPLETED,11
MS-00139-08-01,PAI-00139,Milestone 8-1,2024-09-19,2024-11-28,COMPLETED,70
MS-00139-08-02,PAI-00139,Milestone 8-2,2024-09-24,2024-10-05,COMPLETED,11
MS-00139-12-01,PAI-00139,Milestone 12-1,2025-01-24,2025-02-09,COMPLETED,16
MS-00139-12-02,PAI-00139,Milestone 12-2,2025-01-16,2025-01-27,COMPLETED,11
MS-00139-16-01,PAI-00139,Milestone 16-1,2025-07-03,,DELAYED,0
MS-00139-20-01,PAI-00139,Milestone 20-1,2025-09-28,,DELAYED,0
MS-00139-20-02,PAI-00139,Milestone 20-2,2025-09-24,2025-10-02,COMPLETED,8
MS-00139-24-01,PAI-00139,Milestone 24-1,2026-02-20,2026-03-06,COMPLETED,14
MS-00140-04-01,PAI-00140,Milestone 4-1,2024-07-13,2024-07-14,COMPLETED,1
MS-00140-08-01,PAI-00140,Milestone 8-1,2024-09-16,2024-09-19,COMPLETED,3
MS-00140-12-01,PAI-00140,Milestone 12-1,2025-03-19,2025-05-09,COMPLETED,51
MS-00140-16-01,PAI-00140,Milestone 16-1,2025-06-27,2025-07-11,COMPLETED,14
MS-00140-16-02,PAI-00140,Milestone 16-2,2025-06-17,2025-07-29,COMPLETED,42
MS-00140-20-01,PAI-00140,Milestone 20-1,2025-10-15,2025-10-31,COMPLETED,16
MS-00140-20-02,PAI-00140,Milestone 20-2,2025-10-01,2025-11-16,COMPLETED,46
MS-00140-24-01,PAI-00140,Milestone 24-1,2026-01-10,2026-02-08,COMPLETED,29
MS-00140-24-02,PAI-00140,Milestone 24-2,2026-01-16,,DELAYED,0
MS-00141-04-01,PAI-00141,Milestone 4-1,2024-07-06,,DELAYED,0
MS-00141-04-02,PAI-00141,Milestone 4-2,2024-05-30,,DELAYED,0
MS-00141-08-01,PAI-00141,Milestone 8-1,2024-11-06,2024-11-23,COMPLETED,17
MS-00141-12-01,PAI-00141,Milestone 12-1,2025-03-10,2025-03-27,COMPLETED,17
MS-00141-12-02,PAI-00141,Milestone 12-2,2025-03-16,,DELAYED,0
MS-00141-16-01,PAI-00141,Milestone 16-1,2025-05-17,,DELAYED,0
MS-00141-16-02,PAI-00141,Milestone 16-2,2025-07-05,2025-09-05,COMPLETED,62
MS-00141-20-01,PAI-00141,Milestone 20-1,2025-10-05,,DELAYED,0
MS-00141-20-02,PAI-00141,Milestone 20-2,2025-11-02,2025-11-13,COMPLETED,11
MS-00141-24-01,PAI-00141,Milestone 24-1,2026-02-14,2026-03-16,COMPLETED,30
MS-00142-04-01,PAI-00142,Milestone 4-1,2024-05-31,2024-08-05,COMPLETED,66
MS-00142-08-01,PAI-00142,Milestone 8-1,2024-10-04,2024-11-09,COMPLETED,36
MS-00142-12-01,PAI-00142,Milestone 12-1,2025-02-23,,DELAYED,0
MS-00142-16-01,PAI-00142,Milestone 16-1,2025-06-13,2025-07-31,COMPLETED,48
MS-00142-20-01,PAI-00142,Milestone 20-1,2025-11-18,,DELAYED,0
MS-00142-20-02,PAI-00142,Milestone 20-2,2025-09-13,2025-10-30,COMPLETED,47
MS-00142-24-01,PAI-00142,Milestone 24-1,2026-01-30,2026-03-05,COMPLETED,34
MS-00142-24-02,PAI-00142,Milestone 24-2,2026-02-08,,DELAYED,0
MS-00143-04-01,PAI-00143,Milestone 4-1,2024-07-04,,DELAYED,0
MS-00143-04-02,PAI-00143,Milestone 4-2,2024-05-22,,DELAYED,0
MS-00143-08-01,PAI-00143,Milestone 8-1,2024-09-10,2024-10-29,COMPLETED,49
MS-00143-08-02,PAI-00143,Milestone 8-2,2024-09-27,2024-11-04,COMPLETED,38
MS-00143-12-01,PAI-00143,Milestone 12-1,2025-01-29,,DELAYED,0
MS-00143-16-01,PAI-00143,Milestone 16-1,2025-06-16,2025-08-14,COMPLETED,59
MS-00143-16-02,PAI-00143,Milestone 16-2,2025-05-15,,DELAYED,0
MS-00143-20-01,PAI-00143,Milestone 20-1,2025-11-12,2025-12-28,COMPLETED,46
MS-00143-24-01,PAI-00143,Milestone 24-1,2026-03-04,2026-04-16,COMPLETED,43
MS-00143-24-02,PAI-00143,Milestone 24-2,2026-01-22,2026-03-10,COMPLETED,47
MS-00144-04-01,PAI-00144,Milestone 4-1,2024-06-04,2024-06-04,COMPLETED,0
MS-00144-08-01,PAI-00144,Milestone 8-1,2024-10-24,2024-10-24,COMPLETED,0
MS-00144-12-01,PAI-00144,Milestone 12-1,2025-01-22,2025-01-22,COMPLETED,0
MS-00144-12-02,PAI-00144,Milestone 12-2,2025-01-21,2025-01-21,COMPLETED,0
MS-00144-16-01,PAI-00144,Milestone 16-1,2025-07-15,2025-08-14,COMPLETED,30
MS-00144-16-02,PAI-00144,Milestone 16-2,2025-06-20,2025-06-20,COMPLETED,0
MS-00144-20-01,PAI-00144,Milestone 20-1,2025-11-16,2025-11-22,COMPLETED,6
MS-00144-20-02,PAI-00144,Milestone 20-2,2025-09-25,2025-09-25,COMPLETED,0
MS-00144-24-01,PAI-00144,Milestone 24-1,2026-03-05,2026-03-16,COMPLETED,11
MS-00144-24-02,PAI-00144,Milestone 24-2,2026-03-14,2026-03-22,COMPLETED,8
MS-00145-04-01,PAI-00145,Milestone 4-1,2024-06-09,2024-06-25,COMPLETED,16
MS-00145-08-01,PAI-00145,Milestone 8-1,2024-10-24,2024-11-10,COMPLETED,17
MS-00145-08-02,PAI-00145,Milestone 8-2,2024-10-10,2024-10-24,COMPLETED,14
MS-00145-12-01,PAI-00145,Milestone 12-1,2025-03-03,,DELAYED,0
MS-00145-16-01,PAI-00145,Milestone 16-1,2025-07-10,2025-07-14,COMPLETED,4
MS-00145-16-02,PAI-00145,Milestone 16-2,2025-07-17,2025-07-23,COMPLETED,6
MS-00145-20-01,PAI-00145,Milestone 20-1,2025-10-18,2025-11-01,COMPLETED,14
MS-00145-20-02,PAI-00145,Milestone 20-2,2025-09-27,2025-10-14,COMPLETED,17
MS-00145-24-01,PAI-00145,Milestone 24-1,2026-03-17,,DELAYED,0
MS-00146-04-01,PAI-00146,Milestone 4-1,2024-07-01,2024-08-12,COMPLETED,42
MS-00146-04-02,PAI-00146,Milestone 4-2,2024-06-17,2024-06-17,COMPLETED,0
MS-00146-08-01,PAI-00146,Milestone 8-1,2024-11-16,2024-11-16,COMPLETED,0
MS-00146-08-02,PAI-00146,Milestone 8-2,2024-11-17,2024-12-16,COMPLETED,29
MS-00146-12-01,PAI-00146,Milestone 12-1,2025-03-02,2025-03-08,COMPLETED,6
MS-00146-12-02,PAI-00146,Milestone 12-2,2025-02-22,2025-03-06,COMPLETED,12
MS-00146-16-01,PAI-00146,Milestone 16-1,2025-06-22,2025-07-07,COMPLETED,15
MS-00146-16-02,PAI-00146,Milestone 16-2,2025-06-28,,DELAYED,0
MS-00146-20-01,PAI-00146,Milestone 20-1,2025-11-09,,DELAYED,0
MS-00146-20-02,PAI-00146,Milestone 20-2,2025-10-16,,DELAYED,0
MS-00146-24-01,PAI-00146,Milestone 24-1,2026-02-19,,DELAYED,0
MS-00147-04-01,PAI-00147,Milestone 4-1,2024-06-05,,DELAYED,0
MS-00147-08-01,PAI-00147,Milestone 8-1,2024-09-19,,DELAYED,0
MS-00147-12-01,PAI-00147,Milestone 12-1,2025-03-17,2025-04-03,COMPLETED,17
MS-00147-12-02,PAI-00147,Milestone 12-2,2025-02-21,2025-02-21,COMPLETED,0
MS-00147-16-01,PAI-00147,Milestone 16-1,2025-05-18,2025-06-10,COMPLETED,23
MS-00147-20-01,PAI-00147,Milestone 20-1,2025-10-17,2025-11-13,COMPLETED,27
MS-00147-24-01,PAI-00147,Milestone 24-1,2026-01-19,2026-02-16,COMPLETED,28
MS-00148-04-01,PAI-00148,Milestone 4-1,2024-05-17,2024-07-30,COMPLETED,74
MS-00148-04-02,PAI-00148,Milestone 4-2,2024-07-16,2024-08-21,COMPLETED,36
MS-00148-08-01,PAI-00148,Milestone 8-1,2024-09-28,,DELAYED,0
MS-00148-08-02,PAI-00148,Milestone 8-2,2024-10-13,2024-12-13,COMPLETED,61
MS-00148-12-01,PAI-00148,Milestone 12-1,2025-02-13,2025-02-17,COMPLETED,4
MS-00148-12-02,PAI-00148,Milestone 12-2,2025-01-12,,DELAYED,0
MS-00148-16-01,PAI-00148,Milestone 16-1,2025-05-22,2025-06-10,COMPLETED,19
MS-00148-16-02,PAI-00148,Milestone 16-2,2025-05-17,,DELAYED,0
MS-00148-20-01,PAI-00148,Milestone 20-1,2025-10-18,2025-12-18,COMPLETED,61
MS-00148-20-02,PAI-00148,Milestone 20-2,2025-10-17,2025-11-06,COMPLETED,20
MS-00148-24-01,PAI-00148,Milestone 24-1,2026-01-26,,DELAYED,0
MS-00148-24-02,PAI-00148,Milestone 24-2,2026-03-15,2026-04-02,COMPLETED,18
MS-00149-04-01,PAI-00149,Milestone 4-1,2024-06-03,2024-06-03,COMPLETED,0
MS-00149-04-02,PAI-00149,Milestone 4-2,2024-06-03,2024-07-06,COMPLETED,33
MS-00149-08-01,PAI-00149,Milestone 8-1,2024-09-15,2024-09-15,COMPLETED,0
MS-00149-08-02,PAI-00149,Milestone 8-2,2024-10-05,2024-10-05,COMPLETED,0
MS-00149-12-01,PAI-00149,Milestone 12-1,2025-03-19,2025-04-06,COMPLETED,18
MS-00149-12-02,PAI-00149,Milestone 12-2,2025-02-26,2025-02-26,COMPLETED,0
MS-00149-16-01,PAI-00149,Milestone 16-1,2025-07-02,2025-07-13,COMPLETED,11
MS-00149-16-02,PAI-00149,Milestone 16-2,2025-06-30,2025-08-05,COMPLETED,36
MS-00149-20-01,PAI-00149,Milestone 20-1,2025-10-08,2025-10-20,COMPLETED,12
MS-00149-24-01,PAI-00149,Milestone 24-1,2026-02-22,,DELAYED,0
MS-00149-24-02,PAI-00149,Milestone 24-2,2026-02-21,2026-03-22,COMPLETED,29
MS-00150-04-01,PAI-00150,Milestone 4-1,2024-05-28,,DELAYED,0
MS-00150-08-01,PAI-00150,Milestone 8-1,2024-11-18,2024-11-24,COMPLETED,6
MS-00150-12-01,PAI-00150,Milestone 12-1,2025-01-12,2025-01-12,COMPLETED,0
MS-00150-12-02,PAI-00150,Milestone 12-2,2025-02-24,,DELAYED,0
MS-00150-16-01,PAI-00150,Milestone 16-1,2025-06-12,2025-07-01,COMPLETED,19
MS-00150-20-01,PAI-00150,Milestone 20-1,2025-11-04,2025-11-06,COMPLETED,2
MS-00150-20-02,PAI-00150,Milestone 20-2,2025-10-14,,DELAYED,0
MS-00150-24-01,PAI-00150,Milestone 24-1,2026-02-07,,DELAYED,0
MS-00151-04-01,PAI-00151,Milestone 4-1,2024-07-10,2024-07-10,COMPLETED,0
MS-00151-04-02,PAI-00151,Milestone 4-2,2024-05-25,,DELAYED,0
MS-00151-08-01,PAI-00151,Milestone 8-1,2024-10-03,2024-11-07,COMPLETED,35
MS-00151-08-02,PAI-00151,Milestone 8-2,2024-09-10,2024-09-15,COMPLETED,5
MS-00151-12-01,PAI-00151,Milestone 12-1,2025-02-03,2025-03-08,COMPLETED,33
MS-00151-16-01,PAI-00151,Milestone 16-1,2025-07-01,2025-07-01,COMPLETED,0
MS-00151-16-02,PAI-00151,Milestone 16-2,2025-06-09,2025-06-28,COMPLETED,19
MS-00151-20-01,PAI-00151,Milestone 20-1,2025-09-23,2025-09-23,COMPLETED,0
MS-00151-20-02,PAI-00151,Milestone 20-2,2025-10-03,2025-11-11,COMPLETED,39
MS-00151-24-01,PAI-00151,Milestone 24-1,2026-03-17,,DELAYED,0
MS-00152-04-01,PAI-00152,Milestone 4-1,2024-06-15,2024-07-24,COMPLETED,39
MS-00152-04-02,PAI-00152,Milestone 4-2,2024-07-03,,DELAYED,0
MS-00152-08-01,PAI-00152,Milestone 8-1,2024-10-18,,DELAYED,0
MS-00152-12-01,PAI-00152,Milestone 12-1,2025-02-13,2025-02-17,COMPLETED,4
MS-00152-16-01,PAI-00152,Milestone 16-1,2025-07-03,,DELAYED,0
MS-00152-20-01,PAI-00152,Milestone 20-1,2025-09-22,,DELAYED,0
MS-00152-24-01,PAI-00152,Milestone 24-1,2026-02-20,2026-03-24,COMPLETED,32
MS-00153-04-01,PAI-00153,Milestone 4-1,2024-06-28,,DELAYED,0
MS-00153-04-02,PAI-00153,Milestone 4-2,2024-06-23,2024-07-02,COMPLETED,9
MS-00153-08-01,PAI-00153,Milestone 8-1,2024-09-19,2024-09-19,COMPLETED,0
MS-00153-08-02,PAI-00153,Milestone 8-2,2024-09-10,,DELAYED,0
MS-00153-12-01,PAI-00153,Milestone 12-1,2025-02-09,2025-03-04,COMPLETED,23
MS-00153-16-01,PAI-00153,Milestone 16-1,2025-05-11,2025-06-24,COMPLETED,44
MS-00153-16-02,PAI-00153,Milestone 16-2,2025-05-30,2025-06-28,COMPLETED,29
MS-00153-20-01,PAI-00153,Milestone 20-1,2025-11-13,2025-12-09,COMPLETED,26
MS-00153-20-02,PAI-00153,Milestone 20-2,2025-09-28,2025-10-26,COMPLETED,28
MS-00153-24-01,PAI-00153,Milestone 24-1,2026-03-05,2026-03-05,COMPLETED,0
MS-00153-24-02,PAI-00153,Milestone 24-2,2026-01-29,2026-03-09,COMPLETED,39
MS-00154-04-01,PAI-00154,Milestone 4-1,2024-05-16,2024-05-16,COMPLETED,0
MS-00154-04-02,PAI-00154,Milestone 4-2,2024-06-15,2024-08-08,COMPLETED,54
MS-00154-08-01,PAI-00154,Milestone 8-1,2024-09-24,2024-10-09,COMPLETED,15
MS-00154-12-01,PAI-00154,Milestone 12-1,2025-01-31,,DELAYED,0
MS-00154-16-01,PAI-00154,Milestone 16-1,2025-05-10,2025-06-23,COMPLETED,44
MS-00154-20-01,PAI-00154,Milestone 20-1,2025-10-02,2025-10-07,COMPLETED,5
MS-00154-24-01,PAI-00154,Milestone 24-1,2026-01-26,2026-03-19,COMPLETED,52
MS-00155-04-01,PAI-00155,Milestone 4-1,2024-05-31,2024-05-31,COMPLETED,0
MS-00155-08-01,PAI-00155,Milestone 8-1,2024-10-02,,DELAYED,0
MS-00155-12-01,PAI-00155,Milestone 12-1,2025-02-11,,DELAYED,0
MS-00155-12-02,PAI-00155,Milestone 12-2,2025-01-12,2025-02-14,COMPLETED,33
MS-00155-16-01,PAI-00155,Milestone 16-1,2025-05-13,2025-06-10,COMPLETED,28
MS-00155-20-01,PAI-00155,Milestone 20-1,2025-11-03,,DELAYED,0
MS-00155-24-01,PAI-00155,Milestone 24-1,2026-01-15,,DELAYED,0
MS-00156-04-01,PAI-00156,Milestone 4-1,2024-07-11,,DELAYED,0
MS-00156-04-02,PAI-00156,Milestone 4-2,2024-06-23,2024-08-13,COMPLETED,51
MS-00156-08-01,PAI-00156,Milestone 8-1,2024-09-25,2024-11-06,COMPLETED,42
MS-00156-08-02,PAI-00156,Milestone 8-2,2024-10-13,,DELAYED,0
MS-00156-12-01,PAI-00156,Milestone 12-1,2025-01-17,2025-03-31,COMPLETED,73
MS-00156-12-02,PAI-00156,Milestone 12-2,2025-02-15,2025-02-17,COMPLETED,2
MS-00156-16-01,PAI-00156,Milestone 16-1,2025-05-10,2025-06-05,COMPLETED,26
MS-00156-20-01,PAI-00156,Milestone 20-1,2025-11-02,2025-12-11,COMPLETED,39
MS-00156-24-01,PAI-00156,Milestone 24-1,2026-02-17,2026-03-03,COMPLETED,14
MS-00157-04-01,PAI-00157,Milestone 4-1,2024-06-08,,DELAYED,0
MS-00157-08-01,PAI-00157,Milestone 8-1,2024-11-13,2025-01-08,COMPLETED,56
MS-00157-08-02,PAI-00157,Milestone 8-2,2024-10-11,,DELAYED,0
MS-00157-12-01,PAI-00157,Milestone 12-1,2025-01-28,,DELAYED,0
MS-00157-16-01,PAI-00157,Milestone 16-1,2025-07-12,2025-08-04,COMPLETED,23
MS-00157-16-02,PAI-00157,Milestone 16-2,2025-06-18,,DELAYED,0
MS-00157-20-01,PAI-00157,Milestone 20-1,2025-10-24,2025-11-26,COMPLETED,33
MS-00157-20-02,PAI-00157,Milestone 20-2,2025-10-31,2025-11-11,COMPLETED,11
MS-00157-24-01,PAI-00157,Milestone 24-1,2026-03-17,2026-04-24,COMPLETED,38
MS-00158-04-01,PAI-00158,Milestone 4-1,2024-06-19,2024-07-17,COMPLETED,28
MS-00158-08-01,PAI-00158,Milestone 8-1,2024-10-09,2024-10-13,COMPLETED,4
MS-00158-08-02,PAI-00158,Milestone 8-2,2024-10-06,2024-10-18,COMPLETED,12
MS-00158-12-01,PAI-00158,Milestone 12-1,2025-01-27,2025-02-19,COMPLETED,23
MS-00158-16-01,PAI-00158,Milestone 16-1,2025-06-29,,DELAYED,0
MS-00158-16-02,PAI-00158,Milestone 16-2,2025-06-13,2025-06-24,COMPLETED,11
MS-00158-20-01,PAI-00158,Milestone 20-1,2025-09-26,2025-10-10,COMPLETED,14
MS-00158-20-02,PAI-00158,Milestone 20-2,2025-10-19,2025-11-09,COMPLETED,21
MS-00158-24-01,PAI-00158,Milestone 24-1,2026-02-04,2026-02-04,COMPLETED,0
MS-00159-04-01,PAI-00159,Milestone 4-1,2024-05-15,2024-05-24,COMPLETED,9
MS-00159-04-02,PAI-00159,Milestone 4-2,2024-05-31,2024-06-01,COMPLETED,1
MS-00159-08-01,PAI-00159,Milestone 8-1,2024-09-23,,DELAYED,0
MS-00159-08-02,PAI-00159,Milestone 8-2,2024-10-26,2024-11-25,COMPLETED,30
MS-00159-12-01,PAI-00159,Milestone 12-1,2025-02-22,2025-03-12,COMPLETED,18
MS-00159-16-01,PAI-00159,Milestone 16-1,2025-06-28,2025-06-28,COMPLETED,0
MS-00159-20-01,PAI-00159,Milestone 20-1,2025-09-12,2025-10-18,COMPLETED,36
MS-00159-24-01,PAI-00159,Milestone 24-1,2026-03-09,2026-03-15,COMPLETED,6
MS-00160-04-01,PAI-00160,Milestone 4-1,2024-07-18,,DELAYED,0
MS-00160-08-01,PAI-00160,Milestone 8-1,2024-11-02,2024-12-29,COMPLETED,57
MS-00160-08-02,PAI-00160,Milestone 8-2,2024-10-04,2024-12-09,COMPLETED,66
MS-00160-12-01,PAI-00160,Milestone 12-1,2025-03-18,2025-04-12,COMPLETED,25
MS-00160-12-02,PAI-00160,Milestone 12-2,2025-02-15,2025-03-21,COMPLETED,34
MS-00160-16-01,PAI-00160,Milestone 16-1,2025-07-09,2025-09-03,COMPLETED,56
MS-00160-16-02,PAI-00160,Milestone 16-2,2025-06-01,2025-07-30,COMPLETED,59
MS-00160-20-01,PAI-00160,Milestone 20-1,2025-10-31,,DELAYED,0
MS-00160-20-02,PAI-00160,Milestone 20-2,2025-11-05,,DELAYED,0
MS-00160-24-01,PAI-00160,Milestone 24-1,2026-02-05,2026-03-26,COMPLETED,49
MS-00161-04-01,PAI-00161,Milestone 4-1,2024-06-02,2024-06-14,COMPLETED,12
MS-00161-08-01,PAI-00161,Milestone 8-1,2024-10-10,,DELAYED,0
MS-00161-12-01,PAI-00161,Milestone 12-1,2025-03-15,2025-05-02,COMPLETED,48
MS-00161-12-02,PAI-00161,Milestone 12-2,2025-02-10,2025-04-12,COMPLETED,61
MS-00161-16-01,PAI-00161,Milestone 16-1,2025-05-21,,DELAYED,0
MS-00161-16-02,PAI-00161,Milestone 16-2,2025-05-16,2025-06-11,COMPLETED,26
MS-00161-20-01,PAI-00161,Milestone 20-1,2025-11-06,2025-11-23,COMPLETED,17
MS-00161-20-02,PAI-00161,Milestone 20-2,2025-10-01,2025-10-28,COMPLETED,27
MS-00161-24-01,PAI-00161,Milestone 24-1,2026-03-12,,DELAYED,0
MS-00162-04-01,PAI-00162,Milestone 4-1,2024-07-11,2024-08-01,COMPLETED,21
MS-00162-04-02,PAI-00162,Milestone 4-2,2024-07-01,2024-07-01,COMPLETED,0
MS-00162-08-01,PAI-00162,Milestone 8-1,2024-10-25,2024-12-20,COMPLETED,56
MS-00162-08-02,PAI-00162,Milestone 8-2,2024-10-11,2024-10-19,COMPLETED,8
MS-00162-12-01,PAI-00162,Milestone 12-1,2025-03-12,2025-04-06,COMPLETED,25
MS-00162-16-01,PAI-00162,Milestone 16-1,2025-06-16,2025-06-24,COMPLETED,8
MS-00162-20-01,PAI-00162,Milestone 20-1,2025-11-17,,DELAYED,0
MS-00162-24-01,PAI-00162,Milestone 24-1,2026-02-19,2026-03-29,COMPLETED,38
MS-00162-24-02,PAI-00162,Milestone 24-2,2026-01-20,,DELAYED,0
MS-00163-04-01,PAI-00163,Milestone 4-1,2024-05-21,2024-06-20,COMPLETED,30
MS-00163-08-01,PAI-00163,Milestone 8-1,2024-09-13,2024-10-26,COMPLETED,43
MS-00163-12-01,PAI-00163,Milestone 12-1,2025-02-10,,DELAYED,0
MS-00163-16-01,PAI-00163,Milestone 16-1,2025-07-05,2025-08-25,COMPLETED,51
MS-00163-20-01,PAI-00163,Milestone 20-1,2025-09-17,,DELAYED,0
MS-00163-24-01,PAI-00163,Milestone 24-1,2026-01-11,2026-01-11,COMPLETED,0
MS-00163-24-02,PAI-00163,Milestone 24-2,2026-02-21,2026-04-13,COMPLETED,51
MS-00164-04-01,PAI-00164,Milestone 4-1,2024-05-31,,DELAYED,0
MS-00164-08-01,PAI-00164,Milestone 8-1,2024-09-23,,DELAYED,0
MS-00164-12-01,PAI-00164,Milestone 12-1,2025-02-19,2025-02-28,COMPLETED,9
MS-00164-16-01,PAI-00164,Milestone 16-1,2025-06-17,,DELAYED,0
MS-00164-20-01,PAI-00164,Milestone 20-1,2025-09-22,,DELAYED,0
MS-00164-24-01,PAI-00164,Milestone 24-1,2026-02-05,2026-02-27,COMPLETED,22
MS-00165-04-01,PAI-00165,Milestone 4-1,2024-05-27,,DELAYED,0
MS-00165-04-02,PAI-00165,Milestone 4-2,2024-06-21,2024-07-16,COMPLETED,25
MS-00165-08-01,PAI-00165,Milestone 8-1,2024-10-31,2024-11-02,COMPLETED,2
MS-00165-12-01,PAI-00165,Milestone 12-1,2025-01-21,,DELAYED,0
MS-00165-16-01,PAI-00165,Milestone 16-1,2025-05-13,2025-05-28,COMPLETED,15
MS-00165-16-02,PAI-00165,Milestone 16-2,2025-06-29,2025-07-02,COMPLETED,3
MS-00165-20-01,PAI-00165,Milestone 20-1,2025-10-28,2025-11-27,COMPLETED,30
MS-00165-24-01,PAI-00165,Milestone 24-1,2026-01-21,2026-02-11,COMPLETED,21
MS-00165-24-02,PAI-00165,Milestone 24-2,2026-03-07,2026-03-29,COMPLETED,22
MS-00166-04-01,PAI-00166,Milestone 4-1,2024-05-22,2024-05-22,COMPLETED,0
MS-00166-04-02,PAI-00166,Milestone 4-2,2024-06-27,2024-06-30,COMPLETED,3
MS-00166-08-01,PAI-00166,Milestone 8-1,2024-09-15,2024-10-10,COMPLETED,25
MS-00166-12-01,PAI-00166,Milestone 12-1,2025-02-09,2025-02-13,COMPLETED,4
MS-00166-16-01,PAI-00166,Milestone 16-1,2025-05-22,2025-05-22,COMPLETED,0
MS-00166-20-01,PAI-00166,Milestone 20-1,2025-10-23,2025-10-23,COMPLETED,0
MS-00166-24-01,PAI-00166,Milestone 24-1,2026-03-20,,DELAYED,0
MS-00167-04-01,PAI-00167,Milestone 4-1,2024-07-14,2024-08-30,COMPLETED,47
MS-00167-04-02,PAI-00167,Milestone 4-2,2024-05-27,2024-07-04,COMPLETED,38
MS-00167-08-01,PAI-00167,Milestone 8-1,2024-11-13,2024-12-21,COMPLETED,38
MS-00167-08-02,PAI-00167,Milestone 8-2,2024-10-26,,DELAYED,0
MS-00167-12-01,PAI-00167,Milestone 12-1,2025-01-15,,DELAYED,0
MS-00167-16-01,PAI-00167,Milestone 16-1,2025-07-03,2025-08-18,COMPLETED,46
MS-00167-16-02,PAI-00167,Milestone 16-2,2025-05-10,,DELAYED,0
MS-00167-20-01,PAI-00167,Milestone 20-1,2025-09-11,2025-11-18,COMPLETED,68
MS-00167-20-02,PAI-00167,Milestone 20-2,2025-10-16,,DELAYED,0
MS-00167-24-01,PAI-00167,Milestone 24-1,2026-03-17,2026-03-17,COMPLETED,0
MS-00167-24-02,PAI-00167,Milestone 24-2,2026-03-14,2026-05-14,COMPLETED,61
MS-00168-04-01,PAI-00168,Milestone 4-1,2024-06-16,2024-06-24,COMPLETED,8
MS-00168-04-02,PAI-00168,Milestone 4-2,2024-06-03,,DELAYED,0
MS-00168-08-01,PAI-00168,Milestone 8-1,2024-11-04,,DELAYED,0
MS-00168-08-02,PAI-00168,Milestone 8-2,2024-09-19,2024-09-19,COMPLETED,0
MS-00168-12-01,PAI-00168,Milestone 12-1,2025-02-13,2025-02-21,COMPLETED,8
MS-00168-16-01,PAI-00168,Milestone 16-1,2025-06-06,2025-06-06,COMPLETED,0
MS-00168-16-02,PAI-00168,Milestone 16-2,2025-07-08,2025-07-31,COMPLETED,23
MS-00168-20-01,PAI-00168,Milestone 20-1,2025-10-31,2025-11-26,COMPLETED,26
MS-00168-24-01,PAI-00168,Milestone 24-1,2026-03-02,2026-04-15,COMPLETED,44
MS-00168-24-02,PAI-00168,Milestone 24-2,2026-01-29,2026-02-12,COMPLETED,14
MS-00169-04-01,PAI-00169,Milestone 4-1,2024-06-25,,DELAYED,0
MS-00169-04-02,PAI-00169,Milestone 4-2,2024-05-28,,DELAYED,0
MS-00169-08-01,PAI-00169,Milestone 8-1,2024-09-18,,DELAYED,0
MS-00169-12-01,PAI-00169,Milestone 12-1,2025-03-15,2025-05-01,COMPLETED,47
MS-00169-12-02,PAI-00169,Milestone 12-2,2025-01-14,2025-01-14,COMPLETED,0
MS-00169-16-01,PAI-00169,Milestone 16-1,2025-05-18,2025-06-20,COMPLETED,33
MS-00169-16-02,PAI-00169,Milestone 16-2,2025-06-19,2025-06-19,COMPLETED,0
MS-00169-20-01,PAI-00169,Milestone 20-1,2025-09-10,2025-10-10,COMPLETED,30
MS-00169-20-02,PAI-00169,Milestone 20-2,2025-10-26,2025-10-26,COMPLETED,0
MS-00169-24-01,PAI-00169,Milestone 24-1,2026-03-14,2026-04-15,COMPLETED,32
MS-00169-24-02,PAI-00169,Milestone 24-2,2026-02-11,,DELAYED,0
MS-00170-04-01,PAI-00170,Milestone 4-1,2024-07-11,2024-07-22,COMPLETED,11
MS-00170-04-02,PAI-00170,Milestone 4-2,2024-06-08,2024-06-08,COMPLETED,0
MS-00170-08-01,PAI-00170,Milestone 8-1,2024-10-16,2024-10-31,COMPLETED,15
MS-00170-12-01,PAI-00170,Milestone 12-1,2025-02-03,,DELAYED,0
MS-00170-12-02,PAI-00170,Milestone 12-2,2025-01-15,2025-01-28,COMPLETED,13
MS-00170-16-01,PAI-00170,Milestone 16-1,2025-05-31,2025-06-11,COMPLETED,11
MS-00170-16-02,PAI-00170,Milestone 16-2,2025-06-25,,DELAYED,0
MS-00170-20-01,PAI-00170,Milestone 20-1,2025-10-28,2025-11-03,COMPLETED,6
MS-00170-24-01,PAI-00170,Milestone 24-1,2026-02-07,,DELAYED,0
MS-00171-04-01,PAI-00171,Milestone 4-1,2024-06-12,,DELAYED,0
MS-00171-08-01,PAI-00171,Milestone 8-1,2024-11-01,,DELAYED,0
MS-00171-12-01,PAI-00171,Milestone 12-1,2025-02-27,,DELAYED,0
MS-00171-12-02,PAI-00171,Milestone 12-2,2025-03-05,,DELAYED,0
MS-00171-16-01,PAI-00171,Milestone 16-1,2025-06-12,2025-08-15,COMPLETED,64
MS-00171-16-02,PAI-00171,Milestone 16-2,2025-06-20,,DELAYED,0
MS-00171-20-01,PAI-00171,Milestone 20-1,2025-10-29,,DELAYED,0
MS-00171-24-01,PAI-00171,Milestone 24-1,2026-01-17,,DELAYED,0
MS-00172-04-01,PAI-00172,Milestone 4-1,2024-05-30,,DELAYED,0
MS-00172-04-02,PAI-00172,Milestone 4-2,2024-07-03,2024-09-21,COMPLETED,80
MS-00172-08-01,PAI-00172,Milestone 8-1,2024-10-05,2024-12-09,COMPLETED,65
MS-00172-12-01,PAI-00172,Milestone 12-1,2025-02-19,,DELAYED,0
MS-00172-12-02,PAI-00172,Milestone 12-2,2025-03-11,,DELAYED,0
MS-00172-16-01,PAI-00172,Milestone 16-1,2025-06-24,,DELAYED,0
MS-00172-20-01,PAI-00172,Milestone 20-1,2025-10-16,,DELAYED,0
MS-00172-24-01,PAI-00172,Milestone 24-1,2026-02-16,2026-05-23,COMPLETED,96
MS-00172-24-02,PAI-00172,Milestone 24-2,2026-03-05,,DELAYED,0
MS-00173-04-01,PAI-00173,Milestone 4-1,2024-05-11,2024-06-22,COMPLETED,42
MS-00173-08-01,PAI-00173,Milestone 8-1,2024-10-30,2024-12-12,COMPLETED,43
MS-00173-08-02,PAI-00173,Milestone 8-2,2024-10-30,,DELAYED,0
MS-00173-12-01,PAI-00173,Milestone 12-1,2025-03-01,2025-05-04,COMPLETED,64
MS-00173-16-01,PAI-00173,Milestone 16-1,2025-06-18,2025-08-01,COMPLETED,44
MS-00173-16-02,PAI-00173,Milestone 16-2,2025-06-22,2025-07-10,COMPLETED,18
MS-00173-20-01,PAI-00173,Milestone 20-1,2025-09-18,2025-10-09,COMPLETED,21
MS-00173-20-02,PAI-00173,Milestone 20-2,2025-09-17,,DELAYED,0
MS-00173-24-01,PAI-00173,Milestone 24-1,2026-02-03,2026-03-26,COMPLETED,51
MS-00173-24-02,PAI-00173,Milestone 24-2,2026-02-16,2026-03-28,COMPLETED,40
MS-00174-04-01,PAI-00174,Milestone 4-1,2024-06-19,,DELAYED,0
MS-00174-08-01,PAI-00174,Milestone 8-1,2024-10-07,2024-10-07,COMPLETED,0
MS-00174-08-02,PAI-00174,Milestone 8-2,2024-10-26,,DELAYED,0
MS-00174-12-01,PAI-00174,Milestone 12-1,2025-01-30,,DELAYED,0
MS-00174-16-01,PAI-00174,Milestone 16-1,2025-06-25,2025-07-18,COMPLETED,23
MS-00174-20-01,PAI-00174,Milestone 20-1,2025-10-22,2025-10-22,COMPLETED,0
MS-00174-24-01,PAI-00174,Milestone 24-1,2026-01-13,2026-03-09,COMPLETED,55
MS-00175-04-01,PAI-00175,Milestone 4-1,2024-06-07,2024-07-08,COMPLETED,31
MS-00175-08-01,PAI-00175,Milestone 8-1,2024-11-10,2024-11-28,COMPLETED,18
MS-00175-12-01,PAI-00175,Milestone 12-1,2025-01-17,2025-02-05,COMPLETED,19
MS-00175-12-02,PAI-00175,Milestone 12-2,2025-03-14,,DELAYED,0
MS-00175-16-01,PAI-00175,Milestone 16-1,2025-06-22,2025-08-13,COMPLETED,52
MS-00175-20-01,PAI-00175,Milestone 20-1,2025-11-06,2025-11-06,COMPLETED,0
MS-00175-24-01,PAI-00175,Milestone 24-1,2026-01-18,2026-01-25,COMPLETED,7
MS-00176-04-01,PAI-00176,Milestone 4-1,2024-05-31,2024-05-31,COMPLETED,0
MS-00176-04-02,PAI-00176,Milestone 4-2,2024-05-10,,DELAYED,0
MS-00176-08-01,PAI-00176,Milestone 8-1,2024-10-29,,DELAYED,0
MS-00176-12-01,PAI-00176,Milestone 12-1,2025-03-07,,DELAYED,0
MS-00176-16-01,PAI-00176,Milestone 16-1,2025-05-13,2025-06-11,COMPLETED,29
MS-00176-20-01,PAI-00176,Milestone 20-1,2025-10-28,2025-10-28,COMPLETED,0
MS-00176-20-02,PAI-00176,Milestone 20-2,2025-11-04,2025-11-26,COMPLETED,22
MS-00176-24-01,PAI-00176,Milestone 24-1,2026-01-29,2026-03-02,COMPLETED,32
MS-00177-04-01,PAI-00177,Milestone 4-1,2024-05-28,,DELAYED,0
MS-00177-04-02,PAI-00177,Milestone 4-2,2024-06-13,2024-07-10,COMPLETED,27
MS-00177-08-01,PAI-00177,Milestone 8-1,2024-09-24,2024-10-13,COMPLETED,19
MS-00177-08-02,PAI-00177,Milestone 8-2,2024-09-17,2024-10-10,COMPLETED,23
MS-00177-12-01,PAI-00177,Milestone 12-1,2025-02-19,2025-03-20,COMPLETED,29
MS-00177-16-01,PAI-00177,Milestone 16-1,2025-07-14,2025-08-27,COMPLETED,44
MS-00177-20-01,PAI-00177,Milestone 20-1,2025-09-10,,DELAYED,0
MS-00177-20-02,PAI-00177,Milestone 20-2,2025-10-04,,DELAYED,0
MS-00177-24-01,PAI-00177,Milestone 24-1,2026-01-10,2026-02-02,COMPLETED,23
MS-00177-24-02,PAI-00177,Milestone 24-2,2026-02-21,2026-04-08,COMPLETED,46
MS-00178-04-01,PAI-00178,Milestone 4-1,2024-06-13,2024-07-22,COMPLETED,39
MS-00178-08-01,PAI-00178,Milestone 8-1,2024-11-15,2024-11-15,COMPLETED,0
MS-00178-08-02,PAI-00178,Milestone 8-2,2024-11-02,2024-11-16,COMPLETED,14
MS-00178-12-01,PAI-00178,Milestone 12-1,2025-01-30,2025-03-05,COMPLETED,34
MS-00178-16-01,PAI-00178,Milestone 16-1,2025-06-18,2025-06-25,COMPLETED,7
MS-00178-16-02,PAI-00178,Milestone 16-2,2025-06-23,2025-06-23,COMPLETED,0
MS-00178-20-01,PAI-00178,Milestone 20-1,2025-09-19,,DELAYED,0
MS-00178-24-01,PAI-00178,Milestone 24-1,2026-03-11,2026-03-11,COMPLETED,0
MS-00178-24-02,PAI-00178,Milestone 24-2,2026-02-02,,DELAYED,0
MS-00179-04-01,PAI-00179,Milestone 4-1,2024-07-05,2024-07-18,COMPLETED,13
MS-00179-04-02,PAI-00179,Milestone 4-2,2024-07-08,2024-07-08,COMPLETED,0
MS-00179-08-01,PAI-00179,Milestone 8-1,2024-09-27,2024-11-04,COMPLETED,38
MS-00179-08-02,PAI-00179,Milestone 8-2,2024-11-11,,DELAYED,0
MS-00179-12-01,PAI-00179,Milestone 12-1,2025-02-13,2025-03-13,COMPLETED,28
MS-00179-12-02,PAI-00179,Milestone 12-2,2025-03-10,2025-04-11,COMPLETED,32
MS-00179-16-01,PAI-00179,Milestone 16-1,2025-06-04,2025-06-22,COMPLETED,18
MS-00179-20-01,PAI-00179,Milestone 20-1,2025-10-27,2025-10-27,COMPLETED,0
MS-00179-20-02,PAI-00179,Milestone 20-2,2025-10-07,2025-10-07,COMPLETED,0
MS-00179-24-01,PAI-00179,Milestone 24-1,2026-01-12,2026-01-15,COMPLETED,3
MS-00180-04-01,PAI-00180,Milestone 4-1,2024-07-14,,DELAYED,0
MS-00180-04-02,PAI-00180,Milestone 4-2,2024-05-14,,DELAYED,0
MS-00180-08-01,PAI-00180,Milestone 8-1,2024-10-24,2024-12-28,COMPLETED,65
MS-00180-08-02,PAI-00180,Milestone 8-2,2024-11-08,,DELAYED,0
MS-00180-12-01,PAI-00180,Milestone 12-1,2025-03-16,2025-04-20,COMPLETED,35
MS-00180-16-01,PAI-00180,Milestone 16-1,2025-07-05,2025-07-17,COMPLETED,12
MS-00180-16-02,PAI-00180,Milestone 16-2,2025-07-03,2025-08-04,COMPLETED,32
MS-00180-20-01,PAI-00180,Milestone 20-1,2025-10-13,,DELAYED,0
MS-00180-20-02,PAI-00180,Milestone 20-2,2025-10-29,2025-10-29,COMPLETED,0
MS-00180-24-01,PAI-00180,Milestone 24-1,2026-02-13,,DELAYED,0
MS-00181-04-01,PAI-00181,Milestone 4-1,2024-06-04,2024-06-14,COMPLETED,10
MS-00181-04-02,PAI-00181,Milestone 4-2,2024-07-02,2024-07-02,COMPLETED,0
MS-00181-08-01,PAI-00181,Milestone 8-1,2024-09-22,2024-10-07,COMPLETED,15
MS-00181-12-01,PAI-00181,Milestone 12-1,2025-01-13,,DELAYED,0
MS-00181-12-02,PAI-00181,Milestone 12-2,2025-02-15,,DELAYED,0
MS-00181-16-01,PAI-00181,Milestone 16-1,2025-05-16,2025-05-16,COMPLETED,0
MS-00181-20-01,PAI-00181,Milestone 20-1,2025-10-14,2025-10-14,COMPLETED,0
MS-00181-20-02,PAI-00181,Milestone 20-2,2025-10-02,,DELAYED,0
MS-00181-24-01,PAI-00181,Milestone 24-1,2026-03-14,2026-04-08,COMPLETED,25
MS-00181-24-02,PAI-00181,Milestone 24-2,2026-02-13,,DELAYED,0
MS-00182-04-01,PAI-00182,Milestone 4-1,2024-06-25,2024-06-25,COMPLETED,0
MS-00182-08-01,PAI-00182,Milestone 8-1,2024-10-12,2024-11-18,COMPLETED,37
MS-00182-08-02,PAI-00182,Milestone 8-2,2024-10-26,2024-11-23,COMPLETED,28
MS-00182-12-01,PAI-00182,Milestone 12-1,2025-01-22,2025-02-13,COMPLETED,22
MS-00182-16-01,PAI-00182,Milestone 16-1,2025-06-16,2025-07-07,COMPLETED,21
MS-00182-16-02,PAI-00182,Milestone 16-2,2025-06-18,2025-07-22,COMPLETED,34
MS-00182-20-01,PAI-00182,Milestone 20-1,2025-10-07,2025-11-23,COMPLETED,47
MS-00182-20-02,PAI-00182,Milestone 20-2,2025-11-05,2025-11-22,COMPLETED,17
MS-00182-24-01,PAI-00182,Milestone 24-1,2026-03-05,2026-03-14,COMPLETED,9
MS-00183-04-01,PAI-00183,Milestone 4-1,2024-05-25,2024-06-21,COMPLETED,27
MS-00183-08-01,PAI-00183,Milestone 8-1,2024-10-08,2024-10-08,COMPLETED,0
MS-00183-12-01,PAI-00183,Milestone 12-1,2025-01-24,,DELAYED,0
MS-00183-16-01,PAI-00183,Milestone 16-1,2025-06-03,,DELAYED,0
MS-00183-16-02,PAI-00183,Milestone 16-2,2025-06-18,,DELAYED,0
MS-00183-20-01,PAI-00183,Milestone 20-1,2025-10-15,,DELAYED,0
MS-00183-20-02,PAI-00183,Milestone 20-2,2025-09-25,2025-11-15,COMPLETED,51
MS-00183-24-01,PAI-00183,Milestone 24-1,2026-03-05,,DELAYED,0
MS-00184-04-01,PAI-00184,Milestone 4-1,2024-07-01,,DELAYED,0
MS-00184-04-02,PAI-00184,Milestone 4-2,2024-07-16,,DELAYED,0
MS-00184-08-01,PAI-00184,Milestone 8-1,2024-11-13,2024-12-31,COMPLETED,48
MS-00184-12-01,PAI-00184,Milestone 12-1,2025-01-10,,DELAYED,0
MS-00184-16-01,PAI-00184,Milestone 16-1,2025-07-07,,DELAYED,0
MS-00184-20-01,PAI-00184,Milestone 20-1,2025-09-15,2025-10-07,COMPLETED,22
MS-00184-20-02,PAI-00184,Milestone 20-2,2025-09-12,2025-11-04,COMPLETED,53
MS-00184-24-01,PAI-00184,Milestone 24-1,2026-01-10,,DELAYED,0
MS-00184-24-02,PAI-00184,Milestone 24-2,2026-03-02,,DELAYED,0
MS-00185-04-01,PAI-00185,Milestone 4-1,2024-07-07,2024-07-29,COMPLETED,22
MS-00185-04-02,PAI-00185,Milestone 4-2,2024-05-22,2024-05-22,COMPLETED,0
MS-00185-08-01,PAI-00185,Milestone 8-1,2024-11-14,,DELAYED,0
MS-00185-12-01,PAI-00185,Milestone 12-1,2025-02-28,2025-03-17,COMPLETED,17
MS-00185-12-02,PAI-00185,Milestone 12-2,2025-01-14,,DELAYED,0
MS-00185-16-01,PAI-00185,Milestone 16-1,2025-06-08,,DELAYED,0
MS-00185-20-01,PAI-00185,Milestone 20-1,2025-09-23,2025-09-28,COMPLETED,5
MS-00185-20-02,PAI-00185,Milestone 20-2,2025-09-28,2025-10-28,COMPLETED,30
MS-00185-24-01,PAI-00185,Milestone 24-1,2026-01-11,2026-01-12,COMPLETED,1
MS-00186-04-01,PAI-00186,Milestone 4-1,2024-05-18,2024-06-18,COMPLETED,31
MS-00186-08-01,PAI-00186,Milestone 8-1,2024-09-26,,DELAYED,0
MS-00186-12-01,PAI-00186,Milestone 12-1,2025-03-06,2025-03-12,COMPLETED,6
MS-00186-12-02,PAI-00186,Milestone 12-2,2025-02-14,2025-03-08,COMPLETED,22
MS-00186-16-01,PAI-00186,Milestone 16-1,2025-07-17,,DELAYED,0
MS-00186-20-01,PAI-00186,Milestone 20-1,2025-09-16,2025-11-03,COMPLETED,48
MS-00186-24-01,PAI-00186,Milestone 24-1,2026-02-15,2026-03-03,COMPLETED,16
MS-00186-24-02,PAI-00186,Milestone 24-2,2026-03-14,2026-03-31,COMPLETED,17
MS-00187-04-01,PAI-00187,Milestone 4-1,2024-06-15,2024-07-21,COMPLETED,36
MS-00187-08-01,PAI-00187,Milestone 8-1,2024-10-09,2024-10-28,COMPLETED,19
MS-00187-12-01,PAI-00187,Milestone 12-1,2025-03-06,2025-04-13,COMPLETED,38
MS-00187-12-02,PAI-00187,Milestone 12-2,2025-01-31,2025-02-12,COMPLETED,12
MS-00187-16-01,PAI-00187,Milestone 16-1,2025-05-29,,DELAYED,0
MS-00187-20-01,PAI-00187,Milestone 20-1,2025-11-12,2025-12-20,COMPLETED,38
MS-00187-24-01,PAI-00187,Milestone 24-1,2026-01-29,2026-01-29,COMPLETED,0
MS-00188-04-01,PAI-00188,Milestone 4-1,2024-06-19,,DELAYED,0
MS-00188-04-02,PAI-00188,Milestone 4-2,2024-06-05,,DELAYED,0
MS-00188-08-01,PAI-00188,Milestone 8-1,2024-11-14,2025-01-16,COMPLETED,63
MS-00188-08-02,PAI-00188,Milestone 8-2,2024-10-01,,DELAYED,0
MS-00188-12-01,PAI-00188,Milestone 12-1,2025-03-19,2025-04-11,COMPLETED,23
MS-00188-12-02,PAI-00188,Milestone 12-2,2025-01-27,2025-03-22,COMPLETED,54
MS-00188-16-01,PAI-00188,Milestone 16-1,2025-06-23,2025-07-25,COMPLETED,32
MS-00188-16-02,PAI-00188,Milestone 16-2,2025-06-13,2025-07-07,COMPLETED,24
MS-00188-20-01,PAI-00188,Milestone 20-1,2025-10-01,2025-11-11,COMPLETED,41
MS-00188-24-01,PAI-00188,Milestone 24-1,2026-03-11,2026-04-24,COMPLETED,44
MS-00189-04-01,PAI-00189,Milestone 4-1,2024-06-05,,DELAYED,0
MS-00189-04-02,PAI-00189,Milestone 4-2,2024-05-23,,DELAYED,0
MS-00189-08-01,PAI-00189,Milestone 8-1,2024-10-22,2024-10-22,COMPLETED,0
MS-00189-12-01,PAI-00189,Milestone 12-1,2025-01-25,,DELAYED,0
MS-00189-16-01,PAI-00189,Milestone 16-1,2025-05-24,,DELAYED,0
MS-00189-20-01,PAI-00189,Milestone 20-1,2025-11-10,,DELAYED,0
MS-00189-20-02,PAI-00189,Milestone 20-2,2025-10-31,2025-11-30,COMPLETED,30
MS-00189-24-01,PAI-00189,Milestone 24-1,2026-02-04,2026-02-28,COMPLETED,24
MS-00190-04-01,PAI-00190,Milestone 4-1,2024-06-25,,DELAYED,0
MS-00190-08-01,PAI-00190,Milestone 8-1,2024-10-01,,DELAYED,0
MS-00190-12-01,PAI-00190,Milestone 12-1,2025-02-05,2025-03-15,COMPLETED,38
MS-00190-12-02,PAI-00190,Milestone 12-2,2025-02-05,2025-03-25,COMPLETED,48
MS-00190-16-01,PAI-00190,Milestone 16-1,2025-05-21,2025-06-09,COMPLETED,19
MS-00190-20-01,PAI-00190,Milestone 20-1,2025-10-12,,DELAYED,0
MS-00190-24-01,PAI-00190,Milestone 24-1,2026-02-13,2026-04-03,COMPLETED,49
MS-00191-04-01,PAI-00191,Milestone 4-1,2024-05-18,2024-06-09,COMPLETED,22
MS-00191-04-02,PAI-00191,Milestone 4-2,2024-06-18,2024-07-27,COMPLETED,39
MS-00191-08-01,PAI-00191,Milestone 8-1,2024-10-20,2024-11-03,COMPLETED,14
MS-00191-12-01,PAI-00191,Milestone 12-1,2025-02-27,,DELAYED,0
MS-00191-12-02,PAI-00191,Milestone 12-2,2025-02-09,,DELAYED,0
MS-00191-16-01,PAI-00191,Milestone 16-1,2025-05-26,2025-06-07,COMPLETED,12
MS-00191-20-01,PAI-00191,Milestone 20-1,2025-10-28,2025-11-19,COMPLETED,22
MS-00191-24-01,PAI-00191,Milestone 24-1,2026-02-01,,DELAYED,0
MS-00191-24-02,PAI-00191,Milestone 24-2,2026-01-11,2026-02-18,COMPLETED,38
MS-00192-04-01,PAI-00192,Milestone 4-1,2024-05-25,2024-05-25,COMPLETED,0
MS-00192-04-02,PAI-00192,Milestone 4-2,2024-07-07,2024-07-31,COMPLETED,24
MS-00192-08-01,PAI-00192,Milestone 8-1,2024-10-24,,DELAYED,0
MS-00192-08-02,PAI-00192,Milestone 8-2,2024-10-15,2024-10-26,COMPLETED,11
MS-00192-12-01,PAI-00192,Milestone 12-1,2025-01-13,2025-01-13,COMPLETED,0
MS-00192-12-02,PAI-00192,Milestone 12-2,2025-02-14,2025-05-06,COMPLETED,81
MS-00192-16-01,PAI-00192,Milestone 16-1,2025-05-16,2025-05-18,COMPLETED,2
MS-00192-16-02,PAI-00192,Milestone 16-2,2025-06-30,,DELAYED,0
MS-00192-20-01,PAI-00192,Milestone 20-1,2025-10-10,2025-10-13,COMPLETED,3
MS-00192-24-01,PAI-00192,Milestone 24-1,2026-01-15,,DELAYED,0
MS-00193-04-01,PAI-00193,Milestone 4-1,2024-07-02,2024-07-09,COMPLETED,7
MS-00193-04-02,PAI-00193,Milestone 4-2,2024-05-16,2024-06-04,COMPLETED,19
MS-00193-08-01,PAI-00193,Milestone 8-1,2024-10-20,2024-10-23,COMPLETED,3
MS-00193-12-01,PAI-00193,Milestone 12-1,2025-02-09,2025-02-09,COMPLETED,0
MS-00193-16-01,PAI-00193,Milestone 16-1,2025-05-22,2025-06-01,COMPLETED,10
MS-00193-20-01,PAI-00193,Milestone 20-1,2025-10-23,2025-10-23,COMPLETED,0
MS-00193-20-02,PAI-00193,Milestone 20-2,2025-10-13,2025-11-12,COMPLETED,30
MS-00193-24-01,PAI-00193,Milestone 24-1,2026-03-15,2026-04-18,COMPLETED,34
MS-00194-04-01,PAI-00194,Milestone 4-1,2024-06-04,2024-06-04,COMPLETED,0
MS-00194-08-01,PAI-00194,Milestone 8-1,2024-11-04,,DELAYED,0
MS-00194-08-02,PAI-00194,Milestone 8-2,2024-10-18,2024-11-15,COMPLETED,28
MS-00194-12-01,PAI-00194,Milestone 12-1,2025-02-25,2025-05-11,COMPLETED,75
MS-00194-16-01,PAI-00194,Milestone 16-1,2025-05-10,2025-05-30,COMPLETED,20
MS-00194-20-01,PAI-00194,Milestone 20-1,2025-11-07,2025-12-20,COMPLETED,43
MS-00194-20-02,PAI-00194,Milestone 20-2,2025-11-06,2025-11-26,COMPLETED,20
MS-00194-24-01,PAI-00194,Milestone 24-1,2026-01-30,2026-02-24,COMPLETED,25
MS-00195-04-01,PAI-00195,Milestone 4-1,2024-06-19,2024-07-21,COMPLETED,32
MS-00195-04-02,PAI-00195,Milestone 4-2,2024-06-26,2024-07-20,COMPLETED,24
MS-00195-08-01,PAI-00195,Milestone 8-1,2024-10-23,,DELAYED,0
MS-00195-08-02,PAI-00195,Milestone 8-2,2024-10-29,2024-12-20,COMPLETED,52
MS-00195-12-01,PAI-00195,Milestone 12-1,2025-02-23,2025-04-19,COMPLETED,55
MS-00195-12-02,PAI-00195,Milestone 12-2,2025-03-02,,DELAYED,0
MS-00195-16-01,PAI-00195,Milestone 16-1,2025-07-10,,DELAYED,0
MS-00195-16-02,PAI-00195,Milestone 16-2,2025-05-31,,DELAYED,0
MS-00195-20-01,PAI-00195,Milestone 20-1,2025-09-18,,DELAYED,0
MS-00195-20-02,PAI-00195,Milestone 20-2,2025-10-06,2025-11-12,COMPLETED,37
MS-00195-24-01,PAI-00195,Milestone 24-1,2026-02-21,,DELAYED,0
MS-00196-04-01,PAI-00196,Milestone 4-1,2024-06-06,2024-07-08,COMPLETED,32
MS-00196-08-01,PAI-00196,Milestone 8-1,2024-10-20,2024-10-20,COMPLETED,0
MS-00196-08-02,PAI-00196,Milestone 8-2,2024-10-12,2024-11-13,COMPLETED,32
MS-00196-12-01,PAI-00196,Milestone 12-1,2025-01-20,,DELAYED,0
MS-00196-16-01,PAI-00196,Milestone 16-1,2025-06-11,2025-06-26,COMPLETED,15
MS-00196-20-01,PAI-00196,Milestone 20-1,2025-09-10,,DELAYED,0
MS-00196-20-02,PAI-00196,Milestone 20-2,2025-09-18,,DELAYED,0
MS-00196-24-01,PAI-00196,Milestone 24-1,2026-02-22,,DELAYED,0
MS-00197-04-01,PAI-00197,Milestone 4-1,2024-07-07,2024-07-09,COMPLETED,2
MS-00197-04-02,PAI-00197,Milestone 4-2,2024-05-11,2024-05-11,COMPLETED,0
MS-00197-08-01,PAI-00197,Milestone 8-1,2024-11-13,2024-11-21,COMPLETED,8
MS-00197-12-01,PAI-00197,Milestone 12-1,2025-02-16,2025-02-16,COMPLETED,0
MS-00197-16-01,PAI-00197,Milestone 16-1,2025-06-09,2025-06-11,COMPLETED,2
MS-00197-16-02,PAI-00197,Milestone 16-2,2025-05-25,2025-06-18,COMPLETED,24
MS-00197-20-01,PAI-00197,Milestone 20-1,2025-09-14,,DELAYED,0
MS-00197-24-01,PAI-00197,Milestone 24-1,2026-01-19,2026-01-20,COMPLETED,1
MS-00197-24-02,PAI-00197,Milestone 24-2,2026-01-23,2026-03-08,COMPLETED,44
MS-00198-04-01,PAI-00198,Milestone 4-1,2024-06-30,2024-09-22,COMPLETED,84
MS-00198-08-01,PAI-00198,Milestone 8-1,2024-09-13,2024-10-13,COMPLETED,30
MS-00198-12-01,PAI-00198,Milestone 12-1,2025-02-11,,DELAYED,0
MS-00198-12-02,PAI-00198,Milestone 12-2,2025-02-11,2025-03-14,COMPLETED,31
MS-00198-16-01,PAI-00198,Milestone 16-1,2025-06-16,2025-08-14,COMPLETED,59
MS-00198-16-02,PAI-00198,Milestone 16-2,2025-05-30,2025-08-01,COMPLETED,63
MS-00198-20-01,PAI-00198,Milestone 20-1,2025-10-07,2025-11-07,COMPLETED,31
MS-00198-20-02,PAI-00198,Milestone 20-2,2025-10-31,,DELAYED,0
MS-00198-24-01,PAI-00198,Milestone 24-1,2026-01-29,2026-03-09,COMPLETED,39
MS-00198-24-02,PAI-00198,Milestone 24-2,2026-01-22,2026-03-07,COMPLETED,44
MS-00199-04-01,PAI-00199,Milestone 4-1,2024-05-31,,DELAYED,0
MS-00199-04-02,PAI-00199,Milestone 4-2,2024-07-03,2024-07-03,COMPLETED,0
MS-00199-08-01,PAI-00199,Milestone 8-1,2024-10-12,,DELAYED,0
MS-00199-08-02,PAI-00199,Milestone 8-2,2024-11-15,,DELAYED,0
MS-00199-12-01,PAI-00199,Milestone 12-1,2025-02-17,2025-03-05,COMPLETED,16
MS-00199-12-02,PAI-00199,Milestone 12-2,2025-02-24,,DELAYED,0
MS-00199-16-01,PAI-00199,Milestone 16-1,2025-07-01,2025-08-04,COMPLETED,34
MS-00199-16-02,PAI-00199,Milestone 16-2,2025-05-18,,DELAYED,0
MS-00199-20-01,PAI-00199,Milestone 20-1,2025-11-15,2025-11-15,COMPLETED,0
MS-00199-24-01,PAI-00199,Milestone 24-1,2026-01-31,2026-02-09,COMPLETED,9
MS-00200-04-01,PAI-00200,Milestone 4-1,2024-06-23,,DELAYED,0
MS-00200-08-01,PAI-00200,Milestone 8-1,2024-11-17,2024-11-20,COMPLETED,3
MS-00200-08-02,PAI-00200,Milestone 8-2,2024-10-18,,DELAYED,0
MS-00200-12-01,PAI-00200,Milestone 12-1,2025-03-05,,DELAYED,0
MS-00200-16-01,PAI-00200,Milestone 16-1,2025-06-12,,DELAYED,0
MS-00200-16-02,PAI-00200,Milestone 16-2,2025-06-17,2025-06-17,COMPLETED,0
MS-00200-20-01,PAI-00200,Milestone 20-1,2025-10-08,2025-10-18,COMPLETED,10
MS-00200-24-01,PAI-00200,Milestone 24-1,2026-01-19,2026-01-19,COMPLETED,0
MS-00200-24-02,PAI-00200,Milestone 24-2,2026-01-10,2026-01-10,COMPLETED,0
MS-00201-04-01,PAI-00201,Milestone 4-1,2024-07-15,2024-07-15,COMPLETED,0
MS-00201-08-01,PAI-00201,Milestone 8-1,2024-09-20,2024-09-20,COMPLETED,0
MS-00201-08-02,PAI-00201,Milestone 8-2,2024-11-01,,DELAYED,0
MS-00201-12-01,PAI-00201,Milestone 12-1,2025-02-28,2025-02-28,COMPLETED,0
MS-00201-12-02,PAI-00201,Milestone 12-2,2025-01-26,,DELAYED,0
MS-00201-16-01,PAI-00201,Milestone 16-1,2025-05-16,2025-05-16,COMPLETED,0
MS-00201-20-01,PAI-00201,Milestone 20-1,2025-10-06,2025-10-06,COMPLETED,0
MS-00201-20-02,PAI-00201,Milestone 20-2,2025-10-30,2025-10-30,COMPLETED,0
MS-00201-24-01,PAI-00201,Milestone 24-1,2026-03-05,,DELAYED,0
MS-00201-24-02,PAI-00201,Milestone 24-2,2026-02-12,,DELAYED,0
MS-00202-04-01,PAI-00202,Milestone 4-1,2024-05-27,,DELAYED,0
MS-00202-04-02,PAI-00202,Milestone 4-2,2024-06-27,2024-06-27,COMPLETED,0
MS-00202-08-01,PAI-00202,Milestone 8-1,2024-10-16,2024-11-03,COMPLETED,18
MS-00202-08-02,PAI-00202,Milestone 8-2,2024-10-05,,DELAYED,0
MS-00202-12-01,PAI-00202,Milestone 12-1,2025-03-16,2025-04-08,COMPLETED,23
MS-00202-12-02,PAI-00202,Milestone 12-2,2025-01-26,2025-02-10,COMPLETED,15
MS-00202-16-01,PAI-00202,Milestone 16-1,2025-07-07,2025-07-07,COMPLETED,0
MS-00202-20-01,PAI-00202,Milestone 20-1,2025-09-26,,DELAYED,0
MS-00202-24-01,PAI-00202,Milestone 24-1,2026-03-16,,DELAYED,0
MS-00203-04-01,PAI-00203,Milestone 4-1,2024-06-18,2024-06-18,COMPLETED,0
MS-00203-04-02,PAI-00203,Milestone 4-2,2024-07-12,2024-07-12,COMPLETED,0
MS-00203-08-01,PAI-00203,Milestone 8-1,2024-11-07,2024-11-12,COMPLETED,5
MS-00203-08-02,PAI-00203,Milestone 8-2,2024-09-26,2024-10-21,COMPLETED,25
MS-00203-12-01,PAI-00203,Milestone 12-1,2025-02-07,,DELAYED,0
MS-00203-12-02,PAI-00203,Milestone 12-2,2025-03-11,2025-03-11,COMPLETED,0
MS-00203-16-01,PAI-00203,Milestone 16-1,2025-05-15,2025-06-10,COMPLETED,26
MS-00203-20-01,PAI-00203,Milestone 20-1,2025-10-19,2025-12-05,COMPLETED,47
MS-00203-20-02,PAI-00203,Milestone 20-2,2025-09-19,2025-09-27,COMPLETED,8
MS-00203-24-01,PAI-00203,Milestone 24-1,2026-02-12,2026-02-14,COMPLETED,2
MS-00203-24-02,PAI-00203,Milestone 24-2,2026-02-25,2026-02-25,COMPLETED,0
MS-00204-04-01,PAI-00204,Milestone 4-1,2024-05-16,2024-05-16,COMPLETED,0
MS-00204-08-01,PAI-00204,Milestone 8-1,2024-10-19,2024-10-25,COMPLETED,6
MS-00204-12-01,PAI-00204,Milestone 12-1,2025-01-16,2025-01-16,COMPLETED,0
MS-00204-12-02,PAI-00204,Milestone 12-2,2025-02-18,2025-03-22,COMPLETED,32
MS-00204-16-01,PAI-00204,Milestone 16-1,2025-05-28,2025-05-28,COMPLETED,0
MS-00204-20-01,PAI-00204,Milestone 20-1,2025-11-02,2025-12-08,COMPLETED,36
MS-00204-20-02,PAI-00204,Milestone 20-2,2025-09-29,2025-10-08,COMPLETED,9
MS-00204-24-01,PAI-00204,Milestone 24-1,2026-02-18,2026-03-11,COMPLETED,21
MS-00204-24-02,PAI-00204,Milestone 24-2,2026-03-10,2026-04-02,COMPLETED,23
MS-00205-04-01,PAI-00205,Milestone 4-1,2024-07-04,,DELAYED,0
MS-00205-08-01,PAI-00205,Milestone 8-1,2024-09-24,,DELAYED,0
MS-00205-08-02,PAI-00205,Milestone 8-2,2024-10-30,2024-11-13,COMPLETED,14
MS-00205-12-01,PAI-00205,Milestone 12-1,2025-03-09,2025-03-12,COMPLETED,3
MS-00205-12-02,PAI-00205,Milestone 12-2,2025-03-08,2025-04-16,COMPLETED,39
MS-00205-16-01,PAI-00205,Milestone 16-1,2025-06-08,2025-07-27,COMPLETED,49
MS-00205-16-02,PAI-00205,Milestone 16-2,2025-05-16,2025-05-21,COMPLETED,5
MS-00205-20-01,PAI-00205,Milestone 20-1,2025-09-30,2025-09-30,COMPLETED,0
MS-00205-24-01,PAI-00205,Milestone 24-1,2026-03-08,2026-03-08,COMPLETED,0
MS-00206-04-01,PAI-00206,Milestone 4-1,2024-07-13,,DELAYED,0
MS-00206-04-02,PAI-00206,Milestone 4-2,2024-06-03,2024-06-13,COMPLETED,10
MS-00206-08-01,PAI-00206,Milestone 8-1,2024-10-11,,DELAYED,0
MS-00206-12-01,PAI-00206,Milestone 12-1,2025-03-16,,DELAYED,0
MS-00206-16-01,PAI-00206,Milestone 16-1,2025-06-17,2025-06-17,COMPLETED,0
MS-00206-16-02,PAI-00206,Milestone 16-2,2025-07-18,2025-07-22,COMPLETED,4
MS-00206-20-01,PAI-00206,Milestone 20-1,2025-09-29,2025-11-08,COMPLETED,40
MS-00206-24-01,PAI-00206,Milestone 24-1,2026-01-10,,DELAYED,0
MS-00207-04-01,PAI-00207,Milestone 4-1,2024-06-13,2024-07-04,COMPLETED,21
MS-00207-08-01,PAI-00207,Milestone 8-1,2024-09-21,2024-09-21,COMPLETED,0
MS-00207-12-01,PAI-00207,Milestone 12-1,2025-01-18,,DELAYED,0
MS-00207-16-01,PAI-00207,Milestone 16-1,2025-07-15,2025-09-05,COMPLETED,52
MS-00207-16-02,PAI-00207,Milestone 16-2,2025-07-14,2025-08-25,COMPLETED,42
MS-00207-20-01,PAI-00207,Milestone 20-1,2025-11-14,,DELAYED,0
MS-00207-24-01,PAI-00207,Milestone 24-1,2026-02-18,,DELAYED,0
MS-00208-04-01,PAI-00208,Milestone 4-1,2024-05-18,,DELAYED,0
MS-00208-04-02,PAI-00208,Milestone 4-2,2024-07-05,,DELAYED,0
MS-00208-08-01,PAI-00208,Milestone 8-1,2024-11-12,,DELAYED,0
MS-00208-12-01,PAI-00208,Milestone 12-1,2025-02-13,,DELAYED,0
MS-00208-12-02,PAI-00208,Milestone 12-2,2025-02-22,,DELAYED,0
MS-00208-16-01,PAI-00208,Milestone 16-1,2025-06-02,2025-06-27,COMPLETED,25
MS-00208-16-02,PAI-00208,Milestone 16-2,2025-07-03,2025-07-03,COMPLETED,0
MS-00208-20-01,PAI-00208,Milestone 20-1,2025-10-20,,DELAYED,0
MS-00208-24-01,PAI-00208,Milestone 24-1,2026-02-01,2026-02-01,COMPLETED,0
MS-00209-04-01,PAI-00209,Milestone 4-1,2024-05-31,,DELAYED,0
MS-00209-08-01,PAI-00209,Milestone 8-1,2024-10-31,2024-12-17,COMPLETED,47
MS-00209-12-01,PAI-00209,Milestone 12-1,2025-03-02,,DELAYED,0
MS-00209-16-01,PAI-00209,Milestone 16-1,2025-05-14,2025-06-16,COMPLETED,33
MS-00209-16-02,PAI-00209,Milestone 16-2,2025-05-17,,DELAYED,0
MS-00209-20-01,PAI-00209,Milestone 20-1,2025-10-18,2025-11-19,COMPLETED,32
MS-00209-20-02,PAI-00209,Milestone 20-2,2025-11-08,,DELAYED,0
MS-00209-24-01,PAI-00209,Milestone 24-1,2026-02-27,,DELAYED,0
MS-00210-04-01,PAI-00210,Milestone 4-1,2024-07-18,2024-08-17,COMPLETED,30
MS-00210-04-02,PAI-00210,Milestone 4-2,2024-06-01,2024-06-01,COMPLETED,0
MS-00210-08-01,PAI-00210,Milestone 8-1,2024-11-15,2024-11-22,COMPLETED,7
MS-00210-12-01,PAI-00210,Milestone 12-1,2025-03-20,2025-03-20,COMPLETED,0
MS-00210-16-01,PAI-00210,Milestone 16-1,2025-07-06,2025-07-26,COMPLETED,20
MS-00210-20-01,PAI-00210,Milestone 20-1,2025-09-19,,DELAYED,0
MS-00210-24-01,PAI-00210,Milestone 24-1,2026-01-13,2026-01-24,COMPLETED,11
MS-00211-04-01,PAI-00211,Milestone 4-1,2024-07-05,2024-07-06,COMPLETED,1
MS-00211-04-02,PAI-00211,Milestone 4-2,2024-06-04,,DELAYED,0
MS-00211-08-01,PAI-00211,Milestone 8-1,2024-09-11,,DELAYED,0
MS-00211-12-01,PAI-00211,Milestone 12-1,2025-01-11,,DELAYED,0
MS-00211-12-02,PAI-00211,Milestone 12-2,2025-03-09,2025-04-04,COMPLETED,26
MS-00211-16-01,PAI-00211,Milestone 16-1,2025-06-29,2025-07-03,COMPLETED,4
MS-00211-20-01,PAI-00211,Milestone 20-1,2025-10-11,,DELAYED,0
MS-00211-24-01,PAI-00211,Milestone 24-1,2026-03-09,,DELAYED,0
MS-00211-24-02,PAI-00211,Milestone 24-2,2026-01-11,2026-02-04,COMPLETED,24
MS-00212-04-01,PAI-00212,Milestone 4-1,2024-06-11,2024-06-15,COMPLETED,4
MS-00212-08-01,PAI-00212,Milestone 8-1,2024-09-26,2024-11-01,COMPLETED,36
MS-00212-12-01,PAI-00212,Milestone 12-1,2025-02-04,,DELAYED,0
MS-00212-12-02,PAI-00212,Milestone 12-2,2025-02-17,,DELAYED,0
MS-00212-16-01,PAI-00212,Milestone 16-1,2025-05-18,2025-06-23,COMPLETED,36
MS-00212-16-02,PAI-00212,Milestone 16-2,2025-07-12,2025-08-28,COMPLETED,47
MS-00212-20-01,PAI-00212,Milestone 20-1,2025-10-31,,DELAYED,0
MS-00212-24-01,PAI-00212,Milestone 24-1,2026-02-17,2026-04-06,COMPLETED,48
MS-00213-04-01,PAI-00213,Milestone 4-1,2024-05-10,2024-05-10,COMPLETED,0
MS-00213-08-01,PAI-00213,Milestone 8-1,2024-10-11,2024-10-18,COMPLETED,7
MS-00213-12-01,PAI-00213,Milestone 12-1,2025-02-14,,DELAYED,0
MS-00213-16-01,PAI-00213,Milestone 16-1,2025-06-22,2025-07-21,COMPLETED,29
MS-00213-20-01,PAI-00213,Milestone 20-1,2025-10-08,2025-10-08,COMPLETED,0
MS-00213-20-02,PAI-00213,Milestone 20-2,2025-11-08,2025-11-23,COMPLETED,15
MS-00213-24-01,PAI-00213,Milestone 24-1,2026-03-09,2026-03-17,COMPLETED,8
MS-00214-04-01,PAI-00214,Milestone 4-1,2024-06-06,2024-07-23,COMPLETED,47
MS-00214-04-02,PAI-00214,Milestone 4-2,2024-05-17,,DELAYED,0
MS-00214-08-01,PAI-00214,Milestone 8-1,2024-10-28,,DELAYED,0
MS-00214-08-02,PAI-00214,Milestone 8-2,2024-10-04,2024-11-10,COMPLETED,37
MS-00214-12-01,PAI-00214,Milestone 12-1,2025-02-27,2025-03-19,COMPLETED,20
MS-00214-12-02,PAI-00214,Milestone 12-2,2025-01-29,2025-02-15,COMPLETED,17
MS-00214-16-01,PAI-00214,Milestone 16-1,2025-06-27,2025-07-13,COMPLETED,16
MS-00214-16-02,PAI-00214,Milestone 16-2,2025-05-22,2025-06-18,COMPLETED,27
MS-00214-20-01,PAI-00214,Milestone 20-1,2025-10-31,2025-10-31,COMPLETED,0
MS-00214-20-02,PAI-00214,Milestone 20-2,2025-09-17,,DELAYED,0
MS-00214-24-01,PAI-00214,Milestone 24-1,2026-01-29,2026-01-29,COMPLETED,0
MS-00215-04-01,PAI-00215,Milestone 4-1,2024-06-20,2024-07-31,COMPLETED,41
MS-00215-08-01,PAI-00215,Milestone 8-1,2024-11-17,,DELAYED,0
MS-00215-08-02,PAI-00215,Milestone 8-2,2024-11-09,2024-12-16,COMPLETED,37
MS-00215-12-01,PAI-00215,Milestone 12-1,2025-01-23,2025-01-26,COMPLETED,3
MS-00215-16-01,PAI-00215,Milestone 16-1,2025-05-29,2025-06-27,COMPLETED,29
MS-00215-20-01,PAI-00215,Milestone 20-1,2025-11-11,2025-12-18,COMPLETED,37
MS-00215-24-01,PAI-00215,Milestone 24-1,2026-01-11,2026-02-23,COMPLETED,43
MS-00216-04-01,PAI-00216,Milestone 4-1,2024-05-14,2024-05-22,COMPLETED,8
MS-00216-08-01,PAI-00216,Milestone 8-1,2024-10-06,2024-11-30,COMPLETED,55
MS-00216-12-01,PAI-00216,Milestone 12-1,2025-03-15,2025-04-29,COMPLETED,45
MS-00216-12-02,PAI-00216,Milestone 12-2,2025-01-27,,DELAYED,0
MS-00216-16-01,PAI-00216,Milestone 16-1,2025-06-27,2025-08-07,COMPLETED,41
MS-00216-16-02,PAI-00216,Milestone 16-2,2025-05-12,,DELAYED,0
MS-00216-20-01,PAI-00216,Milestone 20-1,2025-09-28,2025-10-16,COMPLETED,18
MS-00216-24-01,PAI-00216,Milestone 24-1,2026-01-27,,DELAYED,0
MS-00216-24-02,PAI-00216,Milestone 24-2,2026-01-29,2026-02-27,COMPLETED,29
MS-00217-04-01,PAI-00217,Milestone 4-1,2024-05-19,2024-05-23,COMPLETED,4
MS-00217-08-01,PAI-00217,Milestone 8-1,2024-10-17,,DELAYED,0
MS-00217-12-01,PAI-00217,Milestone 12-1,2025-03-14,2025-03-14,COMPLETED,0
MS-00217-12-02,PAI-00217,Milestone 12-2,2025-02-19,,DELAYED,0
MS-00217-16-01,PAI-00217,Milestone 16-1,2025-07-11,2025-08-17,COMPLETED,37
MS-00217-20-01,PAI-00217,Milestone 20-1,2025-09-21,2025-09-21,COMPLETED,0
MS-00217-20-02,PAI-00217,Milestone 20-2,2025-10-15,,DELAYED,0
MS-00217-24-01,PAI-00217,Milestone 24-1,2026-02-25,2026-02-25,COMPLETED,0
MS-00217-24-02,PAI-00217,Milestone 24-2,2026-02-23,2026-03-16,COMPLETED,21
MS-00218-04-01,PAI-00218,Milestone 4-1,2024-05-14,2024-06-28,COMPLETED,45
MS-00218-04-02,PAI-00218,Milestone 4-2,2024-05-23,,DELAYED,0
MS-00218-08-01,PAI-00218,Milestone 8-1,2024-09-26,2024-11-04,COMPLETED,39
MS-00218-12-01,PAI-00218,Milestone 12-1,2025-02-18,,DELAYED,0
MS-00218-12-02,PAI-00218,Milestone 12-2,2025-02-28,,DELAYED,0
MS-00218-16-01,PAI-00218,Milestone 16-1,2025-06-23,2025-08-04,COMPLETED,42
MS-00218-20-01,PAI-00218,Milestone 20-1,2025-11-13,2025-12-28,COMPLETED,45
MS-00218-24-01,PAI-00218,Milestone 24-1,2026-03-20,2026-03-20,COMPLETED,0
MS-00219-04-01,PAI-00219,Milestone 4-1,2024-05-28,2024-07-18,COMPLETED,51
MS-00219-04-02,PAI-00219,Milestone 4-2,2024-05-31,,DELAYED,0
MS-00219-08-01,PAI-00219,Milestone 8-1,2024-09-24,2024-11-02,COMPLETED,39
MS-00219-08-02,PAI-00219,Milestone 8-2,2024-09-12,2024-09-12,COMPLETED,0
MS-00219-12-01,PAI-00219,Milestone 12-1,2025-02-24,2025-03-03,COMPLETED,7
MS-00219-12-02,PAI-00219,Milestone 12-2,2025-02-04,2025-02-25,COMPLETED,21
MS-00219-16-01,PAI-00219,Milestone 16-1,2025-06-16,,DELAYED,0
MS-00219-16-02,PAI-00219,Milestone 16-2,2025-06-28,,DELAYED,0
MS-00219-20-01,PAI-00219,Milestone 20-1,2025-11-04,,DELAYED,0
MS-00219-20-02,PAI-00219,Milestone 20-2,2025-10-04,2025-10-19,COMPLETED,15
MS-00219-24-01,PAI-00219,Milestone 24-1,2026-02-09,,DELAYED,0
MS-00220-04-01,PAI-00220,Milestone 4-1,2024-06-28,,DELAYED,0
MS-00220-04-02,PAI-00220,Milestone 4-2,2024-07-16,,DELAYED,0
MS-00220-08-01,PAI-00220,Milestone 8-1,2024-10-31,,DELAYED,0
MS-00220-12-01,PAI-00220,Milestone 12-1,2025-01-12,2025-02-23,COMPLETED,42
MS-00220-12-02,PAI-00220,Milestone 12-2,2025-02-11,,DELAYED,0
MS-00220-16-01,PAI-00220,Milestone 16-1,2025-06-16,2025-07-18,COMPLETED,32
MS-00220-20-01,PAI-00220,Milestone 20-1,2025-10-23,,DELAYED,0
MS-00220-24-01,PAI-00220,Milestone 24-1,2026-03-03,,DELAYED,0
MS-00220-24-02,PAI-00220,Milestone 24-2,2026-02-26,2026-05-18,COMPLETED,81
MS-00221-04-01,PAI-00221,Milestone 4-1,2024-06-23,,DELAYED,0
MS-00221-04-02,PAI-00221,Milestone 4-2,2024-05-19,2024-06-08,COMPLETED,20
MS-00221-08-01,PAI-00221,Milestone 8-1,2024-11-05,2024-11-05,COMPLETED,0
MS-00221-08-02,PAI-00221,Milestone 8-2,2024-09-20,2024-10-25,COMPLETED,35
MS-00221-12-01,PAI-00221,Milestone 12-1,2025-01-26,,DELAYED,0
MS-00221-16-01,PAI-00221,Milestone 16-1,2025-06-24,2025-06-24,COMPLETED,0
MS-00221-20-01,PAI-00221,Milestone 20-1,2025-10-07,,DELAYED,0
MS-00221-20-02,PAI-00221,Milestone 20-2,2025-09-15,2025-10-02,COMPLETED,17
MS-00221-24-01,PAI-00221,Milestone 24-1,2026-01-22,,DELAYED,0
MS-00221-24-02,PAI-00221,Milestone 24-2,2026-02-16,2026-03-18,COMPLETED,30
MS-00222-04-01,PAI-00222,Milestone 4-1,2024-07-03,,DELAYED,0
MS-00222-08-01,PAI-00222,Milestone 8-1,2024-09-25,,DELAYED,0
MS-00222-12-01,PAI-00222,Milestone 12-1,2025-02-27,2025-03-17,COMPLETED,18
MS-00222-16-01,PAI-00222,Milestone 16-1,2025-06-06,2025-06-06,COMPLETED,0
MS-00222-16-02,PAI-00222,Milestone 16-2,2025-07-09,2025-08-15,COMPLETED,37
MS-00222-20-01,PAI-00222,Milestone 20-1,2025-09-20,2025-10-12,COMPLETED,22
MS-00222-20-02,PAI-00222,Milestone 20-2,2025-09-18,,DELAYED,0
MS-00222-24-01,PAI-00222,Milestone 24-1,2026-01-19,2026-02-05,COMPLETED,17
MS-00222-24-02,PAI-00222,Milestone 24-2,2026-02-19,2026-02-23,COMPLETED,4
MS-00223-04-01,PAI-00223,Milestone 4-1,2024-05-16,,DELAYED,0
MS-00223-04-02,PAI-00223,Milestone 4-2,2024-05-10,2024-06-24,COMPLETED,45
MS-00223-08-01,PAI-00223,Milestone 8-1,2024-09-17,2024-11-14,COMPLETED,58
MS-00223-08-02,PAI-00223,Milestone 8-2,2024-10-27,2024-11-17,COMPLETED,21
MS-00223-12-01,PAI-00223,Milestone 12-1,2025-02-19,,DELAYED,0
MS-00223-12-02,PAI-00223,Milestone 12-2,2025-03-11,,DELAYED,0
MS-00223-16-01,PAI-00223,Milestone 16-1,2025-06-11,,DELAYED,0
MS-00223-20-01,PAI-00223,Milestone 20-1,2025-11-06,,DELAYED,0
MS-00223-20-02,PAI-00223,Milestone 20-2,2025-09-14,,DELAYED,0
MS-00223-24-01,PAI-00223,Milestone 24-1,2026-01-21,2026-02-17,COMPLETED,27
MS-00224-04-01,PAI-00224,Milestone 4-1,2024-06-13,,DELAYED,0
MS-00224-04-02,PAI-00224,Milestone 4-2,2024-07-06,2024-07-15,COMPLETED,9
MS-00224-08-01,PAI-00224,Milestone 8-1,2024-10-29,,DELAYED,0
MS-00224-08-02,PAI-00224,Milestone 8-2,2024-09-29,2024-12-03,COMPLETED,65
MS-00224-12-01,PAI-00224,Milestone 12-1,2025-01-17,2025-03-30,COMPLETED,72
MS-00224-12-02,PAI-00224,Milestone 12-2,2025-03-20,,DELAYED,0
MS-00224-16-01,PAI-00224,Milestone 16-1,2025-05-21,,DELAYED,0
MS-00224-20-01,PAI-00224,Milestone 20-1,2025-10-12,2025-11-30,COMPLETED,49
MS-00224-24-01,PAI-00224,Milestone 24-1,2026-01-14,,DELAYED,0
MS-00225-04-01,PAI-00225,Milestone 4-1,2024-05-30,2024-06-08,COMPLETED,9
MS-00225-04-02,PAI-00225,Milestone 4-2,2024-06-01,,DELAYED,0
MS-00225-08-01,PAI-00225,Milestone 8-1,2024-09-15,,DELAYED,0
MS-00225-12-01,PAI-00225,Milestone 12-1,2025-02-09,2025-02-19,COMPLETED,10
MS-00225-16-01,PAI-00225,Milestone 16-1,2025-05-31,,DELAYED,0
MS-00225-16-02,PAI-00225,Milestone 16-2,2025-06-13,2025-06-23,COMPLETED,10
MS-00225-20-01,PAI-00225,Milestone 20-1,2025-10-22,2025-11-14,COMPLETED,23
MS-00225-24-01,PAI-00225,Milestone 24-1,2026-01-11,2026-02-16,COMPLETED,36
MS-00225-24-02,PAI-00225,Milestone 24-2,2026-03-11,,DELAYED,0
MS-00226-04-01,PAI-00226,Milestone 4-1,2024-06-07,2024-07-23,COMPLETED,46
MS-00226-08-01,PAI-00226,Milestone 8-1,2024-10-20,,DELAYED,0
MS-00226-08-02,PAI-00226,Milestone 8-2,2024-11-14,2024-12-08,COMPLETED,24
MS-00226-12-01,PAI-00226,Milestone 12-1,2025-01-21,,DELAYED,0
MS-00226-12-02,PAI-00226,Milestone 12-2,2025-03-11,2025-05-05,COMPLETED,55
MS-00226-16-01,PAI-00226,Milestone 16-1,2025-07-12,,DELAYED,0
MS-00226-20-01,PAI-00226,Milestone 20-1,2025-09-12,2025-10-15,COMPLETED,33
MS-00226-24-01,PAI-00226,Milestone 24-1,2026-03-05,2026-04-18,COMPLETED,44
MS-00226-24-02,PAI-00226,Milestone 24-2,2026-01-21,2026-03-07,COMPLETED,45
MS-00227-04-01,PAI-00227,Milestone 4-1,2024-05-22,2024-05-22,COMPLETED,0
MS-00227-04-02,PAI-00227,Milestone 4-2,2024-06-29,,DELAYED,0
MS-00227-08-01,PAI-00227,Milestone 8-1,2024-10-08,2024-10-24,COMPLETED,16
MS-00227-12-01,PAI-00227,Milestone 12-1,2025-02-11,2025-02-14,COMPLETED,3
MS-00227-16-01,PAI-00227,Milestone 16-1,2025-06-05,2025-06-12,COMPLETED,7
MS-00227-16-02,PAI-00227,Milestone 16-2,2025-05-27,2025-07-15,COMPLETED,49
MS-00227-20-01,PAI-00227,Milestone 20-1,2025-09-10,2025-09-16,COMPLETED,6
MS-00227-20-02,PAI-00227,Milestone 20-2,2025-09-22,2025-09-28,COMPLETED,6
MS-00227-24-01,PAI-00227,Milestone 24-1,2026-03-11,2026-04-09,COMPLETED,29
MS-00228-04-01,PAI-00228,Milestone 4-1,2024-06-04,2024-06-16,COMPLETED,12
MS-00228-08-01,PAI-00228,Milestone 8-1,2024-11-16,2024-12-03,COMPLETED,17
MS-00228-12-01,PAI-00228,Milestone 12-1,2025-03-01,,DELAYED,0
MS-00228-16-01,PAI-00228,Milestone 16-1,2025-06-25,2025-06-25,COMPLETED,0
MS-00228-20-01,PAI-00228,Milestone 20-1,2025-10-11,2025-10-11,COMPLETED,0
MS-00228-20-02,PAI-00228,Milestone 20-2,2025-10-25,,DELAYED,0
MS-00228-24-01,PAI-00228,Milestone 24-1,2026-01-18,2026-01-21,COMPLETED,3
MS-00229-04-01,PAI-00229,Milestone 4-1,2024-05-26,2024-07-03,COMPLETED,38
MS-00229-04-02,PAI-00229,Milestone 4-2,2024-06-07,2024-06-26,COMPLETED,19
MS-00229-08-01,PAI-00229,Milestone 8-1,2024-10-23,2024-10-23,COMPLETED,0
MS-00229-08-02,PAI-00229,Milestone 8-2,2024-10-23,,DELAYED,0
MS-00229-12-01,PAI-00229,Milestone 12-1,2025-01-26,2025-02-07,COMPLETED,12
MS-00229-16-01,PAI-00229,Milestone 16-1,2025-07-10,2025-07-29,COMPLETED,19
MS-00229-16-02,PAI-00229,Milestone 16-2,2025-05-26,2025-06-14,COMPLETED,19
MS-00229-20-01,PAI-00229,Milestone 20-1,2025-10-11,2025-11-20,COMPLETED,40
MS-00229-24-01,PAI-00229,Milestone 24-1,2026-03-07,2026-03-25,COMPLETED,18
MS-00230-04-01,PAI-00230,Milestone 4-1,2024-07-17,2024-09-07,COMPLETED,52
MS-00230-04-02,PAI-00230,Milestone 4-2,2024-05-14,,DELAYED,0
MS-00230-08-01,PAI-00230,Milestone 8-1,2024-10-30,2024-11-14,COMPLETED,15
MS-00230-12-01,PAI-00230,Milestone 12-1,2025-02-05,,DELAYED,0
MS-00230-16-01,PAI-00230,Milestone 16-1,2025-06-09,2025-06-09,COMPLETED,0
MS-00230-16-02,PAI-00230,Milestone 16-2,2025-05-23,2025-06-16,COMPLETED,24
MS-00230-20-01,PAI-00230,Milestone 20-1,2025-11-07,2025-11-27,COMPLETED,20
MS-00230-24-01,PAI-00230,Milestone 24-1,2026-02-09,2026-02-22,COMPLETED,13
MS-00230-24-02,PAI-00230,Milestone 24-2,2026-02-04,2026-03-18,COMPLETED,42
MS-00231-04-01,PAI-00231,Milestone 4-1,2024-05-21,2024-07-21,COMPLETED,61
MS-00231-08-01,PAI-00231,Milestone 8-1,2024-10-01,2024-10-09,COMPLETED,8
MS-00231-08-02,PAI-00231,Milestone 8-2,2024-10-23,,DELAYED,0
MS-00231-12-01,PAI-00231,Milestone 12-1,2025-02-03,2025-03-18,COMPLETED,43
MS-00231-16-01,PAI-00231,Milestone 16-1,2025-06-23,2025-08-20,COMPLETED,58
MS-00231-16-02,PAI-00231,Milestone 16-2,2025-07-02,2025-07-28,COMPLETED,26
MS-00231-20-01,PAI-00231,Milestone 20-1,2025-09-21,,DELAYED,0
MS-00231-20-02,PAI-00231,Milestone 20-2,2025-10-25,,DELAYED,0
MS-00231-24-01,PAI-00231,Milestone 24-1,2026-03-19,2026-03-21,COMPLETED,2
MS-00231-24-02,PAI-00231,Milestone 24-2,2026-01-31,2026-03-24,COMPLETED,52
MS-00232-04-01,PAI-00232,Milestone 4-1,2024-06-03,2024-07-18,COMPLETED,45
MS-00232-04-02,PAI-00232,Milestone 4-2,2024-05-20,,DELAYED,0
MS-00232-08-01,PAI-00232,Milestone 8-1,2024-09-22,2024-10-17,COMPLETED,25
MS-00232-12-01,PAI-00232,Milestone 12-1,2025-02-26,2025-04-07,COMPLETED,40
MS-00232-16-01,PAI-00232,Milestone 16-1,2025-05-23,,DELAYED,0
MS-00232-16-02,PAI-00232,Milestone 16-2,2025-05-26,,DELAYED,0
MS-00232-20-01,PAI-00232,Milestone 20-1,2025-09-20,,DELAYED,0
MS-00232-20-02,PAI-00232,Milestone 20-2,2025-11-04,2025-11-26,COMPLETED,22
MS-00232-24-01,PAI-00232,Milestone 24-1,2026-01-10,,DELAYED,0
MS-00233-04-01,PAI-00233,Milestone 4-1,2024-06-14,2024-07-30,COMPLETED,46
MS-00233-08-01,PAI-00233,Milestone 8-1,2024-10-06,2024-12-13,COMPLETED,68
MS-00233-12-01,PAI-00233,Milestone 12-1,2025-02-11,2025-03-15,COMPLETED,32
MS-00233-16-01,PAI-00233,Milestone 16-1,2025-06-11,,DELAYED,0
MS-00233-20-01,PAI-00233,Milestone 20-1,2025-09-28,,DELAYED,0
MS-00233-20-02,PAI-00233,Milestone 20-2,2025-10-01,,DELAYED,0
MS-00233-24-01,PAI-00233,Milestone 24-1,2026-01-19,,DELAYED,0
MS-00234-04-01,PAI-00234,Milestone 4-1,2024-06-22,2024-06-22,COMPLETED,0
MS-00234-08-01,PAI-00234,Milestone 8-1,2024-09-30,,DELAYED,0
MS-00234-08-02,PAI-00234,Milestone 8-2,2024-10-27,2024-11-08,COMPLETED,12
MS-00234-12-01,PAI-00234,Milestone 12-1,2025-02-05,2025-02-15,COMPLETED,10
MS-00234-12-02,PAI-00234,Milestone 12-2,2025-02-20,2025-03-03,COMPLETED,11
MS-00234-16-01,PAI-00234,Milestone 16-1,2025-06-26,2025-08-26,COMPLETED,61
MS-00234-16-02,PAI-00234,Milestone 16-2,2025-07-10,2025-07-16,COMPLETED,6
MS-00234-20-01,PAI-00234,Milestone 20-1,2025-10-16,2025-10-16,COMPLETED,0
MS-00234-20-02,PAI-00234,Milestone 20-2,2025-10-20,,DELAYED,0
MS-00234-24-01,PAI-00234,Milestone 24-1,2026-01-23,2026-03-22,COMPLETED,58
MS-00235-04-01,PAI-00235,Milestone 4-1,2024-06-05,2024-06-05,COMPLETED,0
MS-00235-04-02,PAI-00235,Milestone 4-2,2024-06-19,2024-06-19,COMPLETED,0
MS-00235-08-01,PAI-00235,Milestone 8-1,2024-09-16,2024-09-16,COMPLETED,0
MS-00235-08-02,PAI-00235,Milestone 8-2,2024-10-13,,DELAYED,0
MS-00235-12-01,PAI-00235,Milestone 12-1,2025-03-11,2025-04-19,COMPLETED,39
MS-00235-16-01,PAI-00235,Milestone 16-1,2025-05-14,2025-05-21,COMPLETED,7
MS-00235-20-01,PAI-00235,Milestone 20-1,2025-10-31,2025-11-20,COMPLETED,20
MS-00235-20-02,PAI-00235,Milestone 20-2,2025-10-13,,DELAYED,0
MS-00235-24-01,PAI-00235,Milestone 24-1,2026-03-10,,DELAYED,0
MS-00235-24-02,PAI-00235,Milestone 24-2,2026-03-12,2026-03-12,COMPLETED,0
MS-00236-04-01,PAI-00236,Milestone 4-1,2024-06-17,2024-06-17,COMPLETED,0
MS-00236-08-01,PAI-00236,Milestone 8-1,2024-09-24,2024-10-21,COMPLETED,27
MS-00236-08-02,PAI-00236,Milestone 8-2,2024-10-31,2024-10-31,COMPLETED,0
MS-00236-12-01,PAI-00236,Milestone 12-1,2025-01-16,2025-01-16,COMPLETED,0
MS-00236-12-02,PAI-00236,Milestone 12-2,2025-01-19,2025-01-19,COMPLETED,0
MS-00236-16-01,PAI-00236,Milestone 16-1,2025-06-10,2025-06-10,COMPLETED,0
MS-00236-20-01,PAI-00236,Milestone 20-1,2025-10-21,,DELAYED,0
MS-00236-24-01,PAI-00236,Milestone 24-1,2026-03-05,2026-03-05,COMPLETED,0
MS-00236-24-02,PAI-00236,Milestone 24-2,2026-02-28,2026-03-30,COMPLETED,30
MS-00237-04-01,PAI-00237,Milestone 4-1,2024-06-21,2024-06-21,COMPLETED,0
MS-00237-08-01,PAI-00237,Milestone 8-1,2024-09-19,2024-09-19,COMPLETED,0
MS-00237-12-01,PAI-00237,Milestone 12-1,2025-03-04,2025-03-06,COMPLETED,2
MS-00237-16-01,PAI-00237,Milestone 16-1,2025-06-18,2025-06-19,COMPLETED,1
MS-00237-16-02,PAI-00237,Milestone 16-2,2025-06-23,2025-06-23,COMPLETED,0
MS-00237-20-01,PAI-00237,Milestone 20-1,2025-10-03,2025-10-03,COMPLETED,0
MS-00237-24-01,PAI-00237,Milestone 24-1,2026-02-26,2026-03-05,COMPLETED,7
MS-00237-24-02,PAI-00237,Milestone 24-2,2026-01-20,,DELAYED,0
MS-00238-04-01,PAI-00238,Milestone 4-1,2024-05-10,2024-05-18,COMPLETED,8
MS-00238-08-01,PAI-00238,Milestone 8-1,2024-11-14,2024-11-15,COMPLETED,1
MS-00238-12-01,PAI-00238,Milestone 12-1,2025-03-04,,DELAYED,0
MS-00238-16-01,PAI-00238,Milestone 16-1,2025-06-02,,DELAYED,0
MS-00238-20-01,PAI-00238,Milestone 20-1,2025-10-16,2025-10-16,COMPLETED,0
MS-00238-20-02,PAI-00238,Milestone 20-2,2025-10-13,2025-11-24,COMPLETED,42
MS-00238-24-01,PAI-00238,Milestone 24-1,2026-01-11,,DELAYED,0
MS-00238-24-02,PAI-00238,Milestone 24-2,2026-02-14,2026-02-14,COMPLETED,0
MS-00239-04-01,PAI-00239,Milestone 4-1,2024-06-11,2024-06-12,COMPLETED,1
MS-00239-04-02,PAI-00239,Milestone 4-2,2024-06-22,,DELAYED,0
MS-00239-08-01,PAI-00239,Milestone 8-1,2024-09-27,2024-09-27,COMPLETED,0
MS-00239-12-01,PAI-00239,Milestone 12-1,2025-01-28,2025-03-13,COMPLETED,44
MS-00239-16-01,PAI-00239,Milestone 16-1,2025-07-08,2025-07-26,COMPLETED,18
MS-00239-20-01,PAI-00239,Milestone 20-1,2025-10-01,2025-11-23,COMPLETED,53
MS-00239-20-02,PAI-00239,Milestone 20-2,2025-10-01,2025-10-18,COMPLETED,17
MS-00239-24-01,PAI-00239,Milestone 24-1,2026-02-25,2026-04-19,COMPLETED,53
MS-00240-04-01,PAI-00240,Milestone 4-1,2024-05-15,2024-06-19,COMPLETED,35
MS-00240-08-01,PAI-00240,Milestone 8-1,2024-09-14,2024-10-24,COMPLETED,40
MS-00240-12-01,PAI-00240,Milestone 12-1,2025-02-25,2025-03-29,COMPLETED,32
MS-00240-12-02,PAI-00240,Milestone 12-2,2025-02-21,2025-04-11,COMPLETED,49
MS-00240-16-01,PAI-00240,Milestone 16-1,2025-06-01,2025-06-06,COMPLETED,5
MS-00240-20-01,PAI-00240,Milestone 20-1,2025-10-13,2025-11-02,COMPLETED,20
MS-00240-24-01,PAI-00240,Milestone 24-1,2026-02-14,,DELAYED,0
MS-00241-04-01,PAI-00241,Milestone 4-1,2024-07-10,,DELAYED,0
MS-00241-04-02,PAI-00241,Milestone 4-2,2024-06-02,,DELAYED,0
MS-00241-08-01,PAI-00241,Milestone 8-1,2024-09-29,2024-09-29,COMPLETED,0
MS-00241-08-02,PAI-00241,Milestone 8-2,2024-09-29,2024-10-04,COMPLETED,5
MS-00241-12-01,PAI-00241,Milestone 12-1,2025-03-05,,DELAYED,0
MS-00241-16-01,PAI-00241,Milestone 16-1,2025-05-15,2025-06-07,COMPLETED,23
MS-00241-16-02,PAI-00241,Milestone 16-2,2025-07-01,2025-07-01,COMPLETED,0
MS-00241-20-01,PAI-00241,Milestone 20-1,2025-10-14,2025-11-13,COMPLETED,30
MS-00241-24-01,PAI-00241,Milestone 24-1,2026-01-30,2026-03-13,COMPLETED,42
MS-00241-24-02,PAI-00241,Milestone 24-2,2026-01-17,,DELAYED,0
MS-00242-04-01,PAI-00242,Milestone 4-1,2024-05-16,2024-05-16,COMPLETED,0
MS-00242-04-02,PAI-00242,Milestone 4-2,2024-05-15,2024-05-15,COMPLETED,0
MS-00242-08-01,PAI-00242,Milestone 8-1,2024-10-14,2024-11-09,COMPLETED,26
MS-00242-08-02,PAI-00242,Milestone 8-2,2024-09-19,2024-09-19,COMPLETED,0
MS-00242-12-01,PAI-00242,Milestone 12-1,2025-02-08,2025-02-08,COMPLETED,0
MS-00242-16-01,PAI-00242,Milestone 16-1,2025-06-29,2025-07-07,COMPLETED,8
MS-00242-16-02,PAI-00242,Milestone 16-2,2025-07-07,2025-07-07,COMPLETED,0
MS-00242-20-01,PAI-00242,Milestone 20-1,2025-11-14,2025-12-22,COMPLETED,38
MS-00242-24-01,PAI-00242,Milestone 24-1,2026-02-23,2026-03-02,COMPLETED,7
MS-00243-04-01,PAI-00243,Milestone 4-1,2024-07-09,,DELAYED,0
MS-00243-08-01,PAI-00243,Milestone 8-1,2024-11-04,,DELAYED,0
MS-00243-12-01,PAI-00243,Milestone 12-1,2025-02-25,2025-02-25,COMPLETED,0
MS-00243-12-02,PAI-00243,Milestone 12-2,2025-01-22,2025-01-26,COMPLETED,4
MS-00243-16-01,PAI-00243,Milestone 16-1,2025-06-16,2025-07-12,COMPLETED,26
MS-00243-16-02,PAI-00243,Milestone 16-2,2025-06-10,2025-06-27,COMPLETED,17
MS-00243-20-01,PAI-00243,Milestone 20-1,2025-10-05,,DELAYED,0
MS-00243-24-01,PAI-00243,Milestone 24-1,2026-03-10,2026-03-31,COMPLETED,21
MS-00243-24-02,PAI-00243,Milestone 24-2,2026-02-11,2026-03-24,COMPLETED,41
MS-00244-04-01,PAI-00244,Milestone 4-1,2024-07-04,2024-07-04,COMPLETED,0
MS-00244-04-02,PAI-00244,Milestone 4-2,2024-05-17,2024-05-21,COMPLETED,4
MS-00244-08-01,PAI-00244,Milestone 8-1,2024-11-06,2024-12-11,COMPLETED,35
MS-00244-08-02,PAI-00244,Milestone 8-2,2024-10-14,,DELAYED,0
MS-00244-12-01,PAI-00244,Milestone 12-1,2025-01-15,2025-01-15,COMPLETED,0
MS-00244-16-01,PAI-00244,Milestone 16-1,2025-07-09,,DELAYED,0
MS-00244-16-02,PAI-00244,Milestone 16-2,2025-06-13,,DELAYED,0
MS-00244-20-01,PAI-00244,Milestone 20-1,2025-10-26,2025-11-04,COMPLETED,9
MS-00244-20-02,PAI-00244,Milestone 20-2,2025-09-30,2025-10-20,COMPLETED,20
MS-00244-24-01,PAI-00244,Milestone 24-1,2026-01-30,2026-01-30,COMPLETED,0
MS-00244-24-02,PAI-00244,Milestone 24-2,2026-01-28,2026-02-09,COMPLETED,12
MS-00245-04-01,PAI-00245,Milestone 4-1,2024-06-25,2024-06-25,COMPLETED,0
MS-00245-04-02,PAI-00245,Milestone 4-2,2024-05-17,2024-06-13,COMPLETED,27
MS-00245-08-01,PAI-00245,Milestone 8-1,2024-09-21,,DELAYED,0
MS-00245-12-01,PAI-00245,Milestone 12-1,2025-02-11,2025-02-11,COMPLETED,0
MS-00245-16-01,PAI-00245,Milestone 16-1,2025-05-20,2025-05-20,COMPLETED,0
MS-00245-16-02,PAI-00245,Milestone 16-2,2025-07-18,2025-08-04,COMPLETED,17
MS-00245-20-01,PAI-00245,Milestone 20-1,2025-11-10,2025-11-28,COMPLETED,18
MS-00245-20-02,PAI-00245,Milestone 20-2,2025-11-03,2025-11-04,COMPLETED,1
MS-00245-24-01,PAI-00245,Milestone 24-1,2026-02-14,2026-02-18,COMPLETED,4
MS-00245-24-02,PAI-00245,Milestone 24-2,2026-03-20,2026-04-27,COMPLETED,38
MS-00246-04-01,PAI-00246,Milestone 4-1,2024-05-15,,DELAYED,0
MS-00246-08-01,PAI-00246,Milestone 8-1,2024-10-12,2024-10-26,COMPLETED,14
MS-00246-12-01,PAI-00246,Milestone 12-1,2025-01-18,2025-01-24,COMPLETED,6
MS-00246-12-02,PAI-00246,Milestone 12-2,2025-03-01,,DELAYED,0
MS-00246-16-01,PAI-00246,Milestone 16-1,2025-05-15,2025-05-15,COMPLETED,0
MS-00246-16-02,PAI-00246,Milestone 16-2,2025-06-12,2025-06-12,COMPLETED,0
MS-00246-20-01,PAI-00246,Milestone 20-1,2025-09-23,2025-10-16,COMPLETED,23
MS-00246-20-02,PAI-00246,Milestone 20-2,2025-09-20,2025-09-20,COMPLETED,0
MS-00246-24-01,PAI-00246,Milestone 24-1,2026-02-05,2026-02-05,COMPLETED,0
MS-00246-24-02,PAI-00246,Milestone 24-2,2026-01-14,2026-01-22,COMPLETED,8
MS-00247-04-01,PAI-00247,Milestone 4-1,2024-06-10,2024-06-14,COMPLETED,4
MS-00247-08-01,PAI-00247,Milestone 8-1,2024-09-13,2024-10-23,COMPLETED,40
MS-00247-12-01,PAI-00247,Milestone 12-1,2025-02-27,,DELAYED,0
MS-00247-16-01,PAI-00247,Milestone 16-1,2025-07-02,2025-07-14,COMPLETED,12
MS-00247-16-02,PAI-00247,Milestone 16-2,2025-05-14,2025-06-15,COMPLETED,32
MS-00247-20-01,PAI-00247,Milestone 20-1,2025-10-10,,DELAYED,0
MS-00247-24-01,PAI-00247,Milestone 24-1,2026-03-03,2026-03-03,COMPLETED,0
MS-00248-04-01,PAI-00248,Milestone 4-1,2024-07-12,,DELAYED,0
MS-00248-04-02,PAI-00248,Milestone 4-2,2024-06-09,2024-06-21,COMPLETED,12
MS-00248-08-01,PAI-00248,Milestone 8-1,2024-10-23,,DELAYED,0
MS-00248-12-01,PAI-00248,Milestone 12-1,2025-02-03,2025-02-06,COMPLETED,3
MS-00248-12-02,PAI-00248,Milestone 12-2,2025-01-23,2025-02-21,COMPLETED,29
MS-00248-16-01,PAI-00248,Milestone 16-1,2025-05-21,2025-06-18,COMPLETED,28
MS-00248-20-01,PAI-00248,Milestone 20-1,2025-10-17,2025-10-31,COMPLETED,14
MS-00248-20-02,PAI-00248,Milestone 20-2,2025-11-02,2025-11-02,COMPLETED,0
MS-00248-24-01,PAI-00248,Milestone 24-1,2026-01-24,2026-02-26,COMPLETED,33
MS-00249-04-01,PAI-00249,Milestone 4-1,2024-06-30,2024-08-24,COMPLETED,55
MS-00249-04-02,PAI-00249,Milestone 4-2,2024-05-25,2024-05-25,COMPLETED,0
MS-00249-08-01,PAI-00249,Milestone 8-1,2024-10-25,2024-11-21,COMPLETED,27
MS-00249-12-01,PAI-00249,Milestone 12-1,2025-02-17,,DELAYED,0
MS-00249-12-02,PAI-00249,Milestone 12-2,2025-01-17,2025-02-01,COMPLETED,15
MS-00249-16-01,PAI-00249,Milestone 16-1,2025-05-24,2025-05-28,COMPLETED,4
MS-00249-20-01,PAI-00249,Milestone 20-1,2025-09-14,2025-11-01,COMPLETED,48
MS-00249-24-01,PAI-00249,Milestone 24-1,2026-02-21,,DELAYED,0
MS-00249-24-02,PAI-00249,Milestone 24-2,2026-03-03,,DELAYED,0
MS-00250-04-01,PAI-00250,Milestone 4-1,2024-06-03,2024-06-23,COMPLETED,20
MS-00250-04-02,PAI-00250,Milestone 4-2,2024-05-12,2024-05-20,COMPLETED,8
MS-00250-08-01,PAI-00250,Milestone 8-1,2024-11-13,,DELAYED,0
MS-00250-08-02,PAI-00250,Milestone 8-2,2024-10-31,2024-11-16,COMPLETED,16
MS-00250-12-01,PAI-00250,Milestone 12-1,2025-03-05,2025-04-25,COMPLETED,51
MS-00250-16-01,PAI-00250,Milestone 16-1,2025-07-08,,DELAYED,0
MS-00250-20-01,PAI-00250,Milestone 20-1,2025-09-19,2025-11-09,COMPLETED,51
MS-00250-20-02,PAI-00250,Milestone 20-2,2025-09-21,2025-11-06,COMPLETED,46
MS-00250-24-01,PAI-00250,Milestone 24-1,2026-02-19,2026-03-08,COMPLETED,17
MS-00250-24-02,PAI-00250,Milestone 24-2,2026-02-24,2026-02-24,COMPLETED,0
MS-00251-04-01,PAI-00251,Milestone 4-1,2024-06-11,2024-06-29,COMPLETED,18
MS-00251-04-02,PAI-00251,Milestone 4-2,2024-07-07,2024-07-19,COMPLETED,12
MS-00251-08-01,PAI-00251,Milestone 8-1,2024-10-11,,DELAYED,0
MS-00251-08-02,PAI-00251,Milestone 8-2,2024-09-23,,DELAYED,0
MS-00251-12-01,PAI-00251,Milestone 12-1,2025-02-23,2025-02-23,COMPLETED,0
MS-00251-12-02,PAI-00251,Milestone 12-2,2025-01-20,2025-01-30,COMPLETED,10
MS-00251-16-01,PAI-00251,Milestone 16-1,2025-05-16,2025-05-16,COMPLETED,0
MS-00251-16-02,PAI-00251,Milestone 16-2,2025-05-25,2025-05-25,COMPLETED,0
MS-00251-20-01,PAI-00251,Milestone 20-1,2025-09-10,2025-09-10,COMPLETED,0
MS-00251-20-02,PAI-00251,Milestone 20-2,2025-10-06,2025-10-29,COMPLETED,23
MS-00251-24-01,PAI-00251,Milestone 24-1,2026-01-16,2026-01-25,COMPLETED,9
MS-00251-24-02,PAI-00251,Milestone 24-2,2026-02-13,2026-02-17,COMPLETED,4
MS-00252-04-01,PAI-00252,Milestone 4-1,2024-06-23,2024-07-08,COMPLETED,15
MS-00252-04-02,PAI-00252,Milestone 4-2,2024-05-26,,DELAYED,0
MS-00252-08-01,PAI-00252,Milestone 8-1,2024-11-05,2024-12-03,COMPLETED,28
MS-00252-12-01,PAI-00252,Milestone 12-1,2025-01-30,2025-03-12,COMPLETED,41
MS-00252-16-01,PAI-00252,Milestone 16-1,2025-06-15,,DELAYED,0
MS-00252-16-02,PAI-00252,Milestone 16-2,2025-06-25,2025-08-11,COMPLETED,47
MS-00252-20-01,PAI-00252,Milestone 20-1,2025-10-19,2025-10-20,COMPLETED,1
MS-00252-24-01,PAI-00252,Milestone 24-1,2026-02-05,2026-02-05,COMPLETED,0
MS-00253-04-01,PAI-00253,Milestone 4-1,2024-05-29,,DELAYED,0
MS-00253-04-02,PAI-00253,Milestone 4-2,2024-06-26,2024-08-28,COMPLETED,63
MS-00253-08-01,PAI-00253,Milestone 8-1,2024-10-26,,DELAYED,0
MS-00253-08-02,PAI-00253,Milestone 8-2,2024-09-17,2024-11-03,COMPLETED,47
MS-00253-12-01,PAI-00253,Milestone 12-1,2025-03-02,2025-03-21,COMPLETED,19
MS-00253-16-01,PAI-00253,Milestone 16-1,2025-06-07,2025-07-26,COMPLETED,49
MS-00253-16-02,PAI-00253,Milestone 16-2,2025-05-18,2025-07-12,COMPLETED,55
MS-00253-20-01,PAI-00253,Milestone 20-1,2025-09-11,,DELAYED,0
MS-00253-24-01,PAI-00253,Milestone 24-1,2026-01-13,2026-02-18,COMPLETED,36
MS-00254-04-01,PAI-00254,Milestone 4-1,2024-05-23,2024-05-23,COMPLETED,0
MS-00254-04-02,PAI-00254,Milestone 4-2,2024-07-15,,DELAYED,0
MS-00254-08-01,PAI-00254,Milestone 8-1,2024-11-15,2024-12-06,COMPLETED,21
MS-00254-12-01,PAI-00254,Milestone 12-1,2025-01-31,2025-01-31,COMPLETED,0
MS-00254-16-01,PAI-00254,Milestone 16-1,2025-07-10,2025-07-10,COMPLETED,0
MS-00254-16-02,PAI-00254,Milestone 16-2,2025-07-05,,DELAYED,0
MS-00254-20-01,PAI-00254,Milestone 20-1,2025-11-01,2025-11-01,COMPLETED,0
MS-00254-20-02,PAI-00254,Milestone 20-2,2025-10-27,,DELAYED,0
MS-00254-24-01,PAI-00254,Milestone 24-1,2026-03-01,2026-03-01,COMPLETED,0
MS-00255-04-01,PAI-00255,Milestone 4-1,2024-06-24,2024-06-24,COMPLETED,0
MS-00255-08-01,PAI-00255,Milestone 8-1,2024-09-20,,DELAYED,0
MS-00255-08-02,PAI-00255,Milestone 8-2,2024-10-13,2024-11-13,COMPLETED,31
MS-00255-12-01,PAI-00255,Milestone 12-1,2025-01-18,,DELAYED,0
MS-00255-16-01,PAI-00255,Milestone 16-1,2025-05-24,2025-06-20,COMPLETED,27
MS-00255-20-01,PAI-00255,Milestone 20-1,2025-11-01,,DELAYED,0
MS-00255-20-02,PAI-00255,Milestone 20-2,2025-11-12,2025-12-23,COMPLETED,41
MS-00255-24-01,PAI-00255,Milestone 24-1,2026-02-08,,DELAYED,0
MS-00255-24-02,PAI-00255,Milestone 24-2,2026-02-26,,DELAYED,0
MS-00256-04-01,PAI-00256,Milestone 4-1,2024-06-02,,DELAYED,0
MS-00256-04-02,PAI-00256,Milestone 4-2,2024-07-16,2024-08-15,COMPLETED,30
MS-00256-08-01,PAI-00256,Milestone 8-1,2024-09-25,2024-10-28,COMPLETED,33
MS-00256-08-02,PAI-00256,Milestone 8-2,2024-10-10,,DELAYED,0
MS-00256-12-01,PAI-00256,Milestone 12-1,2025-02-10,2025-03-20,COMPLETED,38
MS-00256-12-02,PAI-00256,Milestone 12-2,2025-02-15,2025-03-26,COMPLETED,39
MS-00256-16-01,PAI-00256,Milestone 16-1,2025-06-13,,DELAYED,0
MS-00256-16-02,PAI-00256,Milestone 16-2,2025-07-04,2025-08-02,COMPLETED,29
MS-00256-20-01,PAI-00256,Milestone 20-1,2025-10-31,2026-01-11,COMPLETED,72
MS-00256-20-02,PAI-00256,Milestone 20-2,2025-10-15,,DELAYED,0
MS-00256-24-01,PAI-00256,Milestone 24-1,2026-02-12,2026-03-23,COMPLETED,39
MS-00257-04-01,PAI-00257,Milestone 4-1,2024-07-04,2024-07-04,COMPLETED,0
MS-00257-08-01,PAI-00257,Milestone 8-1,2024-10-23,2024-10-23,COMPLETED,0
MS-00257-08-02,PAI-00257,Milestone 8-2,2024-10-02,2024-10-29,COMPLETED,27
MS-00257-12-01,PAI-00257,Milestone 12-1,2025-01-16,2025-02-26,COMPLETED,41
MS-00257-12-02,PAI-00257,Milestone 12-2,2025-02-25,2025-03-10,COMPLETED,13
MS-00257-16-01,PAI-00257,Milestone 16-1,2025-05-26,2025-06-19,COMPLETED,24
MS-00257-20-01,PAI-00257,Milestone 20-1,2025-09-23,,DELAYED,0
MS-00257-20-02,PAI-00257,Milestone 20-2,2025-11-17,2025-11-17,COMPLETED,0
MS-00257-24-01,PAI-00257,Milestone 24-1,2026-01-10,2026-01-10,COMPLETED,0
MS-00258-04-01,PAI-00258,Milestone 4-1,2024-06-13,2024-06-13,COMPLETED,0
MS-00258-04-02,PAI-00258,Milestone 4-2,2024-06-09,2024-06-14,COMPLETED,5
MS-00258-08-01,PAI-00258,Milestone 8-1,2024-10-30,2024-11-15,COMPLETED,16
MS-00258-12-01,PAI-00258,Milestone 12-1,2025-02-08,2025-02-15,COMPLETED,7
MS-00258-16-01,PAI-00258,Milestone 16-1,2025-07-11,2025-07-11,COMPLETED,0
MS-00258-20-01,PAI-00258,Milestone 20-1,2025-11-08,,DELAYED,0
MS-00258-20-02,PAI-00258,Milestone 20-2,2025-09-11,2025-09-20,COMPLETED,9
MS-00258-24-01,PAI-00258,Milestone 24-1,2026-02-24,,DELAYED,0
MS-00258-24-02,PAI-00258,Milestone 24-2,2026-02-22,2026-02-26,COMPLETED,4
MS-00259-04-01,PAI-00259,Milestone 4-1,2024-07-16,2024-08-10,COMPLETED,25
MS-00259-04-02,PAI-00259,Milestone 4-2,2024-07-05,2024-07-08,COMPLETED,3
MS-00259-08-01,PAI-00259,Milestone 8-1,2024-09-20,2024-10-06,COMPLETED,16
MS-00259-12-01,PAI-00259,Milestone 12-1,2025-01-15,2025-01-15,COMPLETED,0
MS-00259-16-01,PAI-00259,Milestone 16-1,2025-07-08,2025-08-03,COMPLETED,26
MS-00259-20-01,PAI-00259,Milestone 20-1,2025-09-14,2025-09-17,COMPLETED,3
MS-00259-24-01,PAI-00259,Milestone 24-1,2026-02-06,2026-03-22,COMPLETED,44
MS-00260-04-01,PAI-00260,Milestone 4-1,2024-06-24,2024-07-04,COMPLETED,10
MS-00260-04-02,PAI-00260,Milestone 4-2,2024-07-18,2024-09-01,COMPLETED,45
MS-00260-08-01,PAI-00260,Milestone 8-1,2024-10-16,,DELAYED,0
MS-00260-12-01,PAI-00260,Milestone 12-1,2025-01-18,,DELAYED,0
MS-00260-16-01,PAI-00260,Milestone 16-1,2025-06-03,,DELAYED,0
MS-00260-20-01,PAI-00260,Milestone 20-1,2025-10-24,,DELAYED,0
MS-00260-20-02,PAI-00260,Milestone 20-2,2025-10-24,,DELAYED,0
MS-00260-24-01,PAI-00260,Milestone 24-1,2026-01-16,,DELAYED,0
MS-00261-04-01,PAI-00261,Milestone 4-1,2024-06-28,2024-08-12,COMPLETED,45
MS-00261-04-02,PAI-00261,Milestone 4-2,2024-05-23,2024-06-02,COMPLETED,10
MS-00261-08-01,PAI-00261,Milestone 8-1,2024-09-17,2024-09-17,COMPLETED,0
MS-00261-12-01,PAI-00261,Milestone 12-1,2025-02-14,,DELAYED,0
MS-00261-12-02,PAI-00261,Milestone 12-2,2025-03-11,2025-03-11,COMPLETED,0
MS-00261-16-01,PAI-00261,Milestone 16-1,2025-06-18,2025-07-15,COMPLETED,27
MS-00261-20-01,PAI-00261,Milestone 20-1,2025-09-13,2025-09-27,COMPLETED,14
MS-00261-24-01,PAI-00261,Milestone 24-1,2026-03-12,2026-04-23,COMPLETED,42
MS-00262-04-01,PAI-00262,Milestone 4-1,2024-06-15,,DELAYED,0
MS-00262-08-01,PAI-00262,Milestone 8-1,2024-11-11,2024-11-11,COMPLETED,0
MS-00262-08-02,PAI-00262,Milestone 8-2,2024-11-12,2024-12-29,COMPLETED,47
MS-00262-12-01,PAI-00262,Milestone 12-1,2025-02-25,2025-02-25,COMPLETED,0
MS-00262-16-01,PAI-00262,Milestone 16-1,2025-05-30,2025-06-18,COMPLETED,19
MS-00262-20-01,PAI-00262,Milestone 20-1,2025-09-19,2025-10-03,COMPLETED,14
MS-00262-24-01,PAI-00262,Milestone 24-1,2026-03-03,2026-03-03,COMPLETED,0
MS-00263-04-01,PAI-00263,Milestone 4-1,2024-06-17,2024-06-17,COMPLETED,0
MS-00263-08-01,PAI-00263,Milestone 8-1,2024-09-26,2024-09-28,COMPLETED,2
MS-00263-12-01,PAI-00263,Milestone 12-1,2025-02-12,2025-03-03,COMPLETED,19
MS-00263-12-02,PAI-00263,Milestone 12-2,2025-01-27,,DELAYED,0
MS-00263-16-01,PAI-00263,Milestone 16-1,2025-07-04,,DELAYED,0
MS-00263-16-02,PAI-00263,Milestone 16-2,2025-06-04,,DELAYED,0
MS-00263-20-01,PAI-00263,Milestone 20-1,2025-11-15,2025-11-23,COMPLETED,8
MS-00263-24-01,PAI-00263,Milestone 24-1,2026-01-25,2026-02-16,COMPLETED,22
MS-00264-04-01,PAI-00264,Milestone 4-1,2024-06-03,2024-06-03,COMPLETED,0
MS-00264-08-01,PAI-00264,Milestone 8-1,2024-09-13,2024-09-14,COMPLETED,1
MS-00264-08-02,PAI-00264,Milestone 8-2,2024-09-13,2024-09-13,COMPLETED,0
MS-00264-12-01,PAI-00264,Milestone 12-1,2025-03-13,2025-04-29,COMPLETED,47
MS-00264-12-02,PAI-00264,Milestone 12-2,2025-01-11,,DELAYED,0
MS-00264-16-01,PAI-00264,Milestone 16-1,2025-07-16,2025-08-07,COMPLETED,22
MS-00264-20-01,PAI-00264,Milestone 20-1,2025-09-18,2025-09-30,COMPLETED,12
MS-00264-20-02,PAI-00264,Milestone 20-2,2025-09-19,2025-09-19,COMPLETED,0
MS-00264-24-01,PAI-00264,Milestone 24-1,2026-02-18,2026-02-18,COMPLETED,0
MS-00265-04-01,PAI-00265,Milestone 4-1,2024-06-25,2024-06-27,COMPLETED,2
MS-00265-08-01,PAI-00265,Milestone 8-1,2024-11-04,2024-11-08,COMPLETED,4
MS-00265-08-02,PAI-00265,Milestone 8-2,2024-09-24,2024-10-17,COMPLETED,23
MS-00265-12-01,PAI-00265,Milestone 12-1,2025-02-26,,DELAYED,0
MS-00265-16-01,PAI-00265,Milestone 16-1,2025-06-05,,DELAYED,0
MS-00265-20-01,PAI-00265,Milestone 20-1,2025-10-25,2025-11-14,COMPLETED,20
MS-00265-20-02,PAI-00265,Milestone 20-2,2025-11-09,2025-11-27,COMPLETED,18
MS-00265-24-01,PAI-00265,Milestone 24-1,2026-02-08,2026-02-08,COMPLETED,0
MS-00266-04-01,PAI-00266,Milestone 4-1,2024-07-03,2024-07-16,COMPLETED,13
MS-00266-04-02,PAI-00266,Milestone 4-2,2024-07-10,2024-08-20,COMPLETED,41
MS-00266-08-01,PAI-00266,Milestone 8-1,2024-11-03,2024-11-25,COMPLETED,22
MS-00266-12-01,PAI-00266,Milestone 12-1,2025-02-27,,DELAYED,0
MS-00266-12-02,PAI-00266,Milestone 12-2,2025-03-13,2025-03-13,COMPLETED,0
MS-00266-16-01,PAI-00266,Milestone 16-1,2025-06-30,2025-08-08,COMPLETED,39
MS-00266-16-02,PAI-00266,Milestone 16-2,2025-06-17,,DELAYED,0
MS-00266-20-01,PAI-00266,Milestone 20-1,2025-11-03,2025-12-15,COMPLETED,42
MS-00266-20-02,PAI-00266,Milestone 20-2,2025-10-04,2025-11-03,COMPLETED,30
MS-00266-24-01,PAI-00266,Milestone 24-1,2026-03-12,,DELAYED,0
MS-00267-04-01,PAI-00267,Milestone 4-1,2024-05-27,2024-06-05,COMPLETED,9
MS-00267-08-01,PAI-00267,Milestone 8-1,2024-09-13,2024-10-04,COMPLETED,21
MS-00267-08-02,PAI-00267,Milestone 8-2,2024-09-13,2024-09-19,COMPLETED,6
MS-00267-12-01,PAI-00267,Milestone 12-1,2025-02-16,2025-02-16,COMPLETED,0
MS-00267-16-01,PAI-00267,Milestone 16-1,2025-05-29,2025-06-04,COMPLETED,6
MS-00267-16-02,PAI-00267,Milestone 16-2,2025-06-11,2025-06-11,COMPLETED,0
MS-00267-20-01,PAI-00267,Milestone 20-1,2025-09-14,,DELAYED,0
MS-00267-20-02,PAI-00267,Milestone 20-2,2025-09-28,,DELAYED,0
MS-00267-24-01,PAI-00267,Milestone 24-1,2026-01-21,2026-01-21,COMPLETED,0
MS-00268-04-01,PAI-00268,Milestone 4-1,2024-06-29,2024-07-01,COMPLETED,2
MS-00268-04-02,PAI-00268,Milestone 4-2,2024-06-26,2024-07-07,COMPLETED,11
MS-00268-08-01,PAI-00268,Milestone 8-1,2024-09-29,2024-10-05,COMPLETED,6
MS-00268-12-01,PAI-00268,Milestone 12-1,2025-01-31,2025-01-31,COMPLETED,0
MS-00268-16-01,PAI-00268,Milestone 16-1,2025-07-09,2025-07-18,COMPLETED,9
MS-00268-16-02,PAI-00268,Milestone 16-2,2025-06-19,2025-07-10,COMPLETED,21
MS-00268-20-01,PAI-00268,Milestone 20-1,2025-10-24,2025-11-06,COMPLETED,13
MS-00268-20-02,PAI-00268,Milestone 20-2,2025-10-25,2025-10-25,COMPLETED,0
MS-00268-24-01,PAI-00268,Milestone 24-1,2026-03-17,2026-03-24,COMPLETED,7
MS-00269-04-01,PAI-00269,Milestone 4-1,2024-06-16,2024-06-22,COMPLETED,6
MS-00269-08-01,PAI-00269,Milestone 8-1,2024-10-12,2024-10-29,COMPLETED,17
MS-00269-12-01,PAI-00269,Milestone 12-1,2025-01-22,2025-01-22,COMPLETED,0
MS-00269-12-02,PAI-00269,Milestone 12-2,2025-02-13,2025-03-09,COMPLETED,24
MS-00269-16-01,PAI-00269,Milestone 16-1,2025-05-31,2025-06-26,COMPLETED,26
MS-00269-16-02,PAI-00269,Milestone 16-2,2025-05-15,2025-05-15,COMPLETED,0
MS-00269-20-01,PAI-00269,Milestone 20-1,2025-11-13,2025-12-11,COMPLETED,28
MS-00269-24-01,PAI-00269,Milestone 24-1,2026-01-14,2026-01-14,COMPLETED,0
MS-00269-24-02,PAI-00269,Milestone 24-2,2026-02-09,2026-02-17,COMPLETED,8
MS-00270-04-01,PAI-00270,Milestone 4-1,2024-05-25,2024-05-25,COMPLETED,0
MS-00270-08-01,PAI-00270,Milestone 8-1,2024-10-07,2024-10-07,COMPLETED,0
MS-00270-08-02,PAI-00270,Milestone 8-2,2024-11-01,2024-12-13,COMPLETED,42
MS-00270-12-01,PAI-00270,Milestone 12-1,2025-02-04,2025-03-16,COMPLETED,40
MS-00270-16-01,PAI-00270,Milestone 16-1,2025-05-23,2025-05-26,COMPLETED,3
MS-00270-16-02,PAI-00270,Milestone 16-2,2025-07-06,2025-07-17,COMPLETED,11
MS-00270-20-01,PAI-00270,Milestone 20-1,2025-09-11,,DELAYED,0
MS-00270-24-01,PAI-00270,Milestone 24-1,2026-03-17,2026-04-07,COMPLETED,21
MS-00270-24-02,PAI-00270,Milestone 24-2,2026-02-02,2026-03-21,COMPLETED,47
MS-00271-04-01,PAI-00271,Milestone 4-1,2024-07-17,2024-07-19,COMPLETED,2
MS-00271-08-01,PAI-00271,Milestone 8-1,2024-10-04,2024-10-04,COMPLETED,0
MS-00271-12-01,PAI-00271,Milestone 12-1,2025-01-12,2025-01-12,COMPLETED,0
MS-00271-16-01,PAI-00271,Milestone 16-1,2025-07-03,2025-07-03,COMPLETED,0
MS-00271-20-01,PAI-00271,Milestone 20-1,2025-10-23,2025-11-13,COMPLETED,21
MS-00271-20-02,PAI-00271,Milestone 20-2,2025-09-12,2025-09-30,COMPLETED,18
MS-00271-24-01,PAI-00271,Milestone 24-1,2026-03-03,2026-04-20,COMPLETED,48
MS-00271-24-02,PAI-00271,Milestone 24-2,2026-01-22,2026-02-23,COMPLETED,32
MS-00272-04-01,PAI-00272,Milestone 4-1,2024-06-29,2024-08-05,COMPLETED,37
MS-00272-04-02,PAI-00272,Milestone 4-2,2024-05-10,2024-08-24,COMPLETED,106
MS-00272-08-01,PAI-00272,Milestone 8-1,2024-11-05,2024-11-13,COMPLETED,8
MS-00272-12-01,PAI-00272,Milestone 12-1,2025-03-14,,DELAYED,0
MS-00272-16-01,PAI-00272,Milestone 16-1,2025-06-09,2025-07-26,COMPLETED,47
MS-00272-20-01,PAI-00272,Milestone 20-1,2025-11-07,2025-12-09,COMPLETED,32
MS-00272-24-01,PAI-00272,Milestone 24-1,2026-03-09,2026-05-10,COMPLETED,62
MS-00273-04-01,PAI-00273,Milestone 4-1,2024-05-20,,DELAYED,0
MS-00273-04-02,PAI-00273,Milestone 4-2,2024-07-14,,DELAYED,0
MS-00273-08-01,PAI-00273,Milestone 8-1,2024-10-16,,DELAYED,0
MS-00273-12-01,PAI-00273,Milestone 12-1,2025-01-10,,DELAYED,0
MS-00273-16-01,PAI-00273,Milestone 16-1,2025-06-18,2025-07-12,COMPLETED,24
MS-00273-20-01,PAI-00273,Milestone 20-1,2025-09-19,,DELAYED,0
MS-00273-24-01,PAI-00273,Milestone 24-1,2026-02-07,2026-03-27,COMPLETED,48
MS-00273-24-02,PAI-00273,Milestone 24-2,2026-03-18,,DELAYED,0
MS-00274-04-01,PAI-00274,Milestone 4-1,2024-06-12,2024-07-16,COMPLETED,34
MS-00274-04-02,PAI-00274,Milestone 4-2,2024-05-14,2024-05-15,COMPLETED,1
MS-00274-08-01,PAI-00274,Milestone 8-1,2024-10-08,2024-10-21,COMPLETED,13
MS-00274-12-01,PAI-00274,Milestone 12-1,2025-01-16,,DELAYED,0
MS-00274-16-01,PAI-00274,Milestone 16-1,2025-05-13,,DELAYED,0
MS-00274-16-02,PAI-00274,Milestone 16-2,2025-06-11,2025-06-11,COMPLETED,0
MS-00274-20-01,PAI-00274,Milestone 20-1,2025-11-02,2025-12-23,COMPLETED,51
MS-00274-20-02,PAI-00274,Milestone 20-2,2025-09-12,2025-09-25,COMPLETED,13
MS-00274-24-01,PAI-00274,Milestone 24-1,2026-02-17,,DELAYED,0
MS-00275-04-01,PAI-00275,Milestone 4-1,2024-06-05,,DELAYED,0
MS-00275-04-02,PAI-00275,Milestone 4-2,2024-07-09,,DELAYED,0
MS-00275-08-01,PAI-00275,Milestone 8-1,2024-09-25,2024-09-25,COMPLETED,0
MS-00275-12-01,PAI-00275,Milestone 12-1,2025-01-19,2025-01-26,COMPLETED,7
MS-00275-16-01,PAI-00275,Milestone 16-1,2025-06-05,2025-06-05,COMPLETED,0
MS-00275-20-01,PAI-00275,Milestone 20-1,2025-10-11,,DELAYED,0
MS-00275-20-02,PAI-00275,Milestone 20-2,2025-11-01,,DELAYED,0
MS-00275-24-01,PAI-00275,Milestone 24-1,2026-03-01,2026-03-03,COMPLETED,2
MS-00276-04-01,PAI-00276,Milestone 4-1,2024-05-31,2024-06-09,COMPLETED,9
MS-00276-08-01,PAI-00276,Milestone 8-1,2024-10-02,2024-10-02,COMPLETED,0
MS-00276-08-02,PAI-00276,Milestone 8-2,2024-11-14,,DELAYED,0
MS-00276-12-01,PAI-00276,Milestone 12-1,2025-01-12,,DELAYED,0
MS-00276-12-02,PAI-00276,Milestone 12-2,2025-03-19,,DELAYED,0
MS-00276-16-01,PAI-00276,Milestone 16-1,2025-06-27,2025-06-27,COMPLETED,0
MS-00276-16-02,PAI-00276,Milestone 16-2,2025-06-15,2025-06-15,COMPLETED,0
MS-00276-20-01,PAI-00276,Milestone 20-1,2025-10-28,,DELAYED,0
MS-00276-20-02,PAI-00276,Milestone 20-2,2025-10-20,2025-10-20,COMPLETED,0
MS-00276-24-01,PAI-00276,Milestone 24-1,2026-02-22,2026-03-31,COMPLETED,37
MS-00276-24-02,PAI-00276,Milestone 24-2,2026-01-19,2026-01-19,COMPLETED,0
MS-00277-04-01,PAI-00277,Milestone 4-1,2024-07-13,2024-07-13,COMPLETED,0
MS-00277-04-02,PAI-00277,Milestone 4-2,2024-05-17,2024-05-25,COMPLETED,8
MS-00277-08-01,PAI-00277,Milestone 8-1,2024-11-08,2024-11-08,COMPLETED,0
MS-00277-08-02,PAI-00277,Milestone 8-2,2024-10-16,2024-10-16,COMPLETED,0
MS-00277-12-01,PAI-00277,Milestone 12-1,2025-03-05,2025-03-10,COMPLETED,5
MS-00277-16-01,PAI-00277,Milestone 16-1,2025-06-30,2025-07-12,COMPLETED,12
MS-00277-20-01,PAI-00277,Milestone 20-1,2025-11-11,2025-11-11,COMPLETED,0
MS-00277-24-01,PAI-00277,Milestone 24-1,2026-03-09,,DELAYED,0
MS-00277-24-02,PAI-00277,Milestone 24-2,2026-02-03,2026-02-03,COMPLETED,0
MS-00278-04-01,PAI-00278,Milestone 4-1,2024-05-20,,DELAYED,0
MS-00278-08-01,PAI-00278,Milestone 8-1,2024-10-09,2024-11-08,COMPLETED,30
MS-00278-12-01,PAI-00278,Milestone 12-1,2025-01-20,2025-02-01,COMPLETED,12
MS-00278-12-02,PAI-00278,Milestone 12-2,2025-03-01,,DELAYED,0
MS-00278-16-01,PAI-00278,Milestone 16-1,2025-07-13,,DELAYED,0
MS-00278-16-02,PAI-00278,Milestone 16-2,2025-06-23,2025-06-29,COMPLETED,6
MS-00278-20-01,PAI-00278,Milestone 20-1,2025-10-27,2025-11-11,COMPLETED,15
MS-00278-20-02,PAI-00278,Milestone 20-2,2025-10-24,2026-01-01,COMPLETED,69
MS-00278-24-01,PAI-00278,Milestone 24-1,2026-03-08,2026-03-22,COMPLETED,14
MS-00279-04-01,PAI-00279,Milestone 4-1,2024-07-09,2024-07-09,COMPLETED,0
MS-00279-08-01,PAI-00279,Milestone 8-1,2024-09-14,2024-09-14,COMPLETED,0
MS-00279-12-01,PAI-00279,Milestone 12-1,2025-02-09,2025-03-19,COMPLETED,38
MS-00279-16-01,PAI-00279,Milestone 16-1,2025-06-05,2025-06-12,COMPLETED,7
MS-00279-20-01,PAI-00279,Milestone 20-1,2025-11-17,,DELAYED,0
MS-00279-20-02,PAI-00279,Milestone 20-2,2025-10-07,2025-10-17,COMPLETED,10
MS-00279-24-01,PAI-00279,Milestone 24-1,2026-02-03,2026-02-24,COMPLETED,21
MS-00279-24-02,PAI-00279,Milestone 24-2,2026-01-10,2026-01-10,COMPLETED,0
MS-00280-04-01,PAI-00280,Milestone 4-1,2024-07-17,2024-08-16,COMPLETED,30
MS-00280-08-01,PAI-00280,Milestone 8-1,2024-10-18,,DELAYED,0
MS-00280-08-02,PAI-00280,Milestone 8-2,2024-10-21,,DELAYED,0
MS-00280-12-01,PAI-00280,Milestone 12-1,2025-01-17,,DELAYED,0
MS-00280-12-02,PAI-00280,Milestone 12-2,2025-03-16,2025-04-30,COMPLETED,45
MS-00280-16-01,PAI-00280,Milestone 16-1,2025-07-05,2025-08-30,COMPLETED,56
MS-00280-20-01,PAI-00280,Milestone 20-1,2025-11-05,,DELAYED,0
MS-00280-20-02,PAI-00280,Milestone 20-2,2025-10-08,,DELAYED,0
MS-00280-24-01,PAI-00280,Milestone 24-1,2026-03-09,2026-04-02,COMPLETED,24
MS-00280-24-02,PAI-00280,Milestone 24-2,2026-03-07,,DELAYED,0
MS-00281-04-01,PAI-00281,Milestone 4-1,2024-06-03,2024-06-03,COMPLETED,0
MS-00281-04-02,PAI-00281,Milestone 4-2,2024-06-17,2024-06-29,COMPLETED,12
MS-00281-08-01,PAI-00281,Milestone 8-1,2024-09-20,2024-10-20,COMPLETED,30
MS-00281-08-02,PAI-00281,Milestone 8-2,2024-11-17,2024-11-17,COMPLETED,0
MS-00281-12-01,PAI-00281,Milestone 12-1,2025-02-13,,DELAYED,0
MS-00281-12-02,PAI-00281,Milestone 12-2,2025-02-15,2025-02-23,COMPLETED,8
MS-00281-16-01,PAI-00281,Milestone 16-1,2025-06-11,2025-06-11,COMPLETED,0
MS-00281-20-01,PAI-00281,Milestone 20-1,2025-11-03,2025-12-14,COMPLETED,41
MS-00281-24-01,PAI-00281,Milestone 24-1,2026-02-22,2026-02-22,COMPLETED,0
MS-00281-24-02,PAI-00281,Milestone 24-2,2026-03-05,2026-03-05,COMPLETED,0
MS-00282-04-01,PAI-00282,Milestone 4-1,2024-06-22,2024-06-29,COMPLETED,7
MS-00282-04-02,PAI-00282,Milestone 4-2,2024-05-12,2024-05-12,COMPLETED,0
MS-00282-08-01,PAI-00282,Milestone 8-1,2024-10-25,2024-11-26,COMPLETED,32
MS-00282-08-02,PAI-00282,Milestone 8-2,2024-10-15,,DELAYED,0
MS-00282-12-01,PAI-00282,Milestone 12-1,2025-03-02,2025-03-06,COMPLETED,4
MS-00282-16-01,PAI-00282,Milestone 16-1,2025-07-05,2025-07-16,COMPLETED,11
MS-00282-16-02,PAI-00282,Milestone 16-2,2025-07-06,2025-07-06,COMPLETED,0
MS-00282-20-01,PAI-00282,Milestone 20-1,2025-11-12,,DELAYED,0
MS-00282-24-01,PAI-00282,Milestone 24-1,2026-03-17,,DELAYED,0
MS-00282-24-02,PAI-00282,Milestone 24-2,2026-01-19,2026-01-19,COMPLETED,0
MS-00283-04-01,PAI-00283,Milestone 4-1,2024-06-26,2024-06-28,COMPLETED,2
MS-00283-04-02,PAI-00283,Milestone 4-2,2024-06-22,2024-07-22,COMPLETED,30
MS-00283-08-01,PAI-00283,Milestone 8-1,2024-11-16,2025-01-13,COMPLETED,58
MS-00283-08-02,PAI-00283,Milestone 8-2,2024-10-05,2024-10-23,COMPLETED,18
MS-00283-12-01,PAI-00283,Milestone 12-1,2025-03-14,2025-04-16,COMPLETED,33
MS-00283-12-02,PAI-00283,Milestone 12-2,2025-03-02,2025-03-02,COMPLETED,0
MS-00283-16-01,PAI-00283,Milestone 16-1,2025-07-03,2025-07-22,COMPLETED,19
MS-00283-16-02,PAI-00283,Milestone 16-2,2025-05-15,,DELAYED,0
MS-00283-20-01,PAI-00283,Milestone 20-1,2025-11-03,,DELAYED,0
MS-00283-24-01,PAI-00283,Milestone 24-1,2026-03-05,2026-04-06,COMPLETED,32
MS-00283-24-02,PAI-00283,Milestone 24-2,2026-01-16,2026-01-16,COMPLETED,0
MS-00284-04-01,PAI-00284,Milestone 4-1,2024-05-29,2024-07-10,COMPLETED,42
MS-00284-04-02,PAI-00284,Milestone 4-2,2024-05-13,2024-07-21,COMPLETED,69
MS-00284-08-01,PAI-00284,Milestone 8-1,2024-10-19,,DELAYED,0
MS-00284-08-02,PAI-00284,Milestone 8-2,2024-09-26,2024-11-14,COMPLETED,49
MS-00284-12-01,PAI-00284,Milestone 12-1,2025-03-13,,DELAYED,0
MS-00284-16-01,PAI-00284,Milestone 16-1,2025-05-30,2025-07-22,COMPLETED,53
MS-00284-16-02,PAI-00284,Milestone 16-2,2025-06-11,2025-07-06,COMPLETED,25
MS-00284-20-01,PAI-00284,Milestone 20-1,2025-09-26,,DELAYED,0
MS-00284-24-01,PAI-00284,Milestone 24-1,2026-01-31,,DELAYED,0
MS-00284-24-02,PAI-00284,Milestone 24-2,2026-01-21,,DELAYED,0
MS-00285-04-01,PAI-00285,Milestone 4-1,2024-06-19,2024-06-19,COMPLETED,0
MS-00285-08-01,PAI-00285,Milestone 8-1,2024-09-12,,DELAYED,0
MS-00285-12-01,PAI-00285,Milestone 12-1,2025-03-14,2025-03-21,COMPLETED,7
MS-00285-12-02,PAI-00285,Milestone 12-2,2025-01-20,2025-01-20,COMPLETED,0
MS-00285-16-01,PAI-00285,Milestone 16-1,2025-06-30,,DELAYED,0
MS-00285-16-02,PAI-00285,Milestone 16-2,2025-06-12,2025-06-21,COMPLETED,9
MS-00285-20-01,PAI-00285,Milestone 20-1,2025-11-15,,DELAYED,0
MS-00285-20-02,PAI-00285,Milestone 20-2,2025-09-29,,DELAYED,0
MS-00285-24-01,PAI-00285,Milestone 24-1,2026-02-21,2026-02-21,COMPLETED,0
MS-00286-04-01,PAI-00286,Milestone 4-1,2024-06-08,2024-06-12,COMPLETED,4
MS-00286-08-01,PAI-00286,Milestone 8-1,2024-09-27,2024-10-10,COMPLETED,13
MS-00286-12-01,PAI-00286,Milestone 12-1,2025-02-13,2025-03-02,COMPLETED,17
MS-00286-16-01,PAI-00286,Milestone 16-1,2025-05-21,2025-05-26,COMPLETED,5
MS-00286-16-02,PAI-00286,Milestone 16-2,2025-07-17,2025-08-16,COMPLETED,30
MS-00286-20-01,PAI-00286,Milestone 20-1,2025-11-16,2025-11-16,COMPLETED,0
MS-00286-24-01,PAI-00286,Milestone 24-1,2026-02-07,,DELAYED,0
MS-00287-04-01,PAI-00287,Milestone 4-1,2024-05-14,,DELAYED,0
MS-00287-04-02,PAI-00287,Milestone 4-2,2024-05-10,2024-06-01,COMPLETED,22
MS-00287-08-01,PAI-00287,Milestone 8-1,2024-10-19,2024-10-25,COMPLETED,6
MS-00287-08-02,PAI-00287,Milestone 8-2,2024-09-13,2024-09-13,COMPLETED,0
MS-00287-12-01,PAI-00287,Milestone 12-1,2025-02-22,2025-03-14,COMPLETED,20
MS-00287-12-02,PAI-00287,Milestone 12-2,2025-02-05,2025-02-15,COMPLETED,10
MS-00287-16-01,PAI-00287,Milestone 16-1,2025-05-15,2025-06-11,COMPLETED,27
MS-00287-16-02,PAI-00287,Milestone 16-2,2025-05-31,2025-06-01,COMPLETED,1
MS-00287-20-01,PAI-00287,Milestone 20-1,2025-11-03,2025-11-03,COMPLETED,0
MS-00287-20-02,PAI-00287,Milestone 20-2,2025-09-21,,DELAYED,0
MS-00287-24-01,PAI-00287,Milestone 24-1,2026-02-27,2026-02-27,COMPLETED,0
MS-00288-04-01,PAI-00288,Milestone 4-1,2024-06-06,2024-07-27,COMPLETED,51
MS-00288-04-02,PAI-00288,Milestone 4-2,2024-06-30,,DELAYED,0
MS-00288-08-01,PAI-00288,Milestone 8-1,2024-10-27,2024-11-06,COMPLETED,10
MS-00288-12-01,PAI-00288,Milestone 12-1,2025-01-14,2025-01-21,COMPLETED,7
MS-00288-16-01,PAI-00288,Milestone 16-1,2025-07-09,,DELAYED,0
MS-00288-16-02,PAI-00288,Milestone 16-2,2025-05-10,,DELAYED,0
MS-00288-20-01,PAI-00288,Milestone 20-1,2025-10-30,,DELAYED,0
MS-00288-24-01,PAI-00288,Milestone 24-1,2026-03-19,2026-03-19,COMPLETED,0
MS-00288-24-02,PAI-00288,Milestone 24-2,2026-02-19,,DELAYED,0
MS-00289-04-01,PAI-00289,Milestone 4-1,2024-05-14,,DELAYED,0
MS-00289-08-01,PAI-00289,Milestone 8-1,2024-10-25,2024-12-05,COMPLETED,41
MS-00289-12-01,PAI-00289,Milestone 12-1,2025-01-31,,DELAYED,0
MS-00289-16-01,PAI-00289,Milestone 16-1,2025-06-19,2025-06-20,COMPLETED,1
MS-00289-20-01,PAI-00289,Milestone 20-1,2025-11-07,2025-11-30,COMPLETED,23
MS-00289-20-02,PAI-00289,Milestone 20-2,2025-09-22,2025-09-22,COMPLETED,0
MS-00289-24-01,PAI-00289,Milestone 24-1,2026-02-28,2026-02-28,COMPLETED,0
MS-00289-24-02,PAI-00289,Milestone 24-2,2026-03-06,2026-03-06,COMPLETED,0
MS-00290-04-01,PAI-00290,Milestone 4-1,2024-06-07,2024-06-09,COMPLETED,2
MS-00290-08-01,PAI-00290,Milestone 8-1,2024-09-27,2024-09-27,COMPLETED,0
MS-00290-12-01,PAI-00290,Milestone 12-1,2025-02-20,2025-02-20,COMPLETED,0
MS-00290-16-01,PAI-00290,Milestone 16-1,2025-06-03,2025-06-03,COMPLETED,0
MS-00290-20-01,PAI-00290,Milestone 20-1,2025-10-22,2025-11-26,COMPLETED,35
MS-00290-24-01,PAI-00290,Milestone 24-1,2026-03-11,2026-03-11,COMPLETED,0
MS-00290-24-02,PAI-00290,Milestone 24-2,2026-02-16,2026-02-23,COMPLETED,7
MS-00291-04-01,PAI-00291,Milestone 4-1,2024-06-03,2024-06-12,COMPLETED,9
MS-00291-08-01,PAI-00291,Milestone 8-1,2024-11-16,,DELAYED,0
MS-00291-12-01,PAI-00291,Milestone 12-1,2025-01-14,2025-02-02,COMPLETED,19
MS-00291-12-02,PAI-00291,Milestone 12-2,2025-01-28,2025-02-13,COMPLETED,16
MS-00291-16-01,PAI-00291,Milestone 16-1,2025-06-09,,DELAYED,0
MS-00291-20-01,PAI-00291,Milestone 20-1,2025-10-12,2025-10-18,COMPLETED,6
MS-00291-24-01,PAI-00291,Milestone 24-1,2026-01-23,,DELAYED,0
MS-00291-24-02,PAI-00291,Milestone 24-2,2026-01-25,2026-01-25,COMPLETED,0
MS-00292-04-01,PAI-00292,Milestone 4-1,2024-06-14,2024-08-04,COMPLETED,51
MS-00292-08-01,PAI-00292,Milestone 8-1,2024-09-25,2024-10-07,COMPLETED,12
MS-00292-12-01,PAI-00292,Milestone 12-1,2025-02-18,2025-04-27,COMPLETED,68
MS-00292-16-01,PAI-00292,Milestone 16-1,2025-05-25,,DELAYED,0
MS-00292-16-02,PAI-00292,Milestone 16-2,2025-07-01,,DELAYED,0
MS-00292-20-01,PAI-00292,Milestone 20-1,2025-10-30,,DELAYED,0
MS-00292-24-01,PAI-00292,Milestone 24-1,2026-03-16,,DELAYED,0
MS-00293-04-01,PAI-00293,Milestone 4-1,2024-05-14,2024-06-16,COMPLETED,33
MS-00293-08-01,PAI-00293,Milestone 8-1,2024-09-25,2024-10-27,COMPLETED,32
MS-00293-12-01,PAI-00293,Milestone 12-1,2025-03-16,2025-04-09,COMPLETED,24
MS-00293-12-02,PAI-00293,Milestone 12-2,2025-02-14,2025-03-13,COMPLETED,27
MS-00293-16-01,PAI-00293,Milestone 16-1,2025-05-10,,DELAYED,0
MS-00293-16-02,PAI-00293,Milestone 16-2,2025-05-29,2025-07-05,COMPLETED,37
MS-00293-20-01,PAI-00293,Milestone 20-1,2025-10-26,,DELAYED,0
MS-00293-20-02,PAI-00293,Milestone 20-2,2025-10-02,,DELAYED,0
MS-00293-24-01,PAI-00293,Milestone 24-1,2026-01-10,2026-01-30,COMPLETED,20
MS-00294-04-01,PAI-00294,Milestone 4-1,2024-07-03,,DELAYED,0
MS-00294-08-01,PAI-00294,Milestone 8-1,2024-09-28,2024-09-28,COMPLETED,0
MS-00294-12-01,PAI-00294,Milestone 12-1,2025-02-17,2025-03-30,COMPLETED,41
MS-00294-16-01,PAI-00294,Milestone 16-1,2025-06-25,2025-06-29,COMPLETED,4
MS-00294-16-02,PAI-00294,Milestone 16-2,2025-06-07,,DELAYED,0
MS-00294-20-01,PAI-00294,Milestone 20-1,2025-09-28,2025-09-28,COMPLETED,0
MS-00294-24-01,PAI-00294,Milestone 24-1,2026-03-03,2026-03-21,COMPLETED,18
MS-00295-04-01,PAI-00295,Milestone 4-1,2024-07-14,,DELAYED,0
MS-00295-08-01,PAI-00295,Milestone 8-1,2024-09-16,,DELAYED,0
MS-00295-08-02,PAI-00295,Milestone 8-2,2024-09-11,2024-09-11,COMPLETED,0
MS-00295-12-01,PAI-00295,Milestone 12-1,2025-02-10,,DELAYED,0
MS-00295-16-01,PAI-00295,Milestone 16-1,2025-06-03,2025-06-17,COMPLETED,14
MS-00295-16-02,PAI-00295,Milestone 16-2,2025-05-31,2025-06-18,COMPLETED,18
MS-00295-20-01,PAI-00295,Milestone 20-1,2025-10-18,,DELAYED,0
MS-00295-24-01,PAI-00295,Milestone 24-1,2026-02-17,,DELAYED,0
MS-00296-04-01,PAI-00296,Milestone 4-1,2024-06-15,,DELAYED,0
MS-00296-08-01,PAI-00296,Milestone 8-1,2024-09-29,2024-11-07,COMPLETED,39
MS-00296-12-01,PAI-00296,Milestone 12-1,2025-01-16,2025-03-03,COMPLETED,46
MS-00296-12-02,PAI-00296,Milestone 12-2,2025-02-04,,DELAYED,0
MS-00296-16-01,PAI-00296,Milestone 16-1,2025-07-11,2025-07-17,COMPLETED,6
MS-00296-20-01,PAI-00296,Milestone 20-1,2025-10-02,2025-10-20,COMPLETED,18
MS-00296-24-01,PAI-00296,Milestone 24-1,2026-01-10,2026-01-30,COMPLETED,20
MS-00297-04-01,PAI-00297,Milestone 4-1,2024-07-10,,DELAYED,0
MS-00297-08-01,PAI-00297,Milestone 8-1,2024-10-01,,DELAYED,0
MS-00297-12-01,PAI-00297,Milestone 12-1,2025-02-03,,DELAYED,0
MS-00297-16-01,PAI-00297,Milestone 16-1,2025-07-13,2025-07-26,COMPLETED,13
MS-00297-16-02,PAI-00297,Milestone 16-2,2025-05-23,,DELAYED,0
MS-00297-20-01,PAI-00297,Milestone 20-1,2025-10-02,2025-11-22,COMPLETED,51
MS-00297-24-01,PAI-00297,Milestone 24-1,2026-02-02,,DELAYED,0
MS-00298-04-01,PAI-00298,Milestone 4-1,2024-06-29,,DELAYED,0
MS-00298-08-01,PAI-00298,Milestone 8-1,2024-11-02,2024-11-07,COMPLETED,5
MS-00298-12-01,PAI-00298,Milestone 12-1,2025-02-21,2025-03-29,COMPLETED,36
MS-00298-16-01,PAI-00298,Milestone 16-1,2025-05-23,2025-06-09,COMPLETED,17
MS-00298-20-01,PAI-00298,Milestone 20-1,2025-10-03,,DELAYED,0
MS-00298-24-01,PAI-00298,Milestone 24-1,2026-03-02,,DELAYED,0
MS-00298-24-02,PAI-00298,Milestone 24-2,2026-01-13,2026-01-31,COMPLETED,18
MS-00299-04-01,PAI-00299,Milestone 4-1,2024-07-04,2024-07-31,COMPLETED,27
MS-00299-04-02,PAI-00299,Milestone 4-2,2024-05-22,,DELAYED,0
MS-00299-08-01,PAI-00299,Milestone 8-1,2024-10-22,,DELAYED,0
MS-00299-08-02,PAI-00299,Milestone 8-2,2024-10-17,2024-12-05,COMPLETED,49
MS-00299-12-01,PAI-00299,Milestone 12-1,2025-02-21,2025-04-03,COMPLETED,41
MS-00299-16-01,PAI-00299,Milestone 16-1,2025-06-03,2025-07-12,COMPLETED,39
MS-00299-16-02,PAI-00299,Milestone 16-2,2025-07-18,2025-09-05,COMPLETED,49
MS-00299-20-01,PAI-00299,Milestone 20-1,2025-10-19,,DELAYED,0
MS-00299-24-01,PAI-00299,Milestone 24-1,2026-02-03,2026-03-18,COMPLETED,43
MS-00300-04-01,PAI-00300,Milestone 4-1,2024-06-18,2024-06-26,COMPLETED,8
MS-00300-08-01,PAI-00300,Milestone 8-1,2024-10-08,,DELAYED,0
MS-00300-12-01,PAI-00300,Milestone 12-1,2025-03-12,2025-03-16,COMPLETED,4
MS-00300-12-02,PAI-00300,Milestone 12-2,2025-03-09,,DELAYED,0
MS-00300-16-01,PAI-00300,Milestone 16-1,2025-07-01,2025-08-19,COMPLETED,49
MS-00300-16-02,PAI-00300,Milestone 16-2,2025-06-02,2025-06-02,COMPLETED,0
MS-00300-20-01,PAI-00300,Milestone 20-1,2025-11-18,2025-12-09,COMPLETED,21
MS-00300-20-02,PAI-00300,Milestone 20-2,2025-09-18,2025-09-18,COMPLETED,0
MS-00300-24-01,PAI-00300,Milestone 24-1,2026-01-17,2026-03-15,COMPLETED,57
MS-00300-24-02,PAI-00300,Milestone 24-2,2026-02-16,,DELAYED,0
MS-00301-04-01,PAI-00301,Milestone 4-1,2024-06-20,,DELAYED,0
MS-00301-04-02,PAI-00301,Milestone 4-2,2024-05-15,2024-05-15,COMPLETED,0
MS-00301-08-01,PAI-00301,Milestone 8-1,2024-10-07,,DELAYED,0
MS-00301-12-01,PAI-00301,Milestone 12-1,2025-02-20,2025-02-28,COMPLETED,8
MS-00301-12-02,PAI-00301,Milestone 12-2,2025-01-28,2025-01-28,COMPLETED,0
MS-00301-16-01,PAI-00301,Milestone 16-1,2025-05-14,2025-05-14,COMPLETED,0
MS-00301-16-02,PAI-00301,Milestone 16-2,2025-05-18,2025-05-21,COMPLETED,3
MS-00301-20-01,PAI-00301,Milestone 20-1,2025-10-25,2025-11-20,COMPLETED,26
MS-00301-24-01,PAI-00301,Milestone 24-1,2026-02-17,2026-03-13,COMPLETED,24
MS-00302-04-01,PAI-00302,Milestone 4-1,2024-07-07,2024-07-20,COMPLETED,13
MS-00302-04-02,PAI-00302,Milestone 4-2,2024-06-23,2024-08-08,COMPLETED,46
MS-00302-08-01,PAI-00302,Milestone 8-1,2024-10-23,2024-10-23,COMPLETED,0
MS-00302-12-01,PAI-00302,Milestone 12-1,2025-02-21,2025-02-21,COMPLETED,0
MS-00302-12-02,PAI-00302,Milestone 12-2,2025-02-13,,DELAYED,0
MS-00302-16-01,PAI-00302,Milestone 16-1,2025-05-22,,DELAYED,0
MS-00302-16-02,PAI-00302,Milestone 16-2,2025-06-21,2025-06-21,COMPLETED,0
MS-00302-20-01,PAI-00302,Milestone 20-1,2025-10-06,2025-10-06,COMPLETED,0
MS-00302-24-01,PAI-00302,Milestone 24-1,2026-03-09,2026-03-12,COMPLETED,3
MS-00303-04-01,PAI-00303,Milestone 4-1,2024-05-27,2024-06-09,COMPLETED,13
MS-00303-08-01,PAI-00303,Milestone 8-1,2024-10-25,,DELAYED,0
MS-00303-08-02,PAI-00303,Milestone 8-2,2024-10-20,2024-11-05,COMPLETED,16
MS-00303-12-01,PAI-00303,Milestone 12-1,2025-02-12,,DELAYED,0
MS-00303-12-02,PAI-00303,Milestone 12-2,2025-02-08,2025-02-14,COMPLETED,6
MS-00303-16-01,PAI-00303,Milestone 16-1,2025-05-25,2025-05-25,COMPLETED,0
MS-00303-20-01,PAI-00303,Milestone 20-1,2025-10-23,2025-11-04,COMPLETED,12
MS-00303-20-02,PAI-00303,Milestone 20-2,2025-10-12,2025-10-19,COMPLETED,7
MS-00303-24-01,PAI-00303,Milestone 24-1,2026-01-18,2026-02-07,COMPLETED,20
MS-00303-24-02,PAI-00303,Milestone 24-2,2026-01-25,2026-02-22,COMPLETED,28
MS-00304-04-01,PAI-00304,Milestone 4-1,2024-05-11,2024-05-21,COMPLETED,10
MS-00304-04-02,PAI-00304,Milestone 4-2,2024-07-03,2024-07-03,COMPLETED,0
MS-00304-08-01,PAI-00304,Milestone 8-1,2024-11-16,2024-11-16,COMPLETED,0
MS-00304-08-02,PAI-00304,Milestone 8-2,2024-10-09,2024-10-12,COMPLETED,3
MS-00304-12-01,PAI-00304,Milestone 12-1,2025-02-14,2025-02-25,COMPLETED,11
MS-00304-16-01,PAI-00304,Milestone 16-1,2025-06-06,2025-06-22,COMPLETED,16
MS-00304-20-01,PAI-00304,Milestone 20-1,2025-09-14,2025-10-03,COMPLETED,19
MS-00304-24-01,PAI-00304,Milestone 24-1,2026-02-02,2026-02-02,COMPLETED,0
MS-00304-24-02,PAI-00304,Milestone 24-2,2026-01-13,,DELAYED,0
MS-00305-04-01,PAI-00305,Milestone 4-1,2024-05-16,2024-06-04,COMPLETED,19
MS-00305-04-02,PAI-00305,Milestone 4-2,2024-06-22,,DELAYED,0
MS-00305-08-01,PAI-00305,Milestone 8-1,2024-10-05,2024-10-09,COMPLETED,4
MS-00305-12-01,PAI-00305,Milestone 12-1,2025-02-07,2025-02-27,COMPLETED,20
MS-00305-12-02,PAI-00305,Milestone 12-2,2025-01-23,2025-01-23,COMPLETED,0
MS-00305-16-01,PAI-00305,Milestone 16-1,2025-07-09,2025-07-09,COMPLETED,0
MS-00305-16-02,PAI-00305,Milestone 16-2,2025-06-01,2025-08-13,COMPLETED,73
MS-00305-20-01,PAI-00305,Milestone 20-1,2025-10-14,2025-10-17,COMPLETED,3
MS-00305-20-02,PAI-00305,Milestone 20-2,2025-11-12,,DELAYED,0
MS-00305-24-01,PAI-00305,Milestone 24-1,2026-02-03,2026-02-06,COMPLETED,3
MS-00306-04-01,PAI-00306,Milestone 4-1,2024-06-26,2024-07-03,COMPLETED,7
MS-00306-04-02,PAI-00306,Milestone 4-2,2024-06-07,2024-06-07,COMPLETED,0
MS-00306-08-01,PAI-00306,Milestone 8-1,2024-10-13,,DELAYED,0
MS-00306-12-01,PAI-00306,Milestone 12-1,2025-02-13,2025-02-27,COMPLETED,14
MS-00306-16-01,PAI-00306,Milestone 16-1,2025-07-18,2025-07-30,COMPLETED,12
MS-00306-20-01,PAI-00306,Milestone 20-1,2025-10-04,2025-10-24,COMPLETED,20
MS-00306-20-02,PAI-00306,Milestone 20-2,2025-10-24,2025-10-24,COMPLETED,0
MS-00306-24-01,PAI-00306,Milestone 24-1,2026-03-02,2026-03-15,COMPLETED,13
MS-00307-04-01,PAI-00307,Milestone 4-1,2024-06-05,2024-06-05,COMPLETED,0
MS-00307-08-01,PAI-00307,Milestone 8-1,2024-10-15,,DELAYED,0
MS-00307-08-02,PAI-00307,Milestone 8-2,2024-09-17,2024-10-13,COMPLETED,26
MS-00307-12-01,PAI-00307,Milestone 12-1,2025-01-28,2025-02-04,COMPLETED,7
MS-00307-16-01,PAI-00307,Milestone 16-1,2025-06-13,2025-06-13,COMPLETED,0
MS-00307-20-01,PAI-00307,Milestone 20-1,2025-10-30,,DELAYED,0
MS-00307-24-01,PAI-00307,Milestone 24-1,2026-02-12,,DELAYED,0
MS-00308-04-01,PAI-00308,Milestone 4-1,2024-06-14,2024-07-07,COMPLETED,23
MS-00308-08-01,PAI-00308,Milestone 8-1,2024-09-20,,DELAYED,0
MS-00308-08-02,PAI-00308,Milestone 8-2,2024-11-10,,DELAYED,0
MS-00308-12-01,PAI-00308,Milestone 12-1,2025-03-20,2025-03-20,COMPLETED,0
MS-00308-12-02,PAI-00308,Milestone 12-2,2025-02-16,,DELAYED,0
MS-00308-16-01,PAI-00308,Milestone 16-1,2025-07-01,2025-07-17,COMPLETED,16
MS-00308-16-02,PAI-00308,Milestone 16-2,2025-05-28,2025-06-22,COMPLETED,25
MS-00308-20-01,PAI-00308,Milestone 20-1,2025-11-15,2025-12-13,COMPLETED,28
MS-00308-20-02,PAI-00308,Milestone 20-2,2025-11-07,2025-12-04,COMPLETED,27
MS-00308-24-01,PAI-00308,Milestone 24-1,2026-02-25,2026-03-01,COMPLETED,4
MS-00308-24-02,PAI-00308,Milestone 24-2,2026-02-28,,DELAYED,0
MS-00309-04-01,PAI-00309,Milestone 4-1,2024-06-03,2024-06-23,COMPLETED,20
MS-00309-08-01,PAI-00309,Milestone 8-1,2024-10-20,,DELAYED,0
MS-00309-08-02,PAI-00309,Milestone 8-2,2024-09-10,2024-09-10,COMPLETED,0
MS-00309-12-01,PAI-00309,Milestone 12-1,2025-02-08,,DELAYED,0
MS-00309-16-01,PAI-00309,Milestone 16-1,2025-06-05,2025-06-27,COMPLETED,22
MS-00309-20-01,PAI-00309,Milestone 20-1,2025-10-09,2025-10-14,COMPLETED,5
MS-00309-20-02,PAI-00309,Milestone 20-2,2025-09-21,2025-09-21,COMPLETED,0
MS-00309-24-01,PAI-00309,Milestone 24-1,2026-02-20,2026-03-06,COMPLETED,14
MS-00309-24-02,PAI-00309,Milestone 24-2,2026-03-12,2026-04-25,COMPLETED,44
MS-00310-04-01,PAI-00310,Milestone 4-1,2024-06-08,2024-07-11,COMPLETED,33
MS-00310-04-02,PAI-00310,Milestone 4-2,2024-07-18,2024-08-20,COMPLETED,33
MS-00310-08-01,PAI-00310,Milestone 8-1,2024-11-10,,DELAYED,0
MS-00310-12-01,PAI-00310,Milestone 12-1,2025-02-01,,DELAYED,0
MS-00310-16-01,PAI-00310,Milestone 16-1,2025-05-13,,DELAYED,0
MS-00310-16-02,PAI-00310,Milestone 16-2,2025-06-19,,DELAYED,0
MS-00310-20-01,PAI-00310,Milestone 20-1,2025-09-24,,DELAYED,0
MS-00310-20-02,PAI-00310,Milestone 20-2,2025-10-08,2025-12-02,COMPLETED,55
MS-00310-24-01,PAI-00310,Milestone 24-1,2026-02-10,,DELAYED,0
MS-00311-04-01,PAI-00311,Milestone 4-1,2024-07-11,,DELAYED,0
MS-00311-08-01,PAI-00311,Milestone 8-1,2024-11-03,2024-12-01,COMPLETED,28
MS-00311-12-01,PAI-00311,Milestone 12-1,2025-03-04,2025-05-08,COMPLETED,65
MS-00311-16-01,PAI-00311,Milestone 16-1,2025-07-18,,DELAYED,0
MS-00311-16-02,PAI-00311,Milestone 16-2,2025-06-17,,DELAYED,0
MS-00311-20-01,PAI-00311,Milestone 20-1,2025-09-29,2025-11-23,COMPLETED,55
MS-00311-24-01,PAI-00311,Milestone 24-1,2026-02-17,2026-04-14,COMPLETED,56
MS-00312-04-01,PAI-00312,Milestone 4-1,2024-07-05,2024-07-27,COMPLETED,22
MS-00312-04-02,PAI-00312,Milestone 4-2,2024-06-24,,DELAYED,0
MS-00312-08-01,PAI-00312,Milestone 8-1,2024-10-29,,DELAYED,0
MS-00312-08-02,PAI-00312,Milestone 8-2,2024-11-03,2024-11-22,COMPLETED,19
MS-00312-12-01,PAI-00312,Milestone 12-1,2025-02-23,2025-02-28,COMPLETED,5
MS-00312-16-01,PAI-00312,Milestone 16-1,2025-07-16,2025-07-16,COMPLETED,0
MS-00312-20-01,PAI-00312,Milestone 20-1,2025-10-06,2025-10-06,COMPLETED,0
MS-00312-20-02,PAI-00312,Milestone 20-2,2025-09-21,,DELAYED,0
MS-00312-24-01,PAI-00312,Milestone 24-1,2026-02-23,2026-02-23,COMPLETED,0
MS-00312-24-02,PAI-00312,Milestone 24-2,2026-02-14,,DELAYED,0
MS-00313-04-01,PAI-00313,Milestone 4-1,2024-05-15,2024-06-22,COMPLETED,38
MS-00313-04-02,PAI-00313,Milestone 4-2,2024-06-21,2024-07-11,COMPLETED,20
MS-00313-08-01,PAI-00313,Milestone 8-1,2024-11-18,,DELAYED,0
MS-00313-12-01,PAI-00313,Milestone 12-1,2025-02-05,2025-02-19,COMPLETED,14
MS-00313-12-02,PAI-00313,Milestone 12-2,2025-02-07,2025-02-08,COMPLETED,1
MS-00313-16-01,PAI-00313,Milestone 16-1,2025-05-19,,DELAYED,0
MS-00313-16-02,PAI-00313,Milestone 16-2,2025-07-07,2025-07-10,COMPLETED,3
MS-00313-20-01,PAI-00313,Milestone 20-1,2025-09-27,2025-09-27,COMPLETED,0
MS-00313-20-02,PAI-00313,Milestone 20-2,2025-10-05,2025-10-13,COMPLETED,8
MS-00313-24-01,PAI-00313,Milestone 24-1,2026-02-20,2026-03-10,COMPLETED,18
MS-00314-04-01,PAI-00314,Milestone 4-1,2024-07-08,2024-07-08,COMPLETED,0
MS-00314-04-02,PAI-00314,Milestone 4-2,2024-06-28,2024-06-28,COMPLETED,0
MS-00314-08-01,PAI-00314,Milestone 8-1,2024-09-25,2024-10-08,COMPLETED,13
MS-00314-12-01,PAI-00314,Milestone 12-1,2025-02-27,2025-02-27,COMPLETED,0
MS-00314-12-02,PAI-00314,Milestone 12-2,2025-02-26,,DELAYED,0
MS-00314-16-01,PAI-00314,Milestone 16-1,2025-07-09,2025-07-09,COMPLETED,0
MS-00314-16-02,PAI-00314,Milestone 16-2,2025-06-18,,DELAYED,0
MS-00314-20-01,PAI-00314,Milestone 20-1,2025-10-14,2025-10-14,COMPLETED,0
MS-00314-20-02,PAI-00314,Milestone 20-2,2025-11-12,,DELAYED,0
MS-00314-24-01,PAI-00314,Milestone 24-1,2026-03-02,2026-03-22,COMPLETED,20
MS-00314-24-02,PAI-00314,Milestone 24-2,2026-01-23,,DELAYED,0
MS-00315-04-01,PAI-00315,Milestone 4-1,2024-05-27,,DELAYED,0
MS-00315-08-01,PAI-00315,Milestone 8-1,2024-09-23,2024-10-15,COMPLETED,22
MS-00315-08-02,PAI-00315,Milestone 8-2,2024-09-15,,DELAYED,0
MS-00315-12-01,PAI-00315,Milestone 12-1,2025-02-02,2025-02-06,COMPLETED,4
MS-00315-16-01,PAI-00315,Milestone 16-1,2025-05-26,,DELAYED,0
MS-00315-16-02,PAI-00315,Milestone 16-2,2025-06-26,2025-07-13,COMPLETED,17
MS-00315-20-01,PAI-00315,Milestone 20-1,2025-10-24,,DELAYED,0
MS-00315-24-01,PAI-00315,Milestone 24-1,2026-02-08,,DELAYED,0
MS-00316-04-01,PAI-00316,Milestone 4-1,2024-06-04,,DELAYED,0
MS-00316-04-02,PAI-00316,Milestone 4-2,2024-06-20,,DELAYED,0
MS-00316-08-01,PAI-00316,Milestone 8-1,2024-10-08,2024-10-23,COMPLETED,15
MS-00316-12-01,PAI-00316,Milestone 12-1,2025-03-19,2025-04-01,COMPLETED,13
MS-00316-12-02,PAI-00316,Milestone 12-2,2025-02-01,2025-02-01,COMPLETED,0
MS-00316-16-01,PAI-00316,Milestone 16-1,2025-07-06,,DELAYED,0
MS-00316-20-01,PAI-00316,Milestone 20-1,2025-10-05,2025-10-27,COMPLETED,22
MS-00316-24-01,PAI-00316,Milestone 24-1,2026-03-17,2026-03-25,COMPLETED,8
MS-00316-24-02,PAI-00316,Milestone 24-2,2026-01-30,2026-02-12,COMPLETED,13
MS-00317-04-01,PAI-00317,Milestone 4-1,2024-06-23,,DELAYED,0
MS-00317-08-01,PAI-00317,Milestone 8-1,2024-10-11,2024-10-24,COMPLETED,13
MS-00317-08-02,PAI-00317,Milestone 8-2,2024-10-24,2024-11-01,COMPLETED,8
MS-00317-12-01,PAI-00317,Milestone 12-1,2025-01-25,2025-03-27,COMPLETED,61
MS-00317-12-02,PAI-00317,Milestone 12-2,2025-03-06,,DELAYED,0
MS-00317-16-01,PAI-00317,Milestone 16-1,2025-07-12,2025-08-16,COMPLETED,35
MS-00317-20-01,PAI-00317,Milestone 20-1,2025-11-13,,DELAYED,0
MS-00317-20-02,PAI-00317,Milestone 20-2,2025-09-12,,DELAYED,0
MS-00317-24-01,PAI-00317,Milestone 24-1,2026-01-17,,DELAYED,0
MS-00317-24-02,PAI-00317,Milestone 24-2,2026-01-25,2026-02-14,COMPLETED,20
MS-00318-04-01,PAI-00318,Milestone 4-1,2024-07-05,,DELAYED,0
MS-00318-04-02,PAI-00318,Milestone 4-2,2024-06-15,2024-06-15,COMPLETED,0
MS-00318-08-01,PAI-00318,Milestone 8-1,2024-09-19,2024-10-18,COMPLETED,29
MS-00318-08-02,PAI-00318,Milestone 8-2,2024-11-02,2024-11-02,COMPLETED,0
MS-00318-12-01,PAI-00318,Milestone 12-1,2025-01-19,,DELAYED,0
MS-00318-16-01,PAI-00318,Milestone 16-1,2025-05-18,2025-06-02,COMPLETED,15
MS-00318-20-01,PAI-00318,Milestone 20-1,2025-10-06,2025-10-23,COMPLETED,17
MS-00318-24-01,PAI-00318,Milestone 24-1,2026-01-23,2026-01-23,COMPLETED,0
MS-00318-24-02,PAI-00318,Milestone 24-2,2026-01-15,2026-01-15,COMPLETED,0
MS-00319-04-01,PAI-00319,Milestone 4-1,2024-07-06,2024-07-06,COMPLETED,0
MS-00319-08-01,PAI-00319,Milestone 8-1,2024-09-10,,DELAYED,0
MS-00319-08-02,PAI-00319,Milestone 8-2,2024-10-04,2024-10-14,COMPLETED,10
MS-00319-12-01,PAI-00319,Milestone 12-1,2025-03-02,2025-03-02,COMPLETED,0
MS-00319-16-01,PAI-00319,Milestone 16-1,2025-06-03,2025-06-03,COMPLETED,0
MS-00319-16-02,PAI-00319,Milestone 16-2,2025-05-31,2025-06-15,COMPLETED,15
MS-00319-20-01,PAI-00319,Milestone 20-1,2025-10-15,,DELAYED,0
MS-00319-24-01,PAI-00319,Milestone 24-1,2026-03-02,2026-03-10,COMPLETED,8
MS-00319-24-02,PAI-00319,Milestone 24-2,2026-02-10,2026-03-13,COMPLETED,31
MS-00320-04-01,PAI-00320,Milestone 4-1,2024-07-12,2024-09-13,COMPLETED,63
MS-00320-08-01,PAI-00320,Milestone 8-1,2024-09-12,,DELAYED,0
MS-00320-08-02,PAI-00320,Milestone 8-2,2024-10-08,,DELAYED,0
MS-00320-12-01,PAI-00320,Milestone 12-1,2025-01-31,2025-03-07,COMPLETED,35
MS-00320-12-02,PAI-00320,Milestone 12-2,2025-01-21,,DELAYED,0
MS-00320-16-01,PAI-00320,Milestone 16-1,2025-05-30,2025-06-29,COMPLETED,30
MS-00320-16-02,PAI-00320,Milestone 16-2,2025-05-27,2025-08-05,COMPLETED,70
MS-00320-20-01,PAI-00320,Milestone 20-1,2025-10-16,,DELAYED,0
MS-00320-20-02,PAI-00320,Milestone 20-2,2025-11-01,,DELAYED,0
MS-00320-24-01,PAI-00320,Milestone 24-1,2026-02-15,2026-04-06,COMPLETED,50
MS-00321-04-01,PAI-00321,Milestone 4-1,2024-06-25,2024-07-25,COMPLETED,30
MS-00321-04-02,PAI-00321,Milestone 4-2,2024-06-05,2024-06-05,COMPLETED,0
MS-00321-08-01,PAI-00321,Milestone 8-1,2024-10-01,,DELAYED,0
MS-00321-12-01,PAI-00321,Milestone 12-1,2025-01-26,2025-01-26,COMPLETED,0
MS-00321-12-02,PAI-00321,Milestone 12-2,2025-02-15,,DELAYED,0
MS-00321-16-01,PAI-00321,Milestone 16-1,2025-05-18,2025-05-18,COMPLETED,0
MS-00321-20-01,PAI-00321,Milestone 20-1,2025-11-03,2025-11-03,COMPLETED,0
MS-00321-20-02,PAI-00321,Milestone 20-2,2025-10-31,2025-11-29,COMPLETED,29
MS-00321-24-01,PAI-00321,Milestone 24-1,2026-02-06,2026-02-06,COMPLETED,0
MS-00321-24-02,PAI-00321,Milestone 24-2,2026-01-12,2026-02-24,COMPLETED,43
MS-00322-04-01,PAI-00322,Milestone 4-1,2024-05-13,,DELAYED,0
MS-00322-04-02,PAI-00322,Milestone 4-2,2024-05-28,,DELAYED,0
MS-00322-08-01,PAI-00322,Milestone 8-1,2024-10-20,,DELAYED,0
MS-00322-12-01,PAI-00322,Milestone 12-1,2025-02-10,,DELAYED,0
MS-00322-12-02,PAI-00322,Milestone 12-2,2025-02-15,2025-03-19,COMPLETED,32
MS-00322-16-01,PAI-00322,Milestone 16-1,2025-06-22,,DELAYED,0
MS-00322-20-01,PAI-00322,Milestone 20-1,2025-09-17,2025-11-09,COMPLETED,53
MS-00322-20-02,PAI-00322,Milestone 20-2,2025-10-16,2025-11-24,COMPLETED,39
MS-00322-24-01,PAI-00322,Milestone 24-1,2026-01-29,2026-03-13,COMPLETED,43
MS-00323-04-01,PAI-00323,Milestone 4-1,2024-06-29,,DELAYED,0
MS-00323-08-01,PAI-00323,Milestone 8-1,2024-10-16,2024-11-13,COMPLETED,28
MS-00323-12-01,PAI-00323,Milestone 12-1,2025-01-24,2025-01-30,COMPLETED,6
MS-00323-16-01,PAI-00323,Milestone 16-1,2025-06-11,,DELAYED,0
MS-00323-16-02,PAI-00323,Milestone 16-2,2025-06-13,2025-07-04,COMPLETED,21
MS-00323-20-01,PAI-00323,Milestone 20-1,2025-10-24,2025-10-24,COMPLETED,0
MS-00323-20-02,PAI-00323,Milestone 20-2,2025-09-20,2025-09-27,COMPLETED,7
MS-00323-24-01,PAI-00323,Milestone 24-1,2026-01-14,2026-01-27,COMPLETED,13
MS-00323-24-02,PAI-00323,Milestone 24-2,2026-01-28,2026-01-28,COMPLETED,0
MS-00324-04-01,PAI-00324,Milestone 4-1,2024-06-30,2024-09-07,COMPLETED,69
MS-00324-08-01,PAI-00324,Milestone 8-1,2024-09-22,,DELAYED,0
MS-00324-12-01,PAI-00324,Milestone 12-1,2025-01-24,2025-03-30,COMPLETED,65
MS-00324-12-02,PAI-00324,Milestone 12-2,2025-03-09,2025-06-02,COMPLETED,85
MS-00324-16-01,PAI-00324,Milestone 16-1,2025-06-18,2025-07-30,COMPLETED,42
MS-00324-20-01,PAI-00324,Milestone 20-1,2025-11-09,,DELAYED,0
MS-00324-20-02,PAI-00324,Milestone 20-2,2025-10-08,2025-12-06,COMPLETED,59
MS-00324-24-01,PAI-00324,Milestone 24-1,2026-03-12,,DELAYED,0
MS-00324-24-02,PAI-00324,Milestone 24-2,2026-03-02,,DELAYED,0
MS-00325-04-01,PAI-00325,Milestone 4-1,2024-07-15,2024-09-20,COMPLETED,67
MS-00325-08-01,PAI-00325,Milestone 8-1,2024-10-24,2024-11-25,COMPLETED,32
MS-00325-08-02,PAI-00325,Milestone 8-2,2024-11-08,,DELAYED,0
MS-00325-12-01,PAI-00325,Milestone 12-1,2025-02-05,2025-02-05,COMPLETED,0
MS-00325-16-01,PAI-00325,Milestone 16-1,2025-05-23,,DELAYED,0
MS-00325-16-02,PAI-00325,Milestone 16-2,2025-05-23,2025-05-23,COMPLETED,0
MS-00325-20-01,PAI-00325,Milestone 20-1,2025-09-13,2025-10-19,COMPLETED,36
MS-00325-20-02,PAI-00325,Milestone 20-2,2025-11-18,,DELAYED,0
MS-00325-24-01,PAI-00325,Milestone 24-1,2026-03-16,2026-04-11,COMPLETED,26
MS-00326-04-01,PAI-00326,Milestone 4-1,2024-06-03,2024-07-21,COMPLETED,48
MS-00326-08-01,PAI-00326,Milestone 8-1,2024-11-05,,DELAYED,0
MS-00326-08-02,PAI-00326,Milestone 8-2,2024-10-10,2024-12-03,COMPLETED,54
MS-00326-12-01,PAI-00326,Milestone 12-1,2025-02-20,,DELAYED,0
MS-00326-16-01,PAI-00326,Milestone 16-1,2025-07-05,,DELAYED,0
MS-00326-16-02,PAI-00326,Milestone 16-2,2025-05-15,2025-05-15,COMPLETED,0
MS-00326-20-01,PAI-00326,Milestone 20-1,2025-10-25,,DELAYED,0
MS-00326-20-02,PAI-00326,Milestone 20-2,2025-09-30,2025-11-06,COMPLETED,37
MS-00326-24-01,PAI-00326,Milestone 24-1,2026-01-26,2026-02-27,COMPLETED,32
MS-00326-24-02,PAI-00326,Milestone 24-2,2026-03-14,,DELAYED,0
MS-00327-04-01,PAI-00327,Milestone 4-1,2024-06-30,,DELAYED,0
MS-00327-08-01,PAI-00327,Milestone 8-1,2024-10-14,2024-10-16,COMPLETED,2
MS-00327-08-02,PAI-00327,Milestone 8-2,2024-11-01,,DELAYED,0
MS-00327-12-01,PAI-00327,Milestone 12-1,2025-02-18,,DELAYED,0
MS-00327-16-01,PAI-00327,Milestone 16-1,2025-05-21,2025-05-25,COMPLETED,4
MS-00327-16-02,PAI-00327,Milestone 16-2,2025-07-15,,DELAYED,0
MS-00327-20-01,PAI-00327,Milestone 20-1,2025-10-23,2025-10-23,COMPLETED,0
MS-00327-24-01,PAI-00327,Milestone 24-1,2026-03-10,2026-03-10,COMPLETED,0
MS-00328-04-01,PAI-00328,Milestone 4-1,2024-05-15,,DELAYED,0
MS-00328-08-01,PAI-00328,Milestone 8-1,2024-10-31,2024-11-05,COMPLETED,5
MS-00328-12-01,PAI-00328,Milestone 12-1,2025-01-20,2025-01-20,COMPLETED,0
MS-00328-16-01,PAI-00328,Milestone 16-1,2025-07-13,2025-07-23,COMPLETED,10
MS-00328-20-01,PAI-00328,Milestone 20-1,2025-10-15,2025-10-15,COMPLETED,0
MS-00328-24-01,PAI-00328,Milestone 24-1,2026-03-15,2026-04-03,COMPLETED,19
MS-00328-24-02,PAI-00328,Milestone 24-2,2026-02-13,,DELAYED,0
MS-00329-04-01,PAI-00329,Milestone 4-1,2024-05-29,2024-06-26,COMPLETED,28
MS-00329-08-01,PAI-00329,Milestone 8-1,2024-10-24,,DELAYED,0
MS-00329-12-01,PAI-00329,Milestone 12-1,2025-01-19,,DELAYED,0
MS-00329-12-02,PAI-00329,Milestone 12-2,2025-01-18,,DELAYED,0
MS-00329-16-01,PAI-00329,Milestone 16-1,2025-07-16,,DELAYED,0
MS-00329-16-02,PAI-00329,Milestone 16-2,2025-06-13,2025-06-13,COMPLETED,0
MS-00329-20-01,PAI-00329,Milestone 20-1,2025-09-21,2025-09-21,COMPLETED,0
MS-00329-24-01,PAI-00329,Milestone 24-1,2026-02-03,2026-02-12,COMPLETED,9
MS-00329-24-02,PAI-00329,Milestone 24-2,2026-02-07,,DELAYED,0
MS-00330-04-01,PAI-00330,Milestone 4-1,2024-05-22,2024-06-23,COMPLETED,32
MS-00330-04-02,PAI-00330,Milestone 4-2,2024-05-26,,DELAYED,0
MS-00330-08-01,PAI-00330,Milestone 8-1,2024-10-07,,DELAYED,0
MS-00330-08-02,PAI-00330,Milestone 8-2,2024-11-18,2024-11-18,COMPLETED,0
MS-00330-12-01,PAI-00330,Milestone 12-1,2025-03-14,2025-03-14,COMPLETED,0
MS-00330-12-02,PAI-00330,Milestone 12-2,2025-01-17,2025-01-17,COMPLETED,0
MS-00330-16-01,PAI-00330,Milestone 16-1,2025-05-13,2025-06-12,COMPLETED,30
MS-00330-16-02,PAI-00330,Milestone 16-2,2025-07-13,2025-08-09,COMPLETED,27
MS-00330-20-01,PAI-00330,Milestone 20-1,2025-11-18,2025-12-10,COMPLETED,22
MS-00330-24-01,PAI-00330,Milestone 24-1,2026-02-24,2026-02-24,COMPLETED,0
MS-00331-04-01,PAI-00331,Milestone 4-1,2024-06-22,2024-07-30,COMPLETED,38
MS-00331-04-02,PAI-00331,Milestone 4-2,2024-06-15,2024-07-10,COMPLETED,25
MS-00331-08-01,PAI-00331,Milestone 8-1,2024-09-28,2024-09-28,COMPLETED,0
MS-00331-12-01,PAI-00331,Milestone 12-1,2025-02-11,2025-02-11,COMPLETED,0
MS-00331-16-01,PAI-00331,Milestone 16-1,2025-07-12,2025-08-12,COMPLETED,31
MS-00331-16-02,PAI-00331,Milestone 16-2,2025-06-14,2025-06-14,COMPLETED,0
MS-00331-20-01,PAI-00331,Milestone 20-1,2025-10-16,,DELAYED,0
MS-00331-20-02,PAI-00331,Milestone 20-2,2025-11-05,,DELAYED,0
MS-00331-24-01,PAI-00331,Milestone 24-1,2026-03-18,,DELAYED,0
MS-00331-24-02,PAI-00331,Milestone 24-2,2026-02-07,,DELAYED,0
MS-00332-04-01,PAI-00332,Milestone 4-1,2024-06-29,2024-06-29,COMPLETED,0
MS-00332-04-02,PAI-00332,Milestone 4-2,2024-05-15,2024-05-15,COMPLETED,0
MS-00332-08-01,PAI-00332,Milestone 8-1,2024-10-02,,DELAYED,0
MS-00332-12-01,PAI-00332,Milestone 12-1,2025-03-04,2025-03-27,COMPLETED,23
MS-00332-16-01,PAI-00332,Milestone 16-1,2025-05-15,2025-07-11,COMPLETED,57
MS-00332-16-02,PAI-00332,Milestone 16-2,2025-06-07,,DELAYED,0
MS-00332-20-01,PAI-00332,Milestone 20-1,2025-10-20,,DELAYED,0
MS-00332-24-01,PAI-00332,Milestone 24-1,2026-02-12,,DELAYED,0
MS-00332-24-02,PAI-00332,Milestone 24-2,2026-03-20,,DELAYED,0
MS-00333-04-01,PAI-00333,Milestone 4-1,2024-06-12,2024-08-10,COMPLETED,59
MS-00333-04-02,PAI-00333,Milestone 4-2,2024-06-24,2024-07-24,COMPLETED,30
MS-00333-08-01,PAI-00333,Milestone 8-1,2024-09-16,2024-11-16,COMPLETED,61
MS-00333-12-01,PAI-00333,Milestone 12-1,2025-02-20,2025-04-16,COMPLETED,55
MS-00333-16-01,PAI-00333,Milestone 16-1,2025-05-15,,DELAYED,0
MS-00333-16-02,PAI-00333,Milestone 16-2,2025-06-12,,DELAYED,0
MS-00333-20-01,PAI-00333,Milestone 20-1,2025-10-29,2025-12-21,COMPLETED,53
MS-00333-24-01,PAI-00333,Milestone 24-1,2026-02-03,,DELAYED,0
MS-00333-24-02,PAI-00333,Milestone 24-2,2026-02-11,,DELAYED,0
MS-00334-04-01,PAI-00334,Milestone 4-1,2024-06-09,2024-07-23,COMPLETED,44
MS-00334-04-02,PAI-00334,Milestone 4-2,2024-05-14,,DELAYED,0
MS-00334-08-01,PAI-00334,Milestone 8-1,2024-10-03,2024-11-11,COMPLETED,39
MS-00334-12-01,PAI-00334,Milestone 12-1,2025-01-20,2025-01-20,COMPLETED,0
MS-00334-16-01,PAI-00334,Milestone 16-1,2025-05-14,2025-06-07,COMPLETED,24
MS-00334-16-02,PAI-00334,Milestone 16-2,2025-06-07,,DELAYED,0
MS-00334-20-01,PAI-00334,Milestone 20-1,2025-09-20,2025-11-12,COMPLETED,53
MS-00334-24-01,PAI-00334,Milestone 24-1,2026-03-20,,DELAYED,0
MS-00335-04-01,PAI-00335,Milestone 4-1,2024-05-26,2024-05-26,COMPLETED,0
MS-00335-08-01,PAI-00335,Milestone 8-1,2024-09-17,2024-10-17,COMPLETED,30
MS-00335-12-01,PAI-00335,Milestone 12-1,2025-02-23,,DELAYED,0
MS-00335-12-02,PAI-00335,Milestone 12-2,2025-02-08,2025-02-08,COMPLETED,0
MS-00335-16-01,PAI-00335,Milestone 16-1,2025-06-28,2025-07-24,COMPLETED,26
MS-00335-16-02,PAI-00335,Milestone 16-2,2025-06-03,2025-06-16,COMPLETED,13
MS-00335-20-01,PAI-00335,Milestone 20-1,2025-11-02,2025-11-09,COMPLETED,7
MS-00335-20-02,PAI-00335,Milestone 20-2,2025-09-10,2025-09-24,COMPLETED,14
MS-00335-24-01,PAI-00335,Milestone 24-1,2026-01-13,,DELAYED,0
MS-00335-24-02,PAI-00335,Milestone 24-2,2026-02-21,2026-02-21,COMPLETED,0
MS-00336-04-01,PAI-00336,Milestone 4-1,2024-07-03,2024-08-04,COMPLETED,32
MS-00336-04-02,PAI-00336,Milestone 4-2,2024-07-01,2024-07-09,COMPLETED,8
MS-00336-08-01,PAI-00336,Milestone 8-1,2024-11-03,2024-11-03,COMPLETED,0
MS-00336-12-01,PAI-00336,Milestone 12-1,2025-03-06,,DELAYED,0
MS-00336-12-02,PAI-00336,Milestone 12-2,2025-01-24,,DELAYED,0
MS-00336-16-01,PAI-00336,Milestone 16-1,2025-07-14,2025-07-30,COMPLETED,16
MS-00336-16-02,PAI-00336,Milestone 16-2,2025-06-13,2025-06-21,COMPLETED,8
MS-00336-20-01,PAI-00336,Milestone 20-1,2025-11-18,,DELAYED,0
MS-00336-20-02,PAI-00336,Milestone 20-2,2025-10-07,2025-10-07,COMPLETED,0
MS-00336-24-01,PAI-00336,Milestone 24-1,2026-03-05,,DELAYED,0
MS-00336-24-02,PAI-00336,Milestone 24-2,2026-02-08,2026-03-10,COMPLETED,30
MS-00337-04-01,PAI-00337,Milestone 4-1,2024-06-20,2024-06-20,COMPLETED,0
MS-00337-08-01,PAI-00337,Milestone 8-1,2024-11-13,,DELAYED,0
MS-00337-08-02,PAI-00337,Milestone 8-2,2024-10-23,2024-11-24,COMPLETED,32
MS-00337-12-01,PAI-00337,Milestone 12-1,2025-02-02,2025-02-04,COMPLETED,2
MS-00337-12-02,PAI-00337,Milestone 12-2,2025-03-08,2025-03-27,COMPLETED,19
MS-00337-16-01,PAI-00337,Milestone 16-1,2025-07-16,2025-07-29,COMPLETED,13
MS-00337-16-02,PAI-00337,Milestone 16-2,2025-05-25,,DELAYED,0
MS-00337-20-01,PAI-00337,Milestone 20-1,2025-09-29,2025-11-03,COMPLETED,35
MS-00337-20-02,PAI-00337,Milestone 20-2,2025-10-31,,DELAYED,0
MS-00337-24-01,PAI-00337,Milestone 24-1,2026-03-16,,DELAYED,0
MS-00338-04-01,PAI-00338,Milestone 4-1,2024-06-23,2024-07-26,COMPLETED,33
MS-00338-08-01,PAI-00338,Milestone 8-1,2024-09-30,2024-10-31,COMPLETED,31
MS-00338-08-02,PAI-00338,Milestone 8-2,2024-10-30,2024-12-04,COMPLETED,35
MS-00338-12-01,PAI-00338,Milestone 12-1,2025-01-31,2025-03-05,COMPLETED,33
MS-00338-12-02,PAI-00338,Milestone 12-2,2025-01-10,2025-01-10,COMPLETED,0
MS-00338-16-01,PAI-00338,Milestone 16-1,2025-06-28,2025-07-18,COMPLETED,20
MS-00338-20-01,PAI-00338,Milestone 20-1,2025-09-21,2025-10-23,COMPLETED,32
MS-00338-24-01,PAI-00338,Milestone 24-1,2026-02-13,2026-02-13,COMPLETED,0
MS-00339-04-01,PAI-00339,Milestone 4-1,2024-05-28,2024-06-29,COMPLETED,32
MS-00339-04-02,PAI-00339,Milestone 4-2,2024-05-20,2024-06-16,COMPLETED,27
MS-00339-08-01,PAI-00339,Milestone 8-1,2024-10-21,,DELAYED,0
MS-00339-08-02,PAI-00339,Milestone 8-2,2024-10-19,2024-11-18,COMPLETED,30
MS-00339-12-01,PAI-00339,Milestone 12-1,2025-02-22,,DELAYED,0
MS-00339-16-01,PAI-00339,Milestone 16-1,2025-07-07,,DELAYED,0
MS-00339-20-01,PAI-00339,Milestone 20-1,2025-09-27,,DELAYED,0
MS-00339-20-02,PAI-00339,Milestone 20-2,2025-09-21,,DELAYED,0
MS-00339-24-01,PAI-00339,Milestone 24-1,2026-02-04,,DELAYED,0
MS-00340-04-01,PAI-00340,Milestone 4-1,2024-06-06,2024-06-06,COMPLETED,0
MS-00340-04-02,PAI-00340,Milestone 4-2,2024-07-12,2024-07-18,COMPLETED,6
MS-00340-08-01,PAI-00340,Milestone 8-1,2024-10-23,,DELAYED,0
MS-00340-08-02,PAI-00340,Milestone 8-2,2024-09-10,2024-09-10,COMPLETED,0
MS-00340-12-01,PAI-00340,Milestone 12-1,2025-02-18,,DELAYED,0
MS-00340-12-02,PAI-00340,Milestone 12-2,2025-01-16,2025-01-26,COMPLETED,10
MS-00340-16-01,PAI-00340,Milestone 16-1,2025-06-27,2025-07-22,COMPLETED,25
MS-00340-20-01,PAI-00340,Milestone 20-1,2025-09-23,2025-10-10,COMPLETED,17
MS-00340-20-02,PAI-00340,Milestone 20-2,2025-10-27,2025-12-05,COMPLETED,39
MS-00340-24-01,PAI-00340,Milestone 24-1,2026-02-15,2026-02-20,COMPLETED,5
MS-00340-24-02,PAI-00340,Milestone 24-2,2026-03-18,2026-03-18,COMPLETED,0
MS-00341-04-01,PAI-00341,Milestone 4-1,2024-05-17,2024-06-17,COMPLETED,31
MS-00341-08-01,PAI-00341,Milestone 8-1,2024-11-08,2024-12-06,COMPLETED,28
MS-00341-08-02,PAI-00341,Milestone 8-2,2024-10-18,2024-10-25,COMPLETED,7
MS-00341-12-01,PAI-00341,Milestone 12-1,2025-02-08,,DELAYED,0
MS-00341-16-01,PAI-00341,Milestone 16-1,2025-06-22,2025-06-29,COMPLETED,7
MS-00341-16-02,PAI-00341,Milestone 16-2,2025-07-09,2025-09-04,COMPLETED,57
MS-00341-20-01,PAI-00341,Milestone 20-1,2025-11-06,2025-11-26,COMPLETED,20
MS-00341-24-01,PAI-00341,Milestone 24-1,2026-02-16,2026-03-15,COMPLETED,27
MS-00341-24-02,PAI-00341,Milestone 24-2,2026-02-28,2026-03-13,COMPLETED,13
MS-00342-04-01,PAI-00342,Milestone 4-1,2024-07-12,2024-07-12,COMPLETED,0
MS-00342-08-01,PAI-00342,Milestone 8-1,2024-09-17,2024-10-10,COMPLETED,23
MS-00342-08-02,PAI-00342,Milestone 8-2,2024-10-03,,DELAYED,0
MS-00342-12-01,PAI-00342,Milestone 12-1,2025-02-10,,DELAYED,0
MS-00342-16-01,PAI-00342,Milestone 16-1,2025-05-26,2025-06-27,COMPLETED,32
MS-00342-16-02,PAI-00342,Milestone 16-2,2025-06-02,2025-06-02,COMPLETED,0
MS-00342-20-01,PAI-00342,Milestone 20-1,2025-10-28,,DELAYED,0
MS-00342-20-02,PAI-00342,Milestone 20-2,2025-10-26,,DELAYED,0
MS-00342-24-01,PAI-00342,Milestone 24-1,2026-03-09,,DELAYED,0
MS-00343-04-01,PAI-00343,Milestone 4-1,2024-05-13,,DELAYED,0
MS-00343-08-01,PAI-00343,Milestone 8-1,2024-09-13,,DELAYED,0
MS-00343-12-01,PAI-00343,Milestone 12-1,2025-03-11,,DELAYED,0
MS-00343-12-02,PAI-00343,Milestone 12-2,2025-02-14,2025-03-25,COMPLETED,39
MS-00343-16-01,PAI-00343,Milestone 16-1,2025-06-24,2025-07-01,COMPLETED,7
MS-00343-20-01,PAI-00343,Milestone 20-1,2025-10-02,2025-10-07,COMPLETED,5
MS-00343-20-02,PAI-00343,Milestone 20-2,2025-10-29,2025-11-24,COMPLETED,26
MS-00343-24-01,PAI-00343,Milestone 24-1,2026-03-17,,DELAYED,0
MS-00344-04-01,PAI-00344,Milestone 4-1,2024-06-10,,DELAYED,0
MS-00344-08-01,PAI-00344,Milestone 8-1,2024-11-01,,DELAYED,0
MS-00344-12-01,PAI-00344,Milestone 12-1,2025-03-18,,DELAYED,0
MS-00344-12-02,PAI-00344,Milestone 12-2,2025-02-27,,DELAYED,0
MS-00344-16-01,PAI-00344,Milestone 16-1,2025-06-04,2025-06-28,COMPLETED,24
MS-00344-20-01,PAI-00344,Milestone 20-1,2025-11-09,,DELAYED,0
MS-00344-20-02,PAI-00344,Milestone 20-2,2025-11-15,2025-12-01,COMPLETED,16
MS-00344-24-01,PAI-00344,Milestone 24-1,2026-02-14,2026-03-25,COMPLETED,39
MS-00345-04-01,PAI-00345,Milestone 4-1,2024-06-19,2024-06-19,COMPLETED,0
MS-00345-08-01,PAI-00345,Milestone 8-1,2024-11-13,2024-12-28,COMPLETED,45
MS-00345-08-02,PAI-00345,Milestone 8-2,2024-09-10,2024-09-18,COMPLETED,8
MS-00345-12-01,PAI-00345,Milestone 12-1,2025-01-17,2025-01-27,COMPLETED,10
MS-00345-12-02,PAI-00345,Milestone 12-2,2025-03-08,2025-04-07,COMPLETED,30
MS-00345-16-01,PAI-00345,Milestone 16-1,2025-05-20,2025-05-27,COMPLETED,7
MS-00345-16-02,PAI-00345,Milestone 16-2,2025-07-03,2025-07-11,COMPLETED,8
MS-00345-20-01,PAI-00345,Milestone 20-1,2025-11-05,2025-11-05,COMPLETED,0
MS-00345-24-01,PAI-00345,Milestone 24-1,2026-02-19,2026-02-19,COMPLETED,0
MS-00345-24-02,PAI-00345,Milestone 24-2,2026-01-18,2026-03-03,COMPLETED,44
MS-00346-04-01,PAI-00346,Milestone 4-1,2024-06-12,,DELAYED,0
MS-00346-08-01,PAI-00346,Milestone 8-1,2024-11-18,2024-11-18,COMPLETED,0
MS-00346-12-01,PAI-00346,Milestone 12-1,2025-02-04,2025-03-04,COMPLETED,28
MS-00346-16-01,PAI-00346,Milestone 16-1,2025-07-18,2025-08-02,COMPLETED,15
MS-00346-16-02,PAI-00346,Milestone 16-2,2025-05-17,,DELAYED,0
MS-00346-20-01,PAI-00346,Milestone 20-1,2025-10-04,,DELAYED,0
MS-00346-20-02,PAI-00346,Milestone 20-2,2025-11-09,2025-12-15,COMPLETED,36
MS-00346-24-01,PAI-00346,Milestone 24-1,2026-03-14,2026-05-26,COMPLETED,73
MS-00346-24-02,PAI-00346,Milestone 24-2,2026-03-01,,DELAYED,0
MS-00347-04-01,PAI-00347,Milestone 4-1,2024-07-18,,DELAYED,0
MS-00347-08-01,PAI-00347,Milestone 8-1,2024-11-11,,DELAYED,0
MS-00347-12-01,PAI-00347,Milestone 12-1,2025-02-20,2025-03-18,COMPLETED,26
MS-00347-16-01,PAI-00347,Milestone 16-1,2025-06-28,2025-07-20,COMPLETED,22
MS-00347-20-01,PAI-00347,Milestone 20-1,2025-11-11,2025-12-24,COMPLETED,43
MS-00347-24-01,PAI-00347,Milestone 24-1,2026-02-19,2026-02-22,COMPLETED,3
MS-00348-04-01,PAI-00348,Milestone 4-1,2024-05-31,2024-06-12,COMPLETED,12
MS-00348-04-02,PAI-00348,Milestone 4-2,2024-06-10,2024-06-20,COMPLETED,10
MS-00348-08-01,PAI-00348,Milestone 8-1,2024-10-17,2024-10-29,COMPLETED,12
MS-00348-08-02,PAI-00348,Milestone 8-2,2024-09-28,2024-10-02,COMPLETED,4
MS-00348-12-01,PAI-00348,Milestone 12-1,2025-02-15,2025-03-11,COMPLETED,24
MS-00348-16-01,PAI-00348,Milestone 16-1,2025-05-27,2025-06-20,COMPLETED,24
MS-00348-20-01,PAI-00348,Milestone 20-1,2025-10-03,2025-10-27,COMPLETED,24
MS-00348-24-01,PAI-00348,Milestone 24-1,2026-03-11,2026-03-11,COMPLETED,0
MS-00349-04-01,PAI-00349,Milestone 4-1,2024-05-20,,DELAYED,0
MS-00349-08-01,PAI-00349,Milestone 8-1,2024-09-14,2024-11-04,COMPLETED,51
MS-00349-12-01,PAI-00349,Milestone 12-1,2025-01-18,2025-02-19,COMPLETED,32
MS-00349-16-01,PAI-00349,Milestone 16-1,2025-06-27,,DELAYED,0
MS-00349-16-02,PAI-00349,Milestone 16-2,2025-05-20,,DELAYED,0
MS-00349-20-01,PAI-00349,Milestone 20-1,2025-09-15,,DELAYED,0
MS-00349-20-02,PAI-00349,Milestone 20-2,2025-10-17,2025-11-16,COMPLETED,30
MS-00349-24-01,PAI-00349,Milestone 24-1,2026-02-27,,DELAYED,0
MS-00350-04-01,PAI-00350,Milestone 4-1,2024-05-30,,DELAYED,0
MS-00350-04-02,PAI-00350,Milestone 4-2,2024-07-09,2024-07-18,COMPLETED,9
MS-00350-08-01,PAI-00350,Milestone 8-1,2024-10-06,2024-10-18,COMPLETED,12
MS-00350-12-01,PAI-00350,Milestone 12-1,2025-02-08,2025-02-24,COMPLETED,16
MS-00350-12-02,PAI-00350,Milestone 12-2,2025-01-17,,DELAYED,0
MS-00350-16-01,PAI-00350,Milestone 16-1,2025-06-01,2025-07-09,COMPLETED,38
MS-00350-20-01,PAI-00350,Milestone 20-1,2025-11-05,2025-12-29,COMPLETED,54
MS-00350-20-02,PAI-00350,Milestone 20-2,2025-10-08,,DELAYED,0
MS-00350-24-01,PAI-00350,Milestone 24-1,2026-01-19,,DELAYED,0
MS-00350-24-02,PAI-00350,Milestone 24-2,2026-02-01,2026-03-13,COMPLETED,40
MS-00351-04-01,PAI-00351,Milestone 4-1,2024-06-06,2024-06-25,COMPLETED,19
MS-00351-04-02,PAI-00351,Milestone 4-2,2024-05-14,2024-06-06,COMPLETED,23
MS-00351-08-01,PAI-00351,Milestone 8-1,2024-11-18,2024-11-18,COMPLETED,0
MS-00351-12-01,PAI-00351,Milestone 12-1,2025-01-15,,DELAYED,0
MS-00351-12-02,PAI-00351,Milestone 12-2,2025-03-09,2025-03-31,COMPLETED,22
MS-00351-16-01,PAI-00351,Milestone 16-1,2025-05-22,,DELAYED,0
MS-00351-16-02,PAI-00351,Milestone 16-2,2025-05-22,2025-06-29,COMPLETED,38
MS-00351-20-01,PAI-00351,Milestone 20-1,2025-10-23,2025-10-23,COMPLETED,0
MS-00351-24-01,PAI-00351,Milestone 24-1,2026-03-04,2026-03-25,COMPLETED,21
MS-00352-04-01,PAI-00352,Milestone 4-1,2024-05-29,2024-06-27,COMPLETED,29
MS-00352-04-02,PAI-00352,Milestone 4-2,2024-05-14,2024-05-18,COMPLETED,4
MS-00352-08-01,PAI-00352,Milestone 8-1,2024-10-01,,DELAYED,0
MS-00352-12-01,PAI-00352,Milestone 12-1,2025-01-20,2025-03-02,COMPLETED,41
MS-00352-12-02,PAI-00352,Milestone 12-2,2025-03-10,2025-04-28,COMPLETED,49
MS-00352-16-01,PAI-00352,Milestone 16-1,2025-05-28,2025-06-17,COMPLETED,20
MS-00352-20-01,PAI-00352,Milestone 20-1,2025-11-15,,DELAYED,0
MS-00352-24-01,PAI-00352,Milestone 24-1,2026-02-10,2026-02-10,COMPLETED,0
MS-00352-24-02,PAI-00352,Milestone 24-2,2026-01-15,2026-01-31,COMPLETED,16
MS-00353-04-01,PAI-00353,Milestone 4-1,2024-06-09,,DELAYED,0
MS-00353-04-02,PAI-00353,Milestone 4-2,2024-06-29,2024-07-05,COMPLETED,6
MS-00353-08-01,PAI-00353,Milestone 8-1,2024-09-17,2024-09-17,COMPLETED,0
MS-00353-08-02,PAI-00353,Milestone 8-2,2024-10-13,,DELAYED,0
MS-00353-12-01,PAI-00353,Milestone 12-1,2025-03-16,2025-03-20,COMPLETED,4
MS-00353-12-02,PAI-00353,Milestone 12-2,2025-02-07,,DELAYED,0
MS-00353-16-01,PAI-00353,Milestone 16-1,2025-06-28,2025-08-05,COMPLETED,38
MS-00353-16-02,PAI-00353,Milestone 16-2,2025-06-27,2025-08-02,COMPLETED,36
MS-00353-20-01,PAI-00353,Milestone 20-1,2025-10-11,,DELAYED,0
MS-00353-20-02,PAI-00353,Milestone 20-2,2025-09-12,2025-09-21,COMPLETED,9
MS-00353-24-01,PAI-00353,Milestone 24-1,2026-02-12,,DELAYED,0
MS-00354-04-01,PAI-00354,Milestone 4-1,2024-06-01,,DELAYED,0
MS-00354-04-02,PAI-00354,Milestone 4-2,2024-07-08,2024-08-14,COMPLETED,37
MS-00354-08-01,PAI-00354,Milestone 8-1,2024-11-12,2025-01-15,COMPLETED,64
MS-00354-12-01,PAI-00354,Milestone 12-1,2025-01-20,2025-01-20,COMPLETED,0
MS-00354-16-01,PAI-00354,Milestone 16-1,2025-07-05,,DELAYED,0
MS-00354-16-02,PAI-00354,Milestone 16-2,2025-06-22,,DELAYED,0
MS-00354-20-01,PAI-00354,Milestone 20-1,2025-10-25,2025-11-28,COMPLETED,34
MS-00354-20-02,PAI-00354,Milestone 20-2,2025-10-29,,DELAYED,0
MS-00354-24-01,PAI-00354,Milestone 24-1,2026-01-26,2026-02-22,COMPLETED,27
MS-00354-24-02,PAI-00354,Milestone 24-2,2026-03-07,,DELAYED,0
MS-00355-04-01,PAI-00355,Milestone 4-1,2024-05-25,2024-06-08,COMPLETED,14
MS-00355-08-01,PAI-00355,Milestone 8-1,2024-10-10,2024-10-10,COMPLETED,0
MS-00355-08-02,PAI-00355,Milestone 8-2,2024-10-15,2024-11-24,COMPLETED,40
MS-00355-12-01,PAI-00355,Milestone 12-1,2025-01-12,2025-02-27,COMPLETED,46
MS-00355-12-02,PAI-00355,Milestone 12-2,2025-03-04,2025-03-27,COMPLETED,23
MS-00355-16-01,PAI-00355,Milestone 16-1,2025-07-17,2025-08-15,COMPLETED,29
MS-00355-20-01,PAI-00355,Milestone 20-1,2025-11-09,,DELAYED,0
MS-00355-24-01,PAI-00355,Milestone 24-1,2026-03-15,2026-03-18,COMPLETED,3
MS-00356-04-01,PAI-00356,Milestone 4-1,2024-06-18,2024-07-01,COMPLETED,13
MS-00356-04-02,PAI-00356,Milestone 4-2,2024-05-30,2024-05-30,COMPLETED,0
MS-00356-08-01,PAI-00356,Milestone 8-1,2024-10-10,2024-10-10,COMPLETED,0
MS-00356-08-02,PAI-00356,Milestone 8-2,2024-09-28,,DELAYED,0
MS-00356-12-01,PAI-00356,Milestone 12-1,2025-01-24,2025-02-10,COMPLETED,17
MS-00356-12-02,PAI-00356,Milestone 12-2,2025-02-09,,DELAYED,0
MS-00356-16-01,PAI-00356,Milestone 16-1,2025-05-13,2025-05-27,COMPLETED,14
MS-00356-20-01,PAI-00356,Milestone 20-1,2025-10-06,2025-10-06,COMPLETED,0
MS-00356-20-02,PAI-00356,Milestone 20-2,2025-11-17,,DELAYED,0
MS-00356-24-01,PAI-00356,Milestone 24-1,2026-01-23,,DELAYED,0
MS-00356-24-02,PAI-00356,Milestone 24-2,2026-01-19,2026-01-21,COMPLETED,2
MS-00357-04-01,PAI-00357,Milestone 4-1,2024-06-18,,DELAYED,0
MS-00357-08-01,PAI-00357,Milestone 8-1,2024-09-17,,DELAYED,0
MS-00357-12-01,PAI-00357,Milestone 12-1,2025-02-23,2025-03-19,COMPLETED,24
MS-00357-16-01,PAI-00357,Milestone 16-1,2025-07-10,2025-07-31,COMPLETED,21
MS-00357-20-01,PAI-00357,Milestone 20-1,2025-11-10,2025-11-10,COMPLETED,0
MS-00357-20-02,PAI-00357,Milestone 20-2,2025-09-19,,DELAYED,0
MS-00357-24-01,PAI-00357,Milestone 24-1,2026-01-16,2026-03-07,COMPLETED,50
MS-00358-04-01,PAI-00358,Milestone 4-1,2024-05-31,,DELAYED,0
MS-00358-04-02,PAI-00358,Milestone 4-2,2024-07-14,,DELAYED,0
MS-00358-08-01,PAI-00358,Milestone 8-1,2024-11-07,2024-12-21,COMPLETED,44
MS-00358-12-01,PAI-00358,Milestone 12-1,2025-02-18,,DELAYED,0
MS-00358-16-01,PAI-00358,Milestone 16-1,2025-07-10,2025-07-10,COMPLETED,0
MS-00358-16-02,PAI-00358,Milestone 16-2,2025-06-19,2025-08-14,COMPLETED,56
MS-00358-20-01,PAI-00358,Milestone 20-1,2025-10-06,,DELAYED,0
MS-00358-20-02,PAI-00358,Milestone 20-2,2025-09-10,2025-10-15,COMPLETED,35
MS-00358-24-01,PAI-00358,Milestone 24-1,2026-02-22,,DELAYED,0
MS-00358-24-02,PAI-00358,Milestone 24-2,2026-01-19,,DELAYED,0
MS-00359-04-01,PAI-00359,Milestone 4-1,2024-07-04,2024-08-02,COMPLETED,29
MS-00359-04-02,PAI-00359,Milestone 4-2,2024-07-05,2024-07-10,COMPLETED,5
MS-00359-08-01,PAI-00359,Milestone 8-1,2024-10-03,2024-10-25,COMPLETED,22
MS-00359-08-02,PAI-00359,Milestone 8-2,2024-10-04,,DELAYED,0
MS-00359-12-01,PAI-00359,Milestone 12-1,2025-02-25,,DELAYED,0
MS-00359-16-01,PAI-00359,Milestone 16-1,2025-06-03,2025-06-10,COMPLETED,7
MS-00359-20-01,PAI-00359,Milestone 20-1,2025-10-16,2025-11-06,COMPLETED,21
MS-00359-24-01,PAI-00359,Milestone 24-1,2026-02-02,,DELAYED,0
MS-00360-04-01,PAI-00360,Milestone 4-1,2024-06-18,2024-06-18,COMPLETED,0
MS-00360-04-02,PAI-00360,Milestone 4-2,2024-05-25,,DELAYED,0
MS-00360-08-01,PAI-00360,Milestone 8-1,2024-11-09,2024-11-09,COMPLETED,0
MS-00360-12-01,PAI-00360,Milestone 12-1,2025-01-24,,DELAYED,0
MS-00360-16-01,PAI-00360,Milestone 16-1,2025-07-14,2025-08-14,COMPLETED,31
MS-00360-16-02,PAI-00360,Milestone 16-2,2025-07-02,2025-08-02,COMPLETED,31
MS-00360-20-01,PAI-00360,Milestone 20-1,2025-10-17,2025-10-17,COMPLETED,0
MS-00360-24-01,PAI-00360,Milestone 24-1,2026-02-08,,DELAYED,0
MS-00361-04-01,PAI-00361,Milestone 4-1,2024-05-30,2024-07-08,COMPLETED,39
MS-00361-04-02,PAI-00361,Milestone 4-2,2024-07-09,2024-08-13,COMPLETED,35
MS-00361-08-01,PAI-00361,Milestone 8-1,2024-10-11,2024-12-17,COMPLETED,67
MS-00361-08-02,PAI-00361,Milestone 8-2,2024-11-10,2024-12-14,COMPLETED,34
MS-00361-12-01,PAI-00361,Milestone 12-1,2025-02-10,2025-03-29,COMPLETED,47
MS-00361-12-02,PAI-00361,Milestone 12-2,2025-03-04,,DELAYED,0
MS-00361-16-01,PAI-00361,Milestone 16-1,2025-07-12,2025-07-30,COMPLETED,18
MS-00361-20-01,PAI-00361,Milestone 20-1,2025-10-09,2025-10-09,COMPLETED,0
MS-00361-24-01,PAI-00361,Milestone 24-1,2026-02-06,,DELAYED,0
MS-00362-04-01,PAI-00362,Milestone 4-1,2024-06-12,2024-06-12,COMPLETED,0
MS-00362-04-02,PAI-00362,Milestone 4-2,2024-06-04,2024-07-18,COMPLETED,44
MS-00362-08-01,PAI-00362,Milestone 8-1,2024-11-12,,DELAYED,0
MS-00362-12-01,PAI-00362,Milestone 12-1,2025-02-24,2025-03-15,COMPLETED,19
MS-00362-12-02,PAI-00362,Milestone 12-2,2025-03-17,2025-03-17,COMPLETED,0
MS-00362-16-01,PAI-00362,Milestone 16-1,2025-06-24,,DELAYED,0
MS-00362-20-01,PAI-00362,Milestone 20-1,2025-10-30,2025-12-25,COMPLETED,56
MS-00362-24-01,PAI-00362,Milestone 24-1,2026-01-14,,DELAYED,0
MS-00362-24-02,PAI-00362,Milestone 24-2,2026-03-01,2026-03-19,COMPLETED,18
MS-00363-04-01,PAI-00363,Milestone 4-1,2024-07-06,,DELAYED,0
MS-00363-08-01,PAI-00363,Milestone 8-1,2024-11-08,2024-12-08,COMPLETED,30
MS-00363-08-02,PAI-00363,Milestone 8-2,2024-10-18,,DELAYED,0
MS-00363-12-01,PAI-00363,Milestone 12-1,2025-03-11,,DELAYED,0
MS-00363-12-02,PAI-00363,Milestone 12-2,2025-03-16,,DELAYED,0
MS-00363-16-01,PAI-00363,Milestone 16-1,2025-05-13,,DELAYED,0
MS-00363-16-02,PAI-00363,Milestone 16-2,2025-05-14,2025-05-27,COMPLETED,13
MS-00363-20-01,PAI-00363,Milestone 20-1,2025-10-09,,DELAYED,0
MS-00363-20-02,PAI-00363,Milestone 20-2,2025-09-25,2025-10-14,COMPLETED,19
MS-00363-24-01,PAI-00363,Milestone 24-1,2026-01-25,,DELAYED,0
MS-00363-24-02,PAI-00363,Milestone 24-2,2026-02-18,2026-02-28,COMPLETED,10
MS-00364-04-01,PAI-00364,Milestone 4-1,2024-07-03,,DELAYED,0
MS-00364-08-01,PAI-00364,Milestone 8-1,2024-09-26,2024-09-26,COMPLETED,0
MS-00364-08-02,PAI-00364,Milestone 8-2,2024-09-12,2024-09-12,COMPLETED,0
MS-00364-12-01,PAI-00364,Milestone 12-1,2025-01-19,2025-01-19,COMPLETED,0
MS-00364-16-01,PAI-00364,Milestone 16-1,2025-07-13,2025-07-13,COMPLETED,0
MS-00364-16-02,PAI-00364,Milestone 16-2,2025-07-12,,DELAYED,0
MS-00364-20-01,PAI-00364,Milestone 20-1,2025-10-11,2025-11-13,COMPLETED,33
MS-00364-24-01,PAI-00364,Milestone 24-1,2026-03-18,2026-04-13,COMPLETED,26
MS-00365-04-01,PAI-00365,Milestone 4-1,2024-06-24,,DELAYED,0
MS-00365-08-01,PAI-00365,Milestone 8-1,2024-10-04,,DELAYED,0
MS-00365-12-01,PAI-00365,Milestone 12-1,2025-02-05,2025-02-17,COMPLETED,12
MS-00365-16-01,PAI-00365,Milestone 16-1,2025-06-17,,DELAYED,0
MS-00365-16-02,PAI-00365,Milestone 16-2,2025-06-02,2025-07-05,COMPLETED,33
MS-00365-20-01,PAI-00365,Milestone 20-1,2025-09-29,2025-10-18,COMPLETED,19
MS-00365-20-02,PAI-00365,Milestone 20-2,2025-09-30,,DELAYED,0
MS-00365-24-01,PAI-00365,Milestone 24-1,2026-01-23,2026-02-04,COMPLETED,12
MS-00365-24-02,PAI-00365,Milestone 24-2,2026-03-10,,DELAYED,0
MS-00366-04-01,PAI-00366,Milestone 4-1,2024-07-05,,DELAYED,0
MS-00366-04-02,PAI-00366,Milestone 4-2,2024-05-21,,DELAYED,0
MS-00366-08-01,PAI-00366,Milestone 8-1,2024-10-16,2024-11-19,COMPLETED,34
MS-00366-12-01,PAI-00366,Milestone 12-1,2025-02-27,2025-03-13,COMPLETED,14
MS-00366-12-02,PAI-00366,Milestone 12-2,2025-02-18,2025-03-13,COMPLETED,23
MS-00366-16-01,PAI-00366,Milestone 16-1,2025-06-19,2025-07-10,COMPLETED,21
MS-00366-20-01,PAI-00366,Milestone 20-1,2025-09-15,,DELAYED,0
MS-00366-24-01,PAI-00366,Milestone 24-1,2026-01-17,2026-01-17,COMPLETED,0
MS-00367-04-01,PAI-00367,Milestone 4-1,2024-06-07,,DELAYED,0
MS-00367-08-01,PAI-00367,Milestone 8-1,2024-10-07,2024-11-26,COMPLETED,50
MS-00367-08-02,PAI-00367,Milestone 8-2,2024-10-13,2024-12-09,COMPLETED,57
MS-00367-12-01,PAI-00367,Milestone 12-1,2025-02-18,,DELAYED,0
MS-00367-16-01,PAI-00367,Milestone 16-1,2025-05-17,2025-06-23,COMPLETED,37
MS-00367-16-02,PAI-00367,Milestone 16-2,2025-06-14,,DELAYED,0
MS-00367-20-01,PAI-00367,Milestone 20-1,2025-10-29,,DELAYED,0
MS-00367-24-01,PAI-00367,Milestone 24-1,2026-02-19,2026-03-19,COMPLETED,28
MS-00367-24-02,PAI-00367,Milestone 24-2,2026-01-15,,DELAYED,0
MS-00368-04-01,PAI-00368,Milestone 4-1,2024-07-08,2024-08-11,COMPLETED,34
MS-00368-08-01,PAI-00368,Milestone 8-1,2024-09-29,2024-11-21,COMPLETED,53
MS-00368-12-01,PAI-00368,Milestone 12-1,2025-02-08,,DELAYED,0
MS-00368-16-01,PAI-00368,Milestone 16-1,2025-06-26,,DELAYED,0
MS-00368-16-02,PAI-00368,Milestone 16-2,2025-05-24,,DELAYED,0
MS-00368-20-01,PAI-00368,Milestone 20-1,2025-10-20,2025-12-03,COMPLETED,44
MS-00368-20-02,PAI-00368,Milestone 20-2,2025-11-05,2025-12-24,COMPLETED,49
MS-00368-24-01,PAI-00368,Milestone 24-1,2026-03-19,,DELAYED,0
MS-00368-24-02,PAI-00368,Milestone 24-2,2026-02-22,,DELAYED,0
MS-00369-04-01,PAI-00369,Milestone 4-1,2024-06-17,,DELAYED,0
MS-00369-08-01,PAI-00369,Milestone 8-1,2024-10-22,2024-10-29,COMPLETED,7
MS-00369-08-02,PAI-00369,Milestone 8-2,2024-10-28,2024-12-13,COMPLETED,46
MS-00369-12-01,PAI-00369,Milestone 12-1,2025-02-28,,DELAYED,0
MS-00369-12-02,PAI-00369,Milestone 12-2,2025-03-08,,DELAYED,0
MS-00369-16-01,PAI-00369,Milestone 16-1,2025-06-02,,DELAYED,0
MS-00369-16-02,PAI-00369,Milestone 16-2,2025-06-02,2025-06-27,COMPLETED,25
MS-00369-20-01,PAI-00369,Milestone 20-1,2025-09-28,,DELAYED,0
MS-00369-24-01,PAI-00369,Milestone 24-1,2026-01-31,2026-02-27,COMPLETED,27
MS-00370-04-01,PAI-00370,Milestone 4-1,2024-05-23,,DELAYED,0
MS-00370-08-01,PAI-00370,Milestone 8-1,2024-10-02,2024-10-11,COMPLETED,9
MS-00370-08-02,PAI-00370,Milestone 8-2,2024-10-01,,DELAYED,0
MS-00370-12-01,PAI-00370,Milestone 12-1,2025-01-18,,DELAYED,0
MS-00370-16-01,PAI-00370,Milestone 16-1,2025-06-16,,DELAYED,0
MS-00370-20-01,PAI-00370,Milestone 20-1,2025-10-02,,DELAYED,0
MS-00370-20-02,PAI-00370,Milestone 20-2,2025-11-12,2025-11-30,COMPLETED,18
MS-00370-24-01,PAI-00370,Milestone 24-1,2026-03-14,,DELAYED,0
MS-00371-04-01,PAI-00371,Milestone 4-1,2024-07-09,2024-07-24,COMPLETED,15
MS-00371-04-02,PAI-00371,Milestone 4-2,2024-05-19,2024-06-14,COMPLETED,26
MS-00371-08-01,PAI-00371,Milestone 8-1,2024-10-12,2024-10-21,COMPLETED,9
MS-00371-08-02,PAI-00371,Milestone 8-2,2024-11-12,2024-11-23,COMPLETED,11
MS-00371-12-01,PAI-00371,Milestone 12-1,2025-02-01,,DELAYED,0
MS-00371-12-02,PAI-00371,Milestone 12-2,2025-03-11,,DELAYED,0
MS-00371-16-01,PAI-00371,Milestone 16-1,2025-07-18,2025-09-19,COMPLETED,63
MS-00371-16-02,PAI-00371,Milestone 16-2,2025-05-28,2025-06-11,COMPLETED,14
MS-00371-20-01,PAI-00371,Milestone 20-1,2025-11-05,2025-11-05,COMPLETED,0
MS-00371-20-02,PAI-00371,Milestone 20-2,2025-09-10,2025-10-23,COMPLETED,43
MS-00371-24-01,PAI-00371,Milestone 24-1,2026-01-27,2026-03-07,COMPLETED,39
MS-00372-04-01,PAI-00372,Milestone 4-1,2024-06-30,2024-07-08,COMPLETED,8
MS-00372-08-01,PAI-00372,Milestone 8-1,2024-10-14,2024-10-16,COMPLETED,2
MS-00372-08-02,PAI-00372,Milestone 8-2,2024-11-10,2024-11-29,COMPLETED,19
MS-00372-12-01,PAI-00372,Milestone 12-1,2025-01-19,2025-02-15,COMPLETED,27
MS-00372-12-02,PAI-00372,Milestone 12-2,2025-03-14,2025-03-14,COMPLETED,0
MS-00372-16-01,PAI-00372,Milestone 16-1,2025-06-19,2025-07-27,COMPLETED,38
MS-00372-16-02,PAI-00372,Milestone 16-2,2025-07-04,2025-07-04,COMPLETED,0
MS-00372-20-01,PAI-00372,Milestone 20-1,2025-09-18,2025-09-18,COMPLETED,0
MS-00372-24-01,PAI-00372,Milestone 24-1,2026-01-13,2026-01-13,COMPLETED,0
MS-00372-24-02,PAI-00372,Milestone 24-2,2026-01-28,2026-02-25,COMPLETED,28
MS-00373-04-01,PAI-00373,Milestone 4-1,2024-07-14,2024-07-30,COMPLETED,16
MS-00373-04-02,PAI-00373,Milestone 4-2,2024-06-03,2024-06-03,COMPLETED,0
MS-00373-08-01,PAI-00373,Milestone 8-1,2024-10-30,,DELAYED,0
MS-00373-12-01,PAI-00373,Milestone 12-1,2025-02-18,2025-03-19,COMPLETED,29
MS-00373-16-01,PAI-00373,Milestone 16-1,2025-06-02,2025-06-11,COMPLETED,9
MS-00373-20-01,PAI-00373,Milestone 20-1,2025-09-11,2025-09-11,COMPLETED,0
MS-00373-20-02,PAI-00373,Milestone 20-2,2025-10-13,2025-10-21,COMPLETED,8
MS-00373-24-01,PAI-00373,Milestone 24-1,2026-02-26,2026-03-27,COMPLETED,29
MS-00374-04-01,PAI-00374,Milestone 4-1,2024-06-30,2024-07-05,COMPLETED,5
MS-00374-04-02,PAI-00374,Milestone 4-2,2024-05-11,2024-05-11,COMPLETED,0
MS-00374-08-01,PAI-00374,Milestone 8-1,2024-09-21,2024-09-21,COMPLETED,0
MS-00374-08-02,PAI-00374,Milestone 8-2,2024-09-17,2024-10-24,COMPLETED,37
MS-00374-12-01,PAI-00374,Milestone 12-1,2025-02-18,2025-02-18,COMPLETED,0
MS-00374-16-01,PAI-00374,Milestone 16-1,2025-07-05,2025-07-26,COMPLETED,21
MS-00374-20-01,PAI-00374,Milestone 20-1,2025-11-13,2025-11-25,COMPLETED,12
MS-00374-24-01,PAI-00374,Milestone 24-1,2026-03-03,2026-03-03,COMPLETED,0
MS-00375-04-01,PAI-00375,Milestone 4-1,2024-05-30,2024-07-17,COMPLETED,48
MS-00375-04-02,PAI-00375,Milestone 4-2,2024-05-16,2024-06-02,COMPLETED,17
MS-00375-08-01,PAI-00375,Milestone 8-1,2024-09-26,2024-09-26,COMPLETED,0
MS-00375-08-02,PAI-00375,Milestone 8-2,2024-09-22,2024-10-04,COMPLETED,12
MS-00375-12-01,PAI-00375,Milestone 12-1,2025-02-13,2025-03-14,COMPLETED,29
MS-00375-16-01,PAI-00375,Milestone 16-1,2025-06-11,2025-06-11,COMPLETED,0
MS-00375-16-02,PAI-00375,Milestone 16-2,2025-05-18,2025-05-18,COMPLETED,0
MS-00375-20-01,PAI-00375,Milestone 20-1,2025-09-29,2025-11-02,COMPLETED,34
MS-00375-24-01,PAI-00375,Milestone 24-1,2026-02-26,2026-02-26,COMPLETED,0
MS-00375-24-02,PAI-00375,Milestone 24-2,2026-02-23,2026-04-12,COMPLETED,48
MS-00376-04-01,PAI-00376,Milestone 4-1,2024-06-02,2024-06-17,COMPLETED,15
MS-00376-04-02,PAI-00376,Milestone 4-2,2024-05-29,2024-05-29,COMPLETED,0
MS-00376-08-01,PAI-00376,Milestone 8-1,2024-09-10,,DELAYED,0
MS-00376-08-02,PAI-00376,Milestone 8-2,2024-10-25,2024-11-25,COMPLETED,31
MS-00376-12-01,PAI-00376,Milestone 12-1,2025-03-11,2025-03-20,COMPLETED,9
MS-00376-12-02,PAI-00376,Milestone 12-2,2025-02-26,2025-02-26,COMPLETED,0
MS-00376-16-01,PAI-00376,Milestone 16-1,2025-06-30,2025-08-22,COMPLETED,53
MS-00376-16-02,PAI-00376,Milestone 16-2,2025-05-16,,DELAYED,0
MS-00376-20-01,PAI-00376,Milestone 20-1,2025-10-16,2025-11-11,COMPLETED,26
MS-00376-24-01,PAI-00376,Milestone 24-1,2026-02-21,2026-03-04,COMPLETED,11
MS-00377-04-01,PAI-00377,Milestone 4-1,2024-06-02,2024-07-20,COMPLETED,48
MS-00377-04-02,PAI-00377,Milestone 4-2,2024-06-30,,DELAYED,0
MS-00377-08-01,PAI-00377,Milestone 8-1,2024-11-10,2024-12-20,COMPLETED,40
MS-00377-12-01,PAI-00377,Milestone 12-1,2025-02-28,2025-03-09,COMPLETED,9
MS-00377-16-01,PAI-00377,Milestone 16-1,2025-07-07,2025-07-30,COMPLETED,23
MS-00377-16-02,PAI-00377,Milestone 16-2,2025-05-22,2025-06-20,COMPLETED,29
MS-00377-20-01,PAI-00377,Milestone 20-1,2025-10-31,2025-12-08,COMPLETED,38
MS-00377-20-02,PAI-00377,Milestone 20-2,2025-10-16,,DELAYED,0
MS-00377-24-01,PAI-00377,Milestone 24-1,2026-02-05,2026-02-14,COMPLETED,9
MS-00378-04-01,PAI-00378,Milestone 4-1,2024-06-05,2024-06-13,COMPLETED,8
MS-00378-08-01,PAI-00378,Milestone 8-1,2024-10-17,,DELAYED,0
MS-00378-12-01,PAI-00378,Milestone 12-1,2025-02-13,2025-02-25,COMPLETED,12
MS-00378-16-01,PAI-00378,Milestone 16-1,2025-05-29,2025-07-01,COMPLETED,33
MS-00378-16-02,PAI-00378,Milestone 16-2,2025-05-12,2025-05-25,COMPLETED,13
MS-00378-20-01,PAI-00378,Milestone 20-1,2025-09-16,,DELAYED,0
MS-00378-20-02,PAI-00378,Milestone 20-2,2025-11-01,,DELAYED,0
MS-00378-24-01,PAI-00378,Milestone 24-1,2026-03-04,2026-03-04,COMPLETED,0
MS-00379-04-01,PAI-00379,Milestone 4-1,2024-07-09,2024-09-10,COMPLETED,63
MS-00379-04-02,PAI-00379,Milestone 4-2,2024-07-11,2024-07-18,COMPLETED,7
MS-00379-08-01,PAI-00379,Milestone 8-1,2024-10-01,,DELAYED,0
MS-00379-08-02,PAI-00379,Milestone 8-2,2024-10-17,2024-10-17,COMPLETED,0
MS-00379-12-01,PAI-00379,Milestone 12-1,2025-02-12,2025-04-18,COMPLETED,65
MS-00379-16-01,PAI-00379,Milestone 16-1,2025-06-22,,DELAYED,0
MS-00379-20-01,PAI-00379,Milestone 20-1,2025-09-18,2025-10-03,COMPLETED,15
MS-00379-20-02,PAI-00379,Milestone 20-2,2025-10-28,2025-10-28,COMPLETED,0
MS-00379-24-01,PAI-00379,Milestone 24-1,2026-01-24,2026-02-16,COMPLETED,23
MS-00380-04-01,PAI-00380,Milestone 4-1,2024-06-19,2024-07-10,COMPLETED,21
MS-00380-08-01,PAI-00380,Milestone 8-1,2024-11-16,2024-11-16,COMPLETED,0
MS-00380-12-01,PAI-00380,Milestone 12-1,2025-02-07,2025-02-07,COMPLETED,0
MS-00380-12-02,PAI-00380,Milestone 12-2,2025-01-11,,DELAYED,0
MS-00380-16-01,PAI-00380,Milestone 16-1,2025-07-09,,DELAYED,0
MS-00380-20-01,PAI-00380,Milestone 20-1,2025-10-10,2025-10-10,COMPLETED,0
MS-00380-24-01,PAI-00380,Milestone 24-1,2026-02-26,2026-03-25,COMPLETED,27
MS-00380-24-02,PAI-00380,Milestone 24-2,2026-01-28,2026-01-28,COMPLETED,0
MS-00381-04-01,PAI-00381,Milestone 4-1,2024-05-31,2024-06-02,COMPLETED,2
MS-00381-04-02,PAI-00381,Milestone 4-2,2024-05-25,2024-06-23,COMPLETED,29
MS-00381-08-01,PAI-00381,Milestone 8-1,2024-09-13,2024-09-22,COMPLETED,9
MS-00381-12-01,PAI-00381,Milestone 12-1,2025-03-07,2025-03-31,COMPLETED,24
MS-00381-16-01,PAI-00381,Milestone 16-1,2025-06-09,,DELAYED,0
MS-00381-20-01,PAI-00381,Milestone 20-1,2025-10-25,2025-10-25,COMPLETED,0
MS-00381-24-01,PAI-00381,Milestone 24-1,2026-03-08,2026-04-13,COMPLETED,36
MS-00382-04-01,PAI-00382,Milestone 4-1,2024-06-10,,DELAYED,0
MS-00382-08-01,PAI-00382,Milestone 8-1,2024-09-22,2024-10-04,COMPLETED,12
MS-00382-08-02,PAI-00382,Milestone 8-2,2024-09-21,,DELAYED,0
MS-00382-12-01,PAI-00382,Milestone 12-1,2025-01-20,,DELAYED,0
MS-00382-12-02,PAI-00382,Milestone 12-2,2025-02-13,,DELAYED,0
MS-00382-16-01,PAI-00382,Milestone 16-1,2025-06-11,,DELAYED,0
MS-00382-20-01,PAI-00382,Milestone 20-1,2025-10-28,2025-12-05,COMPLETED,38
MS-00382-20-02,PAI-00382,Milestone 20-2,2025-11-03,,DELAYED,0
MS-00382-24-01,PAI-00382,Milestone 24-1,2026-01-26,,DELAYED,0
MS-00383-04-01,PAI-00383,Milestone 4-1,2024-06-22,,DELAYED,0
MS-00383-04-02,PAI-00383,Milestone 4-2,2024-06-18,,DELAYED,0
MS-00383-08-01,PAI-00383,Milestone 8-1,2024-09-27,,DELAYED,0
MS-00383-08-02,PAI-00383,Milestone 8-2,2024-10-24,2024-11-16,COMPLETED,23
MS-00383-12-01,PAI-00383,Milestone 12-1,2025-02-09,2025-03-05,COMPLETED,24
MS-00383-16-01,PAI-00383,Milestone 16-1,2025-06-17,2025-08-04,COMPLETED,48
MS-00383-16-02,PAI-00383,Milestone 16-2,2025-06-30,2025-08-26,COMPLETED,57
MS-00383-20-01,PAI-00383,Milestone 20-1,2025-11-18,2025-12-17,COMPLETED,29
MS-00383-24-01,PAI-00383,Milestone 24-1,2026-01-20,,DELAYED,0
MS-00383-24-02,PAI-00383,Milestone 24-2,2026-02-12,2026-02-18,COMPLETED,6
MS-00384-04-01,PAI-00384,Milestone 4-1,2024-06-22,2024-07-12,COMPLETED,20
MS-00384-04-02,PAI-00384,Milestone 4-2,2024-06-01,2024-06-13,COMPLETED,12
MS-00384-08-01,PAI-00384,Milestone 8-1,2024-10-13,2024-10-13,COMPLETED,0
MS-00384-12-01,PAI-00384,Milestone 12-1,2025-02-13,2025-02-24,COMPLETED,11
MS-00384-12-02,PAI-00384,Milestone 12-2,2025-01-24,2025-01-24,COMPLETED,0
MS-00384-16-01,PAI-00384,Milestone 16-1,2025-05-22,,DELAYED,0
MS-00384-16-02,PAI-00384,Milestone 16-2,2025-06-10,2025-06-10,COMPLETED,0
MS-00384-20-01,PAI-00384,Milestone 20-1,2025-10-17,2025-10-26,COMPLETED,9
MS-00384-24-01,PAI-00384,Milestone 24-1,2026-03-07,2026-03-12,COMPLETED,5
MS-00385-04-01,PAI-00385,Milestone 4-1,2024-06-16,2024-08-12,COMPLETED,57
MS-00385-04-02,PAI-00385,Milestone 4-2,2024-07-01,,DELAYED,0
MS-00385-08-01,PAI-00385,Milestone 8-1,2024-10-29,2024-11-30,COMPLETED,32
MS-00385-08-02,PAI-00385,Milestone 8-2,2024-09-10,2024-09-23,COMPLETED,13
MS-00385-12-01,PAI-00385,Milestone 12-1,2025-02-15,2025-03-10,COMPLETED,23
MS-00385-12-02,PAI-00385,Milestone 12-2,2025-03-16,2025-04-17,COMPLETED,32
MS-00385-16-01,PAI-00385,Milestone 16-1,2025-07-13,2025-07-13,COMPLETED,0
MS-00385-16-02,PAI-00385,Milestone 16-2,2025-05-25,2025-06-11,COMPLETED,17
MS-00385-20-01,PAI-00385,Milestone 20-1,2025-11-06,2025-11-17,COMPLETED,11
MS-00385-24-01,PAI-00385,Milestone 24-1,2026-03-06,,DELAYED,0
MS-00386-04-01,PAI-00386,Milestone 4-1,2024-06-24,,DELAYED,0
MS-00386-04-02,PAI-00386,Milestone 4-2,2024-05-27,2024-06-20,COMPLETED,24
MS-00386-08-01,PAI-00386,Milestone 8-1,2024-10-19,,DELAYED,0
MS-00386-12-01,PAI-00386,Milestone 12-1,2025-02-23,2025-03-30,COMPLETED,35
MS-00386-12-02,PAI-00386,Milestone 12-2,2025-02-27,,DELAYED,0
MS-00386-16-01,PAI-00386,Milestone 16-1,2025-05-31,,DELAYED,0
MS-00386-16-02,PAI-00386,Milestone 16-2,2025-07-13,,DELAYED,0
MS-00386-20-01,PAI-00386,Milestone 20-1,2025-10-27,2025-12-28,COMPLETED,62
MS-00386-20-02,PAI-00386,Milestone 20-2,2025-10-02,,DELAYED,0
MS-00386-24-01,PAI-00386,Milestone 24-1,2026-02-14,,DELAYED,0
MS-00387-04-01,PAI-00387,Milestone 4-1,2024-06-20,,DELAYED,0
MS-00387-08-01,PAI-00387,Milestone 8-1,2024-11-01,,DELAYED,0
MS-00387-08-02,PAI-00387,Milestone 8-2,2024-09-21,,DELAYED,0
MS-00387-12-01,PAI-00387,Milestone 12-1,2025-01-13,,DELAYED,0
MS-00387-16-01,PAI-00387,Milestone 16-1,2025-06-27,,DELAYED,0
MS-00387-20-01,PAI-00387,Milestone 20-1,2025-10-26,2025-10-31,COMPLETED,5
MS-00387-24-01,PAI-00387,Milestone 24-1,2026-01-24,,DELAYED,0
MS-00388-04-01,PAI-00388,Milestone 4-1,2024-05-10,2024-05-10,COMPLETED,0
MS-00388-08-01,PAI-00388,Milestone 8-1,2024-11-15,2024-11-27,COMPLETED,12
MS-00388-12-01,PAI-00388,Milestone 12-1,2025-03-15,2025-03-15,COMPLETED,0
MS-00388-16-01,PAI-00388,Milestone 16-1,2025-06-16,,DELAYED,0
MS-00388-16-02,PAI-00388,Milestone 16-2,2025-05-10,,DELAYED,0
MS-00388-20-01,PAI-00388,Milestone 20-1,2025-11-03,2025-12-07,COMPLETED,34
MS-00388-24-01,PAI-00388,Milestone 24-1,2026-02-03,,DELAYED,0
MS-00388-24-02,PAI-00388,Milestone 24-2,2026-01-25,2026-02-09,COMPLETED,15
MS-00389-04-01,PAI-00389,Milestone 4-1,2024-05-31,,DELAYED,0
MS-00389-04-02,PAI-00389,Milestone 4-2,2024-05-28,2024-07-03,COMPLETED,36
MS-00389-08-01,PAI-00389,Milestone 8-1,2024-09-26,2024-11-04,COMPLETED,39
MS-00389-12-01,PAI-00389,Milestone 12-1,2025-01-23,,DELAYED,0
MS-00389-16-01,PAI-00389,Milestone 16-1,2025-05-28,2025-07-19,COMPLETED,52
MS-00389-16-02,PAI-00389,Milestone 16-2,2025-07-18,2025-07-18,COMPLETED,0
MS-00389-20-01,PAI-00389,Milestone 20-1,2025-10-01,,DELAYED,0
MS-00389-24-01,PAI-00389,Milestone 24-1,2026-03-15,2026-04-22,COMPLETED,38
MS-00390-04-01,PAI-00390,Milestone 4-1,2024-06-07,2024-06-19,COMPLETED,12
MS-00390-08-01,PAI-00390,Milestone 8-1,2024-09-14,2024-10-09,COMPLETED,25
MS-00390-08-02,PAI-00390,Milestone 8-2,2024-10-14,2024-10-27,COMPLETED,13
MS-00390-12-01,PAI-00390,Milestone 12-1,2025-02-12,,DELAYED,0
MS-00390-16-01,PAI-00390,Milestone 16-1,2025-05-14,2025-05-24,COMPLETED,10
MS-00390-16-02,PAI-00390,Milestone 16-2,2025-06-15,2025-07-23,COMPLETED,38
MS-00390-20-01,PAI-00390,Milestone 20-1,2025-10-20,2025-11-04,COMPLETED,15
MS-00390-24-01,PAI-00390,Milestone 24-1,2026-01-30,2026-01-30,COMPLETED,0
MS-00390-24-02,PAI-00390,Milestone 24-2,2026-01-29,2026-01-29,COMPLETED,0
MS-00391-04-01,PAI-00391,Milestone 4-1,2024-07-02,2024-08-08,COMPLETED,37
MS-00391-04-02,PAI-00391,Milestone 4-2,2024-06-28,2024-07-26,COMPLETED,28
MS-00391-08-01,PAI-00391,Milestone 8-1,2024-11-06,2024-11-12,COMPLETED,6
MS-00391-08-02,PAI-00391,Milestone 8-2,2024-09-20,2024-11-05,COMPLETED,46
MS-00391-12-01,PAI-00391,Milestone 12-1,2025-02-19,2025-03-13,COMPLETED,22
MS-00391-16-01,PAI-00391,Milestone 16-1,2025-06-19,2025-06-19,COMPLETED,0
MS-00391-16-02,PAI-00391,Milestone 16-2,2025-06-20,2025-08-16,COMPLETED,57
MS-00391-20-01,PAI-00391,Milestone 20-1,2025-10-22,2025-11-09,COMPLETED,18
MS-00391-24-01,PAI-00391,Milestone 24-1,2026-02-19,2026-03-06,COMPLETED,15
MS-00392-04-01,PAI-00392,Milestone 4-1,2024-06-06,,DELAYED,0
MS-00392-08-01,PAI-00392,Milestone 8-1,2024-11-04,2024-11-04,COMPLETED,0
MS-00392-12-01,PAI-00392,Milestone 12-1,2025-03-06,,DELAYED,0
MS-00392-16-01,PAI-00392,Milestone 16-1,2025-06-10,2025-06-24,COMPLETED,14
MS-00392-20-01,PAI-00392,Milestone 20-1,2025-10-03,2025-10-04,COMPLETED,1
MS-00392-20-02,PAI-00392,Milestone 20-2,2025-11-11,2025-12-08,COMPLETED,27
MS-00392-24-01,PAI-00392,Milestone 24-1,2026-01-16,,DELAYED,0
MS-00393-04-01,PAI-00393,Milestone 4-1,2024-07-01,2024-07-22,COMPLETED,21
MS-00393-04-02,PAI-00393,Milestone 4-2,2024-06-07,2024-07-21,COMPLETED,44
MS-00393-08-01,PAI-00393,Milestone 8-1,2024-10-03,2024-11-22,COMPLETED,50
MS-00393-12-01,PAI-00393,Milestone 12-1,2025-01-21,,DELAYED,0
MS-00393-16-01,PAI-00393,Milestone 16-1,2025-06-21,2025-07-27,COMPLETED,36
MS-00393-20-01,PAI-00393,Milestone 20-1,2025-11-03,2025-12-08,COMPLETED,35
MS-00393-24-01,PAI-00393,Milestone 24-1,2026-03-06,2026-04-12,COMPLETED,37
MS-00394-04-01,PAI-00394,Milestone 4-1,2024-05-28,2024-06-26,COMPLETED,29
MS-00394-04-02,PAI-00394,Milestone 4-2,2024-06-25,2024-07-11,COMPLETED,16
MS-00394-08-01,PAI-00394,Milestone 8-1,2024-11-12,2024-11-12,COMPLETED,0
MS-00394-08-02,PAI-00394,Milestone 8-2,2024-09-27,,DELAYED,0
MS-00394-12-01,PAI-00394,Milestone 12-1,2025-03-05,2025-03-17,COMPLETED,12
MS-00394-16-01,PAI-00394,Milestone 16-1,2025-07-18,2025-07-18,COMPLETED,0
MS-00394-16-02,PAI-00394,Milestone 16-2,2025-05-23,2025-06-03,COMPLETED,11
MS-00394-20-01,PAI-00394,Milestone 20-1,2025-09-28,,DELAYED,0
MS-00394-24-01,PAI-00394,Milestone 24-1,2026-01-30,2026-02-04,COMPLETED,5
MS-00395-04-01,PAI-00395,Milestone 4-1,2024-07-17,2024-08-09,COMPLETED,23
MS-00395-04-02,PAI-00395,Milestone 4-2,2024-05-29,2024-06-07,COMPLETED,9
MS-00395-08-01,PAI-00395,Milestone 8-1,2024-10-09,,DELAYED,0
MS-00395-12-01,PAI-00395,Milestone 12-1,2025-02-10,2025-03-28,COMPLETED,46
MS-00395-12-02,PAI-00395,Milestone 12-2,2025-01-25,2025-02-09,COMPLETED,15
MS-00395-16-01,PAI-00395,Milestone 16-1,2025-05-15,2025-05-15,COMPLETED,0
MS-00395-16-02,PAI-00395,Milestone 16-2,2025-07-08,,DELAYED,0
MS-00395-20-01,PAI-00395,Milestone 20-1,2025-10-27,2025-12-02,COMPLETED,36
MS-00395-20-02,PAI-00395,Milestone 20-2,2025-11-11,2025-12-09,COMPLETED,28
MS-00395-24-01,PAI-00395,Milestone 24-1,2026-01-30,2026-02-08,COMPLETED,9
MS-00395-24-02,PAI-00395,Milestone 24-2,2026-03-15,2026-04-19,COMPLETED,35
MS-00396-04-01,PAI-00396,Milestone 4-1,2024-05-20,2024-06-26,COMPLETED,37
MS-00396-04-02,PAI-00396,Milestone 4-2,2024-06-20,2024-07-15,COMPLETED,25
MS-00396-08-01,PAI-00396,Milestone 8-1,2024-10-01,,DELAYED,0
MS-00396-12-01,PAI-00396,Milestone 12-1,2025-02-18,,DELAYED,0
MS-00396-12-02,PAI-00396,Milestone 12-2,2025-02-28,,DELAYED,0
MS-00396-16-01,PAI-00396,Milestone 16-1,2025-07-04,,DELAYED,0
MS-00396-16-02,PAI-00396,Milestone 16-2,2025-06-22,2025-07-03,COMPLETED,11
MS-00396-20-01,PAI-00396,Milestone 20-1,2025-09-23,2025-10-20,COMPLETED,27
MS-00396-20-02,PAI-00396,Milestone 20-2,2025-10-10,,DELAYED,0
MS-00396-24-01,PAI-00396,Milestone 24-1,2026-01-19,2026-01-19,COMPLETED,0
MS-00397-04-01,PAI-00397,Milestone 4-1,2024-07-10,2024-07-27,COMPLETED,17
MS-00397-04-02,PAI-00397,Milestone 4-2,2024-05-25,2024-06-01,COMPLETED,7
MS-00397-08-01,PAI-00397,Milestone 8-1,2024-09-17,2024-09-29,COMPLETED,12
MS-00397-08-02,PAI-00397,Milestone 8-2,2024-10-07,2024-11-05,COMPLETED,29
MS-00397-12-01,PAI-00397,Milestone 12-1,2025-02-15,2025-03-22,COMPLETED,35
MS-00397-12-02,PAI-00397,Milestone 12-2,2025-03-09,2025-03-23,COMPLETED,14
MS-00397-16-01,PAI-00397,Milestone 16-1,2025-06-30,2025-06-30,COMPLETED,0
MS-00397-16-02,PAI-00397,Milestone 16-2,2025-05-28,2025-05-29,COMPLETED,1
MS-00397-20-01,PAI-00397,Milestone 20-1,2025-10-01,2025-11-11,COMPLETED,41
MS-00397-24-01,PAI-00397,Milestone 24-1,2026-01-10,,DELAYED,0
MS-00397-24-02,PAI-00397,Milestone 24-2,2026-01-12,2026-01-16,COMPLETED,4
MS-00398-04-01,PAI-00398,Milestone 4-1,2024-06-24,,DELAYED,0
MS-00398-08-01,PAI-00398,Milestone 8-1,2024-09-25,2024-10-27,COMPLETED,32
MS-00398-12-01,PAI-00398,Milestone 12-1,2025-02-09,,DELAYED,0
MS-00398-12-02,PAI-00398,Milestone 12-2,2025-03-10,2025-04-20,COMPLETED,41
MS-00398-16-01,PAI-00398,Milestone 16-1,2025-06-29,,DELAYED,0
MS-00398-16-02,PAI-00398,Milestone 16-2,2025-06-08,2025-07-29,COMPLETED,51
MS-00398-20-01,PAI-00398,Milestone 20-1,2025-09-20,,DELAYED,0
MS-00398-20-02,PAI-00398,Milestone 20-2,2025-10-29,,DELAYED,0
MS-00398-24-01,PAI-00398,Milestone 24-1,2026-02-03,,DELAYED,0
MS-00399-04-01,PAI-00399,Milestone 4-1,2024-06-23,,DELAYED,0
MS-00399-04-02,PAI-00399,Milestone 4-2,2024-07-12,,DELAYED,0
MS-00399-08-01,PAI-00399,Milestone 8-1,2024-11-02,,DELAYED,0
MS-00399-08-02,PAI-00399,Milestone 8-2,2024-09-26,2024-11-14,COMPLETED,49
MS-00399-12-01,PAI-00399,Milestone 12-1,2025-02-14,2025-02-15,COMPLETED,1
MS-00399-16-01,PAI-00399,Milestone 16-1,2025-07-14,,DELAYED,0
MS-00399-20-01,PAI-00399,Milestone 20-1,2025-09-10,,DELAYED,0
MS-00399-20-02,PAI-00399,Milestone 20-2,2025-11-07,,DELAYED,0
MS-00399-24-01,PAI-00399,Milestone 24-1,2026-03-12,,DELAYED,0
MS-00399-24-02,PAI-00399,Milestone 24-2,2026-01-25,2026-03-26,COMPLETED,60
MS-00400-04-01,PAI-00400,Milestone 4-1,2024-06-25,,DELAYED,0
MS-00400-04-02,PAI-00400,Milestone 4-2,2024-07-03,2024-07-25,COMPLETED,22
MS-00400-08-01,PAI-00400,Milestone 8-1,2024-09-28,2024-10-15,COMPLETED,17
MS-00400-08-02,PAI-00400,Milestone 8-2,2024-10-04,,DELAYED,0
MS-00400-12-01,PAI-00400,Milestone 12-1,2025-03-05,2025-03-05,COMPLETED,0
MS-00400-12-02,PAI-00400,Milestone 12-2,2025-03-03,2025-04-05,COMPLETED,33
MS-00400-16-01,PAI-00400,Milestone 16-1,2025-05-31,2025-06-15,COMPLETED,15
MS-00400-20-01,PAI-00400,Milestone 20-1,2025-09-13,2025-09-30,COMPLETED,17
MS-00400-20-02,PAI-00400,Milestone 20-2,2025-10-24,,DELAYED,0
MS-00400-24-01,PAI-00400,Milestone 24-1,2026-01-30,2026-02-23,COMPLETED,24
MS-00401-04-01,PAI-00401,Milestone 4-1,2024-06-15,,DELAYED,0
MS-00401-08-01,PAI-00401,Milestone 8-1,2024-10-31,2024-10-31,COMPLETED,0
MS-00401-08-02,PAI-00401,Milestone 8-2,2024-10-07,2024-10-07,COMPLETED,0
MS-00401-12-01,PAI-00401,Milestone 12-1,2025-03-10,2025-03-17,COMPLETED,7
MS-00401-12-02,PAI-00401,Milestone 12-2,2025-01-28,2025-01-28,COMPLETED,0
MS-00401-16-01,PAI-00401,Milestone 16-1,2025-05-31,,DELAYED,0
MS-00401-16-02,PAI-00401,Milestone 16-2,2025-07-10,2025-07-27,COMPLETED,17
MS-00401-20-01,PAI-00401,Milestone 20-1,2025-11-03,2025-11-03,COMPLETED,0
MS-00401-24-01,PAI-00401,Milestone 24-1,2026-01-10,,DELAYED,0
MS-00401-24-02,PAI-00401,Milestone 24-2,2026-03-06,2026-03-15,COMPLETED,9
MS-00402-04-01,PAI-00402,Milestone 4-1,2024-05-30,2024-07-07,COMPLETED,38
MS-00402-04-02,PAI-00402,Milestone 4-2,2024-05-14,2024-07-31,COMPLETED,78
MS-00402-08-01,PAI-00402,Milestone 8-1,2024-10-26,,DELAYED,0
MS-00402-08-02,PAI-00402,Milestone 8-2,2024-09-28,2024-12-08,COMPLETED,71
MS-00402-12-01,PAI-00402,Milestone 12-1,2025-01-16,2025-01-16,COMPLETED,0
MS-00402-12-02,PAI-00402,Milestone 12-2,2025-01-22,2025-03-05,COMPLETED,42
MS-00402-16-01,PAI-00402,Milestone 16-1,2025-06-25,,DELAYED,0
MS-00402-16-02,PAI-00402,Milestone 16-2,2025-06-05,2025-08-21,COMPLETED,77
MS-00402-20-01,PAI-00402,Milestone 20-1,2025-09-24,2025-11-04,COMPLETED,41
MS-00402-20-02,PAI-00402,Milestone 20-2,2025-11-07,,DELAYED,0
MS-00402-24-01,PAI-00402,Milestone 24-1,2026-01-27,,DELAYED,0
MS-00402-24-02,PAI-00402,Milestone 24-2,2026-03-01,,DELAYED,0
MS-00403-04-01,PAI-00403,Milestone 4-1,2024-06-14,2024-06-24,COMPLETED,10
MS-00403-04-02,PAI-00403,Milestone 4-2,2024-05-15,2024-06-03,COMPLETED,19
MS-00403-08-01,PAI-00403,Milestone 8-1,2024-11-03,2024-12-01,COMPLETED,28
MS-00403-12-01,PAI-00403,Milestone 12-1,2025-01-12,2025-01-23,COMPLETED,11
MS-00403-12-02,PAI-00403,Milestone 12-2,2025-02-09,2025-03-26,COMPLETED,45
MS-00403-16-01,PAI-00403,Milestone 16-1,2025-07-11,2025-08-06,COMPLETED,26
MS-00403-16-02,PAI-00403,Milestone 16-2,2025-06-05,,DELAYED,0
MS-00403-20-01,PAI-00403,Milestone 20-1,2025-10-10,2025-11-20,COMPLETED,41
MS-00403-20-02,PAI-00403,Milestone 20-2,2025-10-30,2025-11-17,COMPLETED,18
MS-00403-24-01,PAI-00403,Milestone 24-1,2026-01-25,,DELAYED,0
MS-00403-24-02,PAI-00403,Milestone 24-2,2026-02-14,,DELAYED,0
MS-00404-04-01,PAI-00404,Milestone 4-1,2024-06-17,2024-06-17,COMPLETED,0
MS-00404-04-02,PAI-00404,Milestone 4-2,2024-07-13,2024-07-20,COMPLETED,7
MS-00404-08-01,PAI-00404,Milestone 8-1,2024-09-19,,DELAYED,0
MS-00404-08-02,PAI-00404,Milestone 8-2,2024-11-01,2024-11-01,COMPLETED,0
MS-00404-12-01,PAI-00404,Milestone 12-1,2025-01-20,2025-01-23,COMPLETED,3
MS-00404-12-02,PAI-00404,Milestone 12-2,2025-02-23,,DELAYED,0
MS-00404-16-01,PAI-00404,Milestone 16-1,2025-05-24,2025-05-24,COMPLETED,0
MS-00404-20-01,PAI-00404,Milestone 20-1,2025-10-27,,DELAYED,0
MS-00404-24-01,PAI-00404,Milestone 24-1,2026-02-08,,DELAYED,0
MS-00404-24-02,PAI-00404,Milestone 24-2,2026-02-10,2026-02-10,COMPLETED,0
MS-00405-04-01,PAI-00405,Milestone 4-1,2024-06-19,2024-08-15,COMPLETED,57
MS-00405-08-01,PAI-00405,Milestone 8-1,2024-10-04,2024-10-04,COMPLETED,0
MS-00405-12-01,PAI-00405,Milestone 12-1,2025-02-19,2025-02-19,COMPLETED,0
MS-00405-12-02,PAI-00405,Milestone 12-2,2025-01-11,,DELAYED,0
MS-00405-16-01,PAI-00405,Milestone 16-1,2025-06-09,2025-06-23,COMPLETED,14
MS-00405-16-02,PAI-00405,Milestone 16-2,2025-07-02,,DELAYED,0
MS-00405-20-01,PAI-00405,Milestone 20-1,2025-10-02,2025-11-01,COMPLETED,30
MS-00405-20-02,PAI-00405,Milestone 20-2,2025-10-19,2025-10-19,COMPLETED,0
MS-00405-24-01,PAI-00405,Milestone 24-1,2026-02-17,2026-03-18,COMPLETED,29
MS-00405-24-02,PAI-00405,Milestone 24-2,2026-02-12,,DELAYED,0
MS-00406-04-01,PAI-00406,Milestone 4-1,2024-06-04,2024-07-14,COMPLETED,40
MS-00406-04-02,PAI-00406,Milestone 4-2,2024-06-22,2024-07-14,COMPLETED,22
MS-00406-08-01,PAI-00406,Milestone 8-1,2024-09-30,2024-10-21,COMPLETED,21
MS-00406-12-01,PAI-00406,Milestone 12-1,2025-03-06,,DELAYED,0
MS-00406-16-01,PAI-00406,Milestone 16-1,2025-05-10,,DELAYED,0
MS-00406-16-02,PAI-00406,Milestone 16-2,2025-05-29,2025-06-27,COMPLETED,29
MS-00406-20-01,PAI-00406,Milestone 20-1,2025-11-11,2025-11-25,COMPLETED,14
MS-00406-20-02,PAI-00406,Milestone 20-2,2025-11-16,,DELAYED,0
MS-00406-24-01,PAI-00406,Milestone 24-1,2026-03-14,2026-03-29,COMPLETED,15
MS-00406-24-02,PAI-00406,Milestone 24-2,2026-01-18,2026-01-28,COMPLETED,10
MS-00407-04-01,PAI-00407,Milestone 4-1,2024-06-18,,DELAYED,0
MS-00407-04-02,PAI-00407,Milestone 4-2,2024-06-20,,DELAYED,0
MS-00407-08-01,PAI-00407,Milestone 8-1,2024-10-22,2024-11-02,COMPLETED,11
MS-00407-08-02,PAI-00407,Milestone 8-2,2024-11-11,,DELAYED,0
MS-00407-12-01,PAI-00407,Milestone 12-1,2025-03-05,2025-05-11,COMPLETED,67
MS-00407-16-01,PAI-00407,Milestone 16-1,2025-07-17,2025-08-23,COMPLETED,37
MS-00407-20-01,PAI-00407,Milestone 20-1,2025-09-20,2025-11-25,COMPLETED,66
MS-00407-24-01,PAI-00407,Milestone 24-1,2026-03-04,2026-04-19,COMPLETED,46
MS-00408-04-01,PAI-00408,Milestone 4-1,2024-06-25,,DELAYED,0
MS-00408-04-02,PAI-00408,Milestone 4-2,2024-05-19,2024-05-22,COMPLETED,3
MS-00408-08-01,PAI-00408,Milestone 8-1,2024-11-03,2024-11-03,COMPLETED,0
MS-00408-12-01,PAI-00408,Milestone 12-1,2025-03-05,2025-03-10,COMPLETED,5
MS-00408-16-01,PAI-00408,Milestone 16-1,2025-07-08,2025-07-27,COMPLETED,19
MS-00408-16-02,PAI-00408,Milestone 16-2,2025-05-26,,DELAYED,0
MS-00408-20-01,PAI-00408,Milestone 20-1,2025-10-07,2025-10-20,COMPLETED,13
MS-00408-24-01,PAI-00408,Milestone 24-1,2026-02-09,,DELAYED,0
MS-00409-04-01,PAI-00409,Milestone 4-1,2024-05-28,,DELAYED,0
MS-00409-08-01,PAI-00409,Milestone 8-1,2024-10-29,,DELAYED,0
MS-00409-12-01,PAI-00409,Milestone 12-1,2025-02-04,,DELAYED,0
MS-00409-16-01,PAI-00409,Milestone 16-1,2025-06-03,2025-06-08,COMPLETED,5
MS-00409-16-02,PAI-00409,Milestone 16-2,2025-06-19,,DELAYED,0
MS-00409-20-01,PAI-00409,Milestone 20-1,2025-11-10,2025-11-11,COMPLETED,1
MS-00409-20-02,PAI-00409,Milestone 20-2,2025-10-02,2025-10-03,COMPLETED,1
MS-00409-24-01,PAI-00409,Milestone 24-1,2026-03-12,2026-03-12,COMPLETED,0
MS-00410-04-01,PAI-00410,Milestone 4-1,2024-06-14,,DELAYED,0
MS-00410-08-01,PAI-00410,Milestone 8-1,2024-10-08,2024-10-08,COMPLETED,0
MS-00410-08-02,PAI-00410,Milestone 8-2,2024-09-14,2024-11-24,COMPLETED,71
MS-00410-12-01,PAI-00410,Milestone 12-1,2025-03-02,2025-03-29,COMPLETED,27
MS-00410-16-01,PAI-00410,Milestone 16-1,2025-06-14,,DELAYED,0
MS-00410-16-02,PAI-00410,Milestone 16-2,2025-07-12,,DELAYED,0
MS-00410-20-01,PAI-00410,Milestone 20-1,2025-11-13,,DELAYED,0
MS-00410-24-01,PAI-00410,Milestone 24-1,2026-03-13,2026-03-20,COMPLETED,7
MS-00411-04-01,PAI-00411,Milestone 4-1,2024-06-26,2024-07-16,COMPLETED,20
MS-00411-04-02,PAI-00411,Milestone 4-2,2024-06-27,,DELAYED,0
MS-00411-08-01,PAI-00411,Milestone 8-1,2024-09-12,2024-10-16,COMPLETED,34
MS-00411-12-01,PAI-00411,Milestone 12-1,2025-01-26,,DELAYED,0
MS-00411-16-01,PAI-00411,Milestone 16-1,2025-06-14,,DELAYED,0
MS-00411-16-02,PAI-00411,Milestone 16-2,2025-05-19,,DELAYED,0
MS-00411-20-01,PAI-00411,Milestone 20-1,2025-10-27,2025-11-08,COMPLETED,12
MS-00411-24-01,PAI-00411,Milestone 24-1,2026-02-27,2026-04-01,COMPLETED,33
MS-00411-24-02,PAI-00411,Milestone 24-2,2026-02-09,2026-02-09,COMPLETED,0
MS-00412-04-01,PAI-00412,Milestone 4-1,2024-06-06,,DELAYED,0
MS-00412-08-01,PAI-00412,Milestone 8-1,2024-09-17,,DELAYED,0
MS-00412-08-02,PAI-00412,Milestone 8-2,2024-11-08,,DELAYED,0
MS-00412-12-01,PAI-00412,Milestone 12-1,2025-03-06,2025-03-06,COMPLETED,0
MS-00412-12-02,PAI-00412,Milestone 12-2,2025-02-09,,DELAYED,0
MS-00412-16-01,PAI-00412,Milestone 16-1,2025-05-22,2025-06-12,COMPLETED,21
MS-00412-20-01,PAI-00412,Milestone 20-1,2025-09-25,,DELAYED,0
MS-00412-24-01,PAI-00412,Milestone 24-1,2026-03-06,2026-03-28,COMPLETED,22
MS-00413-04-01,PAI-00413,Milestone 4-1,2024-07-16,2024-07-21,COMPLETED,5
MS-00413-04-02,PAI-00413,Milestone 4-2,2024-05-16,,DELAYED,0
MS-00413-08-01,PAI-00413,Milestone 8-1,2024-10-12,2024-12-28,COMPLETED,77
MS-00413-08-02,PAI-00413,Milestone 8-2,2024-10-24,2025-01-07,COMPLETED,75
MS-00413-12-01,PAI-00413,Milestone 12-1,2025-01-19,2025-02-15,COMPLETED,27
MS-00413-16-01,PAI-00413,Milestone 16-1,2025-05-19,,DELAYED,0
MS-00413-16-02,PAI-00413,Milestone 16-2,2025-06-21,2025-06-21,COMPLETED,0
MS-00413-20-01,PAI-00413,Milestone 20-1,2025-10-04,,DELAYED,0
MS-00413-24-01,PAI-00413,Milestone 24-1,2026-02-07,2026-03-16,COMPLETED,37
MS-00414-04-01,PAI-00414,Milestone 4-1,2024-07-15,,DELAYED,0
MS-00414-04-02,PAI-00414,Milestone 4-2,2024-06-06,2024-06-06,COMPLETED,0
MS-00414-08-01,PAI-00414,Milestone 8-1,2024-10-01,,DELAYED,0
MS-00414-12-01,PAI-00414,Milestone 12-1,2025-03-17,,DELAYED,0
MS-00414-12-02,PAI-00414,Milestone 12-2,2025-01-12,2025-01-12,COMPLETED,0
MS-00414-16-01,PAI-00414,Milestone 16-1,2025-07-15,2025-07-15,COMPLETED,0
MS-00414-20-01,PAI-00414,Milestone 20-1,2025-09-10,2025-09-18,COMPLETED,8
MS-00414-20-02,PAI-00414,Milestone 20-2,2025-10-04,2025-10-04,COMPLETED,0
MS-00414-24-01,PAI-00414,Milestone 24-1,2026-01-14,2026-01-23,COMPLETED,9
MS-00414-24-02,PAI-00414,Milestone 24-2,2026-03-20,2026-03-28,COMPLETED,8
MS-00415-04-01,PAI-00415,Milestone 4-1,2024-06-15,2024-06-15,COMPLETED,0
MS-00415-04-02,PAI-00415,Milestone 4-2,2024-06-28,2024-07-10,COMPLETED,12
MS-00415-08-01,PAI-00415,Milestone 8-1,2024-10-30,2024-11-24,COMPLETED,25
MS-00415-08-02,PAI-00415,Milestone 8-2,2024-11-06,2024-11-06,COMPLETED,0
MS-00415-12-01,PAI-00415,Milestone 12-1,2025-02-08,2025-02-18,COMPLETED,10
MS-00415-16-01,PAI-00415,Milestone 16-1,2025-06-09,2025-06-09,COMPLETED,0
MS-00415-16-02,PAI-00415,Milestone 16-2,2025-07-02,2025-07-02,COMPLETED,0
MS-00415-20-01,PAI-00415,Milestone 20-1,2025-11-05,2025-12-02,COMPLETED,27
MS-00415-24-01,PAI-00415,Milestone 24-1,2026-02-26,2026-03-01,COMPLETED,3
MS-00416-04-01,PAI-00416,Milestone 4-1,2024-05-19,,DELAYED,0
MS-00416-04-02,PAI-00416,Milestone 4-2,2024-06-18,,DELAYED,0
MS-00416-08-01,PAI-00416,Milestone 8-1,2024-11-13,,DELAYED,0
MS-00416-08-02,PAI-00416,Milestone 8-2,2024-11-12,,DELAYED,0
MS-00416-12-01,PAI-00416,Milestone 12-1,2025-01-15,2025-02-08,COMPLETED,24
MS-00416-12-02,PAI-00416,Milestone 12-2,2025-03-01,2025-03-21,COMPLETED,20
MS-00416-16-01,PAI-00416,Milestone 16-1,2025-05-26,,DELAYED,0
MS-00416-16-02,PAI-00416,Milestone 16-2,2025-05-31,,DELAYED,0
MS-00416-20-01,PAI-00416,Milestone 20-1,2025-10-29,,DELAYED,0
MS-00416-20-02,PAI-00416,Milestone 20-2,2025-09-14,2025-10-30,COMPLETED,46
MS-00416-24-01,PAI-00416,Milestone 24-1,2026-02-22,2026-03-24,COMPLETED,30
MS-00416-24-02,PAI-00416,Milestone 24-2,2026-03-05,2026-04-13,COMPLETED,39
MS-00417-04-01,PAI-00417,Milestone 4-1,2024-05-27,,DELAYED,0
MS-00417-08-01,PAI-00417,Milestone 8-1,2024-11-08,2024-12-09,COMPLETED,31
MS-00417-08-02,PAI-00417,Milestone 8-2,2024-11-18,2024-11-27,COMPLETED,9
MS-00417-12-01,PAI-00417,Milestone 12-1,2025-03-04,2025-03-04,COMPLETED,0
MS-00417-12-02,PAI-00417,Milestone 12-2,2025-03-14,2025-04-23,COMPLETED,40
MS-00417-16-01,PAI-00417,Milestone 16-1,2025-07-06,2025-07-06,COMPLETED,0
MS-00417-20-01,PAI-00417,Milestone 20-1,2025-09-26,2025-11-09,COMPLETED,44
MS-00417-20-02,PAI-00417,Milestone 20-2,2025-09-28,,DELAYED,0
MS-00417-24-01,PAI-00417,Milestone 24-1,2026-02-19,,DELAYED,0
MS-00417-24-02,PAI-00417,Milestone 24-2,2026-02-18,2026-03-01,COMPLETED,11
MS-00418-04-01,PAI-00418,Milestone 4-1,2024-05-28,2024-05-28,COMPLETED,0
MS-00418-08-01,PAI-00418,Milestone 8-1,2024-10-21,2024-10-26,COMPLETED,5
MS-00418-08-02,PAI-00418,Milestone 8-2,2024-09-16,2024-09-16,COMPLETED,0
MS-00418-12-01,PAI-00418,Milestone 12-1,2025-01-22,2025-02-07,COMPLETED,16
MS-00418-12-02,PAI-00418,Milestone 12-2,2025-01-27,,DELAYED,0
MS-00418-16-01,PAI-00418,Milestone 16-1,2025-05-20,,DELAYED,0
MS-00418-16-02,PAI-00418,Milestone 16-2,2025-05-24,2025-06-01,COMPLETED,8
MS-00418-20-01,PAI-00418,Milestone 20-1,2025-10-09,2025-10-14,COMPLETED,5
MS-00418-20-02,PAI-00418,Milestone 20-2,2025-11-02,2025-12-20,COMPLETED,48
MS-00418-24-01,PAI-00418,Milestone 24-1,2026-01-14,2026-02-27,COMPLETED,44
MS-00419-04-01,PAI-00419,Milestone 4-1,2024-06-11,2024-06-20,COMPLETED,9
MS-00419-04-02,PAI-00419,Milestone 4-2,2024-06-04,2024-06-04,COMPLETED,0
MS-00419-08-01,PAI-00419,Milestone 8-1,2024-09-30,,DELAYED,0
MS-00419-12-01,PAI-00419,Milestone 12-1,2025-01-10,2025-01-29,COMPLETED,19
MS-00419-16-01,PAI-00419,Milestone 16-1,2025-06-02,2025-07-12,COMPLETED,40
MS-00419-16-02,PAI-00419,Milestone 16-2,2025-06-29,,DELAYED,0
MS-00419-20-01,PAI-00419,Milestone 20-1,2025-11-06,2025-12-30,COMPLETED,54
MS-00419-20-02,PAI-00419,Milestone 20-2,2025-09-26,,DELAYED,0
MS-00419-24-01,PAI-00419,Milestone 24-1,2026-01-26,2026-02-25,COMPLETED,30
MS-00420-04-01,PAI-00420,Milestone 4-1,2024-06-27,2024-07-22,COMPLETED,25
MS-00420-08-01,PAI-00420,Milestone 8-1,2024-09-25,2024-10-17,COMPLETED,22
MS-00420-08-02,PAI-00420,Milestone 8-2,2024-10-19,2024-10-24,COMPLETED,5
MS-00420-12-01,PAI-00420,Milestone 12-1,2025-03-02,,DELAYED,0
MS-00420-16-01,PAI-00420,Milestone 16-1,2025-05-31,2025-06-25,COMPLETED,25
MS-00420-20-01,PAI-00420,Milestone 20-1,2025-11-08,2025-11-08,COMPLETED,0
MS-00420-24-01,PAI-00420,Milestone 24-1,2026-02-09,2026-02-09,COMPLETED,0
MS-00421-04-01,PAI-00421,Milestone 4-1,2024-06-06,2024-06-06,COMPLETED,0
MS-00421-08-01,PAI-00421,Milestone 8-1,2024-11-15,2024-11-26,COMPLETED,11
MS-00421-12-01,PAI-00421,Milestone 12-1,2025-01-12,2025-02-26,COMPLETED,45
MS-00421-12-02,PAI-00421,Milestone 12-2,2025-02-03,2025-03-07,COMPLETED,32
MS-00421-16-01,PAI-00421,Milestone 16-1,2025-07-16,,DELAYED,0
MS-00421-16-02,PAI-00421,Milestone 16-2,2025-06-30,,DELAYED,0
MS-00421-20-01,PAI-00421,Milestone 20-1,2025-11-12,2025-12-04,COMPLETED,22
MS-00421-20-02,PAI-00421,Milestone 20-2,2025-11-07,2025-11-25,COMPLETED,18
MS-00421-24-01,PAI-00421,Milestone 24-1,2026-02-08,2026-03-03,COMPLETED,23
MS-00421-24-02,PAI-00421,Milestone 24-2,2026-01-28,,DELAYED,0
MS-00422-04-01,PAI-00422,Milestone 4-1,2024-07-09,2024-08-13,COMPLETED,35
MS-00422-04-02,PAI-00422,Milestone 4-2,2024-06-06,2024-07-07,COMPLETED,31
MS-00422-08-01,PAI-00422,Milestone 8-1,2024-11-14,,DELAYED,0
MS-00422-08-02,PAI-00422,Milestone 8-2,2024-11-05,2024-11-05,COMPLETED,0
MS-00422-12-01,PAI-00422,Milestone 12-1,2025-03-15,2025-03-15,COMPLETED,0
MS-00422-16-01,PAI-00422,Milestone 16-1,2025-06-20,2025-06-20,COMPLETED,0
MS-00422-20-01,PAI-00422,Milestone 20-1,2025-11-16,2025-11-17,COMPLETED,1
MS-00422-24-01,PAI-00422,Milestone 24-1,2026-02-02,2026-02-16,COMPLETED,14
MS-00422-24-02,PAI-00422,Milestone 24-2,2026-02-18,,DELAYED,0
MS-00423-04-01,PAI-00423,Milestone 4-1,2024-05-13,2024-05-13,COMPLETED,0
MS-00423-04-02,PAI-00423,Milestone 4-2,2024-06-14,,DELAYED,0
MS-00423-08-01,PAI-00423,Milestone 8-1,2024-10-10,,DELAYED,0
MS-00423-08-02,PAI-00423,Milestone 8-2,2024-11-17,2024-12-22,COMPLETED,35
MS-00423-12-01,PAI-00423,Milestone 12-1,2025-03-09,2025-04-27,COMPLETED,49
MS-00423-12-02,PAI-00423,Milestone 12-2,2025-01-11,2025-01-23,COMPLETED,12
MS-00423-16-01,PAI-00423,Milestone 16-1,2025-06-01,,DELAYED,0
MS-00423-16-02,PAI-00423,Milestone 16-2,2025-07-14,2025-07-14,COMPLETED,0
MS-00423-20-01,PAI-00423,Milestone 20-1,2025-10-15,2025-10-15,COMPLETED,0
MS-00423-24-01,PAI-00423,Milestone 24-1,2026-03-19,,DELAYED,0
MS-00423-24-02,PAI-00423,Milestone 24-2,2026-01-26,,DELAYED,0
MS-00424-04-01,PAI-00424,Milestone 4-1,2024-06-05,2024-06-27,COMPLETED,22
MS-00424-04-02,PAI-00424,Milestone 4-2,2024-05-30,,DELAYED,0
MS-00424-08-01,PAI-00424,Milestone 8-1,2024-11-08,,DELAYED,0
MS-00424-12-01,PAI-00424,Milestone 12-1,2025-01-19,,DELAYED,0
MS-00424-12-02,PAI-00424,Milestone 12-2,2025-01-24,2025-04-15,COMPLETED,81
MS-00424-16-01,PAI-00424,Milestone 16-1,2025-05-27,2025-07-14,COMPLETED,48
MS-00424-20-01,PAI-00424,Milestone 20-1,2025-10-25,2025-11-23,COMPLETED,29
MS-00424-24-01,PAI-00424,Milestone 24-1,2026-01-21,,DELAYED,0
MS-00424-24-02,PAI-00424,Milestone 24-2,2026-01-23,,DELAYED,0
MS-00425-04-01,PAI-00425,Milestone 4-1,2024-05-15,2024-06-14,COMPLETED,30
MS-00425-08-01,PAI-00425,Milestone 8-1,2024-10-10,2024-10-25,COMPLETED,15
MS-00425-12-01,PAI-00425,Milestone 12-1,2025-03-13,,DELAYED,0
MS-00425-16-01,PAI-00425,Milestone 16-1,2025-05-26,2025-07-08,COMPLETED,43
MS-00425-16-02,PAI-00425,Milestone 16-2,2025-06-17,2025-07-18,COMPLETED,31
MS-00425-20-01,PAI-00425,Milestone 20-1,2025-10-05,2025-11-25,COMPLETED,51
MS-00425-20-02,PAI-00425,Milestone 20-2,2025-09-14,2025-10-04,COMPLETED,20
MS-00425-24-01,PAI-00425,Milestone 24-1,2026-03-14,2026-04-24,COMPLETED,41
MS-00425-24-02,PAI-00425,Milestone 24-2,2026-03-03,2026-03-31,COMPLETED,28
MS-00426-04-01,PAI-00426,Milestone 4-1,2024-05-22,2024-06-25,COMPLETED,34
MS-00426-04-02,PAI-00426,Milestone 4-2,2024-07-06,,DELAYED,0
MS-00426-08-01,PAI-00426,Milestone 8-1,2024-11-04,2024-12-30,COMPLETED,56
MS-00426-12-01,PAI-00426,Milestone 12-1,2025-01-22,2025-02-12,COMPLETED,21
MS-00426-16-01,PAI-00426,Milestone 16-1,2025-06-10,,DELAYED,0
MS-00426-20-01,PAI-00426,Milestone 20-1,2025-10-04,2025-10-27,COMPLETED,23
MS-00426-24-01,PAI-00426,Milestone 24-1,2026-02-09,2026-02-09,COMPLETED,0
MS-00426-24-02,PAI-00426,Milestone 24-2,2026-02-06,2026-02-11,COMPLETED,5
MS-00427-04-01,PAI-00427,Milestone 4-1,2024-05-14,2024-07-06,COMPLETED,53
MS-00427-08-01,PAI-00427,Milestone 8-1,2024-10-21,,DELAYED,0
MS-00427-12-01,PAI-00427,Milestone 12-1,2025-03-10,2025-05-17,COMPLETED,68
MS-00427-12-02,PAI-00427,Milestone 12-2,2025-01-18,,DELAYED,0
MS-00427-16-01,PAI-00427,Milestone 16-1,2025-05-18,2025-09-02,COMPLETED,107
MS-00427-16-02,PAI-00427,Milestone 16-2,2025-05-21,2025-08-06,COMPLETED,77
MS-00427-20-01,PAI-00427,Milestone 20-1,2025-09-10,2025-11-20,COMPLETED,71
MS-00427-20-02,PAI-00427,Milestone 20-2,2025-10-12,,DELAYED,0
MS-00427-24-01,PAI-00427,Milestone 24-1,2026-01-20,,DELAYED,0
MS-00428-04-01,PAI-00428,Milestone 4-1,2024-06-11,,DELAYED,0
MS-00428-04-02,PAI-00428,Milestone 4-2,2024-06-16,,DELAYED,0
MS-00428-08-01,PAI-00428,Milestone 8-1,2024-10-05,2024-10-25,COMPLETED,20
MS-00428-08-02,PAI-00428,Milestone 8-2,2024-10-10,2024-10-18,COMPLETED,8
MS-00428-12-01,PAI-00428,Milestone 12-1,2025-03-17,2025-04-19,COMPLETED,33
MS-00428-16-01,PAI-00428,Milestone 16-1,2025-06-11,,DELAYED,0
MS-00428-16-02,PAI-00428,Milestone 16-2,2025-06-29,,DELAYED,0
MS-00428-20-01,PAI-00428,Milestone 20-1,2025-10-18,,DELAYED,0
MS-00428-24-01,PAI-00428,Milestone 24-1,2026-03-02,,DELAYED,0
MS-00428-24-02,PAI-00428,Milestone 24-2,2026-02-01,2026-02-16,COMPLETED,15
MS-00429-04-01,PAI-00429,Milestone 4-1,2024-06-04,2024-06-04,COMPLETED,0
MS-00429-08-01,PAI-00429,Milestone 8-1,2024-09-20,2024-10-15,COMPLETED,25
MS-00429-08-02,PAI-00429,Milestone 8-2,2024-11-10,2024-12-09,COMPLETED,29
MS-00429-12-01,PAI-00429,Milestone 12-1,2025-03-15,2025-03-27,COMPLETED,12
MS-00429-12-02,PAI-00429,Milestone 12-2,2025-03-08,2025-03-21,COMPLETED,13
MS-00429-16-01,PAI-00429,Milestone 16-1,2025-06-09,2025-06-09,COMPLETED,0
MS-00429-16-02,PAI-00429,Milestone 16-2,2025-05-30,2025-06-08,COMPLETED,9
MS-00429-20-01,PAI-00429,Milestone 20-1,2025-10-06,2025-10-31,COMPLETED,25
MS-00429-24-01,PAI-00429,Milestone 24-1,2026-01-22,2026-01-22,COMPLETED,0
MS-00429-24-02,PAI-00429,Milestone 24-2,2026-02-18,2026-03-06,COMPLETED,16
MS-00430-04-01,PAI-00430,Milestone 4-1,2024-05-24,2024-05-24,COMPLETED,0
MS-00430-04-02,PAI-00430,Milestone 4-2,2024-07-17,2024-08-03,COMPLETED,17
MS-00430-08-01,PAI-00430,Milestone 8-1,2024-09-13,2024-10-09,COMPLETED,26
MS-00430-12-01,PAI-00430,Milestone 12-1,2025-03-10,2025-03-10,COMPLETED,0
MS-00430-16-01,PAI-00430,Milestone 16-1,2025-05-25,2025-06-08,COMPLETED,14
MS-00430-20-01,PAI-00430,Milestone 20-1,2025-10-24,2025-10-24,COMPLETED,0
MS-00430-20-02,PAI-00430,Milestone 20-2,2025-11-04,2025-11-29,COMPLETED,25
MS-00430-24-01,PAI-00430,Milestone 24-1,2026-01-28,2026-03-12,COMPLETED,43
MS-00430-24-02,PAI-00430,Milestone 24-2,2026-02-04,,DELAYED,0
MS-00431-04-01,PAI-00431,Milestone 4-1,2024-07-08,,DELAYED,0
MS-00431-04-02,PAI-00431,Milestone 4-2,2024-05-18,2024-05-18,COMPLETED,0
MS-00431-08-01,PAI-00431,Milestone 8-1,2024-11-09,2024-12-12,COMPLETED,33
MS-00431-08-02,PAI-00431,Milestone 8-2,2024-11-01,2024-12-18,COMPLETED,47
MS-00431-12-01,PAI-00431,Milestone 12-1,2025-01-17,2025-01-27,COMPLETED,10
MS-00431-12-02,PAI-00431,Milestone 12-2,2025-03-15,,DELAYED,0
MS-00431-16-01,PAI-00431,Milestone 16-1,2025-05-17,2025-06-21,COMPLETED,35
MS-00431-20-01,PAI-00431,Milestone 20-1,2025-11-04,,DELAYED,0
MS-00431-24-01,PAI-00431,Milestone 24-1,2026-03-01,,DELAYED,0
MS-00431-24-02,PAI-00431,Milestone 24-2,2026-02-19,2026-03-12,COMPLETED,21
MS-00432-04-01,PAI-00432,Milestone 4-1,2024-06-16,2024-06-27,COMPLETED,11
MS-00432-04-02,PAI-00432,Milestone 4-2,2024-06-15,,DELAYED,0
MS-00432-08-01,PAI-00432,Milestone 8-1,2024-09-23,2024-11-10,COMPLETED,48
MS-00432-12-01,PAI-00432,Milestone 12-1,2025-02-05,,DELAYED,0
MS-00432-16-01,PAI-00432,Milestone 16-1,2025-05-27,,DELAYED,0
MS-00432-20-01,PAI-00432,Milestone 20-1,2025-11-06,,DELAYED,0
MS-00432-24-01,PAI-00432,Milestone 24-1,2026-02-06,,DELAYED,0
MS-00433-04-01,PAI-00433,Milestone 4-1,2024-05-22,2024-06-30,COMPLETED,39
MS-00433-04-02,PAI-00433,Milestone 4-2,2024-06-11,2024-07-09,COMPLETED,28
MS-00433-08-01,PAI-00433,Milestone 8-1,2024-11-12,,DELAYED,0
MS-00433-12-01,PAI-00433,Milestone 12-1,2025-02-07,2025-02-22,COMPLETED,15
MS-00433-16-01,PAI-00433,Milestone 16-1,2025-06-22,2025-07-12,COMPLETED,20
MS-00433-20-01,PAI-00433,Milestone 20-1,2025-10-13,2025-11-15,COMPLETED,33
MS-00433-20-02,PAI-00433,Milestone 20-2,2025-09-16,2025-10-10,COMPLETED,24
MS-00433-24-01,PAI-00433,Milestone 24-1,2026-01-31,2026-01-31,COMPLETED,0
MS-00434-04-01,PAI-00434,Milestone 4-1,2024-06-18,,DELAYED,0
MS-00434-04-02,PAI-00434,Milestone 4-2,2024-06-23,,DELAYED,0
MS-00434-08-01,PAI-00434,Milestone 8-1,2024-10-05,,DELAYED,0
MS-00434-08-02,PAI-00434,Milestone 8-2,2024-11-10,,DELAYED,0
MS-00434-12-01,PAI-00434,Milestone 12-1,2025-03-01,2025-03-12,COMPLETED,11
MS-00434-12-02,PAI-00434,Milestone 12-2,2025-01-18,,DELAYED,0
MS-00434-16-01,PAI-00434,Milestone 16-1,2025-07-15,2025-07-24,COMPLETED,9
MS-00434-16-02,PAI-00434,Milestone 16-2,2025-06-20,2025-07-18,COMPLETED,28
MS-00434-20-01,PAI-00434,Milestone 20-1,2025-11-03,,DELAYED,0
MS-00434-20-02,PAI-00434,Milestone 20-2,2025-09-27,2025-10-26,COMPLETED,29
MS-00434-24-01,PAI-00434,Milestone 24-1,2026-01-29,,DELAYED,0
MS-00435-04-01,PAI-00435,Milestone 4-1,2024-06-06,2024-07-11,COMPLETED,35
MS-00435-04-02,PAI-00435,Milestone 4-2,2024-05-25,2024-07-09,COMPLETED,45
MS-00435-08-01,PAI-00435,Milestone 8-1,2024-09-24,,DELAYED,0
MS-00435-08-02,PAI-00435,Milestone 8-2,2024-11-09,,DELAYED,0
MS-00435-12-01,PAI-00435,Milestone 12-1,2025-01-15,2025-01-26,COMPLETED,11
MS-00435-12-02,PAI-00435,Milestone 12-2,2025-03-11,,DELAYED,0
MS-00435-16-01,PAI-00435,Milestone 16-1,2025-06-21,2025-07-16,COMPLETED,25
MS-00435-16-02,PAI-00435,Milestone 16-2,2025-07-13,2025-08-01,COMPLETED,19
MS-00435-20-01,PAI-00435,Milestone 20-1,2025-11-13,2026-02-06,COMPLETED,85
MS-00435-20-02,PAI-00435,Milestone 20-2,2025-10-30,,DELAYED,0
MS-00435-24-01,PAI-00435,Milestone 24-1,2026-01-30,,DELAYED,0
MS-00435-24-02,PAI-00435,Milestone 24-2,2026-03-05,,DELAYED,0
MS-00436-04-01,PAI-00436,Milestone 4-1,2024-06-13,2024-06-20,COMPLETED,7
MS-00436-08-01,PAI-00436,Milestone 8-1,2024-11-15,2024-12-18,COMPLETED,33
MS-00436-12-01,PAI-00436,Milestone 12-1,2025-01-15,,DELAYED,0
MS-00436-12-02,PAI-00436,Milestone 12-2,2025-03-16,2025-04-04,COMPLETED,19
MS-00436-16-01,PAI-00436,Milestone 16-1,2025-05-11,,DELAYED,0
MS-00436-20-01,PAI-00436,Milestone 20-1,2025-11-16,2025-11-16,COMPLETED,0
MS-00436-20-02,PAI-00436,Milestone 20-2,2025-11-02,2025-11-02,COMPLETED,0
MS-00436-24-01,PAI-00436,Milestone 24-1,2026-02-24,,DELAYED,0
MS-00437-04-01,PAI-00437,Milestone 4-1,2024-06-24,2024-07-16,COMPLETED,22
MS-00437-08-01,PAI-00437,Milestone 8-1,2024-11-18,2024-12-26,COMPLETED,38
MS-00437-08-02,PAI-00437,Milestone 8-2,2024-10-07,,DELAYED,0
MS-00437-12-01,PAI-00437,Milestone 12-1,2025-03-10,,DELAYED,0
MS-00437-16-01,PAI-00437,Milestone 16-1,2025-06-04,2025-06-30,COMPLETED,26
MS-00437-16-02,PAI-00437,Milestone 16-2,2025-07-15,2025-08-12,COMPLETED,28
MS-00437-20-01,PAI-00437,Milestone 20-1,2025-09-10,2025-10-02,COMPLETED,22
MS-00437-24-01,PAI-00437,Milestone 24-1,2026-01-17,2026-02-06,COMPLETED,20
MS-00438-04-01,PAI-00438,Milestone 4-1,2024-07-09,2024-07-16,COMPLETED,7
MS-00438-08-01,PAI-00438,Milestone 8-1,2024-10-19,2024-11-27,COMPLETED,39
MS-00438-12-01,PAI-00438,Milestone 12-1,2025-03-06,2025-03-16,COMPLETED,10
MS-00438-12-02,PAI-00438,Milestone 12-2,2025-03-18,2025-03-18,COMPLETED,0
MS-00438-16-01,PAI-00438,Milestone 16-1,2025-06-08,,DELAYED,0
MS-00438-20-01,PAI-00438,Milestone 20-1,2025-09-30,2025-11-02,COMPLETED,33
MS-00438-24-01,PAI-00438,Milestone 24-1,2026-02-09,,DELAYED,0
MS-00438-24-02,PAI-00438,Milestone 24-2,2026-03-06,2026-04-30,COMPLETED,55
MS-00439-04-01,PAI-00439,Milestone 4-1,2024-05-27,2024-07-12,COMPLETED,46
MS-00439-04-02,PAI-00439,Milestone 4-2,2024-05-11,2024-05-30,COMPLETED,19
MS-00439-08-01,PAI-00439,Milestone 8-1,2024-10-21,,DELAYED,0
MS-00439-12-01,PAI-00439,Milestone 12-1,2025-03-20,,DELAYED,0
MS-00439-12-02,PAI-00439,Milestone 12-2,2025-01-22,2025-03-10,COMPLETED,47
MS-00439-16-01,PAI-00439,Milestone 16-1,2025-06-06,2025-08-01,COMPLETED,56
MS-00439-16-02,PAI-00439,Milestone 16-2,2025-06-24,,DELAYED,0
MS-00439-20-01,PAI-00439,Milestone 20-1,2025-10-29,,DELAYED,0
MS-00439-20-02,PAI-00439,Milestone 20-2,2025-11-12,,DELAYED,0
MS-00439-24-01,PAI-00439,Milestone 24-1,2026-03-15,2026-04-22,COMPLETED,38
MS-00440-04-01,PAI-00440,Milestone 4-1,2024-07-09,2024-08-11,COMPLETED,33
MS-00440-04-02,PAI-00440,Milestone 4-2,2024-07-09,,DELAYED,0
MS-00440-08-01,PAI-00440,Milestone 8-1,2024-10-22,2024-12-11,COMPLETED,50
MS-00440-08-02,PAI-00440,Milestone 8-2,2024-11-14,,DELAYED,0
MS-00440-12-01,PAI-00440,Milestone 12-1,2025-02-04,,DELAYED,0
MS-00440-16-01,PAI-00440,Milestone 16-1,2025-07-09,2025-08-12,COMPLETED,34
MS-00440-20-01,PAI-00440,Milestone 20-1,2025-10-11,,DELAYED,0
MS-00440-24-01,PAI-00440,Milestone 24-1,2026-03-02,2026-03-22,COMPLETED,20
MS-00441-04-01,PAI-00441,Milestone 4-1,2024-05-24,,DELAYED,0
MS-00441-04-02,PAI-00441,Milestone 4-2,2024-05-31,2024-07-01,COMPLETED,31
MS-00441-08-01,PAI-00441,Milestone 8-1,2024-11-18,2024-12-06,COMPLETED,18
MS-00441-08-02,PAI-00441,Milestone 8-2,2024-09-11,,DELAYED,0
MS-00441-12-01,PAI-00441,Milestone 12-1,2025-01-23,,DELAYED,0
MS-00441-12-02,PAI-00441,Milestone 12-2,2025-02-24,2025-03-15,COMPLETED,19
MS-00441-16-01,PAI-00441,Milestone 16-1,2025-07-15,,DELAYED,0
MS-00441-20-01,PAI-00441,Milestone 20-1,2025-10-11,2025-10-12,COMPLETED,1
MS-00441-20-02,PAI-00441,Milestone 20-2,2025-10-16,2025-11-04,COMPLETED,19
MS-00441-24-01,PAI-00441,Milestone 24-1,2026-03-16,2026-03-16,COMPLETED,0
MS-00442-04-01,PAI-00442,Milestone 4-1,2024-06-09,2024-07-16,COMPLETED,37
MS-00442-04-02,PAI-00442,Milestone 4-2,2024-07-01,2024-07-12,COMPLETED,11
MS-00442-08-01,PAI-00442,Milestone 8-1,2024-10-30,2024-11-11,COMPLETED,12
MS-00442-12-01,PAI-00442,Milestone 12-1,2025-03-08,2025-03-28,COMPLETED,20
MS-00442-16-01,PAI-00442,Milestone 16-1,2025-05-13,2025-06-02,COMPLETED,20
MS-00442-20-01,PAI-00442,Milestone 20-1,2025-09-21,2025-09-21,COMPLETED,0
MS-00442-24-01,PAI-00442,Milestone 24-1,2026-01-21,2026-01-30,COMPLETED,9
MS-00443-04-01,PAI-00443,Milestone 4-1,2024-06-02,2024-06-08,COMPLETED,6
MS-00443-08-01,PAI-00443,Milestone 8-1,2024-10-19,2024-11-03,COMPLETED,15
MS-00443-12-01,PAI-00443,Milestone 12-1,2025-03-07,2025-03-23,COMPLETED,16
MS-00443-12-02,PAI-00443,Milestone 12-2,2025-03-14,,DELAYED,0
MS-00443-16-01,PAI-00443,Milestone 16-1,2025-06-06,2025-06-06,COMPLETED,0
MS-00443-16-02,PAI-00443,Milestone 16-2,2025-06-19,2025-06-19,COMPLETED,0
MS-00443-20-01,PAI-00443,Milestone 20-1,2025-09-19,2025-09-25,COMPLETED,6
MS-00443-24-01,PAI-00443,Milestone 24-1,2026-03-16,2026-03-21,COMPLETED,5
MS-00444-04-01,PAI-00444,Milestone 4-1,2024-06-14,2024-06-14,COMPLETED,0
MS-00444-04-02,PAI-00444,Milestone 4-2,2024-06-11,2024-07-21,COMPLETED,40
MS-00444-08-01,PAI-00444,Milestone 8-1,2024-11-05,2024-11-05,COMPLETED,0
MS-00444-08-02,PAI-00444,Milestone 8-2,2024-11-14,2025-01-03,COMPLETED,50
MS-00444-12-01,PAI-00444,Milestone 12-1,2025-01-15,2025-02-11,COMPLETED,27
MS-00444-12-02,PAI-00444,Milestone 12-2,2025-02-26,2025-04-11,COMPLETED,44
MS-00444-16-01,PAI-00444,Milestone 16-1,2025-06-23,2025-06-26,COMPLETED,3
MS-00444-16-02,PAI-00444,Milestone 16-2,2025-07-05,2025-07-05,COMPLETED,0
MS-00444-20-01,PAI-00444,Milestone 20-1,2025-11-10,2025-11-14,COMPLETED,4
MS-00444-20-02,PAI-00444,Milestone 20-2,2025-11-02,2025-11-02,COMPLETED,0
MS-00444-24-01,PAI-00444,Milestone 24-1,2026-02-17,2026-02-17,COMPLETED,0
MS-00444-24-02,PAI-00444,Milestone 24-2,2026-02-25,2026-02-25,COMPLETED,0
MS-00445-04-01,PAI-00445,Milestone 4-1,2024-06-20,2024-08-15,COMPLETED,56
MS-00445-08-01,PAI-00445,Milestone 8-1,2024-10-24,2024-12-07,COMPLETED,44
MS-00445-08-02,PAI-00445,Milestone 8-2,2024-10-19,,DELAYED,0
MS-00445-12-01,PAI-00445,Milestone 12-1,2025-02-17,,DELAYED,0
MS-00445-12-02,PAI-00445,Milestone 12-2,2025-03-20,2025-04-07,COMPLETED,18
MS-00445-16-01,PAI-00445,Milestone 16-1,2025-06-22,2025-06-22,COMPLETED,0
MS-00445-16-02,PAI-00445,Milestone 16-2,2025-06-27,2025-07-27,COMPLETED,30
MS-00445-20-01,PAI-00445,Milestone 20-1,2025-10-25,,DELAYED,0
MS-00445-20-02,PAI-00445,Milestone 20-2,2025-11-08,2025-12-09,COMPLETED,31
MS-00445-24-01,PAI-00445,Milestone 24-1,2026-02-13,2026-03-29,COMPLETED,44
MS-00445-24-02,PAI-00445,Milestone 24-2,2026-01-26,2026-02-21,COMPLETED,26
MS-00446-04-01,PAI-00446,Milestone 4-1,2024-06-04,2024-06-25,COMPLETED,21
MS-00446-04-02,PAI-00446,Milestone 4-2,2024-05-27,2024-05-27,COMPLETED,0
MS-00446-08-01,PAI-00446,Milestone 8-1,2024-10-30,2024-10-30,COMPLETED,0
MS-00446-12-01,PAI-00446,Milestone 12-1,2025-02-21,,DELAYED,0
MS-00446-16-01,PAI-00446,Milestone 16-1,2025-06-24,2025-07-16,COMPLETED,22
MS-00446-16-02,PAI-00446,Milestone 16-2,2025-06-02,2025-07-07,COMPLETED,35
MS-00446-20-01,PAI-00446,Milestone 20-1,2025-11-09,2025-11-27,COMPLETED,18
MS-00446-20-02,PAI-00446,Milestone 20-2,2025-09-19,2025-09-26,COMPLETED,7
MS-00446-24-01,PAI-00446,Milestone 24-1,2026-02-23,2026-03-15,COMPLETED,20
MS-00446-24-02,PAI-00446,Milestone 24-2,2026-03-08,2026-03-10,COMPLETED,2
MS-00447-04-01,PAI-00447,Milestone 4-1,2024-05-29,,DELAYED,0
MS-00447-04-02,PAI-00447,Milestone 4-2,2024-06-04,2024-06-13,COMPLETED,9
MS-00447-08-01,PAI-00447,Milestone 8-1,2024-11-05,2024-12-10,COMPLETED,35
MS-00447-12-01,PAI-00447,Milestone 12-1,2025-03-03,,DELAYED,0
MS-00447-16-01,PAI-00447,Milestone 16-1,2025-07-08,,DELAYED,0
MS-00447-16-02,PAI-00447,Milestone 16-2,2025-07-12,2025-08-07,COMPLETED,26
MS-00447-20-01,PAI-00447,Milestone 20-1,2025-09-19,2025-09-23,COMPLETED,4
MS-00447-20-02,PAI-00447,Milestone 20-2,2025-11-15,2025-11-15,COMPLETED,0
MS-00447-24-01,PAI-00447,Milestone 24-1,2026-01-14,2026-01-25,COMPLETED,11
MS-00448-04-01,PAI-00448,Milestone 4-1,2024-05-19,2024-05-23,COMPLETED,4
MS-00448-08-01,PAI-00448,Milestone 8-1,2024-10-05,,DELAYED,0
MS-00448-12-01,PAI-00448,Milestone 12-1,2025-03-05,,DELAYED,0
MS-00448-12-02,PAI-00448,Milestone 12-2,2025-03-04,2025-04-21,COMPLETED,48
MS-00448-16-01,PAI-00448,Milestone 16-1,2025-07-10,2025-07-26,COMPLETED,16
MS-00448-20-01,PAI-00448,Milestone 20-1,2025-10-18,,DELAYED,0
MS-00448-24-01,PAI-00448,Milestone 24-1,2026-03-10,2026-06-09,COMPLETED,91
MS-00449-04-01,PAI-00449,Milestone 4-1,2024-07-06,,DELAYED,0
MS-00449-08-01,PAI-00449,Milestone 8-1,2024-11-11,,DELAYED,0
MS-00449-12-01,PAI-00449,Milestone 12-1,2025-01-12,,DELAYED,0
MS-00449-12-02,PAI-00449,Milestone 12-2,2025-01-20,,DELAYED,0
MS-00449-16-01,PAI-00449,Milestone 16-1,2025-06-13,2025-08-02,COMPLETED,50
MS-00449-20-01,PAI-00449,Milestone 20-1,2025-10-17,,DELAYED,0
MS-00449-24-01,PAI-00449,Milestone 24-1,2026-01-11,,DELAYED,0
MS-00449-24-02,PAI-00449,Milestone 24-2,2026-03-02,2026-04-30,COMPLETED,59
MS-00450-04-01,PAI-00450,Milestone 4-1,2024-05-31,,DELAYED,0
MS-00450-04-02,PAI-00450,Milestone 4-2,2024-06-09,,DELAYED,0
MS-00450-08-01,PAI-00450,Milestone 8-1,2024-11-06,,DELAYED,0
MS-00450-12-01,PAI-00450,Milestone 12-1,2025-02-22,2025-03-13,COMPLETED,19
MS-00450-16-01,PAI-00450,Milestone 16-1,2025-05-18,,DELAYED,0
MS-00450-16-02,PAI-00450,Milestone 16-2,2025-05-16,,DELAYED,0
MS-00450-20-01,PAI-00450,Milestone 20-1,2025-10-09,,DELAYED,0
MS-00450-20-02,PAI-00450,Milestone 20-2,2025-10-25,2025-11-27,COMPLETED,33
MS-00450-24-01,PAI-00450,Milestone 24-1,2026-03-08,,DELAYED,0
MS-00451-04-01,PAI-00451,Milestone 4-1,2024-07-07,2024-07-26,COMPLETED,19
MS-00451-08-01,PAI-00451,Milestone 8-1,2024-09-22,,DELAYED,0
MS-00451-08-02,PAI-00451,Milestone 8-2,2024-10-27,2024-10-27,COMPLETED,0
MS-00451-12-01,PAI-00451,Milestone 12-1,2025-01-20,,DELAYED,0
MS-00451-12-02,PAI-00451,Milestone 12-2,2025-03-07,,DELAYED,0
MS-00451-16-01,PAI-00451,Milestone 16-1,2025-05-17,2025-05-17,COMPLETED,0
MS-00451-20-01,PAI-00451,Milestone 20-1,2025-09-23,2025-10-01,COMPLETED,8
MS-00451-24-01,PAI-00451,Milestone 24-1,2026-01-16,2026-01-16,COMPLETED,0
MS-00452-04-01,PAI-00452,Milestone 4-1,2024-06-21,,DELAYED,0
MS-00452-04-02,PAI-00452,Milestone 4-2,2024-07-12,,DELAYED,0
MS-00452-08-01,PAI-00452,Milestone 8-1,2024-11-16,2025-01-30,COMPLETED,75
MS-00452-08-02,PAI-00452,Milestone 8-2,2024-11-07,2024-12-11,COMPLETED,34
MS-00452-12-01,PAI-00452,Milestone 12-1,2025-03-14,,DELAYED,0
MS-00452-16-01,PAI-00452,Milestone 16-1,2025-07-08,2025-07-26,COMPLETED,18
MS-00452-20-01,PAI-00452,Milestone 20-1,2025-10-15,2025-12-16,COMPLETED,62
MS-00452-20-02,PAI-00452,Milestone 20-2,2025-09-24,2025-10-25,COMPLETED,31
MS-00452-24-01,PAI-00452,Milestone 24-1,2026-01-11,,DELAYED,0
MS-00452-24-02,PAI-00452,Milestone 24-2,2026-03-03,2026-03-17,COMPLETED,14
MS-00453-04-01,PAI-00453,Milestone 4-1,2024-07-11,2024-08-29,COMPLETED,49
MS-00453-04-02,PAI-00453,Milestone 4-2,2024-05-27,,DELAYED,0
MS-00453-08-01,PAI-00453,Milestone 8-1,2024-09-14,2024-09-29,COMPLETED,15
MS-00453-12-01,PAI-00453,Milestone 12-1,2025-03-01,2025-03-23,COMPLETED,22
MS-00453-16-01,PAI-00453,Milestone 16-1,2025-05-26,2025-07-06,COMPLETED,41
MS-00453-20-01,PAI-00453,Milestone 20-1,2025-10-10,2025-10-10,COMPLETED,0
MS-00453-20-02,PAI-00453,Milestone 20-2,2025-11-04,,DELAYED,0
MS-00453-24-01,PAI-00453,Milestone 24-1,2026-01-19,2026-01-19,COMPLETED,0
MS-00454-04-01,PAI-00454,Milestone 4-1,2024-06-05,2024-06-07,COMPLETED,2
MS-00454-08-01,PAI-00454,Milestone 8-1,2024-09-26,,DELAYED,0
MS-00454-12-01,PAI-00454,Milestone 12-1,2025-03-04,,DELAYED,0
MS-00454-16-01,PAI-00454,Milestone 16-1,2025-05-24,2025-06-05,COMPLETED,12
MS-00454-16-02,PAI-00454,Milestone 16-2,2025-05-20,2025-06-10,COMPLETED,21
MS-00454-20-01,PAI-00454,Milestone 20-1,2025-09-11,2025-09-22,COMPLETED,11
MS-00454-20-02,PAI-00454,Milestone 20-2,2025-10-13,,DELAYED,0
MS-00454-24-01,PAI-00454,Milestone 24-1,2026-03-10,,DELAYED,0
MS-00455-04-01,PAI-00455,Milestone 4-1,2024-06-10,2024-06-15,COMPLETED,5
MS-00455-04-02,PAI-00455,Milestone 4-2,2024-07-06,2024-07-20,COMPLETED,14
MS-00455-08-01,PAI-00455,Milestone 8-1,2024-09-16,2024-10-15,COMPLETED,29
MS-00455-08-02,PAI-00455,Milestone 8-2,2024-11-04,2024-11-12,COMPLETED,8
MS-00455-12-01,PAI-00455,Milestone 12-1,2025-01-30,,DELAYED,0
MS-00455-12-02,PAI-00455,Milestone 12-2,2025-02-17,,DELAYED,0
MS-00455-16-01,PAI-00455,Milestone 16-1,2025-05-21,2025-06-14,COMPLETED,24
MS-00455-20-01,PAI-00455,Milestone 20-1,2025-09-20,2025-10-16,COMPLETED,26
MS-00455-24-01,PAI-00455,Milestone 24-1,2026-01-10,2026-01-22,COMPLETED,12
MS-00456-04-01,PAI-00456,Milestone 4-1,2024-06-10,2024-08-05,COMPLETED,56
MS-00456-04-02,PAI-00456,Milestone 4-2,2024-06-05,,DELAYED,0
MS-00456-08-01,PAI-00456,Milestone 8-1,2024-11-03,2025-01-03,COMPLETED,61
MS-00456-12-01,PAI-00456,Milestone 12-1,2025-01-10,,DELAYED,0
MS-00456-12-02,PAI-00456,Milestone 12-2,2025-02-19,2025-04-14,COMPLETED,54
MS-00456-16-01,PAI-00456,Milestone 16-1,2025-06-10,2025-07-10,COMPLETED,30
MS-00456-20-01,PAI-00456,Milestone 20-1,2025-10-17,2025-12-04,COMPLETED,48
MS-00456-20-02,PAI-00456,Milestone 20-2,2025-11-02,,DELAYED,0
MS-00456-24-01,PAI-00456,Milestone 24-1,2026-02-01,2026-02-27,COMPLETED,26
MS-00457-04-01,PAI-00457,Milestone 4-1,2024-06-18,2024-07-16,COMPLETED,28
MS-00457-04-02,PAI-00457,Milestone 4-2,2024-05-18,2024-06-05,COMPLETED,18
MS-00457-08-01,PAI-00457,Milestone 8-1,2024-10-07,2024-10-29,COMPLETED,22
MS-00457-12-01,PAI-00457,Milestone 12-1,2025-02-15,,DELAYED,0
MS-00457-16-01,PAI-00457,Milestone 16-1,2025-06-26,2025-07-23,COMPLETED,27
MS-00457-20-01,PAI-00457,Milestone 20-1,2025-09-25,2025-10-19,COMPLETED,24
MS-00457-20-02,PAI-00457,Milestone 20-2,2025-11-09,,DELAYED,0
MS-00457-24-01,PAI-00457,Milestone 24-1,2026-03-08,2026-04-07,COMPLETED,30
MS-00457-24-02,PAI-00457,Milestone 24-2,2026-03-10,2026-04-02,COMPLETED,23
MS-00458-04-01,PAI-00458,Milestone 4-1,2024-06-13,2024-07-05,COMPLETED,22
MS-00458-04-02,PAI-00458,Milestone 4-2,2024-06-06,2024-07-07,COMPLETED,31
MS-00458-08-01,PAI-00458,Milestone 8-1,2024-09-20,2024-09-20,COMPLETED,0
MS-00458-08-02,PAI-00458,Milestone 8-2,2024-10-11,,DELAYED,0
MS-00458-12-01,PAI-00458,Milestone 12-1,2025-02-20,2025-03-31,COMPLETED,39
MS-00458-12-02,PAI-00458,Milestone 12-2,2025-02-12,2025-02-12,COMPLETED,0
MS-00458-16-01,PAI-00458,Milestone 16-1,2025-07-13,,DELAYED,0
MS-00458-16-02,PAI-00458,Milestone 16-2,2025-05-25,,DELAYED,0
MS-00458-20-01,PAI-00458,Milestone 20-1,2025-11-05,2025-12-01,COMPLETED,26
MS-00458-20-02,PAI-00458,Milestone 20-2,2025-10-22,2025-10-22,COMPLETED,0
MS-00458-24-01,PAI-00458,Milestone 24-1,2026-03-12,,DELAYED,0
MS-00458-24-02,PAI-00458,Milestone 24-2,2026-03-19,,DELAYED,0
MS-00459-04-01,PAI-00459,Milestone 4-1,2024-05-21,2024-06-02,COMPLETED,12
MS-00459-08-01,PAI-00459,Milestone 8-1,2024-10-24,2024-10-24,COMPLETED,0
MS-00459-12-01,PAI-00459,Milestone 12-1,2025-03-11,2025-03-13,COMPLETED,2
MS-00459-16-01,PAI-00459,Milestone 16-1,2025-05-21,2025-05-21,COMPLETED,0
MS-00459-16-02,PAI-00459,Milestone 16-2,2025-06-13,2025-07-04,COMPLETED,21
MS-00459-20-01,PAI-00459,Milestone 20-1,2025-10-16,2025-10-16,COMPLETED,0
MS-00459-20-02,PAI-00459,Milestone 20-2,2025-11-09,2025-12-03,COMPLETED,24
MS-00459-24-01,PAI-00459,Milestone 24-1,2026-03-12,2026-04-02,COMPLETED,21
MS-00459-24-02,PAI-00459,Milestone 24-2,2026-02-01,2026-02-01,COMPLETED,0
MS-00460-04-01,PAI-00460,Milestone 4-1,2024-05-17,,DELAYED,0
MS-00460-08-01,PAI-00460,Milestone 8-1,2024-11-01,2024-11-14,COMPLETED,13
MS-00460-12-01,PAI-00460,Milestone 12-1,2025-02-20,2025-02-20,COMPLETED,0
MS-00460-12-02,PAI-00460,Milestone 12-2,2025-02-18,2025-03-19,COMPLETED,29
MS-00460-16-01,PAI-00460,Milestone 16-1,2025-05-26,2025-07-17,COMPLETED,52
MS-00460-20-01,PAI-00460,Milestone 20-1,2025-10-23,2025-11-04,COMPLETED,12
MS-00460-24-01,PAI-00460,Milestone 24-1,2026-03-14,2026-03-16,COMPLETED,2
MS-00461-04-01,PAI-00461,Milestone 4-1,2024-05-28,,DELAYED,0
MS-00461-04-02,PAI-00461,Milestone 4-2,2024-06-02,2024-08-09,COMPLETED,68
MS-00461-08-01,PAI-00461,Milestone 8-1,2024-10-01,,DELAYED,0
MS-00461-08-02,PAI-00461,Milestone 8-2,2024-10-06,2024-10-31,COMPLETED,25
MS-00461-12-01,PAI-00461,Milestone 12-1,2025-01-30,,DELAYED,0
MS-00461-12-02,PAI-00461,Milestone 12-2,2025-02-10,,DELAYED,0
MS-00461-16-01,PAI-00461,Milestone 16-1,2025-06-16,2025-08-25,COMPLETED,70
MS-00461-16-02,PAI-00461,Milestone 16-2,2025-06-27,2025-07-15,COMPLETED,18
MS-00461-20-01,PAI-00461,Milestone 20-1,2025-11-15,,DELAYED,0
MS-00461-20-02,PAI-00461,Milestone 20-2,2025-09-11,,DELAYED,0
MS-00461-24-01,PAI-00461,Milestone 24-1,2026-01-14,2026-02-25,COMPLETED,42
MS-00462-04-01,PAI-00462,Milestone 4-1,2024-05-25,2024-07-23,COMPLETED,59
MS-00462-08-01,PAI-00462,Milestone 8-1,2024-09-26,2024-10-07,COMPLETED,11
MS-00462-08-02,PAI-00462,Milestone 8-2,2024-09-25,2024-10-07,COMPLETED,12
MS-00462-12-01,PAI-00462,Milestone 12-1,2025-02-22,2025-02-26,COMPLETED,4
MS-00462-16-01,PAI-00462,Milestone 16-1,2025-05-25,2025-06-27,COMPLETED,33
MS-00462-16-02,PAI-00462,Milestone 16-2,2025-06-01,2025-06-03,COMPLETED,2
MS-00462-20-01,PAI-00462,Milestone 20-1,2025-10-23,2025-10-23,COMPLETED,0
MS-00462-24-01,PAI-00462,Milestone 24-1,2026-02-07,,DELAYED,0
MS-00463-04-01,PAI-00463,Milestone 4-1,2024-06-23,,DELAYED,0
MS-00463-08-01,PAI-00463,Milestone 8-1,2024-10-23,2024-11-07,COMPLETED,15
MS-00463-12-01,PAI-00463,Milestone 12-1,2025-02-11,2025-02-11,COMPLETED,0
MS-00463-16-01,PAI-00463,Milestone 16-1,2025-05-26,2025-05-26,COMPLETED,0
MS-00463-20-01,PAI-00463,Milestone 20-1,2025-09-16,2025-10-16,COMPLETED,30
MS-00463-20-02,PAI-00463,Milestone 20-2,2025-11-17,2025-12-05,COMPLETED,18
MS-00463-24-01,PAI-00463,Milestone 24-1,2026-02-26,2026-03-22,COMPLETED,24
MS-00464-04-01,PAI-00464,Milestone 4-1,2024-06-04,,DELAYED,0
MS-00464-04-02,PAI-00464,Milestone 4-2,2024-06-06,,DELAYED,0
MS-00464-08-01,PAI-00464,Milestone 8-1,2024-10-31,2024-12-23,COMPLETED,53
MS-00464-12-01,PAI-00464,Milestone 12-1,2025-02-21,2025-04-07,COMPLETED,45
MS-00464-12-02,PAI-00464,Milestone 12-2,2025-01-24,2025-03-09,COMPLETED,44
MS-00464-16-01,PAI-00464,Milestone 16-1,2025-05-27,2025-07-18,COMPLETED,52
MS-00464-16-02,PAI-00464,Milestone 16-2,2025-06-24,2025-08-11,COMPLETED,48
MS-00464-20-01,PAI-00464,Milestone 20-1,2025-09-14,2025-11-11,COMPLETED,58
MS-00464-20-02,PAI-00464,Milestone 20-2,2025-10-24,2026-01-26,COMPLETED,94
MS-00464-24-01,PAI-00464,Milestone 24-1,2026-02-16,2026-03-22,COMPLETED,34
MS-00465-04-01,PAI-00465,Milestone 4-1,2024-06-21,,DELAYED,0
MS-00465-04-02,PAI-00465,Milestone 4-2,2024-05-22,,DELAYED,0
MS-00465-08-01,PAI-00465,Milestone 8-1,2024-10-09,2024-10-20,COMPLETED,11
MS-00465-12-01,PAI-00465,Milestone 12-1,2025-01-29,,DELAYED,0
MS-00465-16-01,PAI-00465,Milestone 16-1,2025-06-20,2025-09-05,COMPLETED,77
MS-00465-20-01,PAI-00465,Milestone 20-1,2025-11-05,2025-12-21,COMPLETED,46
MS-00465-20-02,PAI-00465,Milestone 20-2,2025-09-29,2025-11-17,COMPLETED,49
MS-00465-24-01,PAI-00465,Milestone 24-1,2026-02-12,2026-03-31,COMPLETED,47
MS-00465-24-02,PAI-00465,Milestone 24-2,2026-03-11,,DELAYED,0
MS-00466-04-01,PAI-00466,Milestone 4-1,2024-07-01,2024-07-01,COMPLETED,0
MS-00466-04-02,PAI-00466,Milestone 4-2,2024-06-05,2024-06-10,COMPLETED,5
MS-00466-08-01,PAI-00466,Milestone 8-1,2024-10-05,2024-11-05,COMPLETED,31
MS-00466-08-02,PAI-00466,Milestone 8-2,2024-09-23,2024-09-23,COMPLETED,0
MS-00466-12-01,PAI-00466,Milestone 12-1,2025-03-10,2025-03-10,COMPLETED,0
MS-00466-12-02,PAI-00466,Milestone 12-2,2025-02-12,,DELAYED,0
MS-00466-16-01,PAI-00466,Milestone 16-1,2025-07-13,2025-07-20,COMPLETED,7
MS-00466-16-02,PAI-00466,Milestone 16-2,2025-06-14,2025-07-11,COMPLETED,27
MS-00466-20-01,PAI-00466,Milestone 20-1,2025-10-14,2025-11-11,COMPLETED,28
MS-00466-20-02,PAI-00466,Milestone 20-2,2025-11-10,2025-11-29,COMPLETED,19
MS-00466-24-01,PAI-00466,Milestone 24-1,2026-01-26,,DELAYED,0
MS-00466-24-02,PAI-00466,Milestone 24-2,2026-01-14,2026-01-14,COMPLETED,0
MS-00467-04-01,PAI-00467,Milestone 4-1,2024-06-25,,DELAYED,0
MS-00467-08-01,PAI-00467,Milestone 8-1,2024-10-31,2024-10-31,COMPLETED,0
MS-00467-12-01,PAI-00467,Milestone 12-1,2025-03-19,2025-03-19,COMPLETED,0
MS-00467-16-01,PAI-00467,Milestone 16-1,2025-06-05,2025-06-05,COMPLETED,0
MS-00467-20-01,PAI-00467,Milestone 20-1,2025-09-21,2025-10-24,COMPLETED,33
MS-00467-24-01,PAI-00467,Milestone 24-1,2026-02-22,2026-02-24,COMPLETED,2
MS-00467-24-02,PAI-00467,Milestone 24-2,2026-01-11,,DELAYED,0
MS-00468-04-01,PAI-00468,Milestone 4-1,2024-07-12,2024-08-01,COMPLETED,20
MS-00468-04-02,PAI-00468,Milestone 4-2,2024-06-08,2024-07-28,COMPLETED,50
MS-00468-08-01,PAI-00468,Milestone 8-1,2024-11-18,,DELAYED,0
MS-00468-12-01,PAI-00468,Milestone 12-1,2025-01-17,,DELAYED,0
MS-00468-16-01,PAI-00468,Milestone 16-1,2025-05-17,2025-07-16,COMPLETED,60
MS-00468-20-01,PAI-00468,Milestone 20-1,2025-10-24,,DELAYED,0
MS-00468-24-01,PAI-00468,Milestone 24-1,2026-02-10,,DELAYED,0
MS-00469-04-01,PAI-00469,Milestone 4-1,2024-06-26,2024-07-10,COMPLETED,14
MS-00469-04-02,PAI-00469,Milestone 4-2,2024-06-08,2024-06-08,COMPLETED,0
MS-00469-08-01,PAI-00469,Milestone 8-1,2024-09-21,2024-11-29,COMPLETED,69
MS-00469-08-02,PAI-00469,Milestone 8-2,2024-11-07,,DELAYED,0
MS-00469-12-01,PAI-00469,Milestone 12-1,2025-02-25,2025-03-18,COMPLETED,21
MS-00469-16-01,PAI-00469,Milestone 16-1,2025-05-25,2025-06-17,COMPLETED,23
MS-00469-20-01,PAI-00469,Milestone 20-1,2025-10-20,2025-11-13,COMPLETED,24
MS-00469-20-02,PAI-00469,Milestone 20-2,2025-09-30,2025-10-20,COMPLETED,20
MS-00469-24-01,PAI-00469,Milestone 24-1,2026-02-02,2026-03-05,COMPLETED,31
MS-00470-04-01,PAI-00470,Milestone 4-1,2024-06-15,2024-07-02,COMPLETED,17
MS-00470-04-02,PAI-00470,Milestone 4-2,2024-05-26,2024-06-03,COMPLETED,8
MS-00470-08-01,PAI-00470,Milestone 8-1,2024-10-05,2024-10-30,COMPLETED,25
MS-00470-08-02,PAI-00470,Milestone 8-2,2024-10-24,2024-10-27,COMPLETED,3
MS-00470-12-01,PAI-00470,Milestone 12-1,2025-02-08,2025-02-08,COMPLETED,0
MS-00470-16-01,PAI-00470,Milestone 16-1,2025-06-26,2025-06-26,COMPLETED,0
MS-00470-16-02,PAI-00470,Milestone 16-2,2025-07-08,2025-08-04,COMPLETED,27
MS-00470-20-01,PAI-00470,Milestone 20-1,2025-11-07,2025-11-30,COMPLETED,23
MS-00470-20-02,PAI-00470,Milestone 20-2,2025-09-27,2025-09-27,COMPLETED,0
MS-00470-24-01,PAI-00470,Milestone 24-1,2026-01-11,2026-01-22,COMPLETED,11
MS-00470-24-02,PAI-00470,Milestone 24-2,2026-03-17,2026-04-01,COMPLETED,15
MS-00471-04-01,PAI-00471,Milestone 4-1,2024-06-19,2024-07-28,COMPLETED,39
MS-00471-04-02,PAI-00471,Milestone 4-2,2024-06-22,2024-07-03,COMPLETED,11
MS-00471-08-01,PAI-00471,Milestone 8-1,2024-10-28,,DELAYED,0
MS-00471-08-02,PAI-00471,Milestone 8-2,2024-09-20,,DELAYED,0
MS-00471-12-01,PAI-00471,Milestone 12-1,2025-03-15,2025-04-11,COMPLETED,27
MS-00471-12-02,PAI-00471,Milestone 12-2,2025-01-20,2025-03-03,COMPLETED,42
MS-00471-16-01,PAI-00471,Milestone 16-1,2025-05-19,2025-05-20,COMPLETED,1
MS-00471-20-01,PAI-00471,Milestone 20-1,2025-09-21,2025-09-22,COMPLETED,1
MS-00471-20-02,PAI-00471,Milestone 20-2,2025-09-12,,DELAYED,0
MS-00471-24-01,PAI-00471,Milestone 24-1,2026-03-04,2026-03-04,COMPLETED,0
MS-00472-04-01,PAI-00472,Milestone 4-1,2024-07-04,2024-09-01,COMPLETED,59
MS-00472-08-01,PAI-00472,Milestone 8-1,2024-10-05,2024-10-05,COMPLETED,0
MS-00472-12-01,PAI-00472,Milestone 12-1,2025-02-05,2025-04-01,COMPLETED,55
MS-00472-12-02,PAI-00472,Milestone 12-2,2025-01-20,2025-02-16,COMPLETED,27
MS-00472-16-01,PAI-00472,Milestone 16-1,2025-05-12,,DELAYED,0
MS-00472-20-01,PAI-00472,Milestone 20-1,2025-09-13,2025-10-17,COMPLETED,34
MS-00472-20-02,PAI-00472,Milestone 20-2,2025-09-27,2025-10-14,COMPLETED,17
MS-00472-24-01,PAI-00472,Milestone 24-1,2026-01-11,2026-02-01,COMPLETED,21
MS-00473-04-01,PAI-00473,Milestone 4-1,2024-05-20,2024-06-15,COMPLETED,26
MS-00473-04-02,PAI-00473,Milestone 4-2,2024-07-04,2024-07-08,COMPLETED,4
MS-00473-08-01,PAI-00473,Milestone 8-1,2024-11-10,,DELAYED,0
MS-00473-12-01,PAI-00473,Milestone 12-1,2025-02-11,2025-02-11,COMPLETED,0
MS-00473-16-01,PAI-00473,Milestone 16-1,2025-05-11,2025-05-18,COMPLETED,7
MS-00473-16-02,PAI-00473,Milestone 16-2,2025-06-24,2025-07-24,COMPLETED,30
MS-00473-20-01,PAI-00473,Milestone 20-1,2025-09-13,,DELAYED,0
MS-00473-24-01,PAI-00473,Milestone 24-1,2026-01-17,2026-01-27,COMPLETED,10
MS-00474-04-01,PAI-00474,Milestone 4-1,2024-06-15,2024-07-15,COMPLETED,30
MS-00474-08-01,PAI-00474,Milestone 8-1,2024-10-05,2024-10-05,COMPLETED,0
MS-00474-12-01,PAI-00474,Milestone 12-1,2025-02-16,,DELAYED,0
MS-00474-16-01,PAI-00474,Milestone 16-1,2025-06-24,2025-07-04,COMPLETED,10
MS-00474-20-01,PAI-00474,Milestone 20-1,2025-09-26,2025-10-31,COMPLETED,35
MS-00474-24-01,PAI-00474,Milestone 24-1,2026-03-08,2026-04-01,COMPLETED,24
MS-00475-04-01,PAI-00475,Milestone 4-1,2024-06-10,2024-06-16,COMPLETED,6
MS-00475-04-02,PAI-00475,Milestone 4-2,2024-07-04,2024-08-09,COMPLETED,36
MS-00475-08-01,PAI-00475,Milestone 8-1,2024-09-17,2024-10-11,COMPLETED,24
MS-00475-12-01,PAI-00475,Milestone 12-1,2025-02-18,2025-03-04,COMPLETED,14
MS-00475-16-01,PAI-00475,Milestone 16-1,2025-06-28,2025-06-28,COMPLETED,0
MS-00475-16-02,PAI-00475,Milestone 16-2,2025-06-25,2025-07-22,COMPLETED,27
MS-00475-20-01,PAI-00475,Milestone 20-1,2025-09-12,2025-09-12,COMPLETED,0
MS-00475-20-02,PAI-00475,Milestone 20-2,2025-11-01,2025-11-03,COMPLETED,2
MS-00475-24-01,PAI-00475,Milestone 24-1,2026-02-14,2026-02-19,COMPLETED,5
MS-00475-24-02,PAI-00475,Milestone 24-2,2026-01-30,2026-02-20,COMPLETED,21
MS-00476-04-01,PAI-00476,Milestone 4-1,2024-06-26,2024-07-01,COMPLETED,5
MS-00476-08-01,PAI-00476,Milestone 8-1,2024-10-09,,DELAYED,0
MS-00476-08-02,PAI-00476,Milestone 8-2,2024-11-17,,DELAYED,0
MS-00476-12-01,PAI-00476,Milestone 12-1,2025-02-16,2025-03-17,COMPLETED,29
MS-00476-16-01,PAI-00476,Milestone 16-1,2025-06-20,2025-07-16,COMPLETED,26
MS-00476-16-02,PAI-00476,Milestone 16-2,2025-05-19,2025-05-19,COMPLETED,0
MS-00476-20-01,PAI-00476,Milestone 20-1,2025-09-10,2025-09-29,COMPLETED,19
MS-00476-24-01,PAI-00476,Milestone 24-1,2026-03-14,2026-03-29,COMPLETED,15
MS-00476-24-02,PAI-00476,Milestone 24-2,2026-03-09,,DELAYED,0
MS-00477-04-01,PAI-00477,Milestone 4-1,2024-06-27,2024-06-27,COMPLETED,0
MS-00477-04-02,PAI-00477,Milestone 4-2,2024-06-20,2024-06-20,COMPLETED,0
MS-00477-08-01,PAI-00477,Milestone 8-1,2024-10-17,2024-10-26,COMPLETED,9
MS-00477-08-02,PAI-00477,Milestone 8-2,2024-10-14,2024-10-14,COMPLETED,0
MS-00477-12-01,PAI-00477,Milestone 12-1,2025-02-11,2025-02-11,COMPLETED,0
MS-00477-16-01,PAI-00477,Milestone 16-1,2025-05-27,2025-05-27,COMPLETED,0
MS-00477-16-02,PAI-00477,Milestone 16-2,2025-06-13,2025-06-13,COMPLETED,0
MS-00477-20-01,PAI-00477,Milestone 20-1,2025-10-24,2025-10-26,COMPLETED,2
MS-00477-24-01,PAI-00477,Milestone 24-1,2026-01-12,2026-01-18,COMPLETED,6
MS-00477-24-02,PAI-00477,Milestone 24-2,2026-01-13,2026-01-21,COMPLETED,8
MS-00478-04-01,PAI-00478,Milestone 4-1,2024-05-20,2024-06-24,COMPLETED,35
MS-00478-04-02,PAI-00478,Milestone 4-2,2024-06-17,2024-06-17,COMPLETED,0
MS-00478-08-01,PAI-00478,Milestone 8-1,2024-11-07,2024-12-11,COMPLETED,34
MS-00478-08-02,PAI-00478,Milestone 8-2,2024-11-11,2024-11-24,COMPLETED,13
MS-00478-12-01,PAI-00478,Milestone 12-1,2025-02-12,,DELAYED,0
MS-00478-12-02,PAI-00478,Milestone 12-2,2025-02-23,2025-03-18,COMPLETED,23
MS-00478-16-01,PAI-00478,Milestone 16-1,2025-05-30,2025-05-30,COMPLETED,0
MS-00478-16-02,PAI-00478,Milestone 16-2,2025-06-11,2025-07-28,COMPLETED,47
MS-00478-20-01,PAI-00478,Milestone 20-1,2025-09-16,2025-09-30,COMPLETED,14
MS-00478-24-01,PAI-00478,Milestone 24-1,2026-03-02,2026-04-17,COMPLETED,46
MS-00478-24-02,PAI-00478,Milestone 24-2,2026-01-13,2026-03-03,COMPLETED,49
MS-00479-04-01,PAI-00479,Milestone 4-1,2024-07-15,2024-07-15,COMPLETED,0
MS-00479-08-01,PAI-00479,Milestone 8-1,2024-09-26,2024-09-26,COMPLETED,0
MS-00479-12-01,PAI-00479,Milestone 12-1,2025-01-17,2025-02-21,COMPLETED,35
MS-00479-12-02,PAI-00479,Milestone 12-2,2025-01-13,,DELAYED,0
MS-00479-16-01,PAI-00479,Milestone 16-1,2025-06-22,,DELAYED,0
MS-00479-20-01,PAI-00479,Milestone 20-1,2025-10-30,,DELAYED,0
MS-00479-20-02,PAI-00479,Milestone 20-2,2025-09-10,2025-10-26,COMPLETED,46
MS-00479-24-01,PAI-00479,Milestone 24-1,2026-02-14,,DELAYED,0
MS-00480-04-01,PAI-00480,Milestone 4-1,2024-07-17,,DELAYED,0
MS-00480-08-01,PAI-00480,Milestone 8-1,2024-09-10,2024-09-23,COMPLETED,13
MS-00480-08-02,PAI-00480,Milestone 8-2,2024-09-14,,DELAYED,0
MS-00480-12-01,PAI-00480,Milestone 12-1,2025-02-14,2025-03-29,COMPLETED,43
MS-00480-12-02,PAI-00480,Milestone 12-2,2025-02-23,2025-03-24,COMPLETED,29
MS-00480-16-01,PAI-00480,Milestone 16-1,2025-06-16,,DELAYED,0
MS-00480-20-01,PAI-00480,Milestone 20-1,2025-10-19,2025-11-30,COMPLETED,42
MS-00480-24-01,PAI-00480,Milestone 24-1,2026-01-16,,DELAYED,0
MS-00481-04-01,PAI-00481,Milestone 4-1,2024-05-24,2024-06-15,COMPLETED,22
MS-00481-08-01,PAI-00481,Milestone 8-1,2024-10-14,2024-11-01,COMPLETED,18
MS-00481-08-02,PAI-00481,Milestone 8-2,2024-10-13,2024-10-27,COMPLETED,14
MS-00481-12-01,PAI-00481,Milestone 12-1,2025-01-19,2025-02-13,COMPLETED,25
MS-00481-16-01,PAI-00481,Milestone 16-1,2025-05-18,2025-05-18,COMPLETED,0
MS-00481-20-01,PAI-00481,Milestone 20-1,2025-10-27,2025-11-21,COMPLETED,25
MS-00481-24-01,PAI-00481,Milestone 24-1,2026-03-08,,DELAYED,0
MS-00481-24-02,PAI-00481,Milestone 24-2,2026-01-27,,DELAYED,0
MS-00482-04-01,PAI-00482,Milestone 4-1,2024-06-16,2024-08-03,COMPLETED,48
MS-00482-08-01,PAI-00482,Milestone 8-1,2024-10-07,2024-11-21,COMPLETED,45
MS-00482-08-02,PAI-00482,Milestone 8-2,2024-09-19,,DELAYED,0
MS-00482-12-01,PAI-00482,Milestone 12-1,2025-01-24,,DELAYED,0
MS-00482-12-02,PAI-00482,Milestone 12-2,2025-02-05,2025-03-31,COMPLETED,54
MS-00482-16-01,PAI-00482,Milestone 16-1,2025-07-11,,DELAYED,0
MS-00482-20-01,PAI-00482,Milestone 20-1,2025-10-23,,DELAYED,0
MS-00482-24-01,PAI-00482,Milestone 24-1,2026-03-07,2026-03-22,COMPLETED,15
MS-00483-04-01,PAI-00483,Milestone 4-1,2024-07-03,,DELAYED,0
MS-00483-08-01,PAI-00483,Milestone 8-1,2024-11-14,2024-11-14,COMPLETED,0
MS-00483-08-02,PAI-00483,Milestone 8-2,2024-09-29,2024-10-14,COMPLETED,15
MS-00483-12-01,PAI-00483,Milestone 12-1,2025-02-28,,DELAYED,0
MS-00483-12-02,PAI-00483,Milestone 12-2,2025-01-28,2025-01-28,COMPLETED,0
MS-00483-16-01,PAI-00483,Milestone 16-1,2025-05-15,2025-06-14,COMPLETED,30
MS-00483-16-02,PAI-00483,Milestone 16-2,2025-06-12,,DELAYED,0
MS-00483-20-01,PAI-00483,Milestone 20-1,2025-10-13,,DELAYED,0
MS-00483-24-01,PAI-00483,Milestone 24-1,2026-02-25,,DELAYED,0
MS-00484-04-01,PAI-00484,Milestone 4-1,2024-05-20,2024-05-31,COMPLETED,11
MS-00484-04-02,PAI-00484,Milestone 4-2,2024-05-12,,DELAYED,0
MS-00484-08-01,PAI-00484,Milestone 8-1,2024-11-15,2024-11-15,COMPLETED,0
MS-00484-08-02,PAI-00484,Milestone 8-2,2024-11-16,2024-12-10,COMPLETED,24
MS-00484-12-01,PAI-00484,Milestone 12-1,2025-03-08,2025-04-17,COMPLETED,40
MS-00484-16-01,PAI-00484,Milestone 16-1,2025-07-14,2025-08-04,COMPLETED,21
MS-00484-20-01,PAI-00484,Milestone 20-1,2025-09-27,,DELAYED,0
MS-00484-24-01,PAI-00484,Milestone 24-1,2026-02-28,2026-02-28,COMPLETED,0
MS-00485-04-01,PAI-00485,Milestone 4-1,2024-06-08,2024-08-23,COMPLETED,76
MS-00485-08-01,PAI-00485,Milestone 8-1,2024-11-16,,DELAYED,0
MS-00485-12-01,PAI-00485,Milestone 12-1,2025-03-01,,DELAYED,0
MS-00485-16-01,PAI-00485,Milestone 16-1,2025-05-16,2025-05-17,COMPLETED,1
MS-00485-16-02,PAI-00485,Milestone 16-2,2025-07-06,2025-07-15,COMPLETED,9
MS-00485-20-01,PAI-00485,Milestone 20-1,2025-10-07,,DELAYED,0
MS-00485-20-02,PAI-00485,Milestone 20-2,2025-11-18,,DELAYED,0
MS-00485-24-01,PAI-00485,Milestone 24-1,2026-01-26,2026-02-28,COMPLETED,33
MS-00485-24-02,PAI-00485,Milestone 24-2,2026-01-14,,DELAYED,0
MS-00486-04-01,PAI-00486,Milestone 4-1,2024-07-07,,DELAYED,0
MS-00486-08-01,PAI-00486,Milestone 8-1,2024-09-19,2024-09-29,COMPLETED,10
MS-00486-12-01,PAI-00486,Milestone 12-1,2025-02-09,2025-02-18,COMPLETED,9
MS-00486-12-02,PAI-00486,Milestone 12-2,2025-01-27,2025-03-15,COMPLETED,47
MS-00486-16-01,PAI-00486,Milestone 16-1,2025-05-14,2025-06-04,COMPLETED,21
MS-00486-20-01,PAI-00486,Milestone 20-1,2025-11-03,,DELAYED,0
MS-00486-20-02,PAI-00486,Milestone 20-2,2025-10-19,,DELAYED,0
MS-00486-24-01,PAI-00486,Milestone 24-1,2026-02-04,,DELAYED,0
MS-00486-24-02,PAI-00486,Milestone 24-2,2026-01-23,,DELAYED,0
MS-00487-04-01,PAI-00487,Milestone 4-1,2024-06-16,2024-06-16,COMPLETED,0
MS-00487-08-01,PAI-00487,Milestone 8-1,2024-09-25,2024-10-26,COMPLETED,31
MS-00487-12-01,PAI-00487,Milestone 12-1,2025-03-08,,DELAYED,0
MS-00487-12-02,PAI-00487,Milestone 12-2,2025-02-06,2025-02-27,COMPLETED,21
MS-00487-16-01,PAI-00487,Milestone 16-1,2025-06-07,2025-07-28,COMPLETED,51
MS-00487-16-02,PAI-00487,Milestone 16-2,2025-05-21,2025-05-26,COMPLETED,5
MS-00487-20-01,PAI-00487,Milestone 20-1,2025-09-27,,DELAYED,0
MS-00487-20-02,PAI-00487,Milestone 20-2,2025-10-23,2025-11-10,COMPLETED,18
MS-00487-24-01,PAI-00487,Milestone 24-1,2026-02-09,,DELAYED,0
MS-00488-04-01,PAI-00488,Milestone 4-1,2024-05-27,2024-06-06,COMPLETED,10
MS-00488-04-02,PAI-00488,Milestone 4-2,2024-06-05,2024-07-24,COMPLETED,49
MS-00488-08-01,PAI-00488,Milestone 8-1,2024-10-05,2024-11-20,COMPLETED,46
MS-00488-12-01,PAI-00488,Milestone 12-1,2025-01-21,2025-02-01,COMPLETED,11
MS-00488-16-01,PAI-00488,Milestone 16-1,2025-07-07,2025-07-31,COMPLETED,24
MS-00488-20-01,PAI-00488,Milestone 20-1,2025-11-02,2025-11-02,COMPLETED,0
MS-00488-24-01,PAI-00488,Milestone 24-1,2026-03-05,,DELAYED,0
MS-00488-24-02,PAI-00488,Milestone 24-2,2026-01-22,2026-01-22,COMPLETED,0
MS-00489-04-01,PAI-00489,Milestone 4-1,2024-06-07,,DELAYED,0
MS-00489-04-02,PAI-00489,Milestone 4-2,2024-07-10,2024-07-12,COMPLETED,2
MS-00489-08-01,PAI-00489,Milestone 8-1,2024-11-17,2024-11-23,COMPLETED,6
MS-00489-08-02,PAI-00489,Milestone 8-2,2024-09-26,2024-10-23,COMPLETED,27
MS-00489-12-01,PAI-00489,Milestone 12-1,2025-02-15,2025-03-13,COMPLETED,26
MS-00489-16-01,PAI-00489,Milestone 16-1,2025-07-04,,DELAYED,0
MS-00489-16-02,PAI-00489,Milestone 16-2,2025-07-11,,DELAYED,0
MS-00489-20-01,PAI-00489,Milestone 20-1,2025-09-10,2025-09-10,COMPLETED,0
MS-00489-24-01,PAI-00489,Milestone 24-1,2026-03-10,2026-03-31,COMPLETED,21
MS-00490-04-01,PAI-00490,Milestone 4-1,2024-06-28,2024-07-15,COMPLETED,17
MS-00490-08-01,PAI-00490,Milestone 8-1,2024-09-21,,DELAYED,0
MS-00490-08-02,PAI-00490,Milestone 8-2,2024-10-07,,DELAYED,0
MS-00490-12-01,PAI-00490,Milestone 12-1,2025-01-23,2025-03-19,COMPLETED,55
MS-00490-12-02,PAI-00490,Milestone 12-2,2025-03-08,2025-03-08,COMPLETED,0
MS-00490-16-01,PAI-00490,Milestone 16-1,2025-06-07,2025-06-07,COMPLETED,0
MS-00490-20-01,PAI-00490,Milestone 20-1,2025-09-13,2025-09-13,COMPLETED,0
MS-00490-20-02,PAI-00490,Milestone 20-2,2025-11-08,,DELAYED,0
MS-00490-24-01,PAI-00490,Milestone 24-1,2026-02-19,2026-02-19,COMPLETED,0
MS-00491-04-01,PAI-00491,Milestone 4-1,2024-06-22,2024-07-04,COMPLETED,12
MS-00491-04-02,PAI-00491,Milestone 4-2,2024-06-25,2024-07-25,COMPLETED,30
MS-00491-08-01,PAI-00491,Milestone 8-1,2024-11-09,2024-11-09,COMPLETED,0
MS-00491-12-01,PAI-00491,Milestone 12-1,2025-02-02,,DELAYED,0
MS-00491-16-01,PAI-00491,Milestone 16-1,2025-07-12,2025-07-12,COMPLETED,0
MS-00491-20-01,PAI-00491,Milestone 20-1,2025-10-30,2025-10-30,COMPLETED,0
MS-00491-20-02,PAI-00491,Milestone 20-2,2025-09-14,,DELAYED,0
MS-00491-24-01,PAI-00491,Milestone 24-1,2026-01-11,2026-02-19,COMPLETED,39
MS-00491-24-02,PAI-00491,Milestone 24-2,2026-02-03,2026-02-15,COMPLETED,12
MS-00492-04-01,PAI-00492,Milestone 4-1,2024-06-02,2024-07-26,COMPLETED,54
MS-00492-08-01,PAI-00492,Milestone 8-1,2024-09-25,2024-09-25,COMPLETED,0
MS-00492-12-01,PAI-00492,Milestone 12-1,2025-02-01,2025-02-01,COMPLETED,0
MS-00492-16-01,PAI-00492,Milestone 16-1,2025-06-12,,DELAYED,0
MS-00492-16-02,PAI-00492,Milestone 16-2,2025-06-15,2025-06-15,COMPLETED,0
MS-00492-20-01,PAI-00492,Milestone 20-1,2025-11-18,2025-11-18,COMPLETED,0
MS-00492-20-02,PAI-00492,Milestone 20-2,2025-09-30,2025-09-30,COMPLETED,0
MS-00492-24-01,PAI-00492,Milestone 24-1,2026-02-15,2026-03-08,COMPLETED,21
MS-00492-24-02,PAI-00492,Milestone 24-2,2026-03-07,2026-03-17,COMPLETED,10
MS-00493-04-01,PAI-00493,Milestone 4-1,2024-07-13,,DELAYED,0
MS-00493-04-02,PAI-00493,Milestone 4-2,2024-05-19,2024-06-12,COMPLETED,24
MS-00493-08-01,PAI-00493,Milestone 8-1,2024-10-04,,DELAYED,0
MS-00493-12-01,PAI-00493,Milestone 12-1,2025-02-07,2025-02-12,COMPLETED,5
MS-00493-16-01,PAI-00493,Milestone 16-1,2025-06-23,2025-06-23,COMPLETED,0
MS-00493-16-02,PAI-00493,Milestone 16-2,2025-06-29,2025-07-12,COMPLETED,13
MS-00493-20-01,PAI-00493,Milestone 20-1,2025-10-28,2025-10-28,COMPLETED,0
MS-00493-24-01,PAI-00493,Milestone 24-1,2026-03-03,2026-04-11,COMPLETED,39
MS-00494-04-01,PAI-00494,Milestone 4-1,2024-06-28,2024-07-21,COMPLETED,23
MS-00494-08-01,PAI-00494,Milestone 8-1,2024-09-25,2024-09-25,COMPLETED,0
MS-00494-12-01,PAI-00494,Milestone 12-1,2025-01-27,2025-01-27,COMPLETED,0
MS-00494-16-01,PAI-00494,Milestone 16-1,2025-06-26,,DELAYED,0
MS-00494-20-01,PAI-00494,Milestone 20-1,2025-10-02,2025-10-17,COMPLETED,15
MS-00494-20-02,PAI-00494,Milestone 20-2,2025-10-23,2025-10-26,COMPLETED,3
MS-00494-24-01,PAI-00494,Milestone 24-1,2026-03-07,,DELAYED,0
MS-00494-24-02,PAI-00494,Milestone 24-2,2026-02-07,2026-02-16,COMPLETED,9
MS-00495-04-01,PAI-00495,Milestone 4-1,2024-05-18,,DELAYED,0
MS-00495-04-02,PAI-00495,Milestone 4-2,2024-07-07,2024-07-16,COMPLETED,9
MS-00495-08-01,PAI-00495,Milestone 8-1,2024-10-03,2024-11-15,COMPLETED,43
MS-00495-08-02,PAI-00495,Milestone 8-2,2024-10-11,2024-10-23,COMPLETED,12
MS-00495-12-01,PAI-00495,Milestone 12-1,2025-01-28,2025-02-19,COMPLETED,22
MS-00495-12-02,PAI-00495,Milestone 12-2,2025-01-24,2025-02-05,COMPLETED,12
MS-00495-16-01,PAI-00495,Milestone 16-1,2025-06-05,2025-06-15,COMPLETED,10
MS-00495-16-02,PAI-00495,Milestone 16-2,2025-05-29,2025-07-07,COMPLETED,39
MS-00495-20-01,PAI-00495,Milestone 20-1,2025-10-23,,DELAYED,0
MS-00495-24-01,PAI-00495,Milestone 24-1,2026-01-25,2026-03-16,COMPLETED,50
MS-00496-04-01,PAI-00496,Milestone 4-1,2024-06-10,2024-06-22,COMPLETED,12
MS-00496-08-01,PAI-00496,Milestone 8-1,2024-09-27,2024-10-29,COMPLETED,32
MS-00496-08-02,PAI-00496,Milestone 8-2,2024-09-18,2024-09-26,COMPLETED,8
MS-00496-12-01,PAI-00496,Milestone 12-1,2025-02-12,2025-03-28,COMPLETED,44
MS-00496-16-01,PAI-00496,Milestone 16-1,2025-07-15,,DELAYED,0
MS-00496-16-02,PAI-00496,Milestone 16-2,2025-06-29,2025-06-29,COMPLETED,0
MS-00496-20-01,PAI-00496,Milestone 20-1,2025-11-12,2025-11-17,COMPLETED,5
MS-00496-20-02,PAI-00496,Milestone 20-2,2025-11-11,,DELAYED,0
MS-00496-24-01,PAI-00496,Milestone 24-1,2026-02-26,2026-03-22,COMPLETED,24
MS-00496-24-02,PAI-00496,Milestone 24-2,2026-02-28,2026-03-09,COMPLETED,9
MS-00497-04-01,PAI-00497,Milestone 4-1,2024-05-24,2024-06-10,COMPLETED,17
MS-00497-04-02,PAI-00497,Milestone 4-2,2024-05-25,2024-06-11,COMPLETED,17
MS-00497-08-01,PAI-00497,Milestone 8-1,2024-09-14,2024-09-29,COMPLETED,15
MS-00497-12-01,PAI-00497,Milestone 12-1,2025-01-14,2025-02-01,COMPLETED,18
MS-00497-12-02,PAI-00497,Milestone 12-2,2025-03-14,2025-04-28,COMPLETED,45
MS-00497-16-01,PAI-00497,Milestone 16-1,2025-05-14,2025-07-10,COMPLETED,57
MS-00497-20-01,PAI-00497,Milestone 20-1,2025-10-08,2025-11-10,COMPLETED,33
MS-00497-20-02,PAI-00497,Milestone 20-2,2025-11-17,2025-11-21,COMPLETED,4
MS-00497-24-01,PAI-00497,Milestone 24-1,2026-02-23,2026-04-12,COMPLETED,48
MS-00498-04-01,PAI-00498,Milestone 4-1,2024-06-09,,DELAYED,0
MS-00498-08-01,PAI-00498,Milestone 8-1,2024-10-25,,DELAYED,0
MS-00498-12-01,PAI-00498,Milestone 12-1,2025-02-22,2025-03-20,COMPLETED,26
MS-00498-16-01,PAI-00498,Milestone 16-1,2025-06-27,2025-06-27,COMPLETED,0
MS-00498-16-02,PAI-00498,Milestone 16-2,2025-05-11,,DELAYED,0
MS-00498-20-01,PAI-00498,Milestone 20-1,2025-11-04,,DELAYED,0
MS-00498-24-01,PAI-00498,Milestone 24-1,2026-01-27,,DELAYED,0
MS-00498-24-02,PAI-00498,Milestone 24-2,2026-01-14,,DELAYED,0
MS-00499-04-01,PAI-00499,Milestone 4-1,2024-05-13,2024-05-13,COMPLETED,0
MS-00499-08-01,PAI-00499,Milestone 8-1,2024-09-22,2024-09-22,COMPLETED,0
MS-00499-08-02,PAI-00499,Milestone 8-2,2024-10-02,2024-10-02,COMPLETED,0
MS-00499-12-01,PAI-00499,Milestone 12-1,2025-02-22,2025-02-28,COMPLETED,6
MS-00499-12-02,PAI-00499,Milestone 12-2,2025-01-24,2025-01-24,COMPLETED,0
MS-00499-16-01,PAI-00499,Milestone 16-1,2025-05-26,2025-06-18,COMPLETED,23
MS-00499-20-01,PAI-00499,Milestone 20-1,2025-10-08,2025-10-08,COMPLETED,0
MS-00499-20-02,PAI-00499,Milestone 20-2,2025-10-11,2025-11-12,COMPLETED,32
MS-00499-24-01,PAI-00499,Milestone 24-1,2026-03-01,,DELAYED,0
MS-00500-04-01,PAI-00500,Milestone 4-1,2024-06-07,2024-07-06,COMPLETED,29
MS-00500-04-02,PAI-00500,Milestone 4-2,2024-05-17,2024-05-25,COMPLETED,8
MS-00500-08-01,PAI-00500,Milestone 8-1,2024-10-06,2024-11-11,COMPLETED,36
MS-00500-12-01,PAI-00500,Milestone 12-1,2025-02-11,2025-02-13,COMPLETED,2
MS-00500-16-01,PAI-00500,Milestone 16-1,2025-05-11,2025-06-09,COMPLETED,29
MS-00500-20-01,PAI-00500,Milestone 20-1,2025-09-15,2025-09-15,COMPLETED,0
MS-00500-24-01,PAI-00500,Milestone 24-1,2026-01-26,2026-02-01,COMPLETED,6
MS-00500-24-02,PAI-00500,Milestone 24-2,2026-02-02,2026-02-02,COMPLETED,0
MS-00501-04-01,PAI-00501,Milestone 4-1,2024-06-02,2024-07-01,COMPLETED,29
MS-00501-08-01,PAI-00501,Milestone 8-1,2024-09-18,,DELAYED,0
MS-00501-08-02,PAI-00501,Milestone 8-2,2024-11-10,2024-11-10,COMPLETED,0
MS-00501-12-01,PAI-00501,Milestone 12-1,2025-03-20,,DELAYED,0
MS-00501-16-01,PAI-00501,Milestone 16-1,2025-07-10,2025-07-11,COMPLETED,1
MS-00501-20-01,PAI-00501,Milestone 20-1,2025-09-27,,DELAYED,0
MS-00501-20-02,PAI-00501,Milestone 20-2,2025-10-15,2025-11-12,COMPLETED,28
MS-00501-24-01,PAI-00501,Milestone 24-1,2026-02-21,2026-03-19,COMPLETED,26
MS-00502-04-01,PAI-00502,Milestone 4-1,2024-06-18,2024-07-04,COMPLETED,16
MS-00502-04-02,PAI-00502,Milestone 4-2,2024-07-09,,DELAYED,0
MS-00502-08-01,PAI-00502,Milestone 8-1,2024-10-15,,DELAYED,0
MS-00502-12-01,PAI-00502,Milestone 12-1,2025-03-15,2025-04-04,COMPLETED,20
MS-00502-12-02,PAI-00502,Milestone 12-2,2025-02-04,,DELAYED,0
MS-00502-16-01,PAI-00502,Milestone 16-1,2025-06-22,2025-06-22,COMPLETED,0
MS-00502-16-02,PAI-00502,Milestone 16-2,2025-05-18,,DELAYED,0
MS-00502-20-01,PAI-00502,Milestone 20-1,2025-09-21,2025-10-03,COMPLETED,12
MS-00502-24-01,PAI-00502,Milestone 24-1,2026-02-22,,DELAYED,0
MS-00502-24-02,PAI-00502,Milestone 24-2,2026-02-27,2026-02-27,COMPLETED,0
MS-00503-04-01,PAI-00503,Milestone 4-1,2024-07-02,2024-08-29,COMPLETED,58
MS-00503-04-02,PAI-00503,Milestone 4-2,2024-05-27,,DELAYED,0
MS-00503-08-01,PAI-00503,Milestone 8-1,2024-09-11,,DELAYED,0
MS-00503-08-02,PAI-00503,Milestone 8-2,2024-10-17,2024-10-29,COMPLETED,12
MS-00503-12-01,PAI-00503,Milestone 12-1,2025-01-14,,DELAYED,0
MS-00503-16-01,PAI-00503,Milestone 16-1,2025-05-13,2025-07-12,COMPLETED,60
MS-00503-20-01,PAI-00503,Milestone 20-1,2025-10-16,,DELAYED,0
MS-00503-20-02,PAI-00503,Milestone 20-2,2025-11-14,2025-12-18,COMPLETED,34
MS-00503-24-01,PAI-00503,Milestone 24-1,2026-01-30,,DELAYED,0
MS-00503-24-02,PAI-00503,Milestone 24-2,2026-01-31,,DELAYED,0
MS-00504-04-01,PAI-00504,Milestone 4-1,2024-05-14,2024-07-30,COMPLETED,77
MS-00504-04-02,PAI-00504,Milestone 4-2,2024-05-24,2024-07-14,COMPLETED,51
MS-00504-08-01,PAI-00504,Milestone 8-1,2024-11-11,,DELAYED,0
MS-00504-12-01,PAI-00504,Milestone 12-1,2025-02-23,,DELAYED,0
MS-00504-12-02,PAI-00504,Milestone 12-2,2025-01-14,2025-02-20,COMPLETED,37
MS-00504-16-01,PAI-00504,Milestone 16-1,2025-06-22,2025-07-26,COMPLETED,34
MS-00504-16-02,PAI-00504,Milestone 16-2,2025-07-04,,DELAYED,0
MS-00504-20-01,PAI-00504,Milestone 20-1,2025-10-19,,DELAYED,0
MS-00504-20-02,PAI-00504,Milestone 20-2,2025-10-09,,DELAYED,0
MS-00504-24-01,PAI-00504,Milestone 24-1,2026-02-09,,DELAYED,0
MS-00504-24-02,PAI-00504,Milestone 24-2,2026-03-14,2026-04-26,COMPLETED,43
MS-00505-04-01,PAI-00505,Milestone 4-1,2024-06-27,2024-07-23,COMPLETED,26
MS-00505-04-02,PAI-00505,Milestone 4-2,2024-05-12,,DELAYED,0
MS-00505-08-01,PAI-00505,Milestone 8-1,2024-10-28,2024-12-23,COMPLETED,56
MS-00505-08-02,PAI-00505,Milestone 8-2,2024-09-24,,DELAYED,0
MS-00505-12-01,PAI-00505,Milestone 12-1,2025-02-23,,DELAYED,0
MS-00505-12-02,PAI-00505,Milestone 12-2,2025-01-18,,DELAYED,0
MS-00505-16-01,PAI-00505,Milestone 16-1,2025-06-16,,DELAYED,0
MS-00505-16-02,PAI-00505,Milestone 16-2,2025-05-25,,DELAYED,0
MS-00505-20-01,PAI-00505,Milestone 20-1,2025-09-15,2025-10-17,COMPLETED,32
MS-00505-24-01,PAI-00505,Milestone 24-1,2026-02-03,2026-03-05,COMPLETED,30
MS-00506-04-01,PAI-00506,Milestone 4-1,2024-05-21,2024-05-21,COMPLETED,0
MS-00506-08-01,PAI-00506,Milestone 8-1,2024-09-22,,DELAYED,0
MS-00506-08-02,PAI-00506,Milestone 8-2,2024-10-28,2024-12-05,COMPLETED,38
MS-00506-12-01,PAI-00506,Milestone 12-1,2025-01-13,2025-01-25,COMPLETED,12
MS-00506-16-01,PAI-00506,Milestone 16-1,2025-05-24,2025-05-29,COMPLETED,5
MS-00506-20-01,PAI-00506,Milestone 20-1,2025-09-28,2025-10-29,COMPLETED,31
MS-00506-20-02,PAI-00506,Milestone 20-2,2025-10-17,2025-10-23,COMPLETED,6
MS-00506-24-01,PAI-00506,Milestone 24-1,2026-02-13,,DELAYED,0
MS-00507-04-01,PAI-00507,Milestone 4-1,2024-05-11,2024-05-22,COMPLETED,11
MS-00507-08-01,PAI-00507,Milestone 8-1,2024-11-18,2024-12-04,COMPLETED,16
MS-00507-12-01,PAI-00507,Milestone 12-1,2025-01-13,2025-01-19,COMPLETED,6
MS-00507-12-02,PAI-00507,Milestone 12-2,2025-03-18,2025-03-18,COMPLETED,0
MS-00507-16-01,PAI-00507,Milestone 16-1,2025-06-27,2025-06-28,COMPLETED,1
MS-00507-20-01,PAI-00507,Milestone 20-1,2025-10-03,2025-10-03,COMPLETED,0
MS-00507-20-02,PAI-00507,Milestone 20-2,2025-10-30,2025-10-30,COMPLETED,0
MS-00507-24-01,PAI-00507,Milestone 24-1,2026-03-01,2026-03-21,COMPLETED,20
MS-00507-24-02,PAI-00507,Milestone 24-2,2026-02-14,2026-02-19,COMPLETED,5
MS-00508-04-01,PAI-00508,Milestone 4-1,2024-07-18,2024-08-22,COMPLETED,35
MS-00508-08-01,PAI-00508,Milestone 8-1,2024-10-12,2024-11-19,COMPLETED,38
MS-00508-08-02,PAI-00508,Milestone 8-2,2024-11-07,,DELAYED,0
MS-00508-12-01,PAI-00508,Milestone 12-1,2025-03-06,2025-03-22,COMPLETED,16
MS-00508-12-02,PAI-00508,Milestone 12-2,2025-01-26,2025-03-15,COMPLETED,48
MS-00508-16-01,PAI-00508,Milestone 16-1,2025-06-15,2025-07-25,COMPLETED,40
MS-00508-20-01,PAI-00508,Milestone 20-1,2025-10-12,,DELAYED,0
MS-00508-20-02,PAI-00508,Milestone 20-2,2025-10-26,,DELAYED,0
MS-00508-24-01,PAI-00508,Milestone 24-1,2026-01-14,,DELAYED,0
MS-00509-04-01,PAI-00509,Milestone 4-1,2024-06-05,,DELAYED,0
MS-00509-04-02,PAI-00509,Milestone 4-2,2024-05-10,2024-06-24,COMPLETED,45
MS-00509-08-01,PAI-00509,Milestone 8-1,2024-10-20,2024-10-20,COMPLETED,0
MS-00509-12-01,PAI-00509,Milestone 12-1,2025-03-03,2025-04-02,COMPLETED,30
MS-00509-12-02,PAI-00509,Milestone 12-2,2025-02-05,,DELAYED,0
MS-00509-16-01,PAI-00509,Milestone 16-1,2025-07-12,,DELAYED,0
MS-00509-20-01,PAI-00509,Milestone 20-1,2025-10-28,2025-11-02,COMPLETED,5
MS-00509-24-01,PAI-00509,Milestone 24-1,2026-02-13,,DELAYED,0
MS-00510-04-01,PAI-00510,Milestone 4-1,2024-06-02,2024-06-18,COMPLETED,16
MS-00510-08-01,PAI-00510,Milestone 8-1,2024-10-29,,DELAYED,0
MS-00510-08-02,PAI-00510,Milestone 8-2,2024-11-08,2024-11-30,COMPLETED,22
MS-00510-12-01,PAI-00510,Milestone 12-1,2025-03-15,2025-05-10,COMPLETED,56
MS-00510-16-01,PAI-00510,Milestone 16-1,2025-07-15,,DELAYED,0
MS-00510-20-01,PAI-00510,Milestone 20-1,2025-09-19,2025-12-07,COMPLETED,79
MS-00510-24-01,PAI-00510,Milestone 24-1,2026-03-10,2026-03-24,COMPLETED,14
MS-00511-04-01,PAI-00511,Milestone 4-1,2024-05-30,2024-05-30,COMPLETED,0
MS-00511-04-02,PAI-00511,Milestone 4-2,2024-05-19,2024-06-21,COMPLETED,33
MS-00511-08-01,PAI-00511,Milestone 8-1,2024-09-16,2024-09-21,COMPLETED,5
MS-00511-12-01,PAI-00511,Milestone 12-1,2025-02-28,2025-03-20,COMPLETED,20
MS-00511-16-01,PAI-00511,Milestone 16-1,2025-06-24,2025-06-27,COMPLETED,3
MS-00511-20-01,PAI-00511,Milestone 20-1,2025-09-27,2025-10-15,COMPLETED,18
MS-00511-24-01,PAI-00511,Milestone 24-1,2026-01-22,,DELAYED,0
MS-00512-04-01,PAI-00512,Milestone 4-1,2024-06-16,2024-08-03,COMPLETED,48
MS-00512-08-01,PAI-00512,Milestone 8-1,2024-10-12,2024-12-05,COMPLETED,54
MS-00512-12-01,PAI-00512,Milestone 12-1,2025-03-10,2025-04-15,COMPLETED,36
MS-00512-12-02,PAI-00512,Milestone 12-2,2025-02-11,2025-03-01,COMPLETED,18
MS-00512-16-01,PAI-00512,Milestone 16-1,2025-05-14,2025-06-20,COMPLETED,37
MS-00512-20-01,PAI-00512,Milestone 20-1,2025-09-15,2025-10-18,COMPLETED,33
MS-00512-20-02,PAI-00512,Milestone 20-2,2025-09-27,,DELAYED,0
MS-00512-24-01,PAI-00512,Milestone 24-1,2026-01-20,2026-02-08,COMPLETED,19
MS-00512-24-02,PAI-00512,Milestone 24-2,2026-03-01,2026-03-21,COMPLETED,20
MS-00513-04-01,PAI-00513,Milestone 4-1,2024-07-11,2024-08-24,COMPLETED,44
MS-00513-04-02,PAI-00513,Milestone 4-2,2024-07-17,2024-07-17,COMPLETED,0
MS-00513-08-01,PAI-00513,Milestone 8-1,2024-10-20,2024-10-20,COMPLETED,0
MS-00513-08-02,PAI-00513,Milestone 8-2,2024-10-29,,DELAYED,0
MS-00513-12-01,PAI-00513,Milestone 12-1,2025-02-05,2025-03-11,COMPLETED,34
MS-00513-16-01,PAI-00513,Milestone 16-1,2025-06-14,2025-06-14,COMPLETED,0
MS-00513-20-01,PAI-00513,Milestone 20-1,2025-11-06,2025-11-20,COMPLETED,14
MS-00513-24-01,PAI-00513,Milestone 24-1,2026-02-27,2026-02-27,COMPLETED,0
MS-00513-24-02,PAI-00513,Milestone 24-2,2026-01-25,2026-01-25,COMPLETED,0
MS-00514-04-01,PAI-00514,Milestone 4-1,2024-05-25,2024-06-04,COMPLETED,10
MS-00514-04-02,PAI-00514,Milestone 4-2,2024-06-05,2024-06-29,COMPLETED,24
MS-00514-08-01,PAI-00514,Milestone 8-1,2024-10-18,,DELAYED,0
MS-00514-12-01,PAI-00514,Milestone 12-1,2025-02-23,,DELAYED,0
MS-00514-12-02,PAI-00514,Milestone 12-2,2025-02-01,,DELAYED,0
MS-00514-16-01,PAI-00514,Milestone 16-1,2025-07-10,2025-07-10,COMPLETED,0
MS-00514-20-01,PAI-00514,Milestone 20-1,2025-10-12,2025-10-12,COMPLETED,0
MS-00514-20-02,PAI-00514,Milestone 20-2,2025-10-21,,DELAYED,0
MS-00514-24-01,PAI-00514,Milestone 24-1,2026-01-29,2026-01-29,COMPLETED,0
MS-00514-24-02,PAI-00514,Milestone 24-2,2026-03-08,,DELAYED,0
MS-00515-04-01,PAI-00515,Milestone 4-1,2024-05-21,2024-05-23,COMPLETED,2
MS-00515-08-01,PAI-00515,Milestone 8-1,2024-10-13,2024-11-10,COMPLETED,28
MS-00515-12-01,PAI-00515,Milestone 12-1,2025-01-12,2025-02-18,COMPLETED,37
MS-00515-16-01,PAI-00515,Milestone 16-1,2025-07-03,2025-08-04,COMPLETED,32
MS-00515-20-01,PAI-00515,Milestone 20-1,2025-10-23,,DELAYED,0
MS-00515-24-01,PAI-00515,Milestone 24-1,2026-02-14,2026-04-09,COMPLETED,54
MS-00515-24-02,PAI-00515,Milestone 24-2,2026-02-18,2026-02-18,COMPLETED,0
MS-00516-04-01,PAI-00516,Milestone 4-1,2024-06-13,2024-06-20,COMPLETED,7
MS-00516-04-02,PAI-00516,Milestone 4-2,2024-07-13,2024-08-12,COMPLETED,30
MS-00516-08-01,PAI-00516,Milestone 8-1,2024-10-29,2024-12-02,COMPLETED,34
MS-00516-08-02,PAI-00516,Milestone 8-2,2024-09-25,2024-11-09,COMPLETED,45
MS-00516-12-01,PAI-00516,Milestone 12-1,2025-01-14,2025-02-17,COMPLETED,34
MS-00516-16-01,PAI-00516,Milestone 16-1,2025-07-07,2025-08-26,COMPLETED,50
MS-00516-20-01,PAI-00516,Milestone 20-1,2025-10-03,2025-10-08,COMPLETED,5
MS-00516-20-02,PAI-00516,Milestone 20-2,2025-10-03,,DELAYED,0
MS-00516-24-01,PAI-00516,Milestone 24-1,2026-02-19,2026-04-15,COMPLETED,55
MS-00516-24-02,PAI-00516,Milestone 24-2,2026-03-11,,DELAYED,0
MS-00517-04-01,PAI-00517,Milestone 4-1,2024-06-29,2024-07-21,COMPLETED,22
MS-00517-08-01,PAI-00517,Milestone 8-1,2024-10-19,,DELAYED,0
MS-00517-12-01,PAI-00517,Milestone 12-1,2025-02-22,,DELAYED,0
MS-00517-12-02,PAI-00517,Milestone 12-2,2025-03-18,,DELAYED,0
MS-00517-16-01,PAI-00517,Milestone 16-1,2025-06-14,,DELAYED,0
MS-00517-16-02,PAI-00517,Milestone 16-2,2025-07-02,,DELAYED,0
MS-00517-20-01,PAI-00517,Milestone 20-1,2025-11-10,2025-12-07,COMPLETED,27
MS-00517-24-01,PAI-00517,Milestone 24-1,2026-01-15,,DELAYED,0
MS-00518-04-01,PAI-00518,Milestone 4-1,2024-07-01,,DELAYED,0
MS-00518-04-02,PAI-00518,Milestone 4-2,2024-05-14,2024-05-14,COMPLETED,0
MS-00518-08-01,PAI-00518,Milestone 8-1,2024-10-31,2024-11-22,COMPLETED,22
MS-00518-08-02,PAI-00518,Milestone 8-2,2024-09-16,2024-09-16,COMPLETED,0
MS-00518-12-01,PAI-00518,Milestone 12-1,2025-02-09,2025-02-13,COMPLETED,4
MS-00518-12-02,PAI-00518,Milestone 12-2,2025-02-03,2025-02-27,COMPLETED,24
MS-00518-16-01,PAI-00518,Milestone 16-1,2025-05-13,2025-05-19,COMPLETED,6
MS-00518-16-02,PAI-00518,Milestone 16-2,2025-06-02,2025-06-12,COMPLETED,10
MS-00518-20-01,PAI-00518,Milestone 20-1,2025-11-18,2025-12-11,COMPLETED,23
MS-00518-24-01,PAI-00518,Milestone 24-1,2026-02-09,2026-02-09,COMPLETED,0
MS-00518-24-02,PAI-00518,Milestone 24-2,2026-01-15,2026-01-15,COMPLETED,0
MS-00519-04-01,PAI-00519,Milestone 4-1,2024-05-25,2024-05-25,COMPLETED,0
MS-00519-08-01,PAI-00519,Milestone 8-1,2024-10-03,2024-11-06,COMPLETED,34
MS-00519-08-02,PAI-00519,Milestone 8-2,2024-10-26,2024-12-27,COMPLETED,62
MS-00519-12-01,PAI-00519,Milestone 12-1,2025-02-28,,DELAYED,0
MS-00519-12-02,PAI-00519,Milestone 12-2,2025-01-17,,DELAYED,0
MS-00519-16-01,PAI-00519,Milestone 16-1,2025-05-19,,DELAYED,0
MS-00519-16-02,PAI-00519,Milestone 16-2,2025-07-07,,DELAYED,0
MS-00519-20-01,PAI-00519,Milestone 20-1,2025-11-01,2025-11-27,COMPLETED,26
MS-00519-20-02,PAI-00519,Milestone 20-2,2025-09-11,2025-10-26,COMPLETED,45
MS-00519-24-01,PAI-00519,Milestone 24-1,2026-02-14,2026-04-23,COMPLETED,68
MS-00519-24-02,PAI-00519,Milestone 24-2,2026-02-07,2026-03-09,COMPLETED,30
MS-00520-04-01,PAI-00520,Milestone 4-1,2024-05-22,,DELAYED,0
MS-00520-08-01,PAI-00520,Milestone 8-1,2024-09-20,2024-10-08,COMPLETED,18
MS-00520-08-02,PAI-00520,Milestone 8-2,2024-11-04,2024-12-22,COMPLETED,48
MS-00520-12-01,PAI-00520,Milestone 12-1,2025-02-14,2025-04-19,COMPLETED,64
MS-00520-16-01,PAI-00520,Milestone 16-1,2025-05-18,,DELAYED,0
MS-00520-20-01,PAI-00520,Milestone 20-1,2025-10-08,2025-12-03,COMPLETED,56
MS-00520-24-01,PAI-00520,Milestone 24-1,2026-02-01,,DELAYED,0
MS-00521-04-01,PAI-00521,Milestone 4-1,2024-06-10,,DELAYED,0
MS-00521-08-01,PAI-00521,Milestone 8-1,2024-11-07,2024-12-15,COMPLETED,38
MS-00521-12-01,PAI-00521,Milestone 12-1,2025-01-24,2025-02-08,COMPLETED,15
MS-00521-16-01,PAI-00521,Milestone 16-1,2025-07-15,,DELAYED,0
MS-00521-20-01,PAI-00521,Milestone 20-1,2025-11-08,2025-11-21,COMPLETED,13
MS-00521-24-01,PAI-00521,Milestone 24-1,2026-03-11,2026-03-27,COMPLETED,16
MS-00522-04-01,PAI-00522,Milestone 4-1,2024-06-23,,DELAYED,0
MS-00522-04-02,PAI-00522,Milestone 4-2,2024-07-03,2024-07-22,COMPLETED,19
MS-00522-08-01,PAI-00522,Milestone 8-1,2024-11-08,2024-11-16,COMPLETED,8
MS-00522-12-01,PAI-00522,Milestone 12-1,2025-02-09,2025-03-06,COMPLETED,25
MS-00522-12-02,PAI-00522,Milestone 12-2,2025-03-14,2025-04-10,COMPLETED,27
MS-00522-16-01,PAI-00522,Milestone 16-1,2025-05-27,2025-05-29,COMPLETED,2
MS-00522-16-02,PAI-00522,Milestone 16-2,2025-05-27,,DELAYED,0
MS-00522-20-01,PAI-00522,Milestone 20-1,2025-09-14,2025-10-02,COMPLETED,18
MS-00522-24-01,PAI-00522,Milestone 24-1,2026-01-31,2026-02-09,COMPLETED,9
MS-00523-04-01,PAI-00523,Milestone 4-1,2024-06-04,2024-06-04,COMPLETED,0
MS-00523-08-01,PAI-00523,Milestone 8-1,2024-11-16,,DELAYED,0
MS-00523-08-02,PAI-00523,Milestone 8-2,2024-09-28,2024-09-28,COMPLETED,0
MS-00523-12-01,PAI-00523,Milestone 12-1,2025-02-18,2025-04-02,COMPLETED,43
MS-00523-12-02,PAI-00523,Milestone 12-2,2025-03-02,2025-03-10,COMPLETED,8
MS-00523-16-01,PAI-00523,Milestone 16-1,2025-05-30,,DELAYED,0
MS-00523-16-02,PAI-00523,Milestone 16-2,2025-06-15,2025-06-15,COMPLETED,0
MS-00523-20-01,PAI-00523,Milestone 20-1,2025-10-17,2025-11-12,COMPLETED,26
MS-00523-24-01,PAI-00523,Milestone 24-1,2026-02-22,2026-04-02,COMPLETED,39
MS-00524-04-01,PAI-00524,Milestone 4-1,2024-06-29,2024-06-30,COMPLETED,1
MS-00524-08-01,PAI-00524,Milestone 8-1,2024-09-20,,DELAYED,0
MS-00524-08-02,PAI-00524,Milestone 8-2,2024-09-19,,DELAYED,0
MS-00524-12-01,PAI-00524,Milestone 12-1,2025-02-09,2025-02-09,COMPLETED,0
MS-00524-16-01,PAI-00524,Milestone 16-1,2025-06-20,2025-07-27,COMPLETED,37
MS-00524-20-01,PAI-00524,Milestone 20-1,2025-09-14,,DELAYED,0
MS-00524-24-01,PAI-00524,Milestone 24-1,2026-03-13,2026-03-27,COMPLETED,14
MS-00524-24-02,PAI-00524,Milestone 24-2,2026-03-10,,DELAYED,0
MS-00525-04-01,PAI-00525,Milestone 4-1,2024-06-01,,DELAYED,0
MS-00525-08-01,PAI-00525,Milestone 8-1,2024-09-21,2024-09-24,COMPLETED,3
MS-00525-12-01,PAI-00525,Milestone 12-1,2025-02-11,,DELAYED,0
MS-00525-12-02,PAI-00525,Milestone 12-2,2025-01-21,2025-02-18,COMPLETED,28
MS-00525-16-01,PAI-00525,Milestone 16-1,2025-06-30,2025-08-25,COMPLETED,56
MS-00525-16-02,PAI-00525,Milestone 16-2,2025-05-22,2025-07-13,COMPLETED,52
MS-00525-20-01,PAI-00525,Milestone 20-1,2025-11-16,2026-01-12,COMPLETED,57
MS-00525-24-01,PAI-00525,Milestone 24-1,2026-03-16,,DELAYED,0
MS-00525-24-02,PAI-00525,Milestone 24-2,2026-03-01,2026-03-01,COMPLETED,0
MS-00526-04-01,PAI-00526,Milestone 4-1,2024-06-16,2024-08-06,COMPLETED,51
MS-00526-04-02,PAI-00526,Milestone 4-2,2024-05-14,,DELAYED,0
MS-00526-08-01,PAI-00526,Milestone 8-1,2024-11-04,2024-11-28,COMPLETED,24
MS-00526-08-02,PAI-00526,Milestone 8-2,2024-10-07,2024-11-04,COMPLETED,28
MS-00526-12-01,PAI-00526,Milestone 12-1,2025-03-20,2025-03-31,COMPLETED,11
MS-00526-12-02,PAI-00526,Milestone 12-2,2025-01-28,2025-02-15,COMPLETED,18
MS-00526-16-01,PAI-00526,Milestone 16-1,2025-06-16,2025-06-29,COMPLETED,13
MS-00526-20-01,PAI-00526,Milestone 20-1,2025-10-29,,DELAYED,0
MS-00526-24-01,PAI-00526,Milestone 24-1,2026-01-30,2026-02-15,COMPLETED,16
MS-00526-24-02,PAI-00526,Milestone 24-2,2026-02-04,2026-03-11,COMPLETED,35
MS-00527-04-01,PAI-00527,Milestone 4-1,2024-05-30,2024-05-30,COMPLETED,0
MS-00527-04-02,PAI-00527,Milestone 4-2,2024-06-22,2024-06-22,COMPLETED,0
MS-00527-08-01,PAI-00527,Milestone 8-1,2024-09-21,,DELAYED,0
MS-00527-12-01,PAI-00527,Milestone 12-1,2025-03-06,2025-03-25,COMPLETED,19
MS-00527-16-01,PAI-00527,Milestone 16-1,2025-07-14,2025-08-04,COMPLETED,21
MS-00527-16-02,PAI-00527,Milestone 16-2,2025-05-27,2025-06-14,COMPLETED,18
MS-00527-20-01,PAI-00527,Milestone 20-1,2025-11-01,2025-11-01,COMPLETED,0
MS-00527-20-02,PAI-00527,Milestone 20-2,2025-11-07,2025-12-18,COMPLETED,41
MS-00527-24-01,PAI-00527,Milestone 24-1,2026-02-17,2026-03-05,COMPLETED,16
MS-00528-04-01,PAI-00528,Milestone 4-1,2024-07-11,2024-07-22,COMPLETED,11
MS-00528-04-02,PAI-00528,Milestone 4-2,2024-07-11,,DELAYED,0
MS-00528-08-01,PAI-00528,Milestone 8-1,2024-10-13,,DELAYED,0
MS-00528-12-01,PAI-00528,Milestone 12-1,2025-02-03,2025-03-03,COMPLETED,28
MS-00528-12-02,PAI-00528,Milestone 12-2,2025-01-17,2025-01-25,COMPLETED,8
MS-00528-16-01,PAI-00528,Milestone 16-1,2025-05-11,,DELAYED,0
MS-00528-20-01,PAI-00528,Milestone 20-1,2025-10-21,2025-11-03,COMPLETED,13
MS-00528-24-01,PAI-00528,Milestone 24-1,2026-02-18,2026-02-18,COMPLETED,0
MS-00529-04-01,PAI-00529,Milestone 4-1,2024-06-17,2024-07-08,COMPLETED,21
MS-00529-04-02,PAI-00529,Milestone 4-2,2024-07-09,2024-07-30,COMPLETED,21
MS-00529-08-01,PAI-00529,Milestone 8-1,2024-11-14,2025-01-07,COMPLETED,54
MS-00529-12-01,PAI-00529,Milestone 12-1,2025-02-06,2025-03-07,COMPLETED,29
MS-00529-16-01,PAI-00529,Milestone 16-1,2025-05-27,2025-06-22,COMPLETED,26
MS-00529-16-02,PAI-00529,Milestone 16-2,2025-05-24,2025-06-03,COMPLETED,10
MS-00529-20-01,PAI-00529,Milestone 20-1,2025-09-27,2025-10-02,COMPLETED,5
MS-00529-24-01,PAI-00529,Milestone 24-1,2026-01-28,2026-02-05,COMPLETED,8
MS-00529-24-02,PAI-00529,Milestone 24-2,2026-03-18,2026-04-18,COMPLETED,31
MS-00530-04-01,PAI-00530,Milestone 4-1,2024-05-17,2024-06-07,COMPLETED,21
MS-00530-08-01,PAI-00530,Milestone 8-1,2024-10-16,,DELAYED,0
MS-00530-12-01,PAI-00530,Milestone 12-1,2025-02-26,,DELAYED,0
MS-00530-12-02,PAI-00530,Milestone 12-2,2025-03-03,2025-03-03,COMPLETED,0
MS-00530-16-01,PAI-00530,Milestone 16-1,2025-05-28,,DELAYED,0
MS-00530-16-02,PAI-00530,Milestone 16-2,2025-06-27,,DELAYED,0
MS-00530-20-01,PAI-00530,Milestone 20-1,2025-10-14,,DELAYED,0
MS-00530-24-01,PAI-00530,Milestone 24-1,2026-02-15,2026-02-21,COMPLETED,6
MS-00530-24-02,PAI-00530,Milestone 24-2,2026-02-12,2026-02-12,COMPLETED,0
MS-00531-04-01,PAI-00531,Milestone 4-1,2024-07-02,,DELAYED,0
MS-00531-08-01,PAI-00531,Milestone 8-1,2024-09-24,2024-12-06,COMPLETED,73
MS-00531-12-01,PAI-00531,Milestone 12-1,2025-03-13,2025-03-24,COMPLETED,11
MS-00531-12-02,PAI-00531,Milestone 12-2,2025-01-19,2025-02-12,COMPLETED,24
MS-00531-16-01,PAI-00531,Milestone 16-1,2025-06-29,,DELAYED,0
MS-00531-20-01,PAI-00531,Milestone 20-1,2025-10-24,,DELAYED,0
MS-00531-20-02,PAI-00531,Milestone 20-2,2025-10-31,2025-12-23,COMPLETED,53
MS-00531-24-01,PAI-00531,Milestone 24-1,2026-01-22,,DELAYED,0
MS-00531-24-02,PAI-00531,Milestone 24-2,2026-02-26,,DELAYED,0
MS-00532-04-01,PAI-00532,Milestone 4-1,2024-06-23,,DELAYED,0
MS-00532-08-01,PAI-00532,Milestone 8-1,2024-10-06,,DELAYED,0
MS-00532-08-02,PAI-00532,Milestone 8-2,2024-10-09,,DELAYED,0
MS-00532-12-01,PAI-00532,Milestone 12-1,2025-03-12,2025-04-07,COMPLETED,26
MS-00532-16-01,PAI-00532,Milestone 16-1,2025-06-08,2025-06-08,COMPLETED,0
MS-00532-16-02,PAI-00532,Milestone 16-2,2025-05-18,2025-05-18,COMPLETED,0
MS-00532-20-01,PAI-00532,Milestone 20-1,2025-10-21,,DELAYED,0
MS-00532-20-02,PAI-00532,Milestone 20-2,2025-09-28,2025-11-21,COMPLETED,54
MS-00532-24-01,PAI-00532,Milestone 24-1,2026-01-12,2026-01-12,COMPLETED,0
MS-00532-24-02,PAI-00532,Milestone 24-2,2026-01-13,,DELAYED,0
MS-00533-04-01,PAI-00533,Milestone 4-1,2024-06-23,,DELAYED,0
MS-00533-08-01,PAI-00533,Milestone 8-1,2024-10-30,,DELAYED,0
MS-00533-08-02,PAI-00533,Milestone 8-2,2024-11-17,2024-12-08,COMPLETED,21
MS-00533-12-01,PAI-00533,Milestone 12-1,2025-02-12,2025-03-17,COMPLETED,33
MS-00533-16-01,PAI-00533,Milestone 16-1,2025-05-11,2025-05-26,COMPLETED,15
MS-00533-16-02,PAI-00533,Milestone 16-2,2025-05-11,,DELAYED,0
MS-00533-20-01,PAI-00533,Milestone 20-1,2025-11-07,,DELAYED,0
MS-00533-24-01,PAI-00533,Milestone 24-1,2026-01-15,2026-02-22,COMPLETED,38
MS-00533-24-02,PAI-00533,Milestone 24-2,2026-02-28,2026-04-27,COMPLETED,58
MS-00534-04-01,PAI-00534,Milestone 4-1,2024-06-18,2024-06-18,COMPLETED,0
MS-00534-08-01,PAI-00534,Milestone 8-1,2024-09-19,2024-09-19,COMPLETED,0
MS-00534-12-01,PAI-00534,Milestone 12-1,2025-03-05,,DELAYED,0
MS-00534-16-01,PAI-00534,Milestone 16-1,2025-07-06,2025-07-06,COMPLETED,0
MS-00534-20-01,PAI-00534,Milestone 20-1,2025-09-28,2025-10-05,COMPLETED,7
MS-00534-20-02,PAI-00534,Milestone 20-2,2025-10-08,,DELAYED,0
MS-00534-24-01,PAI-00534,Milestone 24-1,2026-02-26,2026-02-26,COMPLETED,0
MS-00535-04-01,PAI-00535,Milestone 4-1,2024-06-02,,DELAYED,0
MS-00535-04-02,PAI-00535,Milestone 4-2,2024-06-04,,DELAYED,0
MS-00535-08-01,PAI-00535,Milestone 8-1,2024-11-01,2024-12-18,COMPLETED,47
MS-00535-12-01,PAI-00535,Milestone 12-1,2025-01-16,2025-01-30,COMPLETED,14
MS-00535-12-02,PAI-00535,Milestone 12-2,2025-02-21,2025-04-11,COMPLETED,49
MS-00535-16-01,PAI-00535,Milestone 16-1,2025-05-19,2025-07-11,COMPLETED,53
MS-00535-20-01,PAI-00535,Milestone 20-1,2025-10-31,2025-11-25,COMPLETED,25
MS-00535-24-01,PAI-00535,Milestone 24-1,2026-01-27,2026-03-16,COMPLETED,48
MS-00536-04-01,PAI-00536,Milestone 4-1,2024-06-26,,DELAYED,0
MS-00536-08-01,PAI-00536,Milestone 8-1,2024-09-30,2024-10-26,COMPLETED,26
MS-00536-08-02,PAI-00536,Milestone 8-2,2024-10-18,,DELAYED,0
MS-00536-12-01,PAI-00536,Milestone 12-1,2025-01-23,2025-02-15,COMPLETED,23
MS-00536-16-01,PAI-00536,Milestone 16-1,2025-07-12,,DELAYED,0
MS-00536-16-02,PAI-00536,Milestone 16-2,2025-05-10,2025-06-29,COMPLETED,50
MS-00536-20-01,PAI-00536,Milestone 20-1,2025-09-14,2025-11-16,COMPLETED,63
MS-00536-24-01,PAI-00536,Milestone 24-1,2026-01-21,2026-02-07,COMPLETED,17
MS-00537-04-01,PAI-00537,Milestone 4-1,2024-06-18,2024-06-18,COMPLETED,0
MS-00537-08-01,PAI-00537,Milestone 8-1,2024-09-12,2024-10-05,COMPLETED,23
MS-00537-12-01,PAI-00537,Milestone 12-1,2025-03-04,,DELAYED,0
MS-00537-12-02,PAI-00537,Milestone 12-2,2025-01-12,2025-01-31,COMPLETED,19
MS-00537-16-01,PAI-00537,Milestone 16-1,2025-06-05,,DELAYED,0
MS-00537-20-01,PAI-00537,Milestone 20-1,2025-09-17,2025-09-21,COMPLETED,4
MS-00537-24-01,PAI-00537,Milestone 24-1,2026-03-01,2026-03-22,COMPLETED,21
MS-00537-24-02,PAI-00537,Milestone 24-2,2026-03-10,,DELAYED,0
MS-00538-04-01,PAI-00538,Milestone 4-1,2024-05-12,2024-07-04,COMPLETED,53
MS-00538-04-02,PAI-00538,Milestone 4-2,2024-07-18,,DELAYED,0
MS-00538-08-01,PAI-00538,Milestone 8-1,2024-10-23,2024-11-19,COMPLETED,27
MS-00538-08-02,PAI-00538,Milestone 8-2,2024-10-19,2024-11-27,COMPLETED,39
MS-00538-12-01,PAI-00538,Milestone 12-1,2025-02-07,2025-02-25,COMPLETED,18
MS-00538-12-02,PAI-00538,Milestone 12-2,2025-03-02,2025-03-24,COMPLETED,22
MS-00538-16-01,PAI-00538,Milestone 16-1,2025-06-19,,DELAYED,0
MS-00538-16-02,PAI-00538,Milestone 16-2,2025-05-18,,DELAYED,0
MS-00538-20-01,PAI-00538,Milestone 20-1,2025-11-01,2025-11-04,COMPLETED,3
MS-00538-20-02,PAI-00538,Milestone 20-2,2025-09-13,,DELAYED,0
MS-00538-24-01,PAI-00538,Milestone 24-1,2026-01-31,2026-01-31,COMPLETED,0
MS-00539-04-01,PAI-00539,Milestone 4-1,2024-05-21,2024-07-08,COMPLETED,48
MS-00539-04-02,PAI-00539,Milestone 4-2,2024-06-12,2024-06-24,COMPLETED,12
MS-00539-08-01,PAI-00539,Milestone 8-1,2024-10-17,2024-12-02,COMPLETED,46
MS-00539-12-01,PAI-00539,Milestone 12-1,2025-03-06,,DELAYED,0
MS-00539-16-01,PAI-00539,Milestone 16-1,2025-06-04,2025-07-11,COMPLETED,37
MS-00539-16-02,PAI-00539,Milestone 16-2,2025-05-10,,DELAYED,0
MS-00539-20-01,PAI-00539,Milestone 20-1,2025-11-18,,DELAYED,0
MS-00539-24-01,PAI-00539,Milestone 24-1,2026-02-07,,DELAYED,0
MS-00539-24-02,PAI-00539,Milestone 24-2,2026-02-17,2026-04-05,COMPLETED,47
MS-00540-04-01,PAI-00540,Milestone 4-1,2024-06-29,,DELAYED,0
MS-00540-08-01,PAI-00540,Milestone 8-1,2024-09-29,2024-12-08,COMPLETED,70
MS-00540-12-01,PAI-00540,Milestone 12-1,2025-01-14,,DELAYED,0
MS-00540-12-02,PAI-00540,Milestone 12-2,2025-03-13,,DELAYED,0
MS-00540-16-01,PAI-00540,Milestone 16-1,2025-05-16,,DELAYED,0
MS-00540-16-02,PAI-00540,Milestone 16-2,2025-05-14,,DELAYED,0
MS-00540-20-01,PAI-00540,Milestone 20-1,2025-11-06,,DELAYED,0
MS-00540-24-01,PAI-00540,Milestone 24-1,2026-03-03,2026-04-30,COMPLETED,58
MS-00541-04-01,PAI-00541,Milestone 4-1,2024-06-12,2024-07-03,COMPLETED,21
MS-00541-04-02,PAI-00541,Milestone 4-2,2024-07-10,,DELAYED,0
MS-00541-08-01,PAI-00541,Milestone 8-1,2024-09-27,,DELAYED,0
MS-00541-08-02,PAI-00541,Milestone 8-2,2024-11-06,2024-11-06,COMPLETED,0
MS-00541-12-01,PAI-00541,Milestone 12-1,2025-02-16,2025-03-04,COMPLETED,16
MS-00541-16-01,PAI-00541,Milestone 16-1,2025-07-01,,DELAYED,0
MS-00541-16-02,PAI-00541,Milestone 16-2,2025-05-29,,DELAYED,0
MS-00541-20-01,PAI-00541,Milestone 20-1,2025-10-15,,DELAYED,0
MS-00541-20-02,PAI-00541,Milestone 20-2,2025-11-11,2025-11-27,COMPLETED,16
MS-00541-24-01,PAI-00541,Milestone 24-1,2026-01-30,2026-02-17,COMPLETED,18
MS-00541-24-02,PAI-00541,Milestone 24-2,2026-03-15,2026-04-04,COMPLETED,20
MS-00542-04-01,PAI-00542,Milestone 4-1,2024-07-01,,DELAYED,0
MS-00542-04-02,PAI-00542,Milestone 4-2,2024-06-15,,DELAYED,0
MS-00542-08-01,PAI-00542,Milestone 8-1,2024-11-14,2025-01-20,COMPLETED,67
MS-00542-08-02,PAI-00542,Milestone 8-2,2024-10-31,2024-12-11,COMPLETED,41
MS-00542-12-01,PAI-00542,Milestone 12-1,2025-01-23,2025-03-24,COMPLETED,60
MS-00542-16-01,PAI-00542,Milestone 16-1,2025-06-20,2025-09-23,COMPLETED,95
MS-00542-20-01,PAI-00542,Milestone 20-1,2025-11-12,,DELAYED,0
MS-00542-24-01,PAI-00542,Milestone 24-1,2026-01-31,,DELAYED,0
MS-00542-24-02,PAI-00542,Milestone 24-2,2026-01-25,2026-03-15,COMPLETED,49
MS-00543-04-01,PAI-00543,Milestone 4-1,2024-06-30,2024-07-15,COMPLETED,15
MS-00543-04-02,PAI-00543,Milestone 4-2,2024-05-11,2024-05-21,COMPLETED,10
MS-00543-08-01,PAI-00543,Milestone 8-1,2024-11-02,,DELAYED,0
MS-00543-08-02,PAI-00543,Milestone 8-2,2024-11-18,2024-11-28,COMPLETED,10
MS-00543-12-01,PAI-00543,Milestone 12-1,2025-02-07,2025-03-07,COMPLETED,28
MS-00543-16-01,PAI-00543,Milestone 16-1,2025-05-23,2025-06-10,COMPLETED,18
MS-00543-16-02,PAI-00543,Milestone 16-2,2025-06-26,2025-06-26,COMPLETED,0
MS-00543-20-01,PAI-00543,Milestone 20-1,2025-09-19,2025-09-25,COMPLETED,6
MS-00543-24-01,PAI-00543,Milestone 24-1,2026-01-14,,DELAYED,0
MS-00543-24-02,PAI-00543,Milestone 24-2,2026-02-12,2026-03-21,COMPLETED,37
MS-00544-04-01,PAI-00544,Milestone 4-1,2024-05-14,2024-06-24,COMPLETED,41
MS-00544-04-02,PAI-00544,Milestone 4-2,2024-06-28,,DELAYED,0
MS-00544-08-01,PAI-00544,Milestone 8-1,2024-11-06,2024-11-19,COMPLETED,13
MS-00544-08-02,PAI-00544,Milestone 8-2,2024-10-23,,DELAYED,0
MS-00544-12-01,PAI-00544,Milestone 12-1,2025-01-28,,DELAYED,0
MS-00544-12-02,PAI-00544,Milestone 12-2,2025-03-07,2025-03-27,COMPLETED,20
MS-00544-16-01,PAI-00544,Milestone 16-1,2025-06-08,,DELAYED,0
MS-00544-16-02,PAI-00544,Milestone 16-2,2025-05-15,2025-05-18,COMPLETED,3
MS-00544-20-01,PAI-00544,Milestone 20-1,2025-10-05,2025-10-05,COMPLETED,0
MS-00544-20-02,PAI-00544,Milestone 20-2,2025-11-17,,DELAYED,0
MS-00544-24-01,PAI-00544,Milestone 24-1,2026-02-06,,DELAYED,0
MS-00545-04-01,PAI-00545,Milestone 4-1,2024-06-20,2024-06-20,COMPLETED,0
MS-00545-04-02,PAI-00545,Milestone 4-2,2024-06-19,2024-06-19,COMPLETED,0
MS-00545-08-01,PAI-00545,Milestone 8-1,2024-09-20,2024-09-20,COMPLETED,0
MS-00545-12-01,PAI-00545,Milestone 12-1,2025-01-19,2025-01-19,COMPLETED,0
MS-00545-12-02,PAI-00545,Milestone 12-2,2025-02-21,,DELAYED,0
MS-00545-16-01,PAI-00545,Milestone 16-1,2025-06-24,2025-08-12,COMPLETED,49
MS-00545-16-02,PAI-00545,Milestone 16-2,2025-06-05,2025-07-24,COMPLETED,49
MS-00545-20-01,PAI-00545,Milestone 20-1,2025-09-14,,DELAYED,0
MS-00545-24-01,PAI-00545,Milestone 24-1,2026-03-20,2026-05-10,COMPLETED,51
MS-00545-24-02,PAI-00545,Milestone 24-2,2026-01-29,2026-02-21,COMPLETED,23
MS-00546-04-01,PAI-00546,Milestone 4-1,2024-07-18,,DELAYED,0
MS-00546-04-02,PAI-00546,Milestone 4-2,2024-07-07,2024-07-14,COMPLETED,7
MS-00546-08-01,PAI-00546,Milestone 8-1,2024-10-22,2024-10-22,COMPLETED,0
MS-00546-08-02,PAI-00546,Milestone 8-2,2024-10-20,2024-11-20,COMPLETED,31
MS-00546-12-01,PAI-00546,Milestone 12-1,2025-02-12,2025-03-12,COMPLETED,28
MS-00546-16-01,PAI-00546,Milestone 16-1,2025-07-12,2025-08-15,COMPLETED,34
MS-00546-20-01,PAI-00546,Milestone 20-1,2025-11-09,2025-11-09,COMPLETED,0
MS-00546-20-02,PAI-00546,Milestone 20-2,2025-10-03,2025-10-03,COMPLETED,0
MS-00546-24-01,PAI-00546,Milestone 24-1,2026-03-08,2026-03-08,COMPLETED,0
MS-00547-04-01,PAI-00547,Milestone 4-1,2024-06-25,2024-06-25,COMPLETED,0
MS-00547-08-01,PAI-00547,Milestone 8-1,2024-09-27,2024-09-27,COMPLETED,0
MS-00547-08-02,PAI-00547,Milestone 8-2,2024-11-03,2024-11-03,COMPLETED,0
MS-00547-12-01,PAI-00547,Milestone 12-1,2025-02-17,2025-03-15,COMPLETED,26
MS-00547-16-01,PAI-00547,Milestone 16-1,2025-05-18,2025-06-01,COMPLETED,14
MS-00547-16-02,PAI-00547,Milestone 16-2,2025-05-13,2025-06-02,COMPLETED,20
MS-00547-20-01,PAI-00547,Milestone 20-1,2025-10-08,2025-10-20,COMPLETED,12
MS-00547-20-02,PAI-00547,Milestone 20-2,2025-10-06,2025-10-06,COMPLETED,0
MS-00547-24-01,PAI-00547,Milestone 24-1,2026-02-01,2026-02-22,COMPLETED,21
MS-00548-04-01,PAI-00548,Milestone 4-1,2024-06-29,2024-07-20,COMPLETED,21
MS-00548-08-01,PAI-00548,Milestone 8-1,2024-09-11,2024-09-20,COMPLETED,9
MS-00548-12-01,PAI-00548,Milestone 12-1,2025-01-20,2025-01-20,COMPLETED,0
MS-00548-16-01,PAI-00548,Milestone 16-1,2025-06-12,2025-06-27,COMPLETED,15
MS-00548-16-02,PAI-00548,Milestone 16-2,2025-07-07,2025-07-07,COMPLETED,0
MS-00548-20-01,PAI-00548,Milestone 20-1,2025-09-15,,DELAYED,0
MS-00548-24-01,PAI-00548,Milestone 24-1,2026-03-18,2026-04-02,COMPLETED,15
MS-00548-24-02,PAI-00548,Milestone 24-2,2026-02-20,2026-03-15,COMPLETED,23
MS-00549-04-01,PAI-00549,Milestone 4-1,2024-07-02,2024-07-25,COMPLETED,23
MS-00549-08-01,PAI-00549,Milestone 8-1,2024-10-10,2024-11-21,COMPLETED,42
MS-00549-08-02,PAI-00549,Milestone 8-2,2024-09-22,,DELAYED,0
MS-00549-12-01,PAI-00549,Milestone 12-1,2025-02-10,2025-03-07,COMPLETED,25
MS-00549-16-01,PAI-00549,Milestone 16-1,2025-06-29,2025-08-24,COMPLETED,56
MS-00549-16-02,PAI-00549,Milestone 16-2,2025-06-01,,DELAYED,0
MS-00549-20-01,PAI-00549,Milestone 20-1,2025-10-24,,DELAYED,0
MS-00549-20-02,PAI-00549,Milestone 20-2,2025-10-05,2025-11-22,COMPLETED,48
MS-00549-24-01,PAI-00549,Milestone 24-1,2026-03-05,,DELAYED,0
MS-00550-04-01,PAI-00550,Milestone 4-1,2024-05-30,2024-06-13,COMPLETED,14
MS-00550-08-01,PAI-00550,Milestone 8-1,2024-10-19,,DELAYED,0
MS-00550-08-02,PAI-00550,Milestone 8-2,2024-10-23,2024-11-07,COMPLETED,15
MS-00550-12-01,PAI-00550,Milestone 12-1,2025-01-26,2025-02-13,COMPLETED,18
MS-00550-12-02,PAI-00550,Milestone 12-2,2025-01-25,,DELAYED,0
MS-00550-16-01,PAI-00550,Milestone 16-1,2025-05-20,,DELAYED,0
MS-00550-20-01,PAI-00550,Milestone 20-1,2025-11-04,2025-12-17,COMPLETED,43
MS-00550-24-01,PAI-00550,Milestone 24-1,2026-03-08,2026-05-04,COMPLETED,57
MS-00550-24-02,PAI-00550,Milestone 24-2,2026-01-22,2026-02-27,COMPLETED,36
MS-00551-04-01,PAI-00551,Milestone 4-1,2024-06-13,2024-06-13,COMPLETED,0
MS-00551-08-01,PAI-00551,Milestone 8-1,2024-10-24,,DELAYED,0
MS-00551-12-01,PAI-00551,Milestone 12-1,2025-01-23,2025-01-31,COMPLETED,8
MS-00551-16-01,PAI-00551,Milestone 16-1,2025-06-18,2025-06-18,COMPLETED,0
MS-00551-16-02,PAI-00551,Milestone 16-2,2025-06-19,2025-07-13,COMPLETED,24
MS-00551-20-01,PAI-00551,Milestone 20-1,2025-10-09,2025-10-31,COMPLETED,22
MS-00551-24-01,PAI-00551,Milestone 24-1,2026-02-08,2026-03-03,COMPLETED,23
MS-00552-04-01,PAI-00552,Milestone 4-1,2024-06-17,2024-07-11,COMPLETED,24
MS-00552-08-01,PAI-00552,Milestone 8-1,2024-09-15,2024-09-23,COMPLETED,8
MS-00552-08-02,PAI-00552,Milestone 8-2,2024-11-03,,DELAYED,0
MS-00552-12-01,PAI-00552,Milestone 12-1,2025-03-10,2025-03-30,COMPLETED,20
MS-00552-16-01,PAI-00552,Milestone 16-1,2025-05-23,2025-05-23,COMPLETED,0
MS-00552-16-02,PAI-00552,Milestone 16-2,2025-06-08,,DELAYED,0
MS-00552-20-01,PAI-00552,Milestone 20-1,2025-11-02,,DELAYED,0
MS-00552-20-02,PAI-00552,Milestone 20-2,2025-10-26,,DELAYED,0
MS-00552-24-01,PAI-00552,Milestone 24-1,2026-01-26,2026-01-26,COMPLETED,0
MS-00552-24-02,PAI-00552,Milestone 24-2,2026-03-09,,DELAYED,0
MS-00553-04-01,PAI-00553,Milestone 4-1,2024-06-02,2024-06-27,COMPLETED,25
MS-00553-04-02,PAI-00553,Milestone 4-2,2024-06-09,2024-07-21,COMPLETED,42
MS-00553-08-01,PAI-00553,Milestone 8-1,2024-11-17,,DELAYED,0
MS-00553-08-02,PAI-00553,Milestone 8-2,2024-10-21,2024-11-26,COMPLETED,36
MS-00553-12-01,PAI-00553,Milestone 12-1,2025-01-25,,DELAYED,0
MS-00553-16-01,PAI-00553,Milestone 16-1,2025-05-13,2025-06-07,COMPLETED,25
MS-00553-16-02,PAI-00553,Milestone 16-2,2025-07-07,2025-08-01,COMPLETED,25
MS-00553-20-01,PAI-00553,Milestone 20-1,2025-10-04,2025-11-25,COMPLETED,52
MS-00553-24-01,PAI-00553,Milestone 24-1,2026-02-12,2026-03-23,COMPLETED,39
MS-00554-04-01,PAI-00554,Milestone 4-1,2024-06-13,2024-07-02,COMPLETED,19
MS-00554-04-02,PAI-00554,Milestone 4-2,2024-06-07,2024-06-24,COMPLETED,17
MS-00554-08-01,PAI-00554,Milestone 8-1,2024-11-05,2024-11-11,COMPLETED,6
MS-00554-08-02,PAI-00554,Milestone 8-2,2024-10-07,2024-11-06,COMPLETED,30
MS-00554-12-01,PAI-00554,Milestone 12-1,2025-03-15,,DELAYED,0
MS-00554-12-02,PAI-00554,Milestone 12-2,2025-03-14,2025-03-28,COMPLETED,14
MS-00554-16-01,PAI-00554,Milestone 16-1,2025-06-21,,DELAYED,0
MS-00554-20-01,PAI-00554,Milestone 20-1,2025-09-18,2025-10-09,COMPLETED,21
MS-00554-20-02,PAI-00554,Milestone 20-2,2025-11-11,2025-11-11,COMPLETED,0
MS-00554-24-01,PAI-00554,Milestone 24-1,2026-02-20,,DELAYED,0
MS-00554-24-02,PAI-00554,Milestone 24-2,2026-02-08,,DELAYED,0
MS-00555-04-01,PAI-00555,Milestone 4-1,2024-06-04,2024-06-12,COMPLETED,8
MS-00555-04-02,PAI-00555,Milestone 4-2,2024-05-25,,DELAYED,0
MS-00555-08-01,PAI-00555,Milestone 8-1,2024-10-31,,DELAYED,0
MS-00555-12-01,PAI-00555,Milestone 12-1,2025-02-08,2025-02-08,COMPLETED,0
MS-00555-12-02,PAI-00555,Milestone 12-2,2025-01-12,,DELAYED,0
MS-00555-16-01,PAI-00555,Milestone 16-1,2025-05-16,2025-05-26,COMPLETED,10
MS-00555-16-02,PAI-00555,Milestone 16-2,2025-06-01,2025-06-26,COMPLETED,25
MS-00555-20-01,PAI-00555,Milestone 20-1,2025-10-03,2025-11-26,COMPLETED,54
MS-00555-20-02,PAI-00555,Milestone 20-2,2025-10-15,2025-10-15,COMPLETED,0
MS-00555-24-01,PAI-00555,Milestone 24-1,2026-02-04,,DELAYED,0
MS-00556-04-01,PAI-00556,Milestone 4-1,2024-05-10,2024-05-31,COMPLETED,21
MS-00556-08-01,PAI-00556,Milestone 8-1,2024-11-06,2024-12-05,COMPLETED,29
MS-00556-12-01,PAI-00556,Milestone 12-1,2025-01-25,2025-01-25,COMPLETED,0
MS-00556-12-02,PAI-00556,Milestone 12-2,2025-02-22,2025-02-25,COMPLETED,3
MS-00556-16-01,PAI-00556,Milestone 16-1,2025-06-10,,DELAYED,0
MS-00556-20-01,PAI-00556,Milestone 20-1,2025-11-07,2025-11-16,COMPLETED,9
MS-00556-20-02,PAI-00556,Milestone 20-2,2025-09-21,,DELAYED,0
MS-00556-24-01,PAI-00556,Milestone 24-1,2026-02-19,2026-02-19,COMPLETED,0
MS-00556-24-02,PAI-00556,Milestone 24-2,2026-02-13,,DELAYED,0
MS-00557-04-01,PAI-00557,Milestone 4-1,2024-06-02,2024-06-02,COMPLETED,0
MS-00557-04-02,PAI-00557,Milestone 4-2,2024-06-15,2024-06-16,COMPLETED,1
MS-00557-08-01,PAI-00557,Milestone 8-1,2024-10-17,,DELAYED,0
MS-00557-12-01,PAI-00557,Milestone 12-1,2025-03-07,,DELAYED,0
MS-00557-12-02,PAI-00557,Milestone 12-2,2025-01-29,2025-01-29,COMPLETED,0
MS-00557-16-01,PAI-00557,Milestone 16-1,2025-06-28,2025-07-22,COMPLETED,24
MS-00557-20-01,PAI-00557,Milestone 20-1,2025-11-12,2025-12-05,COMPLETED,23
MS-00557-20-02,PAI-00557,Milestone 20-2,2025-11-09,,DELAYED,0
MS-00557-24-01,PAI-00557,Milestone 24-1,2026-02-28,,DELAYED,0
MS-00557-24-02,PAI-00557,Milestone 24-2,2026-03-04,2026-03-08,COMPLETED,4
MS-00558-04-01,PAI-00558,Milestone 4-1,2024-06-12,2024-07-11,COMPLETED,29
MS-00558-04-02,PAI-00558,Milestone 4-2,2024-06-17,2024-07-11,COMPLETED,24
MS-00558-08-01,PAI-00558,Milestone 8-1,2024-10-27,2024-11-15,COMPLETED,19
MS-00558-12-01,PAI-00558,Milestone 12-1,2025-02-16,2025-02-17,COMPLETED,1
MS-00558-12-02,PAI-00558,Milestone 12-2,2025-02-15,,DELAYED,0
MS-00558-16-01,PAI-00558,Milestone 16-1,2025-05-26,2025-05-26,COMPLETED,0
MS-00558-16-02,PAI-00558,Milestone 16-2,2025-07-15,2025-07-15,COMPLETED,0
MS-00558-20-01,PAI-00558,Milestone 20-1,2025-09-30,,DELAYED,0
MS-00558-20-02,PAI-00558,Milestone 20-2,2025-11-16,2025-11-16,COMPLETED,0
MS-00558-24-01,PAI-00558,Milestone 24-1,2026-01-29,,DELAYED,0
MS-00558-24-02,PAI-00558,Milestone 24-2,2026-01-16,,DELAYED,0
MS-00559-04-01,PAI-00559,Milestone 4-1,2024-06-11,2024-07-22,COMPLETED,41
MS-00559-04-02,PAI-00559,Milestone 4-2,2024-07-16,2024-08-04,COMPLETED,19
MS-00559-08-01,PAI-00559,Milestone 8-1,2024-09-17,2024-10-07,COMPLETED,20
MS-00559-12-01,PAI-00559,Milestone 12-1,2025-02-04,,DELAYED,0
MS-00559-16-01,PAI-00559,Milestone 16-1,2025-06-05,2025-06-23,COMPLETED,18
MS-00559-20-01,PAI-00559,Milestone 20-1,2025-11-02,2025-12-06,COMPLETED,34
MS-00559-24-01,PAI-00559,Milestone 24-1,2026-02-01,2026-03-08,COMPLETED,35
MS-00560-04-01,PAI-00560,Milestone 4-1,2024-07-14,2024-08-15,COMPLETED,32
MS-00560-08-01,PAI-00560,Milestone 8-1,2024-11-16,2024-11-28,COMPLETED,12
MS-00560-12-01,PAI-00560,Milestone 12-1,2025-01-21,,DELAYED,0
MS-00560-16-01,PAI-00560,Milestone 16-1,2025-07-18,2025-07-21,COMPLETED,3
MS-00560-16-02,PAI-00560,Milestone 16-2,2025-07-17,2025-07-17,COMPLETED,0
MS-00560-20-01,PAI-00560,Milestone 20-1,2025-10-21,2025-11-23,COMPLETED,33
MS-00560-20-02,PAI-00560,Milestone 20-2,2025-10-20,2025-11-05,COMPLETED,16
MS-00560-24-01,PAI-00560,Milestone 24-1,2026-01-22,2026-01-26,COMPLETED,4
MS-00560-24-02,PAI-00560,Milestone 24-2,2026-02-01,,DELAYED,0
MS-00561-04-01,PAI-00561,Milestone 4-1,2024-06-20,2024-08-15,COMPLETED,56
MS-00561-04-02,PAI-00561,Milestone 4-2,2024-05-25,2024-05-29,COMPLETED,4
MS-00561-08-01,PAI-00561,Milestone 8-1,2024-09-30,2024-09-30,COMPLETED,0
MS-00561-12-01,PAI-00561,Milestone 12-1,2025-01-27,2025-01-27,COMPLETED,0
MS-00561-16-01,PAI-00561,Milestone 16-1,2025-07-18,,DELAYED,0
MS-00561-20-01,PAI-00561,Milestone 20-1,2025-10-25,2025-11-29,COMPLETED,35
MS-00561-24-01,PAI-00561,Milestone 24-1,2026-02-14,,DELAYED,0
MS-00561-24-02,PAI-00561,Milestone 24-2,2026-01-27,,DELAYED,0
MS-00562-04-01,PAI-00562,Milestone 4-1,2024-07-07,,DELAYED,0
MS-00562-04-02,PAI-00562,Milestone 4-2,2024-05-19,,DELAYED,0
MS-00562-08-01,PAI-00562,Milestone 8-1,2024-09-24,,DELAYED,0
MS-00562-08-02,PAI-00562,Milestone 8-2,2024-11-17,,DELAYED,0
MS-00562-12-01,PAI-00562,Milestone 12-1,2025-02-16,2025-03-12,COMPLETED,24
MS-00562-12-02,PAI-00562,Milestone 12-2,2025-01-21,2025-02-20,COMPLETED,30
MS-00562-16-01,PAI-00562,Milestone 16-1,2025-05-14,2025-06-14,COMPLETED,31
MS-00562-20-01,PAI-00562,Milestone 20-1,2025-10-03,2025-11-14,COMPLETED,42
MS-00562-20-02,PAI-00562,Milestone 20-2,2025-11-12,,DELAYED,0
MS-00562-24-01,PAI-00562,Milestone 24-1,2026-02-04,2026-03-02,COMPLETED,26
MS-00562-24-02,PAI-00562,Milestone 24-2,2026-01-15,2026-02-25,COMPLETED,41
MS-00563-04-01,PAI-00563,Milestone 4-1,2024-06-07,2024-06-27,COMPLETED,20
MS-00563-04-02,PAI-00563,Milestone 4-2,2024-07-08,2024-07-22,COMPLETED,14
MS-00563-08-01,PAI-00563,Milestone 8-1,2024-10-27,,DELAYED,0
MS-00563-08-02,PAI-00563,Milestone 8-2,2024-09-29,,DELAYED,0
MS-00563-12-01,PAI-00563,Milestone 12-1,2025-02-17,2025-02-17,COMPLETED,0
MS-00563-16-01,PAI-00563,Milestone 16-1,2025-05-26,2025-06-18,COMPLETED,23
MS-00563-16-02,PAI-00563,Milestone 16-2,2025-05-16,2025-05-27,COMPLETED,11
MS-00563-20-01,PAI-00563,Milestone 20-1,2025-10-30,2025-12-07,COMPLETED,38
MS-00563-24-01,PAI-00563,Milestone 24-1,2026-02-25,2026-04-08,COMPLETED,42
MS-00564-04-01,PAI-00564,Milestone 4-1,2024-07-15,2024-07-15,COMPLETED,0
MS-00564-08-01,PAI-00564,Milestone 8-1,2024-10-01,2024-10-14,COMPLETED,13
MS-00564-12-01,PAI-00564,Milestone 12-1,2025-01-26,2025-01-26,COMPLETED,0
MS-00564-12-02,PAI-00564,Milestone 12-2,2025-03-09,2025-03-09,COMPLETED,0
MS-00564-16-01,PAI-00564,Milestone 16-1,2025-06-22,2025-07-12,COMPLETED,20
MS-00564-16-02,PAI-00564,Milestone 16-2,2025-06-12,,DELAYED,0
MS-00564-20-01,PAI-00564,Milestone 20-1,2025-11-15,2025-11-15,COMPLETED,0
MS-00564-24-01,PAI-00564,Milestone 24-1,2026-01-19,2026-01-19,COMPLETED,0
MS-00564-24-02,PAI-00564,Milestone 24-2,2026-02-24,,DELAYED,0
MS-00565-04-01,PAI-00565,Milestone 4-1,2024-07-13,2024-08-04,COMPLETED,22
MS-00565-08-01,PAI-00565,Milestone 8-1,2024-09-29,2024-10-24,COMPLETED,25
MS-00565-12-01,PAI-00565,Milestone 12-1,2025-01-30,2025-03-14,COMPLETED,43
MS-00565-12-02,PAI-00565,Milestone 12-2,2025-01-12,,DELAYED,0
MS-00565-16-01,PAI-00565,Milestone 16-1,2025-07-14,,DELAYED,0
MS-00565-16-02,PAI-00565,Milestone 16-2,2025-06-16,2025-07-13,COMPLETED,27
MS-00565-20-01,PAI-00565,Milestone 20-1,2025-10-21,2025-11-15,COMPLETED,25
MS-00565-20-02,PAI-00565,Milestone 20-2,2025-10-08,,DELAYED,0
MS-00565-24-01,PAI-00565,Milestone 24-1,2026-03-03,,DELAYED,0
MS-00565-24-02,PAI-00565,Milestone 24-2,2026-01-16,2026-02-09,COMPLETED,24
MS-00566-04-01,PAI-00566,Milestone 4-1,2024-05-30,2024-07-02,COMPLETED,33
MS-00566-04-02,PAI-00566,Milestone 4-2,2024-06-17,2024-07-21,COMPLETED,34
MS-00566-08-01,PAI-00566,Milestone 8-1,2024-09-16,2024-11-19,COMPLETED,64
MS-00566-12-01,PAI-00566,Milestone 12-1,2025-03-14,2025-03-16,COMPLETED,2
MS-00566-16-01,PAI-00566,Milestone 16-1,2025-06-01,2025-08-06,COMPLETED,66
MS-00566-20-01,PAI-00566,Milestone 20-1,2025-11-11,2026-01-19,COMPLETED,69
MS-00566-24-01,PAI-00566,Milestone 24-1,2026-01-11,2026-02-08,COMPLETED,28
MS-00567-04-01,PAI-00567,Milestone 4-1,2024-06-26,2024-07-10,COMPLETED,14
MS-00567-08-01,PAI-00567,Milestone 8-1,2024-09-21,2024-10-12,COMPLETED,21
MS-00567-12-01,PAI-00567,Milestone 12-1,2025-01-31,2025-02-28,COMPLETED,28
MS-00567-16-01,PAI-00567,Milestone 16-1,2025-05-24,,DELAYED,0
MS-00567-20-01,PAI-00567,Milestone 20-1,2025-10-12,,DELAYED,0
MS-00567-20-02,PAI-00567,Milestone 20-2,2025-10-30,,DELAYED,0
MS-00567-24-01,PAI-00567,Milestone 24-1,2026-02-24,,DELAYED,0
MS-00567-24-02,PAI-00567,Milestone 24-2,2026-02-15,,DELAYED,0
MS-00568-04-01,PAI-00568,Milestone 4-1,2024-05-27,,DELAYED,0
MS-00568-04-02,PAI-00568,Milestone 4-2,2024-05-22,2024-06-04,COMPLETED,13
MS-00568-08-01,PAI-00568,Milestone 8-1,2024-10-10,2024-10-10,COMPLETED,0
MS-00568-12-01,PAI-00568,Milestone 12-1,2025-02-17,,DELAYED,0
MS-00568-16-01,PAI-00568,Milestone 16-1,2025-07-16,2025-07-22,COMPLETED,6
MS-00568-20-01,PAI-00568,Milestone 20-1,2025-10-21,,DELAYED,0
MS-00568-20-02,PAI-00568,Milestone 20-2,2025-10-14,2025-10-16,COMPLETED,2
MS-00568-24-01,PAI-00568,Milestone 24-1,2026-01-15,2026-01-20,COMPLETED,5
MS-00569-04-01,PAI-00569,Milestone 4-1,2024-06-03,2024-06-21,COMPLETED,18
MS-00569-04-02,PAI-00569,Milestone 4-2,2024-05-24,,DELAYED,0
MS-00569-08-01,PAI-00569,Milestone 8-1,2024-10-16,2024-11-01,COMPLETED,16
MS-00569-08-02,PAI-00569,Milestone 8-2,2024-11-08,2024-12-20,COMPLETED,42
MS-00569-12-01,PAI-00569,Milestone 12-1,2025-02-23,2025-04-09,COMPLETED,45
MS-00569-12-02,PAI-00569,Milestone 12-2,2025-02-21,2025-03-26,COMPLETED,33
MS-00569-16-01,PAI-00569,Milestone 16-1,2025-06-24,2025-08-10,COMPLETED,47
MS-00569-16-02,PAI-00569,Milestone 16-2,2025-07-11,,DELAYED,0
MS-00569-20-01,PAI-00569,Milestone 20-1,2025-11-09,2025-12-11,COMPLETED,32
MS-00569-24-01,PAI-00569,Milestone 24-1,2026-01-28,2026-02-10,COMPLETED,13
MS-00570-04-01,PAI-00570,Milestone 4-1,2024-05-17,2024-05-17,COMPLETED,0
MS-00570-08-01,PAI-00570,Milestone 8-1,2024-11-04,2024-12-25,COMPLETED,51
MS-00570-08-02,PAI-00570,Milestone 8-2,2024-10-09,2024-10-28,COMPLETED,19
MS-00570-12-01,PAI-00570,Milestone 12-1,2025-03-02,,DELAYED,0
MS-00570-16-01,PAI-00570,Milestone 16-1,2025-05-20,2025-06-30,COMPLETED,41
MS-00570-20-01,PAI-00570,Milestone 20-1,2025-10-01,2025-11-19,COMPLETED,49
MS-00570-24-01,PAI-00570,Milestone 24-1,2026-02-16,2026-03-10,COMPLETED,22
MS-00571-04-01,PAI-00571,Milestone 4-1,2024-06-02,2024-07-20,COMPLETED,48
MS-00571-04-02,PAI-00571,Milestone 4-2,2024-05-11,2024-06-04,COMPLETED,24
MS-00571-08-01,PAI-00571,Milestone 8-1,2024-10-11,2024-11-08,COMPLETED,28
MS-00571-08-02,PAI-00571,Milestone 8-2,2024-09-21,2024-10-21,COMPLETED,30
MS-00571-12-01,PAI-00571,Milestone 12-1,2025-02-23,,DELAYED,0
MS-00571-12-02,PAI-00571,Milestone 12-2,2025-03-07,,DELAYED,0
MS-00571-16-01,PAI-00571,Milestone 16-1,2025-05-14,,DELAYED,0
MS-00571-16-02,PAI-00571,Milestone 16-2,2025-06-23,,DELAYED,0
MS-00571-20-01,PAI-00571,Milestone 20-1,2025-09-27,2025-10-28,COMPLETED,31
MS-00571-24-01,PAI-00571,Milestone 24-1,2026-01-28,2026-02-20,COMPLETED,23
MS-00571-24-02,PAI-00571,Milestone 24-2,2026-03-19,,DELAYED,0
MS-00572-04-01,PAI-00572,Milestone 4-1,2024-07-10,2024-07-10,COMPLETED,0
MS-00572-04-02,PAI-00572,Milestone 4-2,2024-07-08,2024-07-19,COMPLETED,11
MS-00572-08-01,PAI-00572,Milestone 8-1,2024-11-01,2024-11-26,COMPLETED,25
MS-00572-12-01,PAI-00572,Milestone 12-1,2025-01-22,,DELAYED,0
MS-00572-12-02,PAI-00572,Milestone 12-2,2025-02-17,2025-02-17,COMPLETED,0
MS-00572-16-01,PAI-00572,Milestone 16-1,2025-06-27,2025-08-04,COMPLETED,38
MS-00572-20-01,PAI-00572,Milestone 20-1,2025-10-23,2025-10-23,COMPLETED,0
MS-00572-20-02,PAI-00572,Milestone 20-2,2025-09-12,2025-10-05,COMPLETED,23
MS-00572-24-01,PAI-00572,Milestone 24-1,2026-02-01,2026-03-01,COMPLETED,28
MS-00572-24-02,PAI-00572,Milestone 24-2,2026-01-18,,DELAYED,0
MS-00573-04-01,PAI-00573,Milestone 4-1,2024-06-09,2024-08-06,COMPLETED,58
MS-00573-04-02,PAI-00573,Milestone 4-2,2024-06-18,2024-07-07,COMPLETED,19
MS-00573-08-01,PAI-00573,Milestone 8-1,2024-09-19,2024-11-14,COMPLETED,56
MS-00573-08-02,PAI-00573,Milestone 8-2,2024-10-18,2025-01-18,COMPLETED,92
MS-00573-12-01,PAI-00573,Milestone 12-1,2025-02-02,,DELAYED,0
MS-00573-12-02,PAI-00573,Milestone 12-2,2025-03-19,,DELAYED,0
MS-00573-16-01,PAI-00573,Milestone 16-1,2025-06-27,2025-10-01,COMPLETED,96
MS-00573-16-02,PAI-00573,Milestone 16-2,2025-06-27,2025-08-08,COMPLETED,42
MS-00573-20-01,PAI-00573,Milestone 20-1,2025-09-30,,DELAYED,0
MS-00573-24-01,PAI-00573,Milestone 24-1,2026-02-28,2026-03-22,COMPLETED,22
MS-00573-24-02,PAI-00573,Milestone 24-2,2026-02-23,2026-03-12,COMPLETED,17
MS-00574-04-01,PAI-00574,Milestone 4-1,2024-05-25,,DELAYED,0
MS-00574-04-02,PAI-00574,Milestone 4-2,2024-06-21,2024-06-30,COMPLETED,9
MS-00574-08-01,PAI-00574,Milestone 8-1,2024-10-21,2024-10-28,COMPLETED,7
MS-00574-12-01,PAI-00574,Milestone 12-1,2025-03-08,,DELAYED,0
MS-00574-12-02,PAI-00574,Milestone 12-2,2025-01-16,2025-01-27,COMPLETED,11
MS-00574-16-01,PAI-00574,Milestone 16-1,2025-07-16,2025-07-16,COMPLETED,0
MS-00574-16-02,PAI-00574,Milestone 16-2,2025-07-04,2025-07-04,COMPLETED,0
MS-00574-20-01,PAI-00574,Milestone 20-1,2025-10-31,2025-11-05,COMPLETED,5
MS-00574-20-02,PAI-00574,Milestone 20-2,2025-09-27,2025-10-20,COMPLETED,23
MS-00574-24-01,PAI-00574,Milestone 24-1,2026-03-03,2026-03-09,COMPLETED,6
MS-00575-04-01,PAI-00575,Milestone 4-1,2024-06-02,2024-06-19,COMPLETED,17
MS-00575-04-02,PAI-00575,Milestone 4-2,2024-07-02,2024-07-18,COMPLETED,16
MS-00575-08-01,PAI-00575,Milestone 8-1,2024-11-05,2024-11-05,COMPLETED,0
MS-00575-08-02,PAI-00575,Milestone 8-2,2024-11-06,2024-12-03,COMPLETED,27
MS-00575-12-01,PAI-00575,Milestone 12-1,2025-03-16,2025-04-08,COMPLETED,23
MS-00575-12-02,PAI-00575,Milestone 12-2,2025-02-28,2025-03-09,COMPLETED,9
MS-00575-16-01,PAI-00575,Milestone 16-1,2025-06-21,2025-07-18,COMPLETED,27
MS-00575-16-02,PAI-00575,Milestone 16-2,2025-06-01,2025-06-26,COMPLETED,25
MS-00575-20-01,PAI-00575,Milestone 20-1,2025-11-02,2025-11-19,COMPLETED,17
MS-00575-24-01,PAI-00575,Milestone 24-1,2026-03-04,2026-03-04,COMPLETED,0
MS-00575-24-02,PAI-00575,Milestone 24-2,2026-02-24,2026-02-24,COMPLETED,0
MS-00576-04-01,PAI-00576,Milestone 4-1,2024-06-27,,DELAYED,0
MS-00576-08-01,PAI-00576,Milestone 8-1,2024-10-21,2024-10-26,COMPLETED,5
MS-00576-08-02,PAI-00576,Milestone 8-2,2024-09-29,,DELAYED,0
MS-00576-12-01,PAI-00576,Milestone 12-1,2025-01-31,2025-03-02,COMPLETED,30
MS-00576-12-02,PAI-00576,Milestone 12-2,2025-02-25,,DELAYED,0
MS-00576-16-01,PAI-00576,Milestone 16-1,2025-07-11,,DELAYED,0
MS-00576-20-01,PAI-00576,Milestone 20-1,2025-10-29,2025-11-26,COMPLETED,28
MS-00576-20-02,PAI-00576,Milestone 20-2,2025-10-06,,DELAYED,0
MS-00576-24-01,PAI-00576,Milestone 24-1,2026-03-11,2026-04-27,COMPLETED,47
MS-00576-24-02,PAI-00576,Milestone 24-2,2026-02-23,2026-03-29,COMPLETED,34
MS-00577-04-01,PAI-00577,Milestone 4-1,2024-05-14,2024-07-09,COMPLETED,56
MS-00577-08-01,PAI-00577,Milestone 8-1,2024-10-29,2024-11-10,COMPLETED,12
MS-00577-08-02,PAI-00577,Milestone 8-2,2024-11-14,2024-12-19,COMPLETED,35
MS-00577-12-01,PAI-00577,Milestone 12-1,2025-01-10,2025-02-09,COMPLETED,30
MS-00577-16-01,PAI-00577,Milestone 16-1,2025-07-04,,DELAYED,0
MS-00577-20-01,PAI-00577,Milestone 20-1,2025-10-11,2025-10-31,COMPLETED,20
MS-00577-24-01,PAI-00577,Milestone 24-1,2026-02-07,,DELAYED,0
MS-00578-04-01,PAI-00578,Milestone 4-1,2024-07-14,2024-08-08,COMPLETED,25
MS-00578-04-02,PAI-00578,Milestone 4-2,2024-07-02,,DELAYED,0
MS-00578-08-01,PAI-00578,Milestone 8-1,2024-10-06,2024-11-07,COMPLETED,32
MS-00578-12-01,PAI-00578,Milestone 12-1,2025-02-27,2025-02-27,COMPLETED,0
MS-00578-16-01,PAI-00578,Milestone 16-1,2025-05-22,2025-06-15,COMPLETED,24
MS-00578-20-01,PAI-00578,Milestone 20-1,2025-09-23,2025-09-23,COMPLETED,0
MS-00578-20-02,PAI-00578,Milestone 20-2,2025-10-30,2025-11-27,COMPLETED,28
MS-00578-24-01,PAI-00578,Milestone 24-1,2026-01-24,,DELAYED,0
MS-00579-04-01,PAI-00579,Milestone 4-1,2024-05-23,2024-06-28,COMPLETED,36
MS-00579-04-02,PAI-00579,Milestone 4-2,2024-07-09,2024-07-09,COMPLETED,0
MS-00579-08-01,PAI-00579,Milestone 8-1,2024-11-18,,DELAYED,0
MS-00579-12-01,PAI-00579,Milestone 12-1,2025-02-11,2025-02-11,COMPLETED,0
MS-00579-16-01,PAI-00579,Milestone 16-1,2025-07-04,,DELAYED,0
MS-00579-16-02,PAI-00579,Milestone 16-2,2025-06-02,,DELAYED,0
MS-00579-20-01,PAI-00579,Milestone 20-1,2025-11-08,2025-11-20,COMPLETED,12
MS-00579-20-02,PAI-00579,Milestone 20-2,2025-11-12,,DELAYED,0
MS-00579-24-01,PAI-00579,Milestone 24-1,2026-03-08,2026-04-17,COMPLETED,40
MS-00580-04-01,PAI-00580,Milestone 4-1,2024-05-13,2024-05-22,COMPLETED,9
MS-00580-08-01,PAI-00580,Milestone 8-1,2024-11-17,2024-11-28,COMPLETED,11
MS-00580-08-02,PAI-00580,Milestone 8-2,2024-09-16,2024-10-06,COMPLETED,20
MS-00580-12-01,PAI-00580,Milestone 12-1,2025-01-11,2025-01-16,COMPLETED,5
MS-00580-12-02,PAI-00580,Milestone 12-2,2025-02-07,2025-02-27,COMPLETED,20
MS-00580-16-01,PAI-00580,Milestone 16-1,2025-05-21,2025-05-26,COMPLETED,5
MS-00580-16-02,PAI-00580,Milestone 16-2,2025-05-11,2025-05-30,COMPLETED,19
MS-00580-20-01,PAI-00580,Milestone 20-1,2025-09-22,2025-10-05,COMPLETED,13
MS-00580-24-01,PAI-00580,Milestone 24-1,2026-01-14,2026-01-14,COMPLETED,0
MS-00580-24-02,PAI-00580,Milestone 24-2,2026-02-16,,DELAYED,0
MS-00581-04-01,PAI-00581,Milestone 4-1,2024-05-25,2024-06-26,COMPLETED,32
MS-00581-08-01,PAI-00581,Milestone 8-1,2024-10-20,2024-10-20,COMPLETED,0
MS-00581-12-01,PAI-00581,Milestone 12-1,2025-02-23,2025-02-23,COMPLETED,0
MS-00581-16-01,PAI-00581,Milestone 16-1,2025-06-20,2025-06-20,COMPLETED,0
MS-00581-20-01,PAI-00581,Milestone 20-1,2025-09-12,2025-10-05,COMPLETED,23
MS-00581-20-02,PAI-00581,Milestone 20-2,2025-10-20,2025-11-05,COMPLETED,16
MS-00581-24-01,PAI-00581,Milestone 24-1,2026-01-24,,DELAYED,0
MS-00582-04-01,PAI-00582,Milestone 4-1,2024-06-06,,DELAYED,0
MS-00582-08-01,PAI-00582,Milestone 8-1,2024-09-23,2024-09-23,COMPLETED,0
MS-00582-08-02,PAI-00582,Milestone 8-2,2024-10-02,2024-11-11,COMPLETED,40
MS-00582-12-01,PAI-00582,Milestone 12-1,2025-03-02,2025-04-12,COMPLETED,41
MS-00582-12-02,PAI-00582,Milestone 12-2,2025-03-09,2025-04-20,COMPLETED,42
MS-00582-16-01,PAI-00582,Milestone 16-1,2025-07-09,,DELAYED,0
MS-00582-16-02,PAI-00582,Milestone 16-2,2025-06-17,2025-07-28,COMPLETED,41
MS-00582-20-01,PAI-00582,Milestone 20-1,2025-11-02,2025-11-21,COMPLETED,19
MS-00582-20-02,PAI-00582,Milestone 20-2,2025-10-22,,DELAYED,0
MS-00582-24-01,PAI-00582,Milestone 24-1,2026-03-07,2026-03-14,COMPLETED,7
MS-00583-04-01,PAI-00583,Milestone 4-1,2024-06-30,,DELAYED,0
MS-00583-08-01,PAI-00583,Milestone 8-1,2024-11-18,2024-12-08,COMPLETED,20
MS-00583-12-01,PAI-00583,Milestone 12-1,2025-02-13,,DELAYED,0
MS-00583-16-01,PAI-00583,Milestone 16-1,2025-06-17,,DELAYED,0
MS-00583-16-02,PAI-00583,Milestone 16-2,2025-06-07,,DELAYED,0
MS-00583-20-01,PAI-00583,Milestone 20-1,2025-10-11,2025-10-11,COMPLETED,0
MS-00583-20-02,PAI-00583,Milestone 20-2,2025-11-18,,DELAYED,0
MS-00583-24-01,PAI-00583,Milestone 24-1,2026-01-30,2026-02-22,COMPLETED,23
MS-00583-24-02,PAI-00583,Milestone 24-2,2026-01-29,2026-03-24,COMPLETED,54
MS-00584-04-01,PAI-00584,Milestone 4-1,2024-06-02,2024-07-07,COMPLETED,35
MS-00584-04-02,PAI-00584,Milestone 4-2,2024-06-10,2024-07-15,COMPLETED,35
MS-00584-08-01,PAI-00584,Milestone 8-1,2024-10-28,2024-12-08,COMPLETED,41
MS-00584-08-02,PAI-00584,Milestone 8-2,2024-09-28,2024-10-10,COMPLETED,12
MS-00584-12-01,PAI-00584,Milestone 12-1,2025-03-11,2025-04-02,COMPLETED,22
MS-00584-12-02,PAI-00584,Milestone 12-2,2025-02-02,,DELAYED,0
MS-00584-16-01,PAI-00584,Milestone 16-1,2025-07-01,2025-07-01,COMPLETED,0
MS-00584-16-02,PAI-00584,Milestone 16-2,2025-06-26,2025-07-10,COMPLETED,14
MS-00584-20-01,PAI-00584,Milestone 20-1,2025-10-07,2025-11-06,COMPLETED,30
MS-00584-24-01,PAI-00584,Milestone 24-1,2026-02-15,,DELAYED,0
MS-00584-24-02,PAI-00584,Milestone 24-2,2026-03-02,,DELAYED,0
MS-00585-04-01,PAI-00585,Milestone 4-1,2024-07-11,2024-07-13,COMPLETED,2
MS-00585-04-02,PAI-00585,Milestone 4-2,2024-07-18,,DELAYED,0
MS-00585-08-01,PAI-00585,Milestone 8-1,2024-09-22,,DELAYED,0
MS-00585-08-02,PAI-00585,Milestone 8-2,2024-11-15,2024-11-15,COMPLETED,0
MS-00585-12-01,PAI-00585,Milestone 12-1,2025-01-12,,DELAYED,0
MS-00585-16-01,PAI-00585,Milestone 16-1,2025-06-25,2025-07-10,COMPLETED,15
MS-00585-16-02,PAI-00585,Milestone 16-2,2025-06-30,,DELAYED,0
MS-00585-20-01,PAI-00585,Milestone 20-1,2025-11-14,,DELAYED,0
MS-00585-20-02,PAI-00585,Milestone 20-2,2025-10-12,,DELAYED,0
MS-00585-24-01,PAI-00585,Milestone 24-1,2026-02-14,,DELAYED,0
MS-00585-24-02,PAI-00585,Milestone 24-2,2026-01-21,2026-02-07,COMPLETED,17
MS-00586-04-01,PAI-00586,Milestone 4-1,2024-07-12,2024-07-12,COMPLETED,0
MS-00586-04-02,PAI-00586,Milestone 4-2,2024-07-02,2024-07-02,COMPLETED,0
MS-00586-08-01,PAI-00586,Milestone 8-1,2024-10-30,2024-11-06,COMPLETED,7
MS-00586-12-01,PAI-00586,Milestone 12-1,2025-02-06,2025-03-06,COMPLETED,28
MS-00586-16-01,PAI-00586,Milestone 16-1,2025-07-17,,DELAYED,0
MS-00586-16-02,PAI-00586,Milestone 16-2,2025-07-17,2025-07-17,COMPLETED,0
MS-00586-20-01,PAI-00586,Milestone 20-1,2025-11-11,2025-11-11,COMPLETED,0
MS-00586-20-02,PAI-00586,Milestone 20-2,2025-11-06,2025-11-24,COMPLETED,18
MS-00586-24-01,PAI-00586,Milestone 24-1,2026-02-07,2026-02-19,COMPLETED,12
MS-00587-04-01,PAI-00587,Milestone 4-1,2024-07-03,2024-08-30,COMPLETED,58
MS-00587-08-01,PAI-00587,Milestone 8-1,2024-11-05,2024-12-21,COMPLETED,46
MS-00587-12-01,PAI-00587,Milestone 12-1,2025-03-15,,DELAYED,0
MS-00587-16-01,PAI-00587,Milestone 16-1,2025-06-28,,DELAYED,0
MS-00587-20-01,PAI-00587,Milestone 20-1,2025-10-27,2025-12-07,COMPLETED,41
MS-00587-20-02,PAI-00587,Milestone 20-2,2025-09-24,2025-11-06,COMPLETED,43
MS-00587-24-01,PAI-00587,Milestone 24-1,2026-02-28,2026-04-27,COMPLETED,58
MS-00588-04-01,PAI-00588,Milestone 4-1,2024-05-20,,DELAYED,0
MS-00588-04-02,PAI-00588,Milestone 4-2,2024-07-15,2024-09-25,COMPLETED,72
MS-00588-08-01,PAI-00588,Milestone 8-1,2024-11-08,2024-12-26,COMPLETED,48
MS-00588-08-02,PAI-00588,Milestone 8-2,2024-09-24,,DELAYED,0
MS-00588-12-01,PAI-00588,Milestone 12-1,2025-03-03,2025-04-05,COMPLETED,33
MS-00588-16-01,PAI-00588,Milestone 16-1,2025-06-19,,DELAYED,0
MS-00588-16-02,PAI-00588,Milestone 16-2,2025-05-20,2025-05-23,COMPLETED,3
MS-00588-20-01,PAI-00588,Milestone 20-1,2025-11-15,,DELAYED,0
MS-00588-24-01,PAI-00588,Milestone 24-1,2026-02-21,,DELAYED,0
MS-00588-24-02,PAI-00588,Milestone 24-2,2026-01-18,,DELAYED,0
MS-00589-04-01,PAI-00589,Milestone 4-1,2024-06-16,,DELAYED,0
MS-00589-04-02,PAI-00589,Milestone 4-2,2024-07-05,2024-07-07,COMPLETED,2
MS-00589-08-01,PAI-00589,Milestone 8-1,2024-09-15,2024-10-01,COMPLETED,16
MS-00589-08-02,PAI-00589,Milestone 8-2,2024-11-08,2024-11-16,COMPLETED,8
MS-00589-12-01,PAI-00589,Milestone 12-1,2025-02-21,2025-02-27,COMPLETED,6
MS-00589-16-01,PAI-00589,Milestone 16-1,2025-06-13,2025-06-13,COMPLETED,0
MS-00589-20-01,PAI-00589,Milestone 20-1,2025-10-20,2025-11-06,COMPLETED,17
MS-00589-24-01,PAI-00589,Milestone 24-1,2026-02-11,,DELAYED,0
MS-00589-24-02,PAI-00589,Milestone 24-2,2026-02-05,,DELAYED,0
MS-00590-04-01,PAI-00590,Milestone 4-1,2024-06-01,2024-06-08,COMPLETED,7
MS-00590-08-01,PAI-00590,Milestone 8-1,2024-09-14,2024-09-27,COMPLETED,13
MS-00590-08-02,PAI-00590,Milestone 8-2,2024-11-07,2024-11-07,COMPLETED,0
MS-00590-12-01,PAI-00590,Milestone 12-1,2025-01-23,2025-01-23,COMPLETED,0
MS-00590-16-01,PAI-00590,Milestone 16-1,2025-06-24,2025-08-06,COMPLETED,43
MS-00590-16-02,PAI-00590,Milestone 16-2,2025-05-29,2025-06-26,COMPLETED,28
MS-00590-20-01,PAI-00590,Milestone 20-1,2025-09-18,2025-09-18,COMPLETED,0
MS-00590-24-01,PAI-00590,Milestone 24-1,2026-03-18,2026-04-24,COMPLETED,37
MS-00591-04-01,PAI-00591,Milestone 4-1,2024-06-07,2024-06-08,COMPLETED,1
MS-00591-04-02,PAI-00591,Milestone 4-2,2024-05-24,,DELAYED,0
MS-00591-08-01,PAI-00591,Milestone 8-1,2024-10-01,2024-10-16,COMPLETED,15
MS-00591-08-02,PAI-00591,Milestone 8-2,2024-11-18,2024-11-19,COMPLETED,1
MS-00591-12-01,PAI-00591,Milestone 12-1,2025-03-08,2025-04-29,COMPLETED,52
MS-00591-16-01,PAI-00591,Milestone 16-1,2025-05-26,2025-05-26,COMPLETED,0
MS-00591-16-02,PAI-00591,Milestone 16-2,2025-05-23,,DELAYED,0
MS-00591-20-01,PAI-00591,Milestone 20-1,2025-11-05,2025-11-05,COMPLETED,0
MS-00591-24-01,PAI-00591,Milestone 24-1,2026-03-09,2026-03-15,COMPLETED,6
MS-00591-24-02,PAI-00591,Milestone 24-2,2026-03-04,2026-03-04,COMPLETED,0
MS-00592-04-01,PAI-00592,Milestone 4-1,2024-07-10,2024-07-23,COMPLETED,13
MS-00592-08-01,PAI-00592,Milestone 8-1,2024-11-16,2024-12-29,COMPLETED,43
MS-00592-12-01,PAI-00592,Milestone 12-1,2025-03-11,2025-03-30,COMPLETED,19
MS-00592-16-01,PAI-00592,Milestone 16-1,2025-05-30,2025-05-30,COMPLETED,0
MS-00592-20-01,PAI-00592,Milestone 20-1,2025-10-02,2025-10-03,COMPLETED,1
MS-00592-24-01,PAI-00592,Milestone 24-1,2026-02-19,,DELAYED,0
MS-00593-04-01,PAI-00593,Milestone 4-1,2024-06-21,2024-08-08,COMPLETED,48
MS-00593-04-02,PAI-00593,Milestone 4-2,2024-07-12,,DELAYED,0
MS-00593-08-01,PAI-00593,Milestone 8-1,2024-10-16,2024-11-27,COMPLETED,42
MS-00593-08-02,PAI-00593,Milestone 8-2,2024-11-07,2024-12-17,COMPLETED,40
MS-00593-12-01,PAI-00593,Milestone 12-1,2025-02-05,,DELAYED,0
MS-00593-16-01,PAI-00593,Milestone 16-1,2025-06-08,,DELAYED,0
MS-00593-20-01,PAI-00593,Milestone 20-1,2025-10-11,,DELAYED,0
MS-00593-20-02,PAI-00593,Milestone 20-2,2025-10-21,2025-11-09,COMPLETED,19
MS-00593-24-01,PAI-00593,Milestone 24-1,2026-01-21,2026-03-09,COMPLETED,47
MS-00594-04-01,PAI-00594,Milestone 4-1,2024-07-17,2024-08-04,COMPLETED,18
MS-00594-04-02,PAI-00594,Milestone 4-2,2024-06-04,2024-06-08,COMPLETED,4
MS-00594-08-01,PAI-00594,Milestone 8-1,2024-09-17,,DELAYED,0
MS-00594-08-02,PAI-00594,Milestone 8-2,2024-09-21,2024-10-31,COMPLETED,40
MS-00594-12-01,PAI-00594,Milestone 12-1,2025-03-05,2025-04-02,COMPLETED,28
MS-00594-16-01,PAI-00594,Milestone 16-1,2025-05-26,,DELAYED,0
MS-00594-20-01,PAI-00594,Milestone 20-1,2025-09-21,2025-10-19,COMPLETED,28
MS-00594-24-01,PAI-00594,Milestone 24-1,2026-02-19,2026-03-05,COMPLETED,14
MS-00594-24-02,PAI-00594,Milestone 24-2,2026-01-20,2026-02-19,COMPLETED,30
MS-00595-04-01,PAI-00595,Milestone 4-1,2024-05-14,2024-05-27,COMPLETED,13
MS-00595-04-02,PAI-00595,Milestone 4-2,2024-06-10,2024-06-20,COMPLETED,10
MS-00595-08-01,PAI-00595,Milestone 8-1,2024-09-10,,DELAYED,0
MS-00595-08-02,PAI-00595,Milestone 8-2,2024-11-15,2024-11-24,COMPLETED,9
MS-00595-12-01,PAI-00595,Milestone 12-1,2025-02-14,2025-03-20,COMPLETED,34
MS-00595-12-02,PAI-00595,Milestone 12-2,2025-03-20,2025-03-24,COMPLETED,4
MS-00595-16-01,PAI-00595,Milestone 16-1,2025-07-18,2025-08-03,COMPLETED,16
MS-00595-16-02,PAI-00595,Milestone 16-2,2025-05-22,2025-06-10,COMPLETED,19
MS-00595-20-01,PAI-00595,Milestone 20-1,2025-09-14,2025-10-16,COMPLETED,32
MS-00595-24-01,PAI-00595,Milestone 24-1,2026-03-17,2026-03-17,COMPLETED,0
MS-00595-24-02,PAI-00595,Milestone 24-2,2026-01-20,,DELAYED,0
MS-00596-04-01,PAI-00596,Milestone 4-1,2024-07-13,,DELAYED,0
MS-00596-08-01,PAI-00596,Milestone 8-1,2024-09-14,2024-10-14,COMPLETED,30
MS-00596-12-01,PAI-00596,Milestone 12-1,2025-02-05,2025-03-07,COMPLETED,30
MS-00596-12-02,PAI-00596,Milestone 12-2,2025-01-27,2025-01-27,COMPLETED,0
MS-00596-16-01,PAI-00596,Milestone 16-1,2025-06-21,2025-07-22,COMPLETED,31
MS-00596-16-02,PAI-00596,Milestone 16-2,2025-06-13,2025-06-15,COMPLETED,2
MS-00596-20-01,PAI-00596,Milestone 20-1,2025-09-10,2025-09-10,COMPLETED,0
MS-00596-20-02,PAI-00596,Milestone 20-2,2025-10-09,,DELAYED,0
MS-00596-24-01,PAI-00596,Milestone 24-1,2026-02-17,2026-03-09,COMPLETED,20
MS-00596-24-02,PAI-00596,Milestone 24-2,2026-01-29,,DELAYED,0
MS-00597-04-01,PAI-00597,Milestone 4-1,2024-05-24,,DELAYED,0
MS-00597-08-01,PAI-00597,Milestone 8-1,2024-10-07,2024-10-18,COMPLETED,11
MS-00597-12-01,PAI-00597,Milestone 12-1,2025-02-21,2025-02-28,COMPLETED,7
MS-00597-12-02,PAI-00597,Milestone 12-2,2025-01-27,,DELAYED,0
MS-00597-16-01,PAI-00597,Milestone 16-1,2025-05-18,2025-06-20,COMPLETED,33
MS-00597-20-01,PAI-00597,Milestone 20-1,2025-09-16,2025-11-03,COMPLETED,48
MS-00597-20-02,PAI-00597,Milestone 20-2,2025-11-06,2025-12-26,COMPLETED,50
MS-00597-24-01,PAI-00597,Milestone 24-1,2026-02-17,2026-03-18,COMPLETED,29
MS-00597-24-02,PAI-00597,Milestone 24-2,2026-01-18,2026-01-23,COMPLETED,5
MS-00598-04-01,PAI-00598,Milestone 4-1,2024-05-28,2024-07-22,COMPLETED,55
MS-00598-04-02,PAI-00598,Milestone 4-2,2024-05-28,,DELAYED,0
MS-00598-08-01,PAI-00598,Milestone 8-1,2024-10-09,,DELAYED,0
MS-00598-08-02,PAI-00598,Milestone 8-2,2024-10-03,,DELAYED,0
MS-00598-12-01,PAI-00598,Milestone 12-1,2025-03-15,2025-04-12,COMPLETED,28
MS-00598-16-01,PAI-00598,Milestone 16-1,2025-07-09,,DELAYED,0
MS-00598-20-01,PAI-00598,Milestone 20-1,2025-09-17,2025-10-09,COMPLETED,22
MS-00598-24-01,PAI-00598,Milestone 24-1,2026-01-14,,DELAYED,0
MS-00598-24-02,PAI-00598,Milestone 24-2,2026-03-13,,DELAYED,0
MS-00599-04-01,PAI-00599,Milestone 4-1,2024-06-24,2024-06-24,COMPLETED,0
MS-00599-04-02,PAI-00599,Milestone 4-2,2024-05-10,2024-06-14,COMPLETED,35
MS-00599-08-01,PAI-00599,Milestone 8-1,2024-09-26,2024-10-31,COMPLETED,35
MS-00599-12-01,PAI-00599,Milestone 12-1,2025-03-05,2025-04-21,COMPLETED,47
MS-00599-16-01,PAI-00599,Milestone 16-1,2025-05-29,,DELAYED,0
MS-00599-20-01,PAI-00599,Milestone 20-1,2025-10-16,2025-11-16,COMPLETED,31
MS-00599-24-01,PAI-00599,Milestone 24-1,2026-01-22,,DELAYED,0
MS-00600-04-01,PAI-00600,Milestone 4-1,2024-07-18,2024-07-18,COMPLETED,0
MS-00600-04-02,PAI-00600,Milestone 4-2,2024-05-17,2024-06-07,COMPLETED,21
MS-00600-08-01,PAI-00600,Milestone 8-1,2024-09-11,,DELAYED,0
MS-00600-12-01,PAI-00600,Milestone 12-1,2025-03-17,2025-04-08,COMPLETED,22
MS-00600-16-01,PAI-00600,Milestone 16-1,2025-05-17,,DELAYED,0
MS-00600-20-01,PAI-00600,Milestone 20-1,2025-11-01,2025-11-01,COMPLETED,0
MS-00600-24-01,PAI-00600,Milestone 24-1,2026-03-15,2026-03-19,COMPLETED,4
MS-00600-24-02,PAI-00600,Milestone 24-2,2026-02-04,2026-02-10,COMPLETED,6
MS-00601-04-01,PAI-00601,Milestone 4-1,2024-06-07,2024-07-04,COMPLETED,27
MS-00601-04-02,PAI-00601,Milestone 4-2,2024-05-20,,DELAYED,0
MS-00601-08-01,PAI-00601,Milestone 8-1,2024-10-05,2024-10-31,COMPLETED,26
MS-00601-08-02,PAI-00601,Milestone 8-2,2024-10-03,2024-10-23,COMPLETED,20
MS-00601-12-01,PAI-00601,Milestone 12-1,2025-02-18,2025-04-17,COMPLETED,58
MS-00601-12-02,PAI-00601,Milestone 12-2,2025-01-18,2025-02-21,COMPLETED,34
MS-00601-16-01,PAI-00601,Milestone 16-1,2025-06-25,,DELAYED,0
MS-00601-16-02,PAI-00601,Milestone 16-2,2025-06-20,2025-08-10,COMPLETED,51
MS-00601-20-01,PAI-00601,Milestone 20-1,2025-09-24,2025-11-11,COMPLETED,48
MS-00601-20-02,PAI-00601,Milestone 20-2,2025-09-27,2025-10-24,COMPLETED,27
MS-00601-24-01,PAI-00601,Milestone 24-1,2026-01-28,,DELAYED,0
MS-00602-04-01,PAI-00602,Milestone 4-1,2024-05-11,2024-05-11,COMPLETED,0
MS-00602-04-02,PAI-00602,Milestone 4-2,2024-06-14,2024-06-14,COMPLETED,0
MS-00602-08-01,PAI-00602,Milestone 8-1,2024-10-26,2024-10-26,COMPLETED,0
MS-00602-08-02,PAI-00602,Milestone 8-2,2024-10-12,2024-10-12,COMPLETED,0
MS-00602-12-01,PAI-00602,Milestone 12-1,2025-02-17,2025-02-17,COMPLETED,0
MS-00602-12-02,PAI-00602,Milestone 12-2,2025-02-17,,DELAYED,0
MS-00602-16-01,PAI-00602,Milestone 16-1,2025-06-19,,DELAYED,0
MS-00602-20-01,PAI-00602,Milestone 20-1,2025-09-28,2025-10-04,COMPLETED,6
MS-00602-24-01,PAI-00602,Milestone 24-1,2026-01-19,,DELAYED,0
MS-00603-04-01,PAI-00603,Milestone 4-1,2024-06-02,2024-06-26,COMPLETED,24
MS-00603-04-02,PAI-00603,Milestone 4-2,2024-07-14,,DELAYED,0
MS-00603-08-01,PAI-00603,Milestone 8-1,2024-11-14,,DELAYED,0
MS-00603-12-01,PAI-00603,Milestone 12-1,2025-03-09,2025-03-22,COMPLETED,13
MS-00603-16-01,PAI-00603,Milestone 16-1,2025-05-17,2025-06-19,COMPLETED,33
MS-00603-16-02,PAI-00603,Milestone 16-2,2025-05-17,,DELAYED,0
MS-00603-20-01,PAI-00603,Milestone 20-1,2025-10-17,2025-11-04,COMPLETED,18
MS-00603-24-01,PAI-00603,Milestone 24-1,2026-02-19,2026-03-06,COMPLETED,15
MS-00603-24-02,PAI-00603,Milestone 24-2,2026-01-20,2026-01-31,COMPLETED,11
MS-00604-04-01,PAI-00604,Milestone 4-1,2024-07-01,2024-07-01,COMPLETED,0
MS-00604-04-02,PAI-00604,Milestone 4-2,2024-07-11,,DELAYED,0
MS-00604-08-01,PAI-00604,Milestone 8-1,2024-09-28,2024-10-28,COMPLETED,30
MS-00604-08-02,PAI-00604,Milestone 8-2,2024-10-08,2024-11-06,COMPLETED,29
MS-00604-12-01,PAI-00604,Milestone 12-1,2025-01-27,2025-04-05,COMPLETED,68
MS-00604-16-01,PAI-00604,Milestone 16-1,2025-06-07,2025-07-06,COMPLETED,29
MS-00604-16-02,PAI-00604,Milestone 16-2,2025-05-24,,DELAYED,0
MS-00604-20-01,PAI-00604,Milestone 20-1,2025-09-28,2025-11-01,COMPLETED,34
MS-00604-24-01,PAI-00604,Milestone 24-1,2026-01-24,2026-03-20,COMPLETED,55
MS-00604-24-02,PAI-00604,Milestone 24-2,2026-03-04,2026-03-04,COMPLETED,0
MS-00605-04-01,PAI-00605,Milestone 4-1,2024-07-18,,DELAYED,0
MS-00605-08-01,PAI-00605,Milestone 8-1,2024-10-14,2024-12-27,COMPLETED,74
MS-00605-12-01,PAI-00605,Milestone 12-1,2025-03-12,2025-04-18,COMPLETED,37
MS-00605-12-02,PAI-00605,Milestone 12-2,2025-02-14,2025-03-23,COMPLETED,37
MS-00605-16-01,PAI-00605,Milestone 16-1,2025-05-16,2025-06-11,COMPLETED,26
MS-00605-16-02,PAI-00605,Milestone 16-2,2025-05-25,2025-07-10,COMPLETED,46
MS-00605-20-01,PAI-00605,Milestone 20-1,2025-11-10,,DELAYED,0
MS-00605-24-01,PAI-00605,Milestone 24-1,2026-02-16,,DELAYED,0
MS-00606-04-01,PAI-00606,Milestone 4-1,2024-05-26,,DELAYED,0
MS-00606-08-01,PAI-00606,Milestone 8-1,2024-09-14,2024-10-15,COMPLETED,31
MS-00606-08-02,PAI-00606,Milestone 8-2,2024-11-06,2024-11-17,COMPLETED,11
MS-00606-12-01,PAI-00606,Milestone 12-1,2025-01-27,2025-01-29,COMPLETED,2
MS-00606-12-02,PAI-00606,Milestone 12-2,2025-02-22,2025-03-08,COMPLETED,14
MS-00606-16-01,PAI-00606,Milestone 16-1,2025-07-09,2025-07-27,COMPLETED,18
MS-00606-20-01,PAI-00606,Milestone 20-1,2025-10-09,2025-10-25,COMPLETED,16
MS-00606-24-01,PAI-00606,Milestone 24-1,2026-02-04,2026-02-24,COMPLETED,20
MS-00606-24-02,PAI-00606,Milestone 24-2,2026-01-30,2026-02-26,COMPLETED,27
MS-00607-04-01,PAI-00607,Milestone 4-1,2024-06-02,,DELAYED,0
MS-00607-04-02,PAI-00607,Milestone 4-2,2024-07-03,,DELAYED,0
MS-00607-08-01,PAI-00607,Milestone 8-1,2024-11-13,2024-12-02,COMPLETED,19
MS-00607-12-01,PAI-00607,Milestone 12-1,2025-03-15,,DELAYED,0
MS-00607-12-02,PAI-00607,Milestone 12-2,2025-02-14,2025-02-14,COMPLETED,0
MS-00607-16-01,PAI-00607,Milestone 16-1,2025-06-03,2025-07-09,COMPLETED,36
MS-00607-20-01,PAI-00607,Milestone 20-1,2025-09-27,2025-11-16,COMPLETED,50
MS-00607-20-02,PAI-00607,Milestone 20-2,2025-10-28,,DELAYED,0
MS-00607-24-01,PAI-00607,Milestone 24-1,2026-03-20,2026-03-30,COMPLETED,10
MS-00607-24-02,PAI-00607,Milestone 24-2,2026-02-05,,DELAYED,0
MS-00608-04-01,PAI-00608,Milestone 4-1,2024-06-17,,DELAYED,0
MS-00608-08-01,PAI-00608,Milestone 8-1,2024-10-03,2024-11-11,COMPLETED,39
MS-00608-12-01,PAI-00608,Milestone 12-1,2025-01-22,2025-03-29,COMPLETED,66
MS-00608-16-01,PAI-00608,Milestone 16-1,2025-05-30,2025-05-30,COMPLETED,0
MS-00608-20-01,PAI-00608,Milestone 20-1,2025-10-04,2025-10-06,COMPLETED,2
MS-00608-20-02,PAI-00608,Milestone 20-2,2025-11-13,2025-12-09,COMPLETED,26
MS-00608-24-01,PAI-00608,Milestone 24-1,2026-03-03,2026-03-25,COMPLETED,22
MS-00609-04-01,PAI-00609,Milestone 4-1,2024-06-17,2024-08-25,COMPLETED,69
MS-00609-08-01,PAI-00609,Milestone 8-1,2024-10-19,2024-10-20,COMPLETED,1
MS-00609-08-02,PAI-00609,Milestone 8-2,2024-11-03,2024-12-12,COMPLETED,39
MS-00609-12-01,PAI-00609,Milestone 12-1,2025-03-07,,DELAYED,0
MS-00609-12-02,PAI-00609,Milestone 12-2,2025-02-12,2025-03-15,COMPLETED,31
MS-00609-16-01,PAI-00609,Milestone 16-1,2025-05-25,2025-07-11,COMPLETED,47
MS-00609-16-02,PAI-00609,Milestone 16-2,2025-05-27,2025-06-30,COMPLETED,34
MS-00609-20-01,PAI-00609,Milestone 20-1,2025-10-20,2025-11-04,COMPLETED,15
MS-00609-24-01,PAI-00609,Milestone 24-1,2026-03-02,2026-03-24,COMPLETED,22
MS-00610-04-01,PAI-00610,Milestone 4-1,2024-06-28,2024-06-29,COMPLETED,1
MS-00610-04-02,PAI-00610,Milestone 4-2,2024-05-10,,DELAYED,0
MS-00610-08-01,PAI-00610,Milestone 8-1,2024-10-13,2024-10-31,COMPLETED,18
MS-00610-12-01,PAI-00610,Milestone 12-1,2025-01-26,,DELAYED,0
MS-00610-16-01,PAI-00610,Milestone 16-1,2025-06-02,2025-06-18,COMPLETED,16
MS-00610-16-02,PAI-00610,Milestone 16-2,2025-06-22,2025-07-22,COMPLETED,30
MS-00610-20-01,PAI-00610,Milestone 20-1,2025-09-22,,DELAYED,0
MS-00610-24-01,PAI-00610,Milestone 24-1,2026-01-16,2026-01-16,COMPLETED,0
MS-00611-04-01,PAI-00611,Milestone 4-1,2024-05-24,2024-06-13,COMPLETED,20
MS-00611-08-01,PAI-00611,Milestone 8-1,2024-09-25,,DELAYED,0
MS-00611-12-01,PAI-00611,Milestone 12-1,2025-02-14,,DELAYED,0
MS-00611-16-01,PAI-00611,Milestone 16-1,2025-05-10,,DELAYED,0
MS-00611-20-01,PAI-00611,Milestone 20-1,2025-09-28,,DELAYED,0
MS-00611-20-02,PAI-00611,Milestone 20-2,2025-09-28,2025-11-16,COMPLETED,49
MS-00611-24-01,PAI-00611,Milestone 24-1,2026-02-15,,DELAYED,0
MS-00612-04-01,PAI-00612,Milestone 4-1,2024-06-15,2024-07-19,COMPLETED,34
MS-00612-04-02,PAI-00612,Milestone 4-2,2024-07-10,2024-08-09,COMPLETED,30
MS-00612-08-01,PAI-00612,Milestone 8-1,2024-11-11,2024-12-20,COMPLETED,39
MS-00612-12-01,PAI-00612,Milestone 12-1,2025-01-26,,DELAYED,0
MS-00612-12-02,PAI-00612,Milestone 12-2,2025-02-26,2025-04-08,COMPLETED,41
MS-00612-16-01,PAI-00612,Milestone 16-1,2025-07-01,2025-07-01,COMPLETED,0
MS-00612-16-02,PAI-00612,Milestone 16-2,2025-07-03,2025-07-29,COMPLETED,26
MS-00612-20-01,PAI-00612,Milestone 20-1,2025-10-31,2025-11-12,COMPLETED,12
MS-00612-20-02,PAI-00612,Milestone 20-2,2025-10-27,2025-10-27,COMPLETED,0
MS-00612-24-01,PAI-00612,Milestone 24-1,2026-01-26,2026-01-26,COMPLETED,0
MS-00613-04-01,PAI-00613,Milestone 4-1,2024-06-25,2024-06-25,COMPLETED,0
MS-00613-08-01,PAI-00613,Milestone 8-1,2024-09-19,2024-10-21,COMPLETED,32
MS-00613-08-02,PAI-00613,Milestone 8-2,2024-09-25,2024-09-26,COMPLETED,1
MS-00613-12-01,PAI-00613,Milestone 12-1,2025-02-03,2025-02-03,COMPLETED,0
MS-00613-12-02,PAI-00613,Milestone 12-2,2025-02-23,2025-03-02,COMPLETED,7
MS-00613-16-01,PAI-00613,Milestone 16-1,2025-06-13,2025-06-19,COMPLETED,6
MS-00613-20-01,PAI-00613,Milestone 20-1,2025-10-27,2025-10-28,COMPLETED,1
MS-00613-24-01,PAI-00613,Milestone 24-1,2026-02-22,2026-03-23,COMPLETED,29
MS-00613-24-02,PAI-00613,Milestone 24-2,2026-02-25,2026-03-08,COMPLETED,11
MS-00614-04-01,PAI-00614,Milestone 4-1,2024-07-12,2024-08-07,COMPLETED,26
MS-00614-08-01,PAI-00614,Milestone 8-1,2024-11-13,2024-12-12,COMPLETED,29
MS-00614-12-01,PAI-00614,Milestone 12-1,2025-02-15,2025-02-15,COMPLETED,0
MS-00614-16-01,PAI-00614,Milestone 16-1,2025-06-19,,DELAYED,0
MS-00614-20-01,PAI-00614,Milestone 20-1,2025-09-14,2025-10-10,COMPLETED,26
MS-00614-20-02,PAI-00614,Milestone 20-2,2025-10-13,,DELAYED,0
MS-00614-24-01,PAI-00614,Milestone 24-1,2026-02-10,2026-03-16,COMPLETED,34
MS-00615-04-01,PAI-00615,Milestone 4-1,2024-05-29,2024-06-14,COMPLETED,16
MS-00615-04-02,PAI-00615,Milestone 4-2,2024-07-02,2024-07-08,COMPLETED,6
MS-00615-08-01,PAI-00615,Milestone 8-1,2024-11-01,2024-11-01,COMPLETED,0
MS-00615-08-02,PAI-00615,Milestone 8-2,2024-11-13,2024-11-24,COMPLETED,11
MS-00615-12-01,PAI-00615,Milestone 12-1,2025-01-24,2025-01-24,COMPLETED,0
MS-00615-12-02,PAI-00615,Milestone 12-2,2025-02-05,,DELAYED,0
MS-00615-16-01,PAI-00615,Milestone 16-1,2025-07-04,,DELAYED,0
MS-00615-16-02,PAI-00615,Milestone 16-2,2025-06-09,2025-06-09,COMPLETED,0
MS-00615-20-01,PAI-00615,Milestone 20-1,2025-09-26,2025-11-03,COMPLETED,38
MS-00615-24-01,PAI-00615,Milestone 24-1,2026-02-20,2026-04-23,COMPLETED,62
MS-00615-24-02,PAI-00615,Milestone 24-2,2026-03-01,2026-03-01,COMPLETED,0
MS-00616-04-01,PAI-00616,Milestone 4-1,2024-06-10,2024-06-25,COMPLETED,15
MS-00616-04-02,PAI-00616,Milestone 4-2,2024-07-01,,DELAYED,0
MS-00616-08-01,PAI-00616,Milestone 8-1,2024-09-28,2024-10-16,COMPLETED,18
MS-00616-12-01,PAI-00616,Milestone 12-1,2025-03-10,2025-03-18,COMPLETED,8
MS-00616-16-01,PAI-00616,Milestone 16-1,2025-07-07,2025-07-28,COMPLETED,21
MS-00616-16-02,PAI-00616,Milestone 16-2,2025-06-15,,DELAYED,0
MS-00616-20-01,PAI-00616,Milestone 20-1,2025-11-15,,DELAYED,0
MS-00616-20-02,PAI-00616,Milestone 20-2,2025-09-20,,DELAYED,0
MS-00616-24-01,PAI-00616,Milestone 24-1,2026-02-11,2026-03-21,COMPLETED,38
MS-00616-24-02,PAI-00616,Milestone 24-2,2026-03-04,2026-03-17,COMPLETED,13
MS-00617-04-01,PAI-00617,Milestone 4-1,2024-06-18,,DELAYED,0
MS-00617-04-02,PAI-00617,Milestone 4-2,2024-07-14,2024-08-27,COMPLETED,44
MS-00617-08-01,PAI-00617,Milestone 8-1,2024-10-18,2024-12-19,COMPLETED,62
MS-00617-12-01,PAI-00617,Milestone 12-1,2025-02-04,,DELAYED,0
MS-00617-12-02,PAI-00617,Milestone 12-2,2025-01-12,,DELAYED,0
MS-00617-16-01,PAI-00617,Milestone 16-1,2025-05-23,2025-06-24,COMPLETED,32
MS-00617-20-01,PAI-00617,Milestone 20-1,2025-11-11,,DELAYED,0
MS-00617-20-02,PAI-00617,Milestone 20-2,2025-11-09,2025-12-11,COMPLETED,32
MS-00617-24-01,PAI-00617,Milestone 24-1,2026-01-26,2026-03-11,COMPLETED,44
MS-00617-24-02,PAI-00617,Milestone 24-2,2026-03-14,,DELAYED,0
MS-00618-04-01,PAI-00618,Milestone 4-1,2024-07-11,2024-07-13,COMPLETED,2
MS-00618-08-01,PAI-00618,Milestone 8-1,2024-10-22,2024-12-03,COMPLETED,42
MS-00618-12-01,PAI-00618,Milestone 12-1,2025-03-08,,DELAYED,0
MS-00618-16-01,PAI-00618,Milestone 16-1,2025-06-28,2025-06-28,COMPLETED,0
MS-00618-20-01,PAI-00618,Milestone 20-1,2025-10-31,2025-11-15,COMPLETED,15
MS-00618-20-02,PAI-00618,Milestone 20-2,2025-11-12,2025-12-04,COMPLETED,22
MS-00618-24-01,PAI-00618,Milestone 24-1,2026-03-05,,DELAYED,0
MS-00619-04-01,PAI-00619,Milestone 4-1,2024-07-15,2024-07-15,COMPLETED,0
MS-00619-04-02,PAI-00619,Milestone 4-2,2024-07-08,2024-07-08,COMPLETED,0
MS-00619-08-01,PAI-00619,Milestone 8-1,2024-11-01,2024-11-01,COMPLETED,0
MS-00619-12-01,PAI-00619,Milestone 12-1,2025-02-03,2025-02-03,COMPLETED,0
MS-00619-12-02,PAI-00619,Milestone 12-2,2025-03-05,,DELAYED,0
MS-00619-16-01,PAI-00619,Milestone 16-1,2025-06-11,2025-06-12,COMPLETED,1
MS-00619-20-01,PAI-00619,Milestone 20-1,2025-11-18,2026-01-12,COMPLETED,55
MS-00619-20-02,PAI-00619,Milestone 20-2,2025-10-10,,DELAYED,0
MS-00619-24-01,PAI-00619,Milestone 24-1,2026-03-14,2026-03-22,COMPLETED,8
MS-00620-04-01,PAI-00620,Milestone 4-1,2024-07-09,,DELAYED,0
MS-00620-08-01,PAI-00620,Milestone 8-1,2024-10-02,2024-10-10,COMPLETED,8
MS-00620-12-01,PAI-00620,Milestone 12-1,2025-02-25,2025-02-25,COMPLETED,0
MS-00620-12-02,PAI-00620,Milestone 12-2,2025-02-28,2025-03-06,COMPLETED,6
MS-00620-16-01,PAI-00620,Milestone 16-1,2025-05-31,,DELAYED,0
MS-00620-20-01,PAI-00620,Milestone 20-1,2025-10-03,2025-12-04,COMPLETED,62
MS-00620-20-02,PAI-00620,Milestone 20-2,2025-10-20,,DELAYED,0
MS-00620-24-01,PAI-00620,Milestone 24-1,2026-02-28,,DELAYED,0
MS-00621-04-01,PAI-00621,Milestone 4-1,2024-05-24,,DELAYED,0
MS-00621-08-01,PAI-00621,Milestone 8-1,2024-11-17,2024-11-24,COMPLETED,7
MS-00621-08-02,PAI-00621,Milestone 8-2,2024-10-19,2024-11-21,COMPLETED,33
MS-00621-12-01,PAI-00621,Milestone 12-1,2025-02-19,2025-03-06,COMPLETED,15
MS-00621-12-02,PAI-00621,Milestone 12-2,2025-01-19,,DELAYED,0
MS-00621-16-01,PAI-00621,Milestone 16-1,2025-05-12,,DELAYED,0
MS-00621-16-02,PAI-00621,Milestone 16-2,2025-05-15,,DELAYED,0
MS-00621-20-01,PAI-00621,Milestone 20-1,2025-09-21,2025-09-21,COMPLETED,0
MS-00621-20-02,PAI-00621,Milestone 20-2,2025-10-11,2025-11-11,COMPLETED,31
MS-00621-24-01,PAI-00621,Milestone 24-1,2026-03-02,2026-03-02,COMPLETED,0
MS-00621-24-02,PAI-00621,Milestone 24-2,2026-03-12,2026-03-12,COMPLETED,0
MS-00622-04-01,PAI-00622,Milestone 4-1,2024-07-09,,DELAYED,0
MS-00622-08-01,PAI-00622,Milestone 8-1,2024-10-04,2024-10-12,COMPLETED,8
MS-00622-12-01,PAI-00622,Milestone 12-1,2025-02-18,2025-03-10,COMPLETED,20
MS-00622-12-02,PAI-00622,Milestone 12-2,2025-01-10,2025-02-11,COMPLETED,32
MS-00622-16-01,PAI-00622,Milestone 16-1,2025-05-27,2025-05-27,COMPLETED,0
MS-00622-20-01,PAI-00622,Milestone 20-1,2025-11-17,2025-12-23,COMPLETED,36
MS-00622-20-02,PAI-00622,Milestone 20-2,2025-10-06,2025-10-06,COMPLETED,0
MS-00622-24-01,PAI-00622,Milestone 24-1,2026-03-05,2026-03-09,COMPLETED,4
MS-00623-04-01,PAI-00623,Milestone 4-1,2024-07-15,2024-07-27,COMPLETED,12
MS-00623-04-02,PAI-00623,Milestone 4-2,2024-07-12,2024-07-26,COMPLETED,14
MS-00623-08-01,PAI-00623,Milestone 8-1,2024-11-09,2024-11-09,COMPLETED,0
MS-00623-08-02,PAI-00623,Milestone 8-2,2024-10-20,2024-11-19,COMPLETED,30
MS-00623-12-01,PAI-00623,Milestone 12-1,2025-03-04,2025-03-04,COMPLETED,0
MS-00623-16-01,PAI-00623,Milestone 16-1,2025-07-13,2025-07-13,COMPLETED,0
MS-00623-16-02,PAI-00623,Milestone 16-2,2025-06-16,,DELAYED,0
MS-00623-20-01,PAI-00623,Milestone 20-1,2025-10-10,2025-11-15,COMPLETED,36
MS-00623-24-01,PAI-00623,Milestone 24-1,2026-01-20,2026-01-27,COMPLETED,7
MS-00623-24-02,PAI-00623,Milestone 24-2,2026-02-11,2026-02-20,COMPLETED,9
MS-00624-04-01,PAI-00624,Milestone 4-1,2024-07-10,,DELAYED,0
MS-00624-04-02,PAI-00624,Milestone 4-2,2024-06-01,,DELAYED,0
MS-00624-08-01,PAI-00624,Milestone 8-1,2024-10-29,,DELAYED,0
MS-00624-08-02,PAI-00624,Milestone 8-2,2024-11-16,,DELAYED,0
MS-00624-12-01,PAI-00624,Milestone 12-1,2025-02-07,,DELAYED,0
MS-00624-12-02,PAI-00624,Milestone 12-2,2025-01-16,,DELAYED,0
MS-00624-16-01,PAI-00624,Milestone 16-1,2025-06-03,,DELAYED,0
MS-00624-20-01,PAI-00624,Milestone 20-1,2025-11-16,,DELAYED,0
MS-00624-24-01,PAI-00624,Milestone 24-1,2026-03-11,2026-05-07,COMPLETED,57
MS-00624-24-02,PAI-00624,Milestone 24-2,2026-01-28,,DELAYED,0
MS-00625-04-01,PAI-00625,Milestone 4-1,2024-06-29,2024-07-17,COMPLETED,18
MS-00625-08-01,PAI-00625,Milestone 8-1,2024-10-22,2024-10-22,COMPLETED,0
MS-00625-12-01,PAI-00625,Milestone 12-1,2025-02-22,2025-02-22,COMPLETED,0
MS-00625-12-02,PAI-00625,Milestone 12-2,2025-01-23,2025-01-23,COMPLETED,0
MS-00625-16-01,PAI-00625,Milestone 16-1,2025-05-26,2025-05-26,COMPLETED,0
MS-00625-16-02,PAI-00625,Milestone 16-2,2025-07-08,2025-07-23,COMPLETED,15
MS-00625-20-01,PAI-00625,Milestone 20-1,2025-09-16,,DELAYED,0
MS-00625-20-02,PAI-00625,Milestone 20-2,2025-09-28,2025-10-09,COMPLETED,11
MS-00625-24-01,PAI-00625,Milestone 24-1,2026-01-28,,DELAYED,0
MS-00626-04-01,PAI-00626,Milestone 4-1,2024-07-18,2024-08-05,COMPLETED,18
MS-00626-04-02,PAI-00626,Milestone 4-2,2024-06-22,,DELAYED,0
MS-00626-08-01,PAI-00626,Milestone 8-1,2024-10-04,2024-11-15,COMPLETED,42
MS-00626-12-01,PAI-00626,Milestone 12-1,2025-03-11,,DELAYED,0
MS-00626-12-02,PAI-00626,Milestone 12-2,2025-01-31,2025-03-13,COMPLETED,41
MS-00626-16-01,PAI-00626,Milestone 16-1,2025-06-04,,DELAYED,0
MS-00626-16-02,PAI-00626,Milestone 16-2,2025-06-02,2025-07-19,COMPLETED,47
MS-00626-20-01,PAI-00626,Milestone 20-1,2025-09-28,,DELAYED,0
MS-00626-20-02,PAI-00626,Milestone 20-2,2025-09-27,2025-10-22,COMPLETED,25
MS-00626-24-01,PAI-00626,Milestone 24-1,2026-01-16,2026-03-05,COMPLETED,48
MS-00626-24-02,PAI-00626,Milestone 24-2,2026-01-23,2026-03-07,COMPLETED,43
MS-00627-04-01,PAI-00627,Milestone 4-1,2024-05-14,2024-05-14,COMPLETED,0
MS-00627-04-02,PAI-00627,Milestone 4-2,2024-05-24,2024-05-24,COMPLETED,0
MS-00627-08-01,PAI-00627,Milestone 8-1,2024-11-07,2024-11-07,COMPLETED,0
MS-00627-12-01,PAI-00627,Milestone 12-1,2025-02-06,2025-02-28,COMPLETED,22
MS-00627-12-02,PAI-00627,Milestone 12-2,2025-02-20,2025-02-20,COMPLETED,0
MS-00627-16-01,PAI-00627,Milestone 16-1,2025-06-19,2025-07-14,COMPLETED,25
MS-00627-16-02,PAI-00627,Milestone 16-2,2025-07-16,2025-08-29,COMPLETED,44
MS-00627-20-01,PAI-00627,Milestone 20-1,2025-10-20,2025-10-20,COMPLETED,0
MS-00627-20-02,PAI-00627,Milestone 20-2,2025-10-12,2025-10-20,COMPLETED,8
MS-00627-24-01,PAI-00627,Milestone 24-1,2026-03-08,2026-03-16,COMPLETED,8
MS-00628-04-01,PAI-00628,Milestone 4-1,2024-05-12,,DELAYED,0
MS-00628-04-02,PAI-00628,Milestone 4-2,2024-07-15,,DELAYED,0
MS-00628-08-01,PAI-00628,Milestone 8-1,2024-10-06,2024-10-21,COMPLETED,15
MS-00628-12-01,PAI-00628,Milestone 12-1,2025-03-15,2025-03-15,COMPLETED,0
MS-00628-12-02,PAI-00628,Milestone 12-2,2025-01-23,2025-03-07,COMPLETED,43
MS-00628-16-01,PAI-00628,Milestone 16-1,2025-06-24,2025-06-24,COMPLETED,0
MS-00628-20-01,PAI-00628,Milestone 20-1,2025-09-28,2025-09-28,COMPLETED,0
MS-00628-20-02,PAI-00628,Milestone 20-2,2025-11-07,2025-11-15,COMPLETED,8
MS-00628-24-01,PAI-00628,Milestone 24-1,2026-02-19,2026-03-15,COMPLETED,24
MS-00628-24-02,PAI-00628,Milestone 24-2,2026-02-02,2026-02-14,COMPLETED,12
MS-00629-04-01,PAI-00629,Milestone 4-1,2024-06-06,2024-06-06,COMPLETED,0
MS-00629-08-01,PAI-00629,Milestone 8-1,2024-10-19,2024-11-08,COMPLETED,20
MS-00629-12-01,PAI-00629,Milestone 12-1,2025-01-14,2025-02-09,COMPLETED,26
MS-00629-16-01,PAI-00629,Milestone 16-1,2025-06-05,,DELAYED,0
MS-00629-20-01,PAI-00629,Milestone 20-1,2025-09-28,,DELAYED,0
MS-00629-20-02,PAI-00629,Milestone 20-2,2025-10-02,2025-10-05,COMPLETED,3
MS-00629-24-01,PAI-00629,Milestone 24-1,2026-02-25,2026-03-22,COMPLETED,25
MS-00629-24-02,PAI-00629,Milestone 24-2,2026-03-18,2026-03-21,COMPLETED,3
MS-00630-04-01,PAI-00630,Milestone 4-1,2024-05-17,2024-06-23,COMPLETED,37
MS-00630-08-01,PAI-00630,Milestone 8-1,2024-11-11,,DELAYED,0
MS-00630-12-01,PAI-00630,Milestone 12-1,2025-02-16,2025-04-15,COMPLETED,58
MS-00630-12-02,PAI-00630,Milestone 12-2,2025-03-02,,DELAYED,0
MS-00630-16-01,PAI-00630,Milestone 16-1,2025-06-14,2025-06-14,COMPLETED,0
MS-00630-16-02,PAI-00630,Milestone 16-2,2025-05-30,2025-06-11,COMPLETED,12
MS-00630-20-01,PAI-00630,Milestone 20-1,2025-09-29,,DELAYED,0
MS-00630-20-02,PAI-00630,Milestone 20-2,2025-10-09,2025-10-29,COMPLETED,20
MS-00630-24-01,PAI-00630,Milestone 24-1,2026-03-16,2026-03-20,COMPLETED,4
MS-00631-04-01,PAI-00631,Milestone 4-1,2024-06-20,2024-06-20,COMPLETED,0
MS-00631-08-01,PAI-00631,Milestone 8-1,2024-09-22,,DELAYED,0
MS-00631-08-02,PAI-00631,Milestone 8-2,2024-10-16,,DELAYED,0
MS-00631-12-01,PAI-00631,Milestone 12-1,2025-02-08,2025-02-09,COMPLETED,1
MS-00631-12-02,PAI-00631,Milestone 12-2,2025-02-04,,DELAYED,0
MS-00631-16-01,PAI-00631,Milestone 16-1,2025-07-05,2025-07-06,COMPLETED,1
MS-00631-20-01,PAI-00631,Milestone 20-1,2025-09-21,2025-11-14,COMPLETED,54
MS-00631-24-01,PAI-00631,Milestone 24-1,2026-01-10,,DELAYED,0
MS-00632-04-01,PAI-00632,Milestone 4-1,2024-06-24,2024-06-24,COMPLETED,0
MS-00632-04-02,PAI-00632,Milestone 4-2,2024-05-15,2024-06-12,COMPLETED,28
MS-00632-08-01,PAI-00632,Milestone 8-1,2024-09-18,2024-09-18,COMPLETED,0
MS-00632-12-01,PAI-00632,Milestone 12-1,2025-01-22,,DELAYED,0
MS-00632-12-02,PAI-00632,Milestone 12-2,2025-02-02,2025-02-23,COMPLETED,21
MS-00632-16-01,PAI-00632,Milestone 16-1,2025-05-29,2025-05-29,COMPLETED,0
MS-00632-20-01,PAI-00632,Milestone 20-1,2025-09-10,2025-10-29,COMPLETED,49
MS-00632-24-01,PAI-00632,Milestone 24-1,2026-03-10,2026-03-19,COMPLETED,9
MS-00632-24-02,PAI-00632,Milestone 24-2,2026-03-10,2026-03-16,COMPLETED,6
MS-00633-04-01,PAI-00633,Milestone 4-1,2024-07-11,2024-08-17,COMPLETED,37
MS-00633-04-02,PAI-00633,Milestone 4-2,2024-07-15,2024-08-25,COMPLETED,41
MS-00633-08-01,PAI-00633,Milestone 8-1,2024-11-14,2024-11-15,COMPLETED,1
MS-00633-08-02,PAI-00633,Milestone 8-2,2024-11-04,,DELAYED,0
MS-00633-12-01,PAI-00633,Milestone 12-1,2025-01-30,,DELAYED,0
MS-00633-12-02,PAI-00633,Milestone 12-2,2025-01-30,2025-01-30,COMPLETED,0
MS-00633-16-01,PAI-00633,Milestone 16-1,2025-05-29,2025-06-27,COMPLETED,29
MS-00633-16-02,PAI-00633,Milestone 16-2,2025-05-30,,DELAYED,0
MS-00633-20-01,PAI-00633,Milestone 20-1,2025-09-22,2025-10-11,COMPLETED,19
MS-00633-24-01,PAI-00633,Milestone 24-1,2026-03-13,2026-04-13,COMPLETED,31
MS-00633-24-02,PAI-00633,Milestone 24-2,2026-03-14,,DELAYED,0
MS-00634-04-01,PAI-00634,Milestone 4-1,2024-07-08,,DELAYED,0
MS-00634-08-01,PAI-00634,Milestone 8-1,2024-10-07,2024-10-07,COMPLETED,0
MS-00634-08-02,PAI-00634,Milestone 8-2,2024-10-30,,DELAYED,0
MS-00634-12-01,PAI-00634,Milestone 12-1,2025-03-17,2025-03-29,COMPLETED,12
MS-00634-12-02,PAI-00634,Milestone 12-2,2025-02-24,2025-03-04,COMPLETED,8
MS-00634-16-01,PAI-00634,Milestone 16-1,2025-05-31,2025-06-18,COMPLETED,18
MS-00634-20-01,PAI-00634,Milestone 20-1,2025-09-29,2025-10-18,COMPLETED,19
MS-00634-20-02,PAI-00634,Milestone 20-2,2025-09-27,2025-09-28,COMPLETED,1
MS-00634-24-01,PAI-00634,Milestone 24-1,2026-01-17,2026-02-13,COMPLETED,27
MS-00634-24-02,PAI-00634,Milestone 24-2,2026-01-10,2026-01-10,COMPLETED,0
MS-00635-04-01,PAI-00635,Milestone 4-1,2024-06-24,2024-06-24,COMPLETED,0
MS-00635-08-01,PAI-00635,Milestone 8-1,2024-10-03,2024-10-24,COMPLETED,21
MS-00635-12-01,PAI-00635,Milestone 12-1,2025-03-08,2025-04-29,COMPLETED,52
MS-00635-16-01,PAI-00635,Milestone 16-1,2025-06-26,2025-07-22,COMPLETED,26
MS-00635-16-02,PAI-00635,Milestone 16-2,2025-07-16,,DELAYED,0
MS-00635-20-01,PAI-00635,Milestone 20-1,2025-09-13,2025-09-13,COMPLETED,0
MS-00635-20-02,PAI-00635,Milestone 20-2,2025-10-11,2025-10-11,COMPLETED,0
MS-00635-24-01,PAI-00635,Milestone 24-1,2026-02-25,2026-03-09,COMPLETED,12
MS-00635-24-02,PAI-00635,Milestone 24-2,2026-02-10,,DELAYED,0
MS-00636-04-01,PAI-00636,Milestone 4-1,2024-07-12,2024-07-23,COMPLETED,11
MS-00636-04-02,PAI-00636,Milestone 4-2,2024-07-11,,DELAYED,0
MS-00636-08-01,PAI-00636,Milestone 8-1,2024-09-18,2024-11-11,COMPLETED,54
MS-00636-12-01,PAI-00636,Milestone 12-1,2025-03-10,2025-03-27,COMPLETED,17
MS-00636-12-02,PAI-00636,Milestone 12-2,2025-01-17,2025-01-20,COMPLETED,3
MS-00636-16-01,PAI-00636,Milestone 16-1,2025-05-26,2025-07-02,COMPLETED,37
MS-00636-20-01,PAI-00636,Milestone 20-1,2025-10-14,2025-10-14,COMPLETED,0
MS-00636-24-01,PAI-00636,Milestone 24-1,2026-01-31,,DELAYED,0
MS-00637-04-01,PAI-00637,Milestone 4-1,2024-06-27,,DELAYED,0
MS-00637-08-01,PAI-00637,Milestone 8-1,2024-10-30,2024-12-05,COMPLETED,36
MS-00637-12-01,PAI-00637,Milestone 12-1,2025-01-11,,DELAYED,0
MS-00637-16-01,PAI-00637,Milestone 16-1,2025-06-11,,DELAYED,0
MS-00637-16-02,PAI-00637,Milestone 16-2,2025-07-04,2025-09-04,COMPLETED,62
MS-00637-20-01,PAI-00637,Milestone 20-1,2025-10-27,2025-12-20,COMPLETED,54
MS-00637-24-01,PAI-00637,Milestone 24-1,2026-02-28,2026-03-09,COMPLETED,9
MS-00637-24-02,PAI-00637,Milestone 24-2,2026-01-23,2026-03-18,COMPLETED,54
MS-00638-04-01,PAI-00638,Milestone 4-1,2024-06-14,2024-07-14,COMPLETED,30
MS-00638-04-02,PAI-00638,Milestone 4-2,2024-06-11,2024-06-16,COMPLETED,5
MS-00638-08-01,PAI-00638,Milestone 8-1,2024-11-06,,DELAYED,0
MS-00638-12-01,PAI-00638,Milestone 12-1,2025-03-05,,DELAYED,0
MS-00638-12-02,PAI-00638,Milestone 12-2,2025-02-13,2025-02-13,COMPLETED,0
MS-00638-16-01,PAI-00638,Milestone 16-1,2025-07-08,2025-08-10,COMPLETED,33
MS-00638-16-02,PAI-00638,Milestone 16-2,2025-07-18,,DELAYED,0
MS-00638-20-01,PAI-00638,Milestone 20-1,2025-11-13,2025-12-30,COMPLETED,47
MS-00638-20-02,PAI-00638,Milestone 20-2,2025-09-17,2025-09-23,COMPLETED,6
MS-00638-24-01,PAI-00638,Milestone 24-1,2026-02-26,2026-03-04,COMPLETED,6
MS-00638-24-02,PAI-00638,Milestone 24-2,2026-02-18,2026-02-18,COMPLETED,0
MS-00639-04-01,PAI-00639,Milestone 4-1,2024-06-04,2024-07-17,COMPLETED,43
MS-00639-04-02,PAI-00639,Milestone 4-2,2024-06-08,,DELAYED,0
MS-00639-08-01,PAI-00639,Milestone 8-1,2024-11-05,2024-12-06,COMPLETED,31
MS-00639-12-01,PAI-00639,Milestone 12-1,2025-02-11,2025-04-24,COMPLETED,72
MS-00639-16-01,PAI-00639,Milestone 16-1,2025-05-25,2025-07-16,COMPLETED,52
MS-00639-20-01,PAI-00639,Milestone 20-1,2025-11-18,2025-12-27,COMPLETED,39
MS-00639-20-02,PAI-00639,Milestone 20-2,2025-10-26,2025-11-28,COMPLETED,33
MS-00639-24-01,PAI-00639,Milestone 24-1,2026-01-20,2026-01-20,COMPLETED,0
MS-00640-04-01,PAI-00640,Milestone 4-1,2024-06-25,2024-07-08,COMPLETED,13
MS-00640-08-01,PAI-00640,Milestone 8-1,2024-11-01,2024-12-11,COMPLETED,40
MS-00640-12-01,PAI-00640,Milestone 12-1,2025-03-20,2025-04-23,COMPLETED,34
MS-00640-12-02,PAI-00640,Milestone 12-2,2025-02-27,,DELAYED,0
MS-00640-16-01,PAI-00640,Milestone 16-1,2025-07-17,2025-08-15,COMPLETED,29
MS-00640-20-01,PAI-00640,Milestone 20-1,2025-09-30,2025-10-12,COMPLETED,12
MS-00640-20-02,PAI-00640,Milestone 20-2,2025-10-29,,DELAYED,0
MS-00640-24-01,PAI-00640,Milestone 24-1,2026-01-14,2026-02-17,COMPLETED,34
MS-00641-04-01,PAI-00641,Milestone 4-1,2024-05-17,,DELAYED,0
MS-00641-04-02,PAI-00641,Milestone 4-2,2024-07-14,,DELAYED,0
MS-00641-08-01,PAI-00641,Milestone 8-1,2024-10-13,2024-10-30,COMPLETED,17
MS-00641-08-02,PAI-00641,Milestone 8-2,2024-10-12,2024-10-12,COMPLETED,0
MS-00641-12-01,PAI-00641,Milestone 12-1,2025-03-08,2025-03-29,COMPLETED,21
MS-00641-16-01,PAI-00641,Milestone 16-1,2025-05-10,2025-05-10,COMPLETED,0
MS-00641-16-02,PAI-00641,Milestone 16-2,2025-06-25,,DELAYED,0
MS-00641-20-01,PAI-00641,Milestone 20-1,2025-09-28,2025-11-03,COMPLETED,36
MS-00641-20-02,PAI-00641,Milestone 20-2,2025-10-11,,DELAYED,0
MS-00641-24-01,PAI-00641,Milestone 24-1,2026-02-15,,DELAYED,0
MS-00642-04-01,PAI-00642,Milestone 4-1,2024-06-12,,DELAYED,0
MS-00642-08-01,PAI-00642,Milestone 8-1,2024-10-03,,DELAYED,0
MS-00642-12-01,PAI-00642,Milestone 12-1,2025-03-07,2025-05-16,COMPLETED,70
MS-00642-12-02,PAI-00642,Milestone 12-2,2025-02-16,2025-03-24,COMPLETED,36
MS-00642-16-01,PAI-00642,Milestone 16-1,2025-06-29,2025-07-14,COMPLETED,15
MS-00642-20-01,PAI-00642,Milestone 20-1,2025-10-28,2025-11-22,COMPLETED,25
MS-00642-24-01,PAI-00642,Milestone 24-1,2026-02-18,2026-02-18,COMPLETED,0
MS-00642-24-02,PAI-00642,Milestone 24-2,2026-02-14,2026-03-02,COMPLETED,16
MS-00643-04-01,PAI-00643,Milestone 4-1,2024-07-11,2024-07-15,COMPLETED,4
MS-00643-04-02,PAI-00643,Milestone 4-2,2024-05-10,,DELAYED,0
MS-00643-08-01,PAI-00643,Milestone 8-1,2024-09-24,,DELAYED,0
MS-00643-12-01,PAI-00643,Milestone 12-1,2025-02-20,,DELAYED,0
MS-00643-16-01,PAI-00643,Milestone 16-1,2025-07-14,2025-07-31,COMPLETED,17
MS-00643-20-01,PAI-00643,Milestone 20-1,2025-10-05,2025-10-17,COMPLETED,12
MS-00643-24-01,PAI-00643,Milestone 24-1,2026-03-18,,DELAYED,0
MS-00643-24-02,PAI-00643,Milestone 24-2,2026-01-29,2026-03-11,COMPLETED,41
MS-00644-04-01,PAI-00644,Milestone 4-1,2024-05-16,,DELAYED,0
MS-00644-04-02,PAI-00644,Milestone 4-2,2024-05-12,2024-06-18,COMPLETED,37
MS-00644-08-01,PAI-00644,Milestone 8-1,2024-10-30,2024-11-14,COMPLETED,15
MS-00644-08-02,PAI-00644,Milestone 8-2,2024-10-07,,DELAYED,0
MS-00644-12-01,PAI-00644,Milestone 12-1,2025-03-18,,DELAYED,0
MS-00644-12-02,PAI-00644,Milestone 12-2,2025-01-17,,DELAYED,0
MS-00644-16-01,PAI-00644,Milestone 16-1,2025-07-04,2025-08-27,COMPLETED,54
MS-00644-20-01,PAI-00644,Milestone 20-1,2025-10-25,2025-11-08,COMPLETED,14
MS-00644-24-01,PAI-00644,Milestone 24-1,2026-03-15,2026-04-15,COMPLETED,31
MS-00644-24-02,PAI-00644,Milestone 24-2,2026-01-13,2026-01-13,COMPLETED,0
MS-00645-04-01,PAI-00645,Milestone 4-1,2024-07-05,,DELAYED,0
MS-00645-08-01,PAI-00645,Milestone 8-1,2024-10-22,2024-11-10,COMPLETED,19
MS-00645-12-01,PAI-00645,Milestone 12-1,2025-01-21,2025-01-21,COMPLETED,0
MS-00645-16-01,PAI-00645,Milestone 16-1,2025-06-19,2025-06-30,COMPLETED,11
MS-00645-16-02,PAI-00645,Milestone 16-2,2025-05-22,,DELAYED,0
MS-00645-20-01,PAI-00645,Milestone 20-1,2025-09-10,2025-09-10,COMPLETED,0
MS-00645-24-01,PAI-00645,Milestone 24-1,2026-03-12,2026-03-27,COMPLETED,15
MS-00645-24-02,PAI-00645,Milestone 24-2,2026-01-16,2026-03-10,COMPLETED,53
MS-00646-04-01,PAI-00646,Milestone 4-1,2024-06-11,2024-06-17,COMPLETED,6
MS-00646-04-02,PAI-00646,Milestone 4-2,2024-06-25,2024-06-25,COMPLETED,0
MS-00646-08-01,PAI-00646,Milestone 8-1,2024-10-03,2024-10-04,COMPLETED,1
MS-00646-08-02,PAI-00646,Milestone 8-2,2024-10-06,,DELAYED,0
MS-00646-12-01,PAI-00646,Milestone 12-1,2025-01-30,2025-02-26,COMPLETED,27
MS-00646-12-02,PAI-00646,Milestone 12-2,2025-02-22,,DELAYED,0
MS-00646-16-01,PAI-00646,Milestone 16-1,2025-06-14,2025-06-14,COMPLETED,0
MS-00646-16-02,PAI-00646,Milestone 16-2,2025-05-15,2025-05-31,COMPLETED,16
MS-00646-20-01,PAI-00646,Milestone 20-1,2025-10-19,2025-11-10,COMPLETED,22
MS-00646-24-01,PAI-00646,Milestone 24-1,2026-02-05,,DELAYED,0
MS-00646-24-02,PAI-00646,Milestone 24-2,2026-03-12,2026-03-23,COMPLETED,11
MS-00647-04-01,PAI-00647,Milestone 4-1,2024-06-05,2024-08-05,COMPLETED,61
MS-00647-04-02,PAI-00647,Milestone 4-2,2024-06-23,,DELAYED,0
MS-00647-08-01,PAI-00647,Milestone 8-1,2024-09-14,,DELAYED,0
MS-00647-12-01,PAI-00647,Milestone 12-1,2025-01-25,,DELAYED,0
MS-00647-12-02,PAI-00647,Milestone 12-2,2025-02-25,,DELAYED,0
MS-00647-16-01,PAI-00647,Milestone 16-1,2025-06-27,2025-07-20,COMPLETED,23
MS-00647-16-02,PAI-00647,Milestone 16-2,2025-06-05,2025-07-22,COMPLETED,47
MS-00647-20-01,PAI-00647,Milestone 20-1,2025-10-15,,DELAYED,0
MS-00647-20-02,PAI-00647,Milestone 20-2,2025-10-10,,DELAYED,0
MS-00647-24-01,PAI-00647,Milestone 24-1,2026-02-27,2026-03-22,COMPLETED,23
MS-00648-04-01,PAI-00648,Milestone 4-1,2024-05-11,,DELAYED,0
MS-00648-08-01,PAI-00648,Milestone 8-1,2024-09-11,2024-09-27,COMPLETED,16
MS-00648-08-02,PAI-00648,Milestone 8-2,2024-09-25,2024-09-25,COMPLETED,0
MS-00648-12-01,PAI-00648,Milestone 12-1,2025-01-16,2025-01-16,COMPLETED,0
MS-00648-16-01,PAI-00648,Milestone 16-1,2025-06-07,2025-06-07,COMPLETED,0
MS-00648-20-01,PAI-00648,Milestone 20-1,2025-11-12,2025-11-14,COMPLETED,2
MS-00648-24-01,PAI-00648,Milestone 24-1,2026-01-19,2026-01-22,COMPLETED,3
MS-00648-24-02,PAI-00648,Milestone 24-2,2026-02-24,2026-02-24,COMPLETED,0
MS-00649-04-01,PAI-00649,Milestone 4-1,2024-06-07,2024-07-15,COMPLETED,38
MS-00649-04-02,PAI-00649,Milestone 4-2,2024-07-06,,DELAYED,0
MS-00649-08-01,PAI-00649,Milestone 8-1,2024-10-08,2024-11-30,COMPLETED,53
MS-00649-12-01,PAI-00649,Milestone 12-1,2025-02-25,,DELAYED,0
MS-00649-12-02,PAI-00649,Milestone 12-2,2025-03-20,,DELAYED,0
MS-00649-16-01,PAI-00649,Milestone 16-1,2025-07-12,2025-09-17,COMPLETED,67
MS-00649-16-02,PAI-00649,Milestone 16-2,2025-05-23,,DELAYED,0
MS-00649-20-01,PAI-00649,Milestone 20-1,2025-11-15,2025-12-12,COMPLETED,27
MS-00649-24-01,PAI-00649,Milestone 24-1,2026-02-19,2026-03-25,COMPLETED,34
MS-00650-04-01,PAI-00650,Milestone 4-1,2024-05-14,2024-06-26,COMPLETED,43
MS-00650-08-01,PAI-00650,Milestone 8-1,2024-10-27,,DELAYED,0
MS-00650-12-01,PAI-00650,Milestone 12-1,2025-02-19,2025-02-21,COMPLETED,2
MS-00650-16-01,PAI-00650,Milestone 16-1,2025-07-03,2025-08-13,COMPLETED,41
MS-00650-20-01,PAI-00650,Milestone 20-1,2025-11-13,2026-01-10,COMPLETED,58
MS-00650-24-01,PAI-00650,Milestone 24-1,2026-01-23,2026-01-30,COMPLETED,7
MS-00650-24-02,PAI-00650,Milestone 24-2,2026-02-13,2026-02-13,COMPLETED,0
MS-00651-04-01,PAI-00651,Milestone 4-1,2024-05-21,2024-06-08,COMPLETED,18
MS-00651-04-02,PAI-00651,Milestone 4-2,2024-07-16,2024-08-22,COMPLETED,37
MS-00651-08-01,PAI-00651,Milestone 8-1,2024-10-31,,DELAYED,0
MS-00651-08-02,PAI-00651,Milestone 8-2,2024-10-19,2024-10-19,COMPLETED,0
MS-00651-12-01,PAI-00651,Milestone 12-1,2025-01-16,2025-02-01,COMPLETED,16
MS-00651-16-01,PAI-00651,Milestone 16-1,2025-06-04,2025-06-23,COMPLETED,19
MS-00651-20-01,PAI-00651,Milestone 20-1,2025-10-24,2025-11-13,COMPLETED,20
MS-00651-20-02,PAI-00651,Milestone 20-2,2025-11-16,2025-12-11,COMPLETED,25
MS-00651-24-01,PAI-00651,Milestone 24-1,2026-02-22,2026-02-22,COMPLETED,0
MS-00651-24-02,PAI-00651,Milestone 24-2,2026-03-05,,DELAYED,0
MS-00652-04-01,PAI-00652,Milestone 4-1,2024-07-10,2024-07-18,COMPLETED,8
MS-00652-08-01,PAI-00652,Milestone 8-1,2024-09-27,2024-10-01,COMPLETED,4
MS-00652-08-02,PAI-00652,Milestone 8-2,2024-09-17,2024-09-17,COMPLETED,0
MS-00652-12-01,PAI-00652,Milestone 12-1,2025-03-01,2025-04-05,COMPLETED,35
MS-00652-12-02,PAI-00652,Milestone 12-2,2025-03-03,,DELAYED,0
MS-00652-16-01,PAI-00652,Milestone 16-1,2025-05-30,2025-06-10,COMPLETED,11
MS-00652-16-02,PAI-00652,Milestone 16-2,2025-07-11,2025-07-11,COMPLETED,0
MS-00652-20-01,PAI-00652,Milestone 20-1,2025-10-15,,DELAYED,0
MS-00652-20-02,PAI-00652,Milestone 20-2,2025-09-11,2025-10-06,COMPLETED,25
MS-00652-24-01,PAI-00652,Milestone 24-1,2026-01-24,,DELAYED,0
MS-00652-24-02,PAI-00652,Milestone 24-2,2026-02-23,2026-03-17,COMPLETED,22
MS-00653-04-01,PAI-00653,Milestone 4-1,2024-06-07,,DELAYED,0
MS-00653-08-01,PAI-00653,Milestone 8-1,2024-10-23,2024-12-27,COMPLETED,65
MS-00653-08-02,PAI-00653,Milestone 8-2,2024-09-27,,DELAYED,0
MS-00653-12-01,PAI-00653,Milestone 12-1,2025-02-21,,DELAYED,0
MS-00653-12-02,PAI-00653,Milestone 12-2,2025-01-23,,DELAYED,0
MS-00653-16-01,PAI-00653,Milestone 16-1,2025-06-15,,DELAYED,0
MS-00653-16-02,PAI-00653,Milestone 16-2,2025-06-15,,DELAYED,0
MS-00653-20-01,PAI-00653,Milestone 20-1,2025-10-07,2025-11-25,COMPLETED,49
MS-00653-24-01,PAI-00653,Milestone 24-1,2026-01-29,2026-03-06,COMPLETED,36
MS-00653-24-02,PAI-00653,Milestone 24-2,2026-01-27,,DELAYED,0
MS-00654-04-01,PAI-00654,Milestone 4-1,2024-05-15,2024-06-17,COMPLETED,33
MS-00654-08-01,PAI-00654,Milestone 8-1,2024-09-29,2024-10-12,COMPLETED,13
MS-00654-08-02,PAI-00654,Milestone 8-2,2024-10-01,2024-10-01,COMPLETED,0
MS-00654-12-01,PAI-00654,Milestone 12-1,2025-03-07,2025-03-07,COMPLETED,0
MS-00654-16-01,PAI-00654,Milestone 16-1,2025-06-25,2025-07-10,COMPLETED,15
MS-00654-16-02,PAI-00654,Milestone 16-2,2025-06-30,2025-07-11,COMPLETED,11
MS-00654-20-01,PAI-00654,Milestone 20-1,2025-09-16,2025-09-21,COMPLETED,5
MS-00654-24-01,PAI-00654,Milestone 24-1,2026-03-04,2026-03-19,COMPLETED,15
MS-00654-24-02,PAI-00654,Milestone 24-2,2026-02-06,2026-02-25,COMPLETED,19
MS-00655-04-01,PAI-00655,Milestone 4-1,2024-06-15,2024-07-08,COMPLETED,23
MS-00655-08-01,PAI-00655,Milestone 8-1,2024-10-11,,DELAYED,0
MS-00655-08-02,PAI-00655,Milestone 8-2,2024-10-24,2024-10-28,COMPLETED,4
MS-00655-12-01,PAI-00655,Milestone 12-1,2025-01-31,2025-03-22,COMPLETED,50
MS-00655-16-01,PAI-00655,Milestone 16-1,2025-05-26,2025-06-04,COMPLETED,9
MS-00655-20-01,PAI-00655,Milestone 20-1,2025-10-11,2025-10-24,COMPLETED,13
MS-00655-24-01,PAI-00655,Milestone 24-1,2026-03-02,2026-04-05,COMPLETED,34
MS-00656-04-01,PAI-00656,Milestone 4-1,2024-05-30,2024-06-25,COMPLETED,26
MS-00656-08-01,PAI-00656,Milestone 8-1,2024-11-04,,DELAYED,0
MS-00656-12-01,PAI-00656,Milestone 12-1,2025-02-02,2025-02-02,COMPLETED,0
MS-00656-16-01,PAI-00656,Milestone 16-1,2025-07-01,2025-07-01,COMPLETED,0
MS-00656-16-02,PAI-00656,Milestone 16-2,2025-05-13,2025-06-10,COMPLETED,28
MS-00656-20-01,PAI-00656,Milestone 20-1,2025-10-08,2025-12-10,COMPLETED,63
MS-00656-20-02,PAI-00656,Milestone 20-2,2025-11-03,2025-11-04,COMPLETED,1
MS-00656-24-01,PAI-00656,Milestone 24-1,2026-02-06,,DELAYED,0
MS-00657-04-01,PAI-00657,Milestone 4-1,2024-05-21,,DELAYED,0
MS-00657-04-02,PAI-00657,Milestone 4-2,2024-07-01,,DELAYED,0
MS-00657-08-01,PAI-00657,Milestone 8-1,2024-09-22,2024-09-22,COMPLETED,0
MS-00657-12-01,PAI-00657,Milestone 12-1,2025-01-20,,DELAYED,0
MS-00657-16-01,PAI-00657,Milestone 16-1,2025-05-10,2025-05-24,COMPLETED,14
MS-00657-16-02,PAI-00657,Milestone 16-2,2025-06-16,2025-06-16,COMPLETED,0
MS-00657-20-01,PAI-00657,Milestone 20-1,2025-09-23,2025-09-29,COMPLETED,6
MS-00657-20-02,PAI-00657,Milestone 20-2,2025-10-22,2025-10-22,COMPLETED,0
MS-00657-24-01,PAI-00657,Milestone 24-1,2026-02-12,2026-03-09,COMPLETED,25
MS-00658-04-01,PAI-00658,Milestone 4-1,2024-05-16,2024-05-27,COMPLETED,11
MS-00658-04-02,PAI-00658,Milestone 4-2,2024-07-01,2024-07-01,COMPLETED,0
MS-00658-08-01,PAI-00658,Milestone 8-1,2024-11-01,2024-11-20,COMPLETED,19
MS-00658-08-02,PAI-00658,Milestone 8-2,2024-10-29,2024-11-01,COMPLETED,3
MS-00658-12-01,PAI-00658,Milestone 12-1,2025-03-20,2025-04-19,COMPLETED,30
MS-00658-16-01,PAI-00658,Milestone 16-1,2025-07-13,2025-08-13,COMPLETED,31
MS-00658-20-01,PAI-00658,Milestone 20-1,2025-11-08,2025-11-12,COMPLETED,4
MS-00658-20-02,PAI-00658,Milestone 20-2,2025-09-11,2025-09-11,COMPLETED,0
MS-00658-24-01,PAI-00658,Milestone 24-1,2026-02-07,2026-03-20,COMPLETED,41
MS-00658-24-02,PAI-00658,Milestone 24-2,2026-03-17,2026-03-23,COMPLETED,6
MS-00659-04-01,PAI-00659,Milestone 4-1,2024-07-16,2024-07-16,COMPLETED,0
MS-00659-04-02,PAI-00659,Milestone 4-2,2024-06-26,2024-07-08,COMPLETED,12
MS-00659-08-01,PAI-00659,Milestone 8-1,2024-11-16,,DELAYED,0
MS-00659-12-01,PAI-00659,Milestone 12-1,2025-03-08,,DELAYED,0
MS-00659-16-01,PAI-00659,Milestone 16-1,2025-07-04,2025-08-21,COMPLETED,48
MS-00659-16-02,PAI-00659,Milestone 16-2,2025-06-16,2025-07-02,COMPLETED,16
MS-00659-20-01,PAI-00659,Milestone 20-1,2025-09-12,,DELAYED,0
MS-00659-20-02,PAI-00659,Milestone 20-2,2025-10-02,2025-10-03,COMPLETED,1
MS-00659-24-01,PAI-00659,Milestone 24-1,2026-01-15,,DELAYED,0
MS-00659-24-02,PAI-00659,Milestone 24-2,2026-03-11,2026-03-25,COMPLETED,14
MS-00660-04-01,PAI-00660,Milestone 4-1,2024-07-03,2024-08-11,COMPLETED,39
MS-00660-08-01,PAI-00660,Milestone 8-1,2024-09-18,2024-10-10,COMPLETED,22
MS-00660-08-02,PAI-00660,Milestone 8-2,2024-11-12,2024-11-14,COMPLETED,2
MS-00660-12-01,PAI-00660,Milestone 12-1,2025-02-12,2025-02-12,COMPLETED,0
MS-00660-12-02,PAI-00660,Milestone 12-2,2025-02-11,2025-02-24,COMPLETED,13
MS-00660-16-01,PAI-00660,Milestone 16-1,2025-06-27,,DELAYED,0
MS-00660-16-02,PAI-00660,Milestone 16-2,2025-06-27,2025-06-27,COMPLETED,0
MS-00660-20-01,PAI-00660,Milestone 20-1,2025-11-02,2025-11-02,COMPLETED,0
MS-00660-24-01,PAI-00660,Milestone 24-1,2026-01-28,,DELAYED,0
MS-00660-24-02,PAI-00660,Milestone 24-2,2026-02-22,2026-02-22,COMPLETED,0
MS-00661-04-01,PAI-00661,Milestone 4-1,2024-07-01,,DELAYED,0
MS-00661-04-02,PAI-00661,Milestone 4-2,2024-05-28,2024-07-02,COMPLETED,35
MS-00661-08-01,PAI-00661,Milestone 8-1,2024-09-16,2024-11-05,COMPLETED,50
MS-00661-12-01,PAI-00661,Milestone 12-1,2025-02-09,2025-03-28,COMPLETED,47
MS-00661-16-01,PAI-00661,Milestone 16-1,2025-06-16,,DELAYED,0
MS-00661-16-02,PAI-00661,Milestone 16-2,2025-06-28,,DELAYED,0
MS-00661-20-01,PAI-00661,Milestone 20-1,2025-10-06,2025-11-25,COMPLETED,50
MS-00661-20-02,PAI-00661,Milestone 20-2,2025-11-12,,DELAYED,0
MS-00661-24-01,PAI-00661,Milestone 24-1,2026-02-10,2026-03-26,COMPLETED,44
MS-00661-24-02,PAI-00661,Milestone 24-2,2026-02-05,,DELAYED,0
MS-00662-04-01,PAI-00662,Milestone 4-1,2024-06-08,2024-07-21,COMPLETED,43
MS-00662-08-01,PAI-00662,Milestone 8-1,2024-10-01,2024-10-14,COMPLETED,13
MS-00662-08-02,PAI-00662,Milestone 8-2,2024-09-18,2024-10-06,COMPLETED,18
MS-00662-12-01,PAI-00662,Milestone 12-1,2025-01-14,,DELAYED,0
MS-00662-16-01,PAI-00662,Milestone 16-1,2025-05-19,2025-06-07,COMPLETED,19
MS-00662-20-01,PAI-00662,Milestone 20-1,2025-11-09,,DELAYED,0
MS-00662-20-02,PAI-00662,Milestone 20-2,2025-09-24,2025-09-24,COMPLETED,0
MS-00662-24-01,PAI-00662,Milestone 24-1,2026-01-19,,DELAYED,0
MS-00662-24-02,PAI-00662,Milestone 24-2,2026-02-27,2026-03-05,COMPLETED,6
MS-00663-04-01,PAI-00663,Milestone 4-1,2024-07-18,,DELAYED,0
MS-00663-04-02,PAI-00663,Milestone 4-2,2024-05-30,2024-06-18,COMPLETED,19
MS-00663-08-01,PAI-00663,Milestone 8-1,2024-11-13,2024-12-03,COMPLETED,20
MS-00663-08-02,PAI-00663,Milestone 8-2,2024-10-19,2024-11-25,COMPLETED,37
MS-00663-12-01,PAI-00663,Milestone 12-1,2025-03-15,,DELAYED,0
MS-00663-16-01,PAI-00663,Milestone 16-1,2025-06-16,2025-06-16,COMPLETED,0
MS-00663-16-02,PAI-00663,Milestone 16-2,2025-07-03,,DELAYED,0
MS-00663-20-01,PAI-00663,Milestone 20-1,2025-10-13,,DELAYED,0
MS-00663-24-01,PAI-00663,Milestone 24-1,2026-02-16,2026-02-16,COMPLETED,0
MS-00663-24-02,PAI-00663,Milestone 24-2,2026-02-16,2026-03-02,COMPLETED,14
MS-00664-04-01,PAI-00664,Milestone 4-1,2024-06-14,2024-07-07,COMPLETED,23
MS-00664-08-01,PAI-00664,Milestone 8-1,2024-09-13,2024-09-14,COMPLETED,1
MS-00664-08-02,PAI-00664,Milestone 8-2,2024-11-07,2024-11-07,COMPLETED,0
MS-00664-12-01,PAI-00664,Milestone 12-1,2025-02-14,2025-02-14,COMPLETED,0
MS-00664-16-01,PAI-00664,Milestone 16-1,2025-06-29,,DELAYED,0
MS-00664-16-02,PAI-00664,Milestone 16-2,2025-06-08,2025-06-29,COMPLETED,21
MS-00664-20-01,PAI-00664,Milestone 20-1,2025-10-22,,DELAYED,0
MS-00664-20-02,PAI-00664,Milestone 20-2,2025-10-04,2025-11-27,COMPLETED,54
MS-00664-24-01,PAI-00664,Milestone 24-1,2026-03-16,,DELAYED,0
MS-00664-24-02,PAI-00664,Milestone 24-2,2026-01-29,2026-03-02,COMPLETED,32
MS-00665-04-01,PAI-00665,Milestone 4-1,2024-07-03,2024-08-28,COMPLETED,56
MS-00665-04-02,PAI-00665,Milestone 4-2,2024-07-02,2024-07-13,COMPLETED,11
MS-00665-08-01,PAI-00665,Milestone 8-1,2024-11-05,,DELAYED,0
MS-00665-08-02,PAI-00665,Milestone 8-2,2024-09-17,,DELAYED,0
MS-00665-12-01,PAI-00665,Milestone 12-1,2025-02-24,,DELAYED,0
MS-00665-12-02,PAI-00665,Milestone 12-2,2025-02-02,2025-02-02,COMPLETED,0
MS-00665-16-01,PAI-00665,Milestone 16-1,2025-06-13,,DELAYED,0
MS-00665-16-02,PAI-00665,Milestone 16-2,2025-07-09,2025-08-03,COMPLETED,25
MS-00665-20-01,PAI-00665,Milestone 20-1,2025-11-07,2025-12-22,COMPLETED,45
MS-00665-24-01,PAI-00665,Milestone 24-1,2026-01-20,,DELAYED,0
MS-00666-04-01,PAI-00666,Milestone 4-1,2024-06-24,2024-07-26,COMPLETED,32
MS-00666-08-01,PAI-00666,Milestone 8-1,2024-11-17,2024-12-09,COMPLETED,22
MS-00666-08-02,PAI-00666,Milestone 8-2,2024-10-18,2024-11-18,COMPLETED,31
MS-00666-12-01,PAI-00666,Milestone 12-1,2025-03-05,,DELAYED,0
MS-00666-12-02,PAI-00666,Milestone 12-2,2025-01-28,2025-03-27,COMPLETED,58
MS-00666-16-01,PAI-00666,Milestone 16-1,2025-05-29,2025-06-28,COMPLETED,30
MS-00666-20-01,PAI-00666,Milestone 20-1,2025-10-15,2025-11-18,COMPLETED,34
MS-00666-24-01,PAI-00666,Milestone 24-1,2026-02-17,2026-04-06,COMPLETED,48
MS-00666-24-02,PAI-00666,Milestone 24-2,2026-02-21,,DELAYED,0
MS-00667-04-01,PAI-00667,Milestone 4-1,2024-07-17,,DELAYED,0
MS-00667-04-02,PAI-00667,Milestone 4-2,2024-07-16,,DELAYED,0
MS-00667-08-01,PAI-00667,Milestone 8-1,2024-11-11,2024-12-01,COMPLETED,20
MS-00667-12-01,PAI-00667,Milestone 12-1,2025-03-18,2025-03-31,COMPLETED,13
MS-00667-16-01,PAI-00667,Milestone 16-1,2025-06-27,2025-06-27,COMPLETED,0
MS-00667-16-02,PAI-00667,Milestone 16-2,2025-06-07,2025-06-07,COMPLETED,0
MS-00667-20-01,PAI-00667,Milestone 20-1,2025-11-15,2025-12-09,COMPLETED,24
MS-00667-24-01,PAI-00667,Milestone 24-1,2026-02-07,2026-03-19,COMPLETED,40
MS-00667-24-02,PAI-00667,Milestone 24-2,2026-01-17,2026-01-26,COMPLETED,9
MS-00668-04-01,PAI-00668,Milestone 4-1,2024-05-16,2024-05-16,COMPLETED,0
MS-00668-08-01,PAI-00668,Milestone 8-1,2024-10-19,,DELAYED,0
MS-00668-08-02,PAI-00668,Milestone 8-2,2024-11-11,2024-12-08,COMPLETED,27
MS-00668-12-01,PAI-00668,Milestone 12-1,2025-01-13,,DELAYED,0
MS-00668-12-02,PAI-00668,Milestone 12-2,2025-02-28,2025-03-15,COMPLETED,15
MS-00668-16-01,PAI-00668,Milestone 16-1,2025-07-06,2025-08-09,COMPLETED,34
MS-00668-20-01,PAI-00668,Milestone 20-1,2025-10-22,2025-12-27,COMPLETED,66
MS-00668-20-02,PAI-00668,Milestone 20-2,2025-11-01,,DELAYED,0
MS-00668-24-01,PAI-00668,Milestone 24-1,2026-01-13,,DELAYED,0
MS-00669-04-01,PAI-00669,Milestone 4-1,2024-05-29,2024-06-25,COMPLETED,27
MS-00669-08-01,PAI-00669,Milestone 8-1,2024-11-02,,DELAYED,0
MS-00669-12-01,PAI-00669,Milestone 12-1,2025-01-28,2025-02-20,COMPLETED,23
MS-00669-16-01,PAI-00669,Milestone 16-1,2025-05-14,2025-05-29,COMPLETED,15
MS-00669-16-02,PAI-00669,Milestone 16-2,2025-06-19,2025-08-06,COMPLETED,48
MS-00669-20-01,PAI-00669,Milestone 20-1,2025-10-11,,DELAYED,0
MS-00669-20-02,PAI-00669,Milestone 20-2,2025-09-12,2025-09-18,COMPLETED,6
MS-00669-24-01,PAI-00669,Milestone 24-1,2026-01-16,,DELAYED,0
MS-00669-24-02,PAI-00669,Milestone 24-2,2026-01-24,2026-02-06,COMPLETED,13
MS-00670-04-01,PAI-00670,Milestone 4-1,2024-05-15,,DELAYED,0
MS-00670-04-02,PAI-00670,Milestone 4-2,2024-05-11,,DELAYED,0
MS-00670-08-01,PAI-00670,Milestone 8-1,2024-11-14,2024-12-07,COMPLETED,23
MS-00670-08-02,PAI-00670,Milestone 8-2,2024-11-02,,DELAYED,0
MS-00670-12-01,PAI-00670,Milestone 12-1,2025-03-18,2025-04-03,COMPLETED,16
MS-00670-16-01,PAI-00670,Milestone 16-1,2025-06-28,2025-08-17,COMPLETED,50
MS-00670-16-02,PAI-00670,Milestone 16-2,2025-07-08,2025-08-13,COMPLETED,36
MS-00670-20-01,PAI-00670,Milestone 20-1,2025-09-25,2025-10-08,COMPLETED,13
MS-00670-24-01,PAI-00670,Milestone 24-1,2026-01-19,2026-02-13,COMPLETED,25
MS-00670-24-02,PAI-00670,Milestone 24-2,2026-01-11,,DELAYED,0
MS-00671-04-01,PAI-00671,Milestone 4-1,2024-07-18,2024-08-04,COMPLETED,17
MS-00671-08-01,PAI-00671,Milestone 8-1,2024-10-15,,DELAYED,0
MS-00671-08-02,PAI-00671,Milestone 8-2,2024-09-25,,DELAYED,0
MS-00671-12-01,PAI-00671,Milestone 12-1,2025-01-25,2025-01-25,COMPLETED,0
MS-00671-16-01,PAI-00671,Milestone 16-1,2025-06-26,2025-06-26,COMPLETED,0
MS-00671-20-01,PAI-00671,Milestone 20-1,2025-11-10,,DELAYED,0
MS-00671-20-02,PAI-00671,Milestone 20-2,2025-09-23,,DELAYED,0
MS-00671-24-01,PAI-00671,Milestone 24-1,2026-02-18,2026-02-18,COMPLETED,0
MS-00672-04-01,PAI-00672,Milestone 4-1,2024-06-05,2024-06-10,COMPLETED,5
MS-00672-04-02,PAI-00672,Milestone 4-2,2024-07-17,2024-08-11,COMPLETED,25
MS-00672-08-01,PAI-00672,Milestone 8-1,2024-10-14,2024-11-22,COMPLETED,39
MS-00672-12-01,PAI-00672,Milestone 12-1,2025-01-10,2025-02-05,COMPLETED,26
MS-00672-12-02,PAI-00672,Milestone 12-2,2025-03-09,2025-03-31,COMPLETED,22
MS-00672-16-01,PAI-00672,Milestone 16-1,2025-06-03,2025-07-10,COMPLETED,37
MS-00672-20-01,PAI-00672,Milestone 20-1,2025-10-02,2025-11-07,COMPLETED,36
MS-00672-24-01,PAI-00672,Milestone 24-1,2026-03-20,,DELAYED,0
MS-00672-24-02,PAI-00672,Milestone 24-2,2026-02-06,,DELAYED,0
MS-00673-04-01,PAI-00673,Milestone 4-1,2024-07-01,,DELAYED,0
MS-00673-08-01,PAI-00673,Milestone 8-1,2024-10-03,2024-10-03,COMPLETED,0
MS-00673-12-01,PAI-00673,Milestone 12-1,2025-02-09,2025-03-14,COMPLETED,33
MS-00673-16-01,PAI-00673,Milestone 16-1,2025-06-22,2025-07-08,COMPLETED,16
MS-00673-20-01,PAI-00673,Milestone 20-1,2025-09-18,,DELAYED,0
MS-00673-24-01,PAI-00673,Milestone 24-1,2026-01-27,2026-02-19,COMPLETED,23
MS-00673-24-02,PAI-00673,Milestone 24-2,2026-02-07,2026-04-01,COMPLETED,53
MS-00674-04-01,PAI-00674,Milestone 4-1,2024-06-12,2024-06-16,COMPLETED,4
MS-00674-08-01,PAI-00674,Milestone 8-1,2024-10-05,,DELAYED,0
MS-00674-12-01,PAI-00674,Milestone 12-1,2025-02-15,,DELAYED,0
MS-00674-12-02,PAI-00674,Milestone 12-2,2025-03-05,2025-03-28,COMPLETED,23
MS-00674-16-01,PAI-00674,Milestone 16-1,2025-05-31,2025-05-31,COMPLETED,0
MS-00674-20-01,PAI-00674,Milestone 20-1,2025-11-17,2025-12-10,COMPLETED,23
MS-00674-20-02,PAI-00674,Milestone 20-2,2025-10-22,2025-10-22,COMPLETED,0
MS-00674-24-01,PAI-00674,Milestone 24-1,2026-03-04,2026-04-10,COMPLETED,37
MS-00675-04-01,PAI-00675,Milestone 4-1,2024-06-25,,DELAYED,0
MS-00675-04-02,PAI-00675,Milestone 4-2,2024-06-19,,DELAYED,0
MS-00675-08-01,PAI-00675,Milestone 8-1,2024-10-28,,DELAYED,0
MS-00675-08-02,PAI-00675,Milestone 8-2,2024-11-01,2024-12-26,COMPLETED,55
MS-00675-12-01,PAI-00675,Milestone 12-1,2025-01-23,,DELAYED,0
MS-00675-16-01,PAI-00675,Milestone 16-1,2025-06-25,,DELAYED,0
MS-00675-20-01,PAI-00675,Milestone 20-1,2025-11-11,2025-12-20,COMPLETED,39
MS-00675-24-01,PAI-00675,Milestone 24-1,2026-01-28,,DELAYED,0
MS-00676-04-01,PAI-00676,Milestone 4-1,2024-05-31,2024-06-06,COMPLETED,6
MS-00676-08-01,PAI-00676,Milestone 8-1,2024-10-11,2024-10-11,COMPLETED,0
MS-00676-12-01,PAI-00676,Milestone 12-1,2025-02-01,,DELAYED,0
MS-00676-12-02,PAI-00676,Milestone 12-2,2025-02-18,,DELAYED,0
MS-00676-16-01,PAI-00676,Milestone 16-1,2025-06-03,2025-06-18,COMPLETED,15
MS-00676-20-01,PAI-00676,Milestone 20-1,2025-09-20,2025-09-20,COMPLETED,0
MS-00676-20-02,PAI-00676,Milestone 20-2,2025-10-27,,DELAYED,0
MS-00676-24-01,PAI-00676,Milestone 24-1,2026-01-12,2026-01-24,COMPLETED,12
MS-00677-04-01,PAI-00677,Milestone 4-1,2024-05-27,2024-07-16,COMPLETED,50
MS-00677-08-01,PAI-00677,Milestone 8-1,2024-09-22,2024-11-01,COMPLETED,40
MS-00677-08-02,PAI-00677,Milestone 8-2,2024-10-06,2024-10-24,COMPLETED,18
MS-00677-12-01,PAI-00677,Milestone 12-1,2025-03-05,,DELAYED,0
MS-00677-16-01,PAI-00677,Milestone 16-1,2025-06-21,,DELAYED,0
MS-00677-20-01,PAI-00677,Milestone 20-1,2025-10-20,2025-10-29,COMPLETED,9
MS-00677-20-02,PAI-00677,Milestone 20-2,2025-10-04,2025-10-29,COMPLETED,25
MS-00677-24-01,PAI-00677,Milestone 24-1,2026-01-12,2026-02-11,COMPLETED,30
MS-00678-04-01,PAI-00678,Milestone 4-1,2024-07-10,2024-07-10,COMPLETED,0
MS-00678-04-02,PAI-00678,Milestone 4-2,2024-06-22,,DELAYED,0
MS-00678-08-01,PAI-00678,Milestone 8-1,2024-10-05,2024-10-12,COMPLETED,7
MS-00678-08-02,PAI-00678,Milestone 8-2,2024-11-07,2024-11-07,COMPLETED,0
MS-00678-12-01,PAI-00678,Milestone 12-1,2025-01-26,2025-01-26,COMPLETED,0
MS-00678-16-01,PAI-00678,Milestone 16-1,2025-05-21,2025-06-05,COMPLETED,15
MS-00678-20-01,PAI-00678,Milestone 20-1,2025-10-21,2025-10-29,COMPLETED,8
MS-00678-20-02,PAI-00678,Milestone 20-2,2025-10-20,,DELAYED,0
MS-00678-24-01,PAI-00678,Milestone 24-1,2026-02-06,2026-02-06,COMPLETED,0
MS-00679-04-01,PAI-00679,Milestone 4-1,2024-07-08,2024-07-08,COMPLETED,0
MS-00679-08-01,PAI-00679,Milestone 8-1,2024-11-10,2024-12-04,COMPLETED,24
MS-00679-12-01,PAI-00679,Milestone 12-1,2025-03-03,,DELAYED,0
MS-00679-12-02,PAI-00679,Milestone 12-2,2025-03-02,2025-04-03,COMPLETED,32
MS-00679-16-01,PAI-00679,Milestone 16-1,2025-06-07,2025-07-20,COMPLETED,43
MS-00679-16-02,PAI-00679,Milestone 16-2,2025-06-09,2025-06-09,COMPLETED,0
MS-00679-20-01,PAI-00679,Milestone 20-1,2025-09-24,2025-09-24,COMPLETED,0
MS-00679-24-01,PAI-00679,Milestone 24-1,2026-01-17,2026-01-17,COMPLETED,0
MS-00680-04-01,PAI-00680,Milestone 4-1,2024-05-21,2024-05-21,COMPLETED,0
MS-00680-04-02,PAI-00680,Milestone 4-2,2024-05-18,2024-05-18,COMPLETED,0
MS-00680-08-01,PAI-00680,Milestone 8-1,2024-09-11,,DELAYED,0
MS-00680-12-01,PAI-00680,Milestone 12-1,2025-03-11,2025-03-11,COMPLETED,0
MS-00680-12-02,PAI-00680,Milestone 12-2,2025-02-12,2025-03-24,COMPLETED,40
MS-00680-16-01,PAI-00680,Milestone 16-1,2025-06-11,2025-06-11,COMPLETED,0
MS-00680-20-01,PAI-00680,Milestone 20-1,2025-11-15,2025-12-16,COMPLETED,31
MS-00680-24-01,PAI-00680,Milestone 24-1,2026-01-17,2026-03-07,COMPLETED,49
MS-00680-24-02,PAI-00680,Milestone 24-2,2026-02-17,2026-03-04,COMPLETED,15
MS-00681-04-01,PAI-00681,Milestone 4-1,2024-06-06,2024-07-20,COMPLETED,44
MS-00681-08-01,PAI-00681,Milestone 8-1,2024-09-23,2024-10-17,COMPLETED,24
MS-00681-12-01,PAI-00681,Milestone 12-1,2025-02-19,,DELAYED,0
MS-00681-12-02,PAI-00681,Milestone 12-2,2025-02-15,,DELAYED,0
MS-00681-16-01,PAI-00681,Milestone 16-1,2025-07-07,,DELAYED,0
MS-00681-20-01,PAI-00681,Milestone 20-1,2025-09-14,2025-09-14,COMPLETED,0
MS-00681-20-02,PAI-00681,Milestone 20-2,2025-10-02,2025-11-22,COMPLETED,51
MS-00681-24-01,PAI-00681,Milestone 24-1,2026-02-28,2026-04-16,COMPLETED,47
MS-00682-04-01,PAI-00682,Milestone 4-1,2024-07-16,2024-08-08,COMPLETED,23
MS-00682-04-02,PAI-00682,Milestone 4-2,2024-05-23,2024-06-19,COMPLETED,27
MS-00682-08-01,PAI-00682,Milestone 8-1,2024-11-04,,DELAYED,0
MS-00682-12-01,PAI-00682,Milestone 12-1,2025-02-11,,DELAYED,0
MS-00682-16-01,PAI-00682,Milestone 16-1,2025-06-15,,DELAYED,0
MS-00682-16-02,PAI-00682,Milestone 16-2,2025-07-05,2025-07-31,COMPLETED,26
MS-00682-20-01,PAI-00682,Milestone 20-1,2025-10-19,2025-11-19,COMPLETED,31
MS-00682-24-01,PAI-00682,Milestone 24-1,2026-01-30,,DELAYED,0
MS-00683-04-01,PAI-00683,Milestone 4-1,2024-07-18,2024-08-19,COMPLETED,32
MS-00683-08-01,PAI-00683,Milestone 8-1,2024-10-25,2024-11-01,COMPLETED,7
MS-00683-12-01,PAI-00683,Milestone 12-1,2025-02-05,2025-02-21,COMPLETED,16
MS-00683-12-02,PAI-00683,Milestone 12-2,2025-02-20,2025-03-09,COMPLETED,17
MS-00683-16-01,PAI-00683,Milestone 16-1,2025-06-06,,DELAYED,0
MS-00683-16-02,PAI-00683,Milestone 16-2,2025-05-17,2025-05-23,COMPLETED,6
MS-00683-20-01,PAI-00683,Milestone 20-1,2025-09-16,,DELAYED,0
MS-00683-24-01,PAI-00683,Milestone 24-1,2026-01-30,2026-02-14,COMPLETED,15
MS-00683-24-02,PAI-00683,Milestone 24-2,2026-01-23,2026-02-14,COMPLETED,22
MS-00684-04-01,PAI-00684,Milestone 4-1,2024-06-09,,DELAYED,0
MS-00684-04-02,PAI-00684,Milestone 4-2,2024-07-05,2024-08-06,COMPLETED,32
MS-00684-08-01,PAI-00684,Milestone 8-1,2024-11-14,2024-12-25,COMPLETED,41
MS-00684-12-01,PAI-00684,Milestone 12-1,2025-01-26,2025-03-14,COMPLETED,47
MS-00684-16-01,PAI-00684,Milestone 16-1,2025-05-17,2025-07-07,COMPLETED,51
MS-00684-16-02,PAI-00684,Milestone 16-2,2025-07-03,2025-07-27,COMPLETED,24
MS-00684-20-01,PAI-00684,Milestone 20-1,2025-09-16,2025-10-25,COMPLETED,39
MS-00684-20-02,PAI-00684,Milestone 20-2,2025-09-10,2025-12-07,COMPLETED,88
MS-00684-24-01,PAI-00684,Milestone 24-1,2026-03-18,,DELAYED,0
MS-00684-24-02,PAI-00684,Milestone 24-2,2026-03-08,,DELAYED,0
MS-00685-04-01,PAI-00685,Milestone 4-1,2024-06-16,2024-07-20,COMPLETED,34
MS-00685-04-02,PAI-00685,Milestone 4-2,2024-07-01,,DELAYED,0
MS-00685-08-01,PAI-00685,Milestone 8-1,2024-10-15,2024-11-19,COMPLETED,35
MS-00685-08-02,PAI-00685,Milestone 8-2,2024-10-24,2024-12-08,COMPLETED,45
MS-00685-12-01,PAI-00685,Milestone 12-1,2025-01-20,2025-01-20,COMPLETED,0
MS-00685-12-02,PAI-00685,Milestone 12-2,2025-01-14,,DELAYED,0
MS-00685-16-01,PAI-00685,Milestone 16-1,2025-05-23,,DELAYED,0
MS-00685-20-01,PAI-00685,Milestone 20-1,2025-09-21,,DELAYED,0
MS-00685-20-02,PAI-00685,Milestone 20-2,2025-10-10,2025-11-16,COMPLETED,37
MS-00685-24-01,PAI-00685,Milestone 24-1,2026-01-17,,DELAYED,0
MS-00686-04-01,PAI-00686,Milestone 4-1,2024-05-30,,DELAYED,0
MS-00686-04-02,PAI-00686,Milestone 4-2,2024-06-20,2024-07-09,COMPLETED,19
MS-00686-08-01,PAI-00686,Milestone 8-1,2024-09-29,2024-09-30,COMPLETED,1
MS-00686-12-01,PAI-00686,Milestone 12-1,2025-02-06,2025-02-18,COMPLETED,12
MS-00686-16-01,PAI-00686,Milestone 16-1,2025-06-08,2025-06-08,COMPLETED,0
MS-00686-16-02,PAI-00686,Milestone 16-2,2025-05-17,2025-06-06,COMPLETED,20
MS-00686-20-01,PAI-00686,Milestone 20-1,2025-10-17,2025-10-24,COMPLETED,7
MS-00686-24-01,PAI-00686,Milestone 24-1,2026-01-31,2026-03-10,COMPLETED,38
MS-00686-24-02,PAI-00686,Milestone 24-2,2026-03-12,2026-05-06,COMPLETED,55
MS-00687-04-01,PAI-00687,Milestone 4-1,2024-06-28,2024-06-29,COMPLETED,1
MS-00687-08-01,PAI-00687,Milestone 8-1,2024-10-24,,DELAYED,0
MS-00687-08-02,PAI-00687,Milestone 8-2,2024-10-22,,DELAYED,0
MS-00687-12-01,PAI-00687,Milestone 12-1,2025-02-01,,DELAYED,0
MS-00687-16-01,PAI-00687,Milestone 16-1,2025-05-24,,DELAYED,0
MS-00687-20-01,PAI-00687,Milestone 20-1,2025-09-12,2025-10-08,COMPLETED,26
MS-00687-20-02,PAI-00687,Milestone 20-2,2025-11-07,,DELAYED,0
MS-00687-24-01,PAI-00687,Milestone 24-1,2026-02-24,,DELAYED,0
MS-00688-04-01,PAI-00688,Milestone 4-1,2024-06-22,2024-08-13,COMPLETED,52
MS-00688-04-02,PAI-00688,Milestone 4-2,2024-06-20,2024-07-31,COMPLETED,41
MS-00688-08-01,PAI-00688,Milestone 8-1,2024-09-15,2024-10-25,COMPLETED,40
MS-00688-08-02,PAI-00688,Milestone 8-2,2024-09-26,2024-10-19,COMPLETED,23
MS-00688-12-01,PAI-00688,Milestone 12-1,2025-03-06,2025-04-05,COMPLETED,30
MS-00688-16-01,PAI-00688,Milestone 16-1,2025-07-17,,DELAYED,0
MS-00688-16-02,PAI-00688,Milestone 16-2,2025-07-15,2025-08-15,COMPLETED,31
MS-00688-20-01,PAI-00688,Milestone 20-1,2025-11-17,,DELAYED,0
MS-00688-20-02,PAI-00688,Milestone 20-2,2025-10-20,2025-10-22,COMPLETED,2
MS-00688-24-01,PAI-00688,Milestone 24-1,2026-03-04,,DELAYED,0
MS-00688-24-02,PAI-00688,Milestone 24-2,2026-01-16,2026-03-03,COMPLETED,46
MS-00689-04-01,PAI-00689,Milestone 4-1,2024-05-30,2024-06-15,COMPLETED,16
MS-00689-04-02,PAI-00689,Milestone 4-2,2024-05-24,2024-05-24,COMPLETED,0
MS-00689-08-01,PAI-00689,Milestone 8-1,2024-10-28,,DELAYED,0
MS-00689-08-02,PAI-00689,Milestone 8-2,2024-11-03,2024-11-06,COMPLETED,3
MS-00689-12-01,PAI-00689,Milestone 12-1,2025-03-08,,DELAYED,0
MS-00689-12-02,PAI-00689,Milestone 12-2,2025-02-15,,DELAYED,0
MS-00689-16-01,PAI-00689,Milestone 16-1,2025-05-20,,DELAYED,0
MS-00689-20-01,PAI-00689,Milestone 20-1,2025-10-28,2025-11-19,COMPLETED,22
MS-00689-20-02,PAI-00689,Milestone 20-2,2025-09-12,2025-09-12,COMPLETED,0
MS-00689-24-01,PAI-00689,Milestone 24-1,2026-02-01,,DELAYED,0
MS-00690-04-01,PAI-00690,Milestone 4-1,2024-07-08,,DELAYED,0
MS-00690-04-02,PAI-00690,Milestone 4-2,2024-06-13,,DELAYED,0
MS-00690-08-01,PAI-00690,Milestone 8-1,2024-10-04,2024-11-03,COMPLETED,30
MS-00690-12-01,PAI-00690,Milestone 12-1,2025-01-26,2025-02-09,COMPLETED,14
MS-00690-16-01,PAI-00690,Milestone 16-1,2025-06-23,2025-07-17,COMPLETED,24
MS-00690-20-01,PAI-00690,Milestone 20-1,2025-10-21,2025-10-21,COMPLETED,0
MS-00690-20-02,PAI-00690,Milestone 20-2,2025-11-03,,DELAYED,0
MS-00690-24-01,PAI-00690,Milestone 24-1,2026-02-17,2026-03-15,COMPLETED,26
MS-00691-04-01,PAI-00691,Milestone 4-1,2024-06-05,2024-06-25,COMPLETED,20
MS-00691-08-01,PAI-00691,Milestone 8-1,2024-09-24,,DELAYED,0
MS-00691-12-01,PAI-00691,Milestone 12-1,2025-03-02,2025-03-02,COMPLETED,0
MS-00691-16-01,PAI-00691,Milestone 16-1,2025-07-14,2025-08-04,COMPLETED,21
MS-00691-20-01,PAI-00691,Milestone 20-1,2025-10-18,,DELAYED,0
MS-00691-24-01,PAI-00691,Milestone 24-1,2026-01-13,,DELAYED,0
MS-00692-04-01,PAI-00692,Milestone 4-1,2024-05-28,2024-07-26,COMPLETED,59
MS-00692-08-01,PAI-00692,Milestone 8-1,2024-11-12,2024-12-25,COMPLETED,43
MS-00692-08-02,PAI-00692,Milestone 8-2,2024-10-29,,DELAYED,0
MS-00692-12-01,PAI-00692,Milestone 12-1,2025-01-27,,DELAYED,0
MS-00692-12-02,PAI-00692,Milestone 12-2,2025-03-16,,DELAYED,0
MS-00692-16-01,PAI-00692,Milestone 16-1,2025-05-15,2025-07-19,COMPLETED,65
MS-00692-16-02,PAI-00692,Milestone 16-2,2025-06-13,2025-08-11,COMPLETED,59
MS-00692-20-01,PAI-00692,Milestone 20-1,2025-10-10,2025-10-16,COMPLETED,6
MS-00692-24-01,PAI-00692,Milestone 24-1,2026-02-09,2026-05-16,COMPLETED,96
MS-00692-24-02,PAI-00692,Milestone 24-2,2026-01-18,,DELAYED,0
MS-00693-04-01,PAI-00693,Milestone 4-1,2024-06-27,2024-06-27,COMPLETED,0
MS-00693-08-01,PAI-00693,Milestone 8-1,2024-11-15,2024-12-02,COMPLETED,17
MS-00693-08-02,PAI-00693,Milestone 8-2,2024-11-16,2024-11-16,COMPLETED,0
MS-00693-12-01,PAI-00693,Milestone 12-1,2025-02-27,2025-04-16,COMPLETED,48
MS-00693-16-01,PAI-00693,Milestone 16-1,2025-05-15,2025-05-28,COMPLETED,13
MS-00693-16-02,PAI-00693,Milestone 16-2,2025-05-31,2025-06-15,COMPLETED,15
MS-00693-20-01,PAI-00693,Milestone 20-1,2025-10-13,2025-10-13,COMPLETED,0
MS-00693-24-01,PAI-00693,Milestone 24-1,2026-03-18,,DELAYED,0
MS-00694-04-01,PAI-00694,Milestone 4-1,2024-07-17,,DELAYED,0
MS-00694-04-02,PAI-00694,Milestone 4-2,2024-07-02,2024-08-03,COMPLETED,32
MS-00694-08-01,PAI-00694,Milestone 8-1,2024-10-27,,DELAYED,0
MS-00694-08-02,PAI-00694,Milestone 8-2,2024-10-10,2024-11-19,COMPLETED,40
MS-00694-12-01,PAI-00694,Milestone 12-1,2025-01-11,,DELAYED,0
MS-00694-16-01,PAI-00694,Milestone 16-1,2025-05-30,2025-05-30,COMPLETED,0
MS-00694-20-01,PAI-00694,Milestone 20-1,2025-09-19,2025-10-25,COMPLETED,36
MS-00694-20-02,PAI-00694,Milestone 20-2,2025-09-17,2025-10-06,COMPLETED,19
MS-00694-24-01,PAI-00694,Milestone 24-1,2026-02-02,,DELAYED,0
MS-00694-24-02,PAI-00694,Milestone 24-2,2026-03-14,2026-04-05,COMPLETED,22
MS-00695-04-01,PAI-00695,Milestone 4-1,2024-06-26,,DELAYED,0
MS-00695-08-01,PAI-00695,Milestone 8-1,2024-11-14,2024-11-20,COMPLETED,6
MS-00695-12-01,PAI-00695,Milestone 12-1,2025-01-19,,DELAYED,0
MS-00695-16-01,PAI-00695,Milestone 16-1,2025-06-27,2025-07-23,COMPLETED,26
MS-00695-20-01,PAI-00695,Milestone 20-1,2025-11-15,,DELAYED,0
MS-00695-24-01,PAI-00695,Milestone 24-1,2026-01-20,2026-03-07,COMPLETED,46
MS-00696-04-01,PAI-00696,Milestone 4-1,2024-07-03,2024-08-09,COMPLETED,37
MS-00696-04-02,PAI-00696,Milestone 4-2,2024-05-29,2024-06-14,COMPLETED,16
MS-00696-08-01,PAI-00696,Milestone 8-1,2024-10-18,2024-10-18,COMPLETED,0
MS-00696-12-01,PAI-00696,Milestone 12-1,2025-01-28,2025-02-15,COMPLETED,18
MS-00696-12-02,PAI-00696,Milestone 12-2,2025-02-07,2025-02-28,COMPLETED,21
MS-00696-16-01,PAI-00696,Milestone 16-1,2025-06-23,2025-07-09,COMPLETED,16
MS-00696-20-01,PAI-00696,Milestone 20-1,2025-10-18,2025-10-18,COMPLETED,0
MS-00696-20-02,PAI-00696,Milestone 20-2,2025-09-29,,DELAYED,0
MS-00696-24-01,PAI-00696,Milestone 24-1,2026-02-25,2026-03-09,COMPLETED,12
MS-00697-04-01,PAI-00697,Milestone 4-1,2024-05-21,,DELAYED,0
MS-00697-08-01,PAI-00697,Milestone 8-1,2024-09-10,2024-09-12,COMPLETED,2
MS-00697-08-02,PAI-00697,Milestone 8-2,2024-11-09,2024-12-20,COMPLETED,41
MS-00697-12-01,PAI-00697,Milestone 12-1,2025-03-13,2025-04-22,COMPLETED,40
MS-00697-12-02,PAI-00697,Milestone 12-2,2025-03-06,2025-04-14,COMPLETED,39
MS-00697-16-01,PAI-00697,Milestone 16-1,2025-05-22,,DELAYED,0
MS-00697-16-02,PAI-00697,Milestone 16-2,2025-06-17,2025-07-19,COMPLETED,32
MS-00697-20-01,PAI-00697,Milestone 20-1,2025-09-27,2025-10-25,COMPLETED,28
MS-00697-24-01,PAI-00697,Milestone 24-1,2026-02-28,,DELAYED,0
MS-00698-04-01,PAI-00698,Milestone 4-1,2024-05-23,2024-07-09,COMPLETED,47
MS-00698-08-01,PAI-00698,Milestone 8-1,2024-11-04,2024-11-26,COMPLETED,22
MS-00698-12-01,PAI-00698,Milestone 12-1,2025-02-09,2025-03-16,COMPLETED,35
MS-00698-12-02,PAI-00698,Milestone 12-2,2025-01-10,,DELAYED,0
MS-00698-16-01,PAI-00698,Milestone 16-1,2025-05-20,2025-06-19,COMPLETED,30
MS-00698-20-01,PAI-00698,Milestone 20-1,2025-10-29,,DELAYED,0
MS-00698-24-01,PAI-00698,Milestone 24-1,2026-03-14,2026-04-15,COMPLETED,32
MS-00698-24-02,PAI-00698,Milestone 24-2,2026-02-10,,DELAYED,0
MS-00699-04-01,PAI-00699,Milestone 4-1,2024-05-12,,DELAYED,0
MS-00699-04-02,PAI-00699,Milestone 4-2,2024-06-18,2024-07-15,COMPLETED,27
MS-00699-08-01,PAI-00699,Milestone 8-1,2024-10-26,,DELAYED,0
MS-00699-08-02,PAI-00699,Milestone 8-2,2024-11-05,,DELAYED,0
MS-00699-12-01,PAI-00699,Milestone 12-1,2025-02-03,2025-03-03,COMPLETED,28
MS-00699-16-01,PAI-00699,Milestone 16-1,2025-07-11,2025-09-25,COMPLETED,76
MS-00699-16-02,PAI-00699,Milestone 16-2,2025-06-12,2025-07-13,COMPLETED,31
MS-00699-20-01,PAI-00699,Milestone 20-1,2025-10-01,,DELAYED,0
MS-00699-20-02,PAI-00699,Milestone 20-2,2025-09-11,2025-10-06,COMPLETED,25
MS-00699-24-01,PAI-00699,Milestone 24-1,2026-01-12,,DELAYED,0
MS-00699-24-02,PAI-00699,Milestone 24-2,2026-02-06,,DELAYED,0
MS-00700-04-01,PAI-00700,Milestone 4-1,2024-06-03,2024-06-23,COMPLETED,20
MS-00700-08-01,PAI-00700,Milestone 8-1,2024-10-01,,DELAYED,0
MS-00700-12-01,PAI-00700,Milestone 12-1,2025-02-22,2025-03-10,COMPLETED,16
MS-00700-12-02,PAI-00700,Milestone 12-2,2025-02-09,2025-03-02,COMPLETED,21
MS-00700-16-01,PAI-00700,Milestone 16-1,2025-06-22,,DELAYED,0
MS-00700-20-01,PAI-00700,Milestone 20-1,2025-10-10,,DELAYED,0
MS-00700-20-02,PAI-00700,Milestone 20-2,2025-10-24,2025-12-12,COMPLETED,49
MS-00700-24-01,PAI-00700,Milestone 24-1,2026-03-20,2026-04-07,COMPLETED,18
MS-00700-24-02,PAI-00700,Milestone 24-2,2026-01-31,,DELAYED,0
MS-00701-04-01,PAI-00701,Milestone 4-1,2024-07-08,2024-07-29,COMPLETED,21
MS-00701-08-01,PAI-00701,Milestone 8-1,2024-10-26,,DELAYED,0
MS-00701-12-01,PAI-00701,Milestone 12-1,2025-01-18,2025-01-29,COMPLETED,11
MS-00701-12-02,PAI-00701,Milestone 12-2,2025-02-01,2025-03-17,COMPLETED,44
MS-00701-16-01,PAI-00701,Milestone 16-1,2025-05-28,2025-07-14,COMPLETED,47
MS-00701-20-01,PAI-00701,Milestone 20-1,2025-11-05,2025-12-07,COMPLETED,32
MS-00701-20-02,PAI-00701,Milestone 20-2,2025-09-14,,DELAYED,0
MS-00701-24-01,PAI-00701,Milestone 24-1,2026-02-19,2026-03-04,COMPLETED,13
MS-00702-04-01,PAI-00702,Milestone 4-1,2024-05-23,2024-05-23,COMPLETED,0
MS-00702-08-01,PAI-00702,Milestone 8-1,2024-11-12,2024-12-04,COMPLETED,22
MS-00702-12-01,PAI-00702,Milestone 12-1,2025-03-04,2025-03-04,COMPLETED,0
MS-00702-12-02,PAI-00702,Milestone 12-2,2025-02-01,,DELAYED,0
MS-00702-16-01,PAI-00702,Milestone 16-1,2025-07-16,2025-08-18,COMPLETED,33
MS-00702-16-02,PAI-00702,Milestone 16-2,2025-05-23,2025-06-28,COMPLETED,36
MS-00702-20-01,PAI-00702,Milestone 20-1,2025-11-05,2025-12-06,COMPLETED,31
MS-00702-20-02,PAI-00702,Milestone 20-2,2025-10-29,2025-10-29,COMPLETED,0
MS-00702-24-01,PAI-00702,Milestone 24-1,2026-02-08,,DELAYED,0
MS-00702-24-02,PAI-00702,Milestone 24-2,2026-03-10,2026-03-20,COMPLETED,10
MS-00703-04-01,PAI-00703,Milestone 4-1,2024-06-29,,DELAYED,0
MS-00703-04-02,PAI-00703,Milestone 4-2,2024-05-12,2024-05-25,COMPLETED,13
MS-00703-08-01,PAI-00703,Milestone 8-1,2024-11-09,2024-11-09,COMPLETED,0
MS-00703-08-02,PAI-00703,Milestone 8-2,2024-09-22,2024-10-21,COMPLETED,29
MS-00703-12-01,PAI-00703,Milestone 12-1,2025-03-20,,DELAYED,0
MS-00703-16-01,PAI-00703,Milestone 16-1,2025-05-28,2025-05-28,COMPLETED,0
MS-00703-16-02,PAI-00703,Milestone 16-2,2025-05-29,2025-06-26,COMPLETED,28
MS-00703-20-01,PAI-00703,Milestone 20-1,2025-09-29,2025-09-29,COMPLETED,0
MS-00703-20-02,PAI-00703,Milestone 20-2,2025-10-28,2025-11-27,COMPLETED,30
MS-00703-24-01,PAI-00703,Milestone 24-1,2026-01-23,,DELAYED,0
MS-00704-04-01,PAI-00704,Milestone 4-1,2024-06-28,2024-08-16,COMPLETED,49
MS-00704-04-02,PAI-00704,Milestone 4-2,2024-06-06,,DELAYED,0
MS-00704-08-01,PAI-00704,Milestone 8-1,2024-09-27,2024-10-22,COMPLETED,25
MS-00704-08-02,PAI-00704,Milestone 8-2,2024-10-21,,DELAYED,0
MS-00704-12-01,PAI-00704,Milestone 12-1,2025-02-20,2025-03-04,COMPLETED,12
MS-00704-12-02,PAI-00704,Milestone 12-2,2025-02-19,,DELAYED,0
MS-00704-16-01,PAI-00704,Milestone 16-1,2025-06-10,2025-07-18,COMPLETED,38
MS-00704-16-02,PAI-00704,Milestone 16-2,2025-06-24,,DELAYED,0
MS-00704-20-01,PAI-00704,Milestone 20-1,2025-09-22,,DELAYED,0
MS-00704-24-01,PAI-00704,Milestone 24-1,2026-03-19,,DELAYED,0
MS-00704-24-02,PAI-00704,Milestone 24-2,2026-01-28,,DELAYED,0
MS-00705-04-01,PAI-00705,Milestone 4-1,2024-05-20,2024-08-01,COMPLETED,73
MS-00705-04-02,PAI-00705,Milestone 4-2,2024-05-30,2024-06-03,COMPLETED,4
MS-00705-08-01,PAI-00705,Milestone 8-1,2024-10-01,2024-11-17,COMPLETED,47
MS-00705-12-01,PAI-00705,Milestone 12-1,2025-02-11,,DELAYED,0
MS-00705-16-01,PAI-00705,Milestone 16-1,2025-06-30,2025-08-21,COMPLETED,52
MS-00705-16-02,PAI-00705,Milestone 16-2,2025-06-27,,DELAYED,0
MS-00705-20-01,PAI-00705,Milestone 20-1,2025-10-03,2025-10-24,COMPLETED,21
MS-00705-24-01,PAI-00705,Milestone 24-1,2026-03-10,,DELAYED,0
MS-00706-04-01,PAI-00706,Milestone 4-1,2024-05-21,2024-06-05,COMPLETED,15
MS-00706-04-02,PAI-00706,Milestone 4-2,2024-06-18,2024-06-18,COMPLETED,0
MS-00706-08-01,PAI-00706,Milestone 8-1,2024-09-19,2024-09-24,COMPLETED,5
MS-00706-08-02,PAI-00706,Milestone 8-2,2024-10-24,2024-10-24,COMPLETED,0
MS-00706-12-01,PAI-00706,Milestone 12-1,2025-03-11,2025-03-15,COMPLETED,4
MS-00706-16-01,PAI-00706,Milestone 16-1,2025-06-20,,DELAYED,0
MS-00706-20-01,PAI-00706,Milestone 20-1,2025-10-09,2025-10-12,COMPLETED,3
MS-00706-24-01,PAI-00706,Milestone 24-1,2026-03-05,2026-03-17,COMPLETED,12
MS-00706-24-02,PAI-00706,Milestone 24-2,2026-02-04,2026-02-17,COMPLETED,13
MS-00707-04-01,PAI-00707,Milestone 4-1,2024-05-10,2024-05-29,COMPLETED,19
MS-00707-04-02,PAI-00707,Milestone 4-2,2024-07-02,2024-07-31,COMPLETED,29
MS-00707-08-01,PAI-00707,Milestone 8-1,2024-10-11,2024-12-03,COMPLETED,53
MS-00707-12-01,PAI-00707,Milestone 12-1,2025-03-16,,DELAYED,0
MS-00707-16-01,PAI-00707,Milestone 16-1,2025-05-30,2025-07-09,COMPLETED,40
MS-00707-20-01,PAI-00707,Milestone 20-1,2025-09-11,2025-09-11,COMPLETED,0
MS-00707-20-02,PAI-00707,Milestone 20-2,2025-09-20,2025-10-04,COMPLETED,14
MS-00707-24-01,PAI-00707,Milestone 24-1,2026-03-10,,DELAYED,0
MS-00707-24-02,PAI-00707,Milestone 24-2,2026-01-26,,DELAYED,0
MS-00708-04-01,PAI-00708,Milestone 4-1,2024-05-10,2024-05-19,COMPLETED,9
MS-00708-08-01,PAI-00708,Milestone 8-1,2024-11-05,2024-11-06,COMPLETED,1
MS-00708-12-01,PAI-00708,Milestone 12-1,2025-01-19,,DELAYED,0
MS-00708-16-01,PAI-00708,Milestone 16-1,2025-07-12,,DELAYED,0
MS-00708-20-01,PAI-00708,Milestone 20-1,2025-11-12,2025-12-11,COMPLETED,29
MS-00708-24-01,PAI-00708,Milestone 24-1,2026-02-15,,DELAYED,0
MS-00708-24-02,PAI-00708,Milestone 24-2,2026-03-02,2026-04-12,COMPLETED,41
MS-00709-04-01,PAI-00709,Milestone 4-1,2024-06-14,,DELAYED,0
MS-00709-04-02,PAI-00709,Milestone 4-2,2024-05-24,2024-05-24,COMPLETED,0
MS-00709-08-01,PAI-00709,Milestone 8-1,2024-11-09,,DELAYED,0
MS-00709-12-01,PAI-00709,Milestone 12-1,2025-02-27,2025-02-27,COMPLETED,0
MS-00709-12-02,PAI-00709,Milestone 12-2,2025-02-11,2025-03-09,COMPLETED,26
MS-00709-16-01,PAI-00709,Milestone 16-1,2025-06-23,2025-07-01,COMPLETED,8
MS-00709-16-02,PAI-00709,Milestone 16-2,2025-07-16,2025-08-17,COMPLETED,32
MS-00709-20-01,PAI-00709,Milestone 20-1,2025-09-15,2025-10-14,COMPLETED,29
MS-00709-24-01,PAI-00709,Milestone 24-1,2026-03-04,2026-03-04,COMPLETED,0
MS-00709-24-02,PAI-00709,Milestone 24-2,2026-02-01,2026-03-12,COMPLETED,39
MS-00710-04-01,PAI-00710,Milestone 4-1,2024-05-26,,DELAYED,0
MS-00710-04-02,PAI-00710,Milestone 4-2,2024-06-01,2024-06-06,COMPLETED,5
MS-00710-08-01,PAI-00710,Milestone 8-1,2024-09-13,2024-09-13,COMPLETED,0
MS-00710-08-02,PAI-00710,Milestone 8-2,2024-10-26,2024-10-26,COMPLETED,0
MS-00710-12-01,PAI-00710,Milestone 12-1,2025-01-16,2025-01-27,COMPLETED,11
MS-00710-16-01,PAI-00710,Milestone 16-1,2025-07-17,2025-07-24,COMPLETED,7
MS-00710-16-02,PAI-00710,Milestone 16-2,2025-06-03,2025-08-16,COMPLETED,74
MS-00710-20-01,PAI-00710,Milestone 20-1,2025-10-23,2025-10-23,COMPLETED,0
MS-00710-20-02,PAI-00710,Milestone 20-2,2025-10-28,2025-11-25,COMPLETED,28
MS-00710-24-01,PAI-00710,Milestone 24-1,2026-01-25,2026-01-25,COMPLETED,0
MS-00710-24-02,PAI-00710,Milestone 24-2,2026-03-13,2026-03-13,COMPLETED,0
MS-00711-04-01,PAI-00711,Milestone 4-1,2024-05-22,2024-06-01,COMPLETED,10
MS-00711-08-01,PAI-00711,Milestone 8-1,2024-11-10,,DELAYED,0
MS-00711-08-02,PAI-00711,Milestone 8-2,2024-10-24,2024-10-24,COMPLETED,0
MS-00711-12-01,PAI-00711,Milestone 12-1,2025-01-12,2025-01-24,COMPLETED,12
MS-00711-16-01,PAI-00711,Milestone 16-1,2025-07-05,2025-07-05,COMPLETED,0
MS-00711-20-01,PAI-00711,Milestone 20-1,2025-10-18,2025-10-18,COMPLETED,0
MS-00711-20-02,PAI-00711,Milestone 20-2,2025-11-15,2025-12-03,COMPLETED,18
MS-00711-24-01,PAI-00711,Milestone 24-1,2026-03-11,2026-03-18,COMPLETED,7
MS-00711-24-02,PAI-00711,Milestone 24-2,2026-01-26,2026-01-26,COMPLETED,0
MS-00712-04-01,PAI-00712,Milestone 4-1,2024-05-28,2024-06-08,COMPLETED,11
MS-00712-08-01,PAI-00712,Milestone 8-1,2024-11-05,,DELAYED,0
MS-00712-08-02,PAI-00712,Milestone 8-2,2024-10-20,2024-11-01,COMPLETED,12
MS-00712-12-01,PAI-00712,Milestone 12-1,2025-03-03,2025-03-28,COMPLETED,25
MS-00712-12-02,PAI-00712,Milestone 12-2,2025-02-25,2025-03-28,COMPLETED,31
MS-00712-16-01,PAI-00712,Milestone 16-1,2025-06-03,2025-06-16,COMPLETED,13
MS-00712-16-02,PAI-00712,Milestone 16-2,2025-07-15,2025-07-22,COMPLETED,7
MS-00712-20-01,PAI-00712,Milestone 20-1,2025-10-22,2025-11-14,COMPLETED,23
MS-00712-20-02,PAI-00712,Milestone 20-2,2025-11-06,2025-11-06,COMPLETED,0
MS-00712-24-01,PAI-00712,Milestone 24-1,2026-02-09,2026-02-09,COMPLETED,0
MS-00712-24-02,PAI-00712,Milestone 24-2,2026-03-14,2026-03-14,COMPLETED,0
MS-00713-04-01,PAI-00713,Milestone 4-1,2024-06-14,2024-06-14,COMPLETED,0
MS-00713-08-01,PAI-00713,Milestone 8-1,2024-10-14,,DELAYED,0
MS-00713-12-01,PAI-00713,Milestone 12-1,2025-03-13,2025-04-15,COMPLETED,33
MS-00713-16-01,PAI-00713,Milestone 16-1,2025-06-30,2025-06-30,COMPLETED,0
MS-00713-16-02,PAI-00713,Milestone 16-2,2025-05-25,2025-05-28,COMPLETED,3
MS-00713-20-01,PAI-00713,Milestone 20-1,2025-11-02,2025-12-07,COMPLETED,35
MS-00713-24-01,PAI-00713,Milestone 24-1,2026-03-14,2026-04-27,COMPLETED,44
MS-00714-04-01,PAI-00714,Milestone 4-1,2024-07-10,2024-07-10,COMPLETED,0
MS-00714-08-01,PAI-00714,Milestone 8-1,2024-09-10,,DELAYED,0
MS-00714-08-02,PAI-00714,Milestone 8-2,2024-11-14,,DELAYED,0
MS-00714-12-01,PAI-00714,Milestone 12-1,2025-02-27,2025-03-31,COMPLETED,32
MS-00714-16-01,PAI-00714,Milestone 16-1,2025-07-07,2025-07-07,COMPLETED,0
MS-00714-20-01,PAI-00714,Milestone 20-1,2025-10-17,2025-12-14,COMPLETED,58
MS-00714-20-02,PAI-00714,Milestone 20-2,2025-11-15,2025-11-15,COMPLETED,0
MS-00714-24-01,PAI-00714,Milestone 24-1,2026-03-09,2026-04-10,COMPLETED,32
MS-00714-24-02,PAI-00714,Milestone 24-2,2026-02-15,,DELAYED,0
MS-00715-04-01,PAI-00715,Milestone 4-1,2024-06-30,,DELAYED,0
MS-00715-08-01,PAI-00715,Milestone 8-1,2024-10-12,,DELAYED,0
MS-00715-08-02,PAI-00715,Milestone 8-2,2024-09-13,2024-09-29,COMPLETED,16
MS-00715-12-01,PAI-00715,Milestone 12-1,2025-01-21,,DELAYED,0
MS-00715-12-02,PAI-00715,Milestone 12-2,2025-02-20,2025-03-05,COMPLETED,13
MS-00715-16-01,PAI-00715,Milestone 16-1,2025-07-16,,DELAYED,0
MS-00715-16-02,PAI-00715,Milestone 16-2,2025-07-08,2025-07-30,COMPLETED,22
MS-00715-20-01,PAI-00715,Milestone 20-1,2025-10-31,,DELAYED,0
MS-00715-20-02,PAI-00715,Milestone 20-2,2025-10-15,,DELAYED,0
MS-00715-24-01,PAI-00715,Milestone 24-1,2026-03-17,2026-04-05,COMPLETED,19
MS-00716-04-01,PAI-00716,Milestone 4-1,2024-06-24,,DELAYED,0
MS-00716-08-01,PAI-00716,Milestone 8-1,2024-11-07,2024-11-16,COMPLETED,9
MS-00716-08-02,PAI-00716,Milestone 8-2,2024-09-18,2024-10-02,COMPLETED,14
MS-00716-12-01,PAI-00716,Milestone 12-1,2025-03-18,2025-03-18,COMPLETED,0
MS-00716-16-01,PAI-00716,Milestone 16-1,2025-06-03,,DELAYED,0
MS-00716-16-02,PAI-00716,Milestone 16-2,2025-06-03,2025-06-03,COMPLETED,0
MS-00716-20-01,PAI-00716,Milestone 20-1,2025-10-09,2025-11-06,COMPLETED,28
MS-00716-24-01,PAI-00716,Milestone 24-1,2026-03-04,2026-03-14,COMPLETED,10
MS-00716-24-02,PAI-00716,Milestone 24-2,2026-03-11,2026-03-11,COMPLETED,0
MS-00717-04-01,PAI-00717,Milestone 4-1,2024-07-04,2024-07-27,COMPLETED,23
MS-00717-08-01,PAI-00717,Milestone 8-1,2024-11-13,,DELAYED,0
MS-00717-12-01,PAI-00717,Milestone 12-1,2025-02-14,,DELAYED,0
MS-00717-16-01,PAI-00717,Milestone 16-1,2025-05-31,2025-06-20,COMPLETED,20
MS-00717-16-02,PAI-00717,Milestone 16-2,2025-05-24,2025-06-25,COMPLETED,32
MS-00717-20-01,PAI-00717,Milestone 20-1,2025-09-22,2025-09-22,COMPLETED,0
MS-00717-20-02,PAI-00717,Milestone 20-2,2025-10-17,2025-11-23,COMPLETED,37
MS-00717-24-01,PAI-00717,Milestone 24-1,2026-02-11,2026-03-08,COMPLETED,25
MS-00718-04-01,PAI-00718,Milestone 4-1,2024-07-15,2024-07-15,COMPLETED,0
MS-00718-08-01,PAI-00718,Milestone 8-1,2024-11-05,,DELAYED,0
MS-00718-12-01,PAI-00718,Milestone 12-1,2025-03-06,2025-04-01,COMPLETED,26
MS-00718-16-01,PAI-00718,Milestone 16-1,2025-05-24,2025-06-06,COMPLETED,13
MS-00718-16-02,PAI-00718,Milestone 16-2,2025-07-15,2025-09-22,COMPLETED,69
MS-00718-20-01,PAI-00718,Milestone 20-1,2025-10-23,2025-11-22,COMPLETED,30
MS-00718-24-01,PAI-00718,Milestone 24-1,2026-01-17,2026-02-10,COMPLETED,24
MS-00719-04-01,PAI-00719,Milestone 4-1,2024-07-02,,DELAYED,0
MS-00719-04-02,PAI-00719,Milestone 4-2,2024-05-11,2024-05-29,COMPLETED,18
MS-00719-08-01,PAI-00719,Milestone 8-1,2024-09-19,,DELAYED,0
MS-00719-08-02,PAI-00719,Milestone 8-2,2024-09-13,2024-09-13,COMPLETED,0
MS-00719-12-01,PAI-00719,Milestone 12-1,2025-02-28,2025-03-10,COMPLETED,10
MS-00719-12-02,PAI-00719,Milestone 12-2,2025-02-09,2025-02-25,COMPLETED,16
MS-00719-16-01,PAI-00719,Milestone 16-1,2025-07-15,2025-07-31,COMPLETED,16
MS-00719-16-02,PAI-00719,Milestone 16-2,2025-07-01,2025-07-01,COMPLETED,0
MS-00719-20-01,PAI-00719,Milestone 20-1,2025-10-10,2025-11-09,COMPLETED,30
MS-00719-24-01,PAI-00719,Milestone 24-1,2026-01-27,2026-02-04,COMPLETED,8
MS-00720-04-01,PAI-00720,Milestone 4-1,2024-05-29,2024-07-28,COMPLETED,60
MS-00720-08-01,PAI-00720,Milestone 8-1,2024-09-28,,DELAYED,0
MS-00720-12-01,PAI-00720,Milestone 12-1,2025-01-24,,DELAYED,0
MS-00720-16-01,PAI-00720,Milestone 16-1,2025-05-19,,DELAYED,0
MS-00720-16-02,PAI-00720,Milestone 16-2,2025-06-27,2025-07-28,COMPLETED,31
MS-00720-20-01,PAI-00720,Milestone 20-1,2025-09-17,2025-09-17,COMPLETED,0
MS-00720-24-01,PAI-00720,Milestone 24-1,2026-01-30,,DELAYED,0
MS-00721-04-01,PAI-00721,Milestone 4-1,2024-05-26,2024-05-26,COMPLETED,0
MS-00721-04-02,PAI-00721,Milestone 4-2,2024-05-29,,DELAYED,0
MS-00721-08-01,PAI-00721,Milestone 8-1,2024-10-05,2024-11-17,COMPLETED,43
MS-00721-08-02,PAI-00721,Milestone 8-2,2024-11-03,2024-12-01,COMPLETED,28
MS-00721-12-01,PAI-00721,Milestone 12-1,2025-03-10,2025-06-08,COMPLETED,90
MS-00721-12-02,PAI-00721,Milestone 12-2,2025-03-20,2025-03-24,COMPLETED,4
MS-00721-16-01,PAI-00721,Milestone 16-1,2025-06-20,,DELAYED,0
MS-00721-20-01,PAI-00721,Milestone 20-1,2025-09-13,2025-10-06,COMPLETED,23
MS-00721-20-02,PAI-00721,Milestone 20-2,2025-10-25,2025-11-25,COMPLETED,31
MS-00721-24-01,PAI-00721,Milestone 24-1,2026-02-11,2026-04-03,COMPLETED,51
MS-00721-24-02,PAI-00721,Milestone 24-2,2026-02-06,2026-04-27,COMPLETED,80
MS-00722-04-01,PAI-00722,Milestone 4-1,2024-07-05,2024-07-05,COMPLETED,0
MS-00722-08-01,PAI-00722,Milestone 8-1,2024-09-22,2024-10-17,COMPLETED,25
MS-00722-12-01,PAI-00722,Milestone 12-1,2025-01-11,2025-03-07,COMPLETED,55
MS-00722-12-02,PAI-00722,Milestone 12-2,2025-02-19,2025-02-19,COMPLETED,0
MS-00722-16-01,PAI-00722,Milestone 16-1,2025-06-16,,DELAYED,0
MS-00722-16-02,PAI-00722,Milestone 16-2,2025-05-27,2025-08-03,COMPLETED,68
MS-00722-20-01,PAI-00722,Milestone 20-1,2025-10-22,2025-11-13,COMPLETED,22
MS-00722-20-02,PAI-00722,Milestone 20-2,2025-11-01,,DELAYED,0
MS-00722-24-01,PAI-00722,Milestone 24-1,2026-03-07,,DELAYED,0
MS-00723-04-01,PAI-00723,Milestone 4-1,2024-07-05,,DELAYED,0
MS-00723-04-02,PAI-00723,Milestone 4-2,2024-06-07,,DELAYED,0
MS-00723-08-01,PAI-00723,Milestone 8-1,2024-11-03,2024-12-13,COMPLETED,40
MS-00723-08-02,PAI-00723,Milestone 8-2,2024-10-12,2024-12-09,COMPLETED,58
MS-00723-12-01,PAI-00723,Milestone 12-1,2025-03-04,2025-04-15,COMPLETED,42
MS-00723-16-01,PAI-00723,Milestone 16-1,2025-05-13,2025-07-11,COMPLETED,59
MS-00723-16-02,PAI-00723,Milestone 16-2,2025-06-23,,DELAYED,0
MS-00723-20-01,PAI-00723,Milestone 20-1,2025-10-18,2025-12-21,COMPLETED,64
MS-00723-20-02,PAI-00723,Milestone 20-2,2025-09-15,,DELAYED,0
MS-00723-24-01,PAI-00723,Milestone 24-1,2026-02-10,2026-03-20,COMPLETED,38
MS-00724-04-01,PAI-00724,Milestone 4-1,2024-05-29,,DELAYED,0
MS-00724-08-01,PAI-00724,Milestone 8-1,2024-11-10,2024-12-29,COMPLETED,49
MS-00724-08-02,PAI-00724,Milestone 8-2,2024-09-25,2024-11-14,COMPLETED,50
MS-00724-12-01,PAI-00724,Milestone 12-1,2025-03-12,2025-03-31,COMPLETED,19
MS-00724-12-02,PAI-00724,Milestone 12-2,2025-03-08,2025-04-29,COMPLETED,52
MS-00724-16-01,PAI-00724,Milestone 16-1,2025-06-14,2025-07-17,COMPLETED,33
MS-00724-20-01,PAI-00724,Milestone 20-1,2025-09-26,2025-11-03,COMPLETED,38
MS-00724-24-01,PAI-00724,Milestone 24-1,2026-01-15,,DELAYED,0
MS-00725-04-01,PAI-00725,Milestone 4-1,2024-06-10,2024-06-28,COMPLETED,18
MS-00725-08-01,PAI-00725,Milestone 8-1,2024-10-10,2024-10-28,COMPLETED,18
MS-00725-12-01,PAI-00725,Milestone 12-1,2025-02-22,,DELAYED,0
MS-00725-16-01,PAI-00725,Milestone 16-1,2025-06-01,,DELAYED,0
MS-00725-16-02,PAI-00725,Milestone 16-2,2025-05-13,,DELAYED,0
MS-00725-20-01,PAI-00725,Milestone 20-1,2025-09-12,,DELAYED,0
MS-00725-24-01,PAI-00725,Milestone 24-1,2026-01-16,2026-01-25,COMPLETED,9
MS-00725-24-02,PAI-00725,Milestone 24-2,2026-02-13,,DELAYED,0
MS-00726-04-01,PAI-00726,Milestone 4-1,2024-06-03,2024-06-03,COMPLETED,0
MS-00726-08-01,PAI-00726,Milestone 8-1,2024-10-25,,DELAYED,0
MS-00726-08-02,PAI-00726,Milestone 8-2,2024-10-08,,DELAYED,0
MS-00726-12-01,PAI-00726,Milestone 12-1,2025-02-06,,DELAYED,0
MS-00726-12-02,PAI-00726,Milestone 12-2,2025-02-20,2025-03-09,COMPLETED,17
MS-00726-16-01,PAI-00726,Milestone 16-1,2025-05-19,2025-05-19,COMPLETED,0
MS-00726-16-02,PAI-00726,Milestone 16-2,2025-07-10,2025-07-10,COMPLETED,0
MS-00726-20-01,PAI-00726,Milestone 20-1,2025-09-28,2025-11-09,COMPLETED,42
MS-00726-20-02,PAI-00726,Milestone 20-2,2025-09-16,2025-10-20,COMPLETED,34
MS-00726-24-01,PAI-00726,Milestone 24-1,2026-02-26,2026-02-26,COMPLETED,0
MS-00726-24-02,PAI-00726,Milestone 24-2,2026-01-14,2026-01-14,COMPLETED,0
MS-00727-04-01,PAI-00727,Milestone 4-1,2024-06-05,,DELAYED,0
MS-00727-04-02,PAI-00727,Milestone 4-2,2024-06-29,,DELAYED,0
MS-00727-08-01,PAI-00727,Milestone 8-1,2024-09-19,2024-10-11,COMPLETED,22
MS-00727-12-01,PAI-00727,Milestone 12-1,2025-03-07,2025-04-07,COMPLETED,31
MS-00727-12-02,PAI-00727,Milestone 12-2,2025-02-28,2025-04-02,COMPLETED,33
MS-00727-16-01,PAI-00727,Milestone 16-1,2025-06-22,,DELAYED,0
MS-00727-16-02,PAI-00727,Milestone 16-2,2025-06-19,,DELAYED,0
MS-00727-20-01,PAI-00727,Milestone 20-1,2025-11-15,2025-11-27,COMPLETED,12
MS-00727-24-01,PAI-00727,Milestone 24-1,2026-03-04,2026-04-14,COMPLETED,41
MS-00728-04-01,PAI-00728,Milestone 4-1,2024-07-18,2024-08-03,COMPLETED,16
MS-00728-08-01,PAI-00728,Milestone 8-1,2024-11-09,2024-11-09,COMPLETED,0
MS-00728-12-01,PAI-00728,Milestone 12-1,2025-01-31,,DELAYED,0
MS-00728-16-01,PAI-00728,Milestone 16-1,2025-06-23,,DELAYED,0
MS-00728-16-02,PAI-00728,Milestone 16-2,2025-06-09,,DELAYED,0
MS-00728-20-01,PAI-00728,Milestone 20-1,2025-10-11,2025-11-12,COMPLETED,32
MS-00728-20-02,PAI-00728,Milestone 20-2,2025-11-07,2025-12-21,COMPLETED,44
MS-00728-24-01,PAI-00728,Milestone 24-1,2026-01-26,2026-02-15,COMPLETED,20
MS-00729-04-01,PAI-00729,Milestone 4-1,2024-06-30,,DELAYED,0
MS-00729-08-01,PAI-00729,Milestone 8-1,2024-09-11,,DELAYED,0
MS-00729-08-02,PAI-00729,Milestone 8-2,2024-09-25,2024-10-15,COMPLETED,20
MS-00729-12-01,PAI-00729,Milestone 12-1,2025-01-20,2025-02-09,COMPLETED,20
MS-00729-16-01,PAI-00729,Milestone 16-1,2025-06-13,2025-07-03,COMPLETED,20
MS-00729-20-01,PAI-00729,Milestone 20-1,2025-09-29,2025-10-15,COMPLETED,16
MS-00729-24-01,PAI-00729,Milestone 24-1,2026-01-20,2026-03-17,COMPLETED,56
MS-00729-24-02,PAI-00729,Milestone 24-2,2026-01-28,2026-02-16,COMPLETED,19
MS-00730-04-01,PAI-00730,Milestone 4-1,2024-07-13,2024-08-08,COMPLETED,26
MS-00730-04-02,PAI-00730,Milestone 4-2,2024-06-22,,DELAYED,0
MS-00730-08-01,PAI-00730,Milestone 8-1,2024-10-05,,DELAYED,0
MS-00730-12-01,PAI-00730,Milestone 12-1,2025-02-09,,DELAYED,0
MS-00730-16-01,PAI-00730,Milestone 16-1,2025-06-10,2025-06-21,COMPLETED,11
MS-00730-16-02,PAI-00730,Milestone 16-2,2025-06-17,2025-06-20,COMPLETED,3
MS-00730-20-01,PAI-00730,Milestone 20-1,2025-10-04,,DELAYED,0
MS-00730-24-01,PAI-00730,Milestone 24-1,2026-02-25,2026-03-06,COMPLETED,9
MS-00731-04-01,PAI-00731,Milestone 4-1,2024-07-08,2024-07-08,COMPLETED,0
MS-00731-08-01,PAI-00731,Milestone 8-1,2024-11-14,,DELAYED,0
MS-00731-12-01,PAI-00731,Milestone 12-1,2025-03-03,,DELAYED,0
MS-00731-12-02,PAI-00731,Milestone 12-2,2025-01-24,2025-02-12,COMPLETED,19
MS-00731-16-01,PAI-00731,Milestone 16-1,2025-07-03,2025-07-18,COMPLETED,15
MS-00731-16-02,PAI-00731,Milestone 16-2,2025-07-09,2025-07-09,COMPLETED,0
MS-00731-20-01,PAI-00731,Milestone 20-1,2025-10-19,2025-10-22,COMPLETED,3
MS-00731-24-01,PAI-00731,Milestone 24-1,2026-02-02,,DELAYED,0
MS-00732-04-01,PAI-00732,Milestone 4-1,2024-05-15,2024-05-30,COMPLETED,15
MS-00732-04-02,PAI-00732,Milestone 4-2,2024-05-13,,DELAYED,0
MS-00732-08-01,PAI-00732,Milestone 8-1,2024-10-02,,DELAYED,0
MS-00732-12-01,PAI-00732,Milestone 12-1,2025-02-04,,DELAYED,0
MS-00732-16-01,PAI-00732,Milestone 16-1,2025-06-03,2025-07-03,COMPLETED,30
MS-00732-20-01,PAI-00732,Milestone 20-1,2025-10-27,,DELAYED,0
MS-00732-20-02,PAI-00732,Milestone 20-2,2025-10-24,2025-11-03,COMPLETED,10
MS-00732-24-01,PAI-00732,Milestone 24-1,2026-02-19,,DELAYED,0
MS-00733-04-01,PAI-00733,Milestone 4-1,2024-05-20,2024-06-05,COMPLETED,16
MS-00733-04-02,PAI-00733,Milestone 4-2,2024-06-28,2024-06-28,COMPLETED,0
MS-00733-08-01,PAI-00733,Milestone 8-1,2024-10-12,,DELAYED,0
MS-00733-08-02,PAI-00733,Milestone 8-2,2024-11-14,2024-11-14,COMPLETED,0
MS-00733-12-01,PAI-00733,Milestone 12-1,2025-02-12,2025-03-21,COMPLETED,37
MS-00733-16-01,PAI-00733,Milestone 16-1,2025-06-18,2025-07-25,COMPLETED,37
MS-00733-20-01,PAI-00733,Milestone 20-1,2025-09-27,,DELAYED,0
MS-00733-24-01,PAI-00733,Milestone 24-1,2026-02-12,,DELAYED,0
MS-00734-04-01,PAI-00734,Milestone 4-1,2024-06-17,2024-06-17,COMPLETED,0
MS-00734-08-01,PAI-00734,Milestone 8-1,2024-10-22,,DELAYED,0
MS-00734-12-01,PAI-00734,Milestone 12-1,2025-02-19,2025-03-01,COMPLETED,10
MS-00734-12-02,PAI-00734,Milestone 12-2,2025-02-09,2025-02-11,COMPLETED,2
MS-00734-16-01,PAI-00734,Milestone 16-1,2025-05-14,,DELAYED,0
MS-00734-16-02,PAI-00734,Milestone 16-2,2025-07-16,2025-07-20,COMPLETED,4
MS-00734-20-01,PAI-00734,Milestone 20-1,2025-10-15,2025-11-02,COMPLETED,18
MS-00734-24-01,PAI-00734,Milestone 24-1,2026-03-09,,DELAYED,0
MS-00735-04-01,PAI-00735,Milestone 4-1,2024-05-13,,DELAYED,0
MS-00735-08-01,PAI-00735,Milestone 8-1,2024-10-08,2024-10-31,COMPLETED,23
MS-00735-08-02,PAI-00735,Milestone 8-2,2024-10-15,,DELAYED,0
MS-00735-12-01,PAI-00735,Milestone 12-1,2025-02-18,,DELAYED,0
MS-00735-12-02,PAI-00735,Milestone 12-2,2025-02-09,2025-04-13,COMPLETED,63
MS-00735-16-01,PAI-00735,Milestone 16-1,2025-05-21,2025-06-01,COMPLETED,11
MS-00735-16-02,PAI-00735,Milestone 16-2,2025-07-06,2025-08-13,COMPLETED,38
MS-00735-20-01,PAI-00735,Milestone 20-1,2025-09-19,2025-11-02,COMPLETED,44
MS-00735-20-02,PAI-00735,Milestone 20-2,2025-10-02,2025-10-22,COMPLETED,20
MS-00735-24-01,PAI-00735,Milestone 24-1,2026-03-08,2026-03-08,COMPLETED,0
MS-00735-24-02,PAI-00735,Milestone 24-2,2026-03-12,,DELAYED,0
MS-00736-04-01,PAI-00736,Milestone 4-1,2024-07-08,,DELAYED,0
MS-00736-04-02,PAI-00736,Milestone 4-2,2024-05-16,,DELAYED,0
MS-00736-08-01,PAI-00736,Milestone 8-1,2024-10-01,,DELAYED,0
MS-00736-08-02,PAI-00736,Milestone 8-2,2024-09-11,2024-09-19,COMPLETED,8
MS-00736-12-01,PAI-00736,Milestone 12-1,2025-02-01,2025-02-10,COMPLETED,9
MS-00736-16-01,PAI-00736,Milestone 16-1,2025-07-11,2025-07-11,COMPLETED,0
MS-00736-16-02,PAI-00736,Milestone 16-2,2025-06-09,2025-07-04,COMPLETED,25
MS-00736-20-01,PAI-00736,Milestone 20-1,2025-10-23,2025-10-23,COMPLETED,0
MS-00736-20-02,PAI-00736,Milestone 20-2,2025-10-26,2025-10-26,COMPLETED,0
MS-00736-24-01,PAI-00736,Milestone 24-1,2026-02-07,2026-02-23,COMPLETED,16
MS-00737-04-01,PAI-00737,Milestone 4-1,2024-07-17,,DELAYED,0
MS-00737-08-01,PAI-00737,Milestone 8-1,2024-09-22,,DELAYED,0
MS-00737-08-02,PAI-00737,Milestone 8-2,2024-10-19,,DELAYED,0
MS-00737-12-01,PAI-00737,Milestone 12-1,2025-03-08,2025-04-27,COMPLETED,50
MS-00737-12-02,PAI-00737,Milestone 12-2,2025-01-11,2025-02-02,COMPLETED,22
MS-00737-16-01,PAI-00737,Milestone 16-1,2025-06-13,2025-06-28,COMPLETED,15
MS-00737-20-01,PAI-00737,Milestone 20-1,2025-10-10,2025-10-22,COMPLETED,12
MS-00737-20-02,PAI-00737,Milestone 20-2,2025-11-12,2025-12-07,COMPLETED,25
MS-00737-24-01,PAI-00737,Milestone 24-1,2026-02-17,2026-03-22,COMPLETED,33
MS-00738-04-01,PAI-00738,Milestone 4-1,2024-06-17,,DELAYED,0
MS-00738-08-01,PAI-00738,Milestone 8-1,2024-11-16,,DELAYED,0
MS-00738-12-01,PAI-00738,Milestone 12-1,2025-01-11,2025-01-31,COMPLETED,20
MS-00738-12-02,PAI-00738,Milestone 12-2,2025-01-13,2025-02-12,COMPLETED,30
MS-00738-16-01,PAI-00738,Milestone 16-1,2025-06-27,,DELAYED,0
MS-00738-20-01,PAI-00738,Milestone 20-1,2025-10-27,2025-11-23,COMPLETED,27
MS-00738-24-01,PAI-00738,Milestone 24-1,2026-02-01,2026-02-20,COMPLETED,19
MS-00739-04-01,PAI-00739,Milestone 4-1,2024-07-03,2024-08-20,COMPLETED,48
MS-00739-04-02,PAI-00739,Milestone 4-2,2024-06-03,,DELAYED,0
MS-00739-08-01,PAI-00739,Milestone 8-1,2024-10-26,2024-12-04,COMPLETED,39
MS-00739-08-02,PAI-00739,Milestone 8-2,2024-11-08,2024-12-02,COMPLETED,24
MS-00739-12-01,PAI-00739,Milestone 12-1,2025-01-22,,DELAYED,0
MS-00739-12-02,PAI-00739,Milestone 12-2,2025-02-13,2025-02-25,COMPLETED,12
MS-00739-16-01,PAI-00739,Milestone 16-1,2025-07-15,2025-08-01,COMPLETED,17
MS-00739-16-02,PAI-00739,Milestone 16-2,2025-05-28,2025-07-10,COMPLETED,43
MS-00739-20-01,PAI-00739,Milestone 20-1,2025-09-17,2025-09-17,COMPLETED,0
MS-00739-20-02,PAI-00739,Milestone 20-2,2025-09-13,2025-10-12,COMPLETED,29
MS-00739-24-01,PAI-00739,Milestone 24-1,2026-01-17,2026-02-28,COMPLETED,42
MS-00740-04-01,PAI-00740,Milestone 4-1,2024-05-29,2024-06-23,COMPLETED,25
MS-00740-04-02,PAI-00740,Milestone 4-2,2024-07-01,,DELAYED,0
MS-00740-08-01,PAI-00740,Milestone 8-1,2024-10-28,,DELAYED,0
MS-00740-08-02,PAI-00740,Milestone 8-2,2024-11-01,2024-11-24,COMPLETED,23
MS-00740-12-01,PAI-00740,Milestone 12-1,2025-03-02,2025-04-18,COMPLETED,47
MS-00740-16-01,PAI-00740,Milestone 16-1,2025-06-27,,DELAYED,0
MS-00740-20-01,PAI-00740,Milestone 20-1,2025-09-21,2025-10-28,COMPLETED,37
MS-00740-24-01,PAI-00740,Milestone 24-1,2026-01-23,,DELAYED,0
MS-00740-24-02,PAI-00740,Milestone 24-2,2026-03-09,,DELAYED,0
MS-00741-04-01,PAI-00741,Milestone 4-1,2024-07-09,2024-08-03,COMPLETED,25
MS-00741-04-02,PAI-00741,Milestone 4-2,2024-06-12,2024-07-14,COMPLETED,32
MS-00741-08-01,PAI-00741,Milestone 8-1,2024-11-04,2024-11-04,COMPLETED,0
MS-00741-08-02,PAI-00741,Milestone 8-2,2024-10-31,,DELAYED,0
MS-00741-12-01,PAI-00741,Milestone 12-1,2025-02-24,,DELAYED,0
MS-00741-16-01,PAI-00741,Milestone 16-1,2025-06-25,,DELAYED,0
MS-00741-20-01,PAI-00741,Milestone 20-1,2025-09-19,,DELAYED,0
MS-00741-20-02,PAI-00741,Milestone 20-2,2025-10-13,2025-10-13,COMPLETED,0
MS-00741-24-01,PAI-00741,Milestone 24-1,2026-01-19,,DELAYED,0
MS-00742-04-01,PAI-00742,Milestone 4-1,2024-07-11,2024-08-05,COMPLETED,25
MS-00742-04-02,PAI-00742,Milestone 4-2,2024-06-02,2024-07-01,COMPLETED,29
MS-00742-08-01,PAI-00742,Milestone 8-1,2024-10-27,,DELAYED,0
MS-00742-08-02,PAI-00742,Milestone 8-2,2024-10-16,2024-11-26,COMPLETED,41
MS-00742-12-01,PAI-00742,Milestone 12-1,2025-03-20,2025-03-24,COMPLETED,4
MS-00742-12-02,PAI-00742,Milestone 12-2,2025-01-14,2025-02-15,COMPLETED,32
MS-00742-16-01,PAI-00742,Milestone 16-1,2025-06-12,,DELAYED,0
MS-00742-20-01,PAI-00742,Milestone 20-1,2025-11-12,2025-12-01,COMPLETED,19
MS-00742-20-02,PAI-00742,Milestone 20-2,2025-10-17,2025-11-09,COMPLETED,23
MS-00742-24-01,PAI-00742,Milestone 24-1,2026-02-10,2026-02-18,COMPLETED,8
MS-00743-04-01,PAI-00743,Milestone 4-1,2024-06-18,2024-07-21,COMPLETED,33
MS-00743-08-01,PAI-00743,Milestone 8-1,2024-11-11,,DELAYED,0
MS-00743-08-02,PAI-00743,Milestone 8-2,2024-11-16,2024-12-06,COMPLETED,20
MS-00743-12-01,PAI-00743,Milestone 12-1,2025-01-25,,DELAYED,0
MS-00743-16-01,PAI-00743,Milestone 16-1,2025-07-03,2025-07-18,COMPLETED,15
MS-00743-16-02,PAI-00743,Milestone 16-2,2025-06-15,2025-06-23,COMPLETED,8
MS-00743-20-01,PAI-00743,Milestone 20-1,2025-10-04,,DELAYED,0
MS-00743-24-01,PAI-00743,Milestone 24-1,2026-03-13,2026-04-08,COMPLETED,26
MS-00743-24-02,PAI-00743,Milestone 24-2,2026-02-06,2026-03-15,COMPLETED,37
MS-00744-04-01,PAI-00744,Milestone 4-1,2024-07-08,2024-07-08,COMPLETED,0
MS-00744-08-01,PAI-00744,Milestone 8-1,2024-11-08,,DELAYED,0
MS-00744-12-01,PAI-00744,Milestone 12-1,2025-03-08,2025-03-13,COMPLETED,5
MS-00744-12-02,PAI-00744,Milestone 12-2,2025-02-28,2025-03-25,COMPLETED,25
MS-00744-16-01,PAI-00744,Milestone 16-1,2025-06-22,,DELAYED,0
MS-00744-16-02,PAI-00744,Milestone 16-2,2025-05-19,2025-05-19,COMPLETED,0
MS-00744-20-01,PAI-00744,Milestone 20-1,2025-11-18,,DELAYED,0
MS-00744-20-02,PAI-00744,Milestone 20-2,2025-10-23,2025-11-26,COMPLETED,34
MS-00744-24-01,PAI-00744,Milestone 24-1,2026-03-10,2026-04-05,COMPLETED,26
MS-00744-24-02,PAI-00744,Milestone 24-2,2026-02-27,,DELAYED,0
MS-00745-04-01,PAI-00745,Milestone 4-1,2024-06-29,2024-08-07,COMPLETED,39
MS-00745-08-01,PAI-00745,Milestone 8-1,2024-09-10,2024-10-31,COMPLETED,51
MS-00745-12-01,PAI-00745,Milestone 12-1,2025-01-17,2025-03-04,COMPLETED,46
MS-00745-16-01,PAI-00745,Milestone 16-1,2025-06-12,2025-07-31,COMPLETED,49
MS-00745-20-01,PAI-00745,Milestone 20-1,2025-10-26,2025-12-10,COMPLETED,45
MS-00745-24-01,PAI-00745,Milestone 24-1,2026-01-14,,DELAYED,0
MS-00745-24-02,PAI-00745,Milestone 24-2,2026-03-20,2026-04-16,COMPLETED,27
MS-00746-04-01,PAI-00746,Milestone 4-1,2024-05-23,,DELAYED,0
MS-00746-08-01,PAI-00746,Milestone 8-1,2024-09-23,,DELAYED,0
MS-00746-12-01,PAI-00746,Milestone 12-1,2025-02-20,,DELAYED,0
MS-00746-12-02,PAI-00746,Milestone 12-2,2025-02-15,2025-03-26,COMPLETED,39
MS-00746-16-01,PAI-00746,Milestone 16-1,2025-06-07,2025-08-09,COMPLETED,63
MS-00746-16-02,PAI-00746,Milestone 16-2,2025-07-16,,DELAYED,0
MS-00746-20-01,PAI-00746,Milestone 20-1,2025-11-05,,DELAYED,0
MS-00746-20-02,PAI-00746,Milestone 20-2,2025-11-03,2025-11-23,COMPLETED,20
MS-00746-24-01,PAI-00746,Milestone 24-1,2026-03-16,,DELAYED,0
MS-00746-24-02,PAI-00746,Milestone 24-2,2026-02-17,2026-03-22,COMPLETED,33
MS-00747-04-01,PAI-00747,Milestone 4-1,2024-06-12,2024-06-16,COMPLETED,4
MS-00747-04-02,PAI-00747,Milestone 4-2,2024-05-10,2024-05-21,COMPLETED,11
MS-00747-08-01,PAI-00747,Milestone 8-1,2024-10-20,,DELAYED,0
MS-00747-08-02,PAI-00747,Milestone 8-2,2024-09-24,2024-10-30,COMPLETED,36
MS-00747-12-01,PAI-00747,Milestone 12-1,2025-03-08,2025-03-08,COMPLETED,0
MS-00747-16-01,PAI-00747,Milestone 16-1,2025-06-11,,DELAYED,0
MS-00747-20-01,PAI-00747,Milestone 20-1,2025-11-18,2025-11-18,COMPLETED,0
MS-00747-20-02,PAI-00747,Milestone 20-2,2025-11-16,2025-12-05,COMPLETED,19
MS-00747-24-01,PAI-00747,Milestone 24-1,2026-01-12,2026-02-17,COMPLETED,36
MS-00747-24-02,PAI-00747,Milestone 24-2,2026-01-29,,DELAYED,0
MS-00748-04-01,PAI-00748,Milestone 4-1,2024-07-17,2024-08-18,COMPLETED,32
MS-00748-04-02,PAI-00748,Milestone 4-2,2024-05-14,2024-05-27,COMPLETED,13
MS-00748-08-01,PAI-00748,Milestone 8-1,2024-10-05,2024-11-04,COMPLETED,30
MS-00748-08-02,PAI-00748,Milestone 8-2,2024-10-06,,DELAYED,0
MS-00748-12-01,PAI-00748,Milestone 12-1,2025-03-09,2025-05-03,COMPLETED,55
MS-00748-16-01,PAI-00748,Milestone 16-1,2025-07-01,2025-08-11,COMPLETED,41
MS-00748-20-01,PAI-00748,Milestone 20-1,2025-10-18,2025-11-20,COMPLETED,33
MS-00748-24-01,PAI-00748,Milestone 24-1,2026-02-28,2026-05-05,COMPLETED,66
MS-00749-04-01,PAI-00749,Milestone 4-1,2024-07-03,2024-07-30,COMPLETED,27
MS-00749-04-02,PAI-00749,Milestone 4-2,2024-05-30,2024-06-11,COMPLETED,12
MS-00749-08-01,PAI-00749,Milestone 8-1,2024-11-14,2024-11-14,COMPLETED,0
MS-00749-12-01,PAI-00749,Milestone 12-1,2025-03-09,2025-03-09,COMPLETED,0
MS-00749-12-02,PAI-00749,Milestone 12-2,2025-03-16,,DELAYED,0
MS-00749-16-01,PAI-00749,Milestone 16-1,2025-07-18,,DELAYED,0
MS-00749-20-01,PAI-00749,Milestone 20-1,2025-10-20,2025-10-20,COMPLETED,0
MS-00749-20-02,PAI-00749,Milestone 20-2,2025-11-04,,DELAYED,0
MS-00749-24-01,PAI-00749,Milestone 24-1,2026-03-01,2026-04-09,COMPLETED,39
MS-00749-24-02,PAI-00749,Milestone 24-2,2026-02-05,2026-04-09,COMPLETED,63
MS-00750-04-01,PAI-00750,Milestone 4-1,2024-06-26,2024-06-26,COMPLETED,0
MS-00750-08-01,PAI-00750,Milestone 8-1,2024-11-14,2024-11-25,COMPLETED,11
MS-00750-12-01,PAI-00750,Milestone 12-1,2025-03-09,2025-03-09,COMPLETED,0
MS-00750-12-02,PAI-00750,Milestone 12-2,2025-01-13,2025-02-09,COMPLETED,27
MS-00750-16-01,PAI-00750,Milestone 16-1,2025-06-06,2025-07-01,COMPLETED,25
MS-00750-16-02,PAI-00750,Milestone 16-2,2025-05-21,,DELAYED,0
MS-00750-20-01,PAI-00750,Milestone 20-1,2025-10-04,2025-10-04,COMPLETED,0
MS-00750-24-01,PAI-00750,Milestone 24-1,2026-03-15,2026-04-03,COMPLETED,19
