issue_id,internal_project_id,reporting_date,issue_category,issue_description,issue_status,severity
ISS-00001-05-01,PAI-00001,2024-05-31,ENGINEERING_OR_FEASIBILITY,Synthetic engineering or feasibility issue requiring monitoring review.,OPEN,LOW
ISS-00001-10-01,PAI-00001,2024-10-31,FUNDING,Synthetic funding issue requiring monitoring review.,IN_PROGRESS,HIGH
ISS-00001-13-01,PAI-00001,2025-01-31,SCOPE_OR_POLICY,Synthetic scope or policy issue requiring monitoring review.,IN_PROGRESS,MEDIUM
ISS-00001-15-01,PAI-00001,2025-03-31,LAND_ACQUISITION,Synthetic land acquisition issue requiring monitoring review.,OPEN,LOW
ISS-00001-16-01,PAI-00001,2025-04-30,FUNDING,Synthetic funding issue requiring monitoring review.,OPEN,MEDIUM
ISS-00001-17-01,PAI-00001,2025-05-31,BUDGET_OR_APPROVAL,Synthetic budget or approval issue requiring monitoring review.,IN_PROGRESS,MEDIUM
ISS-00001-24-01,PAI-00001,2025-12-31,SCOPE_OR_POLICY,Synthetic scope or policy issue requiring monitoring review.,OPEN,HIGH
ISS-00002-05-01,PAI-00002,2024-05-31,SCOPE_OR_POLICY,Synthetic scope or policy issue requiring monitoring review.,OPEN,HIGH
ISS-00002-05-02,PAI-00002,2024-05-31,ENGINEERING_OR_FEASIBILITY,Synthetic engineering or feasibility issue requiring monitoring review.,OPEN,LOW
ISS-00002-08-01,PAI-00002,2024-08-31,CLEARANCE,Synthetic clearance issue requiring monitoring review.,IN_PROGRESS,HIGH
ISS-00002-08-02,PAI-00002,2024-08-31,PROCUREMENT_OR_CONTRACT,Synthetic procurement or contract issue requiring monitoring review.,IN_PROGRESS,LOW
ISS-00002-14-01,PAI-00002,2025-02-28,CLEARANCE,Synthetic clearance issue requiring monitoring review.,RESOLVED,LOW
ISS-00002-19-01,PAI-00002,2025-07-31,FUNDING,Synthetic funding issue requiring monitoring review.,OPEN,LOW
ISS-00002-21-01,PAI-00002,2025-09-30,SCOPE_OR_POLICY,Synthetic scope or policy issue requiring monitoring review.,RESOLVED,LOW
ISS-00003-04-01,PAI-00003,2024-04-30,LEGAL_OR_SOCIAL,Synthetic legal or social issue requiring monitoring review.,IN_PROGRESS,HIGH
ISS-00003-06-01,PAI-00003,2024-06-30,BUDGET_OR_APPROVAL,Synthetic budget or approval issue requiring monitoring review.,OPEN,HIGH
ISS-00003-09-01,PAI-00003,2024-09-30,ENGINEERING_OR_FEASIBILITY,Synthetic engineering or feasibility issue requiring monitoring review.,RESOLVED,MEDIUM
ISS-00003-10-01,PAI-00003,2024-10-31,FUNDING,Synthetic funding issue requiring monitoring review.,OPEN,HIGH
ISS-00003-17-01,PAI-00003,2025-05-31,FUNDING,Synthetic funding issue requiring monitoring review.,IN_PROGRESS,HIGH
ISS-00003-17-02,PAI-00003,2025-05-31,ENGINEERING_OR_FEASIBILITY,Synthetic engineering or feasibility issue requiring monitoring review.,OPEN,HIGH
ISS-00003-19-01,PAI-00003,2025-07-31,BUDGET_OR_APPROVAL,Synthetic budget or approval issue requiring monitoring review.,OPEN,LOW
ISS-00003-19-02,PAI-00003,2025-07-31,LEGAL_OR_SOCIAL,Synthetic legal or social issue requiring monitoring review.,RESOLVED,MEDIUM
ISS-00003-20-01,PAI-00003,2025-08-31,LAND_ACQUISITION,Synthetic land acquisition issue requiring monitoring review.,IN_PROGRESS,MEDIUM
ISS-00004-02-01,PAI-00004,2024-02-29,FUNDING,Synthetic funding issue requiring monitoring review.,OPEN,LOW
ISS-00004-05-01,PAI-00004,2024-05-31,LAND_ACQUISITION,Synthetic land acquisition issue requiring monitoring review.,OPEN,HIGH
ISS-00004-05-02,PAI-00004,2024-05-31,SCOPE_OR_POLICY,Synthetic scope or policy issue requiring monitoring review.,OPEN,MEDIUM
ISS-00004-07-01,PAI-00004,2024-07-31,ENGINEERING_OR_FEASIBILITY,Synthetic engineering or feasibility issue requiring monitoring review.,OPEN,HIGH
ISS-00004-08-01,PAI-00004,2024-08-31,ENGINEERING_OR_FEASIBILITY,Synthetic engineering or feasibility issue requiring monitoring review.,OPEN,LOW
ISS-00004-09-01,PAI-00004,2024-09-30,FUNDING,Synthetic funding issue requiring monitoring review.,OPEN,LOW
ISS-00004-12-01,PAI-00004,2024-12-31,SCOPE_OR_POLICY,Synthetic scope or policy issue requiring monitoring review.,RESOLVED,HIGH
ISS-00004-12-02,PAI-00004,2024-12-31,BUDGET_OR_APPROVAL,Synthetic budget or approval issue requiring monitoring review.,IN_PROGRESS,MEDIUM
ISS-00004-13-01,PAI-00004,2025-01-31,FUNDING,Synthetic funding issue requiring monitoring review.,IN_PROGRESS,HIGH
ISS-00004-16-01,PAI-00004,2025-04-30,SCOPE_OR_POLICY,Synthetic scope or policy issue requiring monitoring review.,IN_PROGRESS,MEDIUM
ISS-00004-17-01,PAI-00004,2025-05-31,PROCUREMENT_OR_CONTRACT,Synthetic procurement or contract issue requiring monitoring review.,OPEN,MEDIUM
ISS-00004-17-02,PAI-00004,2025-05-31,LAND_ACQUISITION,Synthetic land acquisition issue requiring monitoring review.,IN_PROGRESS,MEDIUM
ISS-00004-18-01,PAI-00004,2025-06-30,LAND_ACQUISITION,Synthetic land acquisition issue requiring monitoring review.,OPEN,LOW
ISS-00004-20-01,PAI-00004,2025-08-31,CLEARANCE,Synthetic clearance issue requiring monitoring review.,OPEN,HIGH
ISS-00004-20-02,PAI-00004,2025-08-31,SCOPE_OR_POLICY,Synthetic scope or policy issue requiring monitoring review.,RESOLVED,HIGH
ISS-00004-22-01,PAI-00004,2025-10-31,SCOPE_OR_POLICY,Synthetic scope or policy issue requiring monitoring review.,OPEN,LOW
ISS-00004-24-01,PAI-00004,2025-12-31,FUNDING,Synthetic funding issue requiring monitoring review.,OPEN,HIGH
ISS-00004-24-02,PAI-00004,2025-12-31,ENGINEERING_OR_FEASIBILITY,Synthetic engineering or feasibility issue requiring monitoring review.,IN_PROGRESS,MEDIUM
ISS-00005-01-01,PAI-00005,2024-01-31,SCOPE_OR_POLICY,Synthetic scope or policy issue requiring monitoring review.,OPEN,LOW
ISS-00005-06-01,PAI-00005,2024-06-30,LAND_ACQUISITION,Synthetic land acquisition issue requiring monitoring review.,IN_PROGRESS,LOW
ISS-00005-12-01,PAI-00005,2024-12-31,LAND_ACQUISITION,Synthetic land acquisition issue requiring monitoring review.,RESOLVED,LOW
ISS-00005-13-01,PAI-00005,2025-01-31,SCOPE_OR_POLICY,Synthetic scope or policy issue requiring monitoring review.,OPEN,LOW
ISS-00005-16-01,PAI-00005,2025-04-30,CLEARANCE,Synthetic clearance issue requiring monitoring review.,IN_PROGRESS,LOW
ISS-00006-01-01,PAI-00006,2024-01-31,FUNDING,Synthetic funding issue requiring monitoring review.,OPEN,HIGH
ISS-00006-02-01,PAI-00006,2024-02-29,LEGAL_OR_SOCIAL,Synthetic legal or social issue requiring monitoring review.,OPEN,MEDIUM
ISS-00006-04-01,PAI-00006,2024-04-30,CLEARANCE,Synthetic clearance issue requiring monitoring review.,OPEN,HIGH
ISS-00006-04-02,PAI-00006,2024-04-30,CLEARANCE,Synthetic clearance issue requiring monitoring review.,RESOLVED,MEDIUM
ISS-00006-04-03,PAI-00006,2024-04-30,SCOPE_OR_POLICY,Synthetic scope or policy issue requiring monitoring review.,OPEN,MEDIUM
ISS-00006-09-01,PAI-00006,2024-09-30,PROCUREMENT_OR_CONTRACT,Synthetic procurement or contract issue requiring monitoring review.,OPEN,MEDIUM
ISS-00006-10-01,PAI-00006,2024-10-31,LAND_ACQUISITION,Synthetic land acquisition issue requiring monitoring review.,OPEN,HIGH
ISS-00006-11-01,PAI-00006,2024-11-30,FUNDING,Synthetic funding issue requiring monitoring review.,IN_PROGRESS,MEDIUM
ISS-00006-12-01,PAI-00006,2024-12-31,LEGAL_OR_SOCIAL,Synthetic legal or social issue requiring monitoring review.,IN_PROGRESS,MEDIUM
ISS-00006-12-02,PAI-00006,2024-12-31,FUNDING,Synthetic funding issue requiring monitoring review.,OPEN,MEDIUM
ISS-00006-14-01,PAI-00006,2025-02-28,FUNDING,Synthetic funding issue requiring monitoring review.,OPEN,MEDIUM
ISS-00006-16-01,PAI-00006,2025-04-30,CLEARANCE,Synthetic clearance issue requiring monitoring review.,OPEN,MEDIUM
ISS-00006-16-02,PAI-00006,2025-04-30,PROCUREMENT_OR_CONTRACT,Synthetic procurement or contract issue requiring monitoring review.,OPEN,MEDIUM
ISS-00006-19-01,PAI-00006,2025-07-31,LEGAL_OR_SOCIAL,Synthetic legal or social issue requiring monitoring review.,RESOLVED,HIGH
ISS-00006-19-02,PAI-00006,2025-07-31,PROCUREMENT_OR_CONTRACT,Synthetic procurement or contract issue requiring monitoring review.,IN_PROGRESS,HIGH
ISS-00006-19-03,PAI-00006,2025-07-31,BUDGET_OR_APPROVAL,Synthetic budget or approval issue requiring monitoring review.,OPEN,HIGH
ISS-00006-24-01,PAI-00006,2025-12-31,LAND_ACQUISITION,Synthetic land acquisition issue requiring monitoring review.,OPEN,MEDIUM
ISS-00006-24-02,PAI-00006,2025-12-31,LEGAL_OR_SOCIAL,Synthetic legal or social issue requiring monitoring review.,OPEN,MEDIUM
ISS-00007-01-01,PAI-00007,2024-01-31,LAND_ACQUISITION,Synthetic land acquisition issue requiring monitoring review.,OPEN,LOW
ISS-00007-05-01,PAI-00007,2024-05-31,FUNDING,Synthetic funding issue requiring monitoring review.,RESOLVED,MEDIUM
ISS-00007-08-01,PAI-00007,2024-08-31,SCOPE_OR_POLICY,Synthetic scope or policy issue requiring monitoring review.,OPEN,MEDIUM
ISS-00007-11-01,PAI-00007,2024-11-30,SCOPE_OR_POLICY,Synthetic scope or policy issue requiring monitoring review.,OPEN,MEDIUM
ISS-00007-18-01,PAI-00007,2025-06-30,ENGINEERING_OR_FEASIBILITY,Synthetic engineering or feasibility issue requiring monitoring review.,RESOLVED,LOW
ISS-00007-21-01,PAI-00007,2025-09-30,PROCUREMENT_OR_CONTRACT,Synthetic procurement or contract issue requiring monitoring review.,RESOLVED,MEDIUM
ISS-00007-24-01,PAI-00007,2025-12-31,BUDGET_OR_APPROVAL,Synthetic budget or approval issue requiring monitoring review.,IN_PROGRESS,HIGH
ISS-00008-09-01,PAI-00008,2024-09-30,LEGAL_OR_SOCIAL,Synthetic legal or social issue requiring monitoring review.,OPEN,LOW
ISS-00008-12-01,PAI-00008,2024-12-31,LAND_ACQUISITION,Synthetic land acquisition issue requiring monitoring review.,RESOLVED,MEDIUM
ISS-00008-13-01,PAI-00008,2025-01-31,LAND_ACQUISITION,Synthetic land acquisition issue requiring monitoring review.,IN_PROGRESS,MEDIUM
ISS-00008-14-01,PAI-00008,2025-02-28,FUNDING,Synthetic funding issue requiring monitoring review.,RESOLVED,LOW
ISS-00008-22-01,PAI-00008,2025-10-31,SCOPE_OR_POLICY,Synthetic scope or policy issue requiring monitoring review.,IN_PROGRESS,LOW
ISS-00008-22-02,PAI-00008,2025-10-31,LAND_ACQUISITION,Synthetic land acquisition issue requiring monitoring review.,IN_PROGRESS,MEDIUM
ISS-00009-02-01,PAI-00009,2024-02-29,SCOPE_OR_POLICY,Synthetic scope or policy issue requiring monitoring review.,IN_PROGRESS,MEDIUM
ISS-00009-03-01,PAI-00009,2024-03-31,ENGINEERING_OR_FEASIBILITY,Synthetic engineering or feasibility issue requiring monitoring review.,OPEN,MEDIUM
ISS-00009-04-01,PAI-00009,2024-04-30,SCOPE_OR_POLICY,Synthetic scope or policy issue requiring monitoring review.,OPEN,LOW
ISS-00009-05-01,PAI-00009,2024-05-31,PROCUREMENT_OR_CONTRACT,Synthetic procurement or contract issue requiring monitoring review.,IN_PROGRESS,MEDIUM
ISS-00009-05-02,PAI-00009,2024-05-31,LAND_ACQUISITION,Synthetic land acquisition issue requiring monitoring review.,OPEN,MEDIUM
ISS-00009-05-03,PAI-00009,2024-05-31,ENGINEERING_OR_FEASIBILITY,Synthetic engineering or feasibility issue requiring monitoring review.,OPEN,LOW
ISS-00009-06-01,PAI-00009,2024-06-30,ENGINEERING_OR_FEASIBILITY,Synthetic engineering or feasibility issue requiring monitoring review.,IN_PROGRESS,MEDIUM
ISS-00009-07-01,PAI-00009,2024-07-31,FUNDING,Synthetic funding issue requiring monitoring review.,OPEN,HIGH
ISS-00009-08-01,PAI-00009,2024-08-31,BUDGET_OR_APPROVAL,Synthetic budget or approval issue requiring monitoring review.,IN_PROGRESS,MEDIUM
ISS-00009-08-02,PAI-00009,2024-08-31,CLEARANCE,Synthetic clearance issue requiring monitoring review.,RESOLVED,LOW
ISS-00009-11-01,PAI-00009,2024-11-30,FUNDING,Synthetic funding issue requiring monitoring review.,OPEN,HIGH
ISS-00009-12-01,PAI-00009,2024-12-31,CLEARANCE,Synthetic clearance issue requiring monitoring review.,RESOLVED,MEDIUM
ISS-00009-13-01,PAI-00009,2025-01-31,CLEARANCE,Synthetic clearance issue requiring monitoring review.,OPEN,LOW
ISS-00009-13-02,PAI-00009,2025-01-31,PROCUREMENT_OR_CONTRACT,Synthetic procurement or contract issue requiring monitoring review.,OPEN,LOW
ISS-00009-14-01,PAI-00009,2025-02-28,FUNDING,Synthetic funding issue requiring monitoring review.,RESOLVED,MEDIUM
ISS-00009-14-02,PAI-00009,2025-02-28,LEGAL_OR_SOCIAL,Synthetic legal or social issue requiring monitoring review.,OPEN,MEDIUM
ISS-00009-15-01,PAI-00009,2025-03-31,SCOPE_OR_POLICY,Synthetic scope or policy issue requiring monitoring review.,OPEN,MEDIUM
ISS-00009-16-01,PAI-00009,2025-04-30,ENGINEERING_OR_FEASIBILITY,Synthetic engineering or feasibility issue requiring monitoring review.,OPEN,MEDIUM
ISS-00009-16-02,PAI-00009,2025-04-30,CLEARANCE,Synthetic clearance issue requiring monitoring review.,OPEN,LOW
ISS-00009-17-01,PAI-00009,2025-05-31,ENGINEERING_OR_FEASIBILITY,Synthetic engineering or feasibility issue requiring monitoring review.,OPEN,MEDIUM
ISS-00009-20-01,PAI-00009,2025-08-31,CLEARANCE,Synthetic clearance issue requiring monitoring review.,OPEN,MEDIUM
ISS-00009-20-02,PAI-00009,2025-08-31,LAND_ACQUISITION,Synthetic land acquisition issue requiring monitoring review.,RESOLVED,HIGH
ISS-00009-22-01,PAI-00009,2025-10-31,ENGINEERING_OR_FEASIBILITY,Synthetic engineering or feasibility issue requiring monitoring review.,IN_PROGRESS,HIGH
ISS-00009-22-02,PAI-00009,2025-10-31,LAND_ACQUISITION,Synthetic land acquisition issue requiring monitoring review.,RESOLVED,LOW
ISS-00009-23-01,PAI-00009,2025-11-30,LAND_ACQUISITION,Synthetic land acquisition issue requiring monitoring review.,RESOLVED,MEDIUM
ISS-00009-23-02,PAI-00009,2025-11-30,LEGAL_OR_SOCIAL,Synthetic legal or social issue requiring monitoring review.,IN_PROGRESS,MEDIUM
ISS-00010-15-01,PAI-00010,2025-03-31,FUNDING,Synthetic funding issue requiring monitoring review.,OPEN,LOW
ISS-00010-15-02,PAI-00010,2025-03-31,SCOPE_OR_POLICY,Synthetic scope or policy issue requiring monitoring review.,OPEN,MEDIUM
ISS-00010-16-01,PAI-00010,2025-04-30,FUNDING,Synthetic funding issue requiring monitoring review.,OPEN,HIGH
ISS-00010-17-01,PAI-00010,2025-05-31,FUNDING,Synthetic funding issue requiring monitoring review.,IN_PROGRESS,LOW
ISS-00010-20-01,PAI-00010,2025-08-31,PROCUREMENT_OR_CONTRACT,Synthetic procurement or contract issue requiring monitoring review.,IN_PROGRESS,LOW
ISS-00010-22-01,PAI-00010,2025-10-31,LEGAL_OR_SOCIAL,Synthetic legal or social issue requiring monitoring review.,OPEN,LOW
ISS-00010-24-01,PAI-00010,2025-12-31,ENGINEERING_OR_FEASIBILITY,Synthetic engineering or feasibility issue requiring monitoring review.,IN_PROGRESS,HIGH
ISS-00011-08-01,PAI-00011,2024-08-31,LAND_ACQUISITION,Synthetic land acquisition issue requiring monitoring review.,OPEN,HIGH
ISS-00011-13-01,PAI-00011,2025-01-31,CLEARANCE,Synthetic clearance issue requiring monitoring review.,OPEN,MEDIUM
ISS-00012-08-01,PAI-00012,2024-08-31,CLEARANCE,Synthetic clearance issue requiring monitoring review.,OPEN,MEDIUM
ISS-00012-09-01,PAI-00012,2024-09-30,LEGAL_OR_SOCIAL,Synthetic legal or social issue requiring monitoring review.,OPEN,LOW
ISS-00012-12-01,PAI-00012,2024-12-31,LEGAL_OR_SOCIAL,Synthetic legal or social issue requiring monitoring review.,RESOLVED,HIGH
ISS-00012-13-01,PAI-00012,2025-01-31,FUNDING,Synthetic funding issue requiring monitoring review.,OPEN,MEDIUM
ISS-00012-17-01,PAI-00012,2025-05-31,CLEARANCE,Synthetic clearance issue requiring monitoring review.,IN_PROGRESS,MEDIUM
ISS-00013-07-01,PAI-00013,2024-07-31,LEGAL_OR_SOCIAL,Synthetic legal or social issue requiring monitoring review.,RESOLVED,LOW
ISS-00013-11-01,PAI-00013,2024-11-30,BUDGET_OR_APPROVAL,Synthetic budget or approval issue requiring monitoring review.,OPEN,MEDIUM
ISS-00013-11-02,PAI-00013,2024-11-30,PROCUREMENT_OR_CONTRACT,Synthetic procurement or contract issue requiring monitoring review.,OPEN,LOW
ISS-00013-15-01,PAI-00013,2025-03-31,FUNDING,Synthetic funding issue requiring monitoring review.,OPEN,LOW
ISS-00013-16-01,PAI-00013,2025-04-30,SCOPE_OR_POLICY,Synthetic scope or policy issue requiring monitoring review.,OPEN,LOW
ISS-00013-20-01,PAI-00013,2025-08-31,SCOPE_OR_POLICY,Synthetic scope or policy issue requiring monitoring review.,OPEN,LOW
ISS-00013-21-01,PAI-00013,2025-09-30,LEGAL_OR_SOCIAL,Synthetic legal or social issue requiring monitoring review.,OPEN,LOW
ISS-00014-08-01,PAI-00014,2024-08-31,CLEARANCE,Synthetic clearance issue requiring monitoring review.,RESOLVED,HIGH
ISS-00014-16-01,PAI-00014,2025-04-30,ENGINEERING_OR_FEASIBILITY,Synthetic engineering or feasibility issue requiring monitoring review.,OPEN,LOW
ISS-00014-24-01,PAI-00014,2025-12-31,PROCUREMENT_OR_CONTRACT,Synthetic procurement or contract issue requiring monitoring review.,RESOLVED,MEDIUM
ISS-00014-24-02,PAI-00014,2025-12-31,SCOPE_OR_POLICY,Synthetic scope or policy issue requiring monitoring review.,IN_PROGRESS,LOW
ISS-00015-03-01,PAI-00015,2024-03-31,FUNDING,Synthetic funding issue requiring monitoring review.,OPEN,MEDIUM
ISS-00015-07-01,PAI-00015,2024-07-31,BUDGET_OR_APPROVAL,Synthetic budget or approval issue requiring monitoring review.,IN_PROGRESS,HIGH
ISS-00015-08-01,PAI-00015,2024-08-31,CLEARANCE,Synthetic clearance issue requiring monitoring review.,OPEN,MEDIUM
ISS-00015-08-02,PAI-00015,2024-08-31,LEGAL_OR_SOCIAL,Synthetic legal or social issue requiring monitoring review.,OPEN,HIGH
ISS-00015-10-01,PAI-00015,2024-10-31,SCOPE_OR_POLICY,Synthetic scope or policy issue requiring monitoring review.,IN_PROGRESS,MEDIUM
ISS-00015-10-02,PAI-00015,2024-10-31,CLEARANCE,Synthetic clearance issue requiring monitoring review.,OPEN,MEDIUM
ISS-00015-10-03,PAI-00015,2024-10-31,ENGINEERING_OR_FEASIBILITY,Synthetic engineering or feasibility issue requiring monitoring review.,OPEN,HIGH
ISS-00015-15-01,PAI-00015,2025-03-31,PROCUREMENT_OR_CONTRACT,Synthetic procurement or contract issue requiring monitoring review.,IN_PROGRESS,MEDIUM
ISS-00015-16-01,PAI-00015,2025-04-30,CLEARANCE,Synthetic clearance issue requiring monitoring review.,OPEN,MEDIUM
ISS-00015-17-01,PAI-00015,2025-05-31,BUDGET_OR_APPROVAL,Synthetic budget or approval issue requiring monitoring review.,RESOLVED,LOW
ISS-00015-18-01,PAI-00015,2025-06-30,SCOPE_OR_POLICY,Synthetic scope or policy issue requiring monitoring review.,OPEN,LOW
ISS-00015-19-01,PAI-00015,2025-07-31,ENGINEERING_OR_FEASIBILITY,Synthetic engineering or feasibility issue requiring monitoring review.,IN_PROGRESS,MEDIUM
ISS-00015-20-01,PAI-00015,2025-08-31,ENGINEERING_OR_FEASIBILITY,Synthetic engineering or feasibility issue requiring monitoring review.,OPEN,MEDIUM
ISS-00015-20-02,PAI-00015,2025-08-31,LEGAL_OR_SOCIAL,Synthetic legal or social issue requiring monitoring review.,IN_PROGRESS,MEDIUM
ISS-00015-20-03,PAI-00015,2025-08-31,PROCUREMENT_OR_CONTRACT,Synthetic procurement or contract issue requiring monitoring review.,IN_PROGRESS,MEDIUM
ISS-00015-22-01,PAI-00015,2025-10-31,SCOPE_OR_POLICY,Synthetic scope or policy issue requiring monitoring review.,IN_PROGRESS,HIGH
ISS-00015-23-01,PAI-00015,2025-11-30,ENGINEERING_OR_FEASIBILITY,Synthetic engineering or feasibility issue requiring monitoring review.,OPEN,HIGH
ISS-00016-03-01,PAI-00016,2024-03-31,SCOPE_OR_POLICY,Synthetic scope or policy issue requiring monitoring review.,OPEN,HIGH
ISS-00016-05-01,PAI-00016,2024-05-31,FUNDING,Synthetic funding issue requiring monitoring review.,OPEN,HIGH
ISS-00016-05-02,PAI-00016,2024-05-31,ENGINEERING_OR_FEASIBILITY,Synthetic engineering or feasibility issue requiring monitoring review.,IN_PROGRESS,HIGH
ISS-00016-09-01,PAI-00016,2024-09-30,PROCUREMENT_OR_CONTRACT,Synthetic procurement or contract issue requiring monitoring review.,RESOLVED,HIGH
ISS-00016-15-01,PAI-00016,2025-03-31,FUNDING,Synthetic funding issue requiring monitoring review.,OPEN,LOW
ISS-00016-23-01,PAI-00016,2025-11-30,ENGINEERING_OR_FEASIBILITY,Synthetic engineering or feasibility issue requiring monitoring review.,RESOLVED,HIGH
ISS-00016-23-02,PAI-00016,2025-11-30,LAND_ACQUISITION,Synthetic land acquisition issue requiring monitoring review.,IN_PROGRESS,HIGH
ISS-00016-24-01,PAI-00016,2025-12-31,LAND_ACQUISITION,Synthetic land acquisition issue requiring monitoring review.,OPEN,HIGH
ISS-00017-01-01,PAI-00017,2024-01-31,FUNDING,Synthetic funding issue requiring monitoring review.,IN_PROGRESS,LOW
ISS-00017-01-02,PAI-00017,2024-01-31,LAND_ACQUISITION,Synthetic land acquisition issue requiring monitoring review.,RESOLVED,MEDIUM
ISS-00017-04-01,PAI-00017,2024-04-30,ENGINEERING_OR_FEASIBILITY,Synthetic engineering or feasibility issue requiring monitoring review.,OPEN,MEDIUM
ISS-00017-08-01,PAI-00017,2024-08-31,LAND_ACQUISITION,Synthetic land acquisition issue requiring monitoring review.,IN_PROGRESS,HIGH
ISS-00017-10-01,PAI-00017,2024-10-31,FUNDING,Synthetic funding issue requiring monitoring review.,RESOLVED,LOW
ISS-00017-11-01,PAI-00017,2024-11-30,LEGAL_OR_SOCIAL,Synthetic legal or social issue requiring monitoring review.,OPEN,LOW
ISS-00017-11-02,PAI-00017,2024-11-30,LAND_ACQUISITION,Synthetic land acquisition issue requiring monitoring review.,OPEN,MEDIUM
ISS-00017-16-01,PAI-00017,2025-04-30,CLEARANCE,Synthetic clearance issue requiring monitoring review.,OPEN,MEDIUM
ISS-00017-16-02,PAI-00017,2025-04-30,ENGINEERING_OR_FEASIBILITY,Synthetic engineering or feasibility issue requiring monitoring review.,OPEN,MEDIUM
ISS-00017-16-03,PAI-00017,2025-04-30,LAND_ACQUISITION,Synthetic land acquisition issue requiring monitoring review.,IN_PROGRESS,HIGH
ISS-00017-17-01,PAI-00017,2025-05-31,PROCUREMENT_OR_CONTRACT,Synthetic procurement or contract issue requiring monitoring review.,IN_PROGRESS,LOW
ISS-00017-17-02,PAI-00017,2025-05-31,BUDGET_OR_APPROVAL,Synthetic budget or approval issue requiring monitoring review.,RESOLVED,MEDIUM
ISS-00017-18-01,PAI-00017,2025-06-30,FUNDING,Synthetic funding issue requiring monitoring review.,IN_PROGRESS,MEDIUM
ISS-00017-18-02,PAI-00017,2025-06-30,LAND_ACQUISITION,Synthetic land acquisition issue requiring monitoring review.,RESOLVED,LOW
ISS-00017-19-01,PAI-00017,2025-07-31,LAND_ACQUISITION,Synthetic land acquisition issue requiring monitoring review.,OPEN,MEDIUM
ISS-00017-19-02,PAI-00017,2025-07-31,FUNDING,Synthetic funding issue requiring monitoring review.,RESOLVED,LOW
ISS-00017-20-01,PAI-00017,2025-08-31,ENGINEERING_OR_FEASIBILITY,Synthetic engineering or feasibility issue requiring monitoring review.,OPEN,HIGH
ISS-00017-21-01,PAI-00017,2025-09-30,CLEARANCE,Synthetic clearance issue requiring monitoring review.,RESOLVED,HIGH
ISS-00017-22-01,PAI-00017,2025-10-31,ENGINEERING_OR_FEASIBILITY,Synthetic engineering or feasibility issue requiring monitoring review.,IN_PROGRESS,MEDIUM
ISS-00017-23-01,PAI-00017,2025-11-30,BUDGET_OR_APPROVAL,Synthetic budget or approval issue requiring monitoring review.,OPEN,HIGH
ISS-00017-23-02,PAI-00017,2025-11-30,SCOPE_OR_POLICY,Synthetic scope or policy issue requiring monitoring review.,OPEN,MEDIUM
ISS-00017-23-03,PAI-00017,2025-11-30,SCOPE_OR_POLICY,Synthetic scope or policy issue requiring monitoring review.,IN_PROGRESS,LOW
ISS-00018-09-01,PAI-00018,2024-09-30,SCOPE_OR_POLICY,Synthetic scope or policy issue requiring monitoring review.,IN_PROGRESS,MEDIUM
ISS-00018-09-02,PAI-00018,2024-09-30,FUNDING,Synthetic funding issue requiring monitoring review.,IN_PROGRESS,HIGH
ISS-00018-10-01,PAI-00018,2024-10-31,LAND_ACQUISITION,Synthetic land acquisition issue requiring monitoring review.,IN_PROGRESS,MEDIUM
ISS-00018-13-01,PAI-00018,2025-01-31,BUDGET_OR_APPROVAL,Synthetic budget or approval issue requiring monitoring review.,IN_PROGRESS,HIGH
ISS-00018-16-01,PAI-00018,2025-04-30,LEGAL_OR_SOCIAL,Synthetic legal or social issue requiring monitoring review.,IN_PROGRESS,MEDIUM
ISS-00018-18-01,PAI-00018,2025-06-30,LAND_ACQUISITION,Synthetic land acquisition issue requiring monitoring review.,OPEN,MEDIUM
ISS-00018-19-01,PAI-00018,2025-07-31,ENGINEERING_OR_FEASIBILITY,Synthetic engineering or feasibility issue requiring monitoring review.,RESOLVED,LOW
ISS-00019-03-01,PAI-00019,2024-03-31,CLEARANCE,Synthetic clearance issue requiring monitoring review.,OPEN,MEDIUM
ISS-00019-05-01,PAI-00019,2024-05-31,BUDGET_OR_APPROVAL,Synthetic budget or approval issue requiring monitoring review.,OPEN,HIGH
ISS-00019-15-01,PAI-00019,2025-03-31,CLEARANCE,Synthetic clearance issue requiring monitoring review.,OPEN,MEDIUM
ISS-00019-20-01,PAI-00019,2025-08-31,BUDGET_OR_APPROVAL,Synthetic budget or approval issue requiring monitoring review.,OPEN,MEDIUM
ISS-00019-21-01,PAI-00019,2025-09-30,FUNDING,Synthetic funding issue requiring monitoring review.,RESOLVED,MEDIUM
ISS-00019-22-01,PAI-00019,2025-10-31,FUNDING,Synthetic funding issue requiring monitoring review.,OPEN,MEDIUM
ISS-00019-24-01,PAI-00019,2025-12-31,SCOPE_OR_POLICY,Synthetic scope or policy issue requiring monitoring review.,IN_PROGRESS,MEDIUM
ISS-00020-03-01,PAI-00020,2024-03-31,LEGAL_OR_SOCIAL,Synthetic legal or social issue requiring monitoring review.,OPEN,MEDIUM
ISS-00020-04-01,PAI-00020,2024-04-30,FUNDING,Synthetic funding issue requiring monitoring review.,RESOLVED,HIGH
ISS-00020-04-02,PAI-00020,2024-04-30,LEGAL_OR_SOCIAL,Synthetic legal or social issue requiring monitoring review.,RESOLVED,MEDIUM
ISS-00020-07-01,PAI-00020,2024-07-31,SCOPE_OR_POLICY,Synthetic scope or policy issue requiring monitoring review.,IN_PROGRESS,HIGH
ISS-00020-11-01,PAI-00020,2024-11-30,SCOPE_OR_POLICY,Synthetic scope or policy issue requiring monitoring review.,IN_PROGRESS,MEDIUM
ISS-00020-11-02,PAI-00020,2024-11-30,CLEARANCE,Synthetic clearance issue requiring monitoring review.,IN_PROGRESS,MEDIUM
ISS-00020-12-01,PAI-00020,2024-12-31,SCOPE_OR_POLICY,Synthetic scope or policy issue requiring monitoring review.,RESOLVED,LOW
ISS-00020-12-02,PAI-00020,2024-12-31,SCOPE_OR_POLICY,Synthetic scope or policy issue requiring monitoring review.,IN_PROGRESS,MEDIUM
ISS-00020-14-01,PAI-00020,2025-02-28,ENGINEERING_OR_FEASIBILITY,Synthetic engineering or feasibility issue requiring monitoring review.,IN_PROGRESS,HIGH
ISS-00020-15-01,PAI-00020,2025-03-31,CLEARANCE,Synthetic clearance issue requiring monitoring review.,RESOLVED,LOW
ISS-00020-16-01,PAI-00020,2025-04-30,FUNDING,Synthetic funding issue requiring monitoring review.,IN_PROGRESS,MEDIUM
ISS-00020-16-02,PAI-00020,2025-04-30,ENGINEERING_OR_FEASIBILITY,Synthetic engineering or feasibility issue requiring monitoring review.,IN_PROGRESS,LOW
ISS-00020-17-01,PAI-00020,2025-05-31,LEGAL_OR_SOCIAL,Synthetic legal or social issue requiring monitoring review.,IN_PROGRESS,HIGH
ISS-00020-18-01,PAI-00020,2025-06-30,SCOPE_OR_POLICY,Synthetic scope or policy issue requiring monitoring review.,OPEN,MEDIUM
ISS-00020-18-02,PAI-00020,2025-06-30,ENGINEERING_OR_FEASIBILITY,Synthetic engineering or feasibility issue requiring monitoring review.,OPEN,MEDIUM
ISS-00020-18-03,PAI-00020,2025-06-30,ENGINEERING_OR_FEASIBILITY,Synthetic engineering or feasibility issue requiring monitoring review.,RESOLVED,MEDIUM
ISS-00020-20-01,PAI-00020,2025-08-31,FUNDING,Synthetic funding issue requiring monitoring review.,OPEN,HIGH
ISS-00020-22-01,PAI-00020,2025-10-31,LAND_ACQUISITION,Synthetic land acquisition issue requiring monitoring review.,RESOLVED,MEDIUM
ISS-00020-22-02,PAI-00020,2025-10-31,BUDGET_OR_APPROVAL,Synthetic budget or approval issue requiring monitoring review.,OPEN,MEDIUM
ISS-00020-24-01,PAI-00020,2025-12-31,LEGAL_OR_SOCIAL,Synthetic legal or social issue requiring monitoring review.,OPEN,LOW
ISS-00020-24-02,PAI-00020,2025-12-31,LAND_ACQUISITION,Synthetic land acquisition issue requiring monitoring review.,OPEN,MEDIUM
ISS-00021-01-01,PAI-00021,2024-01-31,ENGINEERING_OR_FEASIBILITY,Synthetic engineering or feasibility issue requiring monitoring review.,OPEN,HIGH
ISS-00021-03-01,PAI-00021,2024-03-31,CLEARANCE,Synthetic clearance issue requiring monitoring review.,OPEN,LOW
ISS-00021-03-02,PAI-00021,2024-03-31,SCOPE_OR_POLICY,Synthetic scope or policy issue requiring monitoring review.,IN_PROGRESS,MEDIUM
ISS-00021-08-01,PAI-00021,2024-08-31,LAND_ACQUISITION,Synthetic land acquisition issue requiring monitoring review.,RESOLVED,MEDIUM
ISS-00021-10-01,PAI-00021,2024-10-31,LEGAL_OR_SOCIAL,Synthetic legal or social issue requiring monitoring review.,IN_PROGRESS,LOW
ISS-00021-14-01,PAI-00021,2025-02-28,ENGINEERING_OR_FEASIBILITY,Synthetic engineering or feasibility issue requiring monitoring review.,IN_PROGRESS,HIGH
ISS-00021-14-02,PAI-00021,2025-02-28,LAND_ACQUISITION,Synthetic land acquisition issue requiring monitoring review.,OPEN,MEDIUM
ISS-00021-15-01,PAI-00021,2025-03-31,ENGINEERING_OR_FEASIBILITY,Synthetic engineering or feasibility issue requiring monitoring review.,RESOLVED,HIGH
ISS-00021-16-01,PAI-00021,2025-04-30,BUDGET_OR_APPROVAL,Synthetic budget or approval issue requiring monitoring review.,OPEN,MEDIUM
ISS-00021-17-01,PAI-00021,2025-05-31,FUNDING,Synthetic funding issue requiring monitoring review.,OPEN,HIGH
ISS-00021-22-01,PAI-00021,2025-10-31,SCOPE_OR_POLICY,Synthetic scope or policy issue requiring monitoring review.,RESOLVED,LOW
ISS-00021-22-02,PAI-00021,2025-10-31,ENGINEERING_OR_FEASIBILITY,Synthetic engineering or feasibility issue requiring monitoring review.,IN_PROGRESS,HIGH
ISS-00021-24-01,PAI-00021,2025-12-31,PROCUREMENT_OR_CONTRACT,Synthetic procurement or contract issue requiring monitoring review.,OPEN,MEDIUM
ISS-00022-07-01,PAI-00022,2024-07-31,PROCUREMENT_OR_CONTRACT,Synthetic procurement or contract issue requiring monitoring review.,IN_PROGRESS,MEDIUM
ISS-00022-08-01,PAI-00022,2024-08-31,CLEARANCE,Synthetic clearance issue requiring monitoring review.,IN_PROGRESS,MEDIUM
ISS-00022-09-01,PAI-00022,2024-09-30,ENGINEERING_OR_FEASIBILITY,Synthetic engineering or feasibility issue requiring monitoring review.,OPEN,LOW
ISS-00022-10-01,PAI-00022,2024-10-31,FUNDING,Synthetic funding issue requiring monitoring review.,IN_PROGRESS,HIGH
ISS-00022-10-02,PAI-00022,2024-10-31,LAND_ACQUISITION,Synthetic land acquisition issue requiring monitoring review.,IN_PROGRESS,LOW
ISS-00022-19-01,PAI-00022,2025-07-31,ENGINEERING_OR_FEASIBILITY,Synthetic engineering or feasibility issue requiring monitoring review.,OPEN,LOW
ISS-00022-22-01,PAI-00022,2025-10-31,LEGAL_OR_SOCIAL,Synthetic legal or social issue requiring monitoring review.,RESOLVED,LOW
ISS-00023-10-01,PAI-00023,2024-10-31,FUNDING,Synthetic funding issue requiring monitoring review.,OPEN,MEDIUM
ISS-00023-11-01,PAI-00023,2024-11-30,SCOPE_OR_POLICY,Synthetic scope or policy issue requiring monitoring review.,OPEN,MEDIUM
ISS-00023-15-01,PAI-00023,2025-03-31,BUDGET_OR_APPROVAL,Synthetic budget or approval issue requiring monitoring review.,OPEN,MEDIUM
ISS-00023-17-01,PAI-00023,2025-05-31,ENGINEERING_OR_FEASIBILITY,Synthetic engineering or feasibility issue requiring monitoring review.,IN_PROGRESS,LOW
ISS-00023-20-01,PAI-00023,2025-08-31,PROCUREMENT_OR_CONTRACT,Synthetic procurement or contract issue requiring monitoring review.,OPEN,MEDIUM
ISS-00023-24-01,PAI-00023,2025-12-31,SCOPE_OR_POLICY,Synthetic scope or policy issue requiring monitoring review.,OPEN,MEDIUM
ISS-00024-06-01,PAI-00024,2024-06-30,CLEARANCE,Synthetic clearance issue requiring monitoring review.,IN_PROGRESS,LOW
ISS-00024-08-01,PAI-00024,2024-08-31,LEGAL_OR_SOCIAL,Synthetic legal or social issue requiring monitoring review.,OPEN,MEDIUM
ISS-00024-14-01,PAI-00024,2025-02-28,LAND_ACQUISITION,Synthetic land acquisition issue requiring monitoring review.,OPEN,MEDIUM
ISS-00024-20-01,PAI-00024,2025-08-31,LEGAL_OR_SOCIAL,Synthetic legal or social issue requiring monitoring review.,OPEN,MEDIUM
ISS-00024-23-01,PAI-00024,2025-11-30,SCOPE_OR_POLICY,Synthetic scope or policy issue requiring monitoring review.,OPEN,MEDIUM
ISS-00025-07-01,PAI-00025,2024-07-31,LAND_ACQUISITION,Synthetic land acquisition issue requiring monitoring review.,OPEN,MEDIUM
ISS-00025-08-01,PAI-00025,2024-08-31,CLEARANCE,Synthetic clearance issue requiring monitoring review.,OPEN,HIGH
ISS-00025-09-01,PAI-00025,2024-09-30,LEGAL_OR_SOCIAL,Synthetic legal or social issue requiring monitoring review.,OPEN,MEDIUM
ISS-00025-11-01,PAI-00025,2024-11-30,CLEARANCE,Synthetic clearance issue requiring monitoring review.,IN_PROGRESS,MEDIUM
ISS-00025-13-01,PAI-00025,2025-01-31,LAND_ACQUISITION,Synthetic land acquisition issue requiring monitoring review.,OPEN,HIGH
ISS-00025-13-02,PAI-00025,2025-01-31,LEGAL_OR_SOCIAL,Synthetic legal or social issue requiring monitoring review.,RESOLVED,LOW
ISS-00025-15-01,PAI-00025,2025-03-31,PROCUREMENT_OR_CONTRACT,Synthetic procurement or contract issue requiring monitoring review.,OPEN,LOW
ISS-00025-18-01,PAI-00025,2025-06-30,ENGINEERING_OR_FEASIBILITY,Synthetic engineering or feasibility issue requiring monitoring review.,OPEN,HIGH
ISS-00025-19-01,PAI-00025,2025-07-31,SCOPE_OR_POLICY,Synthetic scope or policy issue requiring monitoring review.,OPEN,MEDIUM
ISS-00025-22-01,PAI-00025,2025-10-31,PROCUREMENT_OR_CONTRACT,Synthetic procurement or contract issue requiring monitoring review.,OPEN,MEDIUM
ISS-00025-23-01,PAI-00025,2025-11-30,SCOPE_OR_POLICY,Synthetic scope or policy issue requiring monitoring review.,IN_PROGRESS,HIGH
ISS-00025-24-01,PAI-00025,2025-12-31,LAND_ACQUISITION,Synthetic land acquisition issue requiring monitoring review.,OPEN,LOW
ISS-00026-06-01,PAI-00026,2024-06-30,FUNDING,Synthetic funding issue requiring monitoring review.,OPEN,MEDIUM
ISS-00026-10-01,PAI-00026,2024-10-31,CLEARANCE,Synthetic clearance issue requiring monitoring review.,RESOLVED,MEDIUM
ISS-00026-12-01,PAI-00026,2024-12-31,LEGAL_OR_SOCIAL,Synthetic legal or social issue requiring monitoring review.,OPEN,LOW
ISS-00026-16-01,PAI-00026,2025-04-30,FUNDING,Synthetic funding issue requiring monitoring review.,OPEN,MEDIUM
ISS-00026-18-01,PAI-00026,2025-06-30,FUNDING,Synthetic funding issue requiring monitoring review.,RESOLVED,LOW
ISS-00026-20-01,PAI-00026,2025-08-31,ENGINEERING_OR_FEASIBILITY,Synthetic engineering or feasibility issue requiring monitoring review.,RESOLVED,MEDIUM
ISS-00026-23-01,PAI-00026,2025-11-30,ENGINEERING_OR_FEASIBILITY,Synthetic engineering or feasibility issue requiring monitoring review.,RESOLVED,LOW
ISS-00026-23-02,PAI-00026,2025-11-30,BUDGET_OR_APPROVAL,Synthetic budget or approval issue requiring monitoring review.,OPEN,MEDIUM
ISS-00027-01-01,PAI-00027,2024-01-31,ENGINEERING_OR_FEASIBILITY,Synthetic engineering or feasibility issue requiring monitoring review.,OPEN,HIGH
ISS-00027-01-02,PAI-00027,2024-01-31,LAND_ACQUISITION,Synthetic land acquisition issue requiring monitoring review.,OPEN,HIGH
ISS-00027-03-01,PAI-00027,2024-03-31,LAND_ACQUISITION,Synthetic land acquisition issue requiring monitoring review.,RESOLVED,HIGH
ISS-00027-04-01,PAI-00027,2024-04-30,FUNDING,Synthetic funding issue requiring monitoring review.,RESOLVED,HIGH
ISS-00027-06-01,PAI-00027,2024-06-30,FUNDING,Synthetic funding issue requiring monitoring review.,IN_PROGRESS,MEDIUM
ISS-00027-11-01,PAI-00027,2024-11-30,LEGAL_OR_SOCIAL,Synthetic legal or social issue requiring monitoring review.,RESOLVED,MEDIUM
ISS-00027-11-02,PAI-00027,2024-11-30,BUDGET_OR_APPROVAL,Synthetic budget or approval issue requiring monitoring review.,IN_PROGRESS,LOW
ISS-00027-13-01,PAI-00027,2025-01-31,PROCUREMENT_OR_CONTRACT,Synthetic procurement or contract issue requiring monitoring review.,IN_PROGRESS,HIGH
ISS-00027-14-01,PAI-00027,2025-02-28,CLEARANCE,Synthetic clearance issue requiring monitoring review.,RESOLVED,LOW
ISS-00027-15-01,PAI-00027,2025-03-31,CLEARANCE,Synthetic clearance issue requiring monitoring review.,RESOLVED,MEDIUM
ISS-00027-16-01,PAI-00027,2025-04-30,LEGAL_OR_SOCIAL,Synthetic legal or social issue requiring monitoring review.,OPEN,MEDIUM
ISS-00027-17-01,PAI-00027,2025-05-31,FUNDING,Synthetic funding issue requiring monitoring review.,OPEN,LOW
ISS-00027-18-01,PAI-00027,2025-06-30,SCOPE_OR_POLICY,Synthetic scope or policy issue requiring monitoring review.,OPEN,MEDIUM
ISS-00027-18-02,PAI-00027,2025-06-30,FUNDING,Synthetic funding issue requiring monitoring review.,IN_PROGRESS,MEDIUM
ISS-00027-19-01,PAI-00027,2025-07-31,CLEARANCE,Synthetic clearance issue requiring monitoring review.,RESOLVED,MEDIUM
ISS-00027-21-01,PAI-00027,2025-09-30,PROCUREMENT_OR_CONTRACT,Synthetic procurement or contract issue requiring monitoring review.,OPEN,HIGH
ISS-00027-22-01,PAI-00027,2025-10-31,CLEARANCE,Synthetic clearance issue requiring monitoring review.,RESOLVED,HIGH
ISS-00027-22-02,PAI-00027,2025-10-31,PROCUREMENT_OR_CONTRACT,Synthetic procurement or contract issue requiring monitoring review.,RESOLVED,LOW
ISS-00027-22-03,PAI-00027,2025-10-31,FUNDING,Synthetic funding issue requiring monitoring review.,RESOLVED,LOW
ISS-00027-22-04,PAI-00027,2025-10-31,FUNDING,Synthetic funding issue requiring monitoring review.,OPEN,HIGH
ISS-00027-23-01,PAI-00027,2025-11-30,LAND_ACQUISITION,Synthetic land acquisition issue requiring monitoring review.,OPEN,MEDIUM
ISS-00027-24-01,PAI-00027,2025-12-31,LEGAL_OR_SOCIAL,Synthetic legal or social issue requiring monitoring review.,IN_PROGRESS,LOW
ISS-00027-24-02,PAI-00027,2025-12-31,LEGAL_OR_SOCIAL,Synthetic legal or social issue requiring monitoring review.,IN_PROGRESS,MEDIUM
ISS-00028-03-01,PAI-00028,2024-03-31,SCOPE_OR_POLICY,Synthetic scope or policy issue requiring monitoring review.,OPEN,MEDIUM
ISS-00028-06-01,PAI-00028,2024-06-30,FUNDING,Synthetic funding issue requiring monitoring review.,OPEN,MEDIUM
ISS-00028-07-01,PAI-00028,2024-07-31,LAND_ACQUISITION,Synthetic land acquisition issue requiring monitoring review.,IN_PROGRESS,MEDIUM
ISS-00028-07-02,PAI-00028,2024-07-31,BUDGET_OR_APPROVAL,Synthetic budget or approval issue requiring monitoring review.,RESOLVED,LOW
ISS-00028-09-01,PAI-00028,2024-09-30,SCOPE_OR_POLICY,Synthetic scope or policy issue requiring monitoring review.,OPEN,MEDIUM
ISS-00028-10-01,PAI-00028,2024-10-31,BUDGET_OR_APPROVAL,Synthetic budget or approval issue requiring monitoring review.,IN_PROGRESS,LOW
ISS-00028-10-02,PAI-00028,2024-10-31,FUNDING,Synthetic funding issue requiring monitoring review.,IN_PROGRESS,HIGH
ISS-00028-12-01,PAI-00028,2024-12-31,LEGAL_OR_SOCIAL,Synthetic legal or social issue requiring monitoring review.,OPEN,MEDIUM
ISS-00028-17-01,PAI-00028,2025-05-31,ENGINEERING_OR_FEASIBILITY,Synthetic engineering or feasibility issue requiring monitoring review.,OPEN,LOW
ISS-00028-18-01,PAI-00028,2025-06-30,SCOPE_OR_POLICY,Synthetic scope or policy issue requiring monitoring review.,OPEN,MEDIUM
ISS-00028-19-01,PAI-00028,2025-07-31,FUNDING,Synthetic funding issue requiring monitoring review.,IN_PROGRESS,MEDIUM
ISS-00028-21-01,PAI-00028,2025-09-30,BUDGET_OR_APPROVAL,Synthetic budget or approval issue requiring monitoring review.,RESOLVED,MEDIUM
ISS-00028-21-02,PAI-00028,2025-09-30,SCOPE_OR_POLICY,Synthetic scope or policy issue requiring monitoring review.,OPEN,HIGH
ISS-00028-22-01,PAI-00028,2025-10-31,LAND_ACQUISITION,Synthetic land acquisition issue requiring monitoring review.,RESOLVED,HIGH
ISS-00028-22-02,PAI-00028,2025-10-31,CLEARANCE,Synthetic clearance issue requiring monitoring review.,OPEN,LOW
ISS-00028-22-03,PAI-00028,2025-10-31,LAND_ACQUISITION,Synthetic land acquisition issue requiring monitoring review.,OPEN,MEDIUM
ISS-00028-22-04,PAI-00028,2025-10-31,SCOPE_OR_POLICY,Synthetic scope or policy issue requiring monitoring review.,OPEN,LOW
ISS-00028-23-01,PAI-00028,2025-11-30,FUNDING,Synthetic funding issue requiring monitoring review.,RESOLVED,LOW
ISS-00028-23-02,PAI-00028,2025-11-30,CLEARANCE,Synthetic clearance issue requiring monitoring review.,OPEN,HIGH
ISS-00028-23-03,PAI-00028,2025-11-30,CLEARANCE,Synthetic clearance issue requiring monitoring review.,RESOLVED,LOW
ISS-00029-01-01,PAI-00029,2024-01-31,ENGINEERING_OR_FEASIBILITY,Synthetic engineering or feasibility issue requiring monitoring review.,OPEN,HIGH
ISS-00029-04-01,PAI-00029,2024-04-30,LAND_ACQUISITION,Synthetic land acquisition issue requiring monitoring review.,IN_PROGRESS,HIGH
ISS-00029-05-01,PAI-00029,2024-05-31,ENGINEERING_OR_FEASIBILITY,Synthetic engineering or feasibility issue requiring monitoring review.,IN_PROGRESS,HIGH
ISS-00029-06-01,PAI-00029,2024-06-30,CLEARANCE,Synthetic clearance issue requiring monitoring review.,OPEN,MEDIUM
ISS-00029-07-01,PAI-00029,2024-07-31,BUDGET_OR_APPROVAL,Synthetic budget or approval issue requiring monitoring review.,IN_PROGRESS,HIGH
ISS-00029-08-01,PAI-00029,2024-08-31,LAND_ACQUISITION,Synthetic land acquisition issue requiring monitoring review.,OPEN,HIGH
ISS-00029-09-01,PAI-00029,2024-09-30,LAND_ACQUISITION,Synthetic land acquisition issue requiring monitoring review.,IN_PROGRESS,MEDIUM
ISS-00029-13-01,PAI-00029,2025-01-31,ENGINEERING_OR_FEASIBILITY,Synthetic engineering or feasibility issue requiring monitoring review.,IN_PROGRESS,HIGH
ISS-00029-13-02,PAI-00029,2025-01-31,ENGINEERING_OR_FEASIBILITY,Synthetic engineering or feasibility issue requiring monitoring review.,OPEN,MEDIUM
ISS-00029-14-01,PAI-00029,2025-02-28,SCOPE_OR_POLICY,Synthetic scope or policy issue requiring monitoring review.,OPEN,LOW
ISS-00029-18-01,PAI-00029,2025-06-30,CLEARANCE,Synthetic clearance issue requiring monitoring review.,OPEN,MEDIUM
ISS-00029-18-02,PAI-00029,2025-06-30,FUNDING,Synthetic funding issue requiring monitoring review.,OPEN,MEDIUM
ISS-00029-19-01,PAI-00029,2025-07-31,CLEARANCE,Synthetic clearance issue requiring monitoring review.,RESOLVED,LOW
ISS-00029-19-02,PAI-00029,2025-07-31,LEGAL_OR_SOCIAL,Synthetic legal or social issue requiring monitoring review.,OPEN,HIGH
ISS-00029-21-01,PAI-00029,2025-09-30,LEGAL_OR_SOCIAL,Synthetic legal or social issue requiring monitoring review.,OPEN,LOW
ISS-00029-24-01,PAI-00029,2025-12-31,LEGAL_OR_SOCIAL,Synthetic legal or social issue requiring monitoring review.,OPEN,LOW
ISS-00029-24-02,PAI-00029,2025-12-31,CLEARANCE,Synthetic clearance issue requiring monitoring review.,IN_PROGRESS,LOW
ISS-00029-24-03,PAI-00029,2025-12-31,SCOPE_OR_POLICY,Synthetic scope or policy issue requiring monitoring review.,OPEN,MEDIUM
ISS-00030-07-01,PAI-00030,2024-07-31,CLEARANCE,Synthetic clearance issue requiring monitoring review.,OPEN,LOW
ISS-00030-18-01,PAI-00030,2025-06-30,ENGINEERING_OR_FEASIBILITY,Synthetic engineering or feasibility issue requiring monitoring review.,OPEN,MEDIUM
ISS-00030-20-01,PAI-00030,2025-08-31,FUNDING,Synthetic funding issue requiring monitoring review.,IN_PROGRESS,LOW
ISS-00031-01-01,PAI-00031,2024-01-31,LEGAL_OR_SOCIAL,Synthetic legal or social issue requiring monitoring review.,OPEN,HIGH
ISS-00031-08-01,PAI-00031,2024-08-31,LAND_ACQUISITION,Synthetic land acquisition issue requiring monitoring review.,OPEN,MEDIUM
ISS-00031-10-01,PAI-00031,2024-10-31,LAND_ACQUISITION,Synthetic land acquisition issue requiring monitoring review.,IN_PROGRESS,HIGH
ISS-00031-12-01,PAI-00031,2024-12-31,BUDGET_OR_APPROVAL,Synthetic budget or approval issue requiring monitoring review.,OPEN,LOW
ISS-00031-12-02,PAI-00031,2024-12-31,LAND_ACQUISITION,Synthetic land acquisition issue requiring monitoring review.,RESOLVED,LOW
ISS-00031-13-01,PAI-00031,2025-01-31,CLEARANCE,Synthetic clearance issue requiring monitoring review.,IN_PROGRESS,MEDIUM
ISS-00031-14-01,PAI-00031,2025-02-28,SCOPE_OR_POLICY,Synthetic scope or policy issue requiring monitoring review.,IN_PROGRESS,MEDIUM
ISS-00031-17-01,PAI-00031,2025-05-31,LEGAL_OR_SOCIAL,Synthetic legal or social issue requiring monitoring review.,RESOLVED,HIGH
ISS-00031-18-01,PAI-00031,2025-06-30,BUDGET_OR_APPROVAL,Synthetic budget or approval issue requiring monitoring review.,IN_PROGRESS,LOW
ISS-00031-19-01,PAI-00031,2025-07-31,PROCUREMENT_OR_CONTRACT,Synthetic procurement or contract issue requiring monitoring review.,OPEN,HIGH
ISS-00031-23-01,PAI-00031,2025-11-30,LEGAL_OR_SOCIAL,Synthetic legal or social issue requiring monitoring review.,OPEN,MEDIUM
ISS-00031-23-02,PAI-00031,2025-11-30,FUNDING,Synthetic funding issue requiring monitoring review.,RESOLVED,MEDIUM
ISS-00031-24-01,PAI-00031,2025-12-31,SCOPE_OR_POLICY,Synthetic scope or policy issue requiring monitoring review.,OPEN,HIGH
ISS-00032-04-01,PAI-00032,2024-04-30,FUNDING,Synthetic funding issue requiring monitoring review.,IN_PROGRESS,MEDIUM
ISS-00032-13-01,PAI-00032,2025-01-31,SCOPE_OR_POLICY,Synthetic scope or policy issue requiring monitoring review.,OPEN,LOW
ISS-00032-13-02,PAI-00032,2025-01-31,CLEARANCE,Synthetic clearance issue requiring monitoring review.,OPEN,MEDIUM
ISS-00032-15-01,PAI-00032,2025-03-31,FUNDING,Synthetic funding issue requiring monitoring review.,OPEN,MEDIUM
ISS-00032-21-01,PAI-00032,2025-09-30,FUNDING,Synthetic funding issue requiring monitoring review.,OPEN,MEDIUM
ISS-00032-22-01,PAI-00032,2025-10-31,SCOPE_OR_POLICY,Synthetic scope or policy issue requiring monitoring review.,OPEN,MEDIUM
ISS-00032-22-02,PAI-00032,2025-10-31,SCOPE_OR_POLICY,Synthetic scope or policy issue requiring monitoring review.,OPEN,LOW
ISS-00033-05-01,PAI-00033,2024-05-31,LEGAL_OR_SOCIAL,Synthetic legal or social issue requiring monitoring review.,OPEN,MEDIUM
ISS-00033-07-01,PAI-00033,2024-07-31,PROCUREMENT_OR_CONTRACT,Synthetic procurement or contract issue requiring monitoring review.,OPEN,LOW
ISS-00033-08-01,PAI-00033,2024-08-31,BUDGET_OR_APPROVAL,Synthetic budget or approval issue requiring monitoring review.,OPEN,LOW
ISS-00033-10-01,PAI-00033,2024-10-31,FUNDING,Synthetic funding issue requiring monitoring review.,RESOLVED,MEDIUM
ISS-00033-13-01,PAI-00033,2025-01-31,BUDGET_OR_APPROVAL,Synthetic budget or approval issue requiring monitoring review.,OPEN,HIGH
ISS-00033-16-01,PAI-00033,2025-04-30,LEGAL_OR_SOCIAL,Synthetic legal or social issue requiring monitoring review.,OPEN,MEDIUM
ISS-00033-21-01,PAI-00033,2025-09-30,LEGAL_OR_SOCIAL,Synthetic legal or social issue requiring monitoring review.,OPEN,LOW
ISS-00033-22-01,PAI-00033,2025-10-31,BUDGET_OR_APPROVAL,Synthetic budget or approval issue requiring monitoring review.,OPEN,MEDIUM
ISS-00033-23-01,PAI-00033,2025-11-30,CLEARANCE,Synthetic clearance issue requiring monitoring review.,RESOLVED,HIGH
ISS-00033-23-02,PAI-00033,2025-11-30,LEGAL_OR_SOCIAL,Synthetic legal or social issue requiring monitoring review.,IN_PROGRESS,MEDIUM
ISS-00033-23-03,PAI-00033,2025-11-30,ENGINEERING_OR_FEASIBILITY,Synthetic engineering or feasibility issue requiring monitoring review.,IN_PROGRESS,HIGH
ISS-00033-24-01,PAI-00033,2025-12-31,FUNDING,Synthetic funding issue requiring monitoring review.,OPEN,MEDIUM
ISS-00033-24-02,PAI-00033,2025-12-31,ENGINEERING_OR_FEASIBILITY,Synthetic engineering or feasibility issue requiring monitoring review.,OPEN,MEDIUM
ISS-00034-11-01,PAI-00034,2024-11-30,FUNDING,Synthetic funding issue requiring monitoring review.,IN_PROGRESS,HIGH
ISS-00034-12-01,PAI-00034,2024-12-31,BUDGET_OR_APPROVAL,Synthetic budget or approval issue requiring monitoring review.,OPEN,MEDIUM
ISS-00034-21-01,PAI-00034,2025-09-30,CLEARANCE,Synthetic clearance issue requiring monitoring review.,OPEN,LOW
ISS-00035-07-01,PAI-00035,2024-07-31,LEGAL_OR_SOCIAL,Synthetic legal or social issue requiring monitoring review.,OPEN,HIGH
ISS-00035-08-01,PAI-00035,2024-08-31,LAND_ACQUISITION,Synthetic land acquisition issue requiring monitoring review.,IN_PROGRESS,MEDIUM
ISS-00035-08-02,PAI-00035,2024-08-31,PROCUREMENT_OR_CONTRACT,Synthetic procurement or contract issue requiring monitoring review.,OPEN,HIGH
ISS-00035-09-01,PAI-00035,2024-09-30,BUDGET_OR_APPROVAL,Synthetic budget or approval issue requiring monitoring review.,OPEN,MEDIUM
ISS-00035-10-01,PAI-00035,2024-10-31,BUDGET_OR_APPROVAL,Synthetic budget or approval issue requiring monitoring review.,RESOLVED,HIGH
ISS-00035-10-02,PAI-00035,2024-10-31,SCOPE_OR_POLICY,Synthetic scope or policy issue requiring monitoring review.,IN_PROGRESS,MEDIUM
ISS-00035-13-01,PAI-00035,2025-01-31,SCOPE_OR_POLICY,Synthetic scope or policy issue requiring monitoring review.,OPEN,MEDIUM
ISS-00035-14-01,PAI-00035,2025-02-28,LEGAL_OR_SOCIAL,Synthetic legal or social issue requiring monitoring review.,OPEN,LOW
ISS-00035-14-02,PAI-00035,2025-02-28,CLEARANCE,Synthetic clearance issue requiring monitoring review.,OPEN,HIGH
ISS-00035-16-01,PAI-00035,2025-04-30,LAND_ACQUISITION,Synthetic land acquisition issue requiring monitoring review.,OPEN,LOW
ISS-00035-19-01,PAI-00035,2025-07-31,ENGINEERING_OR_FEASIBILITY,Synthetic engineering or feasibility issue requiring monitoring review.,OPEN,HIGH
ISS-00035-21-01,PAI-00035,2025-09-30,PROCUREMENT_OR_CONTRACT,Synthetic procurement or contract issue requiring monitoring review.,OPEN,HIGH
ISS-00035-21-02,PAI-00035,2025-09-30,CLEARANCE,Synthetic clearance issue requiring monitoring review.,RESOLVED,HIGH
ISS-00035-22-01,PAI-00035,2025-10-31,LEGAL_OR_SOCIAL,Synthetic legal or social issue requiring monitoring review.,OPEN,MEDIUM
ISS-00035-24-01,PAI-00035,2025-12-31,LAND_ACQUISITION,Synthetic land acquisition issue requiring monitoring review.,OPEN,MEDIUM
ISS-00035-24-02,PAI-00035,2025-12-31,SCOPE_OR_POLICY,Synthetic scope or policy issue requiring monitoring review.,OPEN,MEDIUM
ISS-00036-01-01,PAI-00036,2024-01-31,FUNDING,Synthetic funding issue requiring monitoring review.,OPEN,LOW
ISS-00036-08-01,PAI-00036,2024-08-31,LEGAL_OR_SOCIAL,Synthetic legal or social issue requiring monitoring review.,OPEN,LOW
ISS-00036-10-01,PAI-00036,2024-10-31,LEGAL_OR_SOCIAL,Synthetic legal or social issue requiring monitoring review.,OPEN,HIGH
ISS-00036-19-01,PAI-00036,2025-07-31,FUNDING,Synthetic funding issue requiring monitoring review.,RESOLVED,MEDIUM
ISS-00036-21-01,PAI-00036,2025-09-30,SCOPE_OR_POLICY,Synthetic scope or policy issue requiring monitoring review.,IN_PROGRESS,MEDIUM
ISS-00036-23-01,PAI-00036,2025-11-30,FUNDING,Synthetic funding issue requiring monitoring review.,OPEN,HIGH
ISS-00036-24-01,PAI-00036,2025-12-31,BUDGET_OR_APPROVAL,Synthetic budget or approval issue requiring monitoring review.,IN_PROGRESS,MEDIUM
ISS-00036-24-02,PAI-00036,2025-12-31,LEGAL_OR_SOCIAL,Synthetic legal or social issue requiring monitoring review.,OPEN,LOW
ISS-00036-24-03,PAI-00036,2025-12-31,LEGAL_OR_SOCIAL,Synthetic legal or social issue requiring monitoring review.,IN_PROGRESS,MEDIUM
ISS-00036-24-04,PAI-00036,2025-12-31,CLEARANCE,Synthetic clearance issue requiring monitoring review.,RESOLVED,MEDIUM
ISS-00037-01-01,PAI-00037,2024-01-31,LAND_ACQUISITION,Synthetic land acquisition issue requiring monitoring review.,IN_PROGRESS,HIGH
ISS-00037-05-01,PAI-00037,2024-05-31,LEGAL_OR_SOCIAL,Synthetic legal or social issue requiring monitoring review.,OPEN,LOW
ISS-00037-05-02,PAI-00037,2024-05-31,CLEARANCE,Synthetic clearance issue requiring monitoring review.,OPEN,LOW
ISS-00037-08-01,PAI-00037,2024-08-31,BUDGET_OR_APPROVAL,Synthetic budget or approval issue requiring monitoring review.,RESOLVED,MEDIUM
ISS-00037-10-01,PAI-00037,2024-10-31,FUNDING,Synthetic funding issue requiring monitoring review.,RESOLVED,HIGH
ISS-00037-12-01,PAI-00037,2024-12-31,PROCUREMENT_OR_CONTRACT,Synthetic procurement or contract issue requiring monitoring review.,IN_PROGRESS,MEDIUM
ISS-00037-12-02,PAI-00037,2024-12-31,FUNDING,Synthetic funding issue requiring monitoring review.,IN_PROGRESS,LOW
ISS-00037-14-01,PAI-00037,2025-02-28,FUNDING,Synthetic funding issue requiring monitoring review.,OPEN,MEDIUM
ISS-00037-14-02,PAI-00037,2025-02-28,LEGAL_OR_SOCIAL,Synthetic legal or social issue requiring monitoring review.,IN_PROGRESS,MEDIUM
ISS-00037-15-01,PAI-00037,2025-03-31,ENGINEERING_OR_FEASIBILITY,Synthetic engineering or feasibility issue requiring monitoring review.,OPEN,HIGH
ISS-00037-18-01,PAI-00037,2025-06-30,LAND_ACQUISITION,Synthetic land acquisition issue requiring monitoring review.,OPEN,HIGH
ISS-00037-18-02,PAI-00037,2025-06-30,BUDGET_OR_APPROVAL,Synthetic budget or approval issue requiring monitoring review.,IN_PROGRESS,MEDIUM
ISS-00037-18-03,PAI-00037,2025-06-30,SCOPE_OR_POLICY,Synthetic scope or policy issue requiring monitoring review.,OPEN,MEDIUM
ISS-00037-20-01,PAI-00037,2025-08-31,BUDGET_OR_APPROVAL,Synthetic budget or approval issue requiring monitoring review.,OPEN,HIGH
ISS-00037-23-01,PAI-00037,2025-11-30,FUNDING,Synthetic funding issue requiring monitoring review.,OPEN,HIGH
ISS-00037-23-02,PAI-00037,2025-11-30,CLEARANCE,Synthetic clearance issue requiring monitoring review.,OPEN,MEDIUM
ISS-00037-24-01,PAI-00037,2025-12-31,ENGINEERING_OR_FEASIBILITY,Synthetic engineering or feasibility issue requiring monitoring review.,RESOLVED,MEDIUM
ISS-00038-03-01,PAI-00038,2024-03-31,BUDGET_OR_APPROVAL,Synthetic budget or approval issue requiring monitoring review.,OPEN,LOW
ISS-00038-07-01,PAI-00038,2024-07-31,PROCUREMENT_OR_CONTRACT,Synthetic procurement or contract issue requiring monitoring review.,RESOLVED,MEDIUM
ISS-00038-08-01,PAI-00038,2024-08-31,BUDGET_OR_APPROVAL,Synthetic budget or approval issue requiring monitoring review.,IN_PROGRESS,MEDIUM
ISS-00038-08-02,PAI-00038,2024-08-31,BUDGET_OR_APPROVAL,Synthetic budget or approval issue requiring monitoring review.,IN_PROGRESS,MEDIUM
ISS-00038-10-01,PAI-00038,2024-10-31,ENGINEERING_OR_FEASIBILITY,Synthetic engineering or feasibility issue requiring monitoring review.,OPEN,LOW
ISS-00038-11-01,PAI-00038,2024-11-30,PROCUREMENT_OR_CONTRACT,Synthetic procurement or contract issue requiring monitoring review.,OPEN,LOW
ISS-00038-13-01,PAI-00038,2025-01-31,SCOPE_OR_POLICY,Synthetic scope or policy issue requiring monitoring review.,OPEN,MEDIUM
ISS-00038-15-01,PAI-00038,2025-03-31,CLEARANCE,Synthetic clearance issue requiring monitoring review.,OPEN,HIGH
ISS-00038-15-02,PAI-00038,2025-03-31,FUNDING,Synthetic funding issue requiring monitoring review.,RESOLVED,LOW
ISS-00038-15-03,PAI-00038,2025-03-31,PROCUREMENT_OR_CONTRACT,Synthetic procurement or contract issue requiring monitoring review.,OPEN,LOW
ISS-00038-17-01,PAI-00038,2025-05-31,BUDGET_OR_APPROVAL,Synthetic budget or approval issue requiring monitoring review.,IN_PROGRESS,LOW
ISS-00038-17-02,PAI-00038,2025-05-31,ENGINEERING_OR_FEASIBILITY,Synthetic engineering or feasibility issue requiring monitoring review.,OPEN,MEDIUM
ISS-00038-17-03,PAI-00038,2025-05-31,LAND_ACQUISITION,Synthetic land acquisition issue requiring monitoring review.,IN_PROGRESS,LOW
ISS-00038-18-01,PAI-00038,2025-06-30,LEGAL_OR_SOCIAL,Synthetic legal or social issue requiring monitoring review.,OPEN,HIGH
ISS-00038-18-02,PAI-00038,2025-06-30,LEGAL_OR_SOCIAL,Synthetic legal or social issue requiring monitoring review.,OPEN,LOW
ISS-00038-19-01,PAI-00038,2025-07-31,BUDGET_OR_APPROVAL,Synthetic budget or approval issue requiring monitoring review.,OPEN,MEDIUM
ISS-00038-19-02,PAI-00038,2025-07-31,PROCUREMENT_OR_CONTRACT,Synthetic procurement or contract issue requiring monitoring review.,IN_PROGRESS,MEDIUM
ISS-00038-19-03,PAI-00038,2025-07-31,FUNDING,Synthetic funding issue requiring monitoring review.,OPEN,MEDIUM
ISS-00038-20-01,PAI-00038,2025-08-31,FUNDING,Synthetic funding issue requiring monitoring review.,OPEN,LOW
ISS-00038-21-01,PAI-00038,2025-09-30,ENGINEERING_OR_FEASIBILITY,Synthetic engineering or feasibility issue requiring monitoring review.,IN_PROGRESS,MEDIUM
ISS-00038-22-01,PAI-00038,2025-10-31,CLEARANCE,Synthetic clearance issue requiring monitoring review.,IN_PROGRESS,MEDIUM
ISS-00038-22-02,PAI-00038,2025-10-31,BUDGET_OR_APPROVAL,Synthetic budget or approval issue requiring monitoring review.,RESOLVED,MEDIUM
ISS-00038-23-01,PAI-00038,2025-11-30,LAND_ACQUISITION,Synthetic land acquisition issue requiring monitoring review.,IN_PROGRESS,MEDIUM
ISS-00038-24-01,PAI-00038,2025-12-31,BUDGET_OR_APPROVAL,Synthetic budget or approval issue requiring monitoring review.,IN_PROGRESS,LOW
ISS-00038-24-02,PAI-00038,2025-12-31,LAND_ACQUISITION,Synthetic land acquisition issue requiring monitoring review.,OPEN,MEDIUM
ISS-00039-17-01,PAI-00039,2025-05-31,BUDGET_OR_APPROVAL,Synthetic budget or approval issue requiring monitoring review.,OPEN,MEDIUM
ISS-00039-24-01,PAI-00039,2025-12-31,BUDGET_OR_APPROVAL,Synthetic budget or approval issue requiring monitoring review.,OPEN,LOW
ISS-00040-03-01,PAI-00040,2024-03-31,BUDGET_OR_APPROVAL,Synthetic budget or approval issue requiring monitoring review.,OPEN,MEDIUM
ISS-00040-04-01,PAI-00040,2024-04-30,LEGAL_OR_SOCIAL,Synthetic legal or social issue requiring monitoring review.,RESOLVED,HIGH
ISS-00040-08-01,PAI-00040,2024-08-31,CLEARANCE,Synthetic clearance issue requiring monitoring review.,RESOLVED,HIGH
ISS-00040-08-02,PAI-00040,2024-08-31,PROCUREMENT_OR_CONTRACT,Synthetic procurement or contract issue requiring monitoring review.,RESOLVED,HIGH
ISS-00040-10-01,PAI-00040,2024-10-31,ENGINEERING_OR_FEASIBILITY,Synthetic engineering or feasibility issue requiring monitoring review.,OPEN,LOW
ISS-00040-12-01,PAI-00040,2024-12-31,BUDGET_OR_APPROVAL,Synthetic budget or approval issue requiring monitoring review.,RESOLVED,MEDIUM
ISS-00040-12-02,PAI-00040,2024-12-31,CLEARANCE,Synthetic clearance issue requiring monitoring review.,OPEN,MEDIUM
ISS-00040-12-03,PAI-00040,2024-12-31,LEGAL_OR_SOCIAL,Synthetic legal or social issue requiring monitoring review.,OPEN,HIGH
ISS-00040-13-01,PAI-00040,2025-01-31,PROCUREMENT_OR_CONTRACT,Synthetic procurement or contract issue requiring monitoring review.,OPEN,MEDIUM
ISS-00040-15-01,PAI-00040,2025-03-31,BUDGET_OR_APPROVAL,Synthetic budget or approval issue requiring monitoring review.,OPEN,MEDIUM
ISS-00040-16-01,PAI-00040,2025-04-30,BUDGET_OR_APPROVAL,Synthetic budget or approval issue requiring monitoring review.,RESOLVED,LOW
ISS-00040-18-01,PAI-00040,2025-06-30,BUDGET_OR_APPROVAL,Synthetic budget or approval issue requiring monitoring review.,OPEN,HIGH
ISS-00040-18-02,PAI-00040,2025-06-30,LEGAL_OR_SOCIAL,Synthetic legal or social issue requiring monitoring review.,IN_PROGRESS,MEDIUM
ISS-00040-19-01,PAI-00040,2025-07-31,LAND_ACQUISITION,Synthetic land acquisition issue requiring monitoring review.,IN_PROGRESS,LOW
ISS-00040-22-01,PAI-00040,2025-10-31,LAND_ACQUISITION,Synthetic land acquisition issue requiring monitoring review.,RESOLVED,MEDIUM
ISS-00040-23-01,PAI-00040,2025-11-30,BUDGET_OR_APPROVAL,Synthetic budget or approval issue requiring monitoring review.,RESOLVED,LOW
ISS-00040-23-02,PAI-00040,2025-11-30,PROCUREMENT_OR_CONTRACT,Synthetic procurement or contract issue requiring monitoring review.,IN_PROGRESS,HIGH
ISS-00040-23-03,PAI-00040,2025-11-30,SCOPE_OR_POLICY,Synthetic scope or policy issue requiring monitoring review.,IN_PROGRESS,MEDIUM
ISS-00040-24-01,PAI-00040,2025-12-31,LAND_ACQUISITION,Synthetic land acquisition issue requiring monitoring review.,IN_PROGRESS,MEDIUM
ISS-00041-08-01,PAI-00041,2024-08-31,LEGAL_OR_SOCIAL,Synthetic legal or social issue requiring monitoring review.,IN_PROGRESS,LOW
ISS-00041-11-01,PAI-00041,2024-11-30,PROCUREMENT_OR_CONTRACT,Synthetic procurement or contract issue requiring monitoring review.,RESOLVED,MEDIUM
ISS-00041-12-01,PAI-00041,2024-12-31,SCOPE_OR_POLICY,Synthetic scope or policy issue requiring monitoring review.,OPEN,LOW
ISS-00041-14-01,PAI-00041,2025-02-28,PROCUREMENT_OR_CONTRACT,Synthetic procurement or contract issue requiring monitoring review.,IN_PROGRESS,MEDIUM
ISS-00041-23-01,PAI-00041,2025-11-30,FUNDING,Synthetic funding issue requiring monitoring review.,OPEN,LOW
ISS-00042-08-01,PAI-00042,2024-08-31,PROCUREMENT_OR_CONTRACT,Synthetic procurement or contract issue requiring monitoring review.,OPEN,LOW
ISS-00042-15-01,PAI-00042,2025-03-31,CLEARANCE,Synthetic clearance issue requiring monitoring review.,OPEN,LOW
ISS-00042-20-01,PAI-00042,2025-08-31,BUDGET_OR_APPROVAL,Synthetic budget or approval issue requiring monitoring review.,IN_PROGRESS,MEDIUM
ISS-00043-13-01,PAI-00043,2025-01-31,BUDGET_OR_APPROVAL,Synthetic budget or approval issue requiring monitoring review.,OPEN,MEDIUM
ISS-00043-13-02,PAI-00043,2025-01-31,BUDGET_OR_APPROVAL,Synthetic budget or approval issue requiring monitoring review.,IN_PROGRESS,LOW
ISS-00043-13-03,PAI-00043,2025-01-31,LEGAL_OR_SOCIAL,Synthetic legal or social issue requiring monitoring review.,IN_PROGRESS,MEDIUM
ISS-00043-18-01,PAI-00043,2025-06-30,CLEARANCE,Synthetic clearance issue requiring monitoring review.,OPEN,LOW
ISS-00043-19-01,PAI-00043,2025-07-31,PROCUREMENT_OR_CONTRACT,Synthetic procurement or contract issue requiring monitoring review.,IN_PROGRESS,HIGH
ISS-00043-22-01,PAI-00043,2025-10-31,PROCUREMENT_OR_CONTRACT,Synthetic procurement or contract issue requiring monitoring review.,OPEN,HIGH
ISS-00043-23-01,PAI-00043,2025-11-30,FUNDING,Synthetic funding issue requiring monitoring review.,IN_PROGRESS,HIGH
ISS-00043-24-01,PAI-00043,2025-12-31,PROCUREMENT_OR_CONTRACT,Synthetic procurement or contract issue requiring monitoring review.,OPEN,MEDIUM
ISS-00044-12-01,PAI-00044,2024-12-31,PROCUREMENT_OR_CONTRACT,Synthetic procurement or contract issue requiring monitoring review.,OPEN,LOW
ISS-00044-17-01,PAI-00044,2025-05-31,LAND_ACQUISITION,Synthetic land acquisition issue requiring monitoring review.,OPEN,LOW
ISS-00044-19-01,PAI-00044,2025-07-31,LAND_ACQUISITION,Synthetic land acquisition issue requiring monitoring review.,RESOLVED,MEDIUM
ISS-00044-24-01,PAI-00044,2025-12-31,PROCUREMENT_OR_CONTRACT,Synthetic procurement or contract issue requiring monitoring review.,RESOLVED,MEDIUM
ISS-00045-08-01,PAI-00045,2024-08-31,PROCUREMENT_OR_CONTRACT,Synthetic procurement or contract issue requiring monitoring review.,IN_PROGRESS,LOW
ISS-00045-12-01,PAI-00045,2024-12-31,SCOPE_OR_POLICY,Synthetic scope or policy issue requiring monitoring review.,OPEN,LOW
ISS-00045-12-02,PAI-00045,2024-12-31,CLEARANCE,Synthetic clearance issue requiring monitoring review.,OPEN,LOW
ISS-00045-15-01,PAI-00045,2025-03-31,SCOPE_OR_POLICY,Synthetic scope or policy issue requiring monitoring review.,OPEN,HIGH
ISS-00045-23-01,PAI-00045,2025-11-30,CLEARANCE,Synthetic clearance issue requiring monitoring review.,RESOLVED,LOW
ISS-00046-02-01,PAI-00046,2024-02-29,PROCUREMENT_OR_CONTRACT,Synthetic procurement or contract issue requiring monitoring review.,RESOLVED,LOW
ISS-00046-07-01,PAI-00046,2024-07-31,PROCUREMENT_OR_CONTRACT,Synthetic procurement or contract issue requiring monitoring review.,IN_PROGRESS,MEDIUM
ISS-00046-07-02,PAI-00046,2024-07-31,SCOPE_OR_POLICY,Synthetic scope or policy issue requiring monitoring review.,OPEN,MEDIUM
ISS-00046-10-01,PAI-00046,2024-10-31,LEGAL_OR_SOCIAL,Synthetic legal or social issue requiring monitoring review.,OPEN,LOW
ISS-00046-10-02,PAI-00046,2024-10-31,LEGAL_OR_SOCIAL,Synthetic legal or social issue requiring monitoring review.,IN_PROGRESS,HIGH
ISS-00046-16-01,PAI-00046,2025-04-30,ENGINEERING_OR_FEASIBILITY,Synthetic engineering or feasibility issue requiring monitoring review.,IN_PROGRESS,HIGH
ISS-00046-16-02,PAI-00046,2025-04-30,PROCUREMENT_OR_CONTRACT,Synthetic procurement or contract issue requiring monitoring review.,RESOLVED,LOW
ISS-00046-19-01,PAI-00046,2025-07-31,FUNDING,Synthetic funding issue requiring monitoring review.,OPEN,MEDIUM
ISS-00046-23-01,PAI-00046,2025-11-30,LEGAL_OR_SOCIAL,Synthetic legal or social issue requiring monitoring review.,OPEN,HIGH
ISS-00046-24-01,PAI-00046,2025-12-31,CLEARANCE,Synthetic clearance issue requiring monitoring review.,IN_PROGRESS,MEDIUM
ISS-00047-01-01,PAI-00047,2024-01-31,SCOPE_OR_POLICY,Synthetic scope or policy issue requiring monitoring review.,RESOLVED,MEDIUM
ISS-00047-09-01,PAI-00047,2024-09-30,CLEARANCE,Synthetic clearance issue requiring monitoring review.,IN_PROGRESS,LOW
ISS-00047-10-01,PAI-00047,2024-10-31,BUDGET_OR_APPROVAL,Synthetic budget or approval issue requiring monitoring review.,OPEN,HIGH
ISS-00047-15-01,PAI-00047,2025-03-31,LEGAL_OR_SOCIAL,Synthetic legal or social issue requiring monitoring review.,RESOLVED,LOW
ISS-00048-01-01,PAI-00048,2024-01-31,LEGAL_OR_SOCIAL,Synthetic legal or social issue requiring monitoring review.,IN_PROGRESS,MEDIUM
ISS-00048-02-01,PAI-00048,2024-02-29,ENGINEERING_OR_FEASIBILITY,Synthetic engineering or feasibility issue requiring monitoring review.,IN_PROGRESS,LOW
ISS-00048-04-01,PAI-00048,2024-04-30,LAND_ACQUISITION,Synthetic land acquisition issue requiring monitoring review.,OPEN,MEDIUM
ISS-00048-10-01,PAI-00048,2024-10-31,ENGINEERING_OR_FEASIBILITY,Synthetic engineering or feasibility issue requiring monitoring review.,OPEN,HIGH
ISS-00048-10-02,PAI-00048,2024-10-31,PROCUREMENT_OR_CONTRACT,Synthetic procurement or contract issue requiring monitoring review.,IN_PROGRESS,MEDIUM
ISS-00048-11-01,PAI-00048,2024-11-30,BUDGET_OR_APPROVAL,Synthetic budget or approval issue requiring monitoring review.,IN_PROGRESS,LOW
ISS-00048-13-01,PAI-00048,2025-01-31,SCOPE_OR_POLICY,Synthetic scope or policy issue requiring monitoring review.,IN_PROGRESS,HIGH
ISS-00048-15-01,PAI-00048,2025-03-31,PROCUREMENT_OR_CONTRACT,Synthetic procurement or contract issue requiring monitoring review.,RESOLVED,MEDIUM
ISS-00048-21-01,PAI-00048,2025-09-30,ENGINEERING_OR_FEASIBILITY,Synthetic engineering or feasibility issue requiring monitoring review.,OPEN,LOW
ISS-00048-23-01,PAI-00048,2025-11-30,PROCUREMENT_OR_CONTRACT,Synthetic procurement or contract issue requiring monitoring review.,IN_PROGRESS,HIGH
ISS-00048-24-01,PAI-00048,2025-12-31,CLEARANCE,Synthetic clearance issue requiring monitoring review.,IN_PROGRESS,HIGH
ISS-00048-24-02,PAI-00048,2025-12-31,FUNDING,Synthetic funding issue requiring monitoring review.,OPEN,MEDIUM
ISS-00049-02-01,PAI-00049,2024-02-29,BUDGET_OR_APPROVAL,Synthetic budget or approval issue requiring monitoring review.,OPEN,LOW
ISS-00049-07-01,PAI-00049,2024-07-31,FUNDING,Synthetic funding issue requiring monitoring review.,RESOLVED,LOW
ISS-00049-08-01,PAI-00049,2024-08-31,FUNDING,Synthetic funding issue requiring monitoring review.,OPEN,LOW
ISS-00049-08-02,PAI-00049,2024-08-31,FUNDING,Synthetic funding issue requiring monitoring review.,RESOLVED,LOW
ISS-00049-10-01,PAI-00049,2024-10-31,LEGAL_OR_SOCIAL,Synthetic legal or social issue requiring monitoring review.,IN_PROGRESS,HIGH
ISS-00049-20-01,PAI-00049,2025-08-31,PROCUREMENT_OR_CONTRACT,Synthetic procurement or contract issue requiring monitoring review.,RESOLVED,LOW
ISS-00049-22-01,PAI-00049,2025-10-31,LEGAL_OR_SOCIAL,Synthetic legal or social issue requiring monitoring review.,RESOLVED,MEDIUM
ISS-00050-07-01,PAI-00050,2024-07-31,CLEARANCE,Synthetic clearance issue requiring monitoring review.,IN_PROGRESS,LOW
ISS-00050-16-01,PAI-00050,2025-04-30,FUNDING,Synthetic funding issue requiring monitoring review.,RESOLVED,LOW
ISS-00050-16-02,PAI-00050,2025-04-30,PROCUREMENT_OR_CONTRACT,Synthetic procurement or contract issue requiring monitoring review.,OPEN,MEDIUM
ISS-00050-24-01,PAI-00050,2025-12-31,SCOPE_OR_POLICY,Synthetic scope or policy issue requiring monitoring review.,RESOLVED,LOW
ISS-00050-24-02,PAI-00050,2025-12-31,FUNDING,Synthetic funding issue requiring monitoring review.,OPEN,MEDIUM
ISS-00051-01-01,PAI-00051,2024-01-31,CLEARANCE,Synthetic clearance issue requiring monitoring review.,IN_PROGRESS,LOW
ISS-00051-08-01,PAI-00051,2024-08-31,FUNDING,Synthetic funding issue requiring monitoring review.,RESOLVED,LOW
ISS-00051-12-01,PAI-00051,2024-12-31,ENGINEERING_OR_FEASIBILITY,Synthetic engineering or feasibility issue requiring monitoring review.,OPEN,MEDIUM
ISS-00051-17-01,PAI-00051,2025-05-31,SCOPE_OR_POLICY,Synthetic scope or policy issue requiring monitoring review.,RESOLVED,LOW
ISS-00051-17-02,PAI-00051,2025-05-31,PROCUREMENT_OR_CONTRACT,Synthetic procurement or contract issue requiring monitoring review.,OPEN,HIGH
ISS-00051-20-01,PAI-00051,2025-08-31,CLEARANCE,Synthetic clearance issue requiring monitoring review.,IN_PROGRESS,LOW
ISS-00051-21-01,PAI-00051,2025-09-30,ENGINEERING_OR_FEASIBILITY,Synthetic engineering or feasibility issue requiring monitoring review.,OPEN,MEDIUM
ISS-00052-08-01,PAI-00052,2024-08-31,ENGINEERING_OR_FEASIBILITY,Synthetic engineering or feasibility issue requiring monitoring review.,OPEN,HIGH
ISS-00052-10-01,PAI-00052,2024-10-31,CLEARANCE,Synthetic clearance issue requiring monitoring review.,IN_PROGRESS,MEDIUM
ISS-00052-10-02,PAI-00052,2024-10-31,ENGINEERING_OR_FEASIBILITY,Synthetic engineering or feasibility issue requiring monitoring review.,OPEN,MEDIUM
ISS-00052-11-01,PAI-00052,2024-11-30,CLEARANCE,Synthetic clearance issue requiring monitoring review.,RESOLVED,LOW
ISS-00052-16-01,PAI-00052,2025-04-30,SCOPE_OR_POLICY,Synthetic scope or policy issue requiring monitoring review.,OPEN,MEDIUM
ISS-00052-17-01,PAI-00052,2025-05-31,PROCUREMENT_OR_CONTRACT,Synthetic procurement or contract issue requiring monitoring review.,RESOLVED,LOW
ISS-00052-19-01,PAI-00052,2025-07-31,LEGAL_OR_SOCIAL,Synthetic legal or social issue requiring monitoring review.,OPEN,HIGH
ISS-00052-21-01,PAI-00052,2025-09-30,LAND_ACQUISITION,Synthetic land acquisition issue requiring monitoring review.,OPEN,MEDIUM
ISS-00052-22-01,PAI-00052,2025-10-31,SCOPE_OR_POLICY,Synthetic scope or policy issue requiring monitoring review.,IN_PROGRESS,LOW
ISS-00052-22-02,PAI-00052,2025-10-31,PROCUREMENT_OR_CONTRACT,Synthetic procurement or contract issue requiring monitoring review.,OPEN,MEDIUM
ISS-00052-23-01,PAI-00052,2025-11-30,CLEARANCE,Synthetic clearance issue requiring monitoring review.,OPEN,MEDIUM
ISS-00052-24-01,PAI-00052,2025-12-31,PROCUREMENT_OR_CONTRACT,Synthetic procurement or contract issue requiring monitoring review.,IN_PROGRESS,HIGH
ISS-00053-07-01,PAI-00053,2024-07-31,FUNDING,Synthetic funding issue requiring monitoring review.,OPEN,LOW
ISS-00053-15-01,PAI-00053,2025-03-31,CLEARANCE,Synthetic clearance issue requiring monitoring review.,OPEN,LOW
ISS-00053-16-01,PAI-00053,2025-04-30,ENGINEERING_OR_FEASIBILITY,Synthetic engineering or feasibility issue requiring monitoring review.,IN_PROGRESS,MEDIUM
ISS-00053-18-01,PAI-00053,2025-06-30,LEGAL_OR_SOCIAL,Synthetic legal or social issue requiring monitoring review.,IN_PROGRESS,LOW
ISS-00053-21-01,PAI-00053,2025-09-30,PROCUREMENT_OR_CONTRACT,Synthetic procurement or contract issue requiring monitoring review.,RESOLVED,LOW
ISS-00054-02-01,PAI-00054,2024-02-29,FUNDING,Synthetic funding issue requiring monitoring review.,OPEN,MEDIUM
ISS-00054-06-01,PAI-00054,2024-06-30,FUNDING,Synthetic funding issue requiring monitoring review.,IN_PROGRESS,MEDIUM
ISS-00054-06-02,PAI-00054,2024-06-30,CLEARANCE,Synthetic clearance issue requiring monitoring review.,RESOLVED,MEDIUM
ISS-00054-14-01,PAI-00054,2025-02-28,LAND_ACQUISITION,Synthetic land acquisition issue requiring monitoring review.,RESOLVED,LOW
ISS-00054-15-01,PAI-00054,2025-03-31,SCOPE_OR_POLICY,Synthetic scope or policy issue requiring monitoring review.,OPEN,MEDIUM
ISS-00054-15-02,PAI-00054,2025-03-31,LEGAL_OR_SOCIAL,Synthetic legal or social issue requiring monitoring review.,IN_PROGRESS,HIGH
ISS-00054-16-01,PAI-00054,2025-04-30,SCOPE_OR_POLICY,Synthetic scope or policy issue requiring monitoring review.,IN_PROGRESS,MEDIUM
ISS-00054-17-01,PAI-00054,2025-05-31,PROCUREMENT_OR_CONTRACT,Synthetic procurement or contract issue requiring monitoring review.,RESOLVED,HIGH
ISS-00054-17-02,PAI-00054,2025-05-31,CLEARANCE,Synthetic clearance issue requiring monitoring review.,OPEN,LOW
ISS-00054-18-01,PAI-00054,2025-06-30,BUDGET_OR_APPROVAL,Synthetic budget or approval issue requiring monitoring review.,OPEN,MEDIUM
ISS-00054-19-01,PAI-00054,2025-07-31,FUNDING,Synthetic funding issue requiring monitoring review.,IN_PROGRESS,HIGH
ISS-00054-21-01,PAI-00054,2025-09-30,PROCUREMENT_OR_CONTRACT,Synthetic procurement or contract issue requiring monitoring review.,OPEN,MEDIUM
ISS-00054-24-01,PAI-00054,2025-12-31,PROCUREMENT_OR_CONTRACT,Synthetic procurement or contract issue requiring monitoring review.,RESOLVED,MEDIUM
ISS-00055-03-01,PAI-00055,2024-03-31,CLEARANCE,Synthetic clearance issue requiring monitoring review.,IN_PROGRESS,MEDIUM
ISS-00055-08-01,PAI-00055,2024-08-31,SCOPE_OR_POLICY,Synthetic scope or policy issue requiring monitoring review.,IN_PROGRESS,MEDIUM
ISS-00055-16-01,PAI-00055,2025-04-30,LAND_ACQUISITION,Synthetic land acquisition issue requiring monitoring review.,OPEN,LOW
ISS-00055-19-01,PAI-00055,2025-07-31,BUDGET_OR_APPROVAL,Synthetic budget or approval issue requiring monitoring review.,OPEN,LOW
ISS-00055-21-01,PAI-00055,2025-09-30,CLEARANCE,Synthetic clearance issue requiring monitoring review.,OPEN,LOW
ISS-00055-24-01,PAI-00055,2025-12-31,ENGINEERING_OR_FEASIBILITY,Synthetic engineering or feasibility issue requiring monitoring review.,IN_PROGRESS,LOW
ISS-00056-01-01,PAI-00056,2024-01-31,ENGINEERING_OR_FEASIBILITY,Synthetic engineering or feasibility issue requiring monitoring review.,IN_PROGRESS,MEDIUM
ISS-00056-01-02,PAI-00056,2024-01-31,CLEARANCE,Synthetic clearance issue requiring monitoring review.,RESOLVED,LOW
ISS-00056-06-01,PAI-00056,2024-06-30,LAND_ACQUISITION,Synthetic land acquisition issue requiring monitoring review.,OPEN,HIGH
ISS-00056-08-01,PAI-00056,2024-08-31,BUDGET_OR_APPROVAL,Synthetic budget or approval issue requiring monitoring review.,IN_PROGRESS,MEDIUM
ISS-00056-09-01,PAI-00056,2024-09-30,FUNDING,Synthetic funding issue requiring monitoring review.,IN_PROGRESS,MEDIUM
ISS-00056-09-02,PAI-00056,2024-09-30,PROCUREMENT_OR_CONTRACT,Synthetic procurement or contract issue requiring monitoring review.,OPEN,MEDIUM
ISS-00056-10-01,PAI-00056,2024-10-31,LEGAL_OR_SOCIAL,Synthetic legal or social issue requiring monitoring review.,RESOLVED,MEDIUM
ISS-00056-11-01,PAI-00056,2024-11-30,ENGINEERING_OR_FEASIBILITY,Synthetic engineering or feasibility issue requiring monitoring review.,RESOLVED,MEDIUM
ISS-00056-11-02,PAI-00056,2024-11-30,LEGAL_OR_SOCIAL,Synthetic legal or social issue requiring monitoring review.,OPEN,LOW
ISS-00056-12-01,PAI-00056,2024-12-31,CLEARANCE,Synthetic clearance issue requiring monitoring review.,RESOLVED,HIGH
ISS-00056-13-01,PAI-00056,2025-01-31,FUNDING,Synthetic funding issue requiring monitoring review.,OPEN,MEDIUM
ISS-00056-15-01,PAI-00056,2025-03-31,SCOPE_OR_POLICY,Synthetic scope or policy issue requiring monitoring review.,IN_PROGRESS,MEDIUM
ISS-00056-16-01,PAI-00056,2025-04-30,CLEARANCE,Synthetic clearance issue requiring monitoring review.,IN_PROGRESS,HIGH
ISS-00056-18-01,PAI-00056,2025-06-30,SCOPE_OR_POLICY,Synthetic scope or policy issue requiring monitoring review.,IN_PROGRESS,LOW
ISS-00056-18-02,PAI-00056,2025-06-30,PROCUREMENT_OR_CONTRACT,Synthetic procurement or contract issue requiring monitoring review.,OPEN,LOW
ISS-00056-18-03,PAI-00056,2025-06-30,PROCUREMENT_OR_CONTRACT,Synthetic procurement or contract issue requiring monitoring review.,RESOLVED,MEDIUM
ISS-00056-20-01,PAI-00056,2025-08-31,SCOPE_OR_POLICY,Synthetic scope or policy issue requiring monitoring review.,OPEN,LOW
ISS-00056-20-02,PAI-00056,2025-08-31,PROCUREMENT_OR_CONTRACT,Synthetic procurement or contract issue requiring monitoring review.,IN_PROGRESS,LOW
ISS-00056-21-01,PAI-00056,2025-09-30,FUNDING,Synthetic funding issue requiring monitoring review.,OPEN,LOW
ISS-00056-21-02,PAI-00056,2025-09-30,LEGAL_OR_SOCIAL,Synthetic legal or social issue requiring monitoring review.,RESOLVED,HIGH
ISS-00056-23-01,PAI-00056,2025-11-30,BUDGET_OR_APPROVAL,Synthetic budget or approval issue requiring monitoring review.,RESOLVED,LOW
ISS-00056-23-02,PAI-00056,2025-11-30,PROCUREMENT_OR_CONTRACT,Synthetic procurement or contract issue requiring monitoring review.,IN_PROGRESS,LOW
ISS-00056-24-01,PAI-00056,2025-12-31,LEGAL_OR_SOCIAL,Synthetic legal or social issue requiring monitoring review.,OPEN,MEDIUM
ISS-00056-24-02,PAI-00056,2025-12-31,SCOPE_OR_POLICY,Synthetic scope or policy issue requiring monitoring review.,IN_PROGRESS,LOW
ISS-00057-03-01,PAI-00057,2024-03-31,ENGINEERING_OR_FEASIBILITY,Synthetic engineering or feasibility issue requiring monitoring review.,OPEN,HIGH
ISS-00057-05-01,PAI-00057,2024-05-31,CLEARANCE,Synthetic clearance issue requiring monitoring review.,OPEN,LOW
ISS-00057-12-01,PAI-00057,2024-12-31,PROCUREMENT_OR_CONTRACT,Synthetic procurement or contract issue requiring monitoring review.,RESOLVED,LOW
ISS-00057-14-01,PAI-00057,2025-02-28,BUDGET_OR_APPROVAL,Synthetic budget or approval issue requiring monitoring review.,OPEN,HIGH
ISS-00057-15-01,PAI-00057,2025-03-31,FUNDING,Synthetic funding issue requiring monitoring review.,OPEN,LOW
ISS-00057-21-01,PAI-00057,2025-09-30,PROCUREMENT_OR_CONTRACT,Synthetic procurement or contract issue requiring monitoring review.,IN_PROGRESS,LOW
ISS-00057-21-02,PAI-00057,2025-09-30,LEGAL_OR_SOCIAL,Synthetic legal or social issue requiring monitoring review.,OPEN,LOW
ISS-00058-18-01,PAI-00058,2025-06-30,BUDGET_OR_APPROVAL,Synthetic budget or approval issue requiring monitoring review.,IN_PROGRESS,HIGH
ISS-00058-18-02,PAI-00058,2025-06-30,SCOPE_OR_POLICY,Synthetic scope or policy issue requiring monitoring review.,OPEN,MEDIUM
ISS-00059-03-01,PAI-00059,2024-03-31,LEGAL_OR_SOCIAL,Synthetic legal or social issue requiring monitoring review.,OPEN,HIGH
ISS-00059-04-01,PAI-00059,2024-04-30,CLEARANCE,Synthetic clearance issue requiring monitoring review.,OPEN,MEDIUM
ISS-00059-07-01,PAI-00059,2024-07-31,BUDGET_OR_APPROVAL,Synthetic budget or approval issue requiring monitoring review.,IN_PROGRESS,MEDIUM
ISS-00059-08-01,PAI-00059,2024-08-31,LEGAL_OR_SOCIAL,Synthetic legal or social issue requiring monitoring review.,IN_PROGRESS,MEDIUM
ISS-00059-10-01,PAI-00059,2024-10-31,LAND_ACQUISITION,Synthetic land acquisition issue requiring monitoring review.,RESOLVED,MEDIUM
ISS-00059-13-01,PAI-00059,2025-01-31,BUDGET_OR_APPROVAL,Synthetic budget or approval issue requiring monitoring review.,IN_PROGRESS,LOW
ISS-00059-14-01,PAI-00059,2025-02-28,PROCUREMENT_OR_CONTRACT,Synthetic procurement or contract issue requiring monitoring review.,RESOLVED,HIGH
ISS-00059-17-01,PAI-00059,2025-05-31,LAND_ACQUISITION,Synthetic land acquisition issue requiring monitoring review.,RESOLVED,MEDIUM
ISS-00059-18-01,PAI-00059,2025-06-30,ENGINEERING_OR_FEASIBILITY,Synthetic engineering or feasibility issue requiring monitoring review.,IN_PROGRESS,LOW
ISS-00059-19-01,PAI-00059,2025-07-31,LEGAL_OR_SOCIAL,Synthetic legal or social issue requiring monitoring review.,IN_PROGRESS,HIGH
ISS-00059-19-02,PAI-00059,2025-07-31,BUDGET_OR_APPROVAL,Synthetic budget or approval issue requiring monitoring review.,OPEN,HIGH
ISS-00059-20-01,PAI-00059,2025-08-31,SCOPE_OR_POLICY,Synthetic scope or policy issue requiring monitoring review.,OPEN,MEDIUM
ISS-00059-20-02,PAI-00059,2025-08-31,FUNDING,Synthetic funding issue requiring monitoring review.,IN_PROGRESS,LOW
ISS-00059-23-01,PAI-00059,2025-11-30,LAND_ACQUISITION,Synthetic land acquisition issue requiring monitoring review.,OPEN,MEDIUM
ISS-00059-23-02,PAI-00059,2025-11-30,BUDGET_OR_APPROVAL,Synthetic budget or approval issue requiring monitoring review.,IN_PROGRESS,HIGH
ISS-00060-14-01,PAI-00060,2025-02-28,BUDGET_OR_APPROVAL,Synthetic budget or approval issue requiring monitoring review.,OPEN,MEDIUM
ISS-00060-21-01,PAI-00060,2025-09-30,BUDGET_OR_APPROVAL,Synthetic budget or approval issue requiring monitoring review.,OPEN,LOW
ISS-00060-22-01,PAI-00060,2025-10-31,FUNDING,Synthetic funding issue requiring monitoring review.,IN_PROGRESS,MEDIUM
ISS-00061-06-01,PAI-00061,2024-06-30,ENGINEERING_OR_FEASIBILITY,Synthetic engineering or feasibility issue requiring monitoring review.,IN_PROGRESS,LOW
ISS-00061-08-01,PAI-00061,2024-08-31,ENGINEERING_OR_FEASIBILITY,Synthetic engineering or feasibility issue requiring monitoring review.,OPEN,LOW
ISS-00061-10-01,PAI-00061,2024-10-31,BUDGET_OR_APPROVAL,Synthetic budget or approval issue requiring monitoring review.,IN_PROGRESS,MEDIUM
ISS-00061-11-01,PAI-00061,2024-11-30,SCOPE_OR_POLICY,Synthetic scope or policy issue requiring monitoring review.,OPEN,MEDIUM
ISS-00061-16-01,PAI-00061,2025-04-30,LEGAL_OR_SOCIAL,Synthetic legal or social issue requiring monitoring review.,IN_PROGRESS,MEDIUM
ISS-00061-17-01,PAI-00061,2025-05-31,BUDGET_OR_APPROVAL,Synthetic budget or approval issue requiring monitoring review.,RESOLVED,LOW
ISS-00061-20-01,PAI-00061,2025-08-31,LAND_ACQUISITION,Synthetic land acquisition issue requiring monitoring review.,OPEN,MEDIUM
ISS-00061-21-01,PAI-00061,2025-09-30,CLEARANCE,Synthetic clearance issue requiring monitoring review.,OPEN,HIGH
ISS-00061-21-02,PAI-00061,2025-09-30,CLEARANCE,Synthetic clearance issue requiring monitoring review.,IN_PROGRESS,MEDIUM
ISS-00061-21-03,PAI-00061,2025-09-30,PROCUREMENT_OR_CONTRACT,Synthetic procurement or contract issue requiring monitoring review.,OPEN,LOW
ISS-00061-21-04,PAI-00061,2025-09-30,CLEARANCE,Synthetic clearance issue requiring monitoring review.,OPEN,MEDIUM
ISS-00061-22-01,PAI-00061,2025-10-31,LAND_ACQUISITION,Synthetic land acquisition issue requiring monitoring review.,OPEN,MEDIUM
ISS-00061-23-01,PAI-00061,2025-11-30,FUNDING,Synthetic funding issue requiring monitoring review.,IN_PROGRESS,MEDIUM
ISS-00061-24-01,PAI-00061,2025-12-31,BUDGET_OR_APPROVAL,Synthetic budget or approval issue requiring monitoring review.,OPEN,LOW
ISS-00062-01-01,PAI-00062,2024-01-31,LEGAL_OR_SOCIAL,Synthetic legal or social issue requiring monitoring review.,OPEN,LOW
ISS-00062-02-01,PAI-00062,2024-02-29,LEGAL_OR_SOCIAL,Synthetic legal or social issue requiring monitoring review.,RESOLVED,MEDIUM
ISS-00062-03-01,PAI-00062,2024-03-31,LAND_ACQUISITION,Synthetic land acquisition issue requiring monitoring review.,IN_PROGRESS,MEDIUM
ISS-00062-05-01,PAI-00062,2024-05-31,BUDGET_OR_APPROVAL,Synthetic budget or approval issue requiring monitoring review.,IN_PROGRESS,LOW
ISS-00062-06-01,PAI-00062,2024-06-30,ENGINEERING_OR_FEASIBILITY,Synthetic engineering or feasibility issue requiring monitoring review.,IN_PROGRESS,HIGH
ISS-00062-12-01,PAI-00062,2024-12-31,BUDGET_OR_APPROVAL,Synthetic budget or approval issue requiring monitoring review.,IN_PROGRESS,HIGH
ISS-00062-12-02,PAI-00062,2024-12-31,PROCUREMENT_OR_CONTRACT,Synthetic procurement or contract issue requiring monitoring review.,OPEN,MEDIUM
ISS-00062-14-01,PAI-00062,2025-02-28,SCOPE_OR_POLICY,Synthetic scope or policy issue requiring monitoring review.,OPEN,MEDIUM
ISS-00062-14-02,PAI-00062,2025-02-28,LAND_ACQUISITION,Synthetic land acquisition issue requiring monitoring review.,IN_PROGRESS,MEDIUM
ISS-00062-15-01,PAI-00062,2025-03-31,CLEARANCE,Synthetic clearance issue requiring monitoring review.,OPEN,MEDIUM
ISS-00062-16-01,PAI-00062,2025-04-30,CLEARANCE,Synthetic clearance issue requiring monitoring review.,OPEN,MEDIUM
ISS-00062-17-01,PAI-00062,2025-05-31,CLEARANCE,Synthetic clearance issue requiring monitoring review.,OPEN,MEDIUM
ISS-00062-17-02,PAI-00062,2025-05-31,SCOPE_OR_POLICY,Synthetic scope or policy issue requiring monitoring review.,RESOLVED,MEDIUM
ISS-00062-17-03,PAI-00062,2025-05-31,LAND_ACQUISITION,Synthetic land acquisition issue requiring monitoring review.,OPEN,MEDIUM
ISS-00062-18-01,PAI-00062,2025-06-30,PROCUREMENT_OR_CONTRACT,Synthetic procurement or contract issue requiring monitoring review.,IN_PROGRESS,HIGH
ISS-00062-21-01,PAI-00062,2025-09-30,PROCUREMENT_OR_CONTRACT,Synthetic procurement or contract issue requiring monitoring review.,IN_PROGRESS,MEDIUM
ISS-00062-22-01,PAI-00062,2025-10-31,PROCUREMENT_OR_CONTRACT,Synthetic procurement or contract issue requiring monitoring review.,OPEN,HIGH
ISS-00062-23-01,PAI-00062,2025-11-30,BUDGET_OR_APPROVAL,Synthetic budget or approval issue requiring monitoring review.,RESOLVED,MEDIUM
ISS-00062-24-01,PAI-00062,2025-12-31,BUDGET_OR_APPROVAL,Synthetic budget or approval issue requiring monitoring review.,OPEN,MEDIUM
ISS-00063-07-01,PAI-00063,2024-07-31,SCOPE_OR_POLICY,Synthetic scope or policy issue requiring monitoring review.,OPEN,MEDIUM
ISS-00063-10-01,PAI-00063,2024-10-31,BUDGET_OR_APPROVAL,Synthetic budget or approval issue requiring monitoring review.,OPEN,MEDIUM
ISS-00063-10-02,PAI-00063,2024-10-31,PROCUREMENT_OR_CONTRACT,Synthetic procurement or contract issue requiring monitoring review.,IN_PROGRESS,MEDIUM
ISS-00063-11-01,PAI-00063,2024-11-30,LAND_ACQUISITION,Synthetic land acquisition issue requiring monitoring review.,RESOLVED,LOW
ISS-00063-12-01,PAI-00063,2024-12-31,BUDGET_OR_APPROVAL,Synthetic budget or approval issue requiring monitoring review.,IN_PROGRESS,LOW
ISS-00063-16-01,PAI-00063,2025-04-30,PROCUREMENT_OR_CONTRACT,Synthetic procurement or contract issue requiring monitoring review.,OPEN,MEDIUM
ISS-00063-20-01,PAI-00063,2025-08-31,FUNDING,Synthetic funding issue requiring monitoring review.,OPEN,LOW
ISS-00064-03-01,PAI-00064,2024-03-31,ENGINEERING_OR_FEASIBILITY,Synthetic engineering or feasibility issue requiring monitoring review.,OPEN,LOW
ISS-00064-04-01,PAI-00064,2024-04-30,LEGAL_OR_SOCIAL,Synthetic legal or social issue requiring monitoring review.,OPEN,MEDIUM
ISS-00064-07-01,PAI-00064,2024-07-31,PROCUREMENT_OR_CONTRACT,Synthetic procurement or contract issue requiring monitoring review.,RESOLVED,MEDIUM
ISS-00064-13-01,PAI-00064,2025-01-31,ENGINEERING_OR_FEASIBILITY,Synthetic engineering or feasibility issue requiring monitoring review.,IN_PROGRESS,MEDIUM
ISS-00064-20-01,PAI-00064,2025-08-31,CLEARANCE,Synthetic clearance issue requiring monitoring review.,IN_PROGRESS,LOW
ISS-00064-24-01,PAI-00064,2025-12-31,FUNDING,Synthetic funding issue requiring monitoring review.,RESOLVED,LOW
ISS-00065-01-01,PAI-00065,2024-01-31,SCOPE_OR_POLICY,Synthetic scope or policy issue requiring monitoring review.,OPEN,LOW
ISS-00065-02-01,PAI-00065,2024-02-29,BUDGET_OR_APPROVAL,Synthetic budget or approval issue requiring monitoring review.,OPEN,HIGH
ISS-00065-05-01,PAI-00065,2024-05-31,SCOPE_OR_POLICY,Synthetic scope or policy issue requiring monitoring review.,OPEN,LOW
ISS-00065-06-01,PAI-00065,2024-06-30,CLEARANCE,Synthetic clearance issue requiring monitoring review.,OPEN,MEDIUM
ISS-00065-06-02,PAI-00065,2024-06-30,LEGAL_OR_SOCIAL,Synthetic legal or social issue requiring monitoring review.,OPEN,HIGH
ISS-00065-09-01,PAI-00065,2024-09-30,LEGAL_OR_SOCIAL,Synthetic legal or social issue requiring monitoring review.,OPEN,LOW
ISS-00065-10-01,PAI-00065,2024-10-31,BUDGET_OR_APPROVAL,Synthetic budget or approval issue requiring monitoring review.,OPEN,LOW
ISS-00065-12-01,PAI-00065,2024-12-31,SCOPE_OR_POLICY,Synthetic scope or policy issue requiring monitoring review.,OPEN,LOW
ISS-00065-15-01,PAI-00065,2025-03-31,SCOPE_OR_POLICY,Synthetic scope or policy issue requiring monitoring review.,OPEN,MEDIUM
ISS-00065-15-02,PAI-00065,2025-03-31,PROCUREMENT_OR_CONTRACT,Synthetic procurement or contract issue requiring monitoring review.,OPEN,MEDIUM
ISS-00065-17-01,PAI-00065,2025-05-31,FUNDING,Synthetic funding issue requiring monitoring review.,OPEN,HIGH
ISS-00065-17-02,PAI-00065,2025-05-31,PROCUREMENT_OR_CONTRACT,Synthetic procurement or contract issue requiring monitoring review.,IN_PROGRESS,MEDIUM
ISS-00065-17-03,PAI-00065,2025-05-31,BUDGET_OR_APPROVAL,Synthetic budget or approval issue requiring monitoring review.,IN_PROGRESS,LOW
ISS-00065-18-01,PAI-00065,2025-06-30,CLEARANCE,Synthetic clearance issue requiring monitoring review.,OPEN,LOW
ISS-00065-19-01,PAI-00065,2025-07-31,LAND_ACQUISITION,Synthetic land acquisition issue requiring monitoring review.,RESOLVED,MEDIUM
ISS-00065-20-01,PAI-00065,2025-08-31,SCOPE_OR_POLICY,Synthetic scope or policy issue requiring monitoring review.,OPEN,LOW
ISS-00065-21-01,PAI-00065,2025-09-30,SCOPE_OR_POLICY,Synthetic scope or policy issue requiring monitoring review.,OPEN,HIGH
ISS-00065-22-01,PAI-00065,2025-10-31,LAND_ACQUISITION,Synthetic land acquisition issue requiring monitoring review.,IN_PROGRESS,LOW
ISS-00066-03-01,PAI-00066,2024-03-31,LEGAL_OR_SOCIAL,Synthetic legal or social issue requiring monitoring review.,IN_PROGRESS,LOW
ISS-00066-04-01,PAI-00066,2024-04-30,BUDGET_OR_APPROVAL,Synthetic budget or approval issue requiring monitoring review.,IN_PROGRESS,HIGH
ISS-00066-05-01,PAI-00066,2024-05-31,LEGAL_OR_SOCIAL,Synthetic legal or social issue requiring monitoring review.,IN_PROGRESS,HIGH
ISS-00066-10-01,PAI-00066,2024-10-31,FUNDING,Synthetic funding issue requiring monitoring review.,OPEN,MEDIUM
ISS-00066-11-01,PAI-00066,2024-11-30,CLEARANCE,Synthetic clearance issue requiring monitoring review.,RESOLVED,LOW
ISS-00066-12-01,PAI-00066,2024-12-31,LEGAL_OR_SOCIAL,Synthetic legal or social issue requiring monitoring review.,RESOLVED,HIGH
ISS-00066-13-01,PAI-00066,2025-01-31,FUNDING,Synthetic funding issue requiring monitoring review.,RESOLVED,LOW
ISS-00066-19-01,PAI-00066,2025-07-31,FUNDING,Synthetic funding issue requiring monitoring review.,IN_PROGRESS,MEDIUM
ISS-00066-19-02,PAI-00066,2025-07-31,LEGAL_OR_SOCIAL,Synthetic legal or social issue requiring monitoring review.,RESOLVED,MEDIUM
ISS-00066-22-01,PAI-00066,2025-10-31,BUDGET_OR_APPROVAL,Synthetic budget or approval issue requiring monitoring review.,OPEN,LOW
ISS-00066-24-01,PAI-00066,2025-12-31,CLEARANCE,Synthetic clearance issue requiring monitoring review.,IN_PROGRESS,MEDIUM
ISS-00066-24-02,PAI-00066,2025-12-31,LAND_ACQUISITION,Synthetic land acquisition issue requiring monitoring review.,OPEN,MEDIUM
ISS-00067-03-01,PAI-00067,2024-03-31,LAND_ACQUISITION,Synthetic land acquisition issue requiring monitoring review.,OPEN,MEDIUM
ISS-00067-03-02,PAI-00067,2024-03-31,SCOPE_OR_POLICY,Synthetic scope or policy issue requiring monitoring review.,IN_PROGRESS,HIGH
ISS-00067-04-01,PAI-00067,2024-04-30,FUNDING,Synthetic funding issue requiring monitoring review.,IN_PROGRESS,MEDIUM
ISS-00067-04-02,PAI-00067,2024-04-30,PROCUREMENT_OR_CONTRACT,Synthetic procurement or contract issue requiring monitoring review.,RESOLVED,HIGH
ISS-00067-05-01,PAI-00067,2024-05-31,LEGAL_OR_SOCIAL,Synthetic legal or social issue requiring monitoring review.,OPEN,HIGH
ISS-00067-05-02,PAI-00067,2024-05-31,LAND_ACQUISITION,Synthetic land acquisition issue requiring monitoring review.,RESOLVED,MEDIUM
ISS-00067-07-01,PAI-00067,2024-07-31,SCOPE_OR_POLICY,Synthetic scope or policy issue requiring monitoring review.,OPEN,LOW
ISS-00067-08-01,PAI-00067,2024-08-31,ENGINEERING_OR_FEASIBILITY,Synthetic engineering or feasibility issue requiring monitoring review.,OPEN,LOW
ISS-00067-09-01,PAI-00067,2024-09-30,SCOPE_OR_POLICY,Synthetic scope or policy issue requiring monitoring review.,OPEN,HIGH
ISS-00067-09-02,PAI-00067,2024-09-30,BUDGET_OR_APPROVAL,Synthetic budget or approval issue requiring monitoring review.,IN_PROGRESS,LOW
ISS-00067-11-01,PAI-00067,2024-11-30,PROCUREMENT_OR_CONTRACT,Synthetic procurement or contract issue requiring monitoring review.,OPEN,HIGH
ISS-00067-12-01,PAI-00067,2024-12-31,SCOPE_OR_POLICY,Synthetic scope or policy issue requiring monitoring review.,IN_PROGRESS,MEDIUM
ISS-00067-13-01,PAI-00067,2025-01-31,FUNDING,Synthetic funding issue requiring monitoring review.,OPEN,LOW
ISS-00067-14-01,PAI-00067,2025-02-28,FUNDING,Synthetic funding issue requiring monitoring review.,OPEN,HIGH
ISS-00067-14-02,PAI-00067,2025-02-28,LEGAL_OR_SOCIAL,Synthetic legal or social issue requiring monitoring review.,OPEN,MEDIUM
ISS-00067-15-01,PAI-00067,2025-03-31,FUNDING,Synthetic funding issue requiring monitoring review.,RESOLVED,LOW
ISS-00067-16-01,PAI-00067,2025-04-30,CLEARANCE,Synthetic clearance issue requiring monitoring review.,OPEN,LOW
ISS-00067-17-01,PAI-00067,2025-05-31,SCOPE_OR_POLICY,Synthetic scope or policy issue requiring monitoring review.,IN_PROGRESS,MEDIUM
ISS-00067-17-02,PAI-00067,2025-05-31,ENGINEERING_OR_FEASIBILITY,Synthetic engineering or feasibility issue requiring monitoring review.,OPEN,LOW
ISS-00067-18-01,PAI-00067,2025-06-30,BUDGET_OR_APPROVAL,Synthetic budget or approval issue requiring monitoring review.,IN_PROGRESS,LOW
ISS-00067-20-01,PAI-00067,2025-08-31,SCOPE_OR_POLICY,Synthetic scope or policy issue requiring monitoring review.,OPEN,MEDIUM
ISS-00067-21-01,PAI-00067,2025-09-30,PROCUREMENT_OR_CONTRACT,Synthetic procurement or contract issue requiring monitoring review.,OPEN,MEDIUM
ISS-00067-22-01,PAI-00067,2025-10-31,SCOPE_OR_POLICY,Synthetic scope or policy issue requiring monitoring review.,OPEN,LOW
ISS-00067-22-02,PAI-00067,2025-10-31,LAND_ACQUISITION,Synthetic land acquisition issue requiring monitoring review.,OPEN,MEDIUM
ISS-00067-22-03,PAI-00067,2025-10-31,LEGAL_OR_SOCIAL,Synthetic legal or social issue requiring monitoring review.,OPEN,HIGH
ISS-00067-24-01,PAI-00067,2025-12-31,ENGINEERING_OR_FEASIBILITY,Synthetic engineering or feasibility issue requiring monitoring review.,IN_PROGRESS,MEDIUM
ISS-00068-07-01,PAI-00068,2024-07-31,CLEARANCE,Synthetic clearance issue requiring monitoring review.,IN_PROGRESS,HIGH
ISS-00068-10-01,PAI-00068,2024-10-31,FUNDING,Synthetic funding issue requiring monitoring review.,IN_PROGRESS,LOW
ISS-00068-11-01,PAI-00068,2024-11-30,LEGAL_OR_SOCIAL,Synthetic legal or social issue requiring monitoring review.,OPEN,MEDIUM
ISS-00068-11-02,PAI-00068,2024-11-30,CLEARANCE,Synthetic clearance issue requiring monitoring review.,OPEN,MEDIUM
ISS-00068-12-01,PAI-00068,2024-12-31,BUDGET_OR_APPROVAL,Synthetic budget or approval issue requiring monitoring review.,IN_PROGRESS,HIGH
ISS-00068-13-01,PAI-00068,2025-01-31,CLEARANCE,Synthetic clearance issue requiring monitoring review.,IN_PROGRESS,LOW
ISS-00068-16-01,PAI-00068,2025-04-30,ENGINEERING_OR_FEASIBILITY,Synthetic engineering or feasibility issue requiring monitoring review.,RESOLVED,MEDIUM
ISS-00068-18-01,PAI-00068,2025-06-30,SCOPE_OR_POLICY,Synthetic scope or policy issue requiring monitoring review.,OPEN,HIGH
ISS-00068-18-02,PAI-00068,2025-06-30,PROCUREMENT_OR_CONTRACT,Synthetic procurement or contract issue requiring monitoring review.,OPEN,MEDIUM
ISS-00068-19-01,PAI-00068,2025-07-31,BUDGET_OR_APPROVAL,Synthetic budget or approval issue requiring monitoring review.,OPEN,LOW
ISS-00068-23-01,PAI-00068,2025-11-30,ENGINEERING_OR_FEASIBILITY,Synthetic engineering or feasibility issue requiring monitoring review.,OPEN,HIGH
ISS-00069-02-01,PAI-00069,2024-02-29,PROCUREMENT_OR_CONTRACT,Synthetic procurement or contract issue requiring monitoring review.,OPEN,MEDIUM
ISS-00069-09-01,PAI-00069,2024-09-30,LAND_ACQUISITION,Synthetic land acquisition issue requiring monitoring review.,IN_PROGRESS,LOW
ISS-00069-10-01,PAI-00069,2024-10-31,LEGAL_OR_SOCIAL,Synthetic legal or social issue requiring monitoring review.,IN_PROGRESS,MEDIUM
ISS-00069-11-01,PAI-00069,2024-11-30,CLEARANCE,Synthetic clearance issue requiring monitoring review.,OPEN,LOW
ISS-00069-14-01,PAI-00069,2025-02-28,PROCUREMENT_OR_CONTRACT,Synthetic procurement or contract issue requiring monitoring review.,RESOLVED,HIGH
ISS-00069-14-02,PAI-00069,2025-02-28,BUDGET_OR_APPROVAL,Synthetic budget or approval issue requiring monitoring review.,OPEN,MEDIUM
ISS-00069-16-01,PAI-00069,2025-04-30,FUNDING,Synthetic funding issue requiring monitoring review.,OPEN,HIGH
ISS-00069-20-01,PAI-00069,2025-08-31,BUDGET_OR_APPROVAL,Synthetic budget or approval issue requiring monitoring review.,IN_PROGRESS,HIGH
ISS-00069-21-01,PAI-00069,2025-09-30,SCOPE_OR_POLICY,Synthetic scope or policy issue requiring monitoring review.,OPEN,LOW
ISS-00069-23-01,PAI-00069,2025-11-30,ENGINEERING_OR_FEASIBILITY,Synthetic engineering or feasibility issue requiring monitoring review.,OPEN,HIGH
ISS-00069-23-02,PAI-00069,2025-11-30,LEGAL_OR_SOCIAL,Synthetic legal or social issue requiring monitoring review.,OPEN,MEDIUM
ISS-00070-01-01,PAI-00070,2024-01-31,ENGINEERING_OR_FEASIBILITY,Synthetic engineering or feasibility issue requiring monitoring review.,IN_PROGRESS,LOW
ISS-00070-03-01,PAI-00070,2024-03-31,LEGAL_OR_SOCIAL,Synthetic legal or social issue requiring monitoring review.,OPEN,LOW
ISS-00070-04-01,PAI-00070,2024-04-30,FUNDING,Synthetic funding issue requiring monitoring review.,IN_PROGRESS,MEDIUM
ISS-00070-04-02,PAI-00070,2024-04-30,PROCUREMENT_OR_CONTRACT,Synthetic procurement or contract issue requiring monitoring review.,OPEN,MEDIUM
ISS-00070-05-01,PAI-00070,2024-05-31,FUNDING,Synthetic funding issue requiring monitoring review.,OPEN,LOW
ISS-00070-06-01,PAI-00070,2024-06-30,FUNDING,Synthetic funding issue requiring monitoring review.,OPEN,MEDIUM
ISS-00070-07-01,PAI-00070,2024-07-31,BUDGET_OR_APPROVAL,Synthetic budget or approval issue requiring monitoring review.,OPEN,LOW
ISS-00070-07-02,PAI-00070,2024-07-31,CLEARANCE,Synthetic clearance issue requiring monitoring review.,IN_PROGRESS,HIGH
ISS-00070-07-03,PAI-00070,2024-07-31,FUNDING,Synthetic funding issue requiring monitoring review.,OPEN,MEDIUM
ISS-00070-08-01,PAI-00070,2024-08-31,PROCUREMENT_OR_CONTRACT,Synthetic procurement or contract issue requiring monitoring review.,RESOLVED,HIGH
ISS-00070-08-02,PAI-00070,2024-08-31,BUDGET_OR_APPROVAL,Synthetic budget or approval issue requiring monitoring review.,OPEN,LOW
ISS-00070-08-03,PAI-00070,2024-08-31,LAND_ACQUISITION,Synthetic land acquisition issue requiring monitoring review.,OPEN,LOW
ISS-00070-09-01,PAI-00070,2024-09-30,LEGAL_OR_SOCIAL,Synthetic legal or social issue requiring monitoring review.,IN_PROGRESS,HIGH
ISS-00070-09-02,PAI-00070,2024-09-30,PROCUREMENT_OR_CONTRACT,Synthetic procurement or contract issue requiring monitoring review.,RESOLVED,LOW
ISS-00070-10-01,PAI-00070,2024-10-31,BUDGET_OR_APPROVAL,Synthetic budget or approval issue requiring monitoring review.,OPEN,MEDIUM
ISS-00070-12-01,PAI-00070,2024-12-31,SCOPE_OR_POLICY,Synthetic scope or policy issue requiring monitoring review.,RESOLVED,HIGH
ISS-00070-15-01,PAI-00070,2025-03-31,ENGINEERING_OR_FEASIBILITY,Synthetic engineering or feasibility issue requiring monitoring review.,OPEN,MEDIUM
ISS-00070-15-02,PAI-00070,2025-03-31,LAND_ACQUISITION,Synthetic land acquisition issue requiring monitoring review.,OPEN,MEDIUM
ISS-00070-18-01,PAI-00070,2025-06-30,LEGAL_OR_SOCIAL,Synthetic legal or social issue requiring monitoring review.,OPEN,MEDIUM
ISS-00070-18-02,PAI-00070,2025-06-30,LEGAL_OR_SOCIAL,Synthetic legal or social issue requiring monitoring review.,OPEN,HIGH
ISS-00070-18-03,PAI-00070,2025-06-30,LEGAL_OR_SOCIAL,Synthetic legal or social issue requiring monitoring review.,IN_PROGRESS,LOW
ISS-00070-20-01,PAI-00070,2025-08-31,ENGINEERING_OR_FEASIBILITY,Synthetic engineering or feasibility issue requiring monitoring review.,OPEN,LOW
ISS-00070-21-01,PAI-00070,2025-09-30,LEGAL_OR_SOCIAL,Synthetic legal or social issue requiring monitoring review.,IN_PROGRESS,LOW
ISS-00070-21-02,PAI-00070,2025-09-30,LEGAL_OR_SOCIAL,Synthetic legal or social issue requiring monitoring review.,OPEN,HIGH
ISS-00070-22-01,PAI-00070,2025-10-31,CLEARANCE,Synthetic clearance issue requiring monitoring review.,OPEN,LOW
ISS-00070-22-02,PAI-00070,2025-10-31,LEGAL_OR_SOCIAL,Synthetic legal or social issue requiring monitoring review.,IN_PROGRESS,MEDIUM
ISS-00070-22-03,PAI-00070,2025-10-31,ENGINEERING_OR_FEASIBILITY,Synthetic engineering or feasibility issue requiring monitoring review.,OPEN,MEDIUM
ISS-00070-23-01,PAI-00070,2025-11-30,CLEARANCE,Synthetic clearance issue requiring monitoring review.,OPEN,MEDIUM
ISS-00070-23-02,PAI-00070,2025-11-30,LAND_ACQUISITION,Synthetic land acquisition issue requiring monitoring review.,RESOLVED,MEDIUM
ISS-00070-23-03,PAI-00070,2025-11-30,ENGINEERING_OR_FEASIBILITY,Synthetic engineering or feasibility issue requiring monitoring review.,RESOLVED,HIGH
ISS-00070-24-01,PAI-00070,2025-12-31,SCOPE_OR_POLICY,Synthetic scope or policy issue requiring monitoring review.,OPEN,MEDIUM
ISS-00070-24-02,PAI-00070,2025-12-31,ENGINEERING_OR_FEASIBILITY,Synthetic engineering or feasibility issue requiring monitoring review.,OPEN,LOW
ISS-00070-24-03,PAI-00070,2025-12-31,FUNDING,Synthetic funding issue requiring monitoring review.,OPEN,MEDIUM
ISS-00070-24-04,PAI-00070,2025-12-31,ENGINEERING_OR_FEASIBILITY,Synthetic engineering or feasibility issue requiring monitoring review.,IN_PROGRESS,LOW
ISS-00071-07-01,PAI-00071,2024-07-31,LEGAL_OR_SOCIAL,Synthetic legal or social issue requiring monitoring review.,RESOLVED,LOW
ISS-00071-12-01,PAI-00071,2024-12-31,SCOPE_OR_POLICY,Synthetic scope or policy issue requiring monitoring review.,OPEN,LOW
ISS-00072-03-01,PAI-00072,2024-03-31,PROCUREMENT_OR_CONTRACT,Synthetic procurement or contract issue requiring monitoring review.,IN_PROGRESS,MEDIUM
ISS-00072-11-01,PAI-00072,2024-11-30,CLEARANCE,Synthetic clearance issue requiring monitoring review.,IN_PROGRESS,MEDIUM
ISS-00072-12-01,PAI-00072,2024-12-31,LAND_ACQUISITION,Synthetic land acquisition issue requiring monitoring review.,IN_PROGRESS,HIGH
ISS-00072-18-01,PAI-00072,2025-06-30,PROCUREMENT_OR_CONTRACT,Synthetic procurement or contract issue requiring monitoring review.,OPEN,HIGH
ISS-00072-21-01,PAI-00072,2025-09-30,SCOPE_OR_POLICY,Synthetic scope or policy issue requiring monitoring review.,IN_PROGRESS,HIGH
ISS-00072-22-01,PAI-00072,2025-10-31,LAND_ACQUISITION,Synthetic land acquisition issue requiring monitoring review.,OPEN,LOW
ISS-00072-23-01,PAI-00072,2025-11-30,BUDGET_OR_APPROVAL,Synthetic budget or approval issue requiring monitoring review.,RESOLVED,HIGH
ISS-00072-23-02,PAI-00072,2025-11-30,LAND_ACQUISITION,Synthetic land acquisition issue requiring monitoring review.,OPEN,LOW
ISS-00072-23-03,PAI-00072,2025-11-30,FUNDING,Synthetic funding issue requiring monitoring review.,IN_PROGRESS,MEDIUM
ISS-00072-24-01,PAI-00072,2025-12-31,BUDGET_OR_APPROVAL,Synthetic budget or approval issue requiring monitoring review.,OPEN,HIGH
ISS-00072-24-02,PAI-00072,2025-12-31,LAND_ACQUISITION,Synthetic land acquisition issue requiring monitoring review.,OPEN,LOW
ISS-00073-01-01,PAI-00073,2024-01-31,SCOPE_OR_POLICY,Synthetic scope or policy issue requiring monitoring review.,IN_PROGRESS,LOW
ISS-00073-01-02,PAI-00073,2024-01-31,FUNDING,Synthetic funding issue requiring monitoring review.,RESOLVED,HIGH
ISS-00073-05-01,PAI-00073,2024-05-31,LEGAL_OR_SOCIAL,Synthetic legal or social issue requiring monitoring review.,OPEN,MEDIUM
ISS-00073-08-01,PAI-00073,2024-08-31,SCOPE_OR_POLICY,Synthetic scope or policy issue requiring monitoring review.,OPEN,LOW
ISS-00073-08-02,PAI-00073,2024-08-31,LEGAL_OR_SOCIAL,Synthetic legal or social issue requiring monitoring review.,RESOLVED,MEDIUM
ISS-00073-09-01,PAI-00073,2024-09-30,CLEARANCE,Synthetic clearance issue requiring monitoring review.,OPEN,HIGH
ISS-00073-09-02,PAI-00073,2024-09-30,BUDGET_OR_APPROVAL,Synthetic budget or approval issue requiring monitoring review.,RESOLVED,MEDIUM
ISS-00073-11-01,PAI-00073,2024-11-30,ENGINEERING_OR_FEASIBILITY,Synthetic engineering or feasibility issue requiring monitoring review.,OPEN,HIGH
ISS-00073-13-01,PAI-00073,2025-01-31,LEGAL_OR_SOCIAL,Synthetic legal or social issue requiring monitoring review.,OPEN,MEDIUM
ISS-00073-13-02,PAI-00073,2025-01-31,LEGAL_OR_SOCIAL,Synthetic legal or social issue requiring monitoring review.,OPEN,HIGH
ISS-00073-13-03,PAI-00073,2025-01-31,LEGAL_OR_SOCIAL,Synthetic legal or social issue requiring monitoring review.,OPEN,LOW
ISS-00073-14-01,PAI-00073,2025-02-28,LEGAL_OR_SOCIAL,Synthetic legal or social issue requiring monitoring review.,RESOLVED,LOW
ISS-00073-15-01,PAI-00073,2025-03-31,FUNDING,Synthetic funding issue requiring monitoring review.,OPEN,MEDIUM
ISS-00073-15-02,PAI-00073,2025-03-31,LEGAL_OR_SOCIAL,Synthetic legal or social issue requiring monitoring review.,OPEN,MEDIUM
ISS-00073-17-01,PAI-00073,2025-05-31,SCOPE_OR_POLICY,Synthetic scope or policy issue requiring monitoring review.,OPEN,HIGH
ISS-00073-17-02,PAI-00073,2025-05-31,LEGAL_OR_SOCIAL,Synthetic legal or social issue requiring monitoring review.,OPEN,HIGH
ISS-00073-17-03,PAI-00073,2025-05-31,ENGINEERING_OR_FEASIBILITY,Synthetic engineering or feasibility issue requiring monitoring review.,OPEN,MEDIUM
ISS-00073-19-01,PAI-00073,2025-07-31,LAND_ACQUISITION,Synthetic land acquisition issue requiring monitoring review.,IN_PROGRESS,MEDIUM
ISS-00073-19-02,PAI-00073,2025-07-31,PROCUREMENT_OR_CONTRACT,Synthetic procurement or contract issue requiring monitoring review.,RESOLVED,HIGH
ISS-00073-21-01,PAI-00073,2025-09-30,LAND_ACQUISITION,Synthetic land acquisition issue requiring monitoring review.,RESOLVED,MEDIUM
ISS-00073-21-02,PAI-00073,2025-09-30,BUDGET_OR_APPROVAL,Synthetic budget or approval issue requiring monitoring review.,OPEN,MEDIUM
ISS-00073-21-03,PAI-00073,2025-09-30,LEGAL_OR_SOCIAL,Synthetic legal or social issue requiring monitoring review.,OPEN,LOW
ISS-00073-22-01,PAI-00073,2025-10-31,FUNDING,Synthetic funding issue requiring monitoring review.,OPEN,MEDIUM
ISS-00073-22-02,PAI-00073,2025-10-31,FUNDING,Synthetic funding issue requiring monitoring review.,IN_PROGRESS,LOW
ISS-00073-22-03,PAI-00073,2025-10-31,LEGAL_OR_SOCIAL,Synthetic legal or social issue requiring monitoring review.,IN_PROGRESS,MEDIUM
ISS-00073-24-01,PAI-00073,2025-12-31,SCOPE_OR_POLICY,Synthetic scope or policy issue requiring monitoring review.,OPEN,HIGH
ISS-00073-24-02,PAI-00073,2025-12-31,BUDGET_OR_APPROVAL,Synthetic budget or approval issue requiring monitoring review.,OPEN,MEDIUM
ISS-00073-24-03,PAI-00073,2025-12-31,ENGINEERING_OR_FEASIBILITY,Synthetic engineering or feasibility issue requiring monitoring review.,OPEN,MEDIUM
ISS-00074-16-01,PAI-00074,2025-04-30,PROCUREMENT_OR_CONTRACT,Synthetic procurement or contract issue requiring monitoring review.,IN_PROGRESS,LOW
ISS-00074-20-01,PAI-00074,2025-08-31,BUDGET_OR_APPROVAL,Synthetic budget or approval issue requiring monitoring review.,IN_PROGRESS,LOW
ISS-00074-22-01,PAI-00074,2025-10-31,ENGINEERING_OR_FEASIBILITY,Synthetic engineering or feasibility issue requiring monitoring review.,OPEN,MEDIUM
ISS-00075-01-01,PAI-00075,2024-01-31,SCOPE_OR_POLICY,Synthetic scope or policy issue requiring monitoring review.,IN_PROGRESS,HIGH
ISS-00075-03-01,PAI-00075,2024-03-31,BUDGET_OR_APPROVAL,Synthetic budget or approval issue requiring monitoring review.,IN_PROGRESS,HIGH
ISS-00075-04-01,PAI-00075,2024-04-30,ENGINEERING_OR_FEASIBILITY,Synthetic engineering or feasibility issue requiring monitoring review.,IN_PROGRESS,MEDIUM
ISS-00075-10-01,PAI-00075,2024-10-31,CLEARANCE,Synthetic clearance issue requiring monitoring review.,IN_PROGRESS,MEDIUM
ISS-00075-15-01,PAI-00075,2025-03-31,FUNDING,Synthetic funding issue requiring monitoring review.,OPEN,HIGH
ISS-00075-17-01,PAI-00075,2025-05-31,LEGAL_OR_SOCIAL,Synthetic legal or social issue requiring monitoring review.,IN_PROGRESS,MEDIUM
ISS-00075-20-01,PAI-00075,2025-08-31,BUDGET_OR_APPROVAL,Synthetic budget or approval issue requiring monitoring review.,RESOLVED,LOW
ISS-00076-02-01,PAI-00076,2024-02-29,CLEARANCE,Synthetic clearance issue requiring monitoring review.,RESOLVED,HIGH
ISS-00076-03-01,PAI-00076,2024-03-31,ENGINEERING_OR_FEASIBILITY,Synthetic engineering or feasibility issue requiring monitoring review.,RESOLVED,HIGH
ISS-00076-04-01,PAI-00076,2024-04-30,LEGAL_OR_SOCIAL,Synthetic legal or social issue requiring monitoring review.,OPEN,MEDIUM
ISS-00076-05-01,PAI-00076,2024-05-31,PROCUREMENT_OR_CONTRACT,Synthetic procurement or contract issue requiring monitoring review.,OPEN,MEDIUM
ISS-00076-06-01,PAI-00076,2024-06-30,LEGAL_OR_SOCIAL,Synthetic legal or social issue requiring monitoring review.,OPEN,LOW
ISS-00076-07-01,PAI-00076,2024-07-31,SCOPE_OR_POLICY,Synthetic scope or policy issue requiring monitoring review.,IN_PROGRESS,HIGH
ISS-00076-13-01,PAI-00076,2025-01-31,SCOPE_OR_POLICY,Synthetic scope or policy issue requiring monitoring review.,OPEN,LOW
ISS-00076-15-01,PAI-00076,2025-03-31,PROCUREMENT_OR_CONTRACT,Synthetic procurement or contract issue requiring monitoring review.,OPEN,LOW
ISS-00076-16-01,PAI-00076,2025-04-30,BUDGET_OR_APPROVAL,Synthetic budget or approval issue requiring monitoring review.,OPEN,MEDIUM
ISS-00076-16-02,PAI-00076,2025-04-30,BUDGET_OR_APPROVAL,Synthetic budget or approval issue requiring monitoring review.,OPEN,MEDIUM
ISS-00076-18-01,PAI-00076,2025-06-30,PROCUREMENT_OR_CONTRACT,Synthetic procurement or contract issue requiring monitoring review.,IN_PROGRESS,LOW
ISS-00076-21-01,PAI-00076,2025-09-30,LEGAL_OR_SOCIAL,Synthetic legal or social issue requiring monitoring review.,RESOLVED,HIGH
ISS-00076-22-01,PAI-00076,2025-10-31,FUNDING,Synthetic funding issue requiring monitoring review.,IN_PROGRESS,MEDIUM
ISS-00076-24-01,PAI-00076,2025-12-31,LAND_ACQUISITION,Synthetic land acquisition issue requiring monitoring review.,OPEN,MEDIUM
ISS-00077-04-01,PAI-00077,2024-04-30,BUDGET_OR_APPROVAL,Synthetic budget or approval issue requiring monitoring review.,OPEN,HIGH
ISS-00077-10-01,PAI-00077,2024-10-31,SCOPE_OR_POLICY,Synthetic scope or policy issue requiring monitoring review.,RESOLVED,MEDIUM
ISS-00077-13-01,PAI-00077,2025-01-31,PROCUREMENT_OR_CONTRACT,Synthetic procurement or contract issue requiring monitoring review.,OPEN,MEDIUM
ISS-00077-13-02,PAI-00077,2025-01-31,PROCUREMENT_OR_CONTRACT,Synthetic procurement or contract issue requiring monitoring review.,OPEN,MEDIUM
ISS-00077-17-01,PAI-00077,2025-05-31,FUNDING,Synthetic funding issue requiring monitoring review.,OPEN,HIGH
ISS-00077-17-02,PAI-00077,2025-05-31,LEGAL_OR_SOCIAL,Synthetic legal or social issue requiring monitoring review.,OPEN,MEDIUM
ISS-00077-18-01,PAI-00077,2025-06-30,LEGAL_OR_SOCIAL,Synthetic legal or social issue requiring monitoring review.,OPEN,HIGH
ISS-00077-18-02,PAI-00077,2025-06-30,FUNDING,Synthetic funding issue requiring monitoring review.,IN_PROGRESS,MEDIUM
ISS-00077-19-01,PAI-00077,2025-07-31,PROCUREMENT_OR_CONTRACT,Synthetic procurement or contract issue requiring monitoring review.,IN_PROGRESS,LOW
ISS-00077-20-01,PAI-00077,2025-08-31,LEGAL_OR_SOCIAL,Synthetic legal or social issue requiring monitoring review.,OPEN,HIGH
ISS-00077-22-01,PAI-00077,2025-10-31,LEGAL_OR_SOCIAL,Synthetic legal or social issue requiring monitoring review.,IN_PROGRESS,MEDIUM
ISS-00077-22-02,PAI-00077,2025-10-31,FUNDING,Synthetic funding issue requiring monitoring review.,OPEN,HIGH
ISS-00077-24-01,PAI-00077,2025-12-31,LEGAL_OR_SOCIAL,Synthetic legal or social issue requiring monitoring review.,RESOLVED,MEDIUM
ISS-00077-24-02,PAI-00077,2025-12-31,SCOPE_OR_POLICY,Synthetic scope or policy issue requiring monitoring review.,OPEN,MEDIUM
ISS-00078-14-01,PAI-00078,2025-02-28,SCOPE_OR_POLICY,Synthetic scope or policy issue requiring monitoring review.,IN_PROGRESS,LOW
ISS-00078-22-01,PAI-00078,2025-10-31,SCOPE_OR_POLICY,Synthetic scope or policy issue requiring monitoring review.,OPEN,MEDIUM
ISS-00079-08-01,PAI-00079,2024-08-31,PROCUREMENT_OR_CONTRACT,Synthetic procurement or contract issue requiring monitoring review.,OPEN,HIGH
ISS-00079-09-01,PAI-00079,2024-09-30,LEGAL_OR_SOCIAL,Synthetic legal or social issue requiring monitoring review.,OPEN,MEDIUM
ISS-00079-11-01,PAI-00079,2024-11-30,SCOPE_OR_POLICY,Synthetic scope or policy issue requiring monitoring review.,OPEN,MEDIUM
ISS-00079-19-01,PAI-00079,2025-07-31,ENGINEERING_OR_FEASIBILITY,Synthetic engineering or feasibility issue requiring monitoring review.,IN_PROGRESS,MEDIUM
ISS-00079-19-02,PAI-00079,2025-07-31,CLEARANCE,Synthetic clearance issue requiring monitoring review.,IN_PROGRESS,HIGH
ISS-00079-20-01,PAI-00079,2025-08-31,ENGINEERING_OR_FEASIBILITY,Synthetic engineering or feasibility issue requiring monitoring review.,RESOLVED,LOW
ISS-00079-24-01,PAI-00079,2025-12-31,BUDGET_OR_APPROVAL,Synthetic budget or approval issue requiring monitoring review.,IN_PROGRESS,LOW
ISS-00080-01-01,PAI-00080,2024-01-31,ENGINEERING_OR_FEASIBILITY,Synthetic engineering or feasibility issue requiring monitoring review.,IN_PROGRESS,HIGH
ISS-00080-05-01,PAI-00080,2024-05-31,SCOPE_OR_POLICY,Synthetic scope or policy issue requiring monitoring review.,RESOLVED,MEDIUM
ISS-00080-10-01,PAI-00080,2024-10-31,LEGAL_OR_SOCIAL,Synthetic legal or social issue requiring monitoring review.,OPEN,LOW
ISS-00080-20-01,PAI-00080,2025-08-31,ENGINEERING_OR_FEASIBILITY,Synthetic engineering or feasibility issue requiring monitoring review.,OPEN,MEDIUM
ISS-00080-21-01,PAI-00080,2025-09-30,PROCUREMENT_OR_CONTRACT,Synthetic procurement or contract issue requiring monitoring review.,RESOLVED,HIGH
ISS-00080-22-01,PAI-00080,2025-10-31,CLEARANCE,Synthetic clearance issue requiring monitoring review.,RESOLVED,HIGH
ISS-00080-24-01,PAI-00080,2025-12-31,ENGINEERING_OR_FEASIBILITY,Synthetic engineering or feasibility issue requiring monitoring review.,OPEN,LOW
ISS-00081-03-01,PAI-00081,2024-03-31,CLEARANCE,Synthetic clearance issue requiring monitoring review.,IN_PROGRESS,LOW
ISS-00081-04-01,PAI-00081,2024-04-30,CLEARANCE,Synthetic clearance issue requiring monitoring review.,RESOLVED,MEDIUM
ISS-00081-11-01,PAI-00081,2024-11-30,PROCUREMENT_OR_CONTRACT,Synthetic procurement or contract issue requiring monitoring review.,RESOLVED,MEDIUM
ISS-00081-11-02,PAI-00081,2024-11-30,SCOPE_OR_POLICY,Synthetic scope or policy issue requiring monitoring review.,OPEN,HIGH
ISS-00081-12-01,PAI-00081,2024-12-31,LEGAL_OR_SOCIAL,Synthetic legal or social issue requiring monitoring review.,IN_PROGRESS,HIGH
ISS-00081-12-02,PAI-00081,2024-12-31,BUDGET_OR_APPROVAL,Synthetic budget or approval issue requiring monitoring review.,RESOLVED,HIGH
ISS-00081-12-03,PAI-00081,2024-12-31,SCOPE_OR_POLICY,Synthetic scope or policy issue requiring monitoring review.,IN_PROGRESS,MEDIUM
ISS-00081-18-01,PAI-00081,2025-06-30,FUNDING,Synthetic funding issue requiring monitoring review.,OPEN,HIGH
ISS-00081-20-01,PAI-00081,2025-08-31,FUNDING,Synthetic funding issue requiring monitoring review.,OPEN,HIGH
ISS-00082-03-01,PAI-00082,2024-03-31,PROCUREMENT_OR_CONTRACT,Synthetic procurement or contract issue requiring monitoring review.,RESOLVED,LOW
ISS-00082-04-01,PAI-00082,2024-04-30,ENGINEERING_OR_FEASIBILITY,Synthetic engineering or feasibility issue requiring monitoring review.,IN_PROGRESS,HIGH
ISS-00082-05-01,PAI-00082,2024-05-31,SCOPE_OR_POLICY,Synthetic scope or policy issue requiring monitoring review.,OPEN,LOW
ISS-00082-05-02,PAI-00082,2024-05-31,PROCUREMENT_OR_CONTRACT,Synthetic procurement or contract issue requiring monitoring review.,OPEN,HIGH
ISS-00082-07-01,PAI-00082,2024-07-31,CLEARANCE,Synthetic clearance issue requiring monitoring review.,OPEN,MEDIUM
ISS-00082-09-01,PAI-00082,2024-09-30,LAND_ACQUISITION,Synthetic land acquisition issue requiring monitoring review.,RESOLVED,MEDIUM
ISS-00082-09-02,PAI-00082,2024-09-30,SCOPE_OR_POLICY,Synthetic scope or policy issue requiring monitoring review.,OPEN,MEDIUM
ISS-00082-09-03,PAI-00082,2024-09-30,BUDGET_OR_APPROVAL,Synthetic budget or approval issue requiring monitoring review.,IN_PROGRESS,MEDIUM
ISS-00082-11-01,PAI-00082,2024-11-30,CLEARANCE,Synthetic clearance issue requiring monitoring review.,IN_PROGRESS,MEDIUM
ISS-00082-16-01,PAI-00082,2025-04-30,LAND_ACQUISITION,Synthetic land acquisition issue requiring monitoring review.,RESOLVED,HIGH
ISS-00082-22-01,PAI-00082,2025-10-31,CLEARANCE,Synthetic clearance issue requiring monitoring review.,IN_PROGRESS,HIGH
ISS-00083-01-01,PAI-00083,2024-01-31,CLEARANCE,Synthetic clearance issue requiring monitoring review.,OPEN,MEDIUM
ISS-00083-09-01,PAI-00083,2024-09-30,ENGINEERING_OR_FEASIBILITY,Synthetic engineering or feasibility issue requiring monitoring review.,OPEN,MEDIUM
ISS-00083-09-02,PAI-00083,2024-09-30,CLEARANCE,Synthetic clearance issue requiring monitoring review.,IN_PROGRESS,LOW
ISS-00083-11-01,PAI-00083,2024-11-30,BUDGET_OR_APPROVAL,Synthetic budget or approval issue requiring monitoring review.,IN_PROGRESS,HIGH
ISS-00083-12-01,PAI-00083,2024-12-31,ENGINEERING_OR_FEASIBILITY,Synthetic engineering or feasibility issue requiring monitoring review.,IN_PROGRESS,HIGH
ISS-00083-13-01,PAI-00083,2025-01-31,ENGINEERING_OR_FEASIBILITY,Synthetic engineering or feasibility issue requiring monitoring review.,RESOLVED,MEDIUM
ISS-00083-13-02,PAI-00083,2025-01-31,SCOPE_OR_POLICY,Synthetic scope or policy issue requiring monitoring review.,OPEN,MEDIUM
ISS-00083-16-01,PAI-00083,2025-04-30,ENGINEERING_OR_FEASIBILITY,Synthetic engineering or feasibility issue requiring monitoring review.,IN_PROGRESS,MEDIUM
ISS-00083-18-01,PAI-00083,2025-06-30,CLEARANCE,Synthetic clearance issue requiring monitoring review.,IN_PROGRESS,HIGH
ISS-00083-19-01,PAI-00083,2025-07-31,BUDGET_OR_APPROVAL,Synthetic budget or approval issue requiring monitoring review.,OPEN,MEDIUM
ISS-00083-19-02,PAI-00083,2025-07-31,BUDGET_OR_APPROVAL,Synthetic budget or approval issue requiring monitoring review.,OPEN,LOW
ISS-00083-20-01,PAI-00083,2025-08-31,LAND_ACQUISITION,Synthetic land acquisition issue requiring monitoring review.,RESOLVED,MEDIUM
ISS-00083-20-02,PAI-00083,2025-08-31,ENGINEERING_OR_FEASIBILITY,Synthetic engineering or feasibility issue requiring monitoring review.,IN_PROGRESS,LOW
ISS-00083-20-03,PAI-00083,2025-08-31,BUDGET_OR_APPROVAL,Synthetic budget or approval issue requiring monitoring review.,IN_PROGRESS,LOW
ISS-00083-21-01,PAI-00083,2025-09-30,PROCUREMENT_OR_CONTRACT,Synthetic procurement or contract issue requiring monitoring review.,OPEN,MEDIUM
ISS-00083-22-01,PAI-00083,2025-10-31,FUNDING,Synthetic funding issue requiring monitoring review.,IN_PROGRESS,MEDIUM
ISS-00083-24-01,PAI-00083,2025-12-31,CLEARANCE,Synthetic clearance issue requiring monitoring review.,OPEN,HIGH
ISS-00083-24-02,PAI-00083,2025-12-31,BUDGET_OR_APPROVAL,Synthetic budget or approval issue requiring monitoring review.,OPEN,MEDIUM
ISS-00084-10-01,PAI-00084,2024-10-31,ENGINEERING_OR_FEASIBILITY,Synthetic engineering or feasibility issue requiring monitoring review.,OPEN,MEDIUM
ISS-00084-11-01,PAI-00084,2024-11-30,BUDGET_OR_APPROVAL,Synthetic budget or approval issue requiring monitoring review.,RESOLVED,LOW
ISS-00084-13-01,PAI-00084,2025-01-31,LEGAL_OR_SOCIAL,Synthetic legal or social issue requiring monitoring review.,IN_PROGRESS,HIGH
ISS-00084-13-02,PAI-00084,2025-01-31,LAND_ACQUISITION,Synthetic land acquisition issue requiring monitoring review.,OPEN,MEDIUM
ISS-00084-17-01,PAI-00084,2025-05-31,LAND_ACQUISITION,Synthetic land acquisition issue requiring monitoring review.,IN_PROGRESS,HIGH
ISS-00084-17-02,PAI-00084,2025-05-31,PROCUREMENT_OR_CONTRACT,Synthetic procurement or contract issue requiring monitoring review.,RESOLVED,HIGH
ISS-00084-18-01,PAI-00084,2025-06-30,LEGAL_OR_SOCIAL,Synthetic legal or social issue requiring monitoring review.,IN_PROGRESS,LOW
ISS-00084-18-02,PAI-00084,2025-06-30,CLEARANCE,Synthetic clearance issue requiring monitoring review.,OPEN,LOW
ISS-00084-19-01,PAI-00084,2025-07-31,BUDGET_OR_APPROVAL,Synthetic budget or approval issue requiring monitoring review.,IN_PROGRESS,HIGH
ISS-00084-20-01,PAI-00084,2025-08-31,LEGAL_OR_SOCIAL,Synthetic legal or social issue requiring monitoring review.,RESOLVED,HIGH
ISS-00084-21-01,PAI-00084,2025-09-30,LEGAL_OR_SOCIAL,Synthetic legal or social issue requiring monitoring review.,OPEN,HIGH
ISS-00084-23-01,PAI-00084,2025-11-30,BUDGET_OR_APPROVAL,Synthetic budget or approval issue requiring monitoring review.,IN_PROGRESS,MEDIUM
ISS-00085-05-01,PAI-00085,2024-05-31,PROCUREMENT_OR_CONTRACT,Synthetic procurement or contract issue requiring monitoring review.,OPEN,LOW
ISS-00085-17-01,PAI-00085,2025-05-31,LEGAL_OR_SOCIAL,Synthetic legal or social issue requiring monitoring review.,IN_PROGRESS,MEDIUM
ISS-00085-17-02,PAI-00085,2025-05-31,LAND_ACQUISITION,Synthetic land acquisition issue requiring monitoring review.,RESOLVED,LOW
ISS-00085-21-01,PAI-00085,2025-09-30,LEGAL_OR_SOCIAL,Synthetic legal or social issue requiring monitoring review.,OPEN,HIGH
ISS-00086-16-01,PAI-00086,2025-04-30,BUDGET_OR_APPROVAL,Synthetic budget or approval issue requiring monitoring review.,OPEN,HIGH
ISS-00087-02-01,PAI-00087,2024-02-29,LEGAL_OR_SOCIAL,Synthetic legal or social issue requiring monitoring review.,OPEN,MEDIUM
ISS-00087-05-01,PAI-00087,2024-05-31,LAND_ACQUISITION,Synthetic land acquisition issue requiring monitoring review.,OPEN,HIGH
ISS-00087-05-02,PAI-00087,2024-05-31,LAND_ACQUISITION,Synthetic land acquisition issue requiring monitoring review.,IN_PROGRESS,MEDIUM
ISS-00087-10-01,PAI-00087,2024-10-31,FUNDING,Synthetic funding issue requiring monitoring review.,OPEN,LOW
ISS-00087-11-01,PAI-00087,2024-11-30,LEGAL_OR_SOCIAL,Synthetic legal or social issue requiring monitoring review.,OPEN,MEDIUM
ISS-00087-14-01,PAI-00087,2025-02-28,LEGAL_OR_SOCIAL,Synthetic legal or social issue requiring monitoring review.,OPEN,MEDIUM
ISS-00087-14-02,PAI-00087,2025-02-28,LAND_ACQUISITION,Synthetic land acquisition issue requiring monitoring review.,RESOLVED,MEDIUM
ISS-00087-17-01,PAI-00087,2025-05-31,CLEARANCE,Synthetic clearance issue requiring monitoring review.,RESOLVED,LOW
ISS-00087-18-01,PAI-00087,2025-06-30,PROCUREMENT_OR_CONTRACT,Synthetic procurement or contract issue requiring monitoring review.,OPEN,MEDIUM
ISS-00087-24-01,PAI-00087,2025-12-31,PROCUREMENT_OR_CONTRACT,Synthetic procurement or contract issue requiring monitoring review.,IN_PROGRESS,LOW
ISS-00088-01-01,PAI-00088,2024-01-31,LAND_ACQUISITION,Synthetic land acquisition issue requiring monitoring review.,OPEN,LOW
ISS-00088-07-01,PAI-00088,2024-07-31,CLEARANCE,Synthetic clearance issue requiring monitoring review.,OPEN,HIGH
ISS-00088-08-01,PAI-00088,2024-08-31,SCOPE_OR_POLICY,Synthetic scope or policy issue requiring monitoring review.,OPEN,HIGH
ISS-00088-11-01,PAI-00088,2024-11-30,BUDGET_OR_APPROVAL,Synthetic budget or approval issue requiring monitoring review.,IN_PROGRESS,MEDIUM
ISS-00088-14-01,PAI-00088,2025-02-28,LEGAL_OR_SOCIAL,Synthetic legal or social issue requiring monitoring review.,OPEN,LOW
ISS-00088-16-01,PAI-00088,2025-04-30,PROCUREMENT_OR_CONTRACT,Synthetic procurement or contract issue requiring monitoring review.,OPEN,MEDIUM
ISS-00088-19-01,PAI-00088,2025-07-31,BUDGET_OR_APPROVAL,Synthetic budget or approval issue requiring monitoring review.,IN_PROGRESS,LOW
ISS-00088-20-01,PAI-00088,2025-08-31,LEGAL_OR_SOCIAL,Synthetic legal or social issue requiring monitoring review.,RESOLVED,HIGH
ISS-00088-20-02,PAI-00088,2025-08-31,ENGINEERING_OR_FEASIBILITY,Synthetic engineering or feasibility issue requiring monitoring review.,IN_PROGRESS,MEDIUM
ISS-00088-20-03,PAI-00088,2025-08-31,FUNDING,Synthetic funding issue requiring monitoring review.,OPEN,HIGH
ISS-00088-21-01,PAI-00088,2025-09-30,PROCUREMENT_OR_CONTRACT,Synthetic procurement or contract issue requiring monitoring review.,OPEN,MEDIUM
ISS-00088-21-02,PAI-00088,2025-09-30,LEGAL_OR_SOCIAL,Synthetic legal or social issue requiring monitoring review.,IN_PROGRESS,LOW
ISS-00088-22-01,PAI-00088,2025-10-31,BUDGET_OR_APPROVAL,Synthetic budget or approval issue requiring monitoring review.,RESOLVED,MEDIUM
ISS-00089-02-01,PAI-00089,2024-02-29,LAND_ACQUISITION,Synthetic land acquisition issue requiring monitoring review.,IN_PROGRESS,HIGH
ISS-00089-04-01,PAI-00089,2024-04-30,FUNDING,Synthetic funding issue requiring monitoring review.,OPEN,MEDIUM
ISS-00089-04-02,PAI-00089,2024-04-30,SCOPE_OR_POLICY,Synthetic scope or policy issue requiring monitoring review.,RESOLVED,LOW
ISS-00089-07-01,PAI-00089,2024-07-31,SCOPE_OR_POLICY,Synthetic scope or policy issue requiring monitoring review.,IN_PROGRESS,MEDIUM
ISS-00089-10-01,PAI-00089,2024-10-31,ENGINEERING_OR_FEASIBILITY,Synthetic engineering or feasibility issue requiring monitoring review.,IN_PROGRESS,MEDIUM
ISS-00089-10-02,PAI-00089,2024-10-31,BUDGET_OR_APPROVAL,Synthetic budget or approval issue requiring monitoring review.,IN_PROGRESS,HIGH
ISS-00089-12-01,PAI-00089,2024-12-31,LEGAL_OR_SOCIAL,Synthetic legal or social issue requiring monitoring review.,RESOLVED,HIGH
ISS-00089-14-01,PAI-00089,2025-02-28,ENGINEERING_OR_FEASIBILITY,Synthetic engineering or feasibility issue requiring monitoring review.,OPEN,MEDIUM
ISS-00089-18-01,PAI-00089,2025-06-30,BUDGET_OR_APPROVAL,Synthetic budget or approval issue requiring monitoring review.,OPEN,LOW
ISS-00089-21-01,PAI-00089,2025-09-30,FUNDING,Synthetic funding issue requiring monitoring review.,OPEN,MEDIUM
ISS-00090-01-01,PAI-00090,2024-01-31,LEGAL_OR_SOCIAL,Synthetic legal or social issue requiring monitoring review.,OPEN,HIGH
ISS-00090-03-01,PAI-00090,2024-03-31,ENGINEERING_OR_FEASIBILITY,Synthetic engineering or feasibility issue requiring monitoring review.,OPEN,HIGH
ISS-00090-05-01,PAI-00090,2024-05-31,ENGINEERING_OR_FEASIBILITY,Synthetic engineering or feasibility issue requiring monitoring review.,OPEN,HIGH
ISS-00090-08-01,PAI-00090,2024-08-31,CLEARANCE,Synthetic clearance issue requiring monitoring review.,RESOLVED,MEDIUM
ISS-00090-10-01,PAI-00090,2024-10-31,ENGINEERING_OR_FEASIBILITY,Synthetic engineering or feasibility issue requiring monitoring review.,OPEN,HIGH
ISS-00090-10-02,PAI-00090,2024-10-31,FUNDING,Synthetic funding issue requiring monitoring review.,IN_PROGRESS,HIGH
ISS-00090-12-01,PAI-00090,2024-12-31,LAND_ACQUISITION,Synthetic land acquisition issue requiring monitoring review.,OPEN,LOW
ISS-00090-15-01,PAI-00090,2025-03-31,SCOPE_OR_POLICY,Synthetic scope or policy issue requiring monitoring review.,OPEN,HIGH
ISS-00090-16-01,PAI-00090,2025-04-30,ENGINEERING_OR_FEASIBILITY,Synthetic engineering or feasibility issue requiring monitoring review.,OPEN,HIGH
ISS-00090-20-01,PAI-00090,2025-08-31,BUDGET_OR_APPROVAL,Synthetic budget or approval issue requiring monitoring review.,RESOLVED,MEDIUM
ISS-00090-23-01,PAI-00090,2025-11-30,PROCUREMENT_OR_CONTRACT,Synthetic procurement or contract issue requiring monitoring review.,IN_PROGRESS,HIGH
ISS-00090-24-01,PAI-00090,2025-12-31,CLEARANCE,Synthetic clearance issue requiring monitoring review.,OPEN,LOW
ISS-00090-24-02,PAI-00090,2025-12-31,BUDGET_OR_APPROVAL,Synthetic budget or approval issue requiring monitoring review.,OPEN,HIGH
ISS-00091-03-01,PAI-00091,2024-03-31,FUNDING,Synthetic funding issue requiring monitoring review.,OPEN,MEDIUM
ISS-00091-07-01,PAI-00091,2024-07-31,PROCUREMENT_OR_CONTRACT,Synthetic procurement or contract issue requiring monitoring review.,IN_PROGRESS,MEDIUM
ISS-00091-08-01,PAI-00091,2024-08-31,PROCUREMENT_OR_CONTRACT,Synthetic procurement or contract issue requiring monitoring review.,IN_PROGRESS,MEDIUM
ISS-00091-09-01,PAI-00091,2024-09-30,CLEARANCE,Synthetic clearance issue requiring monitoring review.,RESOLVED,MEDIUM
ISS-00091-09-02,PAI-00091,2024-09-30,SCOPE_OR_POLICY,Synthetic scope or policy issue requiring monitoring review.,RESOLVED,MEDIUM
ISS-00091-15-01,PAI-00091,2025-03-31,LEGAL_OR_SOCIAL,Synthetic legal or social issue requiring monitoring review.,RESOLVED,LOW
ISS-00091-16-01,PAI-00091,2025-04-30,SCOPE_OR_POLICY,Synthetic scope or policy issue requiring monitoring review.,RESOLVED,HIGH
ISS-00091-17-01,PAI-00091,2025-05-31,CLEARANCE,Synthetic clearance issue requiring monitoring review.,IN_PROGRESS,MEDIUM
ISS-00091-18-01,PAI-00091,2025-06-30,ENGINEERING_OR_FEASIBILITY,Synthetic engineering or feasibility issue requiring monitoring review.,OPEN,MEDIUM
ISS-00091-18-02,PAI-00091,2025-06-30,CLEARANCE,Synthetic clearance issue requiring monitoring review.,IN_PROGRESS,HIGH
ISS-00091-21-01,PAI-00091,2025-09-30,FUNDING,Synthetic funding issue requiring monitoring review.,RESOLVED,MEDIUM
ISS-00091-22-01,PAI-00091,2025-10-31,CLEARANCE,Synthetic clearance issue requiring monitoring review.,OPEN,HIGH
ISS-00091-23-01,PAI-00091,2025-11-30,SCOPE_OR_POLICY,Synthetic scope or policy issue requiring monitoring review.,OPEN,HIGH
ISS-00091-23-02,PAI-00091,2025-11-30,CLEARANCE,Synthetic clearance issue requiring monitoring review.,IN_PROGRESS,LOW
ISS-00091-23-03,PAI-00091,2025-11-30,SCOPE_OR_POLICY,Synthetic scope or policy issue requiring monitoring review.,OPEN,HIGH
ISS-00092-02-01,PAI-00092,2024-02-29,SCOPE_OR_POLICY,Synthetic scope or policy issue requiring monitoring review.,OPEN,MEDIUM
ISS-00092-04-01,PAI-00092,2024-04-30,FUNDING,Synthetic funding issue requiring monitoring review.,RESOLVED,LOW
ISS-00092-06-01,PAI-00092,2024-06-30,CLEARANCE,Synthetic clearance issue requiring monitoring review.,OPEN,LOW
ISS-00092-07-01,PAI-00092,2024-07-31,PROCUREMENT_OR_CONTRACT,Synthetic procurement or contract issue requiring monitoring review.,RESOLVED,HIGH
ISS-00092-16-01,PAI-00092,2025-04-30,PROCUREMENT_OR_CONTRACT,Synthetic procurement or contract issue requiring monitoring review.,OPEN,LOW
ISS-00092-19-01,PAI-00092,2025-07-31,LEGAL_OR_SOCIAL,Synthetic legal or social issue requiring monitoring review.,OPEN,LOW
ISS-00092-22-01,PAI-00092,2025-10-31,ENGINEERING_OR_FEASIBILITY,Synthetic engineering or feasibility issue requiring monitoring review.,RESOLVED,LOW
ISS-00092-23-01,PAI-00092,2025-11-30,SCOPE_OR_POLICY,Synthetic scope or policy issue requiring monitoring review.,IN_PROGRESS,MEDIUM
ISS-00093-02-01,PAI-00093,2024-02-29,PROCUREMENT_OR_CONTRACT,Synthetic procurement or contract issue requiring monitoring review.,IN_PROGRESS,MEDIUM
ISS-00093-11-01,PAI-00093,2024-11-30,SCOPE_OR_POLICY,Synthetic scope or policy issue requiring monitoring review.,IN_PROGRESS,LOW
ISS-00093-19-01,PAI-00093,2025-07-31,SCOPE_OR_POLICY,Synthetic scope or policy issue requiring monitoring review.,OPEN,MEDIUM
ISS-00093-19-02,PAI-00093,2025-07-31,PROCUREMENT_OR_CONTRACT,Synthetic procurement or contract issue requiring monitoring review.,OPEN,LOW
ISS-00094-15-01,PAI-00094,2025-03-31,PROCUREMENT_OR_CONTRACT,Synthetic procurement or contract issue requiring monitoring review.,OPEN,LOW
ISS-00094-22-01,PAI-00094,2025-10-31,ENGINEERING_OR_FEASIBILITY,Synthetic engineering or feasibility issue requiring monitoring review.,RESOLVED,LOW
ISS-00095-01-01,PAI-00095,2024-01-31,BUDGET_OR_APPROVAL,Synthetic budget or approval issue requiring monitoring review.,IN_PROGRESS,LOW
ISS-00095-04-01,PAI-00095,2024-04-30,PROCUREMENT_OR_CONTRACT,Synthetic procurement or contract issue requiring monitoring review.,OPEN,HIGH
ISS-00095-13-01,PAI-00095,2025-01-31,CLEARANCE,Synthetic clearance issue requiring monitoring review.,RESOLVED,LOW
ISS-00095-19-01,PAI-00095,2025-07-31,ENGINEERING_OR_FEASIBILITY,Synthetic engineering or feasibility issue requiring monitoring review.,RESOLVED,HIGH
ISS-00095-20-01,PAI-00095,2025-08-31,LAND_ACQUISITION,Synthetic land acquisition issue requiring monitoring review.,IN_PROGRESS,MEDIUM
ISS-00095-23-01,PAI-00095,2025-11-30,FUNDING,Synthetic funding issue requiring monitoring review.,OPEN,MEDIUM
ISS-00096-11-01,PAI-00096,2024-11-30,ENGINEERING_OR_FEASIBILITY,Synthetic engineering or feasibility issue requiring monitoring review.,OPEN,MEDIUM
ISS-00096-14-01,PAI-00096,2025-02-28,PROCUREMENT_OR_CONTRACT,Synthetic procurement or contract issue requiring monitoring review.,IN_PROGRESS,MEDIUM
ISS-00096-15-01,PAI-00096,2025-03-31,PROCUREMENT_OR_CONTRACT,Synthetic procurement or contract issue requiring monitoring review.,OPEN,LOW
ISS-00096-18-01,PAI-00096,2025-06-30,PROCUREMENT_OR_CONTRACT,Synthetic procurement or contract issue requiring monitoring review.,OPEN,MEDIUM
ISS-00096-18-02,PAI-00096,2025-06-30,ENGINEERING_OR_FEASIBILITY,Synthetic engineering or feasibility issue requiring monitoring review.,RESOLVED,MEDIUM
ISS-00096-24-01,PAI-00096,2025-12-31,LEGAL_OR_SOCIAL,Synthetic legal or social issue requiring monitoring review.,OPEN,MEDIUM
ISS-00096-24-02,PAI-00096,2025-12-31,PROCUREMENT_OR_CONTRACT,Synthetic procurement or contract issue requiring monitoring review.,OPEN,HIGH
ISS-00097-02-01,PAI-00097,2024-02-29,BUDGET_OR_APPROVAL,Synthetic budget or approval issue requiring monitoring review.,IN_PROGRESS,MEDIUM
ISS-00097-04-01,PAI-00097,2024-04-30,FUNDING,Synthetic funding issue requiring monitoring review.,OPEN,LOW
ISS-00097-05-01,PAI-00097,2024-05-31,FUNDING,Synthetic funding issue requiring monitoring review.,OPEN,HIGH
ISS-00097-07-01,PAI-00097,2024-07-31,PROCUREMENT_OR_CONTRACT,Synthetic procurement or contract issue requiring monitoring review.,OPEN,MEDIUM
ISS-00097-10-01,PAI-00097,2024-10-31,LEGAL_OR_SOCIAL,Synthetic legal or social issue requiring monitoring review.,RESOLVED,MEDIUM
ISS-00097-14-01,PAI-00097,2025-02-28,LEGAL_OR_SOCIAL,Synthetic legal or social issue requiring monitoring review.,OPEN,MEDIUM
ISS-00097-15-01,PAI-00097,2025-03-31,FUNDING,Synthetic funding issue requiring monitoring review.,IN_PROGRESS,LOW
ISS-00097-16-01,PAI-00097,2025-04-30,BUDGET_OR_APPROVAL,Synthetic budget or approval issue requiring monitoring review.,OPEN,MEDIUM
ISS-00097-16-02,PAI-00097,2025-04-30,CLEARANCE,Synthetic clearance issue requiring monitoring review.,OPEN,LOW
ISS-00097-18-01,PAI-00097,2025-06-30,LEGAL_OR_SOCIAL,Synthetic legal or social issue requiring monitoring review.,OPEN,HIGH
ISS-00097-19-01,PAI-00097,2025-07-31,BUDGET_OR_APPROVAL,Synthetic budget or approval issue requiring monitoring review.,OPEN,HIGH
ISS-00097-19-02,PAI-00097,2025-07-31,PROCUREMENT_OR_CONTRACT,Synthetic procurement or contract issue requiring monitoring review.,RESOLVED,HIGH
ISS-00097-23-01,PAI-00097,2025-11-30,BUDGET_OR_APPROVAL,Synthetic budget or approval issue requiring monitoring review.,OPEN,HIGH
ISS-00097-23-02,PAI-00097,2025-11-30,ENGINEERING_OR_FEASIBILITY,Synthetic engineering or feasibility issue requiring monitoring review.,IN_PROGRESS,MEDIUM
ISS-00097-24-01,PAI-00097,2025-12-31,FUNDING,Synthetic funding issue requiring monitoring review.,OPEN,LOW
ISS-00098-10-01,PAI-00098,2024-10-31,CLEARANCE,Synthetic clearance issue requiring monitoring review.,RESOLVED,LOW
ISS-00099-22-01,PAI-00099,2025-10-31,BUDGET_OR_APPROVAL,Synthetic budget or approval issue requiring monitoring review.,OPEN,MEDIUM
ISS-00100-01-01,PAI-00100,2024-01-31,PROCUREMENT_OR_CONTRACT,Synthetic procurement or contract issue requiring monitoring review.,OPEN,HIGH
ISS-00100-03-01,PAI-00100,2024-03-31,CLEARANCE,Synthetic clearance issue requiring monitoring review.,OPEN,MEDIUM
ISS-00100-03-02,PAI-00100,2024-03-31,PROCUREMENT_OR_CONTRACT,Synthetic procurement or contract issue requiring monitoring review.,OPEN,MEDIUM
ISS-00100-04-01,PAI-00100,2024-04-30,LEGAL_OR_SOCIAL,Synthetic legal or social issue requiring monitoring review.,IN_PROGRESS,MEDIUM
ISS-00100-05-01,PAI-00100,2024-05-31,LEGAL_OR_SOCIAL,Synthetic legal or social issue requiring monitoring review.,OPEN,MEDIUM
ISS-00100-06-01,PAI-00100,2024-06-30,SCOPE_OR_POLICY,Synthetic scope or policy issue requiring monitoring review.,OPEN,MEDIUM
ISS-00100-08-01,PAI-00100,2024-08-31,FUNDING,Synthetic funding issue requiring monitoring review.,OPEN,MEDIUM
ISS-00100-08-02,PAI-00100,2024-08-31,SCOPE_OR_POLICY,Synthetic scope or policy issue requiring monitoring review.,OPEN,HIGH
ISS-00100-11-01,PAI-00100,2024-11-30,BUDGET_OR_APPROVAL,Synthetic budget or approval issue requiring monitoring review.,OPEN,HIGH
ISS-00100-12-01,PAI-00100,2024-12-31,ENGINEERING_OR_FEASIBILITY,Synthetic engineering or feasibility issue requiring monitoring review.,OPEN,MEDIUM
ISS-00100-12-02,PAI-00100,2024-12-31,FUNDING,Synthetic funding issue requiring monitoring review.,IN_PROGRESS,MEDIUM
ISS-00100-14-01,PAI-00100,2025-02-28,PROCUREMENT_OR_CONTRACT,Synthetic procurement or contract issue requiring monitoring review.,RESOLVED,LOW
ISS-00100-19-01,PAI-00100,2025-07-31,LEGAL_OR_SOCIAL,Synthetic legal or social issue requiring monitoring review.,IN_PROGRESS,MEDIUM
ISS-00100-20-01,PAI-00100,2025-08-31,LAND_ACQUISITION,Synthetic land acquisition issue requiring monitoring review.,OPEN,MEDIUM
ISS-00100-20-02,PAI-00100,2025-08-31,FUNDING,Synthetic funding issue requiring monitoring review.,IN_PROGRESS,MEDIUM
ISS-00100-20-03,PAI-00100,2025-08-31,CLEARANCE,Synthetic clearance issue requiring monitoring review.,OPEN,MEDIUM
ISS-00100-21-01,PAI-00100,2025-09-30,CLEARANCE,Synthetic clearance issue requiring monitoring review.,RESOLVED,MEDIUM
ISS-00100-21-02,PAI-00100,2025-09-30,BUDGET_OR_APPROVAL,Synthetic budget or approval issue requiring monitoring review.,OPEN,LOW
ISS-00100-21-03,PAI-00100,2025-09-30,FUNDING,Synthetic funding issue requiring monitoring review.,RESOLVED,MEDIUM
ISS-00100-21-04,PAI-00100,2025-09-30,BUDGET_OR_APPROVAL,Synthetic budget or approval issue requiring monitoring review.,OPEN,LOW
ISS-00100-22-01,PAI-00100,2025-10-31,ENGINEERING_OR_FEASIBILITY,Synthetic engineering or feasibility issue requiring monitoring review.,OPEN,MEDIUM
ISS-00100-22-02,PAI-00100,2025-10-31,SCOPE_OR_POLICY,Synthetic scope or policy issue requiring monitoring review.,RESOLVED,HIGH
ISS-00100-22-03,PAI-00100,2025-10-31,LEGAL_OR_SOCIAL,Synthetic legal or social issue requiring monitoring review.,OPEN,HIGH
ISS-00100-22-04,PAI-00100,2025-10-31,LEGAL_OR_SOCIAL,Synthetic legal or social issue requiring monitoring review.,IN_PROGRESS,MEDIUM
ISS-00100-24-01,PAI-00100,2025-12-31,CLEARANCE,Synthetic clearance issue requiring monitoring review.,OPEN,MEDIUM
ISS-00101-02-01,PAI-00101,2024-02-29,CLEARANCE,Synthetic clearance issue requiring monitoring review.,OPEN,HIGH
ISS-00101-05-01,PAI-00101,2024-05-31,LEGAL_OR_SOCIAL,Synthetic legal or social issue requiring monitoring review.,OPEN,MEDIUM
ISS-00101-06-01,PAI-00101,2024-06-30,LAND_ACQUISITION,Synthetic land acquisition issue requiring monitoring review.,OPEN,MEDIUM
ISS-00101-07-01,PAI-00101,2024-07-31,BUDGET_OR_APPROVAL,Synthetic budget or approval issue requiring monitoring review.,IN_PROGRESS,LOW
ISS-00101-10-01,PAI-00101,2024-10-31,ENGINEERING_OR_FEASIBILITY,Synthetic engineering or feasibility issue requiring monitoring review.,OPEN,MEDIUM
ISS-00101-14-01,PAI-00101,2025-02-28,BUDGET_OR_APPROVAL,Synthetic budget or approval issue requiring monitoring review.,IN_PROGRESS,MEDIUM
ISS-00101-16-01,PAI-00101,2025-04-30,LAND_ACQUISITION,Synthetic land acquisition issue requiring monitoring review.,OPEN,HIGH
ISS-00101-17-01,PAI-00101,2025-05-31,FUNDING,Synthetic funding issue requiring monitoring review.,OPEN,LOW
ISS-00101-18-01,PAI-00101,2025-06-30,PROCUREMENT_OR_CONTRACT,Synthetic procurement or contract issue requiring monitoring review.,OPEN,HIGH
ISS-00101-19-01,PAI-00101,2025-07-31,LAND_ACQUISITION,Synthetic land acquisition issue requiring monitoring review.,OPEN,LOW
ISS-00101-19-02,PAI-00101,2025-07-31,FUNDING,Synthetic funding issue requiring monitoring review.,RESOLVED,LOW
ISS-00101-19-03,PAI-00101,2025-07-31,PROCUREMENT_OR_CONTRACT,Synthetic procurement or contract issue requiring monitoring review.,OPEN,HIGH
ISS-00101-19-04,PAI-00101,2025-07-31,SCOPE_OR_POLICY,Synthetic scope or policy issue requiring monitoring review.,RESOLVED,HIGH
ISS-00101-20-01,PAI-00101,2025-08-31,PROCUREMENT_OR_CONTRACT,Synthetic procurement or contract issue requiring monitoring review.,OPEN,MEDIUM
ISS-00101-23-01,PAI-00101,2025-11-30,FUNDING,Synthetic funding issue requiring monitoring review.,RESOLVED,MEDIUM
ISS-00101-24-01,PAI-00101,2025-12-31,SCOPE_OR_POLICY,Synthetic scope or policy issue requiring monitoring review.,OPEN,MEDIUM
ISS-00102-03-01,PAI-00102,2024-03-31,PROCUREMENT_OR_CONTRACT,Synthetic procurement or contract issue requiring monitoring review.,OPEN,HIGH
ISS-00102-10-01,PAI-00102,2024-10-31,FUNDING,Synthetic funding issue requiring monitoring review.,OPEN,MEDIUM
ISS-00102-11-01,PAI-00102,2024-11-30,LAND_ACQUISITION,Synthetic land acquisition issue requiring monitoring review.,IN_PROGRESS,HIGH
ISS-00102-12-01,PAI-00102,2024-12-31,CLEARANCE,Synthetic clearance issue requiring monitoring review.,RESOLVED,HIGH
ISS-00102-12-02,PAI-00102,2024-12-31,FUNDING,Synthetic funding issue requiring monitoring review.,OPEN,MEDIUM
ISS-00102-12-03,PAI-00102,2024-12-31,LAND_ACQUISITION,Synthetic land acquisition issue requiring monitoring review.,IN_PROGRESS,MEDIUM
ISS-00102-14-01,PAI-00102,2025-02-28,PROCUREMENT_OR_CONTRACT,Synthetic procurement or contract issue requiring monitoring review.,RESOLVED,LOW
ISS-00102-16-01,PAI-00102,2025-04-30,LEGAL_OR_SOCIAL,Synthetic legal or social issue requiring monitoring review.,OPEN,MEDIUM
ISS-00102-16-02,PAI-00102,2025-04-30,LAND_ACQUISITION,Synthetic land acquisition issue requiring monitoring review.,RESOLVED,MEDIUM
ISS-00102-17-01,PAI-00102,2025-05-31,CLEARANCE,Synthetic clearance issue requiring monitoring review.,RESOLVED,MEDIUM
ISS-00102-18-01,PAI-00102,2025-06-30,FUNDING,Synthetic funding issue requiring monitoring review.,OPEN,MEDIUM
ISS-00102-18-02,PAI-00102,2025-06-30,ENGINEERING_OR_FEASIBILITY,Synthetic engineering or feasibility issue requiring monitoring review.,IN_PROGRESS,MEDIUM
ISS-00102-19-01,PAI-00102,2025-07-31,PROCUREMENT_OR_CONTRACT,Synthetic procurement or contract issue requiring monitoring review.,OPEN,HIGH
ISS-00102-20-01,PAI-00102,2025-08-31,LAND_ACQUISITION,Synthetic land acquisition issue requiring monitoring review.,RESOLVED,HIGH
ISS-00102-21-01,PAI-00102,2025-09-30,BUDGET_OR_APPROVAL,Synthetic budget or approval issue requiring monitoring review.,RESOLVED,MEDIUM
ISS-00102-24-01,PAI-00102,2025-12-31,LEGAL_OR_SOCIAL,Synthetic legal or social issue requiring monitoring review.,IN_PROGRESS,MEDIUM
ISS-00103-04-01,PAI-00103,2024-04-30,LAND_ACQUISITION,Synthetic land acquisition issue requiring monitoring review.,OPEN,HIGH
ISS-00103-04-02,PAI-00103,2024-04-30,CLEARANCE,Synthetic clearance issue requiring monitoring review.,IN_PROGRESS,LOW
ISS-00103-05-01,PAI-00103,2024-05-31,SCOPE_OR_POLICY,Synthetic scope or policy issue requiring monitoring review.,IN_PROGRESS,HIGH
ISS-00103-06-01,PAI-00103,2024-06-30,FUNDING,Synthetic funding issue requiring monitoring review.,IN_PROGRESS,HIGH
ISS-00103-06-02,PAI-00103,2024-06-30,BUDGET_OR_APPROVAL,Synthetic budget or approval issue requiring monitoring review.,IN_PROGRESS,LOW
ISS-00103-06-03,PAI-00103,2024-06-30,SCOPE_OR_POLICY,Synthetic scope or policy issue requiring monitoring review.,RESOLVED,MEDIUM
ISS-00103-08-01,PAI-00103,2024-08-31,ENGINEERING_OR_FEASIBILITY,Synthetic engineering or feasibility issue requiring monitoring review.,OPEN,MEDIUM
ISS-00103-08-02,PAI-00103,2024-08-31,LAND_ACQUISITION,Synthetic land acquisition issue requiring monitoring review.,OPEN,HIGH
ISS-00103-08-03,PAI-00103,2024-08-31,BUDGET_OR_APPROVAL,Synthetic budget or approval issue requiring monitoring review.,OPEN,LOW
ISS-00103-09-01,PAI-00103,2024-09-30,SCOPE_OR_POLICY,Synthetic scope or policy issue requiring monitoring review.,OPEN,HIGH
ISS-00103-09-02,PAI-00103,2024-09-30,SCOPE_OR_POLICY,Synthetic scope or policy issue requiring monitoring review.,IN_PROGRESS,HIGH
ISS-00103-09-03,PAI-00103,2024-09-30,LEGAL_OR_SOCIAL,Synthetic legal or social issue requiring monitoring review.,OPEN,MEDIUM
ISS-00103-10-01,PAI-00103,2024-10-31,ENGINEERING_OR_FEASIBILITY,Synthetic engineering or feasibility issue requiring monitoring review.,RESOLVED,HIGH
ISS-00103-11-01,PAI-00103,2024-11-30,FUNDING,Synthetic funding issue requiring monitoring review.,RESOLVED,MEDIUM
ISS-00103-13-01,PAI-00103,2025-01-31,SCOPE_OR_POLICY,Synthetic scope or policy issue requiring monitoring review.,OPEN,MEDIUM
ISS-00103-15-01,PAI-00103,2025-03-31,BUDGET_OR_APPROVAL,Synthetic budget or approval issue requiring monitoring review.,OPEN,LOW
ISS-00103-17-01,PAI-00103,2025-05-31,LAND_ACQUISITION,Synthetic land acquisition issue requiring monitoring review.,IN_PROGRESS,LOW
ISS-00103-18-01,PAI-00103,2025-06-30,FUNDING,Synthetic funding issue requiring monitoring review.,IN_PROGRESS,MEDIUM
ISS-00103-18-02,PAI-00103,2025-06-30,PROCUREMENT_OR_CONTRACT,Synthetic procurement or contract issue requiring monitoring review.,OPEN,LOW
ISS-00103-20-01,PAI-00103,2025-08-31,CLEARANCE,Synthetic clearance issue requiring monitoring review.,IN_PROGRESS,LOW
ISS-00103-21-01,PAI-00103,2025-09-30,LAND_ACQUISITION,Synthetic land acquisition issue requiring monitoring review.,IN_PROGRESS,HIGH
ISS-00103-24-01,PAI-00103,2025-12-31,SCOPE_OR_POLICY,Synthetic scope or policy issue requiring monitoring review.,OPEN,HIGH
ISS-00103-24-02,PAI-00103,2025-12-31,FUNDING,Synthetic funding issue requiring monitoring review.,OPEN,HIGH
ISS-00104-05-01,PAI-00104,2024-05-31,SCOPE_OR_POLICY,Synthetic scope or policy issue requiring monitoring review.,OPEN,MEDIUM
ISS-00104-08-01,PAI-00104,2024-08-31,CLEARANCE,Synthetic clearance issue requiring monitoring review.,RESOLVED,HIGH
ISS-00104-09-01,PAI-00104,2024-09-30,BUDGET_OR_APPROVAL,Synthetic budget or approval issue requiring monitoring review.,OPEN,HIGH
ISS-00104-10-01,PAI-00104,2024-10-31,SCOPE_OR_POLICY,Synthetic scope or policy issue requiring monitoring review.,OPEN,MEDIUM
ISS-00104-10-02,PAI-00104,2024-10-31,SCOPE_OR_POLICY,Synthetic scope or policy issue requiring monitoring review.,IN_PROGRESS,HIGH
ISS-00104-17-01,PAI-00104,2025-05-31,LEGAL_OR_SOCIAL,Synthetic legal or social issue requiring monitoring review.,IN_PROGRESS,MEDIUM
ISS-00104-19-01,PAI-00104,2025-07-31,ENGINEERING_OR_FEASIBILITY,Synthetic engineering or feasibility issue requiring monitoring review.,OPEN,MEDIUM
ISS-00104-19-02,PAI-00104,2025-07-31,LAND_ACQUISITION,Synthetic land acquisition issue requiring monitoring review.,OPEN,MEDIUM
ISS-00104-20-01,PAI-00104,2025-08-31,LAND_ACQUISITION,Synthetic land acquisition issue requiring monitoring review.,RESOLVED,MEDIUM
ISS-00104-20-02,PAI-00104,2025-08-31,SCOPE_OR_POLICY,Synthetic scope or policy issue requiring monitoring review.,OPEN,MEDIUM
ISS-00104-22-01,PAI-00104,2025-10-31,FUNDING,Synthetic funding issue requiring monitoring review.,IN_PROGRESS,HIGH
ISS-00104-23-01,PAI-00104,2025-11-30,FUNDING,Synthetic funding issue requiring monitoring review.,IN_PROGRESS,HIGH
ISS-00105-02-01,PAI-00105,2024-02-29,FUNDING,Synthetic funding issue requiring monitoring review.,RESOLVED,MEDIUM
ISS-00105-04-01,PAI-00105,2024-04-30,SCOPE_OR_POLICY,Synthetic scope or policy issue requiring monitoring review.,IN_PROGRESS,HIGH
ISS-00105-07-01,PAI-00105,2024-07-31,CLEARANCE,Synthetic clearance issue requiring monitoring review.,RESOLVED,MEDIUM
ISS-00105-07-02,PAI-00105,2024-07-31,LEGAL_OR_SOCIAL,Synthetic legal or social issue requiring monitoring review.,RESOLVED,MEDIUM
ISS-00105-09-01,PAI-00105,2024-09-30,FUNDING,Synthetic funding issue requiring monitoring review.,RESOLVED,HIGH
ISS-00105-11-01,PAI-00105,2024-11-30,PROCUREMENT_OR_CONTRACT,Synthetic procurement or contract issue requiring monitoring review.,OPEN,HIGH
ISS-00105-15-01,PAI-00105,2025-03-31,LAND_ACQUISITION,Synthetic land acquisition issue requiring monitoring review.,OPEN,LOW
ISS-00105-15-02,PAI-00105,2025-03-31,BUDGET_OR_APPROVAL,Synthetic budget or approval issue requiring monitoring review.,OPEN,HIGH
ISS-00105-16-01,PAI-00105,2025-04-30,BUDGET_OR_APPROVAL,Synthetic budget or approval issue requiring monitoring review.,RESOLVED,MEDIUM
ISS-00105-19-01,PAI-00105,2025-07-31,ENGINEERING_OR_FEASIBILITY,Synthetic engineering or feasibility issue requiring monitoring review.,OPEN,HIGH
ISS-00105-24-01,PAI-00105,2025-12-31,ENGINEERING_OR_FEASIBILITY,Synthetic engineering or feasibility issue requiring monitoring review.,OPEN,HIGH
ISS-00106-04-01,PAI-00106,2024-04-30,PROCUREMENT_OR_CONTRACT,Synthetic procurement or contract issue requiring monitoring review.,OPEN,LOW
ISS-00106-04-02,PAI-00106,2024-04-30,CLEARANCE,Synthetic clearance issue requiring monitoring review.,RESOLVED,MEDIUM
ISS-00106-07-01,PAI-00106,2024-07-31,CLEARANCE,Synthetic clearance issue requiring monitoring review.,OPEN,LOW
ISS-00106-07-02,PAI-00106,2024-07-31,SCOPE_OR_POLICY,Synthetic scope or policy issue requiring monitoring review.,IN_PROGRESS,HIGH
ISS-00106-09-01,PAI-00106,2024-09-30,SCOPE_OR_POLICY,Synthetic scope or policy issue requiring monitoring review.,RESOLVED,HIGH
ISS-00106-10-01,PAI-00106,2024-10-31,ENGINEERING_OR_FEASIBILITY,Synthetic engineering or feasibility issue requiring monitoring review.,IN_PROGRESS,MEDIUM
ISS-00106-17-01,PAI-00106,2025-05-31,SCOPE_OR_POLICY,Synthetic scope or policy issue requiring monitoring review.,OPEN,MEDIUM
ISS-00106-17-02,PAI-00106,2025-05-31,LEGAL_OR_SOCIAL,Synthetic legal or social issue requiring monitoring review.,OPEN,HIGH
ISS-00106-17-03,PAI-00106,2025-05-31,BUDGET_OR_APPROVAL,Synthetic budget or approval issue requiring monitoring review.,OPEN,HIGH
ISS-00106-19-01,PAI-00106,2025-07-31,FUNDING,Synthetic funding issue requiring monitoring review.,OPEN,MEDIUM
ISS-00106-21-01,PAI-00106,2025-09-30,SCOPE_OR_POLICY,Synthetic scope or policy issue requiring monitoring review.,OPEN,MEDIUM
ISS-00107-02-01,PAI-00107,2024-02-29,LEGAL_OR_SOCIAL,Synthetic legal or social issue requiring monitoring review.,RESOLVED,LOW
ISS-00107-05-01,PAI-00107,2024-05-31,CLEARANCE,Synthetic clearance issue requiring monitoring review.,OPEN,MEDIUM
ISS-00107-13-01,PAI-00107,2025-01-31,CLEARANCE,Synthetic clearance issue requiring monitoring review.,IN_PROGRESS,LOW
ISS-00108-06-01,PAI-00108,2024-06-30,BUDGET_OR_APPROVAL,Synthetic budget or approval issue requiring monitoring review.,OPEN,HIGH
ISS-00108-15-01,PAI-00108,2025-03-31,LEGAL_OR_SOCIAL,Synthetic legal or social issue requiring monitoring review.,OPEN,MEDIUM
ISS-00108-16-01,PAI-00108,2025-04-30,BUDGET_OR_APPROVAL,Synthetic budget or approval issue requiring monitoring review.,RESOLVED,MEDIUM
ISS-00108-19-01,PAI-00108,2025-07-31,FUNDING,Synthetic funding issue requiring monitoring review.,OPEN,HIGH
ISS-00108-21-01,PAI-00108,2025-09-30,LAND_ACQUISITION,Synthetic land acquisition issue requiring monitoring review.,RESOLVED,MEDIUM
ISS-00108-24-01,PAI-00108,2025-12-31,CLEARANCE,Synthetic clearance issue requiring monitoring review.,OPEN,MEDIUM
ISS-00109-01-01,PAI-00109,2024-01-31,PROCUREMENT_OR_CONTRACT,Synthetic procurement or contract issue requiring monitoring review.,OPEN,LOW
ISS-00109-04-01,PAI-00109,2024-04-30,LEGAL_OR_SOCIAL,Synthetic legal or social issue requiring monitoring review.,IN_PROGRESS,LOW
ISS-00109-04-02,PAI-00109,2024-04-30,SCOPE_OR_POLICY,Synthetic scope or policy issue requiring monitoring review.,RESOLVED,MEDIUM
ISS-00109-05-01,PAI-00109,2024-05-31,SCOPE_OR_POLICY,Synthetic scope or policy issue requiring monitoring review.,IN_PROGRESS,LOW
ISS-00109-07-01,PAI-00109,2024-07-31,BUDGET_OR_APPROVAL,Synthetic budget or approval issue requiring monitoring review.,RESOLVED,MEDIUM
ISS-00109-07-02,PAI-00109,2024-07-31,LEGAL_OR_SOCIAL,Synthetic legal or social issue requiring monitoring review.,OPEN,LOW
ISS-00109-12-01,PAI-00109,2024-12-31,ENGINEERING_OR_FEASIBILITY,Synthetic engineering or feasibility issue requiring monitoring review.,OPEN,MEDIUM
ISS-00109-13-01,PAI-00109,2025-01-31,BUDGET_OR_APPROVAL,Synthetic budget or approval issue requiring monitoring review.,OPEN,MEDIUM
ISS-00109-13-02,PAI-00109,2025-01-31,CLEARANCE,Synthetic clearance issue requiring monitoring review.,OPEN,MEDIUM
ISS-00109-15-01,PAI-00109,2025-03-31,ENGINEERING_OR_FEASIBILITY,Synthetic engineering or feasibility issue requiring monitoring review.,OPEN,MEDIUM
ISS-00109-17-01,PAI-00109,2025-05-31,LEGAL_OR_SOCIAL,Synthetic legal or social issue requiring monitoring review.,RESOLVED,MEDIUM
ISS-00109-17-02,PAI-00109,2025-05-31,LAND_ACQUISITION,Synthetic land acquisition issue requiring monitoring review.,IN_PROGRESS,LOW
ISS-00109-18-01,PAI-00109,2025-06-30,PROCUREMENT_OR_CONTRACT,Synthetic procurement or contract issue requiring monitoring review.,RESOLVED,LOW
ISS-00109-19-01,PAI-00109,2025-07-31,SCOPE_OR_POLICY,Synthetic scope or policy issue requiring monitoring review.,IN_PROGRESS,HIGH
ISS-00109-20-01,PAI-00109,2025-08-31,PROCUREMENT_OR_CONTRACT,Synthetic procurement or contract issue requiring monitoring review.,RESOLVED,LOW
ISS-00109-20-02,PAI-00109,2025-08-31,LEGAL_OR_SOCIAL,Synthetic legal or social issue requiring monitoring review.,OPEN,LOW
ISS-00109-22-01,PAI-00109,2025-10-31,PROCUREMENT_OR_CONTRACT,Synthetic procurement or contract issue requiring monitoring review.,IN_PROGRESS,HIGH
ISS-00109-23-01,PAI-00109,2025-11-30,CLEARANCE,Synthetic clearance issue requiring monitoring review.,IN_PROGRESS,MEDIUM
ISS-00109-23-02,PAI-00109,2025-11-30,SCOPE_OR_POLICY,Synthetic scope or policy issue requiring monitoring review.,RESOLVED,HIGH
ISS-00109-24-01,PAI-00109,2025-12-31,BUDGET_OR_APPROVAL,Synthetic budget or approval issue requiring monitoring review.,RESOLVED,HIGH
ISS-00110-04-01,PAI-00110,2024-04-30,LEGAL_OR_SOCIAL,Synthetic legal or social issue requiring monitoring review.,OPEN,HIGH
ISS-00110-04-02,PAI-00110,2024-04-30,CLEARANCE,Synthetic clearance issue requiring monitoring review.,RESOLVED,HIGH
ISS-00110-05-01,PAI-00110,2024-05-31,PROCUREMENT_OR_CONTRACT,Synthetic procurement or contract issue requiring monitoring review.,IN_PROGRESS,LOW
ISS-00110-06-01,PAI-00110,2024-06-30,FUNDING,Synthetic funding issue requiring monitoring review.,IN_PROGRESS,LOW
ISS-00110-07-01,PAI-00110,2024-07-31,LAND_ACQUISITION,Synthetic land acquisition issue requiring monitoring review.,OPEN,MEDIUM
ISS-00110-07-02,PAI-00110,2024-07-31,LAND_ACQUISITION,Synthetic land acquisition issue requiring monitoring review.,RESOLVED,MEDIUM
ISS-00110-09-01,PAI-00110,2024-09-30,CLEARANCE,Synthetic clearance issue requiring monitoring review.,OPEN,MEDIUM
ISS-00110-09-02,PAI-00110,2024-09-30,ENGINEERING_OR_FEASIBILITY,Synthetic engineering or feasibility issue requiring monitoring review.,OPEN,MEDIUM
ISS-00110-10-01,PAI-00110,2024-10-31,FUNDING,Synthetic funding issue requiring monitoring review.,IN_PROGRESS,LOW
ISS-00110-11-01,PAI-00110,2024-11-30,SCOPE_OR_POLICY,Synthetic scope or policy issue requiring monitoring review.,IN_PROGRESS,MEDIUM
ISS-00110-15-01,PAI-00110,2025-03-31,PROCUREMENT_OR_CONTRACT,Synthetic procurement or contract issue requiring monitoring review.,IN_PROGRESS,MEDIUM
ISS-00110-18-01,PAI-00110,2025-06-30,CLEARANCE,Synthetic clearance issue requiring monitoring review.,RESOLVED,MEDIUM
ISS-00110-19-01,PAI-00110,2025-07-31,LEGAL_OR_SOCIAL,Synthetic legal or social issue requiring monitoring review.,OPEN,LOW
ISS-00110-20-01,PAI-00110,2025-08-31,SCOPE_OR_POLICY,Synthetic scope or policy issue requiring monitoring review.,OPEN,HIGH
ISS-00110-20-02,PAI-00110,2025-08-31,SCOPE_OR_POLICY,Synthetic scope or policy issue requiring monitoring review.,IN_PROGRESS,MEDIUM
ISS-00110-21-01,PAI-00110,2025-09-30,CLEARANCE,Synthetic clearance issue requiring monitoring review.,OPEN,LOW
ISS-00110-21-02,PAI-00110,2025-09-30,BUDGET_OR_APPROVAL,Synthetic budget or approval issue requiring monitoring review.,RESOLVED,LOW
ISS-00110-23-01,PAI-00110,2025-11-30,ENGINEERING_OR_FEASIBILITY,Synthetic engineering or feasibility issue requiring monitoring review.,RESOLVED,HIGH
ISS-00110-23-02,PAI-00110,2025-11-30,CLEARANCE,Synthetic clearance issue requiring monitoring review.,IN_PROGRESS,MEDIUM
ISS-00110-24-01,PAI-00110,2025-12-31,CLEARANCE,Synthetic clearance issue requiring monitoring review.,OPEN,MEDIUM
ISS-00111-02-01,PAI-00111,2024-02-29,BUDGET_OR_APPROVAL,Synthetic budget or approval issue requiring monitoring review.,RESOLVED,HIGH
ISS-00111-04-01,PAI-00111,2024-04-30,SCOPE_OR_POLICY,Synthetic scope or policy issue requiring monitoring review.,OPEN,HIGH
ISS-00111-05-01,PAI-00111,2024-05-31,BUDGET_OR_APPROVAL,Synthetic budget or approval issue requiring monitoring review.,OPEN,LOW
ISS-00111-06-01,PAI-00111,2024-06-30,LEGAL_OR_SOCIAL,Synthetic legal or social issue requiring monitoring review.,IN_PROGRESS,MEDIUM
ISS-00111-07-01,PAI-00111,2024-07-31,PROCUREMENT_OR_CONTRACT,Synthetic procurement or contract issue requiring monitoring review.,IN_PROGRESS,MEDIUM
ISS-00111-07-02,PAI-00111,2024-07-31,LEGAL_OR_SOCIAL,Synthetic legal or social issue requiring monitoring review.,OPEN,MEDIUM
ISS-00111-08-01,PAI-00111,2024-08-31,LAND_ACQUISITION,Synthetic land acquisition issue requiring monitoring review.,OPEN,LOW
ISS-00111-08-02,PAI-00111,2024-08-31,LAND_ACQUISITION,Synthetic land acquisition issue requiring monitoring review.,RESOLVED,HIGH
ISS-00111-09-01,PAI-00111,2024-09-30,FUNDING,Synthetic funding issue requiring monitoring review.,IN_PROGRESS,MEDIUM
ISS-00111-09-02,PAI-00111,2024-09-30,LAND_ACQUISITION,Synthetic land acquisition issue requiring monitoring review.,RESOLVED,HIGH
ISS-00111-13-01,PAI-00111,2025-01-31,CLEARANCE,Synthetic clearance issue requiring monitoring review.,OPEN,HIGH
ISS-00111-14-01,PAI-00111,2025-02-28,LEGAL_OR_SOCIAL,Synthetic legal or social issue requiring monitoring review.,IN_PROGRESS,LOW
ISS-00111-15-01,PAI-00111,2025-03-31,LEGAL_OR_SOCIAL,Synthetic legal or social issue requiring monitoring review.,IN_PROGRESS,MEDIUM
ISS-00111-15-02,PAI-00111,2025-03-31,BUDGET_OR_APPROVAL,Synthetic budget or approval issue requiring monitoring review.,IN_PROGRESS,HIGH
ISS-00111-17-01,PAI-00111,2025-05-31,ENGINEERING_OR_FEASIBILITY,Synthetic engineering or feasibility issue requiring monitoring review.,RESOLVED,MEDIUM
ISS-00111-18-01,PAI-00111,2025-06-30,FUNDING,Synthetic funding issue requiring monitoring review.,OPEN,HIGH
ISS-00111-21-01,PAI-00111,2025-09-30,BUDGET_OR_APPROVAL,Synthetic budget or approval issue requiring monitoring review.,OPEN,LOW
ISS-00111-22-01,PAI-00111,2025-10-31,LAND_ACQUISITION,Synthetic land acquisition issue requiring monitoring review.,RESOLVED,LOW
ISS-00112-04-01,PAI-00112,2024-04-30,FUNDING,Synthetic funding issue requiring monitoring review.,OPEN,MEDIUM
ISS-00112-11-01,PAI-00112,2024-11-30,LAND_ACQUISITION,Synthetic land acquisition issue requiring monitoring review.,IN_PROGRESS,LOW
ISS-00112-14-01,PAI-00112,2025-02-28,CLEARANCE,Synthetic clearance issue requiring monitoring review.,RESOLVED,LOW
ISS-00112-16-01,PAI-00112,2025-04-30,SCOPE_OR_POLICY,Synthetic scope or policy issue requiring monitoring review.,OPEN,MEDIUM
ISS-00112-16-02,PAI-00112,2025-04-30,PROCUREMENT_OR_CONTRACT,Synthetic procurement or contract issue requiring monitoring review.,IN_PROGRESS,LOW
ISS-00113-07-01,PAI-00113,2024-07-31,LAND_ACQUISITION,Synthetic land acquisition issue requiring monitoring review.,IN_PROGRESS,LOW
ISS-00113-08-01,PAI-00113,2024-08-31,LAND_ACQUISITION,Synthetic land acquisition issue requiring monitoring review.,OPEN,LOW
ISS-00113-08-02,PAI-00113,2024-08-31,ENGINEERING_OR_FEASIBILITY,Synthetic engineering or feasibility issue requiring monitoring review.,IN_PROGRESS,LOW
ISS-00113-10-01,PAI-00113,2024-10-31,CLEARANCE,Synthetic clearance issue requiring monitoring review.,IN_PROGRESS,HIGH
ISS-00113-20-01,PAI-00113,2025-08-31,SCOPE_OR_POLICY,Synthetic scope or policy issue requiring monitoring review.,IN_PROGRESS,LOW
ISS-00113-23-01,PAI-00113,2025-11-30,FUNDING,Synthetic funding issue requiring monitoring review.,OPEN,LOW
ISS-00114-01-01,PAI-00114,2024-01-31,PROCUREMENT_OR_CONTRACT,Synthetic procurement or contract issue requiring monitoring review.,RESOLVED,LOW
ISS-00114-02-01,PAI-00114,2024-02-29,BUDGET_OR_APPROVAL,Synthetic budget or approval issue requiring monitoring review.,IN_PROGRESS,MEDIUM
ISS-00114-08-01,PAI-00114,2024-08-31,LAND_ACQUISITION,Synthetic land acquisition issue requiring monitoring review.,IN_PROGRESS,MEDIUM
ISS-00114-08-02,PAI-00114,2024-08-31,PROCUREMENT_OR_CONTRACT,Synthetic procurement or contract issue requiring monitoring review.,IN_PROGRESS,HIGH
ISS-00114-13-01,PAI-00114,2025-01-31,ENGINEERING_OR_FEASIBILITY,Synthetic engineering or feasibility issue requiring monitoring review.,OPEN,HIGH
ISS-00114-14-01,PAI-00114,2025-02-28,BUDGET_OR_APPROVAL,Synthetic budget or approval issue requiring monitoring review.,IN_PROGRESS,MEDIUM
ISS-00114-21-01,PAI-00114,2025-09-30,PROCUREMENT_OR_CONTRACT,Synthetic procurement or contract issue requiring monitoring review.,IN_PROGRESS,MEDIUM
ISS-00114-22-01,PAI-00114,2025-10-31,LEGAL_OR_SOCIAL,Synthetic legal or social issue requiring monitoring review.,OPEN,LOW
ISS-00114-24-01,PAI-00114,2025-12-31,LAND_ACQUISITION,Synthetic land acquisition issue requiring monitoring review.,OPEN,HIGH
ISS-00115-03-01,PAI-00115,2024-03-31,LEGAL_OR_SOCIAL,Synthetic legal or social issue requiring monitoring review.,OPEN,HIGH
ISS-00115-09-01,PAI-00115,2024-09-30,BUDGET_OR_APPROVAL,Synthetic budget or approval issue requiring monitoring review.,IN_PROGRESS,LOW
ISS-00115-10-01,PAI-00115,2024-10-31,BUDGET_OR_APPROVAL,Synthetic budget or approval issue requiring monitoring review.,RESOLVED,LOW
ISS-00115-11-01,PAI-00115,2024-11-30,CLEARANCE,Synthetic clearance issue requiring monitoring review.,OPEN,HIGH
ISS-00115-12-01,PAI-00115,2024-12-31,SCOPE_OR_POLICY,Synthetic scope or policy issue requiring monitoring review.,OPEN,MEDIUM
ISS-00115-13-01,PAI-00115,2025-01-31,FUNDING,Synthetic funding issue requiring monitoring review.,IN_PROGRESS,MEDIUM
ISS-00115-14-01,PAI-00115,2025-02-28,FUNDING,Synthetic funding issue requiring monitoring review.,OPEN,MEDIUM
ISS-00115-16-01,PAI-00115,2025-04-30,BUDGET_OR_APPROVAL,Synthetic budget or approval issue requiring monitoring review.,RESOLVED,LOW
ISS-00115-18-01,PAI-00115,2025-06-30,BUDGET_OR_APPROVAL,Synthetic budget or approval issue requiring monitoring review.,OPEN,MEDIUM
ISS-00115-21-01,PAI-00115,2025-09-30,LEGAL_OR_SOCIAL,Synthetic legal or social issue requiring monitoring review.,OPEN,HIGH
ISS-00115-21-02,PAI-00115,2025-09-30,ENGINEERING_OR_FEASIBILITY,Synthetic engineering or feasibility issue requiring monitoring review.,IN_PROGRESS,LOW
ISS-00115-21-03,PAI-00115,2025-09-30,LEGAL_OR_SOCIAL,Synthetic legal or social issue requiring monitoring review.,IN_PROGRESS,LOW
ISS-00115-21-04,PAI-00115,2025-09-30,PROCUREMENT_OR_CONTRACT,Synthetic procurement or contract issue requiring monitoring review.,IN_PROGRESS,MEDIUM
ISS-00115-22-01,PAI-00115,2025-10-31,ENGINEERING_OR_FEASIBILITY,Synthetic engineering or feasibility issue requiring monitoring review.,IN_PROGRESS,HIGH
ISS-00116-01-01,PAI-00116,2024-01-31,LEGAL_OR_SOCIAL,Synthetic legal or social issue requiring monitoring review.,OPEN,LOW
ISS-00116-03-01,PAI-00116,2024-03-31,SCOPE_OR_POLICY,Synthetic scope or policy issue requiring monitoring review.,RESOLVED,LOW
ISS-00116-07-01,PAI-00116,2024-07-31,ENGINEERING_OR_FEASIBILITY,Synthetic engineering or feasibility issue requiring monitoring review.,OPEN,HIGH
ISS-00116-07-02,PAI-00116,2024-07-31,SCOPE_OR_POLICY,Synthetic scope or policy issue requiring monitoring review.,OPEN,HIGH
ISS-00116-09-01,PAI-00116,2024-09-30,PROCUREMENT_OR_CONTRACT,Synthetic procurement or contract issue requiring monitoring review.,OPEN,HIGH
ISS-00116-11-01,PAI-00116,2024-11-30,ENGINEERING_OR_FEASIBILITY,Synthetic engineering or feasibility issue requiring monitoring review.,OPEN,HIGH
ISS-00116-13-01,PAI-00116,2025-01-31,FUNDING,Synthetic funding issue requiring monitoring review.,OPEN,MEDIUM
ISS-00116-16-01,PAI-00116,2025-04-30,PROCUREMENT_OR_CONTRACT,Synthetic procurement or contract issue requiring monitoring review.,OPEN,MEDIUM
ISS-00116-16-02,PAI-00116,2025-04-30,BUDGET_OR_APPROVAL,Synthetic budget or approval issue requiring monitoring review.,RESOLVED,MEDIUM
ISS-00116-18-01,PAI-00116,2025-06-30,CLEARANCE,Synthetic clearance issue requiring monitoring review.,IN_PROGRESS,LOW
ISS-00116-20-01,PAI-00116,2025-08-31,FUNDING,Synthetic funding issue requiring monitoring review.,IN_PROGRESS,MEDIUM
ISS-00116-20-02,PAI-00116,2025-08-31,LAND_ACQUISITION,Synthetic land acquisition issue requiring monitoring review.,IN_PROGRESS,HIGH
ISS-00116-22-01,PAI-00116,2025-10-31,BUDGET_OR_APPROVAL,Synthetic budget or approval issue requiring monitoring review.,RESOLVED,LOW
ISS-00116-24-01,PAI-00116,2025-12-31,PROCUREMENT_OR_CONTRACT,Synthetic procurement or contract issue requiring monitoring review.,OPEN,LOW
ISS-00117-04-01,PAI-00117,2024-04-30,BUDGET_OR_APPROVAL,Synthetic budget or approval issue requiring monitoring review.,IN_PROGRESS,MEDIUM
ISS-00117-05-01,PAI-00117,2024-05-31,CLEARANCE,Synthetic clearance issue requiring monitoring review.,OPEN,LOW
ISS-00117-10-01,PAI-00117,2024-10-31,PROCUREMENT_OR_CONTRACT,Synthetic procurement or contract issue requiring monitoring review.,IN_PROGRESS,LOW
ISS-00117-13-01,PAI-00117,2025-01-31,FUNDING,Synthetic funding issue requiring monitoring review.,IN_PROGRESS,LOW
ISS-00117-16-01,PAI-00117,2025-04-30,ENGINEERING_OR_FEASIBILITY,Synthetic engineering or feasibility issue requiring monitoring review.,OPEN,MEDIUM
ISS-00117-19-01,PAI-00117,2025-07-31,LEGAL_OR_SOCIAL,Synthetic legal or social issue requiring monitoring review.,OPEN,LOW
ISS-00118-04-01,PAI-00118,2024-04-30,CLEARANCE,Synthetic clearance issue requiring monitoring review.,IN_PROGRESS,MEDIUM
ISS-00118-22-01,PAI-00118,2025-10-31,LEGAL_OR_SOCIAL,Synthetic legal or social issue requiring monitoring review.,OPEN,HIGH
ISS-00119-01-01,PAI-00119,2024-01-31,CLEARANCE,Synthetic clearance issue requiring monitoring review.,OPEN,MEDIUM
ISS-00119-05-01,PAI-00119,2024-05-31,LAND_ACQUISITION,Synthetic land acquisition issue requiring monitoring review.,OPEN,LOW
ISS-00119-14-01,PAI-00119,2025-02-28,LEGAL_OR_SOCIAL,Synthetic legal or social issue requiring monitoring review.,IN_PROGRESS,LOW
ISS-00119-14-02,PAI-00119,2025-02-28,FUNDING,Synthetic funding issue requiring monitoring review.,IN_PROGRESS,MEDIUM
ISS-00119-15-01,PAI-00119,2025-03-31,PROCUREMENT_OR_CONTRACT,Synthetic procurement or contract issue requiring monitoring review.,IN_PROGRESS,MEDIUM
ISS-00119-17-01,PAI-00119,2025-05-31,CLEARANCE,Synthetic clearance issue requiring monitoring review.,RESOLVED,LOW
ISS-00120-13-01,PAI-00120,2025-01-31,ENGINEERING_OR_FEASIBILITY,Synthetic engineering or feasibility issue requiring monitoring review.,OPEN,MEDIUM
ISS-00120-17-01,PAI-00120,2025-05-31,FUNDING,Synthetic funding issue requiring monitoring review.,IN_PROGRESS,MEDIUM
ISS-00120-21-01,PAI-00120,2025-09-30,LEGAL_OR_SOCIAL,Synthetic legal or social issue requiring monitoring review.,OPEN,MEDIUM
ISS-00120-21-02,PAI-00120,2025-09-30,ENGINEERING_OR_FEASIBILITY,Synthetic engineering or feasibility issue requiring monitoring review.,IN_PROGRESS,HIGH
ISS-00120-23-01,PAI-00120,2025-11-30,PROCUREMENT_OR_CONTRACT,Synthetic procurement or contract issue requiring monitoring review.,OPEN,LOW
ISS-00120-24-01,PAI-00120,2025-12-31,SCOPE_OR_POLICY,Synthetic scope or policy issue requiring monitoring review.,OPEN,MEDIUM
ISS-00121-01-01,PAI-00121,2024-01-31,FUNDING,Synthetic funding issue requiring monitoring review.,OPEN,MEDIUM
ISS-00121-05-01,PAI-00121,2024-05-31,PROCUREMENT_OR_CONTRACT,Synthetic procurement or contract issue requiring monitoring review.,IN_PROGRESS,LOW
ISS-00121-06-01,PAI-00121,2024-06-30,LEGAL_OR_SOCIAL,Synthetic legal or social issue requiring monitoring review.,RESOLVED,HIGH
ISS-00121-07-01,PAI-00121,2024-07-31,SCOPE_OR_POLICY,Synthetic scope or policy issue requiring monitoring review.,OPEN,HIGH
ISS-00121-08-01,PAI-00121,2024-08-31,BUDGET_OR_APPROVAL,Synthetic budget or approval issue requiring monitoring review.,IN_PROGRESS,MEDIUM
ISS-00121-09-01,PAI-00121,2024-09-30,CLEARANCE,Synthetic clearance issue requiring monitoring review.,IN_PROGRESS,MEDIUM
ISS-00121-13-01,PAI-00121,2025-01-31,LAND_ACQUISITION,Synthetic land acquisition issue requiring monitoring review.,OPEN,MEDIUM
ISS-00121-13-02,PAI-00121,2025-01-31,SCOPE_OR_POLICY,Synthetic scope or policy issue requiring monitoring review.,IN_PROGRESS,HIGH
ISS-00121-14-01,PAI-00121,2025-02-28,BUDGET_OR_APPROVAL,Synthetic budget or approval issue requiring monitoring review.,OPEN,HIGH
ISS-00121-15-01,PAI-00121,2025-03-31,BUDGET_OR_APPROVAL,Synthetic budget or approval issue requiring monitoring review.,IN_PROGRESS,LOW
ISS-00121-16-01,PAI-00121,2025-04-30,FUNDING,Synthetic funding issue requiring monitoring review.,OPEN,MEDIUM
ISS-00121-17-01,PAI-00121,2025-05-31,CLEARANCE,Synthetic clearance issue requiring monitoring review.,IN_PROGRESS,MEDIUM
ISS-00121-20-01,PAI-00121,2025-08-31,CLEARANCE,Synthetic clearance issue requiring monitoring review.,IN_PROGRESS,LOW
ISS-00121-22-01,PAI-00121,2025-10-31,PROCUREMENT_OR_CONTRACT,Synthetic procurement or contract issue requiring monitoring review.,IN_PROGRESS,MEDIUM
ISS-00121-22-02,PAI-00121,2025-10-31,LAND_ACQUISITION,Synthetic land acquisition issue requiring monitoring review.,IN_PROGRESS,HIGH
ISS-00121-23-01,PAI-00121,2025-11-30,LAND_ACQUISITION,Synthetic land acquisition issue requiring monitoring review.,IN_PROGRESS,LOW
ISS-00121-23-02,PAI-00121,2025-11-30,LEGAL_OR_SOCIAL,Synthetic legal or social issue requiring monitoring review.,IN_PROGRESS,MEDIUM
ISS-00121-23-03,PAI-00121,2025-11-30,BUDGET_OR_APPROVAL,Synthetic budget or approval issue requiring monitoring review.,IN_PROGRESS,HIGH
ISS-00121-24-01,PAI-00121,2025-12-31,PROCUREMENT_OR_CONTRACT,Synthetic procurement or contract issue requiring monitoring review.,OPEN,HIGH
ISS-00121-24-02,PAI-00121,2025-12-31,ENGINEERING_OR_FEASIBILITY,Synthetic engineering or feasibility issue requiring monitoring review.,OPEN,HIGH
ISS-00121-24-03,PAI-00121,2025-12-31,SCOPE_OR_POLICY,Synthetic scope or policy issue requiring monitoring review.,RESOLVED,LOW
ISS-00121-24-04,PAI-00121,2025-12-31,LAND_ACQUISITION,Synthetic land acquisition issue requiring monitoring review.,IN_PROGRESS,MEDIUM
ISS-00122-07-01,PAI-00122,2024-07-31,ENGINEERING_OR_FEASIBILITY,Synthetic engineering or feasibility issue requiring monitoring review.,OPEN,LOW
ISS-00122-09-01,PAI-00122,2024-09-30,LEGAL_OR_SOCIAL,Synthetic legal or social issue requiring monitoring review.,RESOLVED,MEDIUM
ISS-00122-16-01,PAI-00122,2025-04-30,LAND_ACQUISITION,Synthetic land acquisition issue requiring monitoring review.,OPEN,MEDIUM
ISS-00122-22-01,PAI-00122,2025-10-31,SCOPE_OR_POLICY,Synthetic scope or policy issue requiring monitoring review.,IN_PROGRESS,HIGH
ISS-00122-23-01,PAI-00122,2025-11-30,LEGAL_OR_SOCIAL,Synthetic legal or social issue requiring monitoring review.,OPEN,LOW
ISS-00122-23-02,PAI-00122,2025-11-30,LEGAL_OR_SOCIAL,Synthetic legal or social issue requiring monitoring review.,OPEN,MEDIUM
ISS-00123-03-01,PAI-00123,2024-03-31,ENGINEERING_OR_FEASIBILITY,Synthetic engineering or feasibility issue requiring monitoring review.,OPEN,LOW
ISS-00123-07-01,PAI-00123,2024-07-31,LAND_ACQUISITION,Synthetic land acquisition issue requiring monitoring review.,OPEN,LOW
ISS-00123-12-01,PAI-00123,2024-12-31,BUDGET_OR_APPROVAL,Synthetic budget or approval issue requiring monitoring review.,IN_PROGRESS,MEDIUM
ISS-00123-13-01,PAI-00123,2025-01-31,ENGINEERING_OR_FEASIBILITY,Synthetic engineering or feasibility issue requiring monitoring review.,OPEN,MEDIUM
ISS-00123-21-01,PAI-00123,2025-09-30,LAND_ACQUISITION,Synthetic land acquisition issue requiring monitoring review.,IN_PROGRESS,HIGH
ISS-00123-23-01,PAI-00123,2025-11-30,LEGAL_OR_SOCIAL,Synthetic legal or social issue requiring monitoring review.,IN_PROGRESS,MEDIUM
ISS-00124-05-01,PAI-00124,2024-05-31,FUNDING,Synthetic funding issue requiring monitoring review.,RESOLVED,HIGH
ISS-00124-23-01,PAI-00124,2025-11-30,SCOPE_OR_POLICY,Synthetic scope or policy issue requiring monitoring review.,OPEN,LOW
ISS-00125-02-01,PAI-00125,2024-02-29,LEGAL_OR_SOCIAL,Synthetic legal or social issue requiring monitoring review.,OPEN,HIGH
ISS-00125-14-01,PAI-00125,2025-02-28,BUDGET_OR_APPROVAL,Synthetic budget or approval issue requiring monitoring review.,IN_PROGRESS,MEDIUM
ISS-00125-17-01,PAI-00125,2025-05-31,LEGAL_OR_SOCIAL,Synthetic legal or social issue requiring monitoring review.,IN_PROGRESS,LOW
ISS-00125-19-01,PAI-00125,2025-07-31,CLEARANCE,Synthetic clearance issue requiring monitoring review.,OPEN,MEDIUM
ISS-00125-21-01,PAI-00125,2025-09-30,CLEARANCE,Synthetic clearance issue requiring monitoring review.,OPEN,MEDIUM
ISS-00125-21-02,PAI-00125,2025-09-30,ENGINEERING_OR_FEASIBILITY,Synthetic engineering or feasibility issue requiring monitoring review.,IN_PROGRESS,LOW
ISS-00125-21-03,PAI-00125,2025-09-30,ENGINEERING_OR_FEASIBILITY,Synthetic engineering or feasibility issue requiring monitoring review.,IN_PROGRESS,LOW
ISS-00126-15-01,PAI-00126,2025-03-31,LAND_ACQUISITION,Synthetic land acquisition issue requiring monitoring review.,IN_PROGRESS,LOW
ISS-00126-16-01,PAI-00126,2025-04-30,CLEARANCE,Synthetic clearance issue requiring monitoring review.,OPEN,HIGH
ISS-00126-17-01,PAI-00126,2025-05-31,LEGAL_OR_SOCIAL,Synthetic legal or social issue requiring monitoring review.,IN_PROGRESS,HIGH
ISS-00126-21-01,PAI-00126,2025-09-30,FUNDING,Synthetic funding issue requiring monitoring review.,OPEN,MEDIUM
ISS-00126-23-01,PAI-00126,2025-11-30,LEGAL_OR_SOCIAL,Synthetic legal or social issue requiring monitoring review.,RESOLVED,MEDIUM
ISS-00126-24-01,PAI-00126,2025-12-31,FUNDING,Synthetic funding issue requiring monitoring review.,OPEN,LOW
ISS-00127-02-01,PAI-00127,2024-02-29,BUDGET_OR_APPROVAL,Synthetic budget or approval issue requiring monitoring review.,OPEN,MEDIUM
ISS-00127-03-01,PAI-00127,2024-03-31,LAND_ACQUISITION,Synthetic land acquisition issue requiring monitoring review.,RESOLVED,LOW
ISS-00127-04-01,PAI-00127,2024-04-30,BUDGET_OR_APPROVAL,Synthetic budget or approval issue requiring monitoring review.,OPEN,MEDIUM
ISS-00127-09-01,PAI-00127,2024-09-30,ENGINEERING_OR_FEASIBILITY,Synthetic engineering or feasibility issue requiring monitoring review.,OPEN,MEDIUM
ISS-00127-11-01,PAI-00127,2024-11-30,LEGAL_OR_SOCIAL,Synthetic legal or social issue requiring monitoring review.,IN_PROGRESS,MEDIUM
ISS-00127-18-01,PAI-00127,2025-06-30,PROCUREMENT_OR_CONTRACT,Synthetic procurement or contract issue requiring monitoring review.,OPEN,MEDIUM
ISS-00128-02-01,PAI-00128,2024-02-29,LEGAL_OR_SOCIAL,Synthetic legal or social issue requiring monitoring review.,OPEN,LOW
ISS-00128-10-01,PAI-00128,2024-10-31,CLEARANCE,Synthetic clearance issue requiring monitoring review.,OPEN,MEDIUM
ISS-00128-16-01,PAI-00128,2025-04-30,FUNDING,Synthetic funding issue requiring monitoring review.,RESOLVED,LOW
ISS-00128-19-01,PAI-00128,2025-07-31,SCOPE_OR_POLICY,Synthetic scope or policy issue requiring monitoring review.,IN_PROGRESS,LOW
ISS-00128-23-01,PAI-00128,2025-11-30,CLEARANCE,Synthetic clearance issue requiring monitoring review.,OPEN,MEDIUM
ISS-00129-07-01,PAI-00129,2024-07-31,PROCUREMENT_OR_CONTRACT,Synthetic procurement or contract issue requiring monitoring review.,IN_PROGRESS,LOW
ISS-00129-16-01,PAI-00129,2025-04-30,PROCUREMENT_OR_CONTRACT,Synthetic procurement or contract issue requiring monitoring review.,IN_PROGRESS,MEDIUM
ISS-00130-10-01,PAI-00130,2024-10-31,BUDGET_OR_APPROVAL,Synthetic budget or approval issue requiring monitoring review.,IN_PROGRESS,MEDIUM
ISS-00130-12-01,PAI-00130,2024-12-31,LEGAL_OR_SOCIAL,Synthetic legal or social issue requiring monitoring review.,IN_PROGRESS,LOW
ISS-00130-14-01,PAI-00130,2025-02-28,CLEARANCE,Synthetic clearance issue requiring monitoring review.,IN_PROGRESS,HIGH
ISS-00130-16-01,PAI-00130,2025-04-30,LAND_ACQUISITION,Synthetic land acquisition issue requiring monitoring review.,IN_PROGRESS,MEDIUM
ISS-00130-19-01,PAI-00130,2025-07-31,BUDGET_OR_APPROVAL,Synthetic budget or approval issue requiring monitoring review.,IN_PROGRESS,LOW
ISS-00131-03-01,PAI-00131,2024-03-31,ENGINEERING_OR_FEASIBILITY,Synthetic engineering or feasibility issue requiring monitoring review.,OPEN,LOW
ISS-00131-07-01,PAI-00131,2024-07-31,LEGAL_OR_SOCIAL,Synthetic legal or social issue requiring monitoring review.,RESOLVED,MEDIUM
ISS-00131-09-01,PAI-00131,2024-09-30,LAND_ACQUISITION,Synthetic land acquisition issue requiring monitoring review.,IN_PROGRESS,HIGH
ISS-00131-09-02,PAI-00131,2024-09-30,PROCUREMENT_OR_CONTRACT,Synthetic procurement or contract issue requiring monitoring review.,OPEN,MEDIUM
ISS-00131-12-01,PAI-00131,2024-12-31,BUDGET_OR_APPROVAL,Synthetic budget or approval issue requiring monitoring review.,OPEN,MEDIUM
ISS-00131-13-01,PAI-00131,2025-01-31,FUNDING,Synthetic funding issue requiring monitoring review.,OPEN,HIGH
ISS-00131-15-01,PAI-00131,2025-03-31,BUDGET_OR_APPROVAL,Synthetic budget or approval issue requiring monitoring review.,IN_PROGRESS,HIGH
ISS-00131-21-01,PAI-00131,2025-09-30,LEGAL_OR_SOCIAL,Synthetic legal or social issue requiring monitoring review.,IN_PROGRESS,LOW
ISS-00131-22-01,PAI-00131,2025-10-31,LEGAL_OR_SOCIAL,Synthetic legal or social issue requiring monitoring review.,OPEN,MEDIUM
ISS-00131-22-02,PAI-00131,2025-10-31,LAND_ACQUISITION,Synthetic land acquisition issue requiring monitoring review.,OPEN,MEDIUM
ISS-00132-17-01,PAI-00132,2025-05-31,PROCUREMENT_OR_CONTRACT,Synthetic procurement or contract issue requiring monitoring review.,RESOLVED,MEDIUM
ISS-00132-21-01,PAI-00132,2025-09-30,FUNDING,Synthetic funding issue requiring monitoring review.,OPEN,LOW
ISS-00133-04-01,PAI-00133,2024-04-30,BUDGET_OR_APPROVAL,Synthetic budget or approval issue requiring monitoring review.,OPEN,LOW
ISS-00133-20-01,PAI-00133,2025-08-31,LEGAL_OR_SOCIAL,Synthetic legal or social issue requiring monitoring review.,OPEN,HIGH
ISS-00133-20-02,PAI-00133,2025-08-31,ENGINEERING_OR_FEASIBILITY,Synthetic engineering or feasibility issue requiring monitoring review.,RESOLVED,MEDIUM
ISS-00133-21-01,PAI-00133,2025-09-30,BUDGET_OR_APPROVAL,Synthetic budget or approval issue requiring monitoring review.,IN_PROGRESS,LOW
ISS-00133-22-01,PAI-00133,2025-10-31,PROCUREMENT_OR_CONTRACT,Synthetic procurement or contract issue requiring monitoring review.,RESOLVED,HIGH
ISS-00133-23-01,PAI-00133,2025-11-30,FUNDING,Synthetic funding issue requiring monitoring review.,IN_PROGRESS,MEDIUM
ISS-00133-24-01,PAI-00133,2025-12-31,BUDGET_OR_APPROVAL,Synthetic budget or approval issue requiring monitoring review.,OPEN,HIGH
ISS-00134-03-01,PAI-00134,2024-03-31,FUNDING,Synthetic funding issue requiring monitoring review.,OPEN,LOW
ISS-00134-03-02,PAI-00134,2024-03-31,FUNDING,Synthetic funding issue requiring monitoring review.,RESOLVED,LOW
ISS-00134-04-01,PAI-00134,2024-04-30,LEGAL_OR_SOCIAL,Synthetic legal or social issue requiring monitoring review.,OPEN,MEDIUM
ISS-00134-06-01,PAI-00134,2024-06-30,LEGAL_OR_SOCIAL,Synthetic legal or social issue requiring monitoring review.,OPEN,LOW
ISS-00134-08-01,PAI-00134,2024-08-31,CLEARANCE,Synthetic clearance issue requiring monitoring review.,OPEN,HIGH
ISS-00134-08-02,PAI-00134,2024-08-31,LEGAL_OR_SOCIAL,Synthetic legal or social issue requiring monitoring review.,OPEN,MEDIUM
ISS-00134-10-01,PAI-00134,2024-10-31,CLEARANCE,Synthetic clearance issue requiring monitoring review.,OPEN,LOW
ISS-00134-10-02,PAI-00134,2024-10-31,CLEARANCE,Synthetic clearance issue requiring monitoring review.,IN_PROGRESS,MEDIUM
ISS-00134-11-01,PAI-00134,2024-11-30,SCOPE_OR_POLICY,Synthetic scope or policy issue requiring monitoring review.,RESOLVED,MEDIUM
ISS-00134-11-02,PAI-00134,2024-11-30,FUNDING,Synthetic funding issue requiring monitoring review.,OPEN,LOW
ISS-00134-13-01,PAI-00134,2025-01-31,CLEARANCE,Synthetic clearance issue requiring monitoring review.,OPEN,HIGH
ISS-00134-13-02,PAI-00134,2025-01-31,SCOPE_OR_POLICY,Synthetic scope or policy issue requiring monitoring review.,OPEN,HIGH
ISS-00134-14-01,PAI-00134,2025-02-28,LAND_ACQUISITION,Synthetic land acquisition issue requiring monitoring review.,OPEN,HIGH
ISS-00134-14-02,PAI-00134,2025-02-28,FUNDING,Synthetic funding issue requiring monitoring review.,IN_PROGRESS,MEDIUM
ISS-00134-14-03,PAI-00134,2025-02-28,FUNDING,Synthetic funding issue requiring monitoring review.,RESOLVED,MEDIUM
ISS-00134-15-01,PAI-00134,2025-03-31,LEGAL_OR_SOCIAL,Synthetic legal or social issue requiring monitoring review.,OPEN,LOW
ISS-00134-15-02,PAI-00134,2025-03-31,LEGAL_OR_SOCIAL,Synthetic legal or social issue requiring monitoring review.,IN_PROGRESS,MEDIUM
ISS-00134-16-01,PAI-00134,2025-04-30,PROCUREMENT_OR_CONTRACT,Synthetic procurement or contract issue requiring monitoring review.,IN_PROGRESS,HIGH
ISS-00134-16-02,PAI-00134,2025-04-30,LAND_ACQUISITION,Synthetic land acquisition issue requiring monitoring review.,RESOLVED,HIGH
ISS-00134-17-01,PAI-00134,2025-05-31,BUDGET_OR_APPROVAL,Synthetic budget or approval issue requiring monitoring review.,OPEN,MEDIUM
ISS-00134-17-02,PAI-00134,2025-05-31,FUNDING,Synthetic funding issue requiring monitoring review.,RESOLVED,HIGH
ISS-00134-17-03,PAI-00134,2025-05-31,SCOPE_OR_POLICY,Synthetic scope or policy issue requiring monitoring review.,RESOLVED,LOW
ISS-00134-18-01,PAI-00134,2025-06-30,LAND_ACQUISITION,Synthetic land acquisition issue requiring monitoring review.,OPEN,LOW
ISS-00134-18-02,PAI-00134,2025-06-30,BUDGET_OR_APPROVAL,Synthetic budget or approval issue requiring monitoring review.,IN_PROGRESS,HIGH
ISS-00134-19-01,PAI-00134,2025-07-31,LEGAL_OR_SOCIAL,Synthetic legal or social issue requiring monitoring review.,OPEN,MEDIUM
ISS-00134-20-01,PAI-00134,2025-08-31,ENGINEERING_OR_FEASIBILITY,Synthetic engineering or feasibility issue requiring monitoring review.,OPEN,LOW
ISS-00134-21-01,PAI-00134,2025-09-30,PROCUREMENT_OR_CONTRACT,Synthetic procurement or contract issue requiring monitoring review.,OPEN,HIGH
ISS-00134-22-01,PAI-00134,2025-10-31,ENGINEERING_OR_FEASIBILITY,Synthetic engineering or feasibility issue requiring monitoring review.,IN_PROGRESS,LOW
ISS-00134-22-02,PAI-00134,2025-10-31,SCOPE_OR_POLICY,Synthetic scope or policy issue requiring monitoring review.,OPEN,MEDIUM
ISS-00134-23-01,PAI-00134,2025-11-30,LAND_ACQUISITION,Synthetic land acquisition issue requiring monitoring review.,IN_PROGRESS,HIGH
ISS-00134-24-01,PAI-00134,2025-12-31,LEGAL_OR_SOCIAL,Synthetic legal or social issue requiring monitoring review.,IN_PROGRESS,MEDIUM
ISS-00134-24-02,PAI-00134,2025-12-31,BUDGET_OR_APPROVAL,Synthetic budget or approval issue requiring monitoring review.,OPEN,HIGH
ISS-00134-24-03,PAI-00134,2025-12-31,CLEARANCE,Synthetic clearance issue requiring monitoring review.,OPEN,MEDIUM
ISS-00134-24-04,PAI-00134,2025-12-31,LAND_ACQUISITION,Synthetic land acquisition issue requiring monitoring review.,OPEN,MEDIUM
ISS-00135-05-01,PAI-00135,2024-05-31,ENGINEERING_OR_FEASIBILITY,Synthetic engineering or feasibility issue requiring monitoring review.,OPEN,MEDIUM
ISS-00135-19-01,PAI-00135,2025-07-31,ENGINEERING_OR_FEASIBILITY,Synthetic engineering or feasibility issue requiring monitoring review.,OPEN,HIGH
ISS-00135-21-01,PAI-00135,2025-09-30,PROCUREMENT_OR_CONTRACT,Synthetic procurement or contract issue requiring monitoring review.,IN_PROGRESS,MEDIUM
ISS-00135-22-01,PAI-00135,2025-10-31,ENGINEERING_OR_FEASIBILITY,Synthetic engineering or feasibility issue requiring monitoring review.,RESOLVED,LOW
ISS-00135-22-02,PAI-00135,2025-10-31,ENGINEERING_OR_FEASIBILITY,Synthetic engineering or feasibility issue requiring monitoring review.,IN_PROGRESS,MEDIUM
ISS-00135-24-01,PAI-00135,2025-12-31,PROCUREMENT_OR_CONTRACT,Synthetic procurement or contract issue requiring monitoring review.,OPEN,MEDIUM
ISS-00136-01-01,PAI-00136,2024-01-31,BUDGET_OR_APPROVAL,Synthetic budget or approval issue requiring monitoring review.,OPEN,HIGH
ISS-00136-02-01,PAI-00136,2024-02-29,BUDGET_OR_APPROVAL,Synthetic budget or approval issue requiring monitoring review.,OPEN,LOW
ISS-00136-03-01,PAI-00136,2024-03-31,PROCUREMENT_OR_CONTRACT,Synthetic procurement or contract issue requiring monitoring review.,IN_PROGRESS,MEDIUM
ISS-00136-04-01,PAI-00136,2024-04-30,LAND_ACQUISITION,Synthetic land acquisition issue requiring monitoring review.,RESOLVED,LOW
ISS-00136-04-02,PAI-00136,2024-04-30,FUNDING,Synthetic funding issue requiring monitoring review.,IN_PROGRESS,HIGH
ISS-00136-07-01,PAI-00136,2024-07-31,ENGINEERING_OR_FEASIBILITY,Synthetic engineering or feasibility issue requiring monitoring review.,IN_PROGRESS,LOW
ISS-00136-09-01,PAI-00136,2024-09-30,BUDGET_OR_APPROVAL,Synthetic budget or approval issue requiring monitoring review.,OPEN,MEDIUM
ISS-00136-09-02,PAI-00136,2024-09-30,BUDGET_OR_APPROVAL,Synthetic budget or approval issue requiring monitoring review.,OPEN,HIGH
ISS-00136-10-01,PAI-00136,2024-10-31,FUNDING,Synthetic funding issue requiring monitoring review.,OPEN,LOW
ISS-00136-10-02,PAI-00136,2024-10-31,BUDGET_OR_APPROVAL,Synthetic budget or approval issue requiring monitoring review.,OPEN,HIGH
ISS-00136-11-01,PAI-00136,2024-11-30,LEGAL_OR_SOCIAL,Synthetic legal or social issue requiring monitoring review.,RESOLVED,HIGH
ISS-00136-13-01,PAI-00136,2025-01-31,SCOPE_OR_POLICY,Synthetic scope or policy issue requiring monitoring review.,OPEN,HIGH
ISS-00136-13-02,PAI-00136,2025-01-31,LEGAL_OR_SOCIAL,Synthetic legal or social issue requiring monitoring review.,RESOLVED,HIGH
ISS-00136-14-01,PAI-00136,2025-02-28,FUNDING,Synthetic funding issue requiring monitoring review.,IN_PROGRESS,HIGH
ISS-00136-14-02,PAI-00136,2025-02-28,PROCUREMENT_OR_CONTRACT,Synthetic procurement or contract issue requiring monitoring review.,IN_PROGRESS,LOW
ISS-00136-16-01,PAI-00136,2025-04-30,CLEARANCE,Synthetic clearance issue requiring monitoring review.,OPEN,LOW
ISS-00136-16-02,PAI-00136,2025-04-30,CLEARANCE,Synthetic clearance issue requiring monitoring review.,IN_PROGRESS,MEDIUM
ISS-00136-17-01,PAI-00136,2025-05-31,LAND_ACQUISITION,Synthetic land acquisition issue requiring monitoring review.,OPEN,MEDIUM
ISS-00136-18-01,PAI-00136,2025-06-30,BUDGET_OR_APPROVAL,Synthetic budget or approval issue requiring monitoring review.,IN_PROGRESS,LOW
ISS-00136-18-02,PAI-00136,2025-06-30,FUNDING,Synthetic funding issue requiring monitoring review.,OPEN,LOW
ISS-00136-18-03,PAI-00136,2025-06-30,PROCUREMENT_OR_CONTRACT,Synthetic procurement or contract issue requiring monitoring review.,IN_PROGRESS,MEDIUM
ISS-00136-18-04,PAI-00136,2025-06-30,LAND_ACQUISITION,Synthetic land acquisition issue requiring monitoring review.,OPEN,HIGH
ISS-00136-18-05,PAI-00136,2025-06-30,LAND_ACQUISITION,Synthetic land acquisition issue requiring monitoring review.,OPEN,HIGH
ISS-00136-19-01,PAI-00136,2025-07-31,PROCUREMENT_OR_CONTRACT,Synthetic procurement or contract issue requiring monitoring review.,RESOLVED,MEDIUM
ISS-00136-19-02,PAI-00136,2025-07-31,CLEARANCE,Synthetic clearance issue requiring monitoring review.,OPEN,MEDIUM
ISS-00136-19-03,PAI-00136,2025-07-31,ENGINEERING_OR_FEASIBILITY,Synthetic engineering or feasibility issue requiring monitoring review.,RESOLVED,MEDIUM
ISS-00136-19-04,PAI-00136,2025-07-31,ENGINEERING_OR_FEASIBILITY,Synthetic engineering or feasibility issue requiring monitoring review.,OPEN,MEDIUM
ISS-00136-20-01,PAI-00136,2025-08-31,ENGINEERING_OR_FEASIBILITY,Synthetic engineering or feasibility issue requiring monitoring review.,IN_PROGRESS,HIGH
ISS-00136-20-02,PAI-00136,2025-08-31,BUDGET_OR_APPROVAL,Synthetic budget or approval issue requiring monitoring review.,IN_PROGRESS,MEDIUM
ISS-00136-21-01,PAI-00136,2025-09-30,FUNDING,Synthetic funding issue requiring monitoring review.,IN_PROGRESS,MEDIUM
ISS-00136-21-02,PAI-00136,2025-09-30,ENGINEERING_OR_FEASIBILITY,Synthetic engineering or feasibility issue requiring monitoring review.,OPEN,HIGH
ISS-00136-22-01,PAI-00136,2025-10-31,FUNDING,Synthetic funding issue requiring monitoring review.,IN_PROGRESS,MEDIUM
ISS-00137-04-01,PAI-00137,2024-04-30,PROCUREMENT_OR_CONTRACT,Synthetic procurement or contract issue requiring monitoring review.,OPEN,MEDIUM
ISS-00137-06-01,PAI-00137,2024-06-30,PROCUREMENT_OR_CONTRACT,Synthetic procurement or contract issue requiring monitoring review.,RESOLVED,MEDIUM
ISS-00137-06-02,PAI-00137,2024-06-30,FUNDING,Synthetic funding issue requiring monitoring review.,IN_PROGRESS,LOW
ISS-00137-06-03,PAI-00137,2024-06-30,PROCUREMENT_OR_CONTRACT,Synthetic procurement or contract issue requiring monitoring review.,OPEN,MEDIUM
ISS-00137-07-01,PAI-00137,2024-07-31,SCOPE_OR_POLICY,Synthetic scope or policy issue requiring monitoring review.,OPEN,HIGH
ISS-00137-07-02,PAI-00137,2024-07-31,FUNDING,Synthetic funding issue requiring monitoring review.,OPEN,MEDIUM
ISS-00137-09-01,PAI-00137,2024-09-30,SCOPE_OR_POLICY,Synthetic scope or policy issue requiring monitoring review.,IN_PROGRESS,HIGH
ISS-00137-17-01,PAI-00137,2025-05-31,LAND_ACQUISITION,Synthetic land acquisition issue requiring monitoring review.,OPEN,HIGH
ISS-00137-18-01,PAI-00137,2025-06-30,LEGAL_OR_SOCIAL,Synthetic legal or social issue requiring monitoring review.,RESOLVED,MEDIUM
ISS-00137-21-01,PAI-00137,2025-09-30,FUNDING,Synthetic funding issue requiring monitoring review.,OPEN,HIGH
ISS-00137-21-02,PAI-00137,2025-09-30,FUNDING,Synthetic funding issue requiring monitoring review.,IN_PROGRESS,HIGH
ISS-00137-21-03,PAI-00137,2025-09-30,CLEARANCE,Synthetic clearance issue requiring monitoring review.,IN_PROGRESS,LOW
ISS-00138-13-01,PAI-00138,2025-01-31,SCOPE_OR_POLICY,Synthetic scope or policy issue requiring monitoring review.,OPEN,HIGH
ISS-00138-14-01,PAI-00138,2025-02-28,FUNDING,Synthetic funding issue requiring monitoring review.,OPEN,MEDIUM
ISS-00138-18-01,PAI-00138,2025-06-30,LAND_ACQUISITION,Synthetic land acquisition issue requiring monitoring review.,OPEN,HIGH
ISS-00138-21-01,PAI-00138,2025-09-30,LAND_ACQUISITION,Synthetic land acquisition issue requiring monitoring review.,OPEN,MEDIUM
ISS-00139-04-01,PAI-00139,2024-04-30,ENGINEERING_OR_FEASIBILITY,Synthetic engineering or feasibility issue requiring monitoring review.,RESOLVED,HIGH
ISS-00139-21-01,PAI-00139,2025-09-30,LEGAL_OR_SOCIAL,Synthetic legal or social issue requiring monitoring review.,RESOLVED,LOW
ISS-00139-21-02,PAI-00139,2025-09-30,PROCUREMENT_OR_CONTRACT,Synthetic procurement or contract issue requiring monitoring review.,OPEN,MEDIUM
ISS-00139-21-03,PAI-00139,2025-09-30,CLEARANCE,Synthetic clearance issue requiring monitoring review.,IN_PROGRESS,HIGH
ISS-00139-21-04,PAI-00139,2025-09-30,LEGAL_OR_SOCIAL,Synthetic legal or social issue requiring monitoring review.,OPEN,MEDIUM
ISS-00139-22-01,PAI-00139,2025-10-31,LAND_ACQUISITION,Synthetic land acquisition issue requiring monitoring review.,OPEN,MEDIUM
ISS-00140-02-01,PAI-00140,2024-02-29,SCOPE_OR_POLICY,Synthetic scope or policy issue requiring monitoring review.,OPEN,HIGH
ISS-00140-12-01,PAI-00140,2024-12-31,PROCUREMENT_OR_CONTRACT,Synthetic procurement or contract issue requiring monitoring review.,IN_PROGRESS,MEDIUM
ISS-00140-12-02,PAI-00140,2024-12-31,PROCUREMENT_OR_CONTRACT,Synthetic procurement or contract issue requiring monitoring review.,RESOLVED,HIGH
ISS-00140-17-01,PAI-00140,2025-05-31,SCOPE_OR_POLICY,Synthetic scope or policy issue requiring monitoring review.,OPEN,MEDIUM
ISS-00140-22-01,PAI-00140,2025-10-31,FUNDING,Synthetic funding issue requiring monitoring review.,OPEN,LOW
ISS-00140-22-02,PAI-00140,2025-10-31,FUNDING,Synthetic funding issue requiring monitoring review.,IN_PROGRESS,MEDIUM
ISS-00141-05-01,PAI-00141,2024-05-31,ENGINEERING_OR_FEASIBILITY,Synthetic engineering or feasibility issue requiring monitoring review.,OPEN,LOW
ISS-00141-07-01,PAI-00141,2024-07-31,BUDGET_OR_APPROVAL,Synthetic budget or approval issue requiring monitoring review.,IN_PROGRESS,MEDIUM
ISS-00141-08-01,PAI-00141,2024-08-31,CLEARANCE,Synthetic clearance issue requiring monitoring review.,OPEN,HIGH
ISS-00141-08-02,PAI-00141,2024-08-31,FUNDING,Synthetic funding issue requiring monitoring review.,OPEN,MEDIUM
ISS-00141-09-01,PAI-00141,2024-09-30,CLEARANCE,Synthetic clearance issue requiring monitoring review.,IN_PROGRESS,MEDIUM
ISS-00141-10-01,PAI-00141,2024-10-31,CLEARANCE,Synthetic clearance issue requiring monitoring review.,OPEN,HIGH
ISS-00141-11-01,PAI-00141,2024-11-30,CLEARANCE,Synthetic clearance issue requiring monitoring review.,OPEN,LOW
ISS-00141-11-02,PAI-00141,2024-11-30,PROCUREMENT_OR_CONTRACT,Synthetic procurement or contract issue requiring monitoring review.,RESOLVED,MEDIUM
ISS-00141-12-01,PAI-00141,2024-12-31,SCOPE_OR_POLICY,Synthetic scope or policy issue requiring monitoring review.,IN_PROGRESS,HIGH
ISS-00141-12-02,PAI-00141,2024-12-31,LAND_ACQUISITION,Synthetic land acquisition issue requiring monitoring review.,IN_PROGRESS,LOW
ISS-00141-13-01,PAI-00141,2025-01-31,CLEARANCE,Synthetic clearance issue requiring monitoring review.,OPEN,MEDIUM
ISS-00141-14-01,PAI-00141,2025-02-28,SCOPE_OR_POLICY,Synthetic scope or policy issue requiring monitoring review.,OPEN,MEDIUM
ISS-00141-15-01,PAI-00141,2025-03-31,BUDGET_OR_APPROVAL,Synthetic budget or approval issue requiring monitoring review.,OPEN,MEDIUM
ISS-00141-15-02,PAI-00141,2025-03-31,LAND_ACQUISITION,Synthetic land acquisition issue requiring monitoring review.,OPEN,LOW
ISS-00141-17-01,PAI-00141,2025-05-31,CLEARANCE,Synthetic clearance issue requiring monitoring review.,IN_PROGRESS,MEDIUM
ISS-00141-18-01,PAI-00141,2025-06-30,LEGAL_OR_SOCIAL,Synthetic legal or social issue requiring monitoring review.,IN_PROGRESS,MEDIUM
ISS-00141-18-02,PAI-00141,2025-06-30,SCOPE_OR_POLICY,Synthetic scope or policy issue requiring monitoring review.,OPEN,HIGH
ISS-00141-20-01,PAI-00141,2025-08-31,PROCUREMENT_OR_CONTRACT,Synthetic procurement or contract issue requiring monitoring review.,OPEN,HIGH
ISS-00141-20-02,PAI-00141,2025-08-31,LEGAL_OR_SOCIAL,Synthetic legal or social issue requiring monitoring review.,OPEN,MEDIUM
ISS-00141-21-01,PAI-00141,2025-09-30,SCOPE_OR_POLICY,Synthetic scope or policy issue requiring monitoring review.,RESOLVED,MEDIUM
ISS-00141-21-02,PAI-00141,2025-09-30,FUNDING,Synthetic funding issue requiring monitoring review.,OPEN,LOW
ISS-00141-24-01,PAI-00141,2025-12-31,BUDGET_OR_APPROVAL,Synthetic budget or approval issue requiring monitoring review.,IN_PROGRESS,LOW
ISS-00142-04-01,PAI-00142,2024-04-30,CLEARANCE,Synthetic clearance issue requiring monitoring review.,IN_PROGRESS,LOW
ISS-00142-05-01,PAI-00142,2024-05-31,PROCUREMENT_OR_CONTRACT,Synthetic procurement or contract issue requiring monitoring review.,OPEN,HIGH
ISS-00142-05-02,PAI-00142,2024-05-31,CLEARANCE,Synthetic clearance issue requiring monitoring review.,OPEN,LOW
ISS-00142-07-01,PAI-00142,2024-07-31,PROCUREMENT_OR_CONTRACT,Synthetic procurement or contract issue requiring monitoring review.,OPEN,LOW
ISS-00142-08-01,PAI-00142,2024-08-31,SCOPE_OR_POLICY,Synthetic scope or policy issue requiring monitoring review.,IN_PROGRESS,MEDIUM
ISS-00142-08-02,PAI-00142,2024-08-31,PROCUREMENT_OR_CONTRACT,Synthetic procurement or contract issue requiring monitoring review.,IN_PROGRESS,MEDIUM
ISS-00142-09-01,PAI-00142,2024-09-30,BUDGET_OR_APPROVAL,Synthetic budget or approval issue requiring monitoring review.,OPEN,MEDIUM
ISS-00142-09-02,PAI-00142,2024-09-30,LEGAL_OR_SOCIAL,Synthetic legal or social issue requiring monitoring review.,OPEN,MEDIUM
ISS-00142-12-01,PAI-00142,2024-12-31,SCOPE_OR_POLICY,Synthetic scope or policy issue requiring monitoring review.,IN_PROGRESS,MEDIUM
ISS-00142-12-02,PAI-00142,2024-12-31,BUDGET_OR_APPROVAL,Synthetic budget or approval issue requiring monitoring review.,IN_PROGRESS,LOW
ISS-00142-12-03,PAI-00142,2024-12-31,PROCUREMENT_OR_CONTRACT,Synthetic procurement or contract issue requiring monitoring review.,IN_PROGRESS,MEDIUM
ISS-00142-13-01,PAI-00142,2025-01-31,ENGINEERING_OR_FEASIBILITY,Synthetic engineering or feasibility issue requiring monitoring review.,IN_PROGRESS,HIGH
ISS-00142-16-01,PAI-00142,2025-04-30,LEGAL_OR_SOCIAL,Synthetic legal or social issue requiring monitoring review.,OPEN,LOW
ISS-00142-16-02,PAI-00142,2025-04-30,SCOPE_OR_POLICY,Synthetic scope or policy issue requiring monitoring review.,OPEN,MEDIUM
ISS-00142-18-01,PAI-00142,2025-06-30,BUDGET_OR_APPROVAL,Synthetic budget or approval issue requiring monitoring review.,RESOLVED,MEDIUM
ISS-00142-18-02,PAI-00142,2025-06-30,SCOPE_OR_POLICY,Synthetic scope or policy issue requiring monitoring review.,OPEN,MEDIUM
ISS-00142-19-01,PAI-00142,2025-07-31,CLEARANCE,Synthetic clearance issue requiring monitoring review.,RESOLVED,MEDIUM
ISS-00142-20-01,PAI-00142,2025-08-31,BUDGET_OR_APPROVAL,Synthetic budget or approval issue requiring monitoring review.,RESOLVED,MEDIUM
ISS-00142-20-02,PAI-00142,2025-08-31,PROCUREMENT_OR_CONTRACT,Synthetic procurement or contract issue requiring monitoring review.,OPEN,LOW
ISS-00142-20-03,PAI-00142,2025-08-31,SCOPE_OR_POLICY,Synthetic scope or policy issue requiring monitoring review.,OPEN,HIGH
ISS-00142-21-01,PAI-00142,2025-09-30,FUNDING,Synthetic funding issue requiring monitoring review.,RESOLVED,MEDIUM
ISS-00142-22-01,PAI-00142,2025-10-31,SCOPE_OR_POLICY,Synthetic scope or policy issue requiring monitoring review.,OPEN,MEDIUM
ISS-00143-01-01,PAI-00143,2024-01-31,LEGAL_OR_SOCIAL,Synthetic legal or social issue requiring monitoring review.,OPEN,LOW
ISS-00143-02-01,PAI-00143,2024-02-29,LEGAL_OR_SOCIAL,Synthetic legal or social issue requiring monitoring review.,IN_PROGRESS,LOW
ISS-00143-04-01,PAI-00143,2024-04-30,ENGINEERING_OR_FEASIBILITY,Synthetic engineering or feasibility issue requiring monitoring review.,OPEN,MEDIUM
ISS-00143-06-01,PAI-00143,2024-06-30,BUDGET_OR_APPROVAL,Synthetic budget or approval issue requiring monitoring review.,OPEN,HIGH
ISS-00143-10-01,PAI-00143,2024-10-31,SCOPE_OR_POLICY,Synthetic scope or policy issue requiring monitoring review.,OPEN,HIGH
ISS-00143-11-01,PAI-00143,2024-11-30,PROCUREMENT_OR_CONTRACT,Synthetic procurement or contract issue requiring monitoring review.,OPEN,MEDIUM
ISS-00143-11-02,PAI-00143,2024-11-30,ENGINEERING_OR_FEASIBILITY,Synthetic engineering or feasibility issue requiring monitoring review.,OPEN,MEDIUM
ISS-00143-12-01,PAI-00143,2024-12-31,CLEARANCE,Synthetic clearance issue requiring monitoring review.,OPEN,MEDIUM
ISS-00143-13-01,PAI-00143,2025-01-31,FUNDING,Synthetic funding issue requiring monitoring review.,OPEN,LOW
ISS-00143-15-01,PAI-00143,2025-03-31,ENGINEERING_OR_FEASIBILITY,Synthetic engineering or feasibility issue requiring monitoring review.,IN_PROGRESS,LOW
ISS-00143-16-01,PAI-00143,2025-04-30,LEGAL_OR_SOCIAL,Synthetic legal or social issue requiring monitoring review.,IN_PROGRESS,LOW
ISS-00143-16-02,PAI-00143,2025-04-30,LEGAL_OR_SOCIAL,Synthetic legal or social issue requiring monitoring review.,RESOLVED,LOW
ISS-00143-18-01,PAI-00143,2025-06-30,LAND_ACQUISITION,Synthetic land acquisition issue requiring monitoring review.,OPEN,HIGH
ISS-00143-19-01,PAI-00143,2025-07-31,LEGAL_OR_SOCIAL,Synthetic legal or social issue requiring monitoring review.,IN_PROGRESS,MEDIUM
ISS-00143-20-01,PAI-00143,2025-08-31,FUNDING,Synthetic funding issue requiring monitoring review.,OPEN,HIGH
ISS-00143-20-02,PAI-00143,2025-08-31,LAND_ACQUISITION,Synthetic land acquisition issue requiring monitoring review.,OPEN,HIGH
ISS-00143-21-01,PAI-00143,2025-09-30,ENGINEERING_OR_FEASIBILITY,Synthetic engineering or feasibility issue requiring monitoring review.,IN_PROGRESS,HIGH
ISS-00143-21-02,PAI-00143,2025-09-30,LEGAL_OR_SOCIAL,Synthetic legal or social issue requiring monitoring review.,RESOLVED,MEDIUM
ISS-00143-23-01,PAI-00143,2025-11-30,BUDGET_OR_APPROVAL,Synthetic budget or approval issue requiring monitoring review.,IN_PROGRESS,MEDIUM
ISS-00143-23-02,PAI-00143,2025-11-30,CLEARANCE,Synthetic clearance issue requiring monitoring review.,IN_PROGRESS,MEDIUM
ISS-00143-24-01,PAI-00143,2025-12-31,FUNDING,Synthetic funding issue requiring monitoring review.,OPEN,LOW
ISS-00143-24-02,PAI-00143,2025-12-31,FUNDING,Synthetic funding issue requiring monitoring review.,OPEN,LOW
ISS-00143-24-03,PAI-00143,2025-12-31,FUNDING,Synthetic funding issue requiring monitoring review.,IN_PROGRESS,LOW
ISS-00144-01-01,PAI-00144,2024-01-31,PROCUREMENT_OR_CONTRACT,Synthetic procurement or contract issue requiring monitoring review.,OPEN,HIGH
ISS-00144-04-01,PAI-00144,2024-04-30,SCOPE_OR_POLICY,Synthetic scope or policy issue requiring monitoring review.,IN_PROGRESS,LOW
ISS-00144-07-01,PAI-00144,2024-07-31,BUDGET_OR_APPROVAL,Synthetic budget or approval issue requiring monitoring review.,OPEN,LOW
ISS-00144-08-01,PAI-00144,2024-08-31,LAND_ACQUISITION,Synthetic land acquisition issue requiring monitoring review.,RESOLVED,LOW
ISS-00144-09-01,PAI-00144,2024-09-30,ENGINEERING_OR_FEASIBILITY,Synthetic engineering or feasibility issue requiring monitoring review.,OPEN,LOW
ISS-00144-10-01,PAI-00144,2024-10-31,FUNDING,Synthetic funding issue requiring monitoring review.,IN_PROGRESS,MEDIUM
ISS-00144-20-01,PAI-00144,2025-08-31,LAND_ACQUISITION,Synthetic land acquisition issue requiring monitoring review.,OPEN,MEDIUM
ISS-00145-05-01,PAI-00145,2024-05-31,ENGINEERING_OR_FEASIBILITY,Synthetic engineering or feasibility issue requiring monitoring review.,OPEN,MEDIUM
ISS-00145-05-02,PAI-00145,2024-05-31,LEGAL_OR_SOCIAL,Synthetic legal or social issue requiring monitoring review.,OPEN,MEDIUM
ISS-00145-09-01,PAI-00145,2024-09-30,PROCUREMENT_OR_CONTRACT,Synthetic procurement or contract issue requiring monitoring review.,OPEN,LOW
ISS-00145-10-01,PAI-00145,2024-10-31,LEGAL_OR_SOCIAL,Synthetic legal or social issue requiring monitoring review.,RESOLVED,LOW
ISS-00145-12-01,PAI-00145,2024-12-31,FUNDING,Synthetic funding issue requiring monitoring review.,OPEN,LOW
ISS-00145-12-02,PAI-00145,2024-12-31,CLEARANCE,Synthetic clearance issue requiring monitoring review.,IN_PROGRESS,MEDIUM
ISS-00145-21-01,PAI-00145,2025-09-30,PROCUREMENT_OR_CONTRACT,Synthetic procurement or contract issue requiring monitoring review.,RESOLVED,MEDIUM
ISS-00145-21-02,PAI-00145,2025-09-30,BUDGET_OR_APPROVAL,Synthetic budget or approval issue requiring monitoring review.,OPEN,MEDIUM
ISS-00145-23-01,PAI-00145,2025-11-30,LEGAL_OR_SOCIAL,Synthetic legal or social issue requiring monitoring review.,OPEN,LOW
ISS-00146-03-01,PAI-00146,2024-03-31,CLEARANCE,Synthetic clearance issue requiring monitoring review.,RESOLVED,MEDIUM
ISS-00146-09-01,PAI-00146,2024-09-30,FUNDING,Synthetic funding issue requiring monitoring review.,OPEN,LOW
ISS-00146-10-01,PAI-00146,2024-10-31,FUNDING,Synthetic funding issue requiring monitoring review.,OPEN,MEDIUM
ISS-00146-11-01,PAI-00146,2024-11-30,LAND_ACQUISITION,Synthetic land acquisition issue requiring monitoring review.,OPEN,MEDIUM
ISS-00146-11-02,PAI-00146,2024-11-30,LEGAL_OR_SOCIAL,Synthetic legal or social issue requiring monitoring review.,OPEN,MEDIUM
ISS-00146-15-01,PAI-00146,2025-03-31,PROCUREMENT_OR_CONTRACT,Synthetic procurement or contract issue requiring monitoring review.,IN_PROGRESS,MEDIUM
ISS-00146-19-01,PAI-00146,2025-07-31,FUNDING,Synthetic funding issue requiring monitoring review.,OPEN,MEDIUM
ISS-00146-19-02,PAI-00146,2025-07-31,PROCUREMENT_OR_CONTRACT,Synthetic procurement or contract issue requiring monitoring review.,OPEN,LOW
ISS-00146-22-01,PAI-00146,2025-10-31,PROCUREMENT_OR_CONTRACT,Synthetic procurement or contract issue requiring monitoring review.,OPEN,HIGH
ISS-00147-01-01,PAI-00147,2024-01-31,CLEARANCE,Synthetic clearance issue requiring monitoring review.,IN_PROGRESS,HIGH
ISS-00147-11-01,PAI-00147,2024-11-30,FUNDING,Synthetic funding issue requiring monitoring review.,OPEN,LOW
ISS-00147-19-01,PAI-00147,2025-07-31,PROCUREMENT_OR_CONTRACT,Synthetic procurement or contract issue requiring monitoring review.,OPEN,MEDIUM
ISS-00147-21-01,PAI-00147,2025-09-30,PROCUREMENT_OR_CONTRACT,Synthetic procurement or contract issue requiring monitoring review.,RESOLVED,MEDIUM
ISS-00147-22-01,PAI-00147,2025-10-31,BUDGET_OR_APPROVAL,Synthetic budget or approval issue requiring monitoring review.,OPEN,MEDIUM
ISS-00147-22-02,PAI-00147,2025-10-31,ENGINEERING_OR_FEASIBILITY,Synthetic engineering or feasibility issue requiring monitoring review.,IN_PROGRESS,MEDIUM
ISS-00148-01-01,PAI-00148,2024-01-31,LAND_ACQUISITION,Synthetic land acquisition issue requiring monitoring review.,RESOLVED,HIGH
ISS-00148-07-01,PAI-00148,2024-07-31,LEGAL_OR_SOCIAL,Synthetic legal or social issue requiring monitoring review.,IN_PROGRESS,MEDIUM
ISS-00148-08-01,PAI-00148,2024-08-31,CLEARANCE,Synthetic clearance issue requiring monitoring review.,OPEN,HIGH
ISS-00148-12-01,PAI-00148,2024-12-31,PROCUREMENT_OR_CONTRACT,Synthetic procurement or contract issue requiring monitoring review.,IN_PROGRESS,HIGH
ISS-00148-13-01,PAI-00148,2025-01-31,BUDGET_OR_APPROVAL,Synthetic budget or approval issue requiring monitoring review.,IN_PROGRESS,HIGH
ISS-00148-13-02,PAI-00148,2025-01-31,LEGAL_OR_SOCIAL,Synthetic legal or social issue requiring monitoring review.,OPEN,MEDIUM
ISS-00148-15-01,PAI-00148,2025-03-31,ENGINEERING_OR_FEASIBILITY,Synthetic engineering or feasibility issue requiring monitoring review.,IN_PROGRESS,LOW
ISS-00148-19-01,PAI-00148,2025-07-31,BUDGET_OR_APPROVAL,Synthetic budget or approval issue requiring monitoring review.,OPEN,LOW
ISS-00148-19-02,PAI-00148,2025-07-31,PROCUREMENT_OR_CONTRACT,Synthetic procurement or contract issue requiring monitoring review.,OPEN,MEDIUM
ISS-00148-19-03,PAI-00148,2025-07-31,ENGINEERING_OR_FEASIBILITY,Synthetic engineering or feasibility issue requiring monitoring review.,RESOLVED,MEDIUM
ISS-00148-23-01,PAI-00148,2025-11-30,ENGINEERING_OR_FEASIBILITY,Synthetic engineering or feasibility issue requiring monitoring review.,OPEN,MEDIUM
ISS-00148-23-02,PAI-00148,2025-11-30,ENGINEERING_OR_FEASIBILITY,Synthetic engineering or feasibility issue requiring monitoring review.,OPEN,MEDIUM
ISS-00148-24-01,PAI-00148,2025-12-31,ENGINEERING_OR_FEASIBILITY,Synthetic engineering or feasibility issue requiring monitoring review.,IN_PROGRESS,MEDIUM
ISS-00148-24-02,PAI-00148,2025-12-31,BUDGET_OR_APPROVAL,Synthetic budget or approval issue requiring monitoring review.,RESOLVED,MEDIUM
ISS-00149-13-01,PAI-00149,2025-01-31,PROCUREMENT_OR_CONTRACT,Synthetic procurement or contract issue requiring monitoring review.,RESOLVED,LOW
ISS-00149-15-01,PAI-00149,2025-03-31,SCOPE_OR_POLICY,Synthetic scope or policy issue requiring monitoring review.,OPEN,HIGH
ISS-00149-18-01,PAI-00149,2025-06-30,CLEARANCE,Synthetic clearance issue requiring monitoring review.,OPEN,LOW
ISS-00149-20-01,PAI-00149,2025-08-31,BUDGET_OR_APPROVAL,Synthetic budget or approval issue requiring monitoring review.,OPEN,MEDIUM
ISS-00150-06-01,PAI-00150,2024-06-30,CLEARANCE,Synthetic clearance issue requiring monitoring review.,OPEN,MEDIUM
ISS-00150-10-01,PAI-00150,2024-10-31,SCOPE_OR_POLICY,Synthetic scope or policy issue requiring monitoring review.,OPEN,MEDIUM
ISS-00150-12-01,PAI-00150,2024-12-31,PROCUREMENT_OR_CONTRACT,Synthetic procurement or contract issue requiring monitoring review.,IN_PROGRESS,LOW
ISS-00150-12-02,PAI-00150,2024-12-31,BUDGET_OR_APPROVAL,Synthetic budget or approval issue requiring monitoring review.,OPEN,LOW
ISS-00150-13-01,PAI-00150,2025-01-31,CLEARANCE,Synthetic clearance issue requiring monitoring review.,IN_PROGRESS,LOW
ISS-00150-17-01,PAI-00150,2025-05-31,ENGINEERING_OR_FEASIBILITY,Synthetic engineering or feasibility issue requiring monitoring review.,RESOLVED,HIGH
ISS-00150-17-02,PAI-00150,2025-05-31,SCOPE_OR_POLICY,Synthetic scope or policy issue requiring monitoring review.,OPEN,LOW
ISS-00151-14-01,PAI-00151,2025-02-28,CLEARANCE,Synthetic clearance issue requiring monitoring review.,IN_PROGRESS,MEDIUM
ISS-00152-02-01,PAI-00152,2024-02-29,ENGINEERING_OR_FEASIBILITY,Synthetic engineering or feasibility issue requiring monitoring review.,IN_PROGRESS,MEDIUM
ISS-00152-09-01,PAI-00152,2024-09-30,PROCUREMENT_OR_CONTRACT,Synthetic procurement or contract issue requiring monitoring review.,IN_PROGRESS,MEDIUM
ISS-00152-09-02,PAI-00152,2024-09-30,CLEARANCE,Synthetic clearance issue requiring monitoring review.,OPEN,MEDIUM
ISS-00152-14-01,PAI-00152,2025-02-28,LAND_ACQUISITION,Synthetic land acquisition issue requiring monitoring review.,OPEN,LOW
ISS-00152-17-01,PAI-00152,2025-05-31,PROCUREMENT_OR_CONTRACT,Synthetic procurement or contract issue requiring monitoring review.,RESOLVED,LOW
ISS-00152-18-01,PAI-00152,2025-06-30,PROCUREMENT_OR_CONTRACT,Synthetic procurement or contract issue requiring monitoring review.,OPEN,MEDIUM
ISS-00152-18-02,PAI-00152,2025-06-30,SCOPE_OR_POLICY,Synthetic scope or policy issue requiring monitoring review.,IN_PROGRESS,LOW
ISS-00152-22-01,PAI-00152,2025-10-31,LAND_ACQUISITION,Synthetic land acquisition issue requiring monitoring review.,IN_PROGRESS,MEDIUM
ISS-00152-23-01,PAI-00152,2025-11-30,SCOPE_OR_POLICY,Synthetic scope or policy issue requiring monitoring review.,OPEN,LOW
ISS-00152-23-02,PAI-00152,2025-11-30,SCOPE_OR_POLICY,Synthetic scope or policy issue requiring monitoring review.,OPEN,MEDIUM
ISS-00153-04-01,PAI-00153,2024-04-30,BUDGET_OR_APPROVAL,Synthetic budget or approval issue requiring monitoring review.,OPEN,HIGH
ISS-00153-08-01,PAI-00153,2024-08-31,FUNDING,Synthetic funding issue requiring monitoring review.,OPEN,LOW
ISS-00153-18-01,PAI-00153,2025-06-30,LEGAL_OR_SOCIAL,Synthetic legal or social issue requiring monitoring review.,RESOLVED,HIGH
ISS-00153-21-01,PAI-00153,2025-09-30,BUDGET_OR_APPROVAL,Synthetic budget or approval issue requiring monitoring review.,OPEN,LOW
ISS-00154-05-01,PAI-00154,2024-05-31,LEGAL_OR_SOCIAL,Synthetic legal or social issue requiring monitoring review.,RESOLVED,MEDIUM
ISS-00154-08-01,PAI-00154,2024-08-31,PROCUREMENT_OR_CONTRACT,Synthetic procurement or contract issue requiring monitoring review.,OPEN,MEDIUM
ISS-00154-17-01,PAI-00154,2025-05-31,SCOPE_OR_POLICY,Synthetic scope or policy issue requiring monitoring review.,IN_PROGRESS,HIGH
ISS-00154-20-01,PAI-00154,2025-08-31,SCOPE_OR_POLICY,Synthetic scope or policy issue requiring monitoring review.,IN_PROGRESS,LOW
ISS-00154-20-02,PAI-00154,2025-08-31,FUNDING,Synthetic funding issue requiring monitoring review.,OPEN,HIGH
ISS-00154-21-01,PAI-00154,2025-09-30,SCOPE_OR_POLICY,Synthetic scope or policy issue requiring monitoring review.,IN_PROGRESS,LOW
ISS-00154-24-01,PAI-00154,2025-12-31,BUDGET_OR_APPROVAL,Synthetic budget or approval issue requiring monitoring review.,OPEN,HIGH
ISS-00155-03-01,PAI-00155,2024-03-31,CLEARANCE,Synthetic clearance issue requiring monitoring review.,OPEN,MEDIUM
ISS-00155-11-01,PAI-00155,2024-11-30,LEGAL_OR_SOCIAL,Synthetic legal or social issue requiring monitoring review.,OPEN,MEDIUM
ISS-00155-16-01,PAI-00155,2025-04-30,FUNDING,Synthetic funding issue requiring monitoring review.,OPEN,LOW
ISS-00155-18-01,PAI-00155,2025-06-30,LAND_ACQUISITION,Synthetic land acquisition issue requiring monitoring review.,RESOLVED,LOW
ISS-00155-18-02,PAI-00155,2025-06-30,CLEARANCE,Synthetic clearance issue requiring monitoring review.,IN_PROGRESS,LOW
ISS-00155-19-01,PAI-00155,2025-07-31,LAND_ACQUISITION,Synthetic land acquisition issue requiring monitoring review.,OPEN,MEDIUM
ISS-00156-03-01,PAI-00156,2024-03-31,LEGAL_OR_SOCIAL,Synthetic legal or social issue requiring monitoring review.,OPEN,LOW
ISS-00156-04-01,PAI-00156,2024-04-30,PROCUREMENT_OR_CONTRACT,Synthetic procurement or contract issue requiring monitoring review.,RESOLVED,MEDIUM
ISS-00156-05-01,PAI-00156,2024-05-31,LAND_ACQUISITION,Synthetic land acquisition issue requiring monitoring review.,IN_PROGRESS,MEDIUM
ISS-00156-06-01,PAI-00156,2024-06-30,CLEARANCE,Synthetic clearance issue requiring monitoring review.,OPEN,MEDIUM
ISS-00156-08-01,PAI-00156,2024-08-31,FUNDING,Synthetic funding issue requiring monitoring review.,RESOLVED,HIGH
ISS-00156-11-01,PAI-00156,2024-11-30,CLEARANCE,Synthetic clearance issue requiring monitoring review.,OPEN,MEDIUM
ISS-00156-11-02,PAI-00156,2024-11-30,CLEARANCE,Synthetic clearance issue requiring monitoring review.,OPEN,HIGH
ISS-00156-14-01,PAI-00156,2025-02-28,LAND_ACQUISITION,Synthetic land acquisition issue requiring monitoring review.,OPEN,HIGH
ISS-00156-18-01,PAI-00156,2025-06-30,ENGINEERING_OR_FEASIBILITY,Synthetic engineering or feasibility issue requiring monitoring review.,OPEN,HIGH
ISS-00156-19-01,PAI-00156,2025-07-31,BUDGET_OR_APPROVAL,Synthetic budget or approval issue requiring monitoring review.,IN_PROGRESS,MEDIUM
ISS-00156-20-01,PAI-00156,2025-08-31,ENGINEERING_OR_FEASIBILITY,Synthetic engineering or feasibility issue requiring monitoring review.,RESOLVED,LOW
ISS-00156-21-01,PAI-00156,2025-09-30,LEGAL_OR_SOCIAL,Synthetic legal or social issue requiring monitoring review.,OPEN,HIGH
ISS-00156-22-01,PAI-00156,2025-10-31,LAND_ACQUISITION,Synthetic land acquisition issue requiring monitoring review.,IN_PROGRESS,LOW
ISS-00156-23-01,PAI-00156,2025-11-30,FUNDING,Synthetic funding issue requiring monitoring review.,OPEN,LOW
ISS-00157-07-01,PAI-00157,2024-07-31,BUDGET_OR_APPROVAL,Synthetic budget or approval issue requiring monitoring review.,RESOLVED,MEDIUM
ISS-00157-07-02,PAI-00157,2024-07-31,BUDGET_OR_APPROVAL,Synthetic budget or approval issue requiring monitoring review.,IN_PROGRESS,HIGH
ISS-00157-18-01,PAI-00157,2025-06-30,SCOPE_OR_POLICY,Synthetic scope or policy issue requiring monitoring review.,OPEN,LOW
ISS-00157-19-01,PAI-00157,2025-07-31,CLEARANCE,Synthetic clearance issue requiring monitoring review.,RESOLVED,HIGH
ISS-00157-21-01,PAI-00157,2025-09-30,BUDGET_OR_APPROVAL,Synthetic budget or approval issue requiring monitoring review.,RESOLVED,LOW
ISS-00158-11-01,PAI-00158,2024-11-30,LAND_ACQUISITION,Synthetic land acquisition issue requiring monitoring review.,RESOLVED,MEDIUM
ISS-00158-15-01,PAI-00158,2025-03-31,LEGAL_OR_SOCIAL,Synthetic legal or social issue requiring monitoring review.,IN_PROGRESS,HIGH
ISS-00158-19-01,PAI-00158,2025-07-31,BUDGET_OR_APPROVAL,Synthetic budget or approval issue requiring monitoring review.,RESOLVED,MEDIUM
ISS-00159-03-01,PAI-00159,2024-03-31,CLEARANCE,Synthetic clearance issue requiring monitoring review.,IN_PROGRESS,LOW
ISS-00159-04-01,PAI-00159,2024-04-30,SCOPE_OR_POLICY,Synthetic scope or policy issue requiring monitoring review.,RESOLVED,HIGH
ISS-00159-10-01,PAI-00159,2024-10-31,BUDGET_OR_APPROVAL,Synthetic budget or approval issue requiring monitoring review.,OPEN,LOW
ISS-00159-22-01,PAI-00159,2025-10-31,SCOPE_OR_POLICY,Synthetic scope or policy issue requiring monitoring review.,OPEN,LOW
ISS-00159-24-01,PAI-00159,2025-12-31,FUNDING,Synthetic funding issue requiring monitoring review.,OPEN,LOW
ISS-00159-24-02,PAI-00159,2025-12-31,SCOPE_OR_POLICY,Synthetic scope or policy issue requiring monitoring review.,OPEN,MEDIUM
ISS-00159-24-03,PAI-00159,2025-12-31,PROCUREMENT_OR_CONTRACT,Synthetic procurement or contract issue requiring monitoring review.,OPEN,LOW
ISS-00160-05-01,PAI-00160,2024-05-31,CLEARANCE,Synthetic clearance issue requiring monitoring review.,IN_PROGRESS,MEDIUM
ISS-00160-09-01,PAI-00160,2024-09-30,CLEARANCE,Synthetic clearance issue requiring monitoring review.,OPEN,LOW
ISS-00160-09-02,PAI-00160,2024-09-30,ENGINEERING_OR_FEASIBILITY,Synthetic engineering or feasibility issue requiring monitoring review.,IN_PROGRESS,MEDIUM
ISS-00160-11-01,PAI-00160,2024-11-30,CLEARANCE,Synthetic clearance issue requiring monitoring review.,IN_PROGRESS,HIGH
ISS-00160-12-01,PAI-00160,2024-12-31,BUDGET_OR_APPROVAL,Synthetic budget or approval issue requiring monitoring review.,OPEN,MEDIUM
ISS-00160-16-01,PAI-00160,2025-04-30,PROCUREMENT_OR_CONTRACT,Synthetic procurement or contract issue requiring monitoring review.,OPEN,HIGH
ISS-00160-16-02,PAI-00160,2025-04-30,ENGINEERING_OR_FEASIBILITY,Synthetic engineering or feasibility issue requiring monitoring review.,OPEN,HIGH
ISS-00160-18-01,PAI-00160,2025-06-30,SCOPE_OR_POLICY,Synthetic scope or policy issue requiring monitoring review.,IN_PROGRESS,MEDIUM
ISS-00160-18-02,PAI-00160,2025-06-30,FUNDING,Synthetic funding issue requiring monitoring review.,OPEN,HIGH
ISS-00160-19-01,PAI-00160,2025-07-31,SCOPE_OR_POLICY,Synthetic scope or policy issue requiring monitoring review.,OPEN,HIGH
ISS-00160-20-01,PAI-00160,2025-08-31,BUDGET_OR_APPROVAL,Synthetic budget or approval issue requiring monitoring review.,IN_PROGRESS,LOW
ISS-00160-21-01,PAI-00160,2025-09-30,CLEARANCE,Synthetic clearance issue requiring monitoring review.,OPEN,HIGH
ISS-00160-22-01,PAI-00160,2025-10-31,LAND_ACQUISITION,Synthetic land acquisition issue requiring monitoring review.,RESOLVED,HIGH
ISS-00160-22-02,PAI-00160,2025-10-31,LEGAL_OR_SOCIAL,Synthetic legal or social issue requiring monitoring review.,IN_PROGRESS,LOW
ISS-00160-23-01,PAI-00160,2025-11-30,CLEARANCE,Synthetic clearance issue requiring monitoring review.,OPEN,LOW
ISS-00160-23-02,PAI-00160,2025-11-30,LEGAL_OR_SOCIAL,Synthetic legal or social issue requiring monitoring review.,IN_PROGRESS,LOW
ISS-00161-04-01,PAI-00161,2024-04-30,BUDGET_OR_APPROVAL,Synthetic budget or approval issue requiring monitoring review.,OPEN,LOW
ISS-00161-09-01,PAI-00161,2024-09-30,PROCUREMENT_OR_CONTRACT,Synthetic procurement or contract issue requiring monitoring review.,IN_PROGRESS,HIGH
ISS-00161-09-02,PAI-00161,2024-09-30,FUNDING,Synthetic funding issue requiring monitoring review.,OPEN,HIGH
ISS-00161-11-01,PAI-00161,2024-11-30,PROCUREMENT_OR_CONTRACT,Synthetic procurement or contract issue requiring monitoring review.,RESOLVED,MEDIUM
ISS-00161-14-01,PAI-00161,2025-02-28,FUNDING,Synthetic funding issue requiring monitoring review.,OPEN,MEDIUM
ISS-00161-19-01,PAI-00161,2025-07-31,ENGINEERING_OR_FEASIBILITY,Synthetic engineering or feasibility issue requiring monitoring review.,OPEN,HIGH
ISS-00161-21-01,PAI-00161,2025-09-30,ENGINEERING_OR_FEASIBILITY,Synthetic engineering or feasibility issue requiring monitoring review.,IN_PROGRESS,MEDIUM
ISS-00161-23-01,PAI-00161,2025-11-30,ENGINEERING_OR_FEASIBILITY,Synthetic engineering or feasibility issue requiring monitoring review.,OPEN,HIGH
ISS-00162-06-01,PAI-00162,2024-06-30,BUDGET_OR_APPROVAL,Synthetic budget or approval issue requiring monitoring review.,IN_PROGRESS,MEDIUM
ISS-00162-12-01,PAI-00162,2024-12-31,LEGAL_OR_SOCIAL,Synthetic legal or social issue requiring monitoring review.,RESOLVED,LOW
ISS-00162-12-02,PAI-00162,2024-12-31,BUDGET_OR_APPROVAL,Synthetic budget or approval issue requiring monitoring review.,OPEN,MEDIUM
ISS-00162-13-01,PAI-00162,2025-01-31,BUDGET_OR_APPROVAL,Synthetic budget or approval issue requiring monitoring review.,OPEN,MEDIUM
ISS-00162-15-01,PAI-00162,2025-03-31,ENGINEERING_OR_FEASIBILITY,Synthetic engineering or feasibility issue requiring monitoring review.,OPEN,MEDIUM
ISS-00162-22-01,PAI-00162,2025-10-31,PROCUREMENT_OR_CONTRACT,Synthetic procurement or contract issue requiring monitoring review.,IN_PROGRESS,LOW
ISS-00163-01-01,PAI-00163,2024-01-31,FUNDING,Synthetic funding issue requiring monitoring review.,OPEN,MEDIUM
ISS-00163-03-01,PAI-00163,2024-03-31,CLEARANCE,Synthetic clearance issue requiring monitoring review.,IN_PROGRESS,HIGH
ISS-00163-08-01,PAI-00163,2024-08-31,LAND_ACQUISITION,Synthetic land acquisition issue requiring monitoring review.,OPEN,LOW
ISS-00163-11-01,PAI-00163,2024-11-30,LAND_ACQUISITION,Synthetic land acquisition issue requiring monitoring review.,RESOLVED,LOW
ISS-00163-12-01,PAI-00163,2024-12-31,BUDGET_OR_APPROVAL,Synthetic budget or approval issue requiring monitoring review.,OPEN,MEDIUM
ISS-00163-13-01,PAI-00163,2025-01-31,PROCUREMENT_OR_CONTRACT,Synthetic procurement or contract issue requiring monitoring review.,OPEN,HIGH
ISS-00163-14-01,PAI-00163,2025-02-28,LEGAL_OR_SOCIAL,Synthetic legal or social issue requiring monitoring review.,OPEN,MEDIUM
ISS-00163-17-01,PAI-00163,2025-05-31,ENGINEERING_OR_FEASIBILITY,Synthetic engineering or feasibility issue requiring monitoring review.,OPEN,LOW
ISS-00163-17-02,PAI-00163,2025-05-31,LAND_ACQUISITION,Synthetic land acquisition issue requiring monitoring review.,OPEN,LOW
ISS-00163-17-03,PAI-00163,2025-05-31,ENGINEERING_OR_FEASIBILITY,Synthetic engineering or feasibility issue requiring monitoring review.,OPEN,MEDIUM
ISS-00163-19-01,PAI-00163,2025-07-31,ENGINEERING_OR_FEASIBILITY,Synthetic engineering or feasibility issue requiring monitoring review.,IN_PROGRESS,MEDIUM
ISS-00163-19-02,PAI-00163,2025-07-31,PROCUREMENT_OR_CONTRACT,Synthetic procurement or contract issue requiring monitoring review.,IN_PROGRESS,LOW
ISS-00163-19-03,PAI-00163,2025-07-31,FUNDING,Synthetic funding issue requiring monitoring review.,RESOLVED,LOW
ISS-00163-20-01,PAI-00163,2025-08-31,LEGAL_OR_SOCIAL,Synthetic legal or social issue requiring monitoring review.,OPEN,HIGH
ISS-00163-21-01,PAI-00163,2025-09-30,LEGAL_OR_SOCIAL,Synthetic legal or social issue requiring monitoring review.,OPEN,LOW
ISS-00163-21-02,PAI-00163,2025-09-30,CLEARANCE,Synthetic clearance issue requiring monitoring review.,IN_PROGRESS,MEDIUM
ISS-00163-22-01,PAI-00163,2025-10-31,SCOPE_OR_POLICY,Synthetic scope or policy issue requiring monitoring review.,RESOLVED,LOW
ISS-00163-24-01,PAI-00163,2025-12-31,FUNDING,Synthetic funding issue requiring monitoring review.,OPEN,LOW
ISS-00164-04-01,PAI-00164,2024-04-30,FUNDING,Synthetic funding issue requiring monitoring review.,RESOLVED,MEDIUM
ISS-00164-05-01,PAI-00164,2024-05-31,CLEARANCE,Synthetic clearance issue requiring monitoring review.,OPEN,MEDIUM
ISS-00164-08-01,PAI-00164,2024-08-31,LEGAL_OR_SOCIAL,Synthetic legal or social issue requiring monitoring review.,OPEN,LOW
ISS-00164-09-01,PAI-00164,2024-09-30,LAND_ACQUISITION,Synthetic land acquisition issue requiring monitoring review.,IN_PROGRESS,MEDIUM
ISS-00164-10-01,PAI-00164,2024-10-31,BUDGET_OR_APPROVAL,Synthetic budget or approval issue requiring monitoring review.,OPEN,MEDIUM
ISS-00164-12-01,PAI-00164,2024-12-31,CLEARANCE,Synthetic clearance issue requiring monitoring review.,IN_PROGRESS,LOW
ISS-00164-13-01,PAI-00164,2025-01-31,LAND_ACQUISITION,Synthetic land acquisition issue requiring monitoring review.,IN_PROGRESS,HIGH
ISS-00164-16-01,PAI-00164,2025-04-30,LEGAL_OR_SOCIAL,Synthetic legal or social issue requiring monitoring review.,OPEN,MEDIUM
ISS-00164-21-01,PAI-00164,2025-09-30,CLEARANCE,Synthetic clearance issue requiring monitoring review.,IN_PROGRESS,MEDIUM
ISS-00165-01-01,PAI-00165,2024-01-31,BUDGET_OR_APPROVAL,Synthetic budget or approval issue requiring monitoring review.,OPEN,LOW
ISS-00165-17-01,PAI-00165,2025-05-31,LAND_ACQUISITION,Synthetic land acquisition issue requiring monitoring review.,OPEN,MEDIUM
ISS-00165-20-01,PAI-00165,2025-08-31,LAND_ACQUISITION,Synthetic land acquisition issue requiring monitoring review.,OPEN,LOW
ISS-00165-22-01,PAI-00165,2025-10-31,BUDGET_OR_APPROVAL,Synthetic budget or approval issue requiring monitoring review.,OPEN,LOW
ISS-00165-24-01,PAI-00165,2025-12-31,BUDGET_OR_APPROVAL,Synthetic budget or approval issue requiring monitoring review.,IN_PROGRESS,HIGH
ISS-00166-03-01,PAI-00166,2024-03-31,LEGAL_OR_SOCIAL,Synthetic legal or social issue requiring monitoring review.,OPEN,LOW
ISS-00166-09-01,PAI-00166,2024-09-30,LAND_ACQUISITION,Synthetic land acquisition issue requiring monitoring review.,RESOLVED,LOW
ISS-00166-21-01,PAI-00166,2025-09-30,ENGINEERING_OR_FEASIBILITY,Synthetic engineering or feasibility issue requiring monitoring review.,IN_PROGRESS,LOW
ISS-00166-23-01,PAI-00166,2025-11-30,ENGINEERING_OR_FEASIBILITY,Synthetic engineering or feasibility issue requiring monitoring review.,OPEN,LOW
ISS-00167-01-01,PAI-00167,2024-01-31,LEGAL_OR_SOCIAL,Synthetic legal or social issue requiring monitoring review.,IN_PROGRESS,MEDIUM
ISS-00167-08-01,PAI-00167,2024-08-31,LAND_ACQUISITION,Synthetic land acquisition issue requiring monitoring review.,OPEN,MEDIUM
ISS-00167-10-01,PAI-00167,2024-10-31,LEGAL_OR_SOCIAL,Synthetic legal or social issue requiring monitoring review.,OPEN,HIGH
ISS-00167-11-01,PAI-00167,2024-11-30,PROCUREMENT_OR_CONTRACT,Synthetic procurement or contract issue requiring monitoring review.,IN_PROGRESS,LOW
ISS-00167-12-01,PAI-00167,2024-12-31,ENGINEERING_OR_FEASIBILITY,Synthetic engineering or feasibility issue requiring monitoring review.,IN_PROGRESS,MEDIUM
ISS-00167-14-01,PAI-00167,2025-02-28,BUDGET_OR_APPROVAL,Synthetic budget or approval issue requiring monitoring review.,OPEN,LOW
ISS-00167-15-01,PAI-00167,2025-03-31,BUDGET_OR_APPROVAL,Synthetic budget or approval issue requiring monitoring review.,IN_PROGRESS,MEDIUM
ISS-00167-19-01,PAI-00167,2025-07-31,PROCUREMENT_OR_CONTRACT,Synthetic procurement or contract issue requiring monitoring review.,OPEN,HIGH
ISS-00167-19-02,PAI-00167,2025-07-31,ENGINEERING_OR_FEASIBILITY,Synthetic engineering or feasibility issue requiring monitoring review.,OPEN,LOW
ISS-00167-19-03,PAI-00167,2025-07-31,BUDGET_OR_APPROVAL,Synthetic budget or approval issue requiring monitoring review.,OPEN,HIGH
ISS-00167-20-01,PAI-00167,2025-08-31,FUNDING,Synthetic funding issue requiring monitoring review.,OPEN,LOW
ISS-00167-20-02,PAI-00167,2025-08-31,SCOPE_OR_POLICY,Synthetic scope or policy issue requiring monitoring review.,OPEN,LOW
ISS-00167-20-03,PAI-00167,2025-08-31,FUNDING,Synthetic funding issue requiring monitoring review.,OPEN,MEDIUM
ISS-00167-21-01,PAI-00167,2025-09-30,LAND_ACQUISITION,Synthetic land acquisition issue requiring monitoring review.,OPEN,LOW
ISS-00167-22-01,PAI-00167,2025-10-31,LEGAL_OR_SOCIAL,Synthetic legal or social issue requiring monitoring review.,IN_PROGRESS,LOW
ISS-00167-23-01,PAI-00167,2025-11-30,PROCUREMENT_OR_CONTRACT,Synthetic procurement or contract issue requiring monitoring review.,OPEN,MEDIUM
ISS-00167-23-02,PAI-00167,2025-11-30,LEGAL_OR_SOCIAL,Synthetic legal or social issue requiring monitoring review.,OPEN,HIGH
ISS-00168-04-01,PAI-00168,2024-04-30,CLEARANCE,Synthetic clearance issue requiring monitoring review.,OPEN,HIGH
ISS-00168-08-01,PAI-00168,2024-08-31,SCOPE_OR_POLICY,Synthetic scope or policy issue requiring monitoring review.,OPEN,HIGH
ISS-00168-09-01,PAI-00168,2024-09-30,SCOPE_OR_POLICY,Synthetic scope or policy issue requiring monitoring review.,OPEN,MEDIUM
ISS-00168-10-01,PAI-00168,2024-10-31,SCOPE_OR_POLICY,Synthetic scope or policy issue requiring monitoring review.,IN_PROGRESS,MEDIUM
ISS-00168-10-02,PAI-00168,2024-10-31,CLEARANCE,Synthetic clearance issue requiring monitoring review.,IN_PROGRESS,HIGH
ISS-00168-11-01,PAI-00168,2024-11-30,ENGINEERING_OR_FEASIBILITY,Synthetic engineering or feasibility issue requiring monitoring review.,RESOLVED,HIGH
ISS-00168-12-01,PAI-00168,2024-12-31,LEGAL_OR_SOCIAL,Synthetic legal or social issue requiring monitoring review.,RESOLVED,LOW
ISS-00168-12-02,PAI-00168,2024-12-31,BUDGET_OR_APPROVAL,Synthetic budget or approval issue requiring monitoring review.,OPEN,HIGH
ISS-00168-17-01,PAI-00168,2025-05-31,CLEARANCE,Synthetic clearance issue requiring monitoring review.,OPEN,LOW
ISS-00168-17-02,PAI-00168,2025-05-31,LAND_ACQUISITION,Synthetic land acquisition issue requiring monitoring review.,OPEN,LOW
ISS-00168-18-01,PAI-00168,2025-06-30,ENGINEERING_OR_FEASIBILITY,Synthetic engineering or feasibility issue requiring monitoring review.,RESOLVED,HIGH
ISS-00168-20-01,PAI-00168,2025-08-31,PROCUREMENT_OR_CONTRACT,Synthetic procurement or contract issue requiring monitoring review.,OPEN,HIGH
ISS-00168-20-02,PAI-00168,2025-08-31,CLEARANCE,Synthetic clearance issue requiring monitoring review.,IN_PROGRESS,LOW
ISS-00169-02-01,PAI-00169,2024-02-29,CLEARANCE,Synthetic clearance issue requiring monitoring review.,RESOLVED,HIGH
ISS-00169-05-01,PAI-00169,2024-05-31,PROCUREMENT_OR_CONTRACT,Synthetic procurement or contract issue requiring monitoring review.,OPEN,MEDIUM
ISS-00169-17-01,PAI-00169,2025-05-31,SCOPE_OR_POLICY,Synthetic scope or policy issue requiring monitoring review.,OPEN,MEDIUM
ISS-00170-15-01,PAI-00170,2025-03-31,LAND_ACQUISITION,Synthetic land acquisition issue requiring monitoring review.,OPEN,LOW
ISS-00170-16-01,PAI-00170,2025-04-30,LEGAL_OR_SOCIAL,Synthetic legal or social issue requiring monitoring review.,RESOLVED,LOW
ISS-00170-23-01,PAI-00170,2025-11-30,PROCUREMENT_OR_CONTRACT,Synthetic procurement or contract issue requiring monitoring review.,OPEN,MEDIUM
ISS-00170-24-01,PAI-00170,2025-12-31,LEGAL_OR_SOCIAL,Synthetic legal or social issue requiring monitoring review.,IN_PROGRESS,HIGH
ISS-00171-01-01,PAI-00171,2024-01-31,BUDGET_OR_APPROVAL,Synthetic budget or approval issue requiring monitoring review.,OPEN,LOW
ISS-00171-02-01,PAI-00171,2024-02-29,ENGINEERING_OR_FEASIBILITY,Synthetic engineering or feasibility issue requiring monitoring review.,RESOLVED,HIGH
ISS-00171-03-01,PAI-00171,2024-03-31,CLEARANCE,Synthetic clearance issue requiring monitoring review.,IN_PROGRESS,HIGH
ISS-00171-03-02,PAI-00171,2024-03-31,CLEARANCE,Synthetic clearance issue requiring monitoring review.,OPEN,MEDIUM
ISS-00171-06-01,PAI-00171,2024-06-30,LAND_ACQUISITION,Synthetic land acquisition issue requiring monitoring review.,RESOLVED,HIGH
ISS-00171-07-01,PAI-00171,2024-07-31,LEGAL_OR_SOCIAL,Synthetic legal or social issue requiring monitoring review.,OPEN,LOW
ISS-00171-07-02,PAI-00171,2024-07-31,BUDGET_OR_APPROVAL,Synthetic budget or approval issue requiring monitoring review.,RESOLVED,LOW
ISS-00171-08-01,PAI-00171,2024-08-31,FUNDING,Synthetic funding issue requiring monitoring review.,IN_PROGRESS,MEDIUM
ISS-00171-10-01,PAI-00171,2024-10-31,CLEARANCE,Synthetic clearance issue requiring monitoring review.,IN_PROGRESS,MEDIUM
ISS-00171-13-01,PAI-00171,2025-01-31,PROCUREMENT_OR_CONTRACT,Synthetic procurement or contract issue requiring monitoring review.,IN_PROGRESS,HIGH
ISS-00171-19-01,PAI-00171,2025-07-31,BUDGET_OR_APPROVAL,Synthetic budget or approval issue requiring monitoring review.,OPEN,LOW
ISS-00171-19-02,PAI-00171,2025-07-31,ENGINEERING_OR_FEASIBILITY,Synthetic engineering or feasibility issue requiring monitoring review.,IN_PROGRESS,MEDIUM
ISS-00171-19-03,PAI-00171,2025-07-31,SCOPE_OR_POLICY,Synthetic scope or policy issue requiring monitoring review.,OPEN,MEDIUM
ISS-00171-19-04,PAI-00171,2025-07-31,CLEARANCE,Synthetic clearance issue requiring monitoring review.,OPEN,MEDIUM
ISS-00171-20-01,PAI-00171,2025-08-31,BUDGET_OR_APPROVAL,Synthetic budget or approval issue requiring monitoring review.,RESOLVED,HIGH
ISS-00171-20-02,PAI-00171,2025-08-31,BUDGET_OR_APPROVAL,Synthetic budget or approval issue requiring monitoring review.,IN_PROGRESS,HIGH
ISS-00171-21-01,PAI-00171,2025-09-30,FUNDING,Synthetic funding issue requiring monitoring review.,IN_PROGRESS,MEDIUM
ISS-00171-21-02,PAI-00171,2025-09-30,LAND_ACQUISITION,Synthetic land acquisition issue requiring monitoring review.,OPEN,HIGH
ISS-00171-21-03,PAI-00171,2025-09-30,LEGAL_OR_SOCIAL,Synthetic legal or social issue requiring monitoring review.,RESOLVED,MEDIUM
ISS-00171-21-04,PAI-00171,2025-09-30,BUDGET_OR_APPROVAL,Synthetic budget or approval issue requiring monitoring review.,OPEN,MEDIUM
ISS-00171-22-01,PAI-00171,2025-10-31,CLEARANCE,Synthetic clearance issue requiring monitoring review.,OPEN,MEDIUM
ISS-00171-22-02,PAI-00171,2025-10-31,LEGAL_OR_SOCIAL,Synthetic legal or social issue requiring monitoring review.,IN_PROGRESS,HIGH
ISS-00171-22-03,PAI-00171,2025-10-31,LAND_ACQUISITION,Synthetic land acquisition issue requiring monitoring review.,OPEN,HIGH
ISS-00171-23-01,PAI-00171,2025-11-30,PROCUREMENT_OR_CONTRACT,Synthetic procurement or contract issue requiring monitoring review.,IN_PROGRESS,MEDIUM
ISS-00171-24-01,PAI-00171,2025-12-31,LEGAL_OR_SOCIAL,Synthetic legal or social issue requiring monitoring review.,OPEN,HIGH
ISS-00171-24-02,PAI-00171,2025-12-31,CLEARANCE,Synthetic clearance issue requiring monitoring review.,IN_PROGRESS,HIGH
ISS-00171-24-03,PAI-00171,2025-12-31,LEGAL_OR_SOCIAL,Synthetic legal or social issue requiring monitoring review.,OPEN,LOW
ISS-00172-02-01,PAI-00172,2024-02-29,LAND_ACQUISITION,Synthetic land acquisition issue requiring monitoring review.,RESOLVED,MEDIUM
ISS-00172-08-01,PAI-00172,2024-08-31,CLEARANCE,Synthetic clearance issue requiring monitoring review.,OPEN,HIGH
ISS-00172-08-02,PAI-00172,2024-08-31,PROCUREMENT_OR_CONTRACT,Synthetic procurement or contract issue requiring monitoring review.,OPEN,LOW
ISS-00172-10-01,PAI-00172,2024-10-31,LEGAL_OR_SOCIAL,Synthetic legal or social issue requiring monitoring review.,OPEN,MEDIUM
ISS-00172-12-01,PAI-00172,2024-12-31,LEGAL_OR_SOCIAL,Synthetic legal or social issue requiring monitoring review.,IN_PROGRESS,LOW
ISS-00172-13-01,PAI-00172,2025-01-31,BUDGET_OR_APPROVAL,Synthetic budget or approval issue requiring monitoring review.,RESOLVED,HIGH
ISS-00172-14-01,PAI-00172,2025-02-28,BUDGET_OR_APPROVAL,Synthetic budget or approval issue requiring monitoring review.,IN_PROGRESS,MEDIUM
ISS-00172-15-01,PAI-00172,2025-03-31,PROCUREMENT_OR_CONTRACT,Synthetic procurement or contract issue requiring monitoring review.,OPEN,MEDIUM
ISS-00172-17-01,PAI-00172,2025-05-31,PROCUREMENT_OR_CONTRACT,Synthetic procurement or contract issue requiring monitoring review.,OPEN,MEDIUM
ISS-00172-19-01,PAI-00172,2025-07-31,FUNDING,Synthetic funding issue requiring monitoring review.,IN_PROGRESS,LOW
ISS-00172-21-01,PAI-00172,2025-09-30,ENGINEERING_OR_FEASIBILITY,Synthetic engineering or feasibility issue requiring monitoring review.,RESOLVED,MEDIUM
ISS-00172-22-01,PAI-00172,2025-10-31,LAND_ACQUISITION,Synthetic land acquisition issue requiring monitoring review.,IN_PROGRESS,HIGH
ISS-00172-22-02,PAI-00172,2025-10-31,LAND_ACQUISITION,Synthetic land acquisition issue requiring monitoring review.,IN_PROGRESS,MEDIUM
ISS-00172-23-01,PAI-00172,2025-11-30,PROCUREMENT_OR_CONTRACT,Synthetic procurement or contract issue requiring monitoring review.,OPEN,MEDIUM
ISS-00172-24-01,PAI-00172,2025-12-31,FUNDING,Synthetic funding issue requiring monitoring review.,OPEN,MEDIUM
ISS-00173-02-01,PAI-00173,2024-02-29,FUNDING,Synthetic funding issue requiring monitoring review.,IN_PROGRESS,LOW
ISS-00173-03-01,PAI-00173,2024-03-31,SCOPE_OR_POLICY,Synthetic scope or policy issue requiring monitoring review.,RESOLVED,MEDIUM
ISS-00173-03-02,PAI-00173,2024-03-31,FUNDING,Synthetic funding issue requiring monitoring review.,IN_PROGRESS,MEDIUM
ISS-00173-04-01,PAI-00173,2024-04-30,CLEARANCE,Synthetic clearance issue requiring monitoring review.,OPEN,MEDIUM
ISS-00173-07-01,PAI-00173,2024-07-31,ENGINEERING_OR_FEASIBILITY,Synthetic engineering or feasibility issue requiring monitoring review.,RESOLVED,HIGH
ISS-00173-08-01,PAI-00173,2024-08-31,LEGAL_OR_SOCIAL,Synthetic legal or social issue requiring monitoring review.,OPEN,MEDIUM
ISS-00173-08-02,PAI-00173,2024-08-31,PROCUREMENT_OR_CONTRACT,Synthetic procurement or contract issue requiring monitoring review.,IN_PROGRESS,HIGH
ISS-00173-09-01,PAI-00173,2024-09-30,LEGAL_OR_SOCIAL,Synthetic legal or social issue requiring monitoring review.,IN_PROGRESS,MEDIUM
ISS-00173-11-01,PAI-00173,2024-11-30,LEGAL_OR_SOCIAL,Synthetic legal or social issue requiring monitoring review.,RESOLVED,MEDIUM
ISS-00173-15-01,PAI-00173,2025-03-31,CLEARANCE,Synthetic clearance issue requiring monitoring review.,IN_PROGRESS,MEDIUM
ISS-00173-17-01,PAI-00173,2025-05-31,PROCUREMENT_OR_CONTRACT,Synthetic procurement or contract issue requiring monitoring review.,IN_PROGRESS,HIGH
ISS-00173-17-02,PAI-00173,2025-05-31,BUDGET_OR_APPROVAL,Synthetic budget or approval issue requiring monitoring review.,OPEN,MEDIUM
ISS-00173-18-01,PAI-00173,2025-06-30,PROCUREMENT_OR_CONTRACT,Synthetic procurement or contract issue requiring monitoring review.,IN_PROGRESS,LOW
ISS-00173-19-01,PAI-00173,2025-07-31,LAND_ACQUISITION,Synthetic land acquisition issue requiring monitoring review.,RESOLVED,HIGH
ISS-00173-19-02,PAI-00173,2025-07-31,LAND_ACQUISITION,Synthetic land acquisition issue requiring monitoring review.,OPEN,HIGH
ISS-00173-19-03,PAI-00173,2025-07-31,FUNDING,Synthetic funding issue requiring monitoring review.,RESOLVED,MEDIUM
ISS-00173-22-01,PAI-00173,2025-10-31,CLEARANCE,Synthetic clearance issue requiring monitoring review.,OPEN,LOW
ISS-00173-22-02,PAI-00173,2025-10-31,BUDGET_OR_APPROVAL,Synthetic budget or approval issue requiring monitoring review.,RESOLVED,MEDIUM
ISS-00173-22-03,PAI-00173,2025-10-31,BUDGET_OR_APPROVAL,Synthetic budget or approval issue requiring monitoring review.,IN_PROGRESS,LOW
ISS-00173-22-04,PAI-00173,2025-10-31,BUDGET_OR_APPROVAL,Synthetic budget or approval issue requiring monitoring review.,IN_PROGRESS,MEDIUM
ISS-00173-23-01,PAI-00173,2025-11-30,PROCUREMENT_OR_CONTRACT,Synthetic procurement or contract issue requiring monitoring review.,OPEN,LOW
ISS-00173-23-02,PAI-00173,2025-11-30,SCOPE_OR_POLICY,Synthetic scope or policy issue requiring monitoring review.,OPEN,HIGH
ISS-00174-02-01,PAI-00174,2024-02-29,PROCUREMENT_OR_CONTRACT,Synthetic procurement or contract issue requiring monitoring review.,IN_PROGRESS,LOW
ISS-00174-06-01,PAI-00174,2024-06-30,BUDGET_OR_APPROVAL,Synthetic budget or approval issue requiring monitoring review.,OPEN,LOW
ISS-00174-09-01,PAI-00174,2024-09-30,LEGAL_OR_SOCIAL,Synthetic legal or social issue requiring monitoring review.,IN_PROGRESS,HIGH
ISS-00174-14-01,PAI-00174,2025-02-28,SCOPE_OR_POLICY,Synthetic scope or policy issue requiring monitoring review.,OPEN,LOW
ISS-00174-15-01,PAI-00174,2025-03-31,CLEARANCE,Synthetic clearance issue requiring monitoring review.,IN_PROGRESS,LOW
ISS-00174-18-01,PAI-00174,2025-06-30,BUDGET_OR_APPROVAL,Synthetic budget or approval issue requiring monitoring review.,RESOLVED,HIGH
ISS-00174-21-01,PAI-00174,2025-09-30,FUNDING,Synthetic funding issue requiring monitoring review.,OPEN,LOW
ISS-00174-23-01,PAI-00174,2025-11-30,SCOPE_OR_POLICY,Synthetic scope or policy issue requiring monitoring review.,IN_PROGRESS,MEDIUM
ISS-00174-24-01,PAI-00174,2025-12-31,SCOPE_OR_POLICY,Synthetic scope or policy issue requiring monitoring review.,IN_PROGRESS,LOW
ISS-00175-01-01,PAI-00175,2024-01-31,PROCUREMENT_OR_CONTRACT,Synthetic procurement or contract issue requiring monitoring review.,OPEN,MEDIUM
ISS-00175-08-01,PAI-00175,2024-08-31,LAND_ACQUISITION,Synthetic land acquisition issue requiring monitoring review.,OPEN,LOW
ISS-00175-11-01,PAI-00175,2024-11-30,FUNDING,Synthetic funding issue requiring monitoring review.,IN_PROGRESS,MEDIUM
ISS-00175-12-01,PAI-00175,2024-12-31,LEGAL_OR_SOCIAL,Synthetic legal or social issue requiring monitoring review.,RESOLVED,MEDIUM
ISS-00175-14-01,PAI-00175,2025-02-28,CLEARANCE,Synthetic clearance issue requiring monitoring review.,IN_PROGRESS,MEDIUM
ISS-00175-14-02,PAI-00175,2025-02-28,LAND_ACQUISITION,Synthetic land acquisition issue requiring monitoring review.,RESOLVED,MEDIUM
ISS-00175-15-01,PAI-00175,2025-03-31,LAND_ACQUISITION,Synthetic land acquisition issue requiring monitoring review.,OPEN,MEDIUM
ISS-00175-18-01,PAI-00175,2025-06-30,BUDGET_OR_APPROVAL,Synthetic budget or approval issue requiring monitoring review.,OPEN,MEDIUM
ISS-00175-18-02,PAI-00175,2025-06-30,LAND_ACQUISITION,Synthetic land acquisition issue requiring monitoring review.,OPEN,LOW
ISS-00175-20-01,PAI-00175,2025-08-31,SCOPE_OR_POLICY,Synthetic scope or policy issue requiring monitoring review.,OPEN,MEDIUM
ISS-00175-22-01,PAI-00175,2025-10-31,LAND_ACQUISITION,Synthetic land acquisition issue requiring monitoring review.,OPEN,MEDIUM
ISS-00176-06-01,PAI-00176,2024-06-30,FUNDING,Synthetic funding issue requiring monitoring review.,IN_PROGRESS,LOW
ISS-00176-07-01,PAI-00176,2024-07-31,BUDGET_OR_APPROVAL,Synthetic budget or approval issue requiring monitoring review.,RESOLVED,MEDIUM
ISS-00176-12-01,PAI-00176,2024-12-31,ENGINEERING_OR_FEASIBILITY,Synthetic engineering or feasibility issue requiring monitoring review.,OPEN,LOW
ISS-00176-19-01,PAI-00176,2025-07-31,LEGAL_OR_SOCIAL,Synthetic legal or social issue requiring monitoring review.,IN_PROGRESS,LOW
ISS-00176-19-02,PAI-00176,2025-07-31,CLEARANCE,Synthetic clearance issue requiring monitoring review.,OPEN,LOW
ISS-00176-21-01,PAI-00176,2025-09-30,ENGINEERING_OR_FEASIBILITY,Synthetic engineering or feasibility issue requiring monitoring review.,IN_PROGRESS,LOW
ISS-00176-24-01,PAI-00176,2025-12-31,CLEARANCE,Synthetic clearance issue requiring monitoring review.,OPEN,HIGH
ISS-00177-01-01,PAI-00177,2024-01-31,LAND_ACQUISITION,Synthetic land acquisition issue requiring monitoring review.,RESOLVED,HIGH
ISS-00177-03-01,PAI-00177,2024-03-31,LAND_ACQUISITION,Synthetic land acquisition issue requiring monitoring review.,OPEN,MEDIUM
ISS-00177-03-02,PAI-00177,2024-03-31,LEGAL_OR_SOCIAL,Synthetic legal or social issue requiring monitoring review.,IN_PROGRESS,MEDIUM
ISS-00177-05-01,PAI-00177,2024-05-31,LEGAL_OR_SOCIAL,Synthetic legal or social issue requiring monitoring review.,OPEN,MEDIUM
ISS-00177-05-02,PAI-00177,2024-05-31,CLEARANCE,Synthetic clearance issue requiring monitoring review.,OPEN,LOW
ISS-00177-07-01,PAI-00177,2024-07-31,SCOPE_OR_POLICY,Synthetic scope or policy issue requiring monitoring review.,RESOLVED,LOW
ISS-00177-14-01,PAI-00177,2025-02-28,ENGINEERING_OR_FEASIBILITY,Synthetic engineering or feasibility issue requiring monitoring review.,RESOLVED,LOW
ISS-00177-16-01,PAI-00177,2025-04-30,SCOPE_OR_POLICY,Synthetic scope or policy issue requiring monitoring review.,OPEN,LOW
ISS-00177-18-01,PAI-00177,2025-06-30,BUDGET_OR_APPROVAL,Synthetic budget or approval issue requiring monitoring review.,IN_PROGRESS,HIGH
ISS-00177-20-01,PAI-00177,2025-08-31,LAND_ACQUISITION,Synthetic land acquisition issue requiring monitoring review.,OPEN,HIGH
ISS-00177-21-01,PAI-00177,2025-09-30,LEGAL_OR_SOCIAL,Synthetic legal or social issue requiring monitoring review.,OPEN,HIGH
ISS-00177-22-01,PAI-00177,2025-10-31,CLEARANCE,Synthetic clearance issue requiring monitoring review.,IN_PROGRESS,MEDIUM
ISS-00177-24-01,PAI-00177,2025-12-31,LAND_ACQUISITION,Synthetic land acquisition issue requiring monitoring review.,OPEN,HIGH
ISS-00178-04-01,PAI-00178,2024-04-30,PROCUREMENT_OR_CONTRACT,Synthetic procurement or contract issue requiring monitoring review.,OPEN,LOW
ISS-00178-11-01,PAI-00178,2024-11-30,LAND_ACQUISITION,Synthetic land acquisition issue requiring monitoring review.,OPEN,LOW
ISS-00178-16-01,PAI-00178,2025-04-30,SCOPE_OR_POLICY,Synthetic scope or policy issue requiring monitoring review.,IN_PROGRESS,MEDIUM
ISS-00178-20-01,PAI-00178,2025-08-31,LAND_ACQUISITION,Synthetic land acquisition issue requiring monitoring review.,IN_PROGRESS,HIGH
ISS-00178-23-01,PAI-00178,2025-11-30,LEGAL_OR_SOCIAL,Synthetic legal or social issue requiring monitoring review.,RESOLVED,LOW
ISS-00178-24-01,PAI-00178,2025-12-31,BUDGET_OR_APPROVAL,Synthetic budget or approval issue requiring monitoring review.,IN_PROGRESS,LOW
ISS-00178-24-02,PAI-00178,2025-12-31,FUNDING,Synthetic funding issue requiring monitoring review.,IN_PROGRESS,MEDIUM
ISS-00179-02-01,PAI-00179,2024-02-29,BUDGET_OR_APPROVAL,Synthetic budget or approval issue requiring monitoring review.,RESOLVED,LOW
ISS-00179-10-01,PAI-00179,2024-10-31,FUNDING,Synthetic funding issue requiring monitoring review.,OPEN,LOW
ISS-00179-18-01,PAI-00179,2025-06-30,LEGAL_OR_SOCIAL,Synthetic legal or social issue requiring monitoring review.,IN_PROGRESS,HIGH
ISS-00179-18-02,PAI-00179,2025-06-30,PROCUREMENT_OR_CONTRACT,Synthetic procurement or contract issue requiring monitoring review.,OPEN,MEDIUM
ISS-00179-21-01,PAI-00179,2025-09-30,LAND_ACQUISITION,Synthetic land acquisition issue requiring monitoring review.,IN_PROGRESS,MEDIUM
ISS-00180-14-01,PAI-00180,2025-02-28,ENGINEERING_OR_FEASIBILITY,Synthetic engineering or feasibility issue requiring monitoring review.,OPEN,HIGH
ISS-00180-17-01,PAI-00180,2025-05-31,CLEARANCE,Synthetic clearance issue requiring monitoring review.,RESOLVED,MEDIUM
ISS-00180-23-01,PAI-00180,2025-11-30,PROCUREMENT_OR_CONTRACT,Synthetic procurement or contract issue requiring monitoring review.,IN_PROGRESS,MEDIUM
ISS-00180-23-02,PAI-00180,2025-11-30,PROCUREMENT_OR_CONTRACT,Synthetic procurement or contract issue requiring monitoring review.,OPEN,MEDIUM
ISS-00180-24-01,PAI-00180,2025-12-31,SCOPE_OR_POLICY,Synthetic scope or policy issue requiring monitoring review.,OPEN,MEDIUM
ISS-00180-24-02,PAI-00180,2025-12-31,LAND_ACQUISITION,Synthetic land acquisition issue requiring monitoring review.,RESOLVED,HIGH
ISS-00181-04-01,PAI-00181,2024-04-30,LAND_ACQUISITION,Synthetic land acquisition issue requiring monitoring review.,OPEN,MEDIUM
ISS-00181-15-01,PAI-00181,2025-03-31,LEGAL_OR_SOCIAL,Synthetic legal or social issue requiring monitoring review.,OPEN,LOW
ISS-00181-16-01,PAI-00181,2025-04-30,FUNDING,Synthetic funding issue requiring monitoring review.,OPEN,MEDIUM
ISS-00181-22-01,PAI-00181,2025-10-31,FUNDING,Synthetic funding issue requiring monitoring review.,IN_PROGRESS,HIGH
ISS-00182-04-01,PAI-00182,2024-04-30,BUDGET_OR_APPROVAL,Synthetic budget or approval issue requiring monitoring review.,IN_PROGRESS,MEDIUM
ISS-00182-04-02,PAI-00182,2024-04-30,FUNDING,Synthetic funding issue requiring monitoring review.,RESOLVED,LOW
ISS-00182-18-01,PAI-00182,2025-06-30,PROCUREMENT_OR_CONTRACT,Synthetic procurement or contract issue requiring monitoring review.,OPEN,MEDIUM
ISS-00182-19-01,PAI-00182,2025-07-31,LAND_ACQUISITION,Synthetic land acquisition issue requiring monitoring review.,IN_PROGRESS,MEDIUM
ISS-00183-11-01,PAI-00183,2024-11-30,BUDGET_OR_APPROVAL,Synthetic budget or approval issue requiring monitoring review.,OPEN,HIGH
ISS-00183-14-01,PAI-00183,2025-02-28,ENGINEERING_OR_FEASIBILITY,Synthetic engineering or feasibility issue requiring monitoring review.,IN_PROGRESS,LOW
ISS-00183-24-01,PAI-00183,2025-12-31,ENGINEERING_OR_FEASIBILITY,Synthetic engineering or feasibility issue requiring monitoring review.,OPEN,HIGH
ISS-00184-01-01,PAI-00184,2024-01-31,BUDGET_OR_APPROVAL,Synthetic budget or approval issue requiring monitoring review.,RESOLVED,HIGH
ISS-00184-03-01,PAI-00184,2024-03-31,BUDGET_OR_APPROVAL,Synthetic budget or approval issue requiring monitoring review.,OPEN,MEDIUM
ISS-00184-03-02,PAI-00184,2024-03-31,ENGINEERING_OR_FEASIBILITY,Synthetic engineering or feasibility issue requiring monitoring review.,OPEN,HIGH
ISS-00184-03-03,PAI-00184,2024-03-31,LAND_ACQUISITION,Synthetic land acquisition issue requiring monitoring review.,RESOLVED,MEDIUM
ISS-00184-03-04,PAI-00184,2024-03-31,ENGINEERING_OR_FEASIBILITY,Synthetic engineering or feasibility issue requiring monitoring review.,OPEN,MEDIUM
ISS-00184-05-01,PAI-00184,2024-05-31,SCOPE_OR_POLICY,Synthetic scope or policy issue requiring monitoring review.,RESOLVED,MEDIUM
ISS-00184-07-01,PAI-00184,2024-07-31,FUNDING,Synthetic funding issue requiring monitoring review.,RESOLVED,LOW
ISS-00184-08-01,PAI-00184,2024-08-31,PROCUREMENT_OR_CONTRACT,Synthetic procurement or contract issue requiring monitoring review.,OPEN,LOW
ISS-00184-09-01,PAI-00184,2024-09-30,SCOPE_OR_POLICY,Synthetic scope or policy issue requiring monitoring review.,IN_PROGRESS,MEDIUM
ISS-00184-11-01,PAI-00184,2024-11-30,LEGAL_OR_SOCIAL,Synthetic legal or social issue requiring monitoring review.,OPEN,HIGH
ISS-00184-11-02,PAI-00184,2024-11-30,FUNDING,Synthetic funding issue requiring monitoring review.,RESOLVED,HIGH
ISS-00184-13-01,PAI-00184,2025-01-31,SCOPE_OR_POLICY,Synthetic scope or policy issue requiring monitoring review.,OPEN,HIGH
ISS-00184-13-02,PAI-00184,2025-01-31,SCOPE_OR_POLICY,Synthetic scope or policy issue requiring monitoring review.,IN_PROGRESS,HIGH
ISS-00184-14-01,PAI-00184,2025-02-28,FUNDING,Synthetic funding issue requiring monitoring review.,IN_PROGRESS,LOW
ISS-00184-15-01,PAI-00184,2025-03-31,LEGAL_OR_SOCIAL,Synthetic legal or social issue requiring monitoring review.,IN_PROGRESS,HIGH
ISS-00184-17-01,PAI-00184,2025-05-31,LEGAL_OR_SOCIAL,Synthetic legal or social issue requiring monitoring review.,OPEN,HIGH
ISS-00184-17-02,PAI-00184,2025-05-31,LAND_ACQUISITION,Synthetic land acquisition issue requiring monitoring review.,OPEN,MEDIUM
ISS-00184-19-01,PAI-00184,2025-07-31,FUNDING,Synthetic funding issue requiring monitoring review.,OPEN,LOW
ISS-00184-20-01,PAI-00184,2025-08-31,CLEARANCE,Synthetic clearance issue requiring monitoring review.,OPEN,MEDIUM
ISS-00184-21-01,PAI-00184,2025-09-30,FUNDING,Synthetic funding issue requiring monitoring review.,RESOLVED,MEDIUM
ISS-00184-21-02,PAI-00184,2025-09-30,CLEARANCE,Synthetic clearance issue requiring monitoring review.,RESOLVED,MEDIUM
ISS-00184-22-01,PAI-00184,2025-10-31,CLEARANCE,Synthetic clearance issue requiring monitoring review.,OPEN,MEDIUM
ISS-00184-22-02,PAI-00184,2025-10-31,SCOPE_OR_POLICY,Synthetic scope or policy issue requiring monitoring review.,OPEN,HIGH
ISS-00184-23-01,PAI-00184,2025-11-30,BUDGET_OR_APPROVAL,Synthetic budget or approval issue requiring monitoring review.,OPEN,MEDIUM
ISS-00184-24-01,PAI-00184,2025-12-31,LAND_ACQUISITION,Synthetic land acquisition issue requiring monitoring review.,IN_PROGRESS,MEDIUM
ISS-00185-05-01,PAI-00185,2024-05-31,FUNDING,Synthetic funding issue requiring monitoring review.,OPEN,MEDIUM
ISS-00185-06-01,PAI-00185,2024-06-30,BUDGET_OR_APPROVAL,Synthetic budget or approval issue requiring monitoring review.,OPEN,LOW
ISS-00185-09-01,PAI-00185,2024-09-30,SCOPE_OR_POLICY,Synthetic scope or policy issue requiring monitoring review.,IN_PROGRESS,LOW
ISS-00185-11-01,PAI-00185,2024-11-30,SCOPE_OR_POLICY,Synthetic scope or policy issue requiring monitoring review.,OPEN,MEDIUM
ISS-00185-19-01,PAI-00185,2025-07-31,ENGINEERING_OR_FEASIBILITY,Synthetic engineering or feasibility issue requiring monitoring review.,OPEN,LOW
ISS-00185-20-01,PAI-00185,2025-08-31,PROCUREMENT_OR_CONTRACT,Synthetic procurement or contract issue requiring monitoring review.,IN_PROGRESS,LOW
ISS-00186-05-01,PAI-00186,2024-05-31,SCOPE_OR_POLICY,Synthetic scope or policy issue requiring monitoring review.,IN_PROGRESS,HIGH
ISS-00186-11-01,PAI-00186,2024-11-30,SCOPE_OR_POLICY,Synthetic scope or policy issue requiring monitoring review.,RESOLVED,HIGH
ISS-00186-17-01,PAI-00186,2025-05-31,ENGINEERING_OR_FEASIBILITY,Synthetic engineering or feasibility issue requiring monitoring review.,OPEN,MEDIUM
ISS-00186-17-02,PAI-00186,2025-05-31,BUDGET_OR_APPROVAL,Synthetic budget or approval issue requiring monitoring review.,IN_PROGRESS,MEDIUM
ISS-00186-18-01,PAI-00186,2025-06-30,ENGINEERING_OR_FEASIBILITY,Synthetic engineering or feasibility issue requiring monitoring review.,RESOLVED,LOW
ISS-00186-18-02,PAI-00186,2025-06-30,PROCUREMENT_OR_CONTRACT,Synthetic procurement or contract issue requiring monitoring review.,OPEN,MEDIUM
ISS-00186-19-01,PAI-00186,2025-07-31,CLEARANCE,Synthetic clearance issue requiring monitoring review.,IN_PROGRESS,HIGH
ISS-00186-21-01,PAI-00186,2025-09-30,PROCUREMENT_OR_CONTRACT,Synthetic procurement or contract issue requiring monitoring review.,IN_PROGRESS,LOW
ISS-00186-22-01,PAI-00186,2025-10-31,PROCUREMENT_OR_CONTRACT,Synthetic procurement or contract issue requiring monitoring review.,IN_PROGRESS,MEDIUM
ISS-00186-22-02,PAI-00186,2025-10-31,LEGAL_OR_SOCIAL,Synthetic legal or social issue requiring monitoring review.,OPEN,MEDIUM
ISS-00187-07-01,PAI-00187,2024-07-31,LEGAL_OR_SOCIAL,Synthetic legal or social issue requiring monitoring review.,OPEN,LOW
ISS-00187-10-01,PAI-00187,2024-10-31,BUDGET_OR_APPROVAL,Synthetic budget or approval issue requiring monitoring review.,IN_PROGRESS,HIGH
ISS-00187-12-01,PAI-00187,2024-12-31,PROCUREMENT_OR_CONTRACT,Synthetic procurement or contract issue requiring monitoring review.,OPEN,LOW
ISS-00187-14-01,PAI-00187,2025-02-28,PROCUREMENT_OR_CONTRACT,Synthetic procurement or contract issue requiring monitoring review.,IN_PROGRESS,MEDIUM
ISS-00187-19-01,PAI-00187,2025-07-31,ENGINEERING_OR_FEASIBILITY,Synthetic engineering or feasibility issue requiring monitoring review.,OPEN,LOW
ISS-00187-19-02,PAI-00187,2025-07-31,FUNDING,Synthetic funding issue requiring monitoring review.,IN_PROGRESS,MEDIUM
ISS-00187-23-01,PAI-00187,2025-11-30,BUDGET_OR_APPROVAL,Synthetic budget or approval issue requiring monitoring review.,RESOLVED,LOW
ISS-00188-01-01,PAI-00188,2024-01-31,ENGINEERING_OR_FEASIBILITY,Synthetic engineering or feasibility issue requiring monitoring review.,OPEN,LOW
ISS-00188-04-01,PAI-00188,2024-04-30,FUNDING,Synthetic funding issue requiring monitoring review.,IN_PROGRESS,LOW
ISS-00188-06-01,PAI-00188,2024-06-30,CLEARANCE,Synthetic clearance issue requiring monitoring review.,OPEN,HIGH
ISS-00188-08-01,PAI-00188,2024-08-31,ENGINEERING_OR_FEASIBILITY,Synthetic engineering or feasibility issue requiring monitoring review.,RESOLVED,MEDIUM
ISS-00188-08-02,PAI-00188,2024-08-31,PROCUREMENT_OR_CONTRACT,Synthetic procurement or contract issue requiring monitoring review.,OPEN,MEDIUM
ISS-00188-08-03,PAI-00188,2024-08-31,SCOPE_OR_POLICY,Synthetic scope or policy issue requiring monitoring review.,OPEN,LOW
ISS-00188-11-01,PAI-00188,2024-11-30,SCOPE_OR_POLICY,Synthetic scope or policy issue requiring monitoring review.,OPEN,HIGH
ISS-00188-11-02,PAI-00188,2024-11-30,ENGINEERING_OR_FEASIBILITY,Synthetic engineering or feasibility issue requiring monitoring review.,OPEN,MEDIUM
ISS-00188-12-01,PAI-00188,2024-12-31,CLEARANCE,Synthetic clearance issue requiring monitoring review.,IN_PROGRESS,MEDIUM
ISS-00188-13-01,PAI-00188,2025-01-31,CLEARANCE,Synthetic clearance issue requiring monitoring review.,OPEN,LOW
ISS-00188-14-01,PAI-00188,2025-02-28,FUNDING,Synthetic funding issue requiring monitoring review.,OPEN,MEDIUM
ISS-00188-15-01,PAI-00188,2025-03-31,CLEARANCE,Synthetic clearance issue requiring monitoring review.,OPEN,HIGH
ISS-00188-15-02,PAI-00188,2025-03-31,FUNDING,Synthetic funding issue requiring monitoring review.,IN_PROGRESS,HIGH
ISS-00188-15-03,PAI-00188,2025-03-31,CLEARANCE,Synthetic clearance issue requiring monitoring review.,IN_PROGRESS,HIGH
ISS-00188-16-01,PAI-00188,2025-04-30,LAND_ACQUISITION,Synthetic land acquisition issue requiring monitoring review.,IN_PROGRESS,HIGH
ISS-00188-16-02,PAI-00188,2025-04-30,CLEARANCE,Synthetic clearance issue requiring monitoring review.,IN_PROGRESS,MEDIUM
ISS-00188-16-03,PAI-00188,2025-04-30,BUDGET_OR_APPROVAL,Synthetic budget or approval issue requiring monitoring review.,OPEN,LOW
ISS-00188-16-04,PAI-00188,2025-04-30,CLEARANCE,Synthetic clearance issue requiring monitoring review.,IN_PROGRESS,HIGH
ISS-00188-17-01,PAI-00188,2025-05-31,LAND_ACQUISITION,Synthetic land acquisition issue requiring monitoring review.,OPEN,MEDIUM
ISS-00188-18-01,PAI-00188,2025-06-30,PROCUREMENT_OR_CONTRACT,Synthetic procurement or contract issue requiring monitoring review.,RESOLVED,MEDIUM
ISS-00188-18-02,PAI-00188,2025-06-30,ENGINEERING_OR_FEASIBILITY,Synthetic engineering or feasibility issue requiring monitoring review.,OPEN,MEDIUM
ISS-00188-18-03,PAI-00188,2025-06-30,FUNDING,Synthetic funding issue requiring monitoring review.,OPEN,HIGH
ISS-00188-18-04,PAI-00188,2025-06-30,SCOPE_OR_POLICY,Synthetic scope or policy issue requiring monitoring review.,IN_PROGRESS,MEDIUM
ISS-00188-19-01,PAI-00188,2025-07-31,BUDGET_OR_APPROVAL,Synthetic budget or approval issue requiring monitoring review.,OPEN,MEDIUM
ISS-00188-22-01,PAI-00188,2025-10-31,LEGAL_OR_SOCIAL,Synthetic legal or social issue requiring monitoring review.,OPEN,HIGH
ISS-00188-23-01,PAI-00188,2025-11-30,SCOPE_OR_POLICY,Synthetic scope or policy issue requiring monitoring review.,RESOLVED,HIGH
ISS-00188-24-01,PAI-00188,2025-12-31,CLEARANCE,Synthetic clearance issue requiring monitoring review.,OPEN,HIGH
ISS-00189-05-01,PAI-00189,2024-05-31,LAND_ACQUISITION,Synthetic land acquisition issue requiring monitoring review.,OPEN,MEDIUM
ISS-00189-07-01,PAI-00189,2024-07-31,BUDGET_OR_APPROVAL,Synthetic budget or approval issue requiring monitoring review.,OPEN,MEDIUM
ISS-00189-08-01,PAI-00189,2024-08-31,LAND_ACQUISITION,Synthetic land acquisition issue requiring monitoring review.,OPEN,MEDIUM
ISS-00189-09-01,PAI-00189,2024-09-30,BUDGET_OR_APPROVAL,Synthetic budget or approval issue requiring monitoring review.,RESOLVED,LOW
ISS-00189-14-01,PAI-00189,2025-02-28,SCOPE_OR_POLICY,Synthetic scope or policy issue requiring monitoring review.,RESOLVED,LOW
ISS-00189-16-01,PAI-00189,2025-04-30,FUNDING,Synthetic funding issue requiring monitoring review.,IN_PROGRESS,HIGH
ISS-00189-17-01,PAI-00189,2025-05-31,SCOPE_OR_POLICY,Synthetic scope or policy issue requiring monitoring review.,OPEN,HIGH
ISS-00189-18-01,PAI-00189,2025-06-30,BUDGET_OR_APPROVAL,Synthetic budget or approval issue requiring monitoring review.,RESOLVED,MEDIUM
ISS-00189-18-02,PAI-00189,2025-06-30,BUDGET_OR_APPROVAL,Synthetic budget or approval issue requiring monitoring review.,RESOLVED,HIGH
ISS-00189-19-01,PAI-00189,2025-07-31,LEGAL_OR_SOCIAL,Synthetic legal or social issue requiring monitoring review.,OPEN,LOW
ISS-00189-20-01,PAI-00189,2025-08-31,LAND_ACQUISITION,Synthetic land acquisition issue requiring monitoring review.,OPEN,MEDIUM
ISS-00189-22-01,PAI-00189,2025-10-31,ENGINEERING_OR_FEASIBILITY,Synthetic engineering or feasibility issue requiring monitoring review.,IN_PROGRESS,HIGH
ISS-00189-22-02,PAI-00189,2025-10-31,PROCUREMENT_OR_CONTRACT,Synthetic procurement or contract issue requiring monitoring review.,OPEN,MEDIUM
ISS-00190-01-01,PAI-00190,2024-01-31,ENGINEERING_OR_FEASIBILITY,Synthetic engineering or feasibility issue requiring monitoring review.,OPEN,MEDIUM
ISS-00190-01-02,PAI-00190,2024-01-31,FUNDING,Synthetic funding issue requiring monitoring review.,RESOLVED,MEDIUM
ISS-00190-07-01,PAI-00190,2024-07-31,BUDGET_OR_APPROVAL,Synthetic budget or approval issue requiring monitoring review.,IN_PROGRESS,LOW
ISS-00190-07-02,PAI-00190,2024-07-31,LEGAL_OR_SOCIAL,Synthetic legal or social issue requiring monitoring review.,OPEN,HIGH
ISS-00190-08-01,PAI-00190,2024-08-31,LAND_ACQUISITION,Synthetic land acquisition issue requiring monitoring review.,RESOLVED,HIGH
ISS-00190-10-01,PAI-00190,2024-10-31,LAND_ACQUISITION,Synthetic land acquisition issue requiring monitoring review.,OPEN,LOW
ISS-00190-10-02,PAI-00190,2024-10-31,SCOPE_OR_POLICY,Synthetic scope or policy issue requiring monitoring review.,IN_PROGRESS,HIGH
ISS-00190-10-03,PAI-00190,2024-10-31,BUDGET_OR_APPROVAL,Synthetic budget or approval issue requiring monitoring review.,IN_PROGRESS,MEDIUM
ISS-00190-11-01,PAI-00190,2024-11-30,ENGINEERING_OR_FEASIBILITY,Synthetic engineering or feasibility issue requiring monitoring review.,OPEN,MEDIUM
ISS-00190-13-01,PAI-00190,2025-01-31,LAND_ACQUISITION,Synthetic land acquisition issue requiring monitoring review.,OPEN,MEDIUM
ISS-00190-14-01,PAI-00190,2025-02-28,PROCUREMENT_OR_CONTRACT,Synthetic procurement or contract issue requiring monitoring review.,OPEN,MEDIUM
ISS-00190-15-01,PAI-00190,2025-03-31,SCOPE_OR_POLICY,Synthetic scope or policy issue requiring monitoring review.,RESOLVED,MEDIUM
ISS-00190-16-01,PAI-00190,2025-04-30,SCOPE_OR_POLICY,Synthetic scope or policy issue requiring monitoring review.,OPEN,HIGH
ISS-00190-16-02,PAI-00190,2025-04-30,SCOPE_OR_POLICY,Synthetic scope or policy issue requiring monitoring review.,IN_PROGRESS,MEDIUM
ISS-00190-17-01,PAI-00190,2025-05-31,LEGAL_OR_SOCIAL,Synthetic legal or social issue requiring monitoring review.,OPEN,HIGH
ISS-00190-19-01,PAI-00190,2025-07-31,PROCUREMENT_OR_CONTRACT,Synthetic procurement or contract issue requiring monitoring review.,IN_PROGRESS,HIGH
ISS-00190-20-01,PAI-00190,2025-08-31,ENGINEERING_OR_FEASIBILITY,Synthetic engineering or feasibility issue requiring monitoring review.,OPEN,LOW
ISS-00190-21-01,PAI-00190,2025-09-30,ENGINEERING_OR_FEASIBILITY,Synthetic engineering or feasibility issue requiring monitoring review.,IN_PROGRESS,MEDIUM
ISS-00190-22-01,PAI-00190,2025-10-31,SCOPE_OR_POLICY,Synthetic scope or policy issue requiring monitoring review.,OPEN,LOW
ISS-00190-22-02,PAI-00190,2025-10-31,FUNDING,Synthetic funding issue requiring monitoring review.,IN_PROGRESS,LOW
ISS-00190-23-01,PAI-00190,2025-11-30,SCOPE_OR_POLICY,Synthetic scope or policy issue requiring monitoring review.,OPEN,MEDIUM
ISS-00191-04-01,PAI-00191,2024-04-30,BUDGET_OR_APPROVAL,Synthetic budget or approval issue requiring monitoring review.,OPEN,MEDIUM
ISS-00191-05-01,PAI-00191,2024-05-31,SCOPE_OR_POLICY,Synthetic scope or policy issue requiring monitoring review.,OPEN,MEDIUM
ISS-00191-10-01,PAI-00191,2024-10-31,PROCUREMENT_OR_CONTRACT,Synthetic procurement or contract issue requiring monitoring review.,OPEN,MEDIUM
ISS-00191-17-01,PAI-00191,2025-05-31,LAND_ACQUISITION,Synthetic land acquisition issue requiring monitoring review.,OPEN,HIGH
ISS-00191-17-02,PAI-00191,2025-05-31,BUDGET_OR_APPROVAL,Synthetic budget or approval issue requiring monitoring review.,IN_PROGRESS,HIGH
ISS-00191-20-01,PAI-00191,2025-08-31,ENGINEERING_OR_FEASIBILITY,Synthetic engineering or feasibility issue requiring monitoring review.,IN_PROGRESS,HIGH
ISS-00192-02-01,PAI-00192,2024-02-29,FUNDING,Synthetic funding issue requiring monitoring review.,IN_PROGRESS,LOW
ISS-00192-08-01,PAI-00192,2024-08-31,CLEARANCE,Synthetic clearance issue requiring monitoring review.,IN_PROGRESS,LOW
ISS-00192-09-01,PAI-00192,2024-09-30,CLEARANCE,Synthetic clearance issue requiring monitoring review.,OPEN,LOW
ISS-00192-17-01,PAI-00192,2025-05-31,LAND_ACQUISITION,Synthetic land acquisition issue requiring monitoring review.,OPEN,LOW
ISS-00192-22-01,PAI-00192,2025-10-31,ENGINEERING_OR_FEASIBILITY,Synthetic engineering or feasibility issue requiring monitoring review.,RESOLVED,HIGH
ISS-00193-05-01,PAI-00193,2024-05-31,SCOPE_OR_POLICY,Synthetic scope or policy issue requiring monitoring review.,OPEN,LOW
ISS-00193-08-01,PAI-00193,2024-08-31,CLEARANCE,Synthetic clearance issue requiring monitoring review.,IN_PROGRESS,LOW
ISS-00193-13-01,PAI-00193,2025-01-31,SCOPE_OR_POLICY,Synthetic scope or policy issue requiring monitoring review.,OPEN,MEDIUM
ISS-00193-13-02,PAI-00193,2025-01-31,CLEARANCE,Synthetic clearance issue requiring monitoring review.,OPEN,MEDIUM
ISS-00193-15-01,PAI-00193,2025-03-31,LAND_ACQUISITION,Synthetic land acquisition issue requiring monitoring review.,RESOLVED,MEDIUM
ISS-00193-21-01,PAI-00193,2025-09-30,LEGAL_OR_SOCIAL,Synthetic legal or social issue requiring monitoring review.,IN_PROGRESS,LOW
ISS-00193-22-01,PAI-00193,2025-10-31,SCOPE_OR_POLICY,Synthetic scope or policy issue requiring monitoring review.,RESOLVED,MEDIUM
ISS-00194-06-01,PAI-00194,2024-06-30,LEGAL_OR_SOCIAL,Synthetic legal or social issue requiring monitoring review.,IN_PROGRESS,LOW
ISS-00194-07-01,PAI-00194,2024-07-31,BUDGET_OR_APPROVAL,Synthetic budget or approval issue requiring monitoring review.,RESOLVED,HIGH
ISS-00194-07-02,PAI-00194,2024-07-31,CLEARANCE,Synthetic clearance issue requiring monitoring review.,OPEN,HIGH
ISS-00194-09-01,PAI-00194,2024-09-30,PROCUREMENT_OR_CONTRACT,Synthetic procurement or contract issue requiring monitoring review.,OPEN,MEDIUM
ISS-00194-11-01,PAI-00194,2024-11-30,LAND_ACQUISITION,Synthetic land acquisition issue requiring monitoring review.,OPEN,HIGH
ISS-00194-14-01,PAI-00194,2025-02-28,LAND_ACQUISITION,Synthetic land acquisition issue requiring monitoring review.,OPEN,LOW
ISS-00194-16-01,PAI-00194,2025-04-30,FUNDING,Synthetic funding issue requiring monitoring review.,OPEN,LOW
ISS-00194-18-01,PAI-00194,2025-06-30,ENGINEERING_OR_FEASIBILITY,Synthetic engineering or feasibility issue requiring monitoring review.,RESOLVED,MEDIUM
ISS-00194-19-01,PAI-00194,2025-07-31,BUDGET_OR_APPROVAL,Synthetic budget or approval issue requiring monitoring review.,RESOLVED,HIGH
ISS-00195-05-01,PAI-00195,2024-05-31,LEGAL_OR_SOCIAL,Synthetic legal or social issue requiring monitoring review.,OPEN,MEDIUM
ISS-00195-07-01,PAI-00195,2024-07-31,CLEARANCE,Synthetic clearance issue requiring monitoring review.,OPEN,LOW
ISS-00195-10-01,PAI-00195,2024-10-31,LAND_ACQUISITION,Synthetic land acquisition issue requiring monitoring review.,RESOLVED,MEDIUM
ISS-00195-12-01,PAI-00195,2024-12-31,LEGAL_OR_SOCIAL,Synthetic legal or social issue requiring monitoring review.,OPEN,MEDIUM
ISS-00195-12-02,PAI-00195,2024-12-31,LAND_ACQUISITION,Synthetic land acquisition issue requiring monitoring review.,IN_PROGRESS,HIGH
ISS-00195-15-01,PAI-00195,2025-03-31,SCOPE_OR_POLICY,Synthetic scope or policy issue requiring monitoring review.,IN_PROGRESS,MEDIUM
ISS-00195-16-01,PAI-00195,2025-04-30,CLEARANCE,Synthetic clearance issue requiring monitoring review.,IN_PROGRESS,MEDIUM
ISS-00195-16-02,PAI-00195,2025-04-30,LEGAL_OR_SOCIAL,Synthetic legal or social issue requiring monitoring review.,IN_PROGRESS,LOW
ISS-00195-17-01,PAI-00195,2025-05-31,CLEARANCE,Synthetic clearance issue requiring monitoring review.,OPEN,MEDIUM
ISS-00195-19-01,PAI-00195,2025-07-31,PROCUREMENT_OR_CONTRACT,Synthetic procurement or contract issue requiring monitoring review.,RESOLVED,HIGH
ISS-00195-22-01,PAI-00195,2025-10-31,BUDGET_OR_APPROVAL,Synthetic budget or approval issue requiring monitoring review.,OPEN,LOW
ISS-00195-23-01,PAI-00195,2025-11-30,ENGINEERING_OR_FEASIBILITY,Synthetic engineering or feasibility issue requiring monitoring review.,IN_PROGRESS,LOW
ISS-00195-24-01,PAI-00195,2025-12-31,LEGAL_OR_SOCIAL,Synthetic legal or social issue requiring monitoring review.,RESOLVED,LOW
ISS-00195-24-02,PAI-00195,2025-12-31,SCOPE_OR_POLICY,Synthetic scope or policy issue requiring monitoring review.,OPEN,HIGH
ISS-00195-24-03,PAI-00195,2025-12-31,LEGAL_OR_SOCIAL,Synthetic legal or social issue requiring monitoring review.,OPEN,LOW
ISS-00196-01-01,PAI-00196,2024-01-31,PROCUREMENT_OR_CONTRACT,Synthetic procurement or contract issue requiring monitoring review.,RESOLVED,MEDIUM
ISS-00196-08-01,PAI-00196,2024-08-31,CLEARANCE,Synthetic clearance issue requiring monitoring review.,RESOLVED,LOW
ISS-00196-14-01,PAI-00196,2025-02-28,ENGINEERING_OR_FEASIBILITY,Synthetic engineering or feasibility issue requiring monitoring review.,RESOLVED,LOW
ISS-00196-15-01,PAI-00196,2025-03-31,FUNDING,Synthetic funding issue requiring monitoring review.,OPEN,MEDIUM
ISS-00196-22-01,PAI-00196,2025-10-31,FUNDING,Synthetic funding issue requiring monitoring review.,OPEN,HIGH
ISS-00196-22-02,PAI-00196,2025-10-31,CLEARANCE,Synthetic clearance issue requiring monitoring review.,OPEN,HIGH
ISS-00196-24-01,PAI-00196,2025-12-31,LAND_ACQUISITION,Synthetic land acquisition issue requiring monitoring review.,OPEN,MEDIUM
ISS-00197-11-01,PAI-00197,2024-11-30,BUDGET_OR_APPROVAL,Synthetic budget or approval issue requiring monitoring review.,IN_PROGRESS,LOW
ISS-00197-13-01,PAI-00197,2025-01-31,LEGAL_OR_SOCIAL,Synthetic legal or social issue requiring monitoring review.,OPEN,MEDIUM
ISS-00197-18-01,PAI-00197,2025-06-30,BUDGET_OR_APPROVAL,Synthetic budget or approval issue requiring monitoring review.,IN_PROGRESS,MEDIUM
ISS-00197-18-02,PAI-00197,2025-06-30,FUNDING,Synthetic funding issue requiring monitoring review.,OPEN,LOW
ISS-00198-01-01,PAI-00198,2024-01-31,ENGINEERING_OR_FEASIBILITY,Synthetic engineering or feasibility issue requiring monitoring review.,OPEN,MEDIUM
ISS-00198-02-01,PAI-00198,2024-02-29,BUDGET_OR_APPROVAL,Synthetic budget or approval issue requiring monitoring review.,OPEN,MEDIUM
ISS-00198-03-01,PAI-00198,2024-03-31,LEGAL_OR_SOCIAL,Synthetic legal or social issue requiring monitoring review.,RESOLVED,LOW
ISS-00198-03-02,PAI-00198,2024-03-31,LAND_ACQUISITION,Synthetic land acquisition issue requiring monitoring review.,IN_PROGRESS,MEDIUM
ISS-00198-03-03,PAI-00198,2024-03-31,CLEARANCE,Synthetic clearance issue requiring monitoring review.,RESOLVED,MEDIUM
ISS-00198-04-01,PAI-00198,2024-04-30,CLEARANCE,Synthetic clearance issue requiring monitoring review.,OPEN,HIGH
ISS-00198-07-01,PAI-00198,2024-07-31,LAND_ACQUISITION,Synthetic land acquisition issue requiring monitoring review.,OPEN,MEDIUM
ISS-00198-08-01,PAI-00198,2024-08-31,BUDGET_OR_APPROVAL,Synthetic budget or approval issue requiring monitoring review.,IN_PROGRESS,HIGH
ISS-00198-08-02,PAI-00198,2024-08-31,LEGAL_OR_SOCIAL,Synthetic legal or social issue requiring monitoring review.,RESOLVED,MEDIUM
ISS-00198-08-03,PAI-00198,2024-08-31,SCOPE_OR_POLICY,Synthetic scope or policy issue requiring monitoring review.,OPEN,HIGH
ISS-00198-10-01,PAI-00198,2024-10-31,FUNDING,Synthetic funding issue requiring monitoring review.,RESOLVED,MEDIUM
ISS-00198-10-02,PAI-00198,2024-10-31,LEGAL_OR_SOCIAL,Synthetic legal or social issue requiring monitoring review.,OPEN,HIGH
ISS-00198-15-01,PAI-00198,2025-03-31,LEGAL_OR_SOCIAL,Synthetic legal or social issue requiring monitoring review.,RESOLVED,LOW
ISS-00198-17-01,PAI-00198,2025-05-31,PROCUREMENT_OR_CONTRACT,Synthetic procurement or contract issue requiring monitoring review.,OPEN,LOW
ISS-00198-18-01,PAI-00198,2025-06-30,FUNDING,Synthetic funding issue requiring monitoring review.,OPEN,HIGH
ISS-00198-19-01,PAI-00198,2025-07-31,LEGAL_OR_SOCIAL,Synthetic legal or social issue requiring monitoring review.,OPEN,MEDIUM
ISS-00198-20-01,PAI-00198,2025-08-31,LEGAL_OR_SOCIAL,Synthetic legal or social issue requiring monitoring review.,OPEN,MEDIUM
ISS-00198-21-01,PAI-00198,2025-09-30,BUDGET_OR_APPROVAL,Synthetic budget or approval issue requiring monitoring review.,RESOLVED,MEDIUM
ISS-00198-22-01,PAI-00198,2025-10-31,LAND_ACQUISITION,Synthetic land acquisition issue requiring monitoring review.,OPEN,MEDIUM
ISS-00198-22-02,PAI-00198,2025-10-31,SCOPE_OR_POLICY,Synthetic scope or policy issue requiring monitoring review.,OPEN,HIGH
ISS-00198-23-01,PAI-00198,2025-11-30,PROCUREMENT_OR_CONTRACT,Synthetic procurement or contract issue requiring monitoring review.,OPEN,LOW
ISS-00198-23-02,PAI-00198,2025-11-30,BUDGET_OR_APPROVAL,Synthetic budget or approval issue requiring monitoring review.,OPEN,MEDIUM
ISS-00198-23-03,PAI-00198,2025-11-30,LAND_ACQUISITION,Synthetic land acquisition issue requiring monitoring review.,OPEN,LOW
ISS-00198-24-01,PAI-00198,2025-12-31,CLEARANCE,Synthetic clearance issue requiring monitoring review.,OPEN,LOW
ISS-00198-24-02,PAI-00198,2025-12-31,LEGAL_OR_SOCIAL,Synthetic legal or social issue requiring monitoring review.,OPEN,HIGH
ISS-00199-01-01,PAI-00199,2024-01-31,CLEARANCE,Synthetic clearance issue requiring monitoring review.,OPEN,MEDIUM
ISS-00199-02-01,PAI-00199,2024-02-29,LEGAL_OR_SOCIAL,Synthetic legal or social issue requiring monitoring review.,RESOLVED,MEDIUM
ISS-00199-02-02,PAI-00199,2024-02-29,LEGAL_OR_SOCIAL,Synthetic legal or social issue requiring monitoring review.,RESOLVED,MEDIUM
ISS-00199-03-01,PAI-00199,2024-03-31,PROCUREMENT_OR_CONTRACT,Synthetic procurement or contract issue requiring monitoring review.,IN_PROGRESS,HIGH
ISS-00199-09-01,PAI-00199,2024-09-30,FUNDING,Synthetic funding issue requiring monitoring review.,IN_PROGRESS,MEDIUM
ISS-00199-13-01,PAI-00199,2025-01-31,CLEARANCE,Synthetic clearance issue requiring monitoring review.,OPEN,LOW
ISS-00199-14-01,PAI-00199,2025-02-28,LAND_ACQUISITION,Synthetic land acquisition issue requiring monitoring review.,OPEN,HIGH
ISS-00199-14-02,PAI-00199,2025-02-28,LEGAL_OR_SOCIAL,Synthetic legal or social issue requiring monitoring review.,OPEN,HIGH
ISS-00199-15-01,PAI-00199,2025-03-31,ENGINEERING_OR_FEASIBILITY,Synthetic engineering or feasibility issue requiring monitoring review.,IN_PROGRESS,HIGH
ISS-00199-17-01,PAI-00199,2025-05-31,PROCUREMENT_OR_CONTRACT,Synthetic procurement or contract issue requiring monitoring review.,OPEN,MEDIUM
ISS-00199-18-01,PAI-00199,2025-06-30,LEGAL_OR_SOCIAL,Synthetic legal or social issue requiring monitoring review.,OPEN,MEDIUM
ISS-00199-19-01,PAI-00199,2025-07-31,SCOPE_OR_POLICY,Synthetic scope or policy issue requiring monitoring review.,OPEN,HIGH
ISS-00199-21-01,PAI-00199,2025-09-30,SCOPE_OR_POLICY,Synthetic scope or policy issue requiring monitoring review.,RESOLVED,MEDIUM
ISS-00199-24-01,PAI-00199,2025-12-31,CLEARANCE,Synthetic clearance issue requiring monitoring review.,OPEN,LOW
ISS-00200-09-01,PAI-00200,2024-09-30,SCOPE_OR_POLICY,Synthetic scope or policy issue requiring monitoring review.,OPEN,LOW
ISS-00200-12-01,PAI-00200,2024-12-31,PROCUREMENT_OR_CONTRACT,Synthetic procurement or contract issue requiring monitoring review.,IN_PROGRESS,MEDIUM
ISS-00200-13-01,PAI-00200,2025-01-31,CLEARANCE,Synthetic clearance issue requiring monitoring review.,OPEN,MEDIUM
ISS-00201-13-01,PAI-00201,2025-01-31,ENGINEERING_OR_FEASIBILITY,Synthetic engineering or feasibility issue requiring monitoring review.,RESOLVED,HIGH
ISS-00201-16-01,PAI-00201,2025-04-30,PROCUREMENT_OR_CONTRACT,Synthetic procurement or contract issue requiring monitoring review.,RESOLVED,MEDIUM
ISS-00201-16-02,PAI-00201,2025-04-30,LEGAL_OR_SOCIAL,Synthetic legal or social issue requiring monitoring review.,IN_PROGRESS,MEDIUM
ISS-00201-16-03,PAI-00201,2025-04-30,LAND_ACQUISITION,Synthetic land acquisition issue requiring monitoring review.,RESOLVED,HIGH
ISS-00201-18-01,PAI-00201,2025-06-30,SCOPE_OR_POLICY,Synthetic scope or policy issue requiring monitoring review.,RESOLVED,LOW
ISS-00202-06-01,PAI-00202,2024-06-30,LAND_ACQUISITION,Synthetic land acquisition issue requiring monitoring review.,OPEN,MEDIUM
ISS-00202-11-01,PAI-00202,2024-11-30,FUNDING,Synthetic funding issue requiring monitoring review.,RESOLVED,MEDIUM
ISS-00202-13-01,PAI-00202,2025-01-31,FUNDING,Synthetic funding issue requiring monitoring review.,OPEN,LOW
ISS-00202-20-01,PAI-00202,2025-08-31,CLEARANCE,Synthetic clearance issue requiring monitoring review.,RESOLVED,LOW
ISS-00202-21-01,PAI-00202,2025-09-30,LEGAL_OR_SOCIAL,Synthetic legal or social issue requiring monitoring review.,IN_PROGRESS,LOW
ISS-00203-04-01,PAI-00203,2024-04-30,PROCUREMENT_OR_CONTRACT,Synthetic procurement or contract issue requiring monitoring review.,IN_PROGRESS,HIGH
ISS-00203-12-01,PAI-00203,2024-12-31,CLEARANCE,Synthetic clearance issue requiring monitoring review.,OPEN,LOW
ISS-00203-18-01,PAI-00203,2025-06-30,CLEARANCE,Synthetic clearance issue requiring monitoring review.,IN_PROGRESS,MEDIUM
ISS-00204-01-01,PAI-00204,2024-01-31,LEGAL_OR_SOCIAL,Synthetic legal or social issue requiring monitoring review.,RESOLVED,MEDIUM
ISS-00204-14-01,PAI-00204,2025-02-28,LAND_ACQUISITION,Synthetic land acquisition issue requiring monitoring review.,OPEN,MEDIUM
ISS-00204-15-01,PAI-00204,2025-03-31,ENGINEERING_OR_FEASIBILITY,Synthetic engineering or feasibility issue requiring monitoring review.,OPEN,LOW
ISS-00204-16-01,PAI-00204,2025-04-30,BUDGET_OR_APPROVAL,Synthetic budget or approval issue requiring monitoring review.,RESOLVED,HIGH
ISS-00204-20-01,PAI-00204,2025-08-31,ENGINEERING_OR_FEASIBILITY,Synthetic engineering or feasibility issue requiring monitoring review.,OPEN,MEDIUM
ISS-00204-21-01,PAI-00204,2025-09-30,FUNDING,Synthetic funding issue requiring monitoring review.,IN_PROGRESS,MEDIUM
ISS-00205-01-01,PAI-00205,2024-01-31,CLEARANCE,Synthetic clearance issue requiring monitoring review.,OPEN,HIGH
ISS-00205-15-01,PAI-00205,2025-03-31,SCOPE_OR_POLICY,Synthetic scope or policy issue requiring monitoring review.,IN_PROGRESS,LOW
ISS-00205-16-01,PAI-00205,2025-04-30,FUNDING,Synthetic funding issue requiring monitoring review.,OPEN,LOW
ISS-00205-19-01,PAI-00205,2025-07-31,PROCUREMENT_OR_CONTRACT,Synthetic procurement or contract issue requiring monitoring review.,OPEN,LOW
ISS-00205-24-01,PAI-00205,2025-12-31,SCOPE_OR_POLICY,Synthetic scope or policy issue requiring monitoring review.,OPEN,HIGH
ISS-00206-02-01,PAI-00206,2024-02-29,ENGINEERING_OR_FEASIBILITY,Synthetic engineering or feasibility issue requiring monitoring review.,RESOLVED,LOW
ISS-00206-02-02,PAI-00206,2024-02-29,LEGAL_OR_SOCIAL,Synthetic legal or social issue requiring monitoring review.,OPEN,HIGH
ISS-00206-05-01,PAI-00206,2024-05-31,LEGAL_OR_SOCIAL,Synthetic legal or social issue requiring monitoring review.,OPEN,LOW
ISS-00207-02-01,PAI-00207,2024-02-29,CLEARANCE,Synthetic clearance issue requiring monitoring review.,RESOLVED,MEDIUM
ISS-00207-12-01,PAI-00207,2024-12-31,LEGAL_OR_SOCIAL,Synthetic legal or social issue requiring monitoring review.,RESOLVED,LOW
ISS-00207-15-01,PAI-00207,2025-03-31,SCOPE_OR_POLICY,Synthetic scope or policy issue requiring monitoring review.,OPEN,LOW
ISS-00207-17-01,PAI-00207,2025-05-31,PROCUREMENT_OR_CONTRACT,Synthetic procurement or contract issue requiring monitoring review.,IN_PROGRESS,LOW
ISS-00207-18-01,PAI-00207,2025-06-30,LEGAL_OR_SOCIAL,Synthetic legal or social issue requiring monitoring review.,OPEN,LOW
ISS-00207-21-01,PAI-00207,2025-09-30,ENGINEERING_OR_FEASIBILITY,Synthetic engineering or feasibility issue requiring monitoring review.,OPEN,LOW
ISS-00207-24-01,PAI-00207,2025-12-31,SCOPE_OR_POLICY,Synthetic scope or policy issue requiring monitoring review.,OPEN,MEDIUM
ISS-00207-24-02,PAI-00207,2025-12-31,ENGINEERING_OR_FEASIBILITY,Synthetic engineering or feasibility issue requiring monitoring review.,OPEN,MEDIUM
ISS-00208-07-01,PAI-00208,2024-07-31,CLEARANCE,Synthetic clearance issue requiring monitoring review.,IN_PROGRESS,MEDIUM
ISS-00208-10-01,PAI-00208,2024-10-31,PROCUREMENT_OR_CONTRACT,Synthetic procurement or contract issue requiring monitoring review.,RESOLVED,LOW
ISS-00208-24-01,PAI-00208,2025-12-31,LEGAL_OR_SOCIAL,Synthetic legal or social issue requiring monitoring review.,OPEN,LOW
ISS-00208-24-02,PAI-00208,2025-12-31,LAND_ACQUISITION,Synthetic land acquisition issue requiring monitoring review.,IN_PROGRESS,HIGH
ISS-00208-24-03,PAI-00208,2025-12-31,LAND_ACQUISITION,Synthetic land acquisition issue requiring monitoring review.,IN_PROGRESS,MEDIUM
ISS-00209-05-01,PAI-00209,2024-05-31,BUDGET_OR_APPROVAL,Synthetic budget or approval issue requiring monitoring review.,RESOLVED,LOW
ISS-00209-05-02,PAI-00209,2024-05-31,ENGINEERING_OR_FEASIBILITY,Synthetic engineering or feasibility issue requiring monitoring review.,OPEN,MEDIUM
ISS-00209-06-01,PAI-00209,2024-06-30,PROCUREMENT_OR_CONTRACT,Synthetic procurement or contract issue requiring monitoring review.,IN_PROGRESS,LOW
ISS-00209-06-02,PAI-00209,2024-06-30,FUNDING,Synthetic funding issue requiring monitoring review.,OPEN,LOW
ISS-00209-07-01,PAI-00209,2024-07-31,LEGAL_OR_SOCIAL,Synthetic legal or social issue requiring monitoring review.,RESOLVED,MEDIUM
ISS-00209-11-01,PAI-00209,2024-11-30,FUNDING,Synthetic funding issue requiring monitoring review.,RESOLVED,HIGH
ISS-00209-11-02,PAI-00209,2024-11-30,BUDGET_OR_APPROVAL,Synthetic budget or approval issue requiring monitoring review.,RESOLVED,MEDIUM
ISS-00209-12-01,PAI-00209,2024-12-31,BUDGET_OR_APPROVAL,Synthetic budget or approval issue requiring monitoring review.,OPEN,MEDIUM
ISS-00209-14-01,PAI-00209,2025-02-28,SCOPE_OR_POLICY,Synthetic scope or policy issue requiring monitoring review.,IN_PROGRESS,MEDIUM
ISS-00209-14-02,PAI-00209,2025-02-28,BUDGET_OR_APPROVAL,Synthetic budget or approval issue requiring monitoring review.,RESOLVED,LOW
ISS-00209-14-03,PAI-00209,2025-02-28,ENGINEERING_OR_FEASIBILITY,Synthetic engineering or feasibility issue requiring monitoring review.,RESOLVED,LOW
ISS-00209-15-01,PAI-00209,2025-03-31,ENGINEERING_OR_FEASIBILITY,Synthetic engineering or feasibility issue requiring monitoring review.,OPEN,HIGH
ISS-00209-18-01,PAI-00209,2025-06-30,PROCUREMENT_OR_CONTRACT,Synthetic procurement or contract issue requiring monitoring review.,OPEN,HIGH
ISS-00209-18-02,PAI-00209,2025-06-30,FUNDING,Synthetic funding issue requiring monitoring review.,OPEN,MEDIUM
ISS-00209-19-01,PAI-00209,2025-07-31,FUNDING,Synthetic funding issue requiring monitoring review.,IN_PROGRESS,MEDIUM
ISS-00209-21-01,PAI-00209,2025-09-30,LAND_ACQUISITION,Synthetic land acquisition issue requiring monitoring review.,IN_PROGRESS,LOW
ISS-00209-21-02,PAI-00209,2025-09-30,CLEARANCE,Synthetic clearance issue requiring monitoring review.,OPEN,LOW
ISS-00209-22-01,PAI-00209,2025-10-31,BUDGET_OR_APPROVAL,Synthetic budget or approval issue requiring monitoring review.,OPEN,LOW
ISS-00209-22-02,PAI-00209,2025-10-31,ENGINEERING_OR_FEASIBILITY,Synthetic engineering or feasibility issue requiring monitoring review.,OPEN,MEDIUM
ISS-00209-23-01,PAI-00209,2025-11-30,LEGAL_OR_SOCIAL,Synthetic legal or social issue requiring monitoring review.,RESOLVED,MEDIUM
ISS-00210-02-01,PAI-00210,2024-02-29,CLEARANCE,Synthetic clearance issue requiring monitoring review.,OPEN,MEDIUM
ISS-00210-07-01,PAI-00210,2024-07-31,PROCUREMENT_OR_CONTRACT,Synthetic procurement or contract issue requiring monitoring review.,OPEN,HIGH
ISS-00210-12-01,PAI-00210,2024-12-31,PROCUREMENT_OR_CONTRACT,Synthetic procurement or contract issue requiring monitoring review.,OPEN,LOW
ISS-00210-13-01,PAI-00210,2025-01-31,PROCUREMENT_OR_CONTRACT,Synthetic procurement or contract issue requiring monitoring review.,OPEN,LOW
ISS-00210-21-01,PAI-00210,2025-09-30,BUDGET_OR_APPROVAL,Synthetic budget or approval issue requiring monitoring review.,IN_PROGRESS,MEDIUM
ISS-00211-06-01,PAI-00211,2024-06-30,FUNDING,Synthetic funding issue requiring monitoring review.,OPEN,MEDIUM
ISS-00211-16-01,PAI-00211,2025-04-30,BUDGET_OR_APPROVAL,Synthetic budget or approval issue requiring monitoring review.,IN_PROGRESS,MEDIUM
ISS-00212-01-01,PAI-00212,2024-01-31,LAND_ACQUISITION,Synthetic land acquisition issue requiring monitoring review.,IN_PROGRESS,MEDIUM
ISS-00212-05-01,PAI-00212,2024-05-31,CLEARANCE,Synthetic clearance issue requiring monitoring review.,IN_PROGRESS,HIGH
ISS-00212-05-02,PAI-00212,2024-05-31,LAND_ACQUISITION,Synthetic land acquisition issue requiring monitoring review.,OPEN,LOW
ISS-00212-07-01,PAI-00212,2024-07-31,CLEARANCE,Synthetic clearance issue requiring monitoring review.,IN_PROGRESS,MEDIUM
ISS-00212-08-01,PAI-00212,2024-08-31,BUDGET_OR_APPROVAL,Synthetic budget or approval issue requiring monitoring review.,IN_PROGRESS,MEDIUM
ISS-00212-08-02,PAI-00212,2024-08-31,LEGAL_OR_SOCIAL,Synthetic legal or social issue requiring monitoring review.,RESOLVED,HIGH
ISS-00212-10-01,PAI-00212,2024-10-31,LAND_ACQUISITION,Synthetic land acquisition issue requiring monitoring review.,OPEN,MEDIUM
ISS-00212-11-01,PAI-00212,2024-11-30,CLEARANCE,Synthetic clearance issue requiring monitoring review.,OPEN,LOW
ISS-00212-12-01,PAI-00212,2024-12-31,CLEARANCE,Synthetic clearance issue requiring monitoring review.,IN_PROGRESS,HIGH
ISS-00212-12-02,PAI-00212,2024-12-31,BUDGET_OR_APPROVAL,Synthetic budget or approval issue requiring monitoring review.,OPEN,MEDIUM
ISS-00212-14-01,PAI-00212,2025-02-28,SCOPE_OR_POLICY,Synthetic scope or policy issue requiring monitoring review.,OPEN,LOW
ISS-00212-15-01,PAI-00212,2025-03-31,LAND_ACQUISITION,Synthetic land acquisition issue requiring monitoring review.,OPEN,HIGH
ISS-00212-16-01,PAI-00212,2025-04-30,BUDGET_OR_APPROVAL,Synthetic budget or approval issue requiring monitoring review.,OPEN,LOW
ISS-00212-17-01,PAI-00212,2025-05-31,LEGAL_OR_SOCIAL,Synthetic legal or social issue requiring monitoring review.,OPEN,HIGH
ISS-00212-20-01,PAI-00212,2025-08-31,LEGAL_OR_SOCIAL,Synthetic legal or social issue requiring monitoring review.,RESOLVED,LOW
ISS-00212-21-01,PAI-00212,2025-09-30,PROCUREMENT_OR_CONTRACT,Synthetic procurement or contract issue requiring monitoring review.,OPEN,MEDIUM
ISS-00212-21-02,PAI-00212,2025-09-30,LEGAL_OR_SOCIAL,Synthetic legal or social issue requiring monitoring review.,OPEN,MEDIUM
ISS-00212-22-01,PAI-00212,2025-10-31,PROCUREMENT_OR_CONTRACT,Synthetic procurement or contract issue requiring monitoring review.,RESOLVED,LOW
ISS-00212-22-02,PAI-00212,2025-10-31,BUDGET_OR_APPROVAL,Synthetic budget or approval issue requiring monitoring review.,OPEN,MEDIUM
ISS-00212-23-01,PAI-00212,2025-11-30,SCOPE_OR_POLICY,Synthetic scope or policy issue requiring monitoring review.,OPEN,HIGH
ISS-00212-23-02,PAI-00212,2025-11-30,CLEARANCE,Synthetic clearance issue requiring monitoring review.,OPEN,HIGH
ISS-00212-24-01,PAI-00212,2025-12-31,PROCUREMENT_OR_CONTRACT,Synthetic procurement or contract issue requiring monitoring review.,OPEN,MEDIUM
ISS-00212-24-02,PAI-00212,2025-12-31,ENGINEERING_OR_FEASIBILITY,Synthetic engineering or feasibility issue requiring monitoring review.,RESOLVED,LOW
ISS-00213-10-01,PAI-00213,2024-10-31,SCOPE_OR_POLICY,Synthetic scope or policy issue requiring monitoring review.,IN_PROGRESS,LOW
ISS-00213-18-01,PAI-00213,2025-06-30,SCOPE_OR_POLICY,Synthetic scope or policy issue requiring monitoring review.,IN_PROGRESS,LOW
ISS-00213-22-01,PAI-00213,2025-10-31,SCOPE_OR_POLICY,Synthetic scope or policy issue requiring monitoring review.,OPEN,LOW
ISS-00214-09-01,PAI-00214,2024-09-30,CLEARANCE,Synthetic clearance issue requiring monitoring review.,OPEN,HIGH
ISS-00214-09-02,PAI-00214,2024-09-30,FUNDING,Synthetic funding issue requiring monitoring review.,IN_PROGRESS,LOW
ISS-00214-13-01,PAI-00214,2025-01-31,BUDGET_OR_APPROVAL,Synthetic budget or approval issue requiring monitoring review.,OPEN,LOW
ISS-00214-13-02,PAI-00214,2025-01-31,CLEARANCE,Synthetic clearance issue requiring monitoring review.,OPEN,MEDIUM
ISS-00214-15-01,PAI-00214,2025-03-31,CLEARANCE,Synthetic clearance issue requiring monitoring review.,IN_PROGRESS,MEDIUM
ISS-00214-18-01,PAI-00214,2025-06-30,PROCUREMENT_OR_CONTRACT,Synthetic procurement or contract issue requiring monitoring review.,IN_PROGRESS,HIGH
ISS-00214-20-01,PAI-00214,2025-08-31,ENGINEERING_OR_FEASIBILITY,Synthetic engineering or feasibility issue requiring monitoring review.,OPEN,MEDIUM
ISS-00214-23-01,PAI-00214,2025-11-30,PROCUREMENT_OR_CONTRACT,Synthetic procurement or contract issue requiring monitoring review.,OPEN,HIGH
ISS-00214-24-01,PAI-00214,2025-12-31,SCOPE_OR_POLICY,Synthetic scope or policy issue requiring monitoring review.,OPEN,LOW
ISS-00214-24-02,PAI-00214,2025-12-31,PROCUREMENT_OR_CONTRACT,Synthetic procurement or contract issue requiring monitoring review.,OPEN,MEDIUM
ISS-00215-05-01,PAI-00215,2024-05-31,FUNDING,Synthetic funding issue requiring monitoring review.,RESOLVED,LOW
ISS-00215-06-01,PAI-00215,2024-06-30,LEGAL_OR_SOCIAL,Synthetic legal or social issue requiring monitoring review.,RESOLVED,LOW
ISS-00215-10-01,PAI-00215,2024-10-31,LEGAL_OR_SOCIAL,Synthetic legal or social issue requiring monitoring review.,IN_PROGRESS,MEDIUM
ISS-00216-05-01,PAI-00216,2024-05-31,SCOPE_OR_POLICY,Synthetic scope or policy issue requiring monitoring review.,IN_PROGRESS,MEDIUM
ISS-00216-07-01,PAI-00216,2024-07-31,LEGAL_OR_SOCIAL,Synthetic legal or social issue requiring monitoring review.,OPEN,MEDIUM
ISS-00216-08-01,PAI-00216,2024-08-31,SCOPE_OR_POLICY,Synthetic scope or policy issue requiring monitoring review.,OPEN,MEDIUM
ISS-00216-14-01,PAI-00216,2025-02-28,ENGINEERING_OR_FEASIBILITY,Synthetic engineering or feasibility issue requiring monitoring review.,OPEN,LOW
ISS-00216-15-01,PAI-00216,2025-03-31,LAND_ACQUISITION,Synthetic land acquisition issue requiring monitoring review.,OPEN,LOW
ISS-00216-18-01,PAI-00216,2025-06-30,SCOPE_OR_POLICY,Synthetic scope or policy issue requiring monitoring review.,OPEN,HIGH
ISS-00216-19-01,PAI-00216,2025-07-31,ENGINEERING_OR_FEASIBILITY,Synthetic engineering or feasibility issue requiring monitoring review.,IN_PROGRESS,HIGH
ISS-00216-19-02,PAI-00216,2025-07-31,LAND_ACQUISITION,Synthetic land acquisition issue requiring monitoring review.,OPEN,LOW
ISS-00216-21-01,PAI-00216,2025-09-30,BUDGET_OR_APPROVAL,Synthetic budget or approval issue requiring monitoring review.,OPEN,HIGH
ISS-00216-23-01,PAI-00216,2025-11-30,PROCUREMENT_OR_CONTRACT,Synthetic procurement or contract issue requiring monitoring review.,OPEN,HIGH
ISS-00216-24-01,PAI-00216,2025-12-31,LEGAL_OR_SOCIAL,Synthetic legal or social issue requiring monitoring review.,OPEN,LOW
ISS-00217-07-01,PAI-00217,2024-07-31,PROCUREMENT_OR_CONTRACT,Synthetic procurement or contract issue requiring monitoring review.,OPEN,LOW
ISS-00217-11-01,PAI-00217,2024-11-30,LAND_ACQUISITION,Synthetic land acquisition issue requiring monitoring review.,IN_PROGRESS,LOW
ISS-00217-13-01,PAI-00217,2025-01-31,SCOPE_OR_POLICY,Synthetic scope or policy issue requiring monitoring review.,OPEN,LOW
ISS-00217-16-01,PAI-00217,2025-04-30,CLEARANCE,Synthetic clearance issue requiring monitoring review.,OPEN,LOW
ISS-00218-04-01,PAI-00218,2024-04-30,CLEARANCE,Synthetic clearance issue requiring monitoring review.,IN_PROGRESS,HIGH
ISS-00218-04-02,PAI-00218,2024-04-30,FUNDING,Synthetic funding issue requiring monitoring review.,IN_PROGRESS,HIGH
ISS-00218-10-01,PAI-00218,2024-10-31,ENGINEERING_OR_FEASIBILITY,Synthetic engineering or feasibility issue requiring monitoring review.,IN_PROGRESS,LOW
ISS-00218-16-01,PAI-00218,2025-04-30,LAND_ACQUISITION,Synthetic land acquisition issue requiring monitoring review.,OPEN,LOW
ISS-00218-21-01,PAI-00218,2025-09-30,LEGAL_OR_SOCIAL,Synthetic legal or social issue requiring monitoring review.,IN_PROGRESS,LOW
ISS-00218-21-02,PAI-00218,2025-09-30,CLEARANCE,Synthetic clearance issue requiring monitoring review.,OPEN,MEDIUM
ISS-00218-24-01,PAI-00218,2025-12-31,SCOPE_OR_POLICY,Synthetic scope or policy issue requiring monitoring review.,OPEN,LOW
ISS-00218-24-02,PAI-00218,2025-12-31,LAND_ACQUISITION,Synthetic land acquisition issue requiring monitoring review.,OPEN,HIGH
ISS-00219-03-01,PAI-00219,2024-03-31,CLEARANCE,Synthetic clearance issue requiring monitoring review.,OPEN,HIGH
ISS-00219-04-01,PAI-00219,2024-04-30,PROCUREMENT_OR_CONTRACT,Synthetic procurement or contract issue requiring monitoring review.,OPEN,LOW
ISS-00219-09-01,PAI-00219,2024-09-30,ENGINEERING_OR_FEASIBILITY,Synthetic engineering or feasibility issue requiring monitoring review.,IN_PROGRESS,LOW
ISS-00219-10-01,PAI-00219,2024-10-31,PROCUREMENT_OR_CONTRACT,Synthetic procurement or contract issue requiring monitoring review.,OPEN,LOW
ISS-00219-11-01,PAI-00219,2024-11-30,FUNDING,Synthetic funding issue requiring monitoring review.,RESOLVED,HIGH
ISS-00219-13-01,PAI-00219,2025-01-31,FUNDING,Synthetic funding issue requiring monitoring review.,IN_PROGRESS,LOW
ISS-00219-18-01,PAI-00219,2025-06-30,CLEARANCE,Synthetic clearance issue requiring monitoring review.,OPEN,LOW
ISS-00219-20-01,PAI-00219,2025-08-31,LAND_ACQUISITION,Synthetic land acquisition issue requiring monitoring review.,IN_PROGRESS,HIGH
ISS-00219-20-02,PAI-00219,2025-08-31,LAND_ACQUISITION,Synthetic land acquisition issue requiring monitoring review.,OPEN,HIGH
ISS-00220-02-01,PAI-00220,2024-02-29,LEGAL_OR_SOCIAL,Synthetic legal or social issue requiring monitoring review.,RESOLVED,MEDIUM
ISS-00220-03-01,PAI-00220,2024-03-31,LAND_ACQUISITION,Synthetic land acquisition issue requiring monitoring review.,OPEN,HIGH
ISS-00220-04-01,PAI-00220,2024-04-30,FUNDING,Synthetic funding issue requiring monitoring review.,IN_PROGRESS,MEDIUM
ISS-00220-05-01,PAI-00220,2024-05-31,LEGAL_OR_SOCIAL,Synthetic legal or social issue requiring monitoring review.,IN_PROGRESS,HIGH
ISS-00220-05-02,PAI-00220,2024-05-31,SCOPE_OR_POLICY,Synthetic scope or policy issue requiring monitoring review.,OPEN,MEDIUM
ISS-00220-07-01,PAI-00220,2024-07-31,SCOPE_OR_POLICY,Synthetic scope or policy issue requiring monitoring review.,IN_PROGRESS,MEDIUM
ISS-00220-09-01,PAI-00220,2024-09-30,ENGINEERING_OR_FEASIBILITY,Synthetic engineering or feasibility issue requiring monitoring review.,IN_PROGRESS,LOW
ISS-00220-10-01,PAI-00220,2024-10-31,LEGAL_OR_SOCIAL,Synthetic legal or social issue requiring monitoring review.,RESOLVED,MEDIUM
ISS-00220-12-01,PAI-00220,2024-12-31,LEGAL_OR_SOCIAL,Synthetic legal or social issue requiring monitoring review.,IN_PROGRESS,LOW
ISS-00220-13-01,PAI-00220,2025-01-31,LEGAL_OR_SOCIAL,Synthetic legal or social issue requiring monitoring review.,OPEN,MEDIUM
ISS-00220-14-01,PAI-00220,2025-02-28,FUNDING,Synthetic funding issue requiring monitoring review.,IN_PROGRESS,LOW
ISS-00220-14-02,PAI-00220,2025-02-28,FUNDING,Synthetic funding issue requiring monitoring review.,RESOLVED,MEDIUM
ISS-00220-20-01,PAI-00220,2025-08-31,PROCUREMENT_OR_CONTRACT,Synthetic procurement or contract issue requiring monitoring review.,IN_PROGRESS,MEDIUM
ISS-00220-20-02,PAI-00220,2025-08-31,LAND_ACQUISITION,Synthetic land acquisition issue requiring monitoring review.,RESOLVED,MEDIUM
ISS-00220-21-01,PAI-00220,2025-09-30,FUNDING,Synthetic funding issue requiring monitoring review.,RESOLVED,MEDIUM
ISS-00220-21-02,PAI-00220,2025-09-30,SCOPE_OR_POLICY,Synthetic scope or policy issue requiring monitoring review.,OPEN,LOW
ISS-00220-22-01,PAI-00220,2025-10-31,SCOPE_OR_POLICY,Synthetic scope or policy issue requiring monitoring review.,RESOLVED,MEDIUM
ISS-00220-22-02,PAI-00220,2025-10-31,FUNDING,Synthetic funding issue requiring monitoring review.,OPEN,MEDIUM
ISS-00220-24-01,PAI-00220,2025-12-31,SCOPE_OR_POLICY,Synthetic scope or policy issue requiring monitoring review.,OPEN,HIGH
ISS-00221-05-01,PAI-00221,2024-05-31,SCOPE_OR_POLICY,Synthetic scope or policy issue requiring monitoring review.,OPEN,MEDIUM
ISS-00221-05-02,PAI-00221,2024-05-31,LAND_ACQUISITION,Synthetic land acquisition issue requiring monitoring review.,IN_PROGRESS,HIGH
ISS-00221-14-01,PAI-00221,2025-02-28,SCOPE_OR_POLICY,Synthetic scope or policy issue requiring monitoring review.,OPEN,LOW
ISS-00221-16-01,PAI-00221,2025-04-30,SCOPE_OR_POLICY,Synthetic scope or policy issue requiring monitoring review.,RESOLVED,MEDIUM
ISS-00221-20-01,PAI-00221,2025-08-31,PROCUREMENT_OR_CONTRACT,Synthetic procurement or contract issue requiring monitoring review.,OPEN,LOW
ISS-00221-24-01,PAI-00221,2025-12-31,BUDGET_OR_APPROVAL,Synthetic budget or approval issue requiring monitoring review.,OPEN,MEDIUM
ISS-00222-03-01,PAI-00222,2024-03-31,LAND_ACQUISITION,Synthetic land acquisition issue requiring monitoring review.,OPEN,HIGH
ISS-00222-05-01,PAI-00222,2024-05-31,SCOPE_OR_POLICY,Synthetic scope or policy issue requiring monitoring review.,OPEN,MEDIUM
ISS-00222-12-01,PAI-00222,2024-12-31,SCOPE_OR_POLICY,Synthetic scope or policy issue requiring monitoring review.,IN_PROGRESS,MEDIUM
ISS-00222-12-02,PAI-00222,2024-12-31,LAND_ACQUISITION,Synthetic land acquisition issue requiring monitoring review.,RESOLVED,MEDIUM
ISS-00222-13-01,PAI-00222,2025-01-31,SCOPE_OR_POLICY,Synthetic scope or policy issue requiring monitoring review.,OPEN,MEDIUM
ISS-00222-16-01,PAI-00222,2025-04-30,LAND_ACQUISITION,Synthetic land acquisition issue requiring monitoring review.,IN_PROGRESS,MEDIUM
ISS-00222-17-01,PAI-00222,2025-05-31,LEGAL_OR_SOCIAL,Synthetic legal or social issue requiring monitoring review.,OPEN,MEDIUM
ISS-00222-19-01,PAI-00222,2025-07-31,CLEARANCE,Synthetic clearance issue requiring monitoring review.,IN_PROGRESS,HIGH
ISS-00222-20-01,PAI-00222,2025-08-31,PROCUREMENT_OR_CONTRACT,Synthetic procurement or contract issue requiring monitoring review.,OPEN,HIGH
ISS-00222-22-01,PAI-00222,2025-10-31,PROCUREMENT_OR_CONTRACT,Synthetic procurement or contract issue requiring monitoring review.,IN_PROGRESS,HIGH
ISS-00222-24-01,PAI-00222,2025-12-31,CLEARANCE,Synthetic clearance issue requiring monitoring review.,RESOLVED,LOW
ISS-00223-08-01,PAI-00223,2024-08-31,ENGINEERING_OR_FEASIBILITY,Synthetic engineering or feasibility issue requiring monitoring review.,RESOLVED,MEDIUM
ISS-00223-09-01,PAI-00223,2024-09-30,PROCUREMENT_OR_CONTRACT,Synthetic procurement or contract issue requiring monitoring review.,OPEN,MEDIUM
ISS-00223-09-02,PAI-00223,2024-09-30,FUNDING,Synthetic funding issue requiring monitoring review.,RESOLVED,MEDIUM
ISS-00223-09-03,PAI-00223,2024-09-30,BUDGET_OR_APPROVAL,Synthetic budget or approval issue requiring monitoring review.,IN_PROGRESS,MEDIUM
ISS-00223-11-01,PAI-00223,2024-11-30,ENGINEERING_OR_FEASIBILITY,Synthetic engineering or feasibility issue requiring monitoring review.,IN_PROGRESS,MEDIUM
ISS-00223-12-01,PAI-00223,2024-12-31,PROCUREMENT_OR_CONTRACT,Synthetic procurement or contract issue requiring monitoring review.,OPEN,HIGH
ISS-00223-13-01,PAI-00223,2025-01-31,ENGINEERING_OR_FEASIBILITY,Synthetic engineering or feasibility issue requiring monitoring review.,OPEN,MEDIUM
ISS-00223-18-01,PAI-00223,2025-06-30,PROCUREMENT_OR_CONTRACT,Synthetic procurement or contract issue requiring monitoring review.,IN_PROGRESS,MEDIUM
ISS-00223-19-01,PAI-00223,2025-07-31,BUDGET_OR_APPROVAL,Synthetic budget or approval issue requiring monitoring review.,IN_PROGRESS,HIGH
ISS-00223-21-01,PAI-00223,2025-09-30,LEGAL_OR_SOCIAL,Synthetic legal or social issue requiring monitoring review.,RESOLVED,HIGH
ISS-00223-21-02,PAI-00223,2025-09-30,ENGINEERING_OR_FEASIBILITY,Synthetic engineering or feasibility issue requiring monitoring review.,OPEN,MEDIUM
ISS-00223-21-03,PAI-00223,2025-09-30,LAND_ACQUISITION,Synthetic land acquisition issue requiring monitoring review.,OPEN,MEDIUM
ISS-00223-21-04,PAI-00223,2025-09-30,LAND_ACQUISITION,Synthetic land acquisition issue requiring monitoring review.,OPEN,MEDIUM
ISS-00223-23-01,PAI-00223,2025-11-30,LAND_ACQUISITION,Synthetic land acquisition issue requiring monitoring review.,IN_PROGRESS,LOW
ISS-00223-24-01,PAI-00223,2025-12-31,PROCUREMENT_OR_CONTRACT,Synthetic procurement or contract issue requiring monitoring review.,OPEN,HIGH
ISS-00224-03-01,PAI-00224,2024-03-31,LAND_ACQUISITION,Synthetic land acquisition issue requiring monitoring review.,IN_PROGRESS,HIGH
ISS-00224-03-02,PAI-00224,2024-03-31,LAND_ACQUISITION,Synthetic land acquisition issue requiring monitoring review.,OPEN,HIGH
ISS-00224-05-01,PAI-00224,2024-05-31,BUDGET_OR_APPROVAL,Synthetic budget or approval issue requiring monitoring review.,OPEN,MEDIUM
ISS-00224-06-01,PAI-00224,2024-06-30,CLEARANCE,Synthetic clearance issue requiring monitoring review.,OPEN,HIGH
ISS-00224-06-02,PAI-00224,2024-06-30,PROCUREMENT_OR_CONTRACT,Synthetic procurement or contract issue requiring monitoring review.,IN_PROGRESS,LOW
ISS-00224-11-01,PAI-00224,2024-11-30,PROCUREMENT_OR_CONTRACT,Synthetic procurement or contract issue requiring monitoring review.,OPEN,HIGH
ISS-00224-12-01,PAI-00224,2024-12-31,SCOPE_OR_POLICY,Synthetic scope or policy issue requiring monitoring review.,OPEN,MEDIUM
ISS-00224-13-01,PAI-00224,2025-01-31,CLEARANCE,Synthetic clearance issue requiring monitoring review.,RESOLVED,HIGH
ISS-00224-14-01,PAI-00224,2025-02-28,LEGAL_OR_SOCIAL,Synthetic legal or social issue requiring monitoring review.,OPEN,MEDIUM
ISS-00224-15-01,PAI-00224,2025-03-31,FUNDING,Synthetic funding issue requiring monitoring review.,IN_PROGRESS,HIGH
ISS-00224-16-01,PAI-00224,2025-04-30,PROCUREMENT_OR_CONTRACT,Synthetic procurement or contract issue requiring monitoring review.,RESOLVED,MEDIUM
ISS-00224-16-02,PAI-00224,2025-04-30,LEGAL_OR_SOCIAL,Synthetic legal or social issue requiring monitoring review.,OPEN,MEDIUM
ISS-00224-17-01,PAI-00224,2025-05-31,BUDGET_OR_APPROVAL,Synthetic budget or approval issue requiring monitoring review.,OPEN,MEDIUM
ISS-00224-17-02,PAI-00224,2025-05-31,FUNDING,Synthetic funding issue requiring monitoring review.,IN_PROGRESS,LOW
ISS-00224-20-01,PAI-00224,2025-08-31,LAND_ACQUISITION,Synthetic land acquisition issue requiring monitoring review.,OPEN,MEDIUM
ISS-00224-20-02,PAI-00224,2025-08-31,ENGINEERING_OR_FEASIBILITY,Synthetic engineering or feasibility issue requiring monitoring review.,OPEN,LOW
ISS-00224-20-03,PAI-00224,2025-08-31,LEGAL_OR_SOCIAL,Synthetic legal or social issue requiring monitoring review.,IN_PROGRESS,HIGH
ISS-00224-23-01,PAI-00224,2025-11-30,FUNDING,Synthetic funding issue requiring monitoring review.,OPEN,LOW
ISS-00224-23-02,PAI-00224,2025-11-30,FUNDING,Synthetic funding issue requiring monitoring review.,IN_PROGRESS,LOW
ISS-00224-24-01,PAI-00224,2025-12-31,ENGINEERING_OR_FEASIBILITY,Synthetic engineering or feasibility issue requiring monitoring review.,OPEN,MEDIUM
ISS-00224-24-02,PAI-00224,2025-12-31,SCOPE_OR_POLICY,Synthetic scope or policy issue requiring monitoring review.,OPEN,HIGH
ISS-00225-02-01,PAI-00225,2024-02-29,CLEARANCE,Synthetic clearance issue requiring monitoring review.,IN_PROGRESS,LOW
ISS-00225-14-01,PAI-00225,2025-02-28,LEGAL_OR_SOCIAL,Synthetic legal or social issue requiring monitoring review.,IN_PROGRESS,HIGH
ISS-00225-16-01,PAI-00225,2025-04-30,FUNDING,Synthetic funding issue requiring monitoring review.,IN_PROGRESS,HIGH
ISS-00225-17-01,PAI-00225,2025-05-31,LAND_ACQUISITION,Synthetic land acquisition issue requiring monitoring review.,IN_PROGRESS,MEDIUM
ISS-00225-21-01,PAI-00225,2025-09-30,BUDGET_OR_APPROVAL,Synthetic budget or approval issue requiring monitoring review.,OPEN,MEDIUM
ISS-00225-21-02,PAI-00225,2025-09-30,PROCUREMENT_OR_CONTRACT,Synthetic procurement or contract issue requiring monitoring review.,OPEN,LOW
ISS-00225-23-01,PAI-00225,2025-11-30,LAND_ACQUISITION,Synthetic land acquisition issue requiring monitoring review.,IN_PROGRESS,LOW
ISS-00226-04-01,PAI-00226,2024-04-30,PROCUREMENT_OR_CONTRACT,Synthetic procurement or contract issue requiring monitoring review.,OPEN,MEDIUM
ISS-00226-09-01,PAI-00226,2024-09-30,CLEARANCE,Synthetic clearance issue requiring monitoring review.,OPEN,MEDIUM
ISS-00226-12-01,PAI-00226,2024-12-31,CLEARANCE,Synthetic clearance issue requiring monitoring review.,OPEN,MEDIUM
ISS-00226-13-01,PAI-00226,2025-01-31,LEGAL_OR_SOCIAL,Synthetic legal or social issue requiring monitoring review.,IN_PROGRESS,LOW
ISS-00226-15-01,PAI-00226,2025-03-31,SCOPE_OR_POLICY,Synthetic scope or policy issue requiring monitoring review.,RESOLVED,MEDIUM
ISS-00226-18-01,PAI-00226,2025-06-30,BUDGET_OR_APPROVAL,Synthetic budget or approval issue requiring monitoring review.,OPEN,MEDIUM
ISS-00226-19-01,PAI-00226,2025-07-31,LAND_ACQUISITION,Synthetic land acquisition issue requiring monitoring review.,OPEN,HIGH
ISS-00226-20-01,PAI-00226,2025-08-31,LEGAL_OR_SOCIAL,Synthetic legal or social issue requiring monitoring review.,RESOLVED,MEDIUM
ISS-00226-20-02,PAI-00226,2025-08-31,CLEARANCE,Synthetic clearance issue requiring monitoring review.,OPEN,MEDIUM
ISS-00226-21-01,PAI-00226,2025-09-30,CLEARANCE,Synthetic clearance issue requiring monitoring review.,RESOLVED,HIGH
ISS-00226-24-01,PAI-00226,2025-12-31,LEGAL_OR_SOCIAL,Synthetic legal or social issue requiring monitoring review.,IN_PROGRESS,MEDIUM
ISS-00227-14-01,PAI-00227,2025-02-28,LEGAL_OR_SOCIAL,Synthetic legal or social issue requiring monitoring review.,OPEN,LOW
ISS-00227-16-01,PAI-00227,2025-04-30,ENGINEERING_OR_FEASIBILITY,Synthetic engineering or feasibility issue requiring monitoring review.,OPEN,LOW
ISS-00227-19-01,PAI-00227,2025-07-31,PROCUREMENT_OR_CONTRACT,Synthetic procurement or contract issue requiring monitoring review.,OPEN,LOW
ISS-00227-24-01,PAI-00227,2025-12-31,PROCUREMENT_OR_CONTRACT,Synthetic procurement or contract issue requiring monitoring review.,OPEN,HIGH
ISS-00228-07-01,PAI-00228,2024-07-31,SCOPE_OR_POLICY,Synthetic scope or policy issue requiring monitoring review.,IN_PROGRESS,MEDIUM
ISS-00228-15-01,PAI-00228,2025-03-31,CLEARANCE,Synthetic clearance issue requiring monitoring review.,OPEN,LOW
ISS-00228-18-01,PAI-00228,2025-06-30,CLEARANCE,Synthetic clearance issue requiring monitoring review.,OPEN,LOW
ISS-00228-18-02,PAI-00228,2025-06-30,PROCUREMENT_OR_CONTRACT,Synthetic procurement or contract issue requiring monitoring review.,OPEN,LOW
ISS-00228-19-01,PAI-00228,2025-07-31,SCOPE_OR_POLICY,Synthetic scope or policy issue requiring monitoring review.,OPEN,MEDIUM
ISS-00228-19-02,PAI-00228,2025-07-31,LAND_ACQUISITION,Synthetic land acquisition issue requiring monitoring review.,RESOLVED,HIGH
ISS-00228-23-01,PAI-00228,2025-11-30,CLEARANCE,Synthetic clearance issue requiring monitoring review.,OPEN,LOW
ISS-00228-24-01,PAI-00228,2025-12-31,FUNDING,Synthetic funding issue requiring monitoring review.,RESOLVED,MEDIUM
ISS-00229-05-01,PAI-00229,2024-05-31,ENGINEERING_OR_FEASIBILITY,Synthetic engineering or feasibility issue requiring monitoring review.,IN_PROGRESS,MEDIUM
ISS-00229-19-01,PAI-00229,2025-07-31,BUDGET_OR_APPROVAL,Synthetic budget or approval issue requiring monitoring review.,IN_PROGRESS,MEDIUM
ISS-00229-20-01,PAI-00229,2025-08-31,ENGINEERING_OR_FEASIBILITY,Synthetic engineering or feasibility issue requiring monitoring review.,OPEN,LOW
ISS-00229-21-01,PAI-00229,2025-09-30,CLEARANCE,Synthetic clearance issue requiring monitoring review.,IN_PROGRESS,HIGH
ISS-00229-22-01,PAI-00229,2025-10-31,PROCUREMENT_OR_CONTRACT,Synthetic procurement or contract issue requiring monitoring review.,OPEN,LOW
ISS-00229-23-01,PAI-00229,2025-11-30,SCOPE_OR_POLICY,Synthetic scope or policy issue requiring monitoring review.,IN_PROGRESS,LOW
ISS-00230-02-01,PAI-00230,2024-02-29,ENGINEERING_OR_FEASIBILITY,Synthetic engineering or feasibility issue requiring monitoring review.,RESOLVED,MEDIUM
ISS-00230-08-01,PAI-00230,2024-08-31,LEGAL_OR_SOCIAL,Synthetic legal or social issue requiring monitoring review.,IN_PROGRESS,LOW
ISS-00230-13-01,PAI-00230,2025-01-31,LAND_ACQUISITION,Synthetic land acquisition issue requiring monitoring review.,IN_PROGRESS,LOW
ISS-00230-15-01,PAI-00230,2025-03-31,CLEARANCE,Synthetic clearance issue requiring monitoring review.,OPEN,MEDIUM
ISS-00230-19-01,PAI-00230,2025-07-31,SCOPE_OR_POLICY,Synthetic scope or policy issue requiring monitoring review.,OPEN,LOW
ISS-00230-23-01,PAI-00230,2025-11-30,LEGAL_OR_SOCIAL,Synthetic legal or social issue requiring monitoring review.,IN_PROGRESS,MEDIUM
ISS-00231-04-01,PAI-00231,2024-04-30,ENGINEERING_OR_FEASIBILITY,Synthetic engineering or feasibility issue requiring monitoring review.,OPEN,HIGH
ISS-00231-05-01,PAI-00231,2024-05-31,FUNDING,Synthetic funding issue requiring monitoring review.,IN_PROGRESS,MEDIUM
ISS-00231-06-01,PAI-00231,2024-06-30,LAND_ACQUISITION,Synthetic land acquisition issue requiring monitoring review.,OPEN,MEDIUM
ISS-00231-08-01,PAI-00231,2024-08-31,PROCUREMENT_OR_CONTRACT,Synthetic procurement or contract issue requiring monitoring review.,IN_PROGRESS,MEDIUM
ISS-00231-08-02,PAI-00231,2024-08-31,LEGAL_OR_SOCIAL,Synthetic legal or social issue requiring monitoring review.,IN_PROGRESS,HIGH
ISS-00231-10-01,PAI-00231,2024-10-31,SCOPE_OR_POLICY,Synthetic scope or policy issue requiring monitoring review.,OPEN,HIGH
ISS-00231-12-01,PAI-00231,2024-12-31,ENGINEERING_OR_FEASIBILITY,Synthetic engineering or feasibility issue requiring monitoring review.,IN_PROGRESS,MEDIUM
ISS-00231-12-02,PAI-00231,2024-12-31,PROCUREMENT_OR_CONTRACT,Synthetic procurement or contract issue requiring monitoring review.,RESOLVED,MEDIUM
ISS-00231-13-01,PAI-00231,2025-01-31,LAND_ACQUISITION,Synthetic land acquisition issue requiring monitoring review.,IN_PROGRESS,MEDIUM
ISS-00231-14-01,PAI-00231,2025-02-28,ENGINEERING_OR_FEASIBILITY,Synthetic engineering or feasibility issue requiring monitoring review.,OPEN,MEDIUM
ISS-00231-16-01,PAI-00231,2025-04-30,SCOPE_OR_POLICY,Synthetic scope or policy issue requiring monitoring review.,RESOLVED,MEDIUM
ISS-00231-16-02,PAI-00231,2025-04-30,CLEARANCE,Synthetic clearance issue requiring monitoring review.,OPEN,MEDIUM
ISS-00231-16-03,PAI-00231,2025-04-30,PROCUREMENT_OR_CONTRACT,Synthetic procurement or contract issue requiring monitoring review.,IN_PROGRESS,LOW
ISS-00231-18-01,PAI-00231,2025-06-30,LEGAL_OR_SOCIAL,Synthetic legal or social issue requiring monitoring review.,OPEN,MEDIUM
ISS-00231-19-01,PAI-00231,2025-07-31,ENGINEERING_OR_FEASIBILITY,Synthetic engineering or feasibility issue requiring monitoring review.,IN_PROGRESS,LOW
ISS-00231-19-02,PAI-00231,2025-07-31,ENGINEERING_OR_FEASIBILITY,Synthetic engineering or feasibility issue requiring monitoring review.,IN_PROGRESS,LOW
ISS-00231-19-03,PAI-00231,2025-07-31,LAND_ACQUISITION,Synthetic land acquisition issue requiring monitoring review.,IN_PROGRESS,HIGH
ISS-00231-20-01,PAI-00231,2025-08-31,PROCUREMENT_OR_CONTRACT,Synthetic procurement or contract issue requiring monitoring review.,RESOLVED,MEDIUM
ISS-00231-20-02,PAI-00231,2025-08-31,PROCUREMENT_OR_CONTRACT,Synthetic procurement or contract issue requiring monitoring review.,IN_PROGRESS,LOW
ISS-00231-22-01,PAI-00231,2025-10-31,SCOPE_OR_POLICY,Synthetic scope or policy issue requiring monitoring review.,OPEN,MEDIUM
ISS-00231-23-01,PAI-00231,2025-11-30,ENGINEERING_OR_FEASIBILITY,Synthetic engineering or feasibility issue requiring monitoring review.,RESOLVED,MEDIUM
ISS-00232-02-01,PAI-00232,2024-02-29,BUDGET_OR_APPROVAL,Synthetic budget or approval issue requiring monitoring review.,RESOLVED,LOW
ISS-00232-02-02,PAI-00232,2024-02-29,PROCUREMENT_OR_CONTRACT,Synthetic procurement or contract issue requiring monitoring review.,RESOLVED,LOW
ISS-00232-02-03,PAI-00232,2024-02-29,LAND_ACQUISITION,Synthetic land acquisition issue requiring monitoring review.,RESOLVED,LOW
ISS-00232-06-01,PAI-00232,2024-06-30,LAND_ACQUISITION,Synthetic land acquisition issue requiring monitoring review.,OPEN,LOW
ISS-00232-11-01,PAI-00232,2024-11-30,FUNDING,Synthetic funding issue requiring monitoring review.,OPEN,LOW
ISS-00232-16-01,PAI-00232,2025-04-30,CLEARANCE,Synthetic clearance issue requiring monitoring review.,OPEN,HIGH
ISS-00232-16-02,PAI-00232,2025-04-30,LAND_ACQUISITION,Synthetic land acquisition issue requiring monitoring review.,OPEN,HIGH
ISS-00232-18-01,PAI-00232,2025-06-30,PROCUREMENT_OR_CONTRACT,Synthetic procurement or contract issue requiring monitoring review.,RESOLVED,HIGH
ISS-00232-18-02,PAI-00232,2025-06-30,FUNDING,Synthetic funding issue requiring monitoring review.,RESOLVED,LOW
ISS-00232-18-03,PAI-00232,2025-06-30,FUNDING,Synthetic funding issue requiring monitoring review.,OPEN,MEDIUM
ISS-00232-22-01,PAI-00232,2025-10-31,BUDGET_OR_APPROVAL,Synthetic budget or approval issue requiring monitoring review.,IN_PROGRESS,HIGH
ISS-00232-22-02,PAI-00232,2025-10-31,CLEARANCE,Synthetic clearance issue requiring monitoring review.,RESOLVED,MEDIUM
ISS-00232-24-01,PAI-00232,2025-12-31,PROCUREMENT_OR_CONTRACT,Synthetic procurement or contract issue requiring monitoring review.,IN_PROGRESS,MEDIUM
ISS-00233-01-01,PAI-00233,2024-01-31,LEGAL_OR_SOCIAL,Synthetic legal or social issue requiring monitoring review.,RESOLVED,MEDIUM
ISS-00233-03-01,PAI-00233,2024-03-31,CLEARANCE,Synthetic clearance issue requiring monitoring review.,IN_PROGRESS,HIGH
ISS-00233-04-01,PAI-00233,2024-04-30,FUNDING,Synthetic funding issue requiring monitoring review.,OPEN,HIGH
ISS-00233-04-02,PAI-00233,2024-04-30,LAND_ACQUISITION,Synthetic land acquisition issue requiring monitoring review.,OPEN,LOW
ISS-00233-05-01,PAI-00233,2024-05-31,SCOPE_OR_POLICY,Synthetic scope or policy issue requiring monitoring review.,OPEN,LOW
ISS-00233-07-01,PAI-00233,2024-07-31,SCOPE_OR_POLICY,Synthetic scope or policy issue requiring monitoring review.,OPEN,HIGH
ISS-00233-15-01,PAI-00233,2025-03-31,ENGINEERING_OR_FEASIBILITY,Synthetic engineering or feasibility issue requiring monitoring review.,RESOLVED,LOW
ISS-00233-16-01,PAI-00233,2025-04-30,LEGAL_OR_SOCIAL,Synthetic legal or social issue requiring monitoring review.,RESOLVED,MEDIUM
ISS-00233-17-01,PAI-00233,2025-05-31,ENGINEERING_OR_FEASIBILITY,Synthetic engineering or feasibility issue requiring monitoring review.,OPEN,MEDIUM
ISS-00233-19-01,PAI-00233,2025-07-31,CLEARANCE,Synthetic clearance issue requiring monitoring review.,IN_PROGRESS,MEDIUM
ISS-00233-20-01,PAI-00233,2025-08-31,BUDGET_OR_APPROVAL,Synthetic budget or approval issue requiring monitoring review.,RESOLVED,HIGH
ISS-00233-20-02,PAI-00233,2025-08-31,FUNDING,Synthetic funding issue requiring monitoring review.,RESOLVED,LOW
ISS-00233-21-01,PAI-00233,2025-09-30,CLEARANCE,Synthetic clearance issue requiring monitoring review.,OPEN,LOW
ISS-00233-23-01,PAI-00233,2025-11-30,BUDGET_OR_APPROVAL,Synthetic budget or approval issue requiring monitoring review.,IN_PROGRESS,MEDIUM
ISS-00233-24-01,PAI-00233,2025-12-31,PROCUREMENT_OR_CONTRACT,Synthetic procurement or contract issue requiring monitoring review.,RESOLVED,MEDIUM
ISS-00234-06-01,PAI-00234,2024-06-30,BUDGET_OR_APPROVAL,Synthetic budget or approval issue requiring monitoring review.,OPEN,HIGH
ISS-00234-07-01,PAI-00234,2024-07-31,FUNDING,Synthetic funding issue requiring monitoring review.,RESOLVED,HIGH
ISS-00234-10-01,PAI-00234,2024-10-31,CLEARANCE,Synthetic clearance issue requiring monitoring review.,OPEN,HIGH
ISS-00234-10-02,PAI-00234,2024-10-31,LEGAL_OR_SOCIAL,Synthetic legal or social issue requiring monitoring review.,IN_PROGRESS,MEDIUM
ISS-00234-14-01,PAI-00234,2025-02-28,CLEARANCE,Synthetic clearance issue requiring monitoring review.,OPEN,MEDIUM
ISS-00234-15-01,PAI-00234,2025-03-31,BUDGET_OR_APPROVAL,Synthetic budget or approval issue requiring monitoring review.,IN_PROGRESS,LOW
ISS-00234-15-02,PAI-00234,2025-03-31,ENGINEERING_OR_FEASIBILITY,Synthetic engineering or feasibility issue requiring monitoring review.,RESOLVED,LOW
ISS-00234-21-01,PAI-00234,2025-09-30,PROCUREMENT_OR_CONTRACT,Synthetic procurement or contract issue requiring monitoring review.,RESOLVED,MEDIUM
ISS-00234-22-01,PAI-00234,2025-10-31,SCOPE_OR_POLICY,Synthetic scope or policy issue requiring monitoring review.,RESOLVED,MEDIUM
ISS-00234-22-02,PAI-00234,2025-10-31,LAND_ACQUISITION,Synthetic land acquisition issue requiring monitoring review.,OPEN,MEDIUM
ISS-00234-23-01,PAI-00234,2025-11-30,PROCUREMENT_OR_CONTRACT,Synthetic procurement or contract issue requiring monitoring review.,OPEN,MEDIUM
ISS-00234-24-01,PAI-00234,2025-12-31,LEGAL_OR_SOCIAL,Synthetic legal or social issue requiring monitoring review.,IN_PROGRESS,MEDIUM
ISS-00235-01-01,PAI-00235,2024-01-31,BUDGET_OR_APPROVAL,Synthetic budget or approval issue requiring monitoring review.,OPEN,LOW
ISS-00235-04-01,PAI-00235,2024-04-30,ENGINEERING_OR_FEASIBILITY,Synthetic engineering or feasibility issue requiring monitoring review.,OPEN,HIGH
ISS-00235-07-01,PAI-00235,2024-07-31,PROCUREMENT_OR_CONTRACT,Synthetic procurement or contract issue requiring monitoring review.,OPEN,LOW
ISS-00235-19-01,PAI-00235,2025-07-31,LEGAL_OR_SOCIAL,Synthetic legal or social issue requiring monitoring review.,IN_PROGRESS,LOW
ISS-00236-02-01,PAI-00236,2024-02-29,PROCUREMENT_OR_CONTRACT,Synthetic procurement or contract issue requiring monitoring review.,RESOLVED,MEDIUM
ISS-00236-11-01,PAI-00236,2024-11-30,BUDGET_OR_APPROVAL,Synthetic budget or approval issue requiring monitoring review.,OPEN,LOW
ISS-00236-15-01,PAI-00236,2025-03-31,CLEARANCE,Synthetic clearance issue requiring monitoring review.,IN_PROGRESS,MEDIUM
ISS-00236-18-01,PAI-00236,2025-06-30,PROCUREMENT_OR_CONTRACT,Synthetic procurement or contract issue requiring monitoring review.,OPEN,HIGH
ISS-00236-19-01,PAI-00236,2025-07-31,SCOPE_OR_POLICY,Synthetic scope or policy issue requiring monitoring review.,OPEN,HIGH
ISS-00237-16-01,PAI-00237,2025-04-30,PROCUREMENT_OR_CONTRACT,Synthetic procurement or contract issue requiring monitoring review.,IN_PROGRESS,LOW
ISS-00237-22-01,PAI-00237,2025-10-31,LEGAL_OR_SOCIAL,Synthetic legal or social issue requiring monitoring review.,RESOLVED,LOW
ISS-00237-22-02,PAI-00237,2025-10-31,PROCUREMENT_OR_CONTRACT,Synthetic procurement or contract issue requiring monitoring review.,IN_PROGRESS,LOW
ISS-00238-02-01,PAI-00238,2024-02-29,BUDGET_OR_APPROVAL,Synthetic budget or approval issue requiring monitoring review.,OPEN,LOW
ISS-00238-05-01,PAI-00238,2024-05-31,CLEARANCE,Synthetic clearance issue requiring monitoring review.,OPEN,LOW
ISS-00238-21-01,PAI-00238,2025-09-30,PROCUREMENT_OR_CONTRACT,Synthetic procurement or contract issue requiring monitoring review.,OPEN,LOW
ISS-00238-21-02,PAI-00238,2025-09-30,FUNDING,Synthetic funding issue requiring monitoring review.,IN_PROGRESS,LOW
ISS-00238-22-01,PAI-00238,2025-10-31,BUDGET_OR_APPROVAL,Synthetic budget or approval issue requiring monitoring review.,RESOLVED,LOW
ISS-00238-24-01,PAI-00238,2025-12-31,LAND_ACQUISITION,Synthetic land acquisition issue requiring monitoring review.,IN_PROGRESS,MEDIUM
ISS-00239-04-01,PAI-00239,2024-04-30,LEGAL_OR_SOCIAL,Synthetic legal or social issue requiring monitoring review.,OPEN,HIGH
ISS-00239-09-01,PAI-00239,2024-09-30,ENGINEERING_OR_FEASIBILITY,Synthetic engineering or feasibility issue requiring monitoring review.,RESOLVED,MEDIUM
ISS-00239-10-01,PAI-00239,2024-10-31,CLEARANCE,Synthetic clearance issue requiring monitoring review.,IN_PROGRESS,HIGH
ISS-00239-14-01,PAI-00239,2025-02-28,PROCUREMENT_OR_CONTRACT,Synthetic procurement or contract issue requiring monitoring review.,OPEN,LOW
ISS-00239-16-01,PAI-00239,2025-04-30,LAND_ACQUISITION,Synthetic land acquisition issue requiring monitoring review.,IN_PROGRESS,HIGH
ISS-00239-17-01,PAI-00239,2025-05-31,BUDGET_OR_APPROVAL,Synthetic budget or approval issue requiring monitoring review.,OPEN,LOW
ISS-00239-17-02,PAI-00239,2025-05-31,CLEARANCE,Synthetic clearance issue requiring monitoring review.,IN_PROGRESS,HIGH
ISS-00239-18-01,PAI-00239,2025-06-30,BUDGET_OR_APPROVAL,Synthetic budget or approval issue requiring monitoring review.,RESOLVED,LOW
ISS-00239-18-02,PAI-00239,2025-06-30,LAND_ACQUISITION,Synthetic land acquisition issue requiring monitoring review.,OPEN,HIGH
ISS-00239-18-03,PAI-00239,2025-06-30,ENGINEERING_OR_FEASIBILITY,Synthetic engineering or feasibility issue requiring monitoring review.,IN_PROGRESS,HIGH
ISS-00239-20-01,PAI-00239,2025-08-31,FUNDING,Synthetic funding issue requiring monitoring review.,OPEN,HIGH
ISS-00239-24-01,PAI-00239,2025-12-31,BUDGET_OR_APPROVAL,Synthetic budget or approval issue requiring monitoring review.,RESOLVED,MEDIUM
ISS-00240-06-01,PAI-00240,2024-06-30,FUNDING,Synthetic funding issue requiring monitoring review.,RESOLVED,MEDIUM
ISS-00240-07-01,PAI-00240,2024-07-31,LAND_ACQUISITION,Synthetic land acquisition issue requiring monitoring review.,OPEN,HIGH
ISS-00240-08-01,PAI-00240,2024-08-31,LAND_ACQUISITION,Synthetic land acquisition issue requiring monitoring review.,OPEN,MEDIUM
ISS-00240-10-01,PAI-00240,2024-10-31,LEGAL_OR_SOCIAL,Synthetic legal or social issue requiring monitoring review.,IN_PROGRESS,MEDIUM
ISS-00240-14-01,PAI-00240,2025-02-28,LAND_ACQUISITION,Synthetic land acquisition issue requiring monitoring review.,OPEN,LOW
ISS-00240-15-01,PAI-00240,2025-03-31,LEGAL_OR_SOCIAL,Synthetic legal or social issue requiring monitoring review.,OPEN,HIGH
ISS-00240-15-02,PAI-00240,2025-03-31,PROCUREMENT_OR_CONTRACT,Synthetic procurement or contract issue requiring monitoring review.,OPEN,MEDIUM
ISS-00240-15-03,PAI-00240,2025-03-31,LEGAL_OR_SOCIAL,Synthetic legal or social issue requiring monitoring review.,OPEN,MEDIUM
ISS-00240-17-01,PAI-00240,2025-05-31,LEGAL_OR_SOCIAL,Synthetic legal or social issue requiring monitoring review.,IN_PROGRESS,HIGH
ISS-00240-17-02,PAI-00240,2025-05-31,PROCUREMENT_OR_CONTRACT,Synthetic procurement or contract issue requiring monitoring review.,OPEN,LOW
ISS-00240-18-01,PAI-00240,2025-06-30,LEGAL_OR_SOCIAL,Synthetic legal or social issue requiring monitoring review.,OPEN,MEDIUM
ISS-00240-20-01,PAI-00240,2025-08-31,SCOPE_OR_POLICY,Synthetic scope or policy issue requiring monitoring review.,OPEN,HIGH
ISS-00240-21-01,PAI-00240,2025-09-30,BUDGET_OR_APPROVAL,Synthetic budget or approval issue requiring monitoring review.,OPEN,LOW
ISS-00240-23-01,PAI-00240,2025-11-30,FUNDING,Synthetic funding issue requiring monitoring review.,RESOLVED,LOW
ISS-00241-19-01,PAI-00241,2025-07-31,SCOPE_OR_POLICY,Synthetic scope or policy issue requiring monitoring review.,OPEN,LOW
ISS-00242-09-01,PAI-00242,2024-09-30,PROCUREMENT_OR_CONTRACT,Synthetic procurement or contract issue requiring monitoring review.,RESOLVED,LOW
ISS-00242-11-01,PAI-00242,2024-11-30,LAND_ACQUISITION,Synthetic land acquisition issue requiring monitoring review.,RESOLVED,MEDIUM
ISS-00242-11-02,PAI-00242,2024-11-30,PROCUREMENT_OR_CONTRACT,Synthetic procurement or contract issue requiring monitoring review.,RESOLVED,MEDIUM
ISS-00242-23-01,PAI-00242,2025-11-30,LEGAL_OR_SOCIAL,Synthetic legal or social issue requiring monitoring review.,RESOLVED,LOW
ISS-00243-04-01,PAI-00243,2024-04-30,BUDGET_OR_APPROVAL,Synthetic budget or approval issue requiring monitoring review.,OPEN,MEDIUM
ISS-00243-07-01,PAI-00243,2024-07-31,PROCUREMENT_OR_CONTRACT,Synthetic procurement or contract issue requiring monitoring review.,OPEN,MEDIUM
ISS-00243-08-01,PAI-00243,2024-08-31,FUNDING,Synthetic funding issue requiring monitoring review.,IN_PROGRESS,LOW
ISS-00243-13-01,PAI-00243,2025-01-31,CLEARANCE,Synthetic clearance issue requiring monitoring review.,OPEN,LOW
ISS-00243-19-01,PAI-00243,2025-07-31,FUNDING,Synthetic funding issue requiring monitoring review.,OPEN,LOW
ISS-00243-20-01,PAI-00243,2025-08-31,LAND_ACQUISITION,Synthetic land acquisition issue requiring monitoring review.,OPEN,MEDIUM
ISS-00245-03-01,PAI-00245,2024-03-31,CLEARANCE,Synthetic clearance issue requiring monitoring review.,RESOLVED,MEDIUM
ISS-00245-13-01,PAI-00245,2025-01-31,BUDGET_OR_APPROVAL,Synthetic budget or approval issue requiring monitoring review.,OPEN,LOW
ISS-00245-17-01,PAI-00245,2025-05-31,PROCUREMENT_OR_CONTRACT,Synthetic procurement or contract issue requiring monitoring review.,IN_PROGRESS,MEDIUM
ISS-00245-18-01,PAI-00245,2025-06-30,CLEARANCE,Synthetic clearance issue requiring monitoring review.,OPEN,MEDIUM
ISS-00245-18-02,PAI-00245,2025-06-30,LEGAL_OR_SOCIAL,Synthetic legal or social issue requiring monitoring review.,OPEN,MEDIUM
ISS-00245-22-01,PAI-00245,2025-10-31,FUNDING,Synthetic funding issue requiring monitoring review.,IN_PROGRESS,HIGH
ISS-00245-24-01,PAI-00245,2025-12-31,PROCUREMENT_OR_CONTRACT,Synthetic procurement or contract issue requiring monitoring review.,IN_PROGRESS,MEDIUM
ISS-00245-24-02,PAI-00245,2025-12-31,ENGINEERING_OR_FEASIBILITY,Synthetic engineering or feasibility issue requiring monitoring review.,OPEN,LOW
ISS-00246-10-01,PAI-00246,2024-10-31,CLEARANCE,Synthetic clearance issue requiring monitoring review.,RESOLVED,HIGH
ISS-00246-11-01,PAI-00246,2024-11-30,CLEARANCE,Synthetic clearance issue requiring monitoring review.,IN_PROGRESS,LOW
ISS-00246-14-01,PAI-00246,2025-02-28,LAND_ACQUISITION,Synthetic land acquisition issue requiring monitoring review.,OPEN,LOW
ISS-00246-15-01,PAI-00246,2025-03-31,ENGINEERING_OR_FEASIBILITY,Synthetic engineering or feasibility issue requiring monitoring review.,RESOLVED,HIGH
ISS-00246-18-01,PAI-00246,2025-06-30,LEGAL_OR_SOCIAL,Synthetic legal or social issue requiring monitoring review.,OPEN,MEDIUM
ISS-00246-20-01,PAI-00246,2025-08-31,SCOPE_OR_POLICY,Synthetic scope or policy issue requiring monitoring review.,RESOLVED,LOW
ISS-00246-24-01,PAI-00246,2025-12-31,CLEARANCE,Synthetic clearance issue requiring monitoring review.,IN_PROGRESS,MEDIUM
ISS-00247-03-01,PAI-00247,2024-03-31,CLEARANCE,Synthetic clearance issue requiring monitoring review.,OPEN,MEDIUM
ISS-00247-18-01,PAI-00247,2025-06-30,SCOPE_OR_POLICY,Synthetic scope or policy issue requiring monitoring review.,OPEN,MEDIUM
ISS-00247-20-01,PAI-00247,2025-08-31,FUNDING,Synthetic funding issue requiring monitoring review.,OPEN,LOW
ISS-00247-23-01,PAI-00247,2025-11-30,SCOPE_OR_POLICY,Synthetic scope or policy issue requiring monitoring review.,OPEN,MEDIUM
ISS-00248-11-01,PAI-00248,2024-11-30,PROCUREMENT_OR_CONTRACT,Synthetic procurement or contract issue requiring monitoring review.,IN_PROGRESS,LOW
ISS-00248-12-01,PAI-00248,2024-12-31,PROCUREMENT_OR_CONTRACT,Synthetic procurement or contract issue requiring monitoring review.,OPEN,LOW
ISS-00248-12-02,PAI-00248,2024-12-31,CLEARANCE,Synthetic clearance issue requiring monitoring review.,RESOLVED,LOW
ISS-00248-13-01,PAI-00248,2025-01-31,LAND_ACQUISITION,Synthetic land acquisition issue requiring monitoring review.,OPEN,LOW
ISS-00248-15-01,PAI-00248,2025-03-31,SCOPE_OR_POLICY,Synthetic scope or policy issue requiring monitoring review.,OPEN,LOW
ISS-00248-20-01,PAI-00248,2025-08-31,FUNDING,Synthetic funding issue requiring monitoring review.,IN_PROGRESS,MEDIUM
ISS-00248-22-01,PAI-00248,2025-10-31,SCOPE_OR_POLICY,Synthetic scope or policy issue requiring monitoring review.,IN_PROGRESS,LOW
ISS-00248-23-01,PAI-00248,2025-11-30,BUDGET_OR_APPROVAL,Synthetic budget or approval issue requiring monitoring review.,OPEN,MEDIUM
ISS-00248-24-01,PAI-00248,2025-12-31,SCOPE_OR_POLICY,Synthetic scope or policy issue requiring monitoring review.,RESOLVED,HIGH
ISS-00248-24-02,PAI-00248,2025-12-31,SCOPE_OR_POLICY,Synthetic scope or policy issue requiring monitoring review.,OPEN,MEDIUM
ISS-00249-06-01,PAI-00249,2024-06-30,ENGINEERING_OR_FEASIBILITY,Synthetic engineering or feasibility issue requiring monitoring review.,RESOLVED,LOW
ISS-00249-11-01,PAI-00249,2024-11-30,LAND_ACQUISITION,Synthetic land acquisition issue requiring monitoring review.,RESOLVED,LOW
ISS-00249-12-01,PAI-00249,2024-12-31,LEGAL_OR_SOCIAL,Synthetic legal or social issue requiring monitoring review.,OPEN,LOW
ISS-00249-16-01,PAI-00249,2025-04-30,CLEARANCE,Synthetic clearance issue requiring monitoring review.,OPEN,LOW
ISS-00249-16-02,PAI-00249,2025-04-30,BUDGET_OR_APPROVAL,Synthetic budget or approval issue requiring monitoring review.,OPEN,LOW
ISS-00249-20-01,PAI-00249,2025-08-31,SCOPE_OR_POLICY,Synthetic scope or policy issue requiring monitoring review.,OPEN,MEDIUM
ISS-00249-21-01,PAI-00249,2025-09-30,BUDGET_OR_APPROVAL,Synthetic budget or approval issue requiring monitoring review.,IN_PROGRESS,LOW
ISS-00249-21-02,PAI-00249,2025-09-30,LEGAL_OR_SOCIAL,Synthetic legal or social issue requiring monitoring review.,IN_PROGRESS,MEDIUM
ISS-00249-22-01,PAI-00249,2025-10-31,FUNDING,Synthetic funding issue requiring monitoring review.,RESOLVED,MEDIUM
ISS-00249-22-02,PAI-00249,2025-10-31,ENGINEERING_OR_FEASIBILITY,Synthetic engineering or feasibility issue requiring monitoring review.,IN_PROGRESS,HIGH
ISS-00249-23-01,PAI-00249,2025-11-30,LEGAL_OR_SOCIAL,Synthetic legal or social issue requiring monitoring review.,OPEN,LOW
ISS-00249-24-01,PAI-00249,2025-12-31,PROCUREMENT_OR_CONTRACT,Synthetic procurement or contract issue requiring monitoring review.,OPEN,MEDIUM
ISS-00250-12-01,PAI-00250,2024-12-31,FUNDING,Synthetic funding issue requiring monitoring review.,OPEN,HIGH
ISS-00250-19-01,PAI-00250,2025-07-31,LAND_ACQUISITION,Synthetic land acquisition issue requiring monitoring review.,IN_PROGRESS,LOW
ISS-00251-02-01,PAI-00251,2024-02-29,BUDGET_OR_APPROVAL,Synthetic budget or approval issue requiring monitoring review.,IN_PROGRESS,MEDIUM
ISS-00251-05-01,PAI-00251,2024-05-31,FUNDING,Synthetic funding issue requiring monitoring review.,IN_PROGRESS,LOW
ISS-00251-06-01,PAI-00251,2024-06-30,FUNDING,Synthetic funding issue requiring monitoring review.,RESOLVED,MEDIUM
ISS-00251-08-01,PAI-00251,2024-08-31,ENGINEERING_OR_FEASIBILITY,Synthetic engineering or feasibility issue requiring monitoring review.,RESOLVED,MEDIUM
ISS-00251-09-01,PAI-00251,2024-09-30,BUDGET_OR_APPROVAL,Synthetic budget or approval issue requiring monitoring review.,RESOLVED,MEDIUM
ISS-00251-09-02,PAI-00251,2024-09-30,LEGAL_OR_SOCIAL,Synthetic legal or social issue requiring monitoring review.,OPEN,MEDIUM
ISS-00251-10-01,PAI-00251,2024-10-31,PROCUREMENT_OR_CONTRACT,Synthetic procurement or contract issue requiring monitoring review.,OPEN,MEDIUM
ISS-00251-10-02,PAI-00251,2024-10-31,FUNDING,Synthetic funding issue requiring monitoring review.,OPEN,LOW
ISS-00251-10-03,PAI-00251,2024-10-31,LAND_ACQUISITION,Synthetic land acquisition issue requiring monitoring review.,OPEN,HIGH
ISS-00251-13-01,PAI-00251,2025-01-31,PROCUREMENT_OR_CONTRACT,Synthetic procurement or contract issue requiring monitoring review.,IN_PROGRESS,MEDIUM
ISS-00251-13-02,PAI-00251,2025-01-31,LAND_ACQUISITION,Synthetic land acquisition issue requiring monitoring review.,OPEN,HIGH
ISS-00251-14-01,PAI-00251,2025-02-28,LAND_ACQUISITION,Synthetic land acquisition issue requiring monitoring review.,IN_PROGRESS,MEDIUM
ISS-00251-18-01,PAI-00251,2025-06-30,LEGAL_OR_SOCIAL,Synthetic legal or social issue requiring monitoring review.,RESOLVED,HIGH
ISS-00252-02-01,PAI-00252,2024-02-29,PROCUREMENT_OR_CONTRACT,Synthetic procurement or contract issue requiring monitoring review.,IN_PROGRESS,MEDIUM
ISS-00252-05-01,PAI-00252,2024-05-31,FUNDING,Synthetic funding issue requiring monitoring review.,OPEN,HIGH
ISS-00252-06-01,PAI-00252,2024-06-30,PROCUREMENT_OR_CONTRACT,Synthetic procurement or contract issue requiring monitoring review.,OPEN,LOW
ISS-00252-06-02,PAI-00252,2024-06-30,LAND_ACQUISITION,Synthetic land acquisition issue requiring monitoring review.,IN_PROGRESS,MEDIUM
ISS-00252-06-03,PAI-00252,2024-06-30,CLEARANCE,Synthetic clearance issue requiring monitoring review.,OPEN,HIGH
ISS-00252-12-01,PAI-00252,2024-12-31,SCOPE_OR_POLICY,Synthetic scope or policy issue requiring monitoring review.,OPEN,MEDIUM
ISS-00252-15-01,PAI-00252,2025-03-31,CLEARANCE,Synthetic clearance issue requiring monitoring review.,OPEN,HIGH
ISS-00252-15-02,PAI-00252,2025-03-31,LAND_ACQUISITION,Synthetic land acquisition issue requiring monitoring review.,OPEN,MEDIUM
ISS-00252-16-01,PAI-00252,2025-04-30,PROCUREMENT_OR_CONTRACT,Synthetic procurement or contract issue requiring monitoring review.,IN_PROGRESS,MEDIUM
ISS-00252-18-01,PAI-00252,2025-06-30,CLEARANCE,Synthetic clearance issue requiring monitoring review.,IN_PROGRESS,MEDIUM
ISS-00252-19-01,PAI-00252,2025-07-31,CLEARANCE,Synthetic clearance issue requiring monitoring review.,RESOLVED,LOW
ISS-00252-21-01,PAI-00252,2025-09-30,LEGAL_OR_SOCIAL,Synthetic legal or social issue requiring monitoring review.,OPEN,MEDIUM
ISS-00252-23-01,PAI-00252,2025-11-30,ENGINEERING_OR_FEASIBILITY,Synthetic engineering or feasibility issue requiring monitoring review.,OPEN,MEDIUM
ISS-00253-05-01,PAI-00253,2024-05-31,FUNDING,Synthetic funding issue requiring monitoring review.,OPEN,MEDIUM
ISS-00253-06-01,PAI-00253,2024-06-30,LEGAL_OR_SOCIAL,Synthetic legal or social issue requiring monitoring review.,OPEN,MEDIUM
ISS-00253-08-01,PAI-00253,2024-08-31,LAND_ACQUISITION,Synthetic land acquisition issue requiring monitoring review.,RESOLVED,MEDIUM
ISS-00253-09-01,PAI-00253,2024-09-30,FUNDING,Synthetic funding issue requiring monitoring review.,IN_PROGRESS,MEDIUM
ISS-00253-09-02,PAI-00253,2024-09-30,BUDGET_OR_APPROVAL,Synthetic budget or approval issue requiring monitoring review.,OPEN,MEDIUM
ISS-00253-10-01,PAI-00253,2024-10-31,BUDGET_OR_APPROVAL,Synthetic budget or approval issue requiring monitoring review.,OPEN,HIGH
ISS-00253-13-01,PAI-00253,2025-01-31,ENGINEERING_OR_FEASIBILITY,Synthetic engineering or feasibility issue requiring monitoring review.,IN_PROGRESS,LOW
ISS-00253-16-01,PAI-00253,2025-04-30,ENGINEERING_OR_FEASIBILITY,Synthetic engineering or feasibility issue requiring monitoring review.,OPEN,LOW
ISS-00253-18-01,PAI-00253,2025-06-30,FUNDING,Synthetic funding issue requiring monitoring review.,RESOLVED,MEDIUM
ISS-00253-19-01,PAI-00253,2025-07-31,CLEARANCE,Synthetic clearance issue requiring monitoring review.,OPEN,MEDIUM
ISS-00253-19-02,PAI-00253,2025-07-31,ENGINEERING_OR_FEASIBILITY,Synthetic engineering or feasibility issue requiring monitoring review.,OPEN,LOW
ISS-00253-19-03,PAI-00253,2025-07-31,BUDGET_OR_APPROVAL,Synthetic budget or approval issue requiring monitoring review.,OPEN,HIGH
ISS-00253-20-01,PAI-00253,2025-08-31,FUNDING,Synthetic funding issue requiring monitoring review.,OPEN,MEDIUM
ISS-00253-20-02,PAI-00253,2025-08-31,CLEARANCE,Synthetic clearance issue requiring monitoring review.,OPEN,HIGH
ISS-00253-24-01,PAI-00253,2025-12-31,LAND_ACQUISITION,Synthetic land acquisition issue requiring monitoring review.,RESOLVED,HIGH
ISS-00254-03-01,PAI-00254,2024-03-31,CLEARANCE,Synthetic clearance issue requiring monitoring review.,IN_PROGRESS,MEDIUM
ISS-00254-11-01,PAI-00254,2024-11-30,LAND_ACQUISITION,Synthetic land acquisition issue requiring monitoring review.,OPEN,MEDIUM
ISS-00254-21-01,PAI-00254,2025-09-30,PROCUREMENT_OR_CONTRACT,Synthetic procurement or contract issue requiring monitoring review.,OPEN,LOW
ISS-00255-01-01,PAI-00255,2024-01-31,ENGINEERING_OR_FEASIBILITY,Synthetic engineering or feasibility issue requiring monitoring review.,RESOLVED,HIGH
ISS-00255-06-01,PAI-00255,2024-06-30,ENGINEERING_OR_FEASIBILITY,Synthetic engineering or feasibility issue requiring monitoring review.,RESOLVED,MEDIUM
ISS-00255-08-01,PAI-00255,2024-08-31,ENGINEERING_OR_FEASIBILITY,Synthetic engineering or feasibility issue requiring monitoring review.,IN_PROGRESS,LOW
ISS-00255-10-01,PAI-00255,2024-10-31,PROCUREMENT_OR_CONTRACT,Synthetic procurement or contract issue requiring monitoring review.,IN_PROGRESS,LOW
ISS-00255-14-01,PAI-00255,2025-02-28,LAND_ACQUISITION,Synthetic land acquisition issue requiring monitoring review.,IN_PROGRESS,HIGH
ISS-00255-15-01,PAI-00255,2025-03-31,FUNDING,Synthetic funding issue requiring monitoring review.,OPEN,MEDIUM
ISS-00255-15-02,PAI-00255,2025-03-31,BUDGET_OR_APPROVAL,Synthetic budget or approval issue requiring monitoring review.,OPEN,MEDIUM
ISS-00255-18-01,PAI-00255,2025-06-30,LAND_ACQUISITION,Synthetic land acquisition issue requiring monitoring review.,IN_PROGRESS,MEDIUM
ISS-00255-18-02,PAI-00255,2025-06-30,BUDGET_OR_APPROVAL,Synthetic budget or approval issue requiring monitoring review.,RESOLVED,MEDIUM
ISS-00255-18-03,PAI-00255,2025-06-30,ENGINEERING_OR_FEASIBILITY,Synthetic engineering or feasibility issue requiring monitoring review.,IN_PROGRESS,MEDIUM
ISS-00255-18-04,PAI-00255,2025-06-30,CLEARANCE,Synthetic clearance issue requiring monitoring review.,OPEN,MEDIUM
ISS-00255-20-01,PAI-00255,2025-08-31,LEGAL_OR_SOCIAL,Synthetic legal or social issue requiring monitoring review.,RESOLVED,HIGH
ISS-00255-22-01,PAI-00255,2025-10-31,LEGAL_OR_SOCIAL,Synthetic legal or social issue requiring monitoring review.,IN_PROGRESS,LOW
ISS-00255-22-02,PAI-00255,2025-10-31,ENGINEERING_OR_FEASIBILITY,Synthetic engineering or feasibility issue requiring monitoring review.,OPEN,MEDIUM
ISS-00255-22-03,PAI-00255,2025-10-31,SCOPE_OR_POLICY,Synthetic scope or policy issue requiring monitoring review.,OPEN,HIGH
ISS-00255-23-01,PAI-00255,2025-11-30,PROCUREMENT_OR_CONTRACT,Synthetic procurement or contract issue requiring monitoring review.,IN_PROGRESS,MEDIUM
ISS-00255-24-01,PAI-00255,2025-12-31,ENGINEERING_OR_FEASIBILITY,Synthetic engineering or feasibility issue requiring monitoring review.,IN_PROGRESS,HIGH
ISS-00256-05-01,PAI-00256,2024-05-31,SCOPE_OR_POLICY,Synthetic scope or policy issue requiring monitoring review.,OPEN,LOW
ISS-00256-06-01,PAI-00256,2024-06-30,PROCUREMENT_OR_CONTRACT,Synthetic procurement or contract issue requiring monitoring review.,OPEN,HIGH
ISS-00256-08-01,PAI-00256,2024-08-31,BUDGET_OR_APPROVAL,Synthetic budget or approval issue requiring monitoring review.,IN_PROGRESS,MEDIUM
ISS-00256-09-01,PAI-00256,2024-09-30,ENGINEERING_OR_FEASIBILITY,Synthetic engineering or feasibility issue requiring monitoring review.,IN_PROGRESS,LOW
ISS-00256-11-01,PAI-00256,2024-11-30,SCOPE_OR_POLICY,Synthetic scope or policy issue requiring monitoring review.,IN_PROGRESS,HIGH
ISS-00256-11-02,PAI-00256,2024-11-30,FUNDING,Synthetic funding issue requiring monitoring review.,OPEN,HIGH
ISS-00256-12-01,PAI-00256,2024-12-31,FUNDING,Synthetic funding issue requiring monitoring review.,IN_PROGRESS,MEDIUM
ISS-00256-14-01,PAI-00256,2025-02-28,LAND_ACQUISITION,Synthetic land acquisition issue requiring monitoring review.,IN_PROGRESS,LOW
ISS-00256-14-02,PAI-00256,2025-02-28,FUNDING,Synthetic funding issue requiring monitoring review.,RESOLVED,MEDIUM
ISS-00256-16-01,PAI-00256,2025-04-30,ENGINEERING_OR_FEASIBILITY,Synthetic engineering or feasibility issue requiring monitoring review.,RESOLVED,MEDIUM
ISS-00256-18-01,PAI-00256,2025-06-30,BUDGET_OR_APPROVAL,Synthetic budget or approval issue requiring monitoring review.,OPEN,MEDIUM
ISS-00256-18-02,PAI-00256,2025-06-30,BUDGET_OR_APPROVAL,Synthetic budget or approval issue requiring monitoring review.,IN_PROGRESS,HIGH
ISS-00256-23-01,PAI-00256,2025-11-30,LAND_ACQUISITION,Synthetic land acquisition issue requiring monitoring review.,OPEN,HIGH
ISS-00256-23-02,PAI-00256,2025-11-30,SCOPE_OR_POLICY,Synthetic scope or policy issue requiring monitoring review.,OPEN,MEDIUM
ISS-00257-05-01,PAI-00257,2024-05-31,BUDGET_OR_APPROVAL,Synthetic budget or approval issue requiring monitoring review.,IN_PROGRESS,HIGH
ISS-00257-07-01,PAI-00257,2024-07-31,SCOPE_OR_POLICY,Synthetic scope or policy issue requiring monitoring review.,RESOLVED,HIGH
ISS-00257-10-01,PAI-00257,2024-10-31,CLEARANCE,Synthetic clearance issue requiring monitoring review.,OPEN,MEDIUM
ISS-00257-10-02,PAI-00257,2024-10-31,BUDGET_OR_APPROVAL,Synthetic budget or approval issue requiring monitoring review.,OPEN,HIGH
ISS-00257-11-01,PAI-00257,2024-11-30,ENGINEERING_OR_FEASIBILITY,Synthetic engineering or feasibility issue requiring monitoring review.,OPEN,MEDIUM
ISS-00257-12-01,PAI-00257,2024-12-31,SCOPE_OR_POLICY,Synthetic scope or policy issue requiring monitoring review.,RESOLVED,HIGH
ISS-00257-13-01,PAI-00257,2025-01-31,SCOPE_OR_POLICY,Synthetic scope or policy issue requiring monitoring review.,IN_PROGRESS,MEDIUM
ISS-00257-13-02,PAI-00257,2025-01-31,FUNDING,Synthetic funding issue requiring monitoring review.,IN_PROGRESS,HIGH
ISS-00257-17-01,PAI-00257,2025-05-31,PROCUREMENT_OR_CONTRACT,Synthetic procurement or contract issue requiring monitoring review.,IN_PROGRESS,LOW
ISS-00257-18-01,PAI-00257,2025-06-30,LAND_ACQUISITION,Synthetic land acquisition issue requiring monitoring review.,RESOLVED,MEDIUM
ISS-00257-19-01,PAI-00257,2025-07-31,PROCUREMENT_OR_CONTRACT,Synthetic procurement or contract issue requiring monitoring review.,OPEN,HIGH
ISS-00257-20-01,PAI-00257,2025-08-31,LAND_ACQUISITION,Synthetic land acquisition issue requiring monitoring review.,IN_PROGRESS,MEDIUM
ISS-00257-21-01,PAI-00257,2025-09-30,PROCUREMENT_OR_CONTRACT,Synthetic procurement or contract issue requiring monitoring review.,OPEN,LOW
ISS-00257-21-02,PAI-00257,2025-09-30,SCOPE_OR_POLICY,Synthetic scope or policy issue requiring monitoring review.,IN_PROGRESS,HIGH
ISS-00257-21-03,PAI-00257,2025-09-30,SCOPE_OR_POLICY,Synthetic scope or policy issue requiring monitoring review.,IN_PROGRESS,LOW
ISS-00257-23-01,PAI-00257,2025-11-30,FUNDING,Synthetic funding issue requiring monitoring review.,IN_PROGRESS,MEDIUM
ISS-00258-02-01,PAI-00258,2024-02-29,LEGAL_OR_SOCIAL,Synthetic legal or social issue requiring monitoring review.,IN_PROGRESS,HIGH
ISS-00258-03-01,PAI-00258,2024-03-31,LEGAL_OR_SOCIAL,Synthetic legal or social issue requiring monitoring review.,IN_PROGRESS,MEDIUM
ISS-00258-06-01,PAI-00258,2024-06-30,FUNDING,Synthetic funding issue requiring monitoring review.,IN_PROGRESS,LOW
ISS-00258-13-01,PAI-00258,2025-01-31,CLEARANCE,Synthetic clearance issue requiring monitoring review.,OPEN,MEDIUM
ISS-00258-14-01,PAI-00258,2025-02-28,LEGAL_OR_SOCIAL,Synthetic legal or social issue requiring monitoring review.,OPEN,MEDIUM
ISS-00259-05-01,PAI-00259,2024-05-31,FUNDING,Synthetic funding issue requiring monitoring review.,IN_PROGRESS,LOW
ISS-00259-05-02,PAI-00259,2024-05-31,LAND_ACQUISITION,Synthetic land acquisition issue requiring monitoring review.,OPEN,HIGH
ISS-00259-08-01,PAI-00259,2024-08-31,CLEARANCE,Synthetic clearance issue requiring monitoring review.,OPEN,LOW
ISS-00259-13-01,PAI-00259,2025-01-31,BUDGET_OR_APPROVAL,Synthetic budget or approval issue requiring monitoring review.,OPEN,MEDIUM
ISS-00259-14-01,PAI-00259,2025-02-28,FUNDING,Synthetic funding issue requiring monitoring review.,RESOLVED,HIGH
ISS-00259-17-01,PAI-00259,2025-05-31,FUNDING,Synthetic funding issue requiring monitoring review.,RESOLVED,LOW
ISS-00259-20-01,PAI-00259,2025-08-31,FUNDING,Synthetic funding issue requiring monitoring review.,OPEN,MEDIUM
ISS-00260-01-01,PAI-00260,2024-01-31,PROCUREMENT_OR_CONTRACT,Synthetic procurement or contract issue requiring monitoring review.,IN_PROGRESS,HIGH
ISS-00260-04-01,PAI-00260,2024-04-30,PROCUREMENT_OR_CONTRACT,Synthetic procurement or contract issue requiring monitoring review.,OPEN,HIGH
ISS-00260-05-01,PAI-00260,2024-05-31,SCOPE_OR_POLICY,Synthetic scope or policy issue requiring monitoring review.,IN_PROGRESS,LOW
ISS-00260-06-01,PAI-00260,2024-06-30,CLEARANCE,Synthetic clearance issue requiring monitoring review.,IN_PROGRESS,LOW
ISS-00260-07-01,PAI-00260,2024-07-31,CLEARANCE,Synthetic clearance issue requiring monitoring review.,OPEN,HIGH
ISS-00260-08-01,PAI-00260,2024-08-31,CLEARANCE,Synthetic clearance issue requiring monitoring review.,IN_PROGRESS,MEDIUM
ISS-00260-11-01,PAI-00260,2024-11-30,CLEARANCE,Synthetic clearance issue requiring monitoring review.,RESOLVED,LOW
ISS-00260-12-01,PAI-00260,2024-12-31,LAND_ACQUISITION,Synthetic land acquisition issue requiring monitoring review.,RESOLVED,MEDIUM
ISS-00260-13-01,PAI-00260,2025-01-31,ENGINEERING_OR_FEASIBILITY,Synthetic engineering or feasibility issue requiring monitoring review.,OPEN,MEDIUM
ISS-00260-15-01,PAI-00260,2025-03-31,LAND_ACQUISITION,Synthetic land acquisition issue requiring monitoring review.,OPEN,MEDIUM
ISS-00260-17-01,PAI-00260,2025-05-31,CLEARANCE,Synthetic clearance issue requiring monitoring review.,OPEN,HIGH
ISS-00260-17-02,PAI-00260,2025-05-31,LAND_ACQUISITION,Synthetic land acquisition issue requiring monitoring review.,IN_PROGRESS,HIGH
ISS-00260-17-03,PAI-00260,2025-05-31,FUNDING,Synthetic funding issue requiring monitoring review.,IN_PROGRESS,HIGH
ISS-00260-17-04,PAI-00260,2025-05-31,LEGAL_OR_SOCIAL,Synthetic legal or social issue requiring monitoring review.,IN_PROGRESS,LOW
ISS-00260-17-05,PAI-00260,2025-05-31,LEGAL_OR_SOCIAL,Synthetic legal or social issue requiring monitoring review.,OPEN,HIGH
ISS-00260-18-01,PAI-00260,2025-06-30,ENGINEERING_OR_FEASIBILITY,Synthetic engineering or feasibility issue requiring monitoring review.,OPEN,MEDIUM
ISS-00260-19-01,PAI-00260,2025-07-31,LEGAL_OR_SOCIAL,Synthetic legal or social issue requiring monitoring review.,IN_PROGRESS,MEDIUM
ISS-00260-24-01,PAI-00260,2025-12-31,ENGINEERING_OR_FEASIBILITY,Synthetic engineering or feasibility issue requiring monitoring review.,RESOLVED,LOW
ISS-00260-24-02,PAI-00260,2025-12-31,PROCUREMENT_OR_CONTRACT,Synthetic procurement or contract issue requiring monitoring review.,OPEN,LOW
ISS-00260-24-03,PAI-00260,2025-12-31,BUDGET_OR_APPROVAL,Synthetic budget or approval issue requiring monitoring review.,OPEN,MEDIUM
ISS-00261-16-01,PAI-00261,2025-04-30,LAND_ACQUISITION,Synthetic land acquisition issue requiring monitoring review.,OPEN,LOW
ISS-00261-16-02,PAI-00261,2025-04-30,BUDGET_OR_APPROVAL,Synthetic budget or approval issue requiring monitoring review.,RESOLVED,MEDIUM
ISS-00261-23-01,PAI-00261,2025-11-30,BUDGET_OR_APPROVAL,Synthetic budget or approval issue requiring monitoring review.,IN_PROGRESS,LOW
ISS-00261-24-01,PAI-00261,2025-12-31,CLEARANCE,Synthetic clearance issue requiring monitoring review.,OPEN,MEDIUM
ISS-00262-11-01,PAI-00262,2024-11-30,FUNDING,Synthetic funding issue requiring monitoring review.,RESOLVED,MEDIUM
ISS-00262-18-01,PAI-00262,2025-06-30,CLEARANCE,Synthetic clearance issue requiring monitoring review.,OPEN,MEDIUM
ISS-00262-24-01,PAI-00262,2025-12-31,LAND_ACQUISITION,Synthetic land acquisition issue requiring monitoring review.,OPEN,MEDIUM
ISS-00263-10-01,PAI-00263,2024-10-31,FUNDING,Synthetic funding issue requiring monitoring review.,IN_PROGRESS,LOW
ISS-00263-20-01,PAI-00263,2025-08-31,CLEARANCE,Synthetic clearance issue requiring monitoring review.,OPEN,HIGH
ISS-00264-05-01,PAI-00264,2024-05-31,BUDGET_OR_APPROVAL,Synthetic budget or approval issue requiring monitoring review.,OPEN,LOW
ISS-00264-16-01,PAI-00264,2025-04-30,LAND_ACQUISITION,Synthetic land acquisition issue requiring monitoring review.,IN_PROGRESS,LOW
ISS-00264-18-01,PAI-00264,2025-06-30,PROCUREMENT_OR_CONTRACT,Synthetic procurement or contract issue requiring monitoring review.,IN_PROGRESS,LOW
ISS-00265-11-01,PAI-00265,2024-11-30,SCOPE_OR_POLICY,Synthetic scope or policy issue requiring monitoring review.,OPEN,LOW
ISS-00265-12-01,PAI-00265,2024-12-31,BUDGET_OR_APPROVAL,Synthetic budget or approval issue requiring monitoring review.,IN_PROGRESS,MEDIUM
ISS-00265-15-01,PAI-00265,2025-03-31,BUDGET_OR_APPROVAL,Synthetic budget or approval issue requiring monitoring review.,OPEN,LOW
ISS-00265-16-01,PAI-00265,2025-04-30,CLEARANCE,Synthetic clearance issue requiring monitoring review.,RESOLVED,LOW
ISS-00265-19-01,PAI-00265,2025-07-31,ENGINEERING_OR_FEASIBILITY,Synthetic engineering or feasibility issue requiring monitoring review.,OPEN,HIGH
ISS-00265-24-01,PAI-00265,2025-12-31,LEGAL_OR_SOCIAL,Synthetic legal or social issue requiring monitoring review.,OPEN,MEDIUM
ISS-00266-06-01,PAI-00266,2024-06-30,LAND_ACQUISITION,Synthetic land acquisition issue requiring monitoring review.,OPEN,HIGH
ISS-00266-11-01,PAI-00266,2024-11-30,FUNDING,Synthetic funding issue requiring monitoring review.,IN_PROGRESS,MEDIUM
ISS-00266-12-01,PAI-00266,2024-12-31,LEGAL_OR_SOCIAL,Synthetic legal or social issue requiring monitoring review.,RESOLVED,HIGH
ISS-00266-16-01,PAI-00266,2025-04-30,ENGINEERING_OR_FEASIBILITY,Synthetic engineering or feasibility issue requiring monitoring review.,OPEN,HIGH
ISS-00266-18-01,PAI-00266,2025-06-30,LAND_ACQUISITION,Synthetic land acquisition issue requiring monitoring review.,IN_PROGRESS,LOW
ISS-00266-21-01,PAI-00266,2025-09-30,ENGINEERING_OR_FEASIBILITY,Synthetic engineering or feasibility issue requiring monitoring review.,OPEN,LOW
ISS-00267-01-01,PAI-00267,2024-01-31,PROCUREMENT_OR_CONTRACT,Synthetic procurement or contract issue requiring monitoring review.,OPEN,HIGH
ISS-00267-08-01,PAI-00267,2024-08-31,LEGAL_OR_SOCIAL,Synthetic legal or social issue requiring monitoring review.,RESOLVED,LOW
ISS-00267-19-01,PAI-00267,2025-07-31,ENGINEERING_OR_FEASIBILITY,Synthetic engineering or feasibility issue requiring monitoring review.,IN_PROGRESS,LOW
ISS-00267-23-01,PAI-00267,2025-11-30,FUNDING,Synthetic funding issue requiring monitoring review.,OPEN,MEDIUM
ISS-00267-23-02,PAI-00267,2025-11-30,FUNDING,Synthetic funding issue requiring monitoring review.,IN_PROGRESS,HIGH
ISS-00268-03-01,PAI-00268,2024-03-31,LEGAL_OR_SOCIAL,Synthetic legal or social issue requiring monitoring review.,IN_PROGRESS,MEDIUM
ISS-00268-05-01,PAI-00268,2024-05-31,SCOPE_OR_POLICY,Synthetic scope or policy issue requiring monitoring review.,RESOLVED,MEDIUM
ISS-00268-09-01,PAI-00268,2024-09-30,ENGINEERING_OR_FEASIBILITY,Synthetic engineering or feasibility issue requiring monitoring review.,IN_PROGRESS,LOW
ISS-00268-15-01,PAI-00268,2025-03-31,PROCUREMENT_OR_CONTRACT,Synthetic procurement or contract issue requiring monitoring review.,OPEN,MEDIUM
ISS-00268-17-01,PAI-00268,2025-05-31,CLEARANCE,Synthetic clearance issue requiring monitoring review.,OPEN,MEDIUM
ISS-00269-07-01,PAI-00269,2024-07-31,SCOPE_OR_POLICY,Synthetic scope or policy issue requiring monitoring review.,IN_PROGRESS,MEDIUM
ISS-00269-08-01,PAI-00269,2024-08-31,LAND_ACQUISITION,Synthetic land acquisition issue requiring monitoring review.,RESOLVED,LOW
ISS-00269-09-01,PAI-00269,2024-09-30,FUNDING,Synthetic funding issue requiring monitoring review.,RESOLVED,LOW
ISS-00269-12-01,PAI-00269,2024-12-31,SCOPE_OR_POLICY,Synthetic scope or policy issue requiring monitoring review.,OPEN,HIGH
ISS-00269-14-01,PAI-00269,2025-02-28,FUNDING,Synthetic funding issue requiring monitoring review.,OPEN,MEDIUM
ISS-00269-20-01,PAI-00269,2025-08-31,BUDGET_OR_APPROVAL,Synthetic budget or approval issue requiring monitoring review.,OPEN,LOW
ISS-00269-23-01,PAI-00269,2025-11-30,SCOPE_OR_POLICY,Synthetic scope or policy issue requiring monitoring review.,RESOLVED,MEDIUM
ISS-00270-01-01,PAI-00270,2024-01-31,LEGAL_OR_SOCIAL,Synthetic legal or social issue requiring monitoring review.,IN_PROGRESS,MEDIUM
ISS-00270-01-02,PAI-00270,2024-01-31,BUDGET_OR_APPROVAL,Synthetic budget or approval issue requiring monitoring review.,OPEN,MEDIUM
ISS-00270-02-01,PAI-00270,2024-02-29,LEGAL_OR_SOCIAL,Synthetic legal or social issue requiring monitoring review.,OPEN,HIGH
ISS-00270-08-01,PAI-00270,2024-08-31,ENGINEERING_OR_FEASIBILITY,Synthetic engineering or feasibility issue requiring monitoring review.,IN_PROGRESS,MEDIUM
ISS-00270-11-01,PAI-00270,2024-11-30,CLEARANCE,Synthetic clearance issue requiring monitoring review.,IN_PROGRESS,HIGH
ISS-00270-13-01,PAI-00270,2025-01-31,LAND_ACQUISITION,Synthetic land acquisition issue requiring monitoring review.,IN_PROGRESS,MEDIUM
ISS-00270-14-01,PAI-00270,2025-02-28,FUNDING,Synthetic funding issue requiring monitoring review.,IN_PROGRESS,MEDIUM
ISS-00270-18-01,PAI-00270,2025-06-30,CLEARANCE,Synthetic clearance issue requiring monitoring review.,OPEN,MEDIUM
ISS-00270-22-01,PAI-00270,2025-10-31,PROCUREMENT_OR_CONTRACT,Synthetic procurement or contract issue requiring monitoring review.,OPEN,MEDIUM
ISS-00270-23-01,PAI-00270,2025-11-30,LAND_ACQUISITION,Synthetic land acquisition issue requiring monitoring review.,OPEN,HIGH
ISS-00271-02-01,PAI-00271,2024-02-29,LAND_ACQUISITION,Synthetic land acquisition issue requiring monitoring review.,IN_PROGRESS,LOW
ISS-00271-06-01,PAI-00271,2024-06-30,LEGAL_OR_SOCIAL,Synthetic legal or social issue requiring monitoring review.,OPEN,HIGH
ISS-00271-08-01,PAI-00271,2024-08-31,ENGINEERING_OR_FEASIBILITY,Synthetic engineering or feasibility issue requiring monitoring review.,RESOLVED,LOW
ISS-00271-13-01,PAI-00271,2025-01-31,SCOPE_OR_POLICY,Synthetic scope or policy issue requiring monitoring review.,OPEN,LOW
ISS-00271-13-02,PAI-00271,2025-01-31,FUNDING,Synthetic funding issue requiring monitoring review.,RESOLVED,LOW
ISS-00271-20-01,PAI-00271,2025-08-31,ENGINEERING_OR_FEASIBILITY,Synthetic engineering or feasibility issue requiring monitoring review.,RESOLVED,LOW
ISS-00271-23-01,PAI-00271,2025-11-30,ENGINEERING_OR_FEASIBILITY,Synthetic engineering or feasibility issue requiring monitoring review.,OPEN,LOW
ISS-00272-03-01,PAI-00272,2024-03-31,PROCUREMENT_OR_CONTRACT,Synthetic procurement or contract issue requiring monitoring review.,OPEN,MEDIUM
ISS-00272-04-01,PAI-00272,2024-04-30,BUDGET_OR_APPROVAL,Synthetic budget or approval issue requiring monitoring review.,OPEN,HIGH
ISS-00272-05-01,PAI-00272,2024-05-31,ENGINEERING_OR_FEASIBILITY,Synthetic engineering or feasibility issue requiring monitoring review.,RESOLVED,LOW
ISS-00272-08-01,PAI-00272,2024-08-31,FUNDING,Synthetic funding issue requiring monitoring review.,OPEN,HIGH
ISS-00272-08-02,PAI-00272,2024-08-31,ENGINEERING_OR_FEASIBILITY,Synthetic engineering or feasibility issue requiring monitoring review.,IN_PROGRESS,HIGH
ISS-00272-10-01,PAI-00272,2024-10-31,ENGINEERING_OR_FEASIBILITY,Synthetic engineering or feasibility issue requiring monitoring review.,OPEN,MEDIUM
ISS-00272-10-02,PAI-00272,2024-10-31,LAND_ACQUISITION,Synthetic land acquisition issue requiring monitoring review.,OPEN,LOW
ISS-00272-11-01,PAI-00272,2024-11-30,FUNDING,Synthetic funding issue requiring monitoring review.,RESOLVED,LOW
ISS-00272-11-02,PAI-00272,2024-11-30,ENGINEERING_OR_FEASIBILITY,Synthetic engineering or feasibility issue requiring monitoring review.,OPEN,LOW
ISS-00272-15-01,PAI-00272,2025-03-31,ENGINEERING_OR_FEASIBILITY,Synthetic engineering or feasibility issue requiring monitoring review.,IN_PROGRESS,MEDIUM
ISS-00272-16-01,PAI-00272,2025-04-30,ENGINEERING_OR_FEASIBILITY,Synthetic engineering or feasibility issue requiring monitoring review.,OPEN,HIGH
ISS-00272-16-02,PAI-00272,2025-04-30,SCOPE_OR_POLICY,Synthetic scope or policy issue requiring monitoring review.,IN_PROGRESS,LOW
ISS-00272-17-01,PAI-00272,2025-05-31,BUDGET_OR_APPROVAL,Synthetic budget or approval issue requiring monitoring review.,OPEN,MEDIUM
ISS-00272-19-01,PAI-00272,2025-07-31,FUNDING,Synthetic funding issue requiring monitoring review.,IN_PROGRESS,MEDIUM
ISS-00272-22-01,PAI-00272,2025-10-31,LAND_ACQUISITION,Synthetic land acquisition issue requiring monitoring review.,IN_PROGRESS,MEDIUM
ISS-00272-22-02,PAI-00272,2025-10-31,BUDGET_OR_APPROVAL,Synthetic budget or approval issue requiring monitoring review.,RESOLVED,MEDIUM
ISS-00272-23-01,PAI-00272,2025-11-30,PROCUREMENT_OR_CONTRACT,Synthetic procurement or contract issue requiring monitoring review.,OPEN,LOW
ISS-00272-23-02,PAI-00272,2025-11-30,FUNDING,Synthetic funding issue requiring monitoring review.,IN_PROGRESS,LOW
ISS-00272-24-01,PAI-00272,2025-12-31,PROCUREMENT_OR_CONTRACT,Synthetic procurement or contract issue requiring monitoring review.,OPEN,HIGH
ISS-00272-24-02,PAI-00272,2025-12-31,PROCUREMENT_OR_CONTRACT,Synthetic procurement or contract issue requiring monitoring review.,OPEN,LOW
ISS-00272-24-03,PAI-00272,2025-12-31,SCOPE_OR_POLICY,Synthetic scope or policy issue requiring monitoring review.,RESOLVED,HIGH
ISS-00272-24-04,PAI-00272,2025-12-31,LAND_ACQUISITION,Synthetic land acquisition issue requiring monitoring review.,IN_PROGRESS,MEDIUM
ISS-00273-06-01,PAI-00273,2024-06-30,CLEARANCE,Synthetic clearance issue requiring monitoring review.,OPEN,HIGH
ISS-00273-07-01,PAI-00273,2024-07-31,CLEARANCE,Synthetic clearance issue requiring monitoring review.,RESOLVED,LOW
ISS-00273-09-01,PAI-00273,2024-09-30,CLEARANCE,Synthetic clearance issue requiring monitoring review.,OPEN,MEDIUM
ISS-00273-09-02,PAI-00273,2024-09-30,SCOPE_OR_POLICY,Synthetic scope or policy issue requiring monitoring review.,OPEN,MEDIUM
ISS-00273-13-01,PAI-00273,2025-01-31,LEGAL_OR_SOCIAL,Synthetic legal or social issue requiring monitoring review.,IN_PROGRESS,MEDIUM
ISS-00273-15-01,PAI-00273,2025-03-31,BUDGET_OR_APPROVAL,Synthetic budget or approval issue requiring monitoring review.,OPEN,HIGH
ISS-00273-16-01,PAI-00273,2025-04-30,FUNDING,Synthetic funding issue requiring monitoring review.,OPEN,HIGH
ISS-00273-17-01,PAI-00273,2025-05-31,LEGAL_OR_SOCIAL,Synthetic legal or social issue requiring monitoring review.,IN_PROGRESS,MEDIUM
ISS-00273-17-02,PAI-00273,2025-05-31,CLEARANCE,Synthetic clearance issue requiring monitoring review.,OPEN,MEDIUM
ISS-00273-17-03,PAI-00273,2025-05-31,ENGINEERING_OR_FEASIBILITY,Synthetic engineering or feasibility issue requiring monitoring review.,IN_PROGRESS,MEDIUM
ISS-00273-17-04,PAI-00273,2025-05-31,CLEARANCE,Synthetic clearance issue requiring monitoring review.,RESOLVED,HIGH
ISS-00273-18-01,PAI-00273,2025-06-30,LEGAL_OR_SOCIAL,Synthetic legal or social issue requiring monitoring review.,OPEN,HIGH
ISS-00273-21-01,PAI-00273,2025-09-30,LEGAL_OR_SOCIAL,Synthetic legal or social issue requiring monitoring review.,IN_PROGRESS,MEDIUM
ISS-00273-22-01,PAI-00273,2025-10-31,LAND_ACQUISITION,Synthetic land acquisition issue requiring monitoring review.,IN_PROGRESS,HIGH
ISS-00273-23-01,PAI-00273,2025-11-30,BUDGET_OR_APPROVAL,Synthetic budget or approval issue requiring monitoring review.,OPEN,HIGH
ISS-00274-22-01,PAI-00274,2025-10-31,LEGAL_OR_SOCIAL,Synthetic legal or social issue requiring monitoring review.,IN_PROGRESS,LOW
ISS-00274-22-02,PAI-00274,2025-10-31,BUDGET_OR_APPROVAL,Synthetic budget or approval issue requiring monitoring review.,IN_PROGRESS,LOW
ISS-00274-23-01,PAI-00274,2025-11-30,ENGINEERING_OR_FEASIBILITY,Synthetic engineering or feasibility issue requiring monitoring review.,IN_PROGRESS,HIGH
ISS-00275-08-01,PAI-00275,2024-08-31,LEGAL_OR_SOCIAL,Synthetic legal or social issue requiring monitoring review.,RESOLVED,LOW
ISS-00275-17-01,PAI-00275,2025-05-31,SCOPE_OR_POLICY,Synthetic scope or policy issue requiring monitoring review.,OPEN,LOW
ISS-00275-22-01,PAI-00275,2025-10-31,FUNDING,Synthetic funding issue requiring monitoring review.,IN_PROGRESS,LOW
ISS-00276-05-01,PAI-00276,2024-05-31,LEGAL_OR_SOCIAL,Synthetic legal or social issue requiring monitoring review.,OPEN,LOW
ISS-00276-06-01,PAI-00276,2024-06-30,LAND_ACQUISITION,Synthetic land acquisition issue requiring monitoring review.,OPEN,MEDIUM
ISS-00276-07-01,PAI-00276,2024-07-31,LAND_ACQUISITION,Synthetic land acquisition issue requiring monitoring review.,OPEN,LOW
ISS-00276-08-01,PAI-00276,2024-08-31,ENGINEERING_OR_FEASIBILITY,Synthetic engineering or feasibility issue requiring monitoring review.,IN_PROGRESS,MEDIUM
ISS-00277-07-01,PAI-00277,2024-07-31,LAND_ACQUISITION,Synthetic land acquisition issue requiring monitoring review.,RESOLVED,HIGH
ISS-00277-11-01,PAI-00277,2024-11-30,SCOPE_OR_POLICY,Synthetic scope or policy issue requiring monitoring review.,OPEN,HIGH
ISS-00277-16-01,PAI-00277,2025-04-30,ENGINEERING_OR_FEASIBILITY,Synthetic engineering or feasibility issue requiring monitoring review.,IN_PROGRESS,MEDIUM
ISS-00277-17-01,PAI-00277,2025-05-31,CLEARANCE,Synthetic clearance issue requiring monitoring review.,IN_PROGRESS,LOW
ISS-00277-18-01,PAI-00277,2025-06-30,ENGINEERING_OR_FEASIBILITY,Synthetic engineering or feasibility issue requiring monitoring review.,IN_PROGRESS,LOW
ISS-00277-18-02,PAI-00277,2025-06-30,ENGINEERING_OR_FEASIBILITY,Synthetic engineering or feasibility issue requiring monitoring review.,IN_PROGRESS,MEDIUM
ISS-00277-20-01,PAI-00277,2025-08-31,SCOPE_OR_POLICY,Synthetic scope or policy issue requiring monitoring review.,OPEN,LOW
ISS-00278-04-01,PAI-00278,2024-04-30,ENGINEERING_OR_FEASIBILITY,Synthetic engineering or feasibility issue requiring monitoring review.,OPEN,HIGH
ISS-00278-05-01,PAI-00278,2024-05-31,ENGINEERING_OR_FEASIBILITY,Synthetic engineering or feasibility issue requiring monitoring review.,OPEN,MEDIUM
ISS-00278-06-01,PAI-00278,2024-06-30,CLEARANCE,Synthetic clearance issue requiring monitoring review.,OPEN,LOW
ISS-00278-07-01,PAI-00278,2024-07-31,LEGAL_OR_SOCIAL,Synthetic legal or social issue requiring monitoring review.,RESOLVED,MEDIUM
ISS-00278-09-01,PAI-00278,2024-09-30,CLEARANCE,Synthetic clearance issue requiring monitoring review.,OPEN,HIGH
ISS-00278-12-01,PAI-00278,2024-12-31,ENGINEERING_OR_FEASIBILITY,Synthetic engineering or feasibility issue requiring monitoring review.,OPEN,MEDIUM
ISS-00278-14-01,PAI-00278,2025-02-28,LEGAL_OR_SOCIAL,Synthetic legal or social issue requiring monitoring review.,OPEN,MEDIUM
ISS-00278-15-01,PAI-00278,2025-03-31,LAND_ACQUISITION,Synthetic land acquisition issue requiring monitoring review.,OPEN,LOW
ISS-00278-16-01,PAI-00278,2025-04-30,LEGAL_OR_SOCIAL,Synthetic legal or social issue requiring monitoring review.,OPEN,MEDIUM
ISS-00278-18-01,PAI-00278,2025-06-30,FUNDING,Synthetic funding issue requiring monitoring review.,IN_PROGRESS,HIGH
ISS-00278-20-01,PAI-00278,2025-08-31,BUDGET_OR_APPROVAL,Synthetic budget or approval issue requiring monitoring review.,IN_PROGRESS,LOW
ISS-00278-20-02,PAI-00278,2025-08-31,BUDGET_OR_APPROVAL,Synthetic budget or approval issue requiring monitoring review.,IN_PROGRESS,LOW
ISS-00278-23-01,PAI-00278,2025-11-30,ENGINEERING_OR_FEASIBILITY,Synthetic engineering or feasibility issue requiring monitoring review.,OPEN,LOW
ISS-00279-05-01,PAI-00279,2024-05-31,LAND_ACQUISITION,Synthetic land acquisition issue requiring monitoring review.,RESOLVED,LOW
ISS-00279-15-01,PAI-00279,2025-03-31,FUNDING,Synthetic funding issue requiring monitoring review.,RESOLVED,LOW
ISS-00279-18-01,PAI-00279,2025-06-30,PROCUREMENT_OR_CONTRACT,Synthetic procurement or contract issue requiring monitoring review.,IN_PROGRESS,MEDIUM
ISS-00279-21-01,PAI-00279,2025-09-30,SCOPE_OR_POLICY,Synthetic scope or policy issue requiring monitoring review.,OPEN,HIGH
ISS-00279-23-01,PAI-00279,2025-11-30,BUDGET_OR_APPROVAL,Synthetic budget or approval issue requiring monitoring review.,OPEN,LOW
ISS-00279-24-01,PAI-00279,2025-12-31,BUDGET_OR_APPROVAL,Synthetic budget or approval issue requiring monitoring review.,OPEN,HIGH
ISS-00280-03-01,PAI-00280,2024-03-31,FUNDING,Synthetic funding issue requiring monitoring review.,OPEN,MEDIUM
ISS-00280-05-01,PAI-00280,2024-05-31,CLEARANCE,Synthetic clearance issue requiring monitoring review.,OPEN,MEDIUM
ISS-00280-06-01,PAI-00280,2024-06-30,FUNDING,Synthetic funding issue requiring monitoring review.,OPEN,HIGH
ISS-00280-08-01,PAI-00280,2024-08-31,LEGAL_OR_SOCIAL,Synthetic legal or social issue requiring monitoring review.,OPEN,MEDIUM
ISS-00280-09-01,PAI-00280,2024-09-30,LEGAL_OR_SOCIAL,Synthetic legal or social issue requiring monitoring review.,RESOLVED,LOW
ISS-00280-11-01,PAI-00280,2024-11-30,LEGAL_OR_SOCIAL,Synthetic legal or social issue requiring monitoring review.,IN_PROGRESS,LOW
ISS-00280-12-01,PAI-00280,2024-12-31,BUDGET_OR_APPROVAL,Synthetic budget or approval issue requiring monitoring review.,OPEN,MEDIUM
ISS-00280-12-02,PAI-00280,2024-12-31,FUNDING,Synthetic funding issue requiring monitoring review.,IN_PROGRESS,HIGH
ISS-00280-12-03,PAI-00280,2024-12-31,CLEARANCE,Synthetic clearance issue requiring monitoring review.,OPEN,LOW
ISS-00280-13-01,PAI-00280,2025-01-31,LAND_ACQUISITION,Synthetic land acquisition issue requiring monitoring review.,OPEN,LOW
ISS-00280-15-01,PAI-00280,2025-03-31,LAND_ACQUISITION,Synthetic land acquisition issue requiring monitoring review.,OPEN,MEDIUM
ISS-00280-16-01,PAI-00280,2025-04-30,CLEARANCE,Synthetic clearance issue requiring monitoring review.,OPEN,LOW
ISS-00280-17-01,PAI-00280,2025-05-31,FUNDING,Synthetic funding issue requiring monitoring review.,IN_PROGRESS,MEDIUM
ISS-00280-20-01,PAI-00280,2025-08-31,SCOPE_OR_POLICY,Synthetic scope or policy issue requiring monitoring review.,OPEN,MEDIUM
ISS-00280-21-01,PAI-00280,2025-09-30,LAND_ACQUISITION,Synthetic land acquisition issue requiring monitoring review.,OPEN,MEDIUM
ISS-00280-21-02,PAI-00280,2025-09-30,CLEARANCE,Synthetic clearance issue requiring monitoring review.,OPEN,LOW
ISS-00280-23-01,PAI-00280,2025-11-30,SCOPE_OR_POLICY,Synthetic scope or policy issue requiring monitoring review.,IN_PROGRESS,MEDIUM
ISS-00281-12-01,PAI-00281,2024-12-31,PROCUREMENT_OR_CONTRACT,Synthetic procurement or contract issue requiring monitoring review.,OPEN,MEDIUM
ISS-00281-13-01,PAI-00281,2025-01-31,ENGINEERING_OR_FEASIBILITY,Synthetic engineering or feasibility issue requiring monitoring review.,OPEN,LOW
ISS-00281-13-02,PAI-00281,2025-01-31,ENGINEERING_OR_FEASIBILITY,Synthetic engineering or feasibility issue requiring monitoring review.,IN_PROGRESS,MEDIUM
ISS-00281-16-01,PAI-00281,2025-04-30,ENGINEERING_OR_FEASIBILITY,Synthetic engineering or feasibility issue requiring monitoring review.,RESOLVED,MEDIUM
ISS-00281-18-01,PAI-00281,2025-06-30,CLEARANCE,Synthetic clearance issue requiring monitoring review.,IN_PROGRESS,MEDIUM
ISS-00281-19-01,PAI-00281,2025-07-31,LAND_ACQUISITION,Synthetic land acquisition issue requiring monitoring review.,RESOLVED,LOW
ISS-00281-22-01,PAI-00281,2025-10-31,LAND_ACQUISITION,Synthetic land acquisition issue requiring monitoring review.,IN_PROGRESS,LOW
ISS-00281-22-02,PAI-00281,2025-10-31,CLEARANCE,Synthetic clearance issue requiring monitoring review.,OPEN,MEDIUM
ISS-00282-16-01,PAI-00282,2025-04-30,CLEARANCE,Synthetic clearance issue requiring monitoring review.,OPEN,LOW
ISS-00282-21-01,PAI-00282,2025-09-30,SCOPE_OR_POLICY,Synthetic scope or policy issue requiring monitoring review.,OPEN,LOW
ISS-00282-24-01,PAI-00282,2025-12-31,BUDGET_OR_APPROVAL,Synthetic budget or approval issue requiring monitoring review.,IN_PROGRESS,LOW
ISS-00282-24-02,PAI-00282,2025-12-31,PROCUREMENT_OR_CONTRACT,Synthetic procurement or contract issue requiring monitoring review.,IN_PROGRESS,LOW
ISS-00283-02-01,PAI-00283,2024-02-29,ENGINEERING_OR_FEASIBILITY,Synthetic engineering or feasibility issue requiring monitoring review.,IN_PROGRESS,HIGH
ISS-00283-02-02,PAI-00283,2024-02-29,BUDGET_OR_APPROVAL,Synthetic budget or approval issue requiring monitoring review.,OPEN,MEDIUM
ISS-00283-07-01,PAI-00283,2024-07-31,FUNDING,Synthetic funding issue requiring monitoring review.,RESOLVED,HIGH
ISS-00283-17-01,PAI-00283,2025-05-31,CLEARANCE,Synthetic clearance issue requiring monitoring review.,OPEN,MEDIUM
ISS-00283-21-01,PAI-00283,2025-09-30,PROCUREMENT_OR_CONTRACT,Synthetic procurement or contract issue requiring monitoring review.,IN_PROGRESS,MEDIUM
ISS-00283-23-01,PAI-00283,2025-11-30,FUNDING,Synthetic funding issue requiring monitoring review.,RESOLVED,LOW
ISS-00283-23-02,PAI-00283,2025-11-30,SCOPE_OR_POLICY,Synthetic scope or policy issue requiring monitoring review.,OPEN,LOW
ISS-00283-24-01,PAI-00283,2025-12-31,LEGAL_OR_SOCIAL,Synthetic legal or social issue requiring monitoring review.,IN_PROGRESS,MEDIUM
ISS-00283-24-02,PAI-00283,2025-12-31,FUNDING,Synthetic funding issue requiring monitoring review.,RESOLVED,HIGH
ISS-00284-06-01,PAI-00284,2024-06-30,CLEARANCE,Synthetic clearance issue requiring monitoring review.,IN_PROGRESS,HIGH
ISS-00284-07-01,PAI-00284,2024-07-31,BUDGET_OR_APPROVAL,Synthetic budget or approval issue requiring monitoring review.,RESOLVED,MEDIUM
ISS-00284-11-01,PAI-00284,2024-11-30,LEGAL_OR_SOCIAL,Synthetic legal or social issue requiring monitoring review.,OPEN,LOW
ISS-00284-14-01,PAI-00284,2025-02-28,BUDGET_OR_APPROVAL,Synthetic budget or approval issue requiring monitoring review.,IN_PROGRESS,LOW
ISS-00284-17-01,PAI-00284,2025-05-31,PROCUREMENT_OR_CONTRACT,Synthetic procurement or contract issue requiring monitoring review.,OPEN,MEDIUM
ISS-00284-19-01,PAI-00284,2025-07-31,SCOPE_OR_POLICY,Synthetic scope or policy issue requiring monitoring review.,RESOLVED,MEDIUM
ISS-00284-20-01,PAI-00284,2025-08-31,LEGAL_OR_SOCIAL,Synthetic legal or social issue requiring monitoring review.,IN_PROGRESS,MEDIUM
ISS-00284-21-01,PAI-00284,2025-09-30,CLEARANCE,Synthetic clearance issue requiring monitoring review.,IN_PROGRESS,LOW
ISS-00284-21-02,PAI-00284,2025-09-30,PROCUREMENT_OR_CONTRACT,Synthetic procurement or contract issue requiring monitoring review.,OPEN,MEDIUM
ISS-00284-21-03,PAI-00284,2025-09-30,LAND_ACQUISITION,Synthetic land acquisition issue requiring monitoring review.,RESOLVED,MEDIUM
ISS-00284-22-01,PAI-00284,2025-10-31,LEGAL_OR_SOCIAL,Synthetic legal or social issue requiring monitoring review.,OPEN,LOW
ISS-00285-02-01,PAI-00285,2024-02-29,LAND_ACQUISITION,Synthetic land acquisition issue requiring monitoring review.,IN_PROGRESS,MEDIUM
ISS-00285-03-01,PAI-00285,2024-03-31,BUDGET_OR_APPROVAL,Synthetic budget or approval issue requiring monitoring review.,OPEN,MEDIUM
ISS-00285-17-01,PAI-00285,2025-05-31,ENGINEERING_OR_FEASIBILITY,Synthetic engineering or feasibility issue requiring monitoring review.,IN_PROGRESS,HIGH
ISS-00285-17-02,PAI-00285,2025-05-31,LEGAL_OR_SOCIAL,Synthetic legal or social issue requiring monitoring review.,RESOLVED,HIGH
ISS-00286-02-01,PAI-00286,2024-02-29,PROCUREMENT_OR_CONTRACT,Synthetic procurement or contract issue requiring monitoring review.,OPEN,MEDIUM
ISS-00286-06-01,PAI-00286,2024-06-30,LAND_ACQUISITION,Synthetic land acquisition issue requiring monitoring review.,IN_PROGRESS,LOW
ISS-00286-07-01,PAI-00286,2024-07-31,PROCUREMENT_OR_CONTRACT,Synthetic procurement or contract issue requiring monitoring review.,OPEN,MEDIUM
ISS-00286-13-01,PAI-00286,2025-01-31,LAND_ACQUISITION,Synthetic land acquisition issue requiring monitoring review.,IN_PROGRESS,LOW
ISS-00286-14-01,PAI-00286,2025-02-28,FUNDING,Synthetic funding issue requiring monitoring review.,OPEN,LOW
ISS-00286-24-01,PAI-00286,2025-12-31,ENGINEERING_OR_FEASIBILITY,Synthetic engineering or feasibility issue requiring monitoring review.,IN_PROGRESS,HIGH
ISS-00287-09-01,PAI-00287,2024-09-30,BUDGET_OR_APPROVAL,Synthetic budget or approval issue requiring monitoring review.,IN_PROGRESS,LOW
ISS-00287-11-01,PAI-00287,2024-11-30,PROCUREMENT_OR_CONTRACT,Synthetic procurement or contract issue requiring monitoring review.,IN_PROGRESS,LOW
ISS-00287-12-01,PAI-00287,2024-12-31,BUDGET_OR_APPROVAL,Synthetic budget or approval issue requiring monitoring review.,OPEN,LOW
ISS-00287-13-01,PAI-00287,2025-01-31,ENGINEERING_OR_FEASIBILITY,Synthetic engineering or feasibility issue requiring monitoring review.,OPEN,LOW
ISS-00287-14-01,PAI-00287,2025-02-28,CLEARANCE,Synthetic clearance issue requiring monitoring review.,OPEN,HIGH
ISS-00288-01-01,PAI-00288,2024-01-31,BUDGET_OR_APPROVAL,Synthetic budget or approval issue requiring monitoring review.,OPEN,MEDIUM
ISS-00288-04-01,PAI-00288,2024-04-30,SCOPE_OR_POLICY,Synthetic scope or policy issue requiring monitoring review.,IN_PROGRESS,LOW
ISS-00288-06-01,PAI-00288,2024-06-30,ENGINEERING_OR_FEASIBILITY,Synthetic engineering or feasibility issue requiring monitoring review.,OPEN,LOW
ISS-00288-07-01,PAI-00288,2024-07-31,SCOPE_OR_POLICY,Synthetic scope or policy issue requiring monitoring review.,OPEN,LOW
ISS-00288-08-01,PAI-00288,2024-08-31,FUNDING,Synthetic funding issue requiring monitoring review.,OPEN,LOW
ISS-00288-17-01,PAI-00288,2025-05-31,CLEARANCE,Synthetic clearance issue requiring monitoring review.,IN_PROGRESS,LOW
ISS-00288-19-01,PAI-00288,2025-07-31,PROCUREMENT_OR_CONTRACT,Synthetic procurement or contract issue requiring monitoring review.,OPEN,MEDIUM
ISS-00288-19-02,PAI-00288,2025-07-31,BUDGET_OR_APPROVAL,Synthetic budget or approval issue requiring monitoring review.,IN_PROGRESS,HIGH
ISS-00288-20-01,PAI-00288,2025-08-31,PROCUREMENT_OR_CONTRACT,Synthetic procurement or contract issue requiring monitoring review.,IN_PROGRESS,MEDIUM
ISS-00289-08-01,PAI-00289,2024-08-31,PROCUREMENT_OR_CONTRACT,Synthetic procurement or contract issue requiring monitoring review.,IN_PROGRESS,HIGH
ISS-00289-09-01,PAI-00289,2024-09-30,LAND_ACQUISITION,Synthetic land acquisition issue requiring monitoring review.,IN_PROGRESS,LOW
ISS-00289-12-01,PAI-00289,2024-12-31,PROCUREMENT_OR_CONTRACT,Synthetic procurement or contract issue requiring monitoring review.,OPEN,LOW
ISS-00289-22-01,PAI-00289,2025-10-31,CLEARANCE,Synthetic clearance issue requiring monitoring review.,RESOLVED,LOW
ISS-00289-23-01,PAI-00289,2025-11-30,ENGINEERING_OR_FEASIBILITY,Synthetic engineering or feasibility issue requiring monitoring review.,IN_PROGRESS,LOW
ISS-00290-08-01,PAI-00290,2024-08-31,LEGAL_OR_SOCIAL,Synthetic legal or social issue requiring monitoring review.,OPEN,LOW
ISS-00290-12-01,PAI-00290,2024-12-31,PROCUREMENT_OR_CONTRACT,Synthetic procurement or contract issue requiring monitoring review.,IN_PROGRESS,MEDIUM
ISS-00290-13-01,PAI-00290,2025-01-31,FUNDING,Synthetic funding issue requiring monitoring review.,IN_PROGRESS,LOW
ISS-00290-14-01,PAI-00290,2025-02-28,ENGINEERING_OR_FEASIBILITY,Synthetic engineering or feasibility issue requiring monitoring review.,IN_PROGRESS,MEDIUM
ISS-00290-15-01,PAI-00290,2025-03-31,SCOPE_OR_POLICY,Synthetic scope or policy issue requiring monitoring review.,IN_PROGRESS,HIGH
ISS-00290-17-01,PAI-00290,2025-05-31,LAND_ACQUISITION,Synthetic land acquisition issue requiring monitoring review.,IN_PROGRESS,MEDIUM
ISS-00290-19-01,PAI-00290,2025-07-31,SCOPE_OR_POLICY,Synthetic scope or policy issue requiring monitoring review.,IN_PROGRESS,LOW
ISS-00290-23-01,PAI-00290,2025-11-30,FUNDING,Synthetic funding issue requiring monitoring review.,IN_PROGRESS,LOW
ISS-00292-01-01,PAI-00292,2024-01-31,LAND_ACQUISITION,Synthetic land acquisition issue requiring monitoring review.,IN_PROGRESS,MEDIUM
ISS-00292-02-01,PAI-00292,2024-02-29,LAND_ACQUISITION,Synthetic land acquisition issue requiring monitoring review.,RESOLVED,MEDIUM
ISS-00292-05-01,PAI-00292,2024-05-31,FUNDING,Synthetic funding issue requiring monitoring review.,OPEN,HIGH
ISS-00292-06-01,PAI-00292,2024-06-30,PROCUREMENT_OR_CONTRACT,Synthetic procurement or contract issue requiring monitoring review.,RESOLVED,HIGH
ISS-00292-07-01,PAI-00292,2024-07-31,BUDGET_OR_APPROVAL,Synthetic budget or approval issue requiring monitoring review.,OPEN,HIGH
ISS-00292-08-01,PAI-00292,2024-08-31,LAND_ACQUISITION,Synthetic land acquisition issue requiring monitoring review.,IN_PROGRESS,MEDIUM
ISS-00292-09-01,PAI-00292,2024-09-30,LEGAL_OR_SOCIAL,Synthetic legal or social issue requiring monitoring review.,OPEN,LOW
ISS-00292-09-02,PAI-00292,2024-09-30,BUDGET_OR_APPROVAL,Synthetic budget or approval issue requiring monitoring review.,OPEN,HIGH
ISS-00292-10-01,PAI-00292,2024-10-31,LAND_ACQUISITION,Synthetic land acquisition issue requiring monitoring review.,OPEN,MEDIUM
ISS-00292-10-02,PAI-00292,2024-10-31,FUNDING,Synthetic funding issue requiring monitoring review.,OPEN,HIGH
ISS-00292-11-01,PAI-00292,2024-11-30,BUDGET_OR_APPROVAL,Synthetic budget or approval issue requiring monitoring review.,IN_PROGRESS,HIGH
ISS-00292-12-01,PAI-00292,2024-12-31,PROCUREMENT_OR_CONTRACT,Synthetic procurement or contract issue requiring monitoring review.,OPEN,MEDIUM
ISS-00292-13-01,PAI-00292,2025-01-31,PROCUREMENT_OR_CONTRACT,Synthetic procurement or contract issue requiring monitoring review.,OPEN,MEDIUM
ISS-00292-13-02,PAI-00292,2025-01-31,BUDGET_OR_APPROVAL,Synthetic budget or approval issue requiring monitoring review.,OPEN,LOW
ISS-00292-13-03,PAI-00292,2025-01-31,FUNDING,Synthetic funding issue requiring monitoring review.,OPEN,HIGH
ISS-00292-14-01,PAI-00292,2025-02-28,LEGAL_OR_SOCIAL,Synthetic legal or social issue requiring monitoring review.,IN_PROGRESS,MEDIUM
ISS-00292-17-01,PAI-00292,2025-05-31,SCOPE_OR_POLICY,Synthetic scope or policy issue requiring monitoring review.,OPEN,MEDIUM
ISS-00292-17-02,PAI-00292,2025-05-31,ENGINEERING_OR_FEASIBILITY,Synthetic engineering or feasibility issue requiring monitoring review.,RESOLVED,LOW
ISS-00292-19-01,PAI-00292,2025-07-31,SCOPE_OR_POLICY,Synthetic scope or policy issue requiring monitoring review.,OPEN,HIGH
ISS-00292-20-01,PAI-00292,2025-08-31,SCOPE_OR_POLICY,Synthetic scope or policy issue requiring monitoring review.,IN_PROGRESS,MEDIUM
ISS-00292-20-02,PAI-00292,2025-08-31,ENGINEERING_OR_FEASIBILITY,Synthetic engineering or feasibility issue requiring monitoring review.,IN_PROGRESS,HIGH
ISS-00292-21-01,PAI-00292,2025-09-30,BUDGET_OR_APPROVAL,Synthetic budget or approval issue requiring monitoring review.,RESOLVED,HIGH
ISS-00292-22-01,PAI-00292,2025-10-31,LEGAL_OR_SOCIAL,Synthetic legal or social issue requiring monitoring review.,IN_PROGRESS,MEDIUM
ISS-00292-23-01,PAI-00292,2025-11-30,FUNDING,Synthetic funding issue requiring monitoring review.,OPEN,HIGH
ISS-00292-23-02,PAI-00292,2025-11-30,LAND_ACQUISITION,Synthetic land acquisition issue requiring monitoring review.,OPEN,LOW
ISS-00293-03-01,PAI-00293,2024-03-31,CLEARANCE,Synthetic clearance issue requiring monitoring review.,IN_PROGRESS,MEDIUM
ISS-00293-03-02,PAI-00293,2024-03-31,LEGAL_OR_SOCIAL,Synthetic legal or social issue requiring monitoring review.,RESOLVED,MEDIUM
ISS-00293-08-01,PAI-00293,2024-08-31,LEGAL_OR_SOCIAL,Synthetic legal or social issue requiring monitoring review.,IN_PROGRESS,MEDIUM
ISS-00293-09-01,PAI-00293,2024-09-30,LEGAL_OR_SOCIAL,Synthetic legal or social issue requiring monitoring review.,OPEN,MEDIUM
ISS-00293-09-02,PAI-00293,2024-09-30,SCOPE_OR_POLICY,Synthetic scope or policy issue requiring monitoring review.,OPEN,LOW
ISS-00293-11-01,PAI-00293,2024-11-30,FUNDING,Synthetic funding issue requiring monitoring review.,IN_PROGRESS,MEDIUM
ISS-00293-11-02,PAI-00293,2024-11-30,LAND_ACQUISITION,Synthetic land acquisition issue requiring monitoring review.,OPEN,MEDIUM
ISS-00293-13-01,PAI-00293,2025-01-31,ENGINEERING_OR_FEASIBILITY,Synthetic engineering or feasibility issue requiring monitoring review.,RESOLVED,MEDIUM
ISS-00293-15-01,PAI-00293,2025-03-31,CLEARANCE,Synthetic clearance issue requiring monitoring review.,RESOLVED,HIGH
ISS-00293-19-01,PAI-00293,2025-07-31,LEGAL_OR_SOCIAL,Synthetic legal or social issue requiring monitoring review.,RESOLVED,HIGH
ISS-00293-20-01,PAI-00293,2025-08-31,LAND_ACQUISITION,Synthetic land acquisition issue requiring monitoring review.,IN_PROGRESS,MEDIUM
ISS-00293-22-01,PAI-00293,2025-10-31,SCOPE_OR_POLICY,Synthetic scope or policy issue requiring monitoring review.,OPEN,MEDIUM
ISS-00293-23-01,PAI-00293,2025-11-30,BUDGET_OR_APPROVAL,Synthetic budget or approval issue requiring monitoring review.,OPEN,HIGH
ISS-00293-24-01,PAI-00293,2025-12-31,CLEARANCE,Synthetic clearance issue requiring monitoring review.,RESOLVED,LOW
ISS-00294-17-01,PAI-00294,2025-05-31,PROCUREMENT_OR_CONTRACT,Synthetic procurement or contract issue requiring monitoring review.,OPEN,HIGH
ISS-00294-18-01,PAI-00294,2025-06-30,FUNDING,Synthetic funding issue requiring monitoring review.,OPEN,LOW
ISS-00294-19-01,PAI-00294,2025-07-31,PROCUREMENT_OR_CONTRACT,Synthetic procurement or contract issue requiring monitoring review.,RESOLVED,LOW
ISS-00294-21-01,PAI-00294,2025-09-30,PROCUREMENT_OR_CONTRACT,Synthetic procurement or contract issue requiring monitoring review.,RESOLVED,MEDIUM
ISS-00294-22-01,PAI-00294,2025-10-31,BUDGET_OR_APPROVAL,Synthetic budget or approval issue requiring monitoring review.,OPEN,LOW
ISS-00295-01-01,PAI-00295,2024-01-31,LEGAL_OR_SOCIAL,Synthetic legal or social issue requiring monitoring review.,OPEN,MEDIUM
ISS-00295-02-01,PAI-00295,2024-02-29,BUDGET_OR_APPROVAL,Synthetic budget or approval issue requiring monitoring review.,RESOLVED,LOW
ISS-00295-04-01,PAI-00295,2024-04-30,BUDGET_OR_APPROVAL,Synthetic budget or approval issue requiring monitoring review.,OPEN,MEDIUM
ISS-00295-08-01,PAI-00295,2024-08-31,CLEARANCE,Synthetic clearance issue requiring monitoring review.,OPEN,LOW
ISS-00295-13-01,PAI-00295,2025-01-31,ENGINEERING_OR_FEASIBILITY,Synthetic engineering or feasibility issue requiring monitoring review.,OPEN,LOW
ISS-00295-14-01,PAI-00295,2025-02-28,BUDGET_OR_APPROVAL,Synthetic budget or approval issue requiring monitoring review.,OPEN,HIGH
ISS-00295-19-01,PAI-00295,2025-07-31,CLEARANCE,Synthetic clearance issue requiring monitoring review.,OPEN,LOW
ISS-00295-20-01,PAI-00295,2025-08-31,LEGAL_OR_SOCIAL,Synthetic legal or social issue requiring monitoring review.,IN_PROGRESS,LOW
ISS-00295-22-01,PAI-00295,2025-10-31,SCOPE_OR_POLICY,Synthetic scope or policy issue requiring monitoring review.,IN_PROGRESS,HIGH
ISS-00296-02-01,PAI-00296,2024-02-29,SCOPE_OR_POLICY,Synthetic scope or policy issue requiring monitoring review.,OPEN,HIGH
ISS-00296-03-01,PAI-00296,2024-03-31,PROCUREMENT_OR_CONTRACT,Synthetic procurement or contract issue requiring monitoring review.,IN_PROGRESS,HIGH
ISS-00296-10-01,PAI-00296,2024-10-31,PROCUREMENT_OR_CONTRACT,Synthetic procurement or contract issue requiring monitoring review.,IN_PROGRESS,MEDIUM
ISS-00296-11-01,PAI-00296,2024-11-30,FUNDING,Synthetic funding issue requiring monitoring review.,RESOLVED,MEDIUM
ISS-00296-11-02,PAI-00296,2024-11-30,PROCUREMENT_OR_CONTRACT,Synthetic procurement or contract issue requiring monitoring review.,OPEN,MEDIUM
ISS-00296-14-01,PAI-00296,2025-02-28,LAND_ACQUISITION,Synthetic land acquisition issue requiring monitoring review.,OPEN,MEDIUM
ISS-00296-17-01,PAI-00296,2025-05-31,LEGAL_OR_SOCIAL,Synthetic legal or social issue requiring monitoring review.,OPEN,LOW
ISS-00296-17-02,PAI-00296,2025-05-31,FUNDING,Synthetic funding issue requiring monitoring review.,IN_PROGRESS,MEDIUM
ISS-00296-17-03,PAI-00296,2025-05-31,SCOPE_OR_POLICY,Synthetic scope or policy issue requiring monitoring review.,OPEN,MEDIUM
ISS-00296-20-01,PAI-00296,2025-08-31,BUDGET_OR_APPROVAL,Synthetic budget or approval issue requiring monitoring review.,IN_PROGRESS,HIGH
ISS-00296-23-01,PAI-00296,2025-11-30,BUDGET_OR_APPROVAL,Synthetic budget or approval issue requiring monitoring review.,OPEN,LOW
ISS-00296-23-02,PAI-00296,2025-11-30,LAND_ACQUISITION,Synthetic land acquisition issue requiring monitoring review.,IN_PROGRESS,HIGH
ISS-00297-05-01,PAI-00297,2024-05-31,LAND_ACQUISITION,Synthetic land acquisition issue requiring monitoring review.,RESOLVED,MEDIUM
ISS-00297-06-01,PAI-00297,2024-06-30,ENGINEERING_OR_FEASIBILITY,Synthetic engineering or feasibility issue requiring monitoring review.,OPEN,HIGH
ISS-00297-09-01,PAI-00297,2024-09-30,PROCUREMENT_OR_CONTRACT,Synthetic procurement or contract issue requiring monitoring review.,OPEN,HIGH
ISS-00297-10-01,PAI-00297,2024-10-31,CLEARANCE,Synthetic clearance issue requiring monitoring review.,IN_PROGRESS,MEDIUM
ISS-00297-10-02,PAI-00297,2024-10-31,PROCUREMENT_OR_CONTRACT,Synthetic procurement or contract issue requiring monitoring review.,OPEN,LOW
ISS-00297-16-01,PAI-00297,2025-04-30,CLEARANCE,Synthetic clearance issue requiring monitoring review.,IN_PROGRESS,MEDIUM
ISS-00297-16-02,PAI-00297,2025-04-30,BUDGET_OR_APPROVAL,Synthetic budget or approval issue requiring monitoring review.,OPEN,LOW
ISS-00297-17-01,PAI-00297,2025-05-31,BUDGET_OR_APPROVAL,Synthetic budget or approval issue requiring monitoring review.,OPEN,LOW
ISS-00297-19-01,PAI-00297,2025-07-31,ENGINEERING_OR_FEASIBILITY,Synthetic engineering or feasibility issue requiring monitoring review.,OPEN,LOW
ISS-00297-23-01,PAI-00297,2025-11-30,ENGINEERING_OR_FEASIBILITY,Synthetic engineering or feasibility issue requiring monitoring review.,IN_PROGRESS,LOW
ISS-00297-23-02,PAI-00297,2025-11-30,ENGINEERING_OR_FEASIBILITY,Synthetic engineering or feasibility issue requiring monitoring review.,IN_PROGRESS,LOW
ISS-00297-24-01,PAI-00297,2025-12-31,LEGAL_OR_SOCIAL,Synthetic legal or social issue requiring monitoring review.,OPEN,LOW
ISS-00297-24-02,PAI-00297,2025-12-31,SCOPE_OR_POLICY,Synthetic scope or policy issue requiring monitoring review.,OPEN,MEDIUM
ISS-00298-01-01,PAI-00298,2024-01-31,LEGAL_OR_SOCIAL,Synthetic legal or social issue requiring monitoring review.,OPEN,LOW
ISS-00298-11-01,PAI-00298,2024-11-30,BUDGET_OR_APPROVAL,Synthetic budget or approval issue requiring monitoring review.,OPEN,MEDIUM
ISS-00298-12-01,PAI-00298,2024-12-31,CLEARANCE,Synthetic clearance issue requiring monitoring review.,IN_PROGRESS,HIGH
ISS-00298-12-02,PAI-00298,2024-12-31,PROCUREMENT_OR_CONTRACT,Synthetic procurement or contract issue requiring monitoring review.,OPEN,HIGH
ISS-00298-16-01,PAI-00298,2025-04-30,LAND_ACQUISITION,Synthetic land acquisition issue requiring monitoring review.,IN_PROGRESS,LOW
ISS-00298-21-01,PAI-00298,2025-09-30,LEGAL_OR_SOCIAL,Synthetic legal or social issue requiring monitoring review.,IN_PROGRESS,HIGH
ISS-00298-22-01,PAI-00298,2025-10-31,ENGINEERING_OR_FEASIBILITY,Synthetic engineering or feasibility issue requiring monitoring review.,RESOLVED,MEDIUM
ISS-00298-24-01,PAI-00298,2025-12-31,LAND_ACQUISITION,Synthetic land acquisition issue requiring monitoring review.,IN_PROGRESS,MEDIUM
ISS-00299-01-01,PAI-00299,2024-01-31,FUNDING,Synthetic funding issue requiring monitoring review.,RESOLVED,HIGH
ISS-00299-06-01,PAI-00299,2024-06-30,ENGINEERING_OR_FEASIBILITY,Synthetic engineering or feasibility issue requiring monitoring review.,IN_PROGRESS,HIGH
ISS-00299-06-02,PAI-00299,2024-06-30,PROCUREMENT_OR_CONTRACT,Synthetic procurement or contract issue requiring monitoring review.,OPEN,MEDIUM
ISS-00299-07-01,PAI-00299,2024-07-31,ENGINEERING_OR_FEASIBILITY,Synthetic engineering or feasibility issue requiring monitoring review.,OPEN,MEDIUM
ISS-00299-07-02,PAI-00299,2024-07-31,SCOPE_OR_POLICY,Synthetic scope or policy issue requiring monitoring review.,OPEN,MEDIUM
ISS-00299-08-01,PAI-00299,2024-08-31,LEGAL_OR_SOCIAL,Synthetic legal or social issue requiring monitoring review.,IN_PROGRESS,MEDIUM
ISS-00299-08-02,PAI-00299,2024-08-31,FUNDING,Synthetic funding issue requiring monitoring review.,OPEN,HIGH
ISS-00299-09-01,PAI-00299,2024-09-30,CLEARANCE,Synthetic clearance issue requiring monitoring review.,IN_PROGRESS,MEDIUM
ISS-00299-11-01,PAI-00299,2024-11-30,SCOPE_OR_POLICY,Synthetic scope or policy issue requiring monitoring review.,RESOLVED,LOW
ISS-00299-11-02,PAI-00299,2024-11-30,SCOPE_OR_POLICY,Synthetic scope or policy issue requiring monitoring review.,OPEN,MEDIUM
ISS-00299-12-01,PAI-00299,2024-12-31,FUNDING,Synthetic funding issue requiring monitoring review.,OPEN,LOW
ISS-00299-15-01,PAI-00299,2025-03-31,SCOPE_OR_POLICY,Synthetic scope or policy issue requiring monitoring review.,RESOLVED,LOW
ISS-00299-19-01,PAI-00299,2025-07-31,LAND_ACQUISITION,Synthetic land acquisition issue requiring monitoring review.,RESOLVED,HIGH
ISS-00299-20-01,PAI-00299,2025-08-31,CLEARANCE,Synthetic clearance issue requiring monitoring review.,OPEN,MEDIUM
ISS-00299-20-02,PAI-00299,2025-08-31,PROCUREMENT_OR_CONTRACT,Synthetic procurement or contract issue requiring monitoring review.,RESOLVED,MEDIUM
ISS-00299-21-01,PAI-00299,2025-09-30,LAND_ACQUISITION,Synthetic land acquisition issue requiring monitoring review.,OPEN,HIGH
ISS-00299-21-02,PAI-00299,2025-09-30,BUDGET_OR_APPROVAL,Synthetic budget or approval issue requiring monitoring review.,RESOLVED,MEDIUM
ISS-00299-22-01,PAI-00299,2025-10-31,ENGINEERING_OR_FEASIBILITY,Synthetic engineering or feasibility issue requiring monitoring review.,RESOLVED,MEDIUM
ISS-00299-22-02,PAI-00299,2025-10-31,SCOPE_OR_POLICY,Synthetic scope or policy issue requiring monitoring review.,OPEN,LOW
ISS-00299-23-01,PAI-00299,2025-11-30,PROCUREMENT_OR_CONTRACT,Synthetic procurement or contract issue requiring monitoring review.,OPEN,HIGH
ISS-00299-23-02,PAI-00299,2025-11-30,LEGAL_OR_SOCIAL,Synthetic legal or social issue requiring monitoring review.,IN_PROGRESS,MEDIUM
ISS-00299-23-03,PAI-00299,2025-11-30,ENGINEERING_OR_FEASIBILITY,Synthetic engineering or feasibility issue requiring monitoring review.,OPEN,MEDIUM
ISS-00299-24-01,PAI-00299,2025-12-31,BUDGET_OR_APPROVAL,Synthetic budget or approval issue requiring monitoring review.,IN_PROGRESS,HIGH
ISS-00299-24-02,PAI-00299,2025-12-31,PROCUREMENT_OR_CONTRACT,Synthetic procurement or contract issue requiring monitoring review.,OPEN,LOW
ISS-00300-02-01,PAI-00300,2024-02-29,FUNDING,Synthetic funding issue requiring monitoring review.,OPEN,LOW
ISS-00300-12-01,PAI-00300,2024-12-31,PROCUREMENT_OR_CONTRACT,Synthetic procurement or contract issue requiring monitoring review.,OPEN,HIGH
ISS-00300-12-02,PAI-00300,2024-12-31,CLEARANCE,Synthetic clearance issue requiring monitoring review.,OPEN,HIGH
ISS-00300-18-01,PAI-00300,2025-06-30,BUDGET_OR_APPROVAL,Synthetic budget or approval issue requiring monitoring review.,OPEN,MEDIUM
ISS-00300-22-01,PAI-00300,2025-10-31,LAND_ACQUISITION,Synthetic land acquisition issue requiring monitoring review.,RESOLVED,LOW
ISS-00300-23-01,PAI-00300,2025-11-30,PROCUREMENT_OR_CONTRACT,Synthetic procurement or contract issue requiring monitoring review.,OPEN,MEDIUM
ISS-00300-23-02,PAI-00300,2025-11-30,LEGAL_OR_SOCIAL,Synthetic legal or social issue requiring monitoring review.,RESOLVED,HIGH
ISS-00301-07-01,PAI-00301,2024-07-31,SCOPE_OR_POLICY,Synthetic scope or policy issue requiring monitoring review.,IN_PROGRESS,HIGH
ISS-00301-07-02,PAI-00301,2024-07-31,LEGAL_OR_SOCIAL,Synthetic legal or social issue requiring monitoring review.,IN_PROGRESS,LOW
ISS-00301-09-01,PAI-00301,2024-09-30,CLEARANCE,Synthetic clearance issue requiring monitoring review.,RESOLVED,HIGH
ISS-00301-11-01,PAI-00301,2024-11-30,SCOPE_OR_POLICY,Synthetic scope or policy issue requiring monitoring review.,OPEN,LOW
ISS-00301-12-01,PAI-00301,2024-12-31,ENGINEERING_OR_FEASIBILITY,Synthetic engineering or feasibility issue requiring monitoring review.,OPEN,LOW
ISS-00301-16-01,PAI-00301,2025-04-30,LEGAL_OR_SOCIAL,Synthetic legal or social issue requiring monitoring review.,OPEN,HIGH
ISS-00301-23-01,PAI-00301,2025-11-30,LAND_ACQUISITION,Synthetic land acquisition issue requiring monitoring review.,IN_PROGRESS,LOW
ISS-00302-02-01,PAI-00302,2024-02-29,PROCUREMENT_OR_CONTRACT,Synthetic procurement or contract issue requiring monitoring review.,IN_PROGRESS,LOW
ISS-00302-04-01,PAI-00302,2024-04-30,BUDGET_OR_APPROVAL,Synthetic budget or approval issue requiring monitoring review.,OPEN,LOW
ISS-00302-11-01,PAI-00302,2024-11-30,BUDGET_OR_APPROVAL,Synthetic budget or approval issue requiring monitoring review.,OPEN,LOW
ISS-00302-13-01,PAI-00302,2025-01-31,LAND_ACQUISITION,Synthetic land acquisition issue requiring monitoring review.,RESOLVED,LOW
ISS-00302-19-01,PAI-00302,2025-07-31,LEGAL_OR_SOCIAL,Synthetic legal or social issue requiring monitoring review.,RESOLVED,HIGH
ISS-00302-21-01,PAI-00302,2025-09-30,FUNDING,Synthetic funding issue requiring monitoring review.,OPEN,MEDIUM
ISS-00302-24-01,PAI-00302,2025-12-31,PROCUREMENT_OR_CONTRACT,Synthetic procurement or contract issue requiring monitoring review.,IN_PROGRESS,HIGH
ISS-00303-04-01,PAI-00303,2024-04-30,SCOPE_OR_POLICY,Synthetic scope or policy issue requiring monitoring review.,OPEN,HIGH
ISS-00303-05-01,PAI-00303,2024-05-31,ENGINEERING_OR_FEASIBILITY,Synthetic engineering or feasibility issue requiring monitoring review.,IN_PROGRESS,LOW
ISS-00303-06-01,PAI-00303,2024-06-30,PROCUREMENT_OR_CONTRACT,Synthetic procurement or contract issue requiring monitoring review.,IN_PROGRESS,MEDIUM
ISS-00303-08-01,PAI-00303,2024-08-31,FUNDING,Synthetic funding issue requiring monitoring review.,IN_PROGRESS,HIGH
ISS-00303-12-01,PAI-00303,2024-12-31,BUDGET_OR_APPROVAL,Synthetic budget or approval issue requiring monitoring review.,OPEN,HIGH
ISS-00303-13-01,PAI-00303,2025-01-31,BUDGET_OR_APPROVAL,Synthetic budget or approval issue requiring monitoring review.,RESOLVED,HIGH
ISS-00303-13-02,PAI-00303,2025-01-31,ENGINEERING_OR_FEASIBILITY,Synthetic engineering or feasibility issue requiring monitoring review.,OPEN,MEDIUM
ISS-00303-15-01,PAI-00303,2025-03-31,CLEARANCE,Synthetic clearance issue requiring monitoring review.,OPEN,HIGH
ISS-00303-16-01,PAI-00303,2025-04-30,PROCUREMENT_OR_CONTRACT,Synthetic procurement or contract issue requiring monitoring review.,OPEN,MEDIUM
ISS-00303-18-01,PAI-00303,2025-06-30,SCOPE_OR_POLICY,Synthetic scope or policy issue requiring monitoring review.,OPEN,HIGH
ISS-00303-20-01,PAI-00303,2025-08-31,LEGAL_OR_SOCIAL,Synthetic legal or social issue requiring monitoring review.,OPEN,MEDIUM
ISS-00303-21-01,PAI-00303,2025-09-30,FUNDING,Synthetic funding issue requiring monitoring review.,RESOLVED,HIGH
ISS-00303-21-02,PAI-00303,2025-09-30,LEGAL_OR_SOCIAL,Synthetic legal or social issue requiring monitoring review.,OPEN,MEDIUM
ISS-00303-22-01,PAI-00303,2025-10-31,SCOPE_OR_POLICY,Synthetic scope or policy issue requiring monitoring review.,IN_PROGRESS,LOW
ISS-00304-03-01,PAI-00304,2024-03-31,CLEARANCE,Synthetic clearance issue requiring monitoring review.,OPEN,LOW
ISS-00304-06-01,PAI-00304,2024-06-30,BUDGET_OR_APPROVAL,Synthetic budget or approval issue requiring monitoring review.,RESOLVED,LOW
ISS-00304-13-01,PAI-00304,2025-01-31,ENGINEERING_OR_FEASIBILITY,Synthetic engineering or feasibility issue requiring monitoring review.,OPEN,LOW
ISS-00304-13-02,PAI-00304,2025-01-31,CLEARANCE,Synthetic clearance issue requiring monitoring review.,IN_PROGRESS,LOW
ISS-00304-21-01,PAI-00304,2025-09-30,LAND_ACQUISITION,Synthetic land acquisition issue requiring monitoring review.,IN_PROGRESS,LOW
ISS-00305-04-01,PAI-00305,2024-04-30,ENGINEERING_OR_FEASIBILITY,Synthetic engineering or feasibility issue requiring monitoring review.,IN_PROGRESS,LOW
ISS-00305-11-01,PAI-00305,2024-11-30,CLEARANCE,Synthetic clearance issue requiring monitoring review.,OPEN,MEDIUM
ISS-00305-14-01,PAI-00305,2025-02-28,ENGINEERING_OR_FEASIBILITY,Synthetic engineering or feasibility issue requiring monitoring review.,OPEN,HIGH
ISS-00305-21-01,PAI-00305,2025-09-30,ENGINEERING_OR_FEASIBILITY,Synthetic engineering or feasibility issue requiring monitoring review.,IN_PROGRESS,MEDIUM
ISS-00305-24-01,PAI-00305,2025-12-31,PROCUREMENT_OR_CONTRACT,Synthetic procurement or contract issue requiring monitoring review.,OPEN,MEDIUM
ISS-00306-11-01,PAI-00306,2024-11-30,PROCUREMENT_OR_CONTRACT,Synthetic procurement or contract issue requiring monitoring review.,OPEN,MEDIUM
ISS-00306-12-01,PAI-00306,2024-12-31,CLEARANCE,Synthetic clearance issue requiring monitoring review.,OPEN,HIGH
ISS-00306-14-01,PAI-00306,2025-02-28,PROCUREMENT_OR_CONTRACT,Synthetic procurement or contract issue requiring monitoring review.,IN_PROGRESS,MEDIUM
ISS-00306-17-01,PAI-00306,2025-05-31,SCOPE_OR_POLICY,Synthetic scope or policy issue requiring monitoring review.,IN_PROGRESS,MEDIUM
ISS-00306-21-01,PAI-00306,2025-09-30,CLEARANCE,Synthetic clearance issue requiring monitoring review.,IN_PROGRESS,MEDIUM
ISS-00306-23-01,PAI-00306,2025-11-30,FUNDING,Synthetic funding issue requiring monitoring review.,OPEN,MEDIUM
ISS-00306-24-01,PAI-00306,2025-12-31,BUDGET_OR_APPROVAL,Synthetic budget or approval issue requiring monitoring review.,OPEN,MEDIUM
ISS-00307-04-01,PAI-00307,2024-04-30,LEGAL_OR_SOCIAL,Synthetic legal or social issue requiring monitoring review.,OPEN,MEDIUM
ISS-00307-13-01,PAI-00307,2025-01-31,LEGAL_OR_SOCIAL,Synthetic legal or social issue requiring monitoring review.,OPEN,MEDIUM
ISS-00307-17-01,PAI-00307,2025-05-31,ENGINEERING_OR_FEASIBILITY,Synthetic engineering or feasibility issue requiring monitoring review.,RESOLVED,MEDIUM
ISS-00307-22-01,PAI-00307,2025-10-31,ENGINEERING_OR_FEASIBILITY,Synthetic engineering or feasibility issue requiring monitoring review.,OPEN,HIGH
ISS-00308-08-01,PAI-00308,2024-08-31,BUDGET_OR_APPROVAL,Synthetic budget or approval issue requiring monitoring review.,IN_PROGRESS,HIGH
ISS-00308-08-02,PAI-00308,2024-08-31,PROCUREMENT_OR_CONTRACT,Synthetic procurement or contract issue requiring monitoring review.,RESOLVED,MEDIUM
ISS-00308-19-01,PAI-00308,2025-07-31,ENGINEERING_OR_FEASIBILITY,Synthetic engineering or feasibility issue requiring monitoring review.,IN_PROGRESS,MEDIUM
ISS-00308-21-01,PAI-00308,2025-09-30,ENGINEERING_OR_FEASIBILITY,Synthetic engineering or feasibility issue requiring monitoring review.,OPEN,MEDIUM
ISS-00308-22-01,PAI-00308,2025-10-31,BUDGET_OR_APPROVAL,Synthetic budget or approval issue requiring monitoring review.,IN_PROGRESS,MEDIUM
ISS-00308-23-01,PAI-00308,2025-11-30,LAND_ACQUISITION,Synthetic land acquisition issue requiring monitoring review.,IN_PROGRESS,HIGH
ISS-00309-06-01,PAI-00309,2024-06-30,SCOPE_OR_POLICY,Synthetic scope or policy issue requiring monitoring review.,OPEN,HIGH
ISS-00309-09-01,PAI-00309,2024-09-30,CLEARANCE,Synthetic clearance issue requiring monitoring review.,OPEN,LOW
ISS-00309-09-02,PAI-00309,2024-09-30,ENGINEERING_OR_FEASIBILITY,Synthetic engineering or feasibility issue requiring monitoring review.,OPEN,MEDIUM
ISS-00309-10-01,PAI-00309,2024-10-31,PROCUREMENT_OR_CONTRACT,Synthetic procurement or contract issue requiring monitoring review.,RESOLVED,LOW
ISS-00309-14-01,PAI-00309,2025-02-28,PROCUREMENT_OR_CONTRACT,Synthetic procurement or contract issue requiring monitoring review.,OPEN,MEDIUM
ISS-00309-15-01,PAI-00309,2025-03-31,LEGAL_OR_SOCIAL,Synthetic legal or social issue requiring monitoring review.,OPEN,MEDIUM
ISS-00309-18-01,PAI-00309,2025-06-30,BUDGET_OR_APPROVAL,Synthetic budget or approval issue requiring monitoring review.,OPEN,HIGH
ISS-00309-22-01,PAI-00309,2025-10-31,LAND_ACQUISITION,Synthetic land acquisition issue requiring monitoring review.,IN_PROGRESS,HIGH
ISS-00309-23-01,PAI-00309,2025-11-30,PROCUREMENT_OR_CONTRACT,Synthetic procurement or contract issue requiring monitoring review.,RESOLVED,LOW
ISS-00309-24-01,PAI-00309,2025-12-31,LEGAL_OR_SOCIAL,Synthetic legal or social issue requiring monitoring review.,OPEN,MEDIUM
ISS-00310-03-01,PAI-00310,2024-03-31,PROCUREMENT_OR_CONTRACT,Synthetic procurement or contract issue requiring monitoring review.,IN_PROGRESS,MEDIUM
ISS-00310-05-01,PAI-00310,2024-05-31,LAND_ACQUISITION,Synthetic land acquisition issue requiring monitoring review.,OPEN,LOW
ISS-00310-09-01,PAI-00310,2024-09-30,SCOPE_OR_POLICY,Synthetic scope or policy issue requiring monitoring review.,RESOLVED,MEDIUM
ISS-00310-09-02,PAI-00310,2024-09-30,ENGINEERING_OR_FEASIBILITY,Synthetic engineering or feasibility issue requiring monitoring review.,OPEN,HIGH
ISS-00310-11-01,PAI-00310,2024-11-30,LEGAL_OR_SOCIAL,Synthetic legal or social issue requiring monitoring review.,OPEN,LOW
ISS-00310-12-01,PAI-00310,2024-12-31,LEGAL_OR_SOCIAL,Synthetic legal or social issue requiring monitoring review.,IN_PROGRESS,LOW
ISS-00310-12-02,PAI-00310,2024-12-31,CLEARANCE,Synthetic clearance issue requiring monitoring review.,OPEN,HIGH
ISS-00310-13-01,PAI-00310,2025-01-31,PROCUREMENT_OR_CONTRACT,Synthetic procurement or contract issue requiring monitoring review.,RESOLVED,MEDIUM
ISS-00310-15-01,PAI-00310,2025-03-31,ENGINEERING_OR_FEASIBILITY,Synthetic engineering or feasibility issue requiring monitoring review.,RESOLVED,HIGH
ISS-00310-16-01,PAI-00310,2025-04-30,LAND_ACQUISITION,Synthetic land acquisition issue requiring monitoring review.,OPEN,MEDIUM
ISS-00310-18-01,PAI-00310,2025-06-30,FUNDING,Synthetic funding issue requiring monitoring review.,IN_PROGRESS,LOW
ISS-00310-18-02,PAI-00310,2025-06-30,SCOPE_OR_POLICY,Synthetic scope or policy issue requiring monitoring review.,IN_PROGRESS,LOW
ISS-00310-21-01,PAI-00310,2025-09-30,FUNDING,Synthetic funding issue requiring monitoring review.,OPEN,HIGH
ISS-00310-23-01,PAI-00310,2025-11-30,BUDGET_OR_APPROVAL,Synthetic budget or approval issue requiring monitoring review.,OPEN,MEDIUM
ISS-00310-24-01,PAI-00310,2025-12-31,SCOPE_OR_POLICY,Synthetic scope or policy issue requiring monitoring review.,IN_PROGRESS,HIGH
ISS-00310-24-02,PAI-00310,2025-12-31,FUNDING,Synthetic funding issue requiring monitoring review.,IN_PROGRESS,LOW
ISS-00310-24-03,PAI-00310,2025-12-31,ENGINEERING_OR_FEASIBILITY,Synthetic engineering or feasibility issue requiring monitoring review.,IN_PROGRESS,HIGH
ISS-00311-03-01,PAI-00311,2024-03-31,LAND_ACQUISITION,Synthetic land acquisition issue requiring monitoring review.,OPEN,MEDIUM
ISS-00311-03-02,PAI-00311,2024-03-31,BUDGET_OR_APPROVAL,Synthetic budget or approval issue requiring monitoring review.,OPEN,HIGH
ISS-00311-04-01,PAI-00311,2024-04-30,FUNDING,Synthetic funding issue requiring monitoring review.,OPEN,MEDIUM
ISS-00311-04-02,PAI-00311,2024-04-30,LAND_ACQUISITION,Synthetic land acquisition issue requiring monitoring review.,IN_PROGRESS,MEDIUM
ISS-00311-06-01,PAI-00311,2024-06-30,PROCUREMENT_OR_CONTRACT,Synthetic procurement or contract issue requiring monitoring review.,IN_PROGRESS,HIGH
ISS-00311-06-02,PAI-00311,2024-06-30,FUNDING,Synthetic funding issue requiring monitoring review.,IN_PROGRESS,MEDIUM
ISS-00311-06-03,PAI-00311,2024-06-30,LEGAL_OR_SOCIAL,Synthetic legal or social issue requiring monitoring review.,IN_PROGRESS,MEDIUM
ISS-00311-09-01,PAI-00311,2024-09-30,FUNDING,Synthetic funding issue requiring monitoring review.,OPEN,HIGH
ISS-00311-10-01,PAI-00311,2024-10-31,LEGAL_OR_SOCIAL,Synthetic legal or social issue requiring monitoring review.,RESOLVED,LOW
ISS-00311-10-02,PAI-00311,2024-10-31,SCOPE_OR_POLICY,Synthetic scope or policy issue requiring monitoring review.,RESOLVED,HIGH
ISS-00311-12-01,PAI-00311,2024-12-31,SCOPE_OR_POLICY,Synthetic scope or policy issue requiring monitoring review.,IN_PROGRESS,MEDIUM
ISS-00311-12-02,PAI-00311,2024-12-31,LAND_ACQUISITION,Synthetic land acquisition issue requiring monitoring review.,IN_PROGRESS,LOW
ISS-00311-13-01,PAI-00311,2025-01-31,LEGAL_OR_SOCIAL,Synthetic legal or social issue requiring monitoring review.,OPEN,MEDIUM
ISS-00311-14-01,PAI-00311,2025-02-28,BUDGET_OR_APPROVAL,Synthetic budget or approval issue requiring monitoring review.,IN_PROGRESS,MEDIUM
ISS-00311-16-01,PAI-00311,2025-04-30,CLEARANCE,Synthetic clearance issue requiring monitoring review.,OPEN,LOW
ISS-00311-16-02,PAI-00311,2025-04-30,PROCUREMENT_OR_CONTRACT,Synthetic procurement or contract issue requiring monitoring review.,OPEN,MEDIUM
ISS-00311-16-03,PAI-00311,2025-04-30,ENGINEERING_OR_FEASIBILITY,Synthetic engineering or feasibility issue requiring monitoring review.,OPEN,HIGH
ISS-00311-16-04,PAI-00311,2025-04-30,SCOPE_OR_POLICY,Synthetic scope or policy issue requiring monitoring review.,OPEN,MEDIUM
ISS-00311-18-01,PAI-00311,2025-06-30,PROCUREMENT_OR_CONTRACT,Synthetic procurement or contract issue requiring monitoring review.,OPEN,HIGH
ISS-00311-18-02,PAI-00311,2025-06-30,ENGINEERING_OR_FEASIBILITY,Synthetic engineering or feasibility issue requiring monitoring review.,OPEN,MEDIUM
ISS-00311-18-03,PAI-00311,2025-06-30,SCOPE_OR_POLICY,Synthetic scope or policy issue requiring monitoring review.,OPEN,MEDIUM
ISS-00311-19-01,PAI-00311,2025-07-31,LEGAL_OR_SOCIAL,Synthetic legal or social issue requiring monitoring review.,RESOLVED,MEDIUM
ISS-00311-19-02,PAI-00311,2025-07-31,SCOPE_OR_POLICY,Synthetic scope or policy issue requiring monitoring review.,IN_PROGRESS,MEDIUM
ISS-00311-20-01,PAI-00311,2025-08-31,ENGINEERING_OR_FEASIBILITY,Synthetic engineering or feasibility issue requiring monitoring review.,IN_PROGRESS,LOW
ISS-00311-21-01,PAI-00311,2025-09-30,CLEARANCE,Synthetic clearance issue requiring monitoring review.,OPEN,HIGH
ISS-00311-21-02,PAI-00311,2025-09-30,SCOPE_OR_POLICY,Synthetic scope or policy issue requiring monitoring review.,OPEN,MEDIUM
ISS-00311-23-01,PAI-00311,2025-11-30,LEGAL_OR_SOCIAL,Synthetic legal or social issue requiring monitoring review.,OPEN,LOW
ISS-00311-23-02,PAI-00311,2025-11-30,LEGAL_OR_SOCIAL,Synthetic legal or social issue requiring monitoring review.,IN_PROGRESS,MEDIUM
ISS-00311-24-01,PAI-00311,2025-12-31,LEGAL_OR_SOCIAL,Synthetic legal or social issue requiring monitoring review.,OPEN,MEDIUM
ISS-00312-17-01,PAI-00312,2025-05-31,LAND_ACQUISITION,Synthetic land acquisition issue requiring monitoring review.,OPEN,LOW
ISS-00312-19-01,PAI-00312,2025-07-31,SCOPE_OR_POLICY,Synthetic scope or policy issue requiring monitoring review.,RESOLVED,LOW
ISS-00313-02-01,PAI-00313,2024-02-29,LEGAL_OR_SOCIAL,Synthetic legal or social issue requiring monitoring review.,IN_PROGRESS,MEDIUM
ISS-00313-09-01,PAI-00313,2024-09-30,SCOPE_OR_POLICY,Synthetic scope or policy issue requiring monitoring review.,OPEN,MEDIUM
ISS-00313-10-01,PAI-00313,2024-10-31,LEGAL_OR_SOCIAL,Synthetic legal or social issue requiring monitoring review.,OPEN,MEDIUM
ISS-00313-14-01,PAI-00313,2025-02-28,SCOPE_OR_POLICY,Synthetic scope or policy issue requiring monitoring review.,IN_PROGRESS,HIGH
ISS-00313-17-01,PAI-00313,2025-05-31,PROCUREMENT_OR_CONTRACT,Synthetic procurement or contract issue requiring monitoring review.,OPEN,HIGH
ISS-00313-19-01,PAI-00313,2025-07-31,FUNDING,Synthetic funding issue requiring monitoring review.,IN_PROGRESS,LOW
ISS-00313-22-01,PAI-00313,2025-10-31,PROCUREMENT_OR_CONTRACT,Synthetic procurement or contract issue requiring monitoring review.,RESOLVED,LOW
ISS-00313-23-01,PAI-00313,2025-11-30,FUNDING,Synthetic funding issue requiring monitoring review.,OPEN,MEDIUM
ISS-00314-06-01,PAI-00314,2024-06-30,BUDGET_OR_APPROVAL,Synthetic budget or approval issue requiring monitoring review.,OPEN,LOW
ISS-00314-10-01,PAI-00314,2024-10-31,CLEARANCE,Synthetic clearance issue requiring monitoring review.,OPEN,LOW
ISS-00314-11-01,PAI-00314,2024-11-30,PROCUREMENT_OR_CONTRACT,Synthetic procurement or contract issue requiring monitoring review.,IN_PROGRESS,LOW
ISS-00314-14-01,PAI-00314,2025-02-28,FUNDING,Synthetic funding issue requiring monitoring review.,RESOLVED,MEDIUM
ISS-00314-16-01,PAI-00314,2025-04-30,LEGAL_OR_SOCIAL,Synthetic legal or social issue requiring monitoring review.,OPEN,MEDIUM
ISS-00314-16-02,PAI-00314,2025-04-30,LEGAL_OR_SOCIAL,Synthetic legal or social issue requiring monitoring review.,OPEN,MEDIUM
ISS-00314-23-01,PAI-00314,2025-11-30,ENGINEERING_OR_FEASIBILITY,Synthetic engineering or feasibility issue requiring monitoring review.,OPEN,LOW
ISS-00315-08-01,PAI-00315,2024-08-31,BUDGET_OR_APPROVAL,Synthetic budget or approval issue requiring monitoring review.,IN_PROGRESS,MEDIUM
ISS-00315-08-02,PAI-00315,2024-08-31,CLEARANCE,Synthetic clearance issue requiring monitoring review.,IN_PROGRESS,MEDIUM
ISS-00315-09-01,PAI-00315,2024-09-30,CLEARANCE,Synthetic clearance issue requiring monitoring review.,OPEN,LOW
ISS-00315-16-01,PAI-00315,2025-04-30,CLEARANCE,Synthetic clearance issue requiring monitoring review.,IN_PROGRESS,MEDIUM
ISS-00315-16-02,PAI-00315,2025-04-30,CLEARANCE,Synthetic clearance issue requiring monitoring review.,OPEN,MEDIUM
ISS-00315-17-01,PAI-00315,2025-05-31,LEGAL_OR_SOCIAL,Synthetic legal or social issue requiring monitoring review.,IN_PROGRESS,LOW
ISS-00315-21-01,PAI-00315,2025-09-30,FUNDING,Synthetic funding issue requiring monitoring review.,RESOLVED,MEDIUM
ISS-00315-22-01,PAI-00315,2025-10-31,PROCUREMENT_OR_CONTRACT,Synthetic procurement or contract issue requiring monitoring review.,OPEN,LOW
ISS-00315-24-01,PAI-00315,2025-12-31,PROCUREMENT_OR_CONTRACT,Synthetic procurement or contract issue requiring monitoring review.,IN_PROGRESS,HIGH
ISS-00315-24-02,PAI-00315,2025-12-31,CLEARANCE,Synthetic clearance issue requiring monitoring review.,OPEN,MEDIUM
ISS-00316-05-01,PAI-00316,2024-05-31,SCOPE_OR_POLICY,Synthetic scope or policy issue requiring monitoring review.,OPEN,MEDIUM
ISS-00316-09-01,PAI-00316,2024-09-30,BUDGET_OR_APPROVAL,Synthetic budget or approval issue requiring monitoring review.,RESOLVED,MEDIUM
ISS-00316-11-01,PAI-00316,2024-11-30,LAND_ACQUISITION,Synthetic land acquisition issue requiring monitoring review.,OPEN,LOW
ISS-00316-16-01,PAI-00316,2025-04-30,LAND_ACQUISITION,Synthetic land acquisition issue requiring monitoring review.,IN_PROGRESS,HIGH
ISS-00316-19-01,PAI-00316,2025-07-31,LEGAL_OR_SOCIAL,Synthetic legal or social issue requiring monitoring review.,OPEN,LOW
ISS-00316-20-01,PAI-00316,2025-08-31,BUDGET_OR_APPROVAL,Synthetic budget or approval issue requiring monitoring review.,OPEN,LOW
ISS-00316-21-01,PAI-00316,2025-09-30,LAND_ACQUISITION,Synthetic land acquisition issue requiring monitoring review.,OPEN,MEDIUM
ISS-00316-23-01,PAI-00316,2025-11-30,PROCUREMENT_OR_CONTRACT,Synthetic procurement or contract issue requiring monitoring review.,OPEN,LOW
ISS-00317-01-01,PAI-00317,2024-01-31,FUNDING,Synthetic funding issue requiring monitoring review.,OPEN,HIGH
ISS-00317-12-01,PAI-00317,2024-12-31,LEGAL_OR_SOCIAL,Synthetic legal or social issue requiring monitoring review.,OPEN,MEDIUM
ISS-00317-17-01,PAI-00317,2025-05-31,LAND_ACQUISITION,Synthetic land acquisition issue requiring monitoring review.,OPEN,LOW
ISS-00317-18-01,PAI-00317,2025-06-30,ENGINEERING_OR_FEASIBILITY,Synthetic engineering or feasibility issue requiring monitoring review.,IN_PROGRESS,MEDIUM
ISS-00317-21-01,PAI-00317,2025-09-30,LEGAL_OR_SOCIAL,Synthetic legal or social issue requiring monitoring review.,IN_PROGRESS,MEDIUM
ISS-00317-24-01,PAI-00317,2025-12-31,BUDGET_OR_APPROVAL,Synthetic budget or approval issue requiring monitoring review.,RESOLVED,LOW
ISS-00318-10-01,PAI-00318,2024-10-31,LAND_ACQUISITION,Synthetic land acquisition issue requiring monitoring review.,RESOLVED,LOW
ISS-00318-11-01,PAI-00318,2024-11-30,SCOPE_OR_POLICY,Synthetic scope or policy issue requiring monitoring review.,RESOLVED,LOW
ISS-00318-13-01,PAI-00318,2025-01-31,FUNDING,Synthetic funding issue requiring monitoring review.,IN_PROGRESS,LOW
ISS-00318-18-01,PAI-00318,2025-06-30,CLEARANCE,Synthetic clearance issue requiring monitoring review.,RESOLVED,LOW
ISS-00318-18-02,PAI-00318,2025-06-30,FUNDING,Synthetic funding issue requiring monitoring review.,IN_PROGRESS,MEDIUM
ISS-00319-01-01,PAI-00319,2024-01-31,ENGINEERING_OR_FEASIBILITY,Synthetic engineering or feasibility issue requiring monitoring review.,OPEN,LOW
ISS-00319-12-01,PAI-00319,2024-12-31,PROCUREMENT_OR_CONTRACT,Synthetic procurement or contract issue requiring monitoring review.,IN_PROGRESS,HIGH
ISS-00319-15-01,PAI-00319,2025-03-31,CLEARANCE,Synthetic clearance issue requiring monitoring review.,RESOLVED,HIGH
ISS-00319-16-01,PAI-00319,2025-04-30,LEGAL_OR_SOCIAL,Synthetic legal or social issue requiring monitoring review.,OPEN,MEDIUM
ISS-00319-21-01,PAI-00319,2025-09-30,SCOPE_OR_POLICY,Synthetic scope or policy issue requiring monitoring review.,IN_PROGRESS,LOW
ISS-00319-22-01,PAI-00319,2025-10-31,FUNDING,Synthetic funding issue requiring monitoring review.,OPEN,HIGH
ISS-00320-04-01,PAI-00320,2024-04-30,SCOPE_OR_POLICY,Synthetic scope or policy issue requiring monitoring review.,RESOLVED,LOW
ISS-00320-06-01,PAI-00320,2024-06-30,PROCUREMENT_OR_CONTRACT,Synthetic procurement or contract issue requiring monitoring review.,OPEN,LOW
ISS-00320-07-01,PAI-00320,2024-07-31,FUNDING,Synthetic funding issue requiring monitoring review.,OPEN,HIGH
ISS-00320-07-02,PAI-00320,2024-07-31,SCOPE_OR_POLICY,Synthetic scope or policy issue requiring monitoring review.,OPEN,LOW
ISS-00320-08-01,PAI-00320,2024-08-31,BUDGET_OR_APPROVAL,Synthetic budget or approval issue requiring monitoring review.,OPEN,LOW
ISS-00320-09-01,PAI-00320,2024-09-30,LEGAL_OR_SOCIAL,Synthetic legal or social issue requiring monitoring review.,OPEN,MEDIUM
ISS-00320-10-01,PAI-00320,2024-10-31,FUNDING,Synthetic funding issue requiring monitoring review.,OPEN,HIGH
ISS-00320-11-01,PAI-00320,2024-11-30,LAND_ACQUISITION,Synthetic land acquisition issue requiring monitoring review.,RESOLVED,LOW
ISS-00320-11-02,PAI-00320,2024-11-30,CLEARANCE,Synthetic clearance issue requiring monitoring review.,OPEN,MEDIUM
ISS-00320-12-01,PAI-00320,2024-12-31,FUNDING,Synthetic funding issue requiring monitoring review.,OPEN,MEDIUM
ISS-00320-12-02,PAI-00320,2024-12-31,PROCUREMENT_OR_CONTRACT,Synthetic procurement or contract issue requiring monitoring review.,RESOLVED,LOW
ISS-00320-12-03,PAI-00320,2024-12-31,LEGAL_OR_SOCIAL,Synthetic legal or social issue requiring monitoring review.,IN_PROGRESS,MEDIUM
ISS-00320-13-01,PAI-00320,2025-01-31,BUDGET_OR_APPROVAL,Synthetic budget or approval issue requiring monitoring review.,IN_PROGRESS,LOW
ISS-00320-14-01,PAI-00320,2025-02-28,CLEARANCE,Synthetic clearance issue requiring monitoring review.,OPEN,LOW
ISS-00320-15-01,PAI-00320,2025-03-31,LEGAL_OR_SOCIAL,Synthetic legal or social issue requiring monitoring review.,OPEN,HIGH
ISS-00320-15-02,PAI-00320,2025-03-31,LEGAL_OR_SOCIAL,Synthetic legal or social issue requiring monitoring review.,OPEN,LOW
ISS-00320-16-01,PAI-00320,2025-04-30,LEGAL_OR_SOCIAL,Synthetic legal or social issue requiring monitoring review.,OPEN,MEDIUM
ISS-00320-16-02,PAI-00320,2025-04-30,FUNDING,Synthetic funding issue requiring monitoring review.,OPEN,LOW
ISS-00320-17-01,PAI-00320,2025-05-31,PROCUREMENT_OR_CONTRACT,Synthetic procurement or contract issue requiring monitoring review.,RESOLVED,HIGH
ISS-00320-17-02,PAI-00320,2025-05-31,BUDGET_OR_APPROVAL,Synthetic budget or approval issue requiring monitoring review.,IN_PROGRESS,HIGH
ISS-00320-18-01,PAI-00320,2025-06-30,SCOPE_OR_POLICY,Synthetic scope or policy issue requiring monitoring review.,OPEN,HIGH
ISS-00320-18-02,PAI-00320,2025-06-30,LAND_ACQUISITION,Synthetic land acquisition issue requiring monitoring review.,RESOLVED,MEDIUM
ISS-00320-18-03,PAI-00320,2025-06-30,CLEARANCE,Synthetic clearance issue requiring monitoring review.,OPEN,MEDIUM
ISS-00320-19-01,PAI-00320,2025-07-31,ENGINEERING_OR_FEASIBILITY,Synthetic engineering or feasibility issue requiring monitoring review.,OPEN,MEDIUM
ISS-00320-19-02,PAI-00320,2025-07-31,LEGAL_OR_SOCIAL,Synthetic legal or social issue requiring monitoring review.,RESOLVED,MEDIUM
ISS-00320-19-03,PAI-00320,2025-07-31,LAND_ACQUISITION,Synthetic land acquisition issue requiring monitoring review.,OPEN,MEDIUM
ISS-00320-20-01,PAI-00320,2025-08-31,BUDGET_OR_APPROVAL,Synthetic budget or approval issue requiring monitoring review.,OPEN,MEDIUM
ISS-00320-21-01,PAI-00320,2025-09-30,CLEARANCE,Synthetic clearance issue requiring monitoring review.,OPEN,HIGH
ISS-00320-22-01,PAI-00320,2025-10-31,LAND_ACQUISITION,Synthetic land acquisition issue requiring monitoring review.,OPEN,LOW
ISS-00320-23-01,PAI-00320,2025-11-30,ENGINEERING_OR_FEASIBILITY,Synthetic engineering or feasibility issue requiring monitoring review.,IN_PROGRESS,LOW
ISS-00320-23-02,PAI-00320,2025-11-30,CLEARANCE,Synthetic clearance issue requiring monitoring review.,IN_PROGRESS,HIGH
ISS-00320-23-03,PAI-00320,2025-11-30,BUDGET_OR_APPROVAL,Synthetic budget or approval issue requiring monitoring review.,OPEN,MEDIUM
ISS-00320-23-04,PAI-00320,2025-11-30,BUDGET_OR_APPROVAL,Synthetic budget or approval issue requiring monitoring review.,OPEN,MEDIUM
ISS-00320-24-01,PAI-00320,2025-12-31,CLEARANCE,Synthetic clearance issue requiring monitoring review.,OPEN,MEDIUM
ISS-00321-14-01,PAI-00321,2025-02-28,PROCUREMENT_OR_CONTRACT,Synthetic procurement or contract issue requiring monitoring review.,OPEN,LOW
ISS-00321-19-01,PAI-00321,2025-07-31,LEGAL_OR_SOCIAL,Synthetic legal or social issue requiring monitoring review.,IN_PROGRESS,HIGH
ISS-00321-22-01,PAI-00321,2025-10-31,FUNDING,Synthetic funding issue requiring monitoring review.,OPEN,MEDIUM
ISS-00321-23-01,PAI-00321,2025-11-30,FUNDING,Synthetic funding issue requiring monitoring review.,OPEN,LOW
ISS-00321-24-01,PAI-00321,2025-12-31,CLEARANCE,Synthetic clearance issue requiring monitoring review.,RESOLVED,HIGH
ISS-00322-04-01,PAI-00322,2024-04-30,LAND_ACQUISITION,Synthetic land acquisition issue requiring monitoring review.,IN_PROGRESS,HIGH
ISS-00322-04-02,PAI-00322,2024-04-30,LAND_ACQUISITION,Synthetic land acquisition issue requiring monitoring review.,IN_PROGRESS,MEDIUM
ISS-00322-05-01,PAI-00322,2024-05-31,PROCUREMENT_OR_CONTRACT,Synthetic procurement or contract issue requiring monitoring review.,IN_PROGRESS,HIGH
ISS-00322-08-01,PAI-00322,2024-08-31,ENGINEERING_OR_FEASIBILITY,Synthetic engineering or feasibility issue requiring monitoring review.,RESOLVED,HIGH
ISS-00322-08-02,PAI-00322,2024-08-31,PROCUREMENT_OR_CONTRACT,Synthetic procurement or contract issue requiring monitoring review.,OPEN,HIGH
ISS-00322-10-01,PAI-00322,2024-10-31,SCOPE_OR_POLICY,Synthetic scope or policy issue requiring monitoring review.,IN_PROGRESS,HIGH
ISS-00322-12-01,PAI-00322,2024-12-31,CLEARANCE,Synthetic clearance issue requiring monitoring review.,OPEN,HIGH
ISS-00322-13-01,PAI-00322,2025-01-31,ENGINEERING_OR_FEASIBILITY,Synthetic engineering or feasibility issue requiring monitoring review.,RESOLVED,MEDIUM
ISS-00322-15-01,PAI-00322,2025-03-31,CLEARANCE,Synthetic clearance issue requiring monitoring review.,OPEN,HIGH
ISS-00322-16-01,PAI-00322,2025-04-30,PROCUREMENT_OR_CONTRACT,Synthetic procurement or contract issue requiring monitoring review.,IN_PROGRESS,MEDIUM
ISS-00322-17-01,PAI-00322,2025-05-31,PROCUREMENT_OR_CONTRACT,Synthetic procurement or contract issue requiring monitoring review.,IN_PROGRESS,HIGH
ISS-00322-18-01,PAI-00322,2025-06-30,CLEARANCE,Synthetic clearance issue requiring monitoring review.,RESOLVED,HIGH
ISS-00322-22-01,PAI-00322,2025-10-31,FUNDING,Synthetic funding issue requiring monitoring review.,IN_PROGRESS,MEDIUM
ISS-00322-22-02,PAI-00322,2025-10-31,CLEARANCE,Synthetic clearance issue requiring monitoring review.,OPEN,MEDIUM
ISS-00322-23-01,PAI-00322,2025-11-30,ENGINEERING_OR_FEASIBILITY,Synthetic engineering or feasibility issue requiring monitoring review.,OPEN,MEDIUM
ISS-00322-24-01,PAI-00322,2025-12-31,CLEARANCE,Synthetic clearance issue requiring monitoring review.,RESOLVED,HIGH
ISS-00322-24-02,PAI-00322,2025-12-31,FUNDING,Synthetic funding issue requiring monitoring review.,IN_PROGRESS,MEDIUM
ISS-00323-09-01,PAI-00323,2024-09-30,ENGINEERING_OR_FEASIBILITY,Synthetic engineering or feasibility issue requiring monitoring review.,OPEN,MEDIUM
ISS-00323-10-01,PAI-00323,2024-10-31,LAND_ACQUISITION,Synthetic land acquisition issue requiring monitoring review.,RESOLVED,LOW
ISS-00323-11-01,PAI-00323,2024-11-30,CLEARANCE,Synthetic clearance issue requiring monitoring review.,OPEN,MEDIUM
ISS-00323-11-02,PAI-00323,2024-11-30,LAND_ACQUISITION,Synthetic land acquisition issue requiring monitoring review.,RESOLVED,MEDIUM
ISS-00323-17-01,PAI-00323,2025-05-31,ENGINEERING_OR_FEASIBILITY,Synthetic engineering or feasibility issue requiring monitoring review.,OPEN,MEDIUM
ISS-00323-21-01,PAI-00323,2025-09-30,FUNDING,Synthetic funding issue requiring monitoring review.,IN_PROGRESS,LOW
ISS-00323-22-01,PAI-00323,2025-10-31,SCOPE_OR_POLICY,Synthetic scope or policy issue requiring monitoring review.,OPEN,HIGH
ISS-00324-02-01,PAI-00324,2024-02-29,LAND_ACQUISITION,Synthetic land acquisition issue requiring monitoring review.,OPEN,LOW
ISS-00324-02-02,PAI-00324,2024-02-29,ENGINEERING_OR_FEASIBILITY,Synthetic engineering or feasibility issue requiring monitoring review.,RESOLVED,MEDIUM
ISS-00324-05-01,PAI-00324,2024-05-31,LAND_ACQUISITION,Synthetic land acquisition issue requiring monitoring review.,RESOLVED,MEDIUM
ISS-00324-06-01,PAI-00324,2024-06-30,LEGAL_OR_SOCIAL,Synthetic legal or social issue requiring monitoring review.,IN_PROGRESS,LOW
ISS-00324-07-01,PAI-00324,2024-07-31,BUDGET_OR_APPROVAL,Synthetic budget or approval issue requiring monitoring review.,IN_PROGRESS,MEDIUM
ISS-00324-09-01,PAI-00324,2024-09-30,ENGINEERING_OR_FEASIBILITY,Synthetic engineering or feasibility issue requiring monitoring review.,OPEN,HIGH
ISS-00324-11-01,PAI-00324,2024-11-30,SCOPE_OR_POLICY,Synthetic scope or policy issue requiring monitoring review.,OPEN,LOW
ISS-00324-13-01,PAI-00324,2025-01-31,LEGAL_OR_SOCIAL,Synthetic legal or social issue requiring monitoring review.,OPEN,LOW
ISS-00324-15-01,PAI-00324,2025-03-31,LEGAL_OR_SOCIAL,Synthetic legal or social issue requiring monitoring review.,OPEN,LOW
ISS-00324-16-01,PAI-00324,2025-04-30,PROCUREMENT_OR_CONTRACT,Synthetic procurement or contract issue requiring monitoring review.,IN_PROGRESS,HIGH
ISS-00324-17-01,PAI-00324,2025-05-31,FUNDING,Synthetic funding issue requiring monitoring review.,IN_PROGRESS,LOW
ISS-00324-18-01,PAI-00324,2025-06-30,CLEARANCE,Synthetic clearance issue requiring monitoring review.,IN_PROGRESS,HIGH
ISS-00324-18-02,PAI-00324,2025-06-30,CLEARANCE,Synthetic clearance issue requiring monitoring review.,OPEN,LOW
ISS-00324-19-01,PAI-00324,2025-07-31,BUDGET_OR_APPROVAL,Synthetic budget or approval issue requiring monitoring review.,IN_PROGRESS,MEDIUM
ISS-00324-19-02,PAI-00324,2025-07-31,FUNDING,Synthetic funding issue requiring monitoring review.,OPEN,LOW
ISS-00324-20-01,PAI-00324,2025-08-31,ENGINEERING_OR_FEASIBILITY,Synthetic engineering or feasibility issue requiring monitoring review.,IN_PROGRESS,LOW
ISS-00324-20-02,PAI-00324,2025-08-31,LAND_ACQUISITION,Synthetic land acquisition issue requiring monitoring review.,RESOLVED,MEDIUM
ISS-00324-20-03,PAI-00324,2025-08-31,ENGINEERING_OR_FEASIBILITY,Synthetic engineering or feasibility issue requiring monitoring review.,RESOLVED,MEDIUM
ISS-00324-21-01,PAI-00324,2025-09-30,LAND_ACQUISITION,Synthetic land acquisition issue requiring monitoring review.,RESOLVED,MEDIUM
ISS-00324-22-01,PAI-00324,2025-10-31,LEGAL_OR_SOCIAL,Synthetic legal or social issue requiring monitoring review.,IN_PROGRESS,HIGH
ISS-00324-22-02,PAI-00324,2025-10-31,LEGAL_OR_SOCIAL,Synthetic legal or social issue requiring monitoring review.,OPEN,MEDIUM
ISS-00324-23-01,PAI-00324,2025-11-30,PROCUREMENT_OR_CONTRACT,Synthetic procurement or contract issue requiring monitoring review.,IN_PROGRESS,MEDIUM
ISS-00324-23-02,PAI-00324,2025-11-30,BUDGET_OR_APPROVAL,Synthetic budget or approval issue requiring monitoring review.,OPEN,LOW
ISS-00324-23-03,PAI-00324,2025-11-30,SCOPE_OR_POLICY,Synthetic scope or policy issue requiring monitoring review.,OPEN,HIGH
ISS-00324-23-04,PAI-00324,2025-11-30,SCOPE_OR_POLICY,Synthetic scope or policy issue requiring monitoring review.,IN_PROGRESS,MEDIUM
ISS-00324-23-05,PAI-00324,2025-11-30,LEGAL_OR_SOCIAL,Synthetic legal or social issue requiring monitoring review.,IN_PROGRESS,LOW
ISS-00324-24-01,PAI-00324,2025-12-31,LAND_ACQUISITION,Synthetic land acquisition issue requiring monitoring review.,IN_PROGRESS,MEDIUM
ISS-00324-24-02,PAI-00324,2025-12-31,CLEARANCE,Synthetic clearance issue requiring monitoring review.,IN_PROGRESS,MEDIUM
ISS-00324-24-03,PAI-00324,2025-12-31,CLEARANCE,Synthetic clearance issue requiring monitoring review.,OPEN,MEDIUM
ISS-00325-16-01,PAI-00325,2025-04-30,CLEARANCE,Synthetic clearance issue requiring monitoring review.,RESOLVED,LOW
ISS-00325-17-01,PAI-00325,2025-05-31,CLEARANCE,Synthetic clearance issue requiring monitoring review.,IN_PROGRESS,MEDIUM
ISS-00325-20-01,PAI-00325,2025-08-31,LEGAL_OR_SOCIAL,Synthetic legal or social issue requiring monitoring review.,OPEN,MEDIUM
ISS-00326-01-01,PAI-00326,2024-01-31,PROCUREMENT_OR_CONTRACT,Synthetic procurement or contract issue requiring monitoring review.,OPEN,MEDIUM
ISS-00326-01-02,PAI-00326,2024-01-31,LEGAL_OR_SOCIAL,Synthetic legal or social issue requiring monitoring review.,RESOLVED,MEDIUM
ISS-00326-01-03,PAI-00326,2024-01-31,FUNDING,Synthetic funding issue requiring monitoring review.,OPEN,LOW
ISS-00326-02-01,PAI-00326,2024-02-29,ENGINEERING_OR_FEASIBILITY,Synthetic engineering or feasibility issue requiring monitoring review.,OPEN,HIGH
ISS-00326-11-01,PAI-00326,2024-11-30,LAND_ACQUISITION,Synthetic land acquisition issue requiring monitoring review.,OPEN,MEDIUM
ISS-00326-11-02,PAI-00326,2024-11-30,CLEARANCE,Synthetic clearance issue requiring monitoring review.,OPEN,LOW
ISS-00326-11-03,PAI-00326,2024-11-30,LAND_ACQUISITION,Synthetic land acquisition issue requiring monitoring review.,RESOLVED,LOW
ISS-00326-12-01,PAI-00326,2024-12-31,BUDGET_OR_APPROVAL,Synthetic budget or approval issue requiring monitoring review.,IN_PROGRESS,MEDIUM
ISS-00326-13-01,PAI-00326,2025-01-31,SCOPE_OR_POLICY,Synthetic scope or policy issue requiring monitoring review.,OPEN,MEDIUM
ISS-00326-14-01,PAI-00326,2025-02-28,LEGAL_OR_SOCIAL,Synthetic legal or social issue requiring monitoring review.,IN_PROGRESS,HIGH
ISS-00326-14-02,PAI-00326,2025-02-28,PROCUREMENT_OR_CONTRACT,Synthetic procurement or contract issue requiring monitoring review.,OPEN,HIGH
ISS-00326-16-01,PAI-00326,2025-04-30,LEGAL_OR_SOCIAL,Synthetic legal or social issue requiring monitoring review.,OPEN,LOW
ISS-00326-20-01,PAI-00326,2025-08-31,ENGINEERING_OR_FEASIBILITY,Synthetic engineering or feasibility issue requiring monitoring review.,OPEN,MEDIUM
ISS-00326-21-01,PAI-00326,2025-09-30,LAND_ACQUISITION,Synthetic land acquisition issue requiring monitoring review.,OPEN,HIGH
ISS-00326-21-02,PAI-00326,2025-09-30,BUDGET_OR_APPROVAL,Synthetic budget or approval issue requiring monitoring review.,IN_PROGRESS,LOW
ISS-00326-21-03,PAI-00326,2025-09-30,PROCUREMENT_OR_CONTRACT,Synthetic procurement or contract issue requiring monitoring review.,OPEN,HIGH
ISS-00326-22-01,PAI-00326,2025-10-31,FUNDING,Synthetic funding issue requiring monitoring review.,RESOLVED,HIGH
ISS-00326-22-02,PAI-00326,2025-10-31,ENGINEERING_OR_FEASIBILITY,Synthetic engineering or feasibility issue requiring monitoring review.,OPEN,HIGH
ISS-00326-22-03,PAI-00326,2025-10-31,PROCUREMENT_OR_CONTRACT,Synthetic procurement or contract issue requiring monitoring review.,OPEN,LOW
ISS-00326-23-01,PAI-00326,2025-11-30,LEGAL_OR_SOCIAL,Synthetic legal or social issue requiring monitoring review.,OPEN,HIGH
ISS-00326-24-01,PAI-00326,2025-12-31,FUNDING,Synthetic funding issue requiring monitoring review.,OPEN,HIGH
ISS-00327-08-01,PAI-00327,2024-08-31,LEGAL_OR_SOCIAL,Synthetic legal or social issue requiring monitoring review.,IN_PROGRESS,LOW
ISS-00327-11-01,PAI-00327,2024-11-30,FUNDING,Synthetic funding issue requiring monitoring review.,IN_PROGRESS,MEDIUM
ISS-00327-11-02,PAI-00327,2024-11-30,FUNDING,Synthetic funding issue requiring monitoring review.,IN_PROGRESS,LOW
ISS-00327-14-01,PAI-00327,2025-02-28,CLEARANCE,Synthetic clearance issue requiring monitoring review.,OPEN,LOW
ISS-00327-16-01,PAI-00327,2025-04-30,LAND_ACQUISITION,Synthetic land acquisition issue requiring monitoring review.,RESOLVED,LOW
ISS-00327-20-01,PAI-00327,2025-08-31,SCOPE_OR_POLICY,Synthetic scope or policy issue requiring monitoring review.,IN_PROGRESS,LOW
ISS-00327-20-02,PAI-00327,2025-08-31,LEGAL_OR_SOCIAL,Synthetic legal or social issue requiring monitoring review.,IN_PROGRESS,LOW
ISS-00327-24-01,PAI-00327,2025-12-31,CLEARANCE,Synthetic clearance issue requiring monitoring review.,RESOLVED,MEDIUM
ISS-00328-04-01,PAI-00328,2024-04-30,CLEARANCE,Synthetic clearance issue requiring monitoring review.,OPEN,LOW
ISS-00328-12-01,PAI-00328,2024-12-31,SCOPE_OR_POLICY,Synthetic scope or policy issue requiring monitoring review.,OPEN,LOW
ISS-00328-20-01,PAI-00328,2025-08-31,CLEARANCE,Synthetic clearance issue requiring monitoring review.,OPEN,HIGH
ISS-00329-03-01,PAI-00329,2024-03-31,LEGAL_OR_SOCIAL,Synthetic legal or social issue requiring monitoring review.,IN_PROGRESS,LOW
ISS-00329-05-01,PAI-00329,2024-05-31,CLEARANCE,Synthetic clearance issue requiring monitoring review.,OPEN,LOW
ISS-00329-11-01,PAI-00329,2024-11-30,BUDGET_OR_APPROVAL,Synthetic budget or approval issue requiring monitoring review.,OPEN,LOW
ISS-00329-14-01,PAI-00329,2025-02-28,FUNDING,Synthetic funding issue requiring monitoring review.,RESOLVED,HIGH
ISS-00329-19-01,PAI-00329,2025-07-31,FUNDING,Synthetic funding issue requiring monitoring review.,IN_PROGRESS,MEDIUM
ISS-00329-23-01,PAI-00329,2025-11-30,FUNDING,Synthetic funding issue requiring monitoring review.,OPEN,MEDIUM
ISS-00330-05-01,PAI-00330,2024-05-31,CLEARANCE,Synthetic clearance issue requiring monitoring review.,IN_PROGRESS,LOW
ISS-00330-13-01,PAI-00330,2025-01-31,LEGAL_OR_SOCIAL,Synthetic legal or social issue requiring monitoring review.,OPEN,HIGH
ISS-00330-20-01,PAI-00330,2025-08-31,ENGINEERING_OR_FEASIBILITY,Synthetic engineering or feasibility issue requiring monitoring review.,OPEN,MEDIUM
ISS-00330-21-01,PAI-00330,2025-09-30,LAND_ACQUISITION,Synthetic land acquisition issue requiring monitoring review.,IN_PROGRESS,LOW
ISS-00331-04-01,PAI-00331,2024-04-30,BUDGET_OR_APPROVAL,Synthetic budget or approval issue requiring monitoring review.,IN_PROGRESS,MEDIUM
ISS-00331-08-01,PAI-00331,2024-08-31,BUDGET_OR_APPROVAL,Synthetic budget or approval issue requiring monitoring review.,OPEN,MEDIUM
ISS-00331-16-01,PAI-00331,2025-04-30,BUDGET_OR_APPROVAL,Synthetic budget or approval issue requiring monitoring review.,RESOLVED,MEDIUM
ISS-00331-24-01,PAI-00331,2025-12-31,PROCUREMENT_OR_CONTRACT,Synthetic procurement or contract issue requiring monitoring review.,IN_PROGRESS,MEDIUM
ISS-00332-09-01,PAI-00332,2024-09-30,PROCUREMENT_OR_CONTRACT,Synthetic procurement or contract issue requiring monitoring review.,IN_PROGRESS,HIGH
ISS-00332-14-01,PAI-00332,2025-02-28,SCOPE_OR_POLICY,Synthetic scope or policy issue requiring monitoring review.,OPEN,MEDIUM
ISS-00332-14-02,PAI-00332,2025-02-28,SCOPE_OR_POLICY,Synthetic scope or policy issue requiring monitoring review.,RESOLVED,MEDIUM
ISS-00332-15-01,PAI-00332,2025-03-31,PROCUREMENT_OR_CONTRACT,Synthetic procurement or contract issue requiring monitoring review.,OPEN,HIGH
ISS-00332-17-01,PAI-00332,2025-05-31,CLEARANCE,Synthetic clearance issue requiring monitoring review.,IN_PROGRESS,MEDIUM
ISS-00332-20-01,PAI-00332,2025-08-31,LAND_ACQUISITION,Synthetic land acquisition issue requiring monitoring review.,RESOLVED,MEDIUM
ISS-00332-23-01,PAI-00332,2025-11-30,LEGAL_OR_SOCIAL,Synthetic legal or social issue requiring monitoring review.,OPEN,LOW
ISS-00332-24-01,PAI-00332,2025-12-31,PROCUREMENT_OR_CONTRACT,Synthetic procurement or contract issue requiring monitoring review.,OPEN,MEDIUM
ISS-00333-03-01,PAI-00333,2024-03-31,LAND_ACQUISITION,Synthetic land acquisition issue requiring monitoring review.,IN_PROGRESS,MEDIUM
ISS-00333-04-01,PAI-00333,2024-04-30,LAND_ACQUISITION,Synthetic land acquisition issue requiring monitoring review.,OPEN,LOW
ISS-00333-04-02,PAI-00333,2024-04-30,BUDGET_OR_APPROVAL,Synthetic budget or approval issue requiring monitoring review.,RESOLVED,MEDIUM
ISS-00333-05-01,PAI-00333,2024-05-31,ENGINEERING_OR_FEASIBILITY,Synthetic engineering or feasibility issue requiring monitoring review.,IN_PROGRESS,MEDIUM
ISS-00333-05-02,PAI-00333,2024-05-31,ENGINEERING_OR_FEASIBILITY,Synthetic engineering or feasibility issue requiring monitoring review.,OPEN,HIGH
ISS-00333-06-01,PAI-00333,2024-06-30,ENGINEERING_OR_FEASIBILITY,Synthetic engineering or feasibility issue requiring monitoring review.,RESOLVED,HIGH
ISS-00333-08-01,PAI-00333,2024-08-31,BUDGET_OR_APPROVAL,Synthetic budget or approval issue requiring monitoring review.,IN_PROGRESS,LOW
ISS-00333-09-01,PAI-00333,2024-09-30,CLEARANCE,Synthetic clearance issue requiring monitoring review.,IN_PROGRESS,MEDIUM
ISS-00333-12-01,PAI-00333,2024-12-31,PROCUREMENT_OR_CONTRACT,Synthetic procurement or contract issue requiring monitoring review.,OPEN,LOW
ISS-00333-13-01,PAI-00333,2025-01-31,ENGINEERING_OR_FEASIBILITY,Synthetic engineering or feasibility issue requiring monitoring review.,IN_PROGRESS,LOW
ISS-00333-15-01,PAI-00333,2025-03-31,LAND_ACQUISITION,Synthetic land acquisition issue requiring monitoring review.,RESOLVED,LOW
ISS-00333-16-01,PAI-00333,2025-04-30,FUNDING,Synthetic funding issue requiring monitoring review.,IN_PROGRESS,MEDIUM
ISS-00333-17-01,PAI-00333,2025-05-31,BUDGET_OR_APPROVAL,Synthetic budget or approval issue requiring monitoring review.,OPEN,LOW
ISS-00333-19-01,PAI-00333,2025-07-31,SCOPE_OR_POLICY,Synthetic scope or policy issue requiring monitoring review.,RESOLVED,MEDIUM
ISS-00333-20-01,PAI-00333,2025-08-31,CLEARANCE,Synthetic clearance issue requiring monitoring review.,OPEN,LOW
ISS-00333-21-01,PAI-00333,2025-09-30,ENGINEERING_OR_FEASIBILITY,Synthetic engineering or feasibility issue requiring monitoring review.,OPEN,MEDIUM
ISS-00333-24-01,PAI-00333,2025-12-31,BUDGET_OR_APPROVAL,Synthetic budget or approval issue requiring monitoring review.,RESOLVED,MEDIUM
ISS-00333-24-02,PAI-00333,2025-12-31,CLEARANCE,Synthetic clearance issue requiring monitoring review.,OPEN,MEDIUM
ISS-00333-24-03,PAI-00333,2025-12-31,SCOPE_OR_POLICY,Synthetic scope or policy issue requiring monitoring review.,RESOLVED,MEDIUM
ISS-00334-11-01,PAI-00334,2024-11-30,LEGAL_OR_SOCIAL,Synthetic legal or social issue requiring monitoring review.,IN_PROGRESS,MEDIUM
ISS-00334-13-01,PAI-00334,2025-01-31,BUDGET_OR_APPROVAL,Synthetic budget or approval issue requiring monitoring review.,OPEN,LOW
ISS-00334-16-01,PAI-00334,2025-04-30,SCOPE_OR_POLICY,Synthetic scope or policy issue requiring monitoring review.,OPEN,MEDIUM
ISS-00334-16-02,PAI-00334,2025-04-30,CLEARANCE,Synthetic clearance issue requiring monitoring review.,OPEN,HIGH
ISS-00334-17-01,PAI-00334,2025-05-31,CLEARANCE,Synthetic clearance issue requiring monitoring review.,OPEN,HIGH
ISS-00334-17-02,PAI-00334,2025-05-31,SCOPE_OR_POLICY,Synthetic scope or policy issue requiring monitoring review.,RESOLVED,HIGH
ISS-00334-20-01,PAI-00334,2025-08-31,LAND_ACQUISITION,Synthetic land acquisition issue requiring monitoring review.,OPEN,MEDIUM
ISS-00335-05-01,PAI-00335,2024-05-31,LEGAL_OR_SOCIAL,Synthetic legal or social issue requiring monitoring review.,OPEN,MEDIUM
ISS-00335-10-01,PAI-00335,2024-10-31,FUNDING,Synthetic funding issue requiring monitoring review.,OPEN,MEDIUM
ISS-00335-11-01,PAI-00335,2024-11-30,BUDGET_OR_APPROVAL,Synthetic budget or approval issue requiring monitoring review.,IN_PROGRESS,MEDIUM
ISS-00336-06-01,PAI-00336,2024-06-30,LEGAL_OR_SOCIAL,Synthetic legal or social issue requiring monitoring review.,IN_PROGRESS,MEDIUM
ISS-00336-13-01,PAI-00336,2025-01-31,BUDGET_OR_APPROVAL,Synthetic budget or approval issue requiring monitoring review.,OPEN,LOW
ISS-00336-15-01,PAI-00336,2025-03-31,ENGINEERING_OR_FEASIBILITY,Synthetic engineering or feasibility issue requiring monitoring review.,IN_PROGRESS,LOW
ISS-00336-18-01,PAI-00336,2025-06-30,BUDGET_OR_APPROVAL,Synthetic budget or approval issue requiring monitoring review.,IN_PROGRESS,HIGH
ISS-00336-19-01,PAI-00336,2025-07-31,BUDGET_OR_APPROVAL,Synthetic budget or approval issue requiring monitoring review.,IN_PROGRESS,LOW
ISS-00337-01-01,PAI-00337,2024-01-31,FUNDING,Synthetic funding issue requiring monitoring review.,OPEN,LOW
ISS-00337-10-01,PAI-00337,2024-10-31,PROCUREMENT_OR_CONTRACT,Synthetic procurement or contract issue requiring monitoring review.,OPEN,MEDIUM
ISS-00337-12-01,PAI-00337,2024-12-31,LAND_ACQUISITION,Synthetic land acquisition issue requiring monitoring review.,IN_PROGRESS,LOW
ISS-00337-13-01,PAI-00337,2025-01-31,PROCUREMENT_OR_CONTRACT,Synthetic procurement or contract issue requiring monitoring review.,IN_PROGRESS,LOW
ISS-00337-13-02,PAI-00337,2025-01-31,CLEARANCE,Synthetic clearance issue requiring monitoring review.,OPEN,MEDIUM
ISS-00337-14-01,PAI-00337,2025-02-28,CLEARANCE,Synthetic clearance issue requiring monitoring review.,OPEN,HIGH
ISS-00337-17-01,PAI-00337,2025-05-31,LAND_ACQUISITION,Synthetic land acquisition issue requiring monitoring review.,OPEN,MEDIUM
ISS-00337-18-01,PAI-00337,2025-06-30,BUDGET_OR_APPROVAL,Synthetic budget or approval issue requiring monitoring review.,OPEN,HIGH
ISS-00337-19-01,PAI-00337,2025-07-31,SCOPE_OR_POLICY,Synthetic scope or policy issue requiring monitoring review.,RESOLVED,MEDIUM
ISS-00337-20-01,PAI-00337,2025-08-31,ENGINEERING_OR_FEASIBILITY,Synthetic engineering or feasibility issue requiring monitoring review.,RESOLVED,MEDIUM
ISS-00337-22-01,PAI-00337,2025-10-31,PROCUREMENT_OR_CONTRACT,Synthetic procurement or contract issue requiring monitoring review.,IN_PROGRESS,HIGH
ISS-00337-23-01,PAI-00337,2025-11-30,LAND_ACQUISITION,Synthetic land acquisition issue requiring monitoring review.,OPEN,MEDIUM
ISS-00337-23-02,PAI-00337,2025-11-30,FUNDING,Synthetic funding issue requiring monitoring review.,RESOLVED,LOW
ISS-00338-03-01,PAI-00338,2024-03-31,ENGINEERING_OR_FEASIBILITY,Synthetic engineering or feasibility issue requiring monitoring review.,IN_PROGRESS,MEDIUM
ISS-00338-05-01,PAI-00338,2024-05-31,FUNDING,Synthetic funding issue requiring monitoring review.,RESOLVED,MEDIUM
ISS-00338-11-01,PAI-00338,2024-11-30,LEGAL_OR_SOCIAL,Synthetic legal or social issue requiring monitoring review.,IN_PROGRESS,MEDIUM
ISS-00338-14-01,PAI-00338,2025-02-28,PROCUREMENT_OR_CONTRACT,Synthetic procurement or contract issue requiring monitoring review.,OPEN,LOW
ISS-00338-21-01,PAI-00338,2025-09-30,PROCUREMENT_OR_CONTRACT,Synthetic procurement or contract issue requiring monitoring review.,OPEN,MEDIUM
ISS-00338-22-01,PAI-00338,2025-10-31,LAND_ACQUISITION,Synthetic land acquisition issue requiring monitoring review.,OPEN,MEDIUM
ISS-00339-05-01,PAI-00339,2024-05-31,LAND_ACQUISITION,Synthetic land acquisition issue requiring monitoring review.,OPEN,LOW
ISS-00339-05-02,PAI-00339,2024-05-31,ENGINEERING_OR_FEASIBILITY,Synthetic engineering or feasibility issue requiring monitoring review.,OPEN,HIGH
ISS-00339-05-03,PAI-00339,2024-05-31,LEGAL_OR_SOCIAL,Synthetic legal or social issue requiring monitoring review.,OPEN,MEDIUM
ISS-00339-07-01,PAI-00339,2024-07-31,LEGAL_OR_SOCIAL,Synthetic legal or social issue requiring monitoring review.,RESOLVED,MEDIUM
ISS-00339-08-01,PAI-00339,2024-08-31,ENGINEERING_OR_FEASIBILITY,Synthetic engineering or feasibility issue requiring monitoring review.,IN_PROGRESS,MEDIUM
ISS-00339-08-02,PAI-00339,2024-08-31,SCOPE_OR_POLICY,Synthetic scope or policy issue requiring monitoring review.,OPEN,HIGH
ISS-00339-08-03,PAI-00339,2024-08-31,LAND_ACQUISITION,Synthetic land acquisition issue requiring monitoring review.,OPEN,MEDIUM
ISS-00339-09-01,PAI-00339,2024-09-30,LEGAL_OR_SOCIAL,Synthetic legal or social issue requiring monitoring review.,RESOLVED,LOW
ISS-00339-11-01,PAI-00339,2024-11-30,BUDGET_OR_APPROVAL,Synthetic budget or approval issue requiring monitoring review.,IN_PROGRESS,MEDIUM
ISS-00339-11-02,PAI-00339,2024-11-30,CLEARANCE,Synthetic clearance issue requiring monitoring review.,IN_PROGRESS,LOW
ISS-00339-12-01,PAI-00339,2024-12-31,PROCUREMENT_OR_CONTRACT,Synthetic procurement or contract issue requiring monitoring review.,IN_PROGRESS,LOW
ISS-00339-12-02,PAI-00339,2024-12-31,CLEARANCE,Synthetic clearance issue requiring monitoring review.,IN_PROGRESS,MEDIUM
ISS-00339-13-01,PAI-00339,2025-01-31,FUNDING,Synthetic funding issue requiring monitoring review.,IN_PROGRESS,MEDIUM
ISS-00339-13-02,PAI-00339,2025-01-31,SCOPE_OR_POLICY,Synthetic scope or policy issue requiring monitoring review.,RESOLVED,LOW
ISS-00339-15-01,PAI-00339,2025-03-31,BUDGET_OR_APPROVAL,Synthetic budget or approval issue requiring monitoring review.,RESOLVED,HIGH
ISS-00339-17-01,PAI-00339,2025-05-31,LEGAL_OR_SOCIAL,Synthetic legal or social issue requiring monitoring review.,IN_PROGRESS,LOW
ISS-00339-17-02,PAI-00339,2025-05-31,BUDGET_OR_APPROVAL,Synthetic budget or approval issue requiring monitoring review.,OPEN,HIGH
ISS-00339-18-01,PAI-00339,2025-06-30,LAND_ACQUISITION,Synthetic land acquisition issue requiring monitoring review.,OPEN,MEDIUM
ISS-00339-20-01,PAI-00339,2025-08-31,CLEARANCE,Synthetic clearance issue requiring monitoring review.,OPEN,HIGH
ISS-00339-21-01,PAI-00339,2025-09-30,LEGAL_OR_SOCIAL,Synthetic legal or social issue requiring monitoring review.,OPEN,LOW
ISS-00339-22-01,PAI-00339,2025-10-31,PROCUREMENT_OR_CONTRACT,Synthetic procurement or contract issue requiring monitoring review.,IN_PROGRESS,MEDIUM
ISS-00339-22-02,PAI-00339,2025-10-31,SCOPE_OR_POLICY,Synthetic scope or policy issue requiring monitoring review.,RESOLVED,MEDIUM
ISS-00339-23-01,PAI-00339,2025-11-30,FUNDING,Synthetic funding issue requiring monitoring review.,OPEN,LOW
ISS-00339-24-01,PAI-00339,2025-12-31,LAND_ACQUISITION,Synthetic land acquisition issue requiring monitoring review.,RESOLVED,HIGH
ISS-00340-02-01,PAI-00340,2024-02-29,CLEARANCE,Synthetic clearance issue requiring monitoring review.,RESOLVED,MEDIUM
ISS-00340-07-01,PAI-00340,2024-07-31,ENGINEERING_OR_FEASIBILITY,Synthetic engineering or feasibility issue requiring monitoring review.,OPEN,LOW
ISS-00340-10-01,PAI-00340,2024-10-31,SCOPE_OR_POLICY,Synthetic scope or policy issue requiring monitoring review.,OPEN,MEDIUM
ISS-00340-12-01,PAI-00340,2024-12-31,CLEARANCE,Synthetic clearance issue requiring monitoring review.,OPEN,MEDIUM
ISS-00340-13-01,PAI-00340,2025-01-31,LAND_ACQUISITION,Synthetic land acquisition issue requiring monitoring review.,OPEN,MEDIUM
ISS-00340-21-01,PAI-00340,2025-09-30,LEGAL_OR_SOCIAL,Synthetic legal or social issue requiring monitoring review.,IN_PROGRESS,LOW
ISS-00341-06-01,PAI-00341,2024-06-30,BUDGET_OR_APPROVAL,Synthetic budget or approval issue requiring monitoring review.,OPEN,MEDIUM
ISS-00341-11-01,PAI-00341,2024-11-30,ENGINEERING_OR_FEASIBILITY,Synthetic engineering or feasibility issue requiring monitoring review.,OPEN,MEDIUM
ISS-00341-12-01,PAI-00341,2024-12-31,LEGAL_OR_SOCIAL,Synthetic legal or social issue requiring monitoring review.,OPEN,LOW
ISS-00341-16-01,PAI-00341,2025-04-30,SCOPE_OR_POLICY,Synthetic scope or policy issue requiring monitoring review.,OPEN,HIGH
ISS-00341-16-02,PAI-00341,2025-04-30,LAND_ACQUISITION,Synthetic land acquisition issue requiring monitoring review.,IN_PROGRESS,LOW
ISS-00341-16-03,PAI-00341,2025-04-30,LEGAL_OR_SOCIAL,Synthetic legal or social issue requiring monitoring review.,RESOLVED,HIGH
ISS-00341-18-01,PAI-00341,2025-06-30,LEGAL_OR_SOCIAL,Synthetic legal or social issue requiring monitoring review.,OPEN,HIGH
ISS-00341-19-01,PAI-00341,2025-07-31,SCOPE_OR_POLICY,Synthetic scope or policy issue requiring monitoring review.,IN_PROGRESS,LOW
ISS-00341-22-01,PAI-00341,2025-10-31,LEGAL_OR_SOCIAL,Synthetic legal or social issue requiring monitoring review.,OPEN,HIGH
ISS-00341-23-01,PAI-00341,2025-11-30,PROCUREMENT_OR_CONTRACT,Synthetic procurement or contract issue requiring monitoring review.,RESOLVED,HIGH
ISS-00341-23-02,PAI-00341,2025-11-30,FUNDING,Synthetic funding issue requiring monitoring review.,IN_PROGRESS,MEDIUM
ISS-00342-06-01,PAI-00342,2024-06-30,PROCUREMENT_OR_CONTRACT,Synthetic procurement or contract issue requiring monitoring review.,RESOLVED,MEDIUM
ISS-00342-06-02,PAI-00342,2024-06-30,LEGAL_OR_SOCIAL,Synthetic legal or social issue requiring monitoring review.,OPEN,MEDIUM
ISS-00342-09-01,PAI-00342,2024-09-30,BUDGET_OR_APPROVAL,Synthetic budget or approval issue requiring monitoring review.,OPEN,MEDIUM
ISS-00342-10-01,PAI-00342,2024-10-31,LEGAL_OR_SOCIAL,Synthetic legal or social issue requiring monitoring review.,OPEN,MEDIUM
ISS-00342-20-01,PAI-00342,2025-08-31,LEGAL_OR_SOCIAL,Synthetic legal or social issue requiring monitoring review.,IN_PROGRESS,HIGH
ISS-00343-02-01,PAI-00343,2024-02-29,CLEARANCE,Synthetic clearance issue requiring monitoring review.,IN_PROGRESS,HIGH
ISS-00343-03-01,PAI-00343,2024-03-31,BUDGET_OR_APPROVAL,Synthetic budget or approval issue requiring monitoring review.,IN_PROGRESS,MEDIUM
ISS-00343-07-01,PAI-00343,2024-07-31,LEGAL_OR_SOCIAL,Synthetic legal or social issue requiring monitoring review.,OPEN,MEDIUM
ISS-00343-07-02,PAI-00343,2024-07-31,LAND_ACQUISITION,Synthetic land acquisition issue requiring monitoring review.,OPEN,MEDIUM
ISS-00343-08-01,PAI-00343,2024-08-31,SCOPE_OR_POLICY,Synthetic scope or policy issue requiring monitoring review.,OPEN,MEDIUM
ISS-00343-10-01,PAI-00343,2024-10-31,LAND_ACQUISITION,Synthetic land acquisition issue requiring monitoring review.,OPEN,MEDIUM
ISS-00343-11-01,PAI-00343,2024-11-30,BUDGET_OR_APPROVAL,Synthetic budget or approval issue requiring monitoring review.,OPEN,LOW
ISS-00343-12-01,PAI-00343,2024-12-31,ENGINEERING_OR_FEASIBILITY,Synthetic engineering or feasibility issue requiring monitoring review.,OPEN,LOW
ISS-00343-12-02,PAI-00343,2024-12-31,LEGAL_OR_SOCIAL,Synthetic legal or social issue requiring monitoring review.,IN_PROGRESS,MEDIUM
ISS-00343-12-03,PAI-00343,2024-12-31,CLEARANCE,Synthetic clearance issue requiring monitoring review.,OPEN,MEDIUM
ISS-00343-16-01,PAI-00343,2025-04-30,ENGINEERING_OR_FEASIBILITY,Synthetic engineering or feasibility issue requiring monitoring review.,RESOLVED,MEDIUM
ISS-00343-17-01,PAI-00343,2025-05-31,PROCUREMENT_OR_CONTRACT,Synthetic procurement or contract issue requiring monitoring review.,IN_PROGRESS,HIGH
ISS-00343-19-01,PAI-00343,2025-07-31,FUNDING,Synthetic funding issue requiring monitoring review.,OPEN,MEDIUM
ISS-00343-20-01,PAI-00343,2025-08-31,BUDGET_OR_APPROVAL,Synthetic budget or approval issue requiring monitoring review.,OPEN,HIGH
ISS-00343-20-02,PAI-00343,2025-08-31,SCOPE_OR_POLICY,Synthetic scope or policy issue requiring monitoring review.,RESOLVED,HIGH
ISS-00343-21-01,PAI-00343,2025-09-30,FUNDING,Synthetic funding issue requiring monitoring review.,IN_PROGRESS,HIGH
ISS-00343-22-01,PAI-00343,2025-10-31,PROCUREMENT_OR_CONTRACT,Synthetic procurement or contract issue requiring monitoring review.,OPEN,HIGH
ISS-00343-23-01,PAI-00343,2025-11-30,SCOPE_OR_POLICY,Synthetic scope or policy issue requiring monitoring review.,IN_PROGRESS,LOW
ISS-00343-23-02,PAI-00343,2025-11-30,BUDGET_OR_APPROVAL,Synthetic budget or approval issue requiring monitoring review.,OPEN,HIGH
ISS-00343-24-01,PAI-00343,2025-12-31,CLEARANCE,Synthetic clearance issue requiring monitoring review.,IN_PROGRESS,MEDIUM
ISS-00343-24-02,PAI-00343,2025-12-31,PROCUREMENT_OR_CONTRACT,Synthetic procurement or contract issue requiring monitoring review.,OPEN,MEDIUM
ISS-00344-02-01,PAI-00344,2024-02-29,LEGAL_OR_SOCIAL,Synthetic legal or social issue requiring monitoring review.,OPEN,LOW
ISS-00344-02-02,PAI-00344,2024-02-29,ENGINEERING_OR_FEASIBILITY,Synthetic engineering or feasibility issue requiring monitoring review.,OPEN,LOW
ISS-00344-04-01,PAI-00344,2024-04-30,CLEARANCE,Synthetic clearance issue requiring monitoring review.,OPEN,HIGH
ISS-00344-05-01,PAI-00344,2024-05-31,CLEARANCE,Synthetic clearance issue requiring monitoring review.,OPEN,MEDIUM
ISS-00344-10-01,PAI-00344,2024-10-31,LAND_ACQUISITION,Synthetic land acquisition issue requiring monitoring review.,IN_PROGRESS,HIGH
ISS-00344-14-01,PAI-00344,2025-02-28,LEGAL_OR_SOCIAL,Synthetic legal or social issue requiring monitoring review.,OPEN,LOW
ISS-00344-16-01,PAI-00344,2025-04-30,LAND_ACQUISITION,Synthetic land acquisition issue requiring monitoring review.,IN_PROGRESS,MEDIUM
ISS-00344-16-02,PAI-00344,2025-04-30,SCOPE_OR_POLICY,Synthetic scope or policy issue requiring monitoring review.,IN_PROGRESS,LOW
ISS-00344-19-01,PAI-00344,2025-07-31,FUNDING,Synthetic funding issue requiring monitoring review.,OPEN,HIGH
ISS-00344-20-01,PAI-00344,2025-08-31,BUDGET_OR_APPROVAL,Synthetic budget or approval issue requiring monitoring review.,OPEN,LOW
ISS-00344-21-01,PAI-00344,2025-09-30,LAND_ACQUISITION,Synthetic land acquisition issue requiring monitoring review.,IN_PROGRESS,LOW
ISS-00344-22-01,PAI-00344,2025-10-31,SCOPE_OR_POLICY,Synthetic scope or policy issue requiring monitoring review.,OPEN,LOW
ISS-00344-24-01,PAI-00344,2025-12-31,FUNDING,Synthetic funding issue requiring monitoring review.,IN_PROGRESS,MEDIUM
ISS-00345-12-01,PAI-00345,2024-12-31,BUDGET_OR_APPROVAL,Synthetic budget or approval issue requiring monitoring review.,IN_PROGRESS,HIGH
ISS-00345-12-02,PAI-00345,2024-12-31,BUDGET_OR_APPROVAL,Synthetic budget or approval issue requiring monitoring review.,OPEN,MEDIUM
ISS-00345-15-01,PAI-00345,2025-03-31,LEGAL_OR_SOCIAL,Synthetic legal or social issue requiring monitoring review.,OPEN,LOW
ISS-00345-17-01,PAI-00345,2025-05-31,ENGINEERING_OR_FEASIBILITY,Synthetic engineering or feasibility issue requiring monitoring review.,OPEN,HIGH
ISS-00345-19-01,PAI-00345,2025-07-31,LEGAL_OR_SOCIAL,Synthetic legal or social issue requiring monitoring review.,IN_PROGRESS,HIGH
ISS-00345-19-02,PAI-00345,2025-07-31,LEGAL_OR_SOCIAL,Synthetic legal or social issue requiring monitoring review.,IN_PROGRESS,MEDIUM
ISS-00345-23-01,PAI-00345,2025-11-30,CLEARANCE,Synthetic clearance issue requiring monitoring review.,OPEN,MEDIUM
ISS-00345-24-01,PAI-00345,2025-12-31,LAND_ACQUISITION,Synthetic land acquisition issue requiring monitoring review.,OPEN,MEDIUM
ISS-00346-07-01,PAI-00346,2024-07-31,ENGINEERING_OR_FEASIBILITY,Synthetic engineering or feasibility issue requiring monitoring review.,RESOLVED,MEDIUM
ISS-00346-08-01,PAI-00346,2024-08-31,ENGINEERING_OR_FEASIBILITY,Synthetic engineering or feasibility issue requiring monitoring review.,IN_PROGRESS,LOW
ISS-00346-11-01,PAI-00346,2024-11-30,FUNDING,Synthetic funding issue requiring monitoring review.,OPEN,HIGH
ISS-00346-16-01,PAI-00346,2025-04-30,LEGAL_OR_SOCIAL,Synthetic legal or social issue requiring monitoring review.,IN_PROGRESS,LOW
ISS-00346-16-02,PAI-00346,2025-04-30,ENGINEERING_OR_FEASIBILITY,Synthetic engineering or feasibility issue requiring monitoring review.,OPEN,HIGH
ISS-00346-21-01,PAI-00346,2025-09-30,CLEARANCE,Synthetic clearance issue requiring monitoring review.,OPEN,LOW
ISS-00346-24-01,PAI-00346,2025-12-31,FUNDING,Synthetic funding issue requiring monitoring review.,OPEN,HIGH
ISS-00347-02-01,PAI-00347,2024-02-29,BUDGET_OR_APPROVAL,Synthetic budget or approval issue requiring monitoring review.,RESOLVED,MEDIUM
ISS-00347-03-01,PAI-00347,2024-03-31,SCOPE_OR_POLICY,Synthetic scope or policy issue requiring monitoring review.,OPEN,MEDIUM
ISS-00347-08-01,PAI-00347,2024-08-31,BUDGET_OR_APPROVAL,Synthetic budget or approval issue requiring monitoring review.,OPEN,MEDIUM
ISS-00347-11-01,PAI-00347,2024-11-30,CLEARANCE,Synthetic clearance issue requiring monitoring review.,IN_PROGRESS,HIGH
ISS-00347-11-02,PAI-00347,2024-11-30,BUDGET_OR_APPROVAL,Synthetic budget or approval issue requiring monitoring review.,RESOLVED,LOW
ISS-00347-13-01,PAI-00347,2025-01-31,ENGINEERING_OR_FEASIBILITY,Synthetic engineering or feasibility issue requiring monitoring review.,RESOLVED,LOW
ISS-00347-14-01,PAI-00347,2025-02-28,FUNDING,Synthetic funding issue requiring monitoring review.,OPEN,MEDIUM
ISS-00347-16-01,PAI-00347,2025-04-30,FUNDING,Synthetic funding issue requiring monitoring review.,IN_PROGRESS,MEDIUM
ISS-00347-17-01,PAI-00347,2025-05-31,FUNDING,Synthetic funding issue requiring monitoring review.,OPEN,HIGH
ISS-00347-21-01,PAI-00347,2025-09-30,FUNDING,Synthetic funding issue requiring monitoring review.,OPEN,HIGH
ISS-00348-02-01,PAI-00348,2024-02-29,LAND_ACQUISITION,Synthetic land acquisition issue requiring monitoring review.,OPEN,HIGH
ISS-00348-05-01,PAI-00348,2024-05-31,PROCUREMENT_OR_CONTRACT,Synthetic procurement or contract issue requiring monitoring review.,OPEN,LOW
ISS-00348-14-01,PAI-00348,2025-02-28,BUDGET_OR_APPROVAL,Synthetic budget or approval issue requiring monitoring review.,OPEN,LOW
ISS-00348-16-01,PAI-00348,2025-04-30,BUDGET_OR_APPROVAL,Synthetic budget or approval issue requiring monitoring review.,RESOLVED,LOW
ISS-00348-20-01,PAI-00348,2025-08-31,FUNDING,Synthetic funding issue requiring monitoring review.,IN_PROGRESS,MEDIUM
ISS-00349-06-01,PAI-00349,2024-06-30,BUDGET_OR_APPROVAL,Synthetic budget or approval issue requiring monitoring review.,IN_PROGRESS,LOW
ISS-00349-12-01,PAI-00349,2024-12-31,PROCUREMENT_OR_CONTRACT,Synthetic procurement or contract issue requiring monitoring review.,RESOLVED,LOW
ISS-00349-13-01,PAI-00349,2025-01-31,CLEARANCE,Synthetic clearance issue requiring monitoring review.,OPEN,MEDIUM
ISS-00349-16-01,PAI-00349,2025-04-30,ENGINEERING_OR_FEASIBILITY,Synthetic engineering or feasibility issue requiring monitoring review.,OPEN,HIGH
ISS-00349-19-01,PAI-00349,2025-07-31,FUNDING,Synthetic funding issue requiring monitoring review.,IN_PROGRESS,MEDIUM
ISS-00349-21-01,PAI-00349,2025-09-30,SCOPE_OR_POLICY,Synthetic scope or policy issue requiring monitoring review.,IN_PROGRESS,MEDIUM
ISS-00349-22-01,PAI-00349,2025-10-31,ENGINEERING_OR_FEASIBILITY,Synthetic engineering or feasibility issue requiring monitoring review.,IN_PROGRESS,HIGH
ISS-00349-23-01,PAI-00349,2025-11-30,CLEARANCE,Synthetic clearance issue requiring monitoring review.,RESOLVED,LOW
ISS-00349-24-01,PAI-00349,2025-12-31,PROCUREMENT_OR_CONTRACT,Synthetic procurement or contract issue requiring monitoring review.,IN_PROGRESS,MEDIUM
ISS-00350-02-01,PAI-00350,2024-02-29,ENGINEERING_OR_FEASIBILITY,Synthetic engineering or feasibility issue requiring monitoring review.,RESOLVED,MEDIUM
ISS-00350-03-01,PAI-00350,2024-03-31,SCOPE_OR_POLICY,Synthetic scope or policy issue requiring monitoring review.,RESOLVED,HIGH
ISS-00350-03-02,PAI-00350,2024-03-31,BUDGET_OR_APPROVAL,Synthetic budget or approval issue requiring monitoring review.,IN_PROGRESS,LOW
ISS-00350-08-01,PAI-00350,2024-08-31,LEGAL_OR_SOCIAL,Synthetic legal or social issue requiring monitoring review.,RESOLVED,LOW
ISS-00350-10-01,PAI-00350,2024-10-31,ENGINEERING_OR_FEASIBILITY,Synthetic engineering or feasibility issue requiring monitoring review.,IN_PROGRESS,MEDIUM
ISS-00350-11-01,PAI-00350,2024-11-30,ENGINEERING_OR_FEASIBILITY,Synthetic engineering or feasibility issue requiring monitoring review.,OPEN,HIGH
ISS-00350-11-02,PAI-00350,2024-11-30,PROCUREMENT_OR_CONTRACT,Synthetic procurement or contract issue requiring monitoring review.,OPEN,MEDIUM
ISS-00350-15-01,PAI-00350,2025-03-31,FUNDING,Synthetic funding issue requiring monitoring review.,OPEN,MEDIUM
ISS-00350-16-01,PAI-00350,2025-04-30,FUNDING,Synthetic funding issue requiring monitoring review.,RESOLVED,HIGH
ISS-00350-17-01,PAI-00350,2025-05-31,SCOPE_OR_POLICY,Synthetic scope or policy issue requiring monitoring review.,OPEN,LOW
ISS-00350-18-01,PAI-00350,2025-06-30,LEGAL_OR_SOCIAL,Synthetic legal or social issue requiring monitoring review.,OPEN,HIGH
ISS-00350-19-01,PAI-00350,2025-07-31,LEGAL_OR_SOCIAL,Synthetic legal or social issue requiring monitoring review.,OPEN,MEDIUM
ISS-00350-19-02,PAI-00350,2025-07-31,BUDGET_OR_APPROVAL,Synthetic budget or approval issue requiring monitoring review.,IN_PROGRESS,MEDIUM
ISS-00350-19-03,PAI-00350,2025-07-31,ENGINEERING_OR_FEASIBILITY,Synthetic engineering or feasibility issue requiring monitoring review.,IN_PROGRESS,LOW
ISS-00350-20-01,PAI-00350,2025-08-31,PROCUREMENT_OR_CONTRACT,Synthetic procurement or contract issue requiring monitoring review.,IN_PROGRESS,MEDIUM
ISS-00350-22-01,PAI-00350,2025-10-31,PROCUREMENT_OR_CONTRACT,Synthetic procurement or contract issue requiring monitoring review.,OPEN,LOW
ISS-00350-24-01,PAI-00350,2025-12-31,BUDGET_OR_APPROVAL,Synthetic budget or approval issue requiring monitoring review.,RESOLVED,LOW
ISS-00351-05-01,PAI-00351,2024-05-31,SCOPE_OR_POLICY,Synthetic scope or policy issue requiring monitoring review.,OPEN,LOW
ISS-00351-11-01,PAI-00351,2024-11-30,LEGAL_OR_SOCIAL,Synthetic legal or social issue requiring monitoring review.,RESOLVED,LOW
ISS-00351-16-01,PAI-00351,2025-04-30,FUNDING,Synthetic funding issue requiring monitoring review.,IN_PROGRESS,HIGH
ISS-00351-18-01,PAI-00351,2025-06-30,PROCUREMENT_OR_CONTRACT,Synthetic procurement or contract issue requiring monitoring review.,OPEN,LOW
ISS-00351-22-01,PAI-00351,2025-10-31,PROCUREMENT_OR_CONTRACT,Synthetic procurement or contract issue requiring monitoring review.,OPEN,MEDIUM
ISS-00351-23-01,PAI-00351,2025-11-30,PROCUREMENT_OR_CONTRACT,Synthetic procurement or contract issue requiring monitoring review.,OPEN,MEDIUM
ISS-00351-23-02,PAI-00351,2025-11-30,BUDGET_OR_APPROVAL,Synthetic budget or approval issue requiring monitoring review.,OPEN,LOW
ISS-00352-04-01,PAI-00352,2024-04-30,ENGINEERING_OR_FEASIBILITY,Synthetic engineering or feasibility issue requiring monitoring review.,OPEN,MEDIUM
ISS-00352-06-01,PAI-00352,2024-06-30,PROCUREMENT_OR_CONTRACT,Synthetic procurement or contract issue requiring monitoring review.,RESOLVED,MEDIUM
ISS-00352-10-01,PAI-00352,2024-10-31,FUNDING,Synthetic funding issue requiring monitoring review.,OPEN,LOW
ISS-00352-13-01,PAI-00352,2025-01-31,SCOPE_OR_POLICY,Synthetic scope or policy issue requiring monitoring review.,OPEN,HIGH
ISS-00352-14-01,PAI-00352,2025-02-28,CLEARANCE,Synthetic clearance issue requiring monitoring review.,OPEN,MEDIUM
ISS-00352-17-01,PAI-00352,2025-05-31,BUDGET_OR_APPROVAL,Synthetic budget or approval issue requiring monitoring review.,OPEN,HIGH
ISS-00352-17-02,PAI-00352,2025-05-31,FUNDING,Synthetic funding issue requiring monitoring review.,OPEN,HIGH
ISS-00352-21-01,PAI-00352,2025-09-30,LAND_ACQUISITION,Synthetic land acquisition issue requiring monitoring review.,OPEN,MEDIUM
ISS-00353-03-01,PAI-00353,2024-03-31,LAND_ACQUISITION,Synthetic land acquisition issue requiring monitoring review.,OPEN,MEDIUM
ISS-00353-06-01,PAI-00353,2024-06-30,LAND_ACQUISITION,Synthetic land acquisition issue requiring monitoring review.,RESOLVED,MEDIUM
ISS-00353-09-01,PAI-00353,2024-09-30,BUDGET_OR_APPROVAL,Synthetic budget or approval issue requiring monitoring review.,IN_PROGRESS,LOW
ISS-00353-10-01,PAI-00353,2024-10-31,LAND_ACQUISITION,Synthetic land acquisition issue requiring monitoring review.,OPEN,LOW
ISS-00354-01-01,PAI-00354,2024-01-31,LAND_ACQUISITION,Synthetic land acquisition issue requiring monitoring review.,RESOLVED,MEDIUM
ISS-00354-04-01,PAI-00354,2024-04-30,CLEARANCE,Synthetic clearance issue requiring monitoring review.,OPEN,HIGH
ISS-00354-05-01,PAI-00354,2024-05-31,ENGINEERING_OR_FEASIBILITY,Synthetic engineering or feasibility issue requiring monitoring review.,OPEN,HIGH
ISS-00354-11-01,PAI-00354,2024-11-30,FUNDING,Synthetic funding issue requiring monitoring review.,OPEN,MEDIUM
ISS-00354-15-01,PAI-00354,2025-03-31,LAND_ACQUISITION,Synthetic land acquisition issue requiring monitoring review.,RESOLVED,HIGH
ISS-00354-19-01,PAI-00354,2025-07-31,BUDGET_OR_APPROVAL,Synthetic budget or approval issue requiring monitoring review.,IN_PROGRESS,MEDIUM
ISS-00354-19-02,PAI-00354,2025-07-31,FUNDING,Synthetic funding issue requiring monitoring review.,OPEN,HIGH
ISS-00354-20-01,PAI-00354,2025-08-31,CLEARANCE,Synthetic clearance issue requiring monitoring review.,RESOLVED,MEDIUM
ISS-00354-22-01,PAI-00354,2025-10-31,CLEARANCE,Synthetic clearance issue requiring monitoring review.,OPEN,LOW
ISS-00354-24-01,PAI-00354,2025-12-31,FUNDING,Synthetic funding issue requiring monitoring review.,OPEN,HIGH
ISS-00355-05-01,PAI-00355,2024-05-31,SCOPE_OR_POLICY,Synthetic scope or policy issue requiring monitoring review.,IN_PROGRESS,HIGH
ISS-00355-07-01,PAI-00355,2024-07-31,BUDGET_OR_APPROVAL,Synthetic budget or approval issue requiring monitoring review.,OPEN,MEDIUM
ISS-00355-08-01,PAI-00355,2024-08-31,LEGAL_OR_SOCIAL,Synthetic legal or social issue requiring monitoring review.,IN_PROGRESS,MEDIUM
ISS-00355-11-01,PAI-00355,2024-11-30,LAND_ACQUISITION,Synthetic land acquisition issue requiring monitoring review.,OPEN,MEDIUM
ISS-00355-12-01,PAI-00355,2024-12-31,CLEARANCE,Synthetic clearance issue requiring monitoring review.,RESOLVED,HIGH
ISS-00355-12-02,PAI-00355,2024-12-31,ENGINEERING_OR_FEASIBILITY,Synthetic engineering or feasibility issue requiring monitoring review.,RESOLVED,LOW
ISS-00355-15-01,PAI-00355,2025-03-31,SCOPE_OR_POLICY,Synthetic scope or policy issue requiring monitoring review.,OPEN,HIGH
ISS-00355-17-01,PAI-00355,2025-05-31,SCOPE_OR_POLICY,Synthetic scope or policy issue requiring monitoring review.,IN_PROGRESS,MEDIUM
ISS-00355-17-02,PAI-00355,2025-05-31,FUNDING,Synthetic funding issue requiring monitoring review.,IN_PROGRESS,HIGH
ISS-00355-18-01,PAI-00355,2025-06-30,LAND_ACQUISITION,Synthetic land acquisition issue requiring monitoring review.,OPEN,MEDIUM
ISS-00355-19-01,PAI-00355,2025-07-31,CLEARANCE,Synthetic clearance issue requiring monitoring review.,OPEN,LOW
ISS-00355-22-01,PAI-00355,2025-10-31,CLEARANCE,Synthetic clearance issue requiring monitoring review.,IN_PROGRESS,LOW
ISS-00355-22-02,PAI-00355,2025-10-31,PROCUREMENT_OR_CONTRACT,Synthetic procurement or contract issue requiring monitoring review.,RESOLVED,MEDIUM
ISS-00355-22-03,PAI-00355,2025-10-31,BUDGET_OR_APPROVAL,Synthetic budget or approval issue requiring monitoring review.,IN_PROGRESS,HIGH
ISS-00355-24-01,PAI-00355,2025-12-31,ENGINEERING_OR_FEASIBILITY,Synthetic engineering or feasibility issue requiring monitoring review.,OPEN,MEDIUM
ISS-00356-14-01,PAI-00356,2025-02-28,LEGAL_OR_SOCIAL,Synthetic legal or social issue requiring monitoring review.,OPEN,LOW
ISS-00356-23-01,PAI-00356,2025-11-30,CLEARANCE,Synthetic clearance issue requiring monitoring review.,IN_PROGRESS,LOW
ISS-00357-08-01,PAI-00357,2024-08-31,LEGAL_OR_SOCIAL,Synthetic legal or social issue requiring monitoring review.,RESOLVED,LOW
ISS-00357-10-01,PAI-00357,2024-10-31,SCOPE_OR_POLICY,Synthetic scope or policy issue requiring monitoring review.,RESOLVED,HIGH
ISS-00357-15-01,PAI-00357,2025-03-31,SCOPE_OR_POLICY,Synthetic scope or policy issue requiring monitoring review.,OPEN,LOW
ISS-00357-15-02,PAI-00357,2025-03-31,LEGAL_OR_SOCIAL,Synthetic legal or social issue requiring monitoring review.,RESOLVED,LOW
ISS-00357-16-01,PAI-00357,2025-04-30,FUNDING,Synthetic funding issue requiring monitoring review.,RESOLVED,MEDIUM
ISS-00357-18-01,PAI-00357,2025-06-30,BUDGET_OR_APPROVAL,Synthetic budget or approval issue requiring monitoring review.,OPEN,LOW
ISS-00357-18-02,PAI-00357,2025-06-30,LEGAL_OR_SOCIAL,Synthetic legal or social issue requiring monitoring review.,IN_PROGRESS,LOW
ISS-00357-18-03,PAI-00357,2025-06-30,ENGINEERING_OR_FEASIBILITY,Synthetic engineering or feasibility issue requiring monitoring review.,IN_PROGRESS,LOW
ISS-00357-20-01,PAI-00357,2025-08-31,LEGAL_OR_SOCIAL,Synthetic legal or social issue requiring monitoring review.,OPEN,HIGH
ISS-00357-22-01,PAI-00357,2025-10-31,LEGAL_OR_SOCIAL,Synthetic legal or social issue requiring monitoring review.,RESOLVED,MEDIUM
ISS-00358-03-01,PAI-00358,2024-03-31,LEGAL_OR_SOCIAL,Synthetic legal or social issue requiring monitoring review.,IN_PROGRESS,MEDIUM
ISS-00358-03-02,PAI-00358,2024-03-31,LEGAL_OR_SOCIAL,Synthetic legal or social issue requiring monitoring review.,IN_PROGRESS,LOW
ISS-00358-04-01,PAI-00358,2024-04-30,ENGINEERING_OR_FEASIBILITY,Synthetic engineering or feasibility issue requiring monitoring review.,OPEN,LOW
ISS-00358-06-01,PAI-00358,2024-06-30,PROCUREMENT_OR_CONTRACT,Synthetic procurement or contract issue requiring monitoring review.,OPEN,LOW
ISS-00358-08-01,PAI-00358,2024-08-31,CLEARANCE,Synthetic clearance issue requiring monitoring review.,RESOLVED,MEDIUM
ISS-00358-08-02,PAI-00358,2024-08-31,LEGAL_OR_SOCIAL,Synthetic legal or social issue requiring monitoring review.,RESOLVED,HIGH
ISS-00358-15-01,PAI-00358,2025-03-31,ENGINEERING_OR_FEASIBILITY,Synthetic engineering or feasibility issue requiring monitoring review.,OPEN,HIGH
ISS-00358-18-01,PAI-00358,2025-06-30,BUDGET_OR_APPROVAL,Synthetic budget or approval issue requiring monitoring review.,OPEN,MEDIUM
ISS-00358-18-02,PAI-00358,2025-06-30,FUNDING,Synthetic funding issue requiring monitoring review.,RESOLVED,MEDIUM
ISS-00358-18-03,PAI-00358,2025-06-30,SCOPE_OR_POLICY,Synthetic scope or policy issue requiring monitoring review.,OPEN,LOW
ISS-00358-19-01,PAI-00358,2025-07-31,BUDGET_OR_APPROVAL,Synthetic budget or approval issue requiring monitoring review.,RESOLVED,LOW
ISS-00358-21-01,PAI-00358,2025-09-30,CLEARANCE,Synthetic clearance issue requiring monitoring review.,OPEN,MEDIUM
ISS-00358-22-01,PAI-00358,2025-10-31,CLEARANCE,Synthetic clearance issue requiring monitoring review.,IN_PROGRESS,LOW
ISS-00358-22-02,PAI-00358,2025-10-31,FUNDING,Synthetic funding issue requiring monitoring review.,IN_PROGRESS,MEDIUM
ISS-00359-15-01,PAI-00359,2025-03-31,CLEARANCE,Synthetic clearance issue requiring monitoring review.,IN_PROGRESS,LOW
ISS-00359-24-01,PAI-00359,2025-12-31,SCOPE_OR_POLICY,Synthetic scope or policy issue requiring monitoring review.,OPEN,MEDIUM
ISS-00360-03-01,PAI-00360,2024-03-31,LAND_ACQUISITION,Synthetic land acquisition issue requiring monitoring review.,RESOLVED,MEDIUM
ISS-00360-09-01,PAI-00360,2024-09-30,SCOPE_OR_POLICY,Synthetic scope or policy issue requiring monitoring review.,OPEN,LOW
ISS-00360-11-01,PAI-00360,2024-11-30,SCOPE_OR_POLICY,Synthetic scope or policy issue requiring monitoring review.,OPEN,LOW
ISS-00360-12-01,PAI-00360,2024-12-31,ENGINEERING_OR_FEASIBILITY,Synthetic engineering or feasibility issue requiring monitoring review.,RESOLVED,LOW
ISS-00360-23-01,PAI-00360,2025-11-30,LAND_ACQUISITION,Synthetic land acquisition issue requiring monitoring review.,OPEN,LOW
ISS-00361-08-01,PAI-00361,2024-08-31,SCOPE_OR_POLICY,Synthetic scope or policy issue requiring monitoring review.,OPEN,LOW
ISS-00361-08-02,PAI-00361,2024-08-31,SCOPE_OR_POLICY,Synthetic scope or policy issue requiring monitoring review.,OPEN,HIGH
ISS-00361-09-01,PAI-00361,2024-09-30,BUDGET_OR_APPROVAL,Synthetic budget or approval issue requiring monitoring review.,RESOLVED,MEDIUM
ISS-00361-10-01,PAI-00361,2024-10-31,CLEARANCE,Synthetic clearance issue requiring monitoring review.,OPEN,LOW
ISS-00361-10-02,PAI-00361,2024-10-31,SCOPE_OR_POLICY,Synthetic scope or policy issue requiring monitoring review.,OPEN,LOW
ISS-00361-13-01,PAI-00361,2025-01-31,FUNDING,Synthetic funding issue requiring monitoring review.,OPEN,HIGH
ISS-00361-14-01,PAI-00361,2025-02-28,LEGAL_OR_SOCIAL,Synthetic legal or social issue requiring monitoring review.,IN_PROGRESS,LOW
ISS-00361-15-01,PAI-00361,2025-03-31,LAND_ACQUISITION,Synthetic land acquisition issue requiring monitoring review.,OPEN,HIGH
ISS-00361-16-01,PAI-00361,2025-04-30,BUDGET_OR_APPROVAL,Synthetic budget or approval issue requiring monitoring review.,RESOLVED,LOW
ISS-00361-17-01,PAI-00361,2025-05-31,BUDGET_OR_APPROVAL,Synthetic budget or approval issue requiring monitoring review.,OPEN,MEDIUM
ISS-00361-24-01,PAI-00361,2025-12-31,LEGAL_OR_SOCIAL,Synthetic legal or social issue requiring monitoring review.,OPEN,LOW
ISS-00362-01-01,PAI-00362,2024-01-31,LEGAL_OR_SOCIAL,Synthetic legal or social issue requiring monitoring review.,IN_PROGRESS,HIGH
ISS-00362-01-02,PAI-00362,2024-01-31,LAND_ACQUISITION,Synthetic land acquisition issue requiring monitoring review.,RESOLVED,MEDIUM
ISS-00362-03-01,PAI-00362,2024-03-31,LEGAL_OR_SOCIAL,Synthetic legal or social issue requiring monitoring review.,OPEN,LOW
ISS-00362-05-01,PAI-00362,2024-05-31,PROCUREMENT_OR_CONTRACT,Synthetic procurement or contract issue requiring monitoring review.,IN_PROGRESS,MEDIUM
ISS-00362-07-01,PAI-00362,2024-07-31,FUNDING,Synthetic funding issue requiring monitoring review.,OPEN,HIGH
ISS-00362-11-01,PAI-00362,2024-11-30,ENGINEERING_OR_FEASIBILITY,Synthetic engineering or feasibility issue requiring monitoring review.,OPEN,LOW
ISS-00362-19-01,PAI-00362,2025-07-31,FUNDING,Synthetic funding issue requiring monitoring review.,RESOLVED,MEDIUM
ISS-00362-19-02,PAI-00362,2025-07-31,LEGAL_OR_SOCIAL,Synthetic legal or social issue requiring monitoring review.,OPEN,HIGH
ISS-00362-20-01,PAI-00362,2025-08-31,PROCUREMENT_OR_CONTRACT,Synthetic procurement or contract issue requiring monitoring review.,IN_PROGRESS,LOW
ISS-00362-23-01,PAI-00362,2025-11-30,SCOPE_OR_POLICY,Synthetic scope or policy issue requiring monitoring review.,OPEN,HIGH
ISS-00363-04-01,PAI-00363,2024-04-30,CLEARANCE,Synthetic clearance issue requiring monitoring review.,IN_PROGRESS,MEDIUM
ISS-00363-07-01,PAI-00363,2024-07-31,PROCUREMENT_OR_CONTRACT,Synthetic procurement or contract issue requiring monitoring review.,IN_PROGRESS,MEDIUM
ISS-00363-07-02,PAI-00363,2024-07-31,FUNDING,Synthetic funding issue requiring monitoring review.,IN_PROGRESS,HIGH
ISS-00363-13-01,PAI-00363,2025-01-31,LEGAL_OR_SOCIAL,Synthetic legal or social issue requiring monitoring review.,IN_PROGRESS,LOW
ISS-00363-13-02,PAI-00363,2025-01-31,PROCUREMENT_OR_CONTRACT,Synthetic procurement or contract issue requiring monitoring review.,RESOLVED,MEDIUM
ISS-00363-14-01,PAI-00363,2025-02-28,LAND_ACQUISITION,Synthetic land acquisition issue requiring monitoring review.,IN_PROGRESS,HIGH
ISS-00363-14-02,PAI-00363,2025-02-28,SCOPE_OR_POLICY,Synthetic scope or policy issue requiring monitoring review.,OPEN,HIGH
ISS-00363-15-01,PAI-00363,2025-03-31,BUDGET_OR_APPROVAL,Synthetic budget or approval issue requiring monitoring review.,OPEN,MEDIUM
ISS-00363-18-01,PAI-00363,2025-06-30,SCOPE_OR_POLICY,Synthetic scope or policy issue requiring monitoring review.,IN_PROGRESS,MEDIUM
ISS-00363-19-01,PAI-00363,2025-07-31,PROCUREMENT_OR_CONTRACT,Synthetic procurement or contract issue requiring monitoring review.,IN_PROGRESS,LOW
ISS-00364-03-01,PAI-00364,2024-03-31,BUDGET_OR_APPROVAL,Synthetic budget or approval issue requiring monitoring review.,IN_PROGRESS,LOW
ISS-00364-05-01,PAI-00364,2024-05-31,LEGAL_OR_SOCIAL,Synthetic legal or social issue requiring monitoring review.,IN_PROGRESS,MEDIUM
ISS-00364-10-01,PAI-00364,2024-10-31,PROCUREMENT_OR_CONTRACT,Synthetic procurement or contract issue requiring monitoring review.,OPEN,LOW
ISS-00364-10-02,PAI-00364,2024-10-31,BUDGET_OR_APPROVAL,Synthetic budget or approval issue requiring monitoring review.,RESOLVED,MEDIUM
ISS-00364-14-01,PAI-00364,2025-02-28,SCOPE_OR_POLICY,Synthetic scope or policy issue requiring monitoring review.,RESOLVED,LOW
ISS-00364-24-01,PAI-00364,2025-12-31,CLEARANCE,Synthetic clearance issue requiring monitoring review.,OPEN,LOW
ISS-00365-07-01,PAI-00365,2024-07-31,LAND_ACQUISITION,Synthetic land acquisition issue requiring monitoring review.,RESOLVED,LOW
ISS-00365-11-01,PAI-00365,2024-11-30,FUNDING,Synthetic funding issue requiring monitoring review.,OPEN,LOW
ISS-00365-21-01,PAI-00365,2025-09-30,LAND_ACQUISITION,Synthetic land acquisition issue requiring monitoring review.,OPEN,HIGH
ISS-00365-21-02,PAI-00365,2025-09-30,FUNDING,Synthetic funding issue requiring monitoring review.,OPEN,LOW
ISS-00365-22-01,PAI-00365,2025-10-31,ENGINEERING_OR_FEASIBILITY,Synthetic engineering or feasibility issue requiring monitoring review.,OPEN,MEDIUM
ISS-00366-13-01,PAI-00366,2025-01-31,BUDGET_OR_APPROVAL,Synthetic budget or approval issue requiring monitoring review.,OPEN,HIGH
ISS-00366-13-02,PAI-00366,2025-01-31,FUNDING,Synthetic funding issue requiring monitoring review.,OPEN,LOW
ISS-00366-17-01,PAI-00366,2025-05-31,LAND_ACQUISITION,Synthetic land acquisition issue requiring monitoring review.,IN_PROGRESS,MEDIUM
ISS-00366-19-01,PAI-00366,2025-07-31,LEGAL_OR_SOCIAL,Synthetic legal or social issue requiring monitoring review.,OPEN,LOW
ISS-00367-01-01,PAI-00367,2024-01-31,LEGAL_OR_SOCIAL,Synthetic legal or social issue requiring monitoring review.,OPEN,MEDIUM
ISS-00367-06-01,PAI-00367,2024-06-30,ENGINEERING_OR_FEASIBILITY,Synthetic engineering or feasibility issue requiring monitoring review.,OPEN,HIGH
ISS-00367-06-02,PAI-00367,2024-06-30,CLEARANCE,Synthetic clearance issue requiring monitoring review.,OPEN,MEDIUM
ISS-00367-11-01,PAI-00367,2024-11-30,SCOPE_OR_POLICY,Synthetic scope or policy issue requiring monitoring review.,OPEN,LOW
ISS-00367-12-01,PAI-00367,2024-12-31,LEGAL_OR_SOCIAL,Synthetic legal or social issue requiring monitoring review.,OPEN,MEDIUM
ISS-00367-14-01,PAI-00367,2025-02-28,FUNDING,Synthetic funding issue requiring monitoring review.,RESOLVED,HIGH
ISS-00367-16-01,PAI-00367,2025-04-30,FUNDING,Synthetic funding issue requiring monitoring review.,IN_PROGRESS,HIGH
ISS-00367-17-01,PAI-00367,2025-05-31,LAND_ACQUISITION,Synthetic land acquisition issue requiring monitoring review.,IN_PROGRESS,HIGH
ISS-00367-18-01,PAI-00367,2025-06-30,FUNDING,Synthetic funding issue requiring monitoring review.,IN_PROGRESS,MEDIUM
ISS-00367-19-01,PAI-00367,2025-07-31,ENGINEERING_OR_FEASIBILITY,Synthetic engineering or feasibility issue requiring monitoring review.,OPEN,LOW
ISS-00367-21-01,PAI-00367,2025-09-30,BUDGET_OR_APPROVAL,Synthetic budget or approval issue requiring monitoring review.,OPEN,MEDIUM
ISS-00367-21-02,PAI-00367,2025-09-30,SCOPE_OR_POLICY,Synthetic scope or policy issue requiring monitoring review.,OPEN,LOW
ISS-00367-22-01,PAI-00367,2025-10-31,BUDGET_OR_APPROVAL,Synthetic budget or approval issue requiring monitoring review.,OPEN,LOW
ISS-00367-22-02,PAI-00367,2025-10-31,ENGINEERING_OR_FEASIBILITY,Synthetic engineering or feasibility issue requiring monitoring review.,IN_PROGRESS,LOW
ISS-00367-23-01,PAI-00367,2025-11-30,FUNDING,Synthetic funding issue requiring monitoring review.,OPEN,HIGH
ISS-00367-23-02,PAI-00367,2025-11-30,CLEARANCE,Synthetic clearance issue requiring monitoring review.,OPEN,MEDIUM
ISS-00367-24-01,PAI-00367,2025-12-31,BUDGET_OR_APPROVAL,Synthetic budget or approval issue requiring monitoring review.,IN_PROGRESS,LOW
ISS-00367-24-02,PAI-00367,2025-12-31,LEGAL_OR_SOCIAL,Synthetic legal or social issue requiring monitoring review.,OPEN,MEDIUM
ISS-00367-24-03,PAI-00367,2025-12-31,FUNDING,Synthetic funding issue requiring monitoring review.,OPEN,MEDIUM
ISS-00368-01-01,PAI-00368,2024-01-31,LEGAL_OR_SOCIAL,Synthetic legal or social issue requiring monitoring review.,OPEN,MEDIUM
ISS-00368-01-02,PAI-00368,2024-01-31,CLEARANCE,Synthetic clearance issue requiring monitoring review.,OPEN,MEDIUM
ISS-00368-01-03,PAI-00368,2024-01-31,CLEARANCE,Synthetic clearance issue requiring monitoring review.,RESOLVED,MEDIUM
ISS-00368-03-01,PAI-00368,2024-03-31,CLEARANCE,Synthetic clearance issue requiring monitoring review.,RESOLVED,MEDIUM
ISS-00368-05-01,PAI-00368,2024-05-31,LEGAL_OR_SOCIAL,Synthetic legal or social issue requiring monitoring review.,OPEN,MEDIUM
ISS-00368-05-02,PAI-00368,2024-05-31,PROCUREMENT_OR_CONTRACT,Synthetic procurement or contract issue requiring monitoring review.,OPEN,MEDIUM
ISS-00368-06-01,PAI-00368,2024-06-30,LEGAL_OR_SOCIAL,Synthetic legal or social issue requiring monitoring review.,RESOLVED,MEDIUM
ISS-00368-08-01,PAI-00368,2024-08-31,LAND_ACQUISITION,Synthetic land acquisition issue requiring monitoring review.,IN_PROGRESS,MEDIUM
ISS-00368-11-01,PAI-00368,2024-11-30,FUNDING,Synthetic funding issue requiring monitoring review.,OPEN,LOW
ISS-00368-12-01,PAI-00368,2024-12-31,CLEARANCE,Synthetic clearance issue requiring monitoring review.,RESOLVED,MEDIUM
ISS-00368-13-01,PAI-00368,2025-01-31,ENGINEERING_OR_FEASIBILITY,Synthetic engineering or feasibility issue requiring monitoring review.,OPEN,HIGH
ISS-00368-13-02,PAI-00368,2025-01-31,PROCUREMENT_OR_CONTRACT,Synthetic procurement or contract issue requiring monitoring review.,OPEN,MEDIUM
ISS-00368-13-03,PAI-00368,2025-01-31,FUNDING,Synthetic funding issue requiring monitoring review.,IN_PROGRESS,HIGH
ISS-00368-17-01,PAI-00368,2025-05-31,SCOPE_OR_POLICY,Synthetic scope or policy issue requiring monitoring review.,OPEN,MEDIUM
ISS-00368-17-02,PAI-00368,2025-05-31,LEGAL_OR_SOCIAL,Synthetic legal or social issue requiring monitoring review.,OPEN,HIGH
ISS-00368-17-03,PAI-00368,2025-05-31,SCOPE_OR_POLICY,Synthetic scope or policy issue requiring monitoring review.,RESOLVED,LOW
ISS-00368-19-01,PAI-00368,2025-07-31,CLEARANCE,Synthetic clearance issue requiring monitoring review.,OPEN,HIGH
ISS-00368-20-01,PAI-00368,2025-08-31,PROCUREMENT_OR_CONTRACT,Synthetic procurement or contract issue requiring monitoring review.,OPEN,HIGH
ISS-00368-23-01,PAI-00368,2025-11-30,LEGAL_OR_SOCIAL,Synthetic legal or social issue requiring monitoring review.,RESOLVED,HIGH
ISS-00368-24-01,PAI-00368,2025-12-31,LEGAL_OR_SOCIAL,Synthetic legal or social issue requiring monitoring review.,OPEN,MEDIUM
ISS-00368-24-02,PAI-00368,2025-12-31,LAND_ACQUISITION,Synthetic land acquisition issue requiring monitoring review.,OPEN,LOW
ISS-00369-05-01,PAI-00369,2024-05-31,ENGINEERING_OR_FEASIBILITY,Synthetic engineering or feasibility issue requiring monitoring review.,OPEN,LOW
ISS-00369-06-01,PAI-00369,2024-06-30,FUNDING,Synthetic funding issue requiring monitoring review.,IN_PROGRESS,MEDIUM
ISS-00369-08-01,PAI-00369,2024-08-31,CLEARANCE,Synthetic clearance issue requiring monitoring review.,OPEN,HIGH
ISS-00369-10-01,PAI-00369,2024-10-31,SCOPE_OR_POLICY,Synthetic scope or policy issue requiring monitoring review.,OPEN,HIGH
ISS-00369-10-02,PAI-00369,2024-10-31,LAND_ACQUISITION,Synthetic land acquisition issue requiring monitoring review.,OPEN,MEDIUM
ISS-00369-14-01,PAI-00369,2025-02-28,SCOPE_OR_POLICY,Synthetic scope or policy issue requiring monitoring review.,IN_PROGRESS,MEDIUM
ISS-00369-15-01,PAI-00369,2025-03-31,SCOPE_OR_POLICY,Synthetic scope or policy issue requiring monitoring review.,OPEN,MEDIUM
ISS-00369-16-01,PAI-00369,2025-04-30,PROCUREMENT_OR_CONTRACT,Synthetic procurement or contract issue requiring monitoring review.,RESOLVED,HIGH
ISS-00369-16-02,PAI-00369,2025-04-30,FUNDING,Synthetic funding issue requiring monitoring review.,RESOLVED,MEDIUM
ISS-00369-16-03,PAI-00369,2025-04-30,FUNDING,Synthetic funding issue requiring monitoring review.,OPEN,MEDIUM
ISS-00369-17-01,PAI-00369,2025-05-31,BUDGET_OR_APPROVAL,Synthetic budget or approval issue requiring monitoring review.,OPEN,LOW
ISS-00369-18-01,PAI-00369,2025-06-30,BUDGET_OR_APPROVAL,Synthetic budget or approval issue requiring monitoring review.,OPEN,MEDIUM
ISS-00369-19-01,PAI-00369,2025-07-31,CLEARANCE,Synthetic clearance issue requiring monitoring review.,RESOLVED,MEDIUM
ISS-00369-20-01,PAI-00369,2025-08-31,SCOPE_OR_POLICY,Synthetic scope or policy issue requiring monitoring review.,IN_PROGRESS,HIGH
ISS-00369-21-01,PAI-00369,2025-09-30,LEGAL_OR_SOCIAL,Synthetic legal or social issue requiring monitoring review.,IN_PROGRESS,MEDIUM
ISS-00369-23-01,PAI-00369,2025-11-30,FUNDING,Synthetic funding issue requiring monitoring review.,RESOLVED,LOW
ISS-00370-01-01,PAI-00370,2024-01-31,CLEARANCE,Synthetic clearance issue requiring monitoring review.,OPEN,MEDIUM
ISS-00370-03-01,PAI-00370,2024-03-31,SCOPE_OR_POLICY,Synthetic scope or policy issue requiring monitoring review.,OPEN,MEDIUM
ISS-00370-05-01,PAI-00370,2024-05-31,PROCUREMENT_OR_CONTRACT,Synthetic procurement or contract issue requiring monitoring review.,IN_PROGRESS,HIGH
ISS-00370-06-01,PAI-00370,2024-06-30,SCOPE_OR_POLICY,Synthetic scope or policy issue requiring monitoring review.,RESOLVED,MEDIUM
ISS-00370-08-01,PAI-00370,2024-08-31,ENGINEERING_OR_FEASIBILITY,Synthetic engineering or feasibility issue requiring monitoring review.,OPEN,LOW
ISS-00370-11-01,PAI-00370,2024-11-30,FUNDING,Synthetic funding issue requiring monitoring review.,RESOLVED,MEDIUM
ISS-00370-16-01,PAI-00370,2025-04-30,LAND_ACQUISITION,Synthetic land acquisition issue requiring monitoring review.,IN_PROGRESS,LOW
ISS-00370-17-01,PAI-00370,2025-05-31,FUNDING,Synthetic funding issue requiring monitoring review.,OPEN,MEDIUM
ISS-00370-18-01,PAI-00370,2025-06-30,BUDGET_OR_APPROVAL,Synthetic budget or approval issue requiring monitoring review.,OPEN,MEDIUM
ISS-00370-18-02,PAI-00370,2025-06-30,LAND_ACQUISITION,Synthetic land acquisition issue requiring monitoring review.,IN_PROGRESS,HIGH
ISS-00370-18-03,PAI-00370,2025-06-30,BUDGET_OR_APPROVAL,Synthetic budget or approval issue requiring monitoring review.,OPEN,HIGH
ISS-00370-20-01,PAI-00370,2025-08-31,ENGINEERING_OR_FEASIBILITY,Synthetic engineering or feasibility issue requiring monitoring review.,IN_PROGRESS,MEDIUM
ISS-00370-22-01,PAI-00370,2025-10-31,FUNDING,Synthetic funding issue requiring monitoring review.,OPEN,HIGH
ISS-00370-23-01,PAI-00370,2025-11-30,FUNDING,Synthetic funding issue requiring monitoring review.,OPEN,HIGH
ISS-00370-24-01,PAI-00370,2025-12-31,CLEARANCE,Synthetic clearance issue requiring monitoring review.,IN_PROGRESS,LOW
ISS-00371-02-01,PAI-00371,2024-02-29,LEGAL_OR_SOCIAL,Synthetic legal or social issue requiring monitoring review.,RESOLVED,MEDIUM
ISS-00371-12-01,PAI-00371,2024-12-31,PROCUREMENT_OR_CONTRACT,Synthetic procurement or contract issue requiring monitoring review.,OPEN,HIGH
ISS-00371-16-01,PAI-00371,2025-04-30,SCOPE_OR_POLICY,Synthetic scope or policy issue requiring monitoring review.,IN_PROGRESS,LOW
ISS-00371-17-01,PAI-00371,2025-05-31,LEGAL_OR_SOCIAL,Synthetic legal or social issue requiring monitoring review.,OPEN,MEDIUM
ISS-00371-18-01,PAI-00371,2025-06-30,LEGAL_OR_SOCIAL,Synthetic legal or social issue requiring monitoring review.,OPEN,HIGH
ISS-00371-19-01,PAI-00371,2025-07-31,LAND_ACQUISITION,Synthetic land acquisition issue requiring monitoring review.,OPEN,MEDIUM
ISS-00372-01-01,PAI-00372,2024-01-31,PROCUREMENT_OR_CONTRACT,Synthetic procurement or contract issue requiring monitoring review.,IN_PROGRESS,MEDIUM
ISS-00372-11-01,PAI-00372,2024-11-30,BUDGET_OR_APPROVAL,Synthetic budget or approval issue requiring monitoring review.,OPEN,LOW
ISS-00372-16-01,PAI-00372,2025-04-30,CLEARANCE,Synthetic clearance issue requiring monitoring review.,IN_PROGRESS,LOW
ISS-00372-23-01,PAI-00372,2025-11-30,LEGAL_OR_SOCIAL,Synthetic legal or social issue requiring monitoring review.,RESOLVED,LOW
ISS-00373-02-01,PAI-00373,2024-02-29,BUDGET_OR_APPROVAL,Synthetic budget or approval issue requiring monitoring review.,IN_PROGRESS,HIGH
ISS-00373-03-01,PAI-00373,2024-03-31,FUNDING,Synthetic funding issue requiring monitoring review.,RESOLVED,LOW
ISS-00373-08-01,PAI-00373,2024-08-31,ENGINEERING_OR_FEASIBILITY,Synthetic engineering or feasibility issue requiring monitoring review.,OPEN,HIGH
ISS-00373-14-01,PAI-00373,2025-02-28,FUNDING,Synthetic funding issue requiring monitoring review.,IN_PROGRESS,LOW
ISS-00373-14-02,PAI-00373,2025-02-28,LEGAL_OR_SOCIAL,Synthetic legal or social issue requiring monitoring review.,OPEN,MEDIUM
ISS-00374-06-01,PAI-00374,2024-06-30,SCOPE_OR_POLICY,Synthetic scope or policy issue requiring monitoring review.,OPEN,HIGH
ISS-00374-09-01,PAI-00374,2024-09-30,FUNDING,Synthetic funding issue requiring monitoring review.,OPEN,LOW
ISS-00374-21-01,PAI-00374,2025-09-30,BUDGET_OR_APPROVAL,Synthetic budget or approval issue requiring monitoring review.,OPEN,MEDIUM
ISS-00374-21-02,PAI-00374,2025-09-30,PROCUREMENT_OR_CONTRACT,Synthetic procurement or contract issue requiring monitoring review.,RESOLVED,MEDIUM
ISS-00374-23-01,PAI-00374,2025-11-30,SCOPE_OR_POLICY,Synthetic scope or policy issue requiring monitoring review.,IN_PROGRESS,LOW
ISS-00375-03-01,PAI-00375,2024-03-31,SCOPE_OR_POLICY,Synthetic scope or policy issue requiring monitoring review.,RESOLVED,MEDIUM
ISS-00375-05-01,PAI-00375,2024-05-31,ENGINEERING_OR_FEASIBILITY,Synthetic engineering or feasibility issue requiring monitoring review.,OPEN,MEDIUM
ISS-00375-08-01,PAI-00375,2024-08-31,CLEARANCE,Synthetic clearance issue requiring monitoring review.,IN_PROGRESS,LOW
ISS-00375-14-01,PAI-00375,2025-02-28,SCOPE_OR_POLICY,Synthetic scope or policy issue requiring monitoring review.,IN_PROGRESS,MEDIUM
ISS-00375-15-01,PAI-00375,2025-03-31,SCOPE_OR_POLICY,Synthetic scope or policy issue requiring monitoring review.,IN_PROGRESS,MEDIUM
ISS-00375-15-02,PAI-00375,2025-03-31,SCOPE_OR_POLICY,Synthetic scope or policy issue requiring monitoring review.,OPEN,MEDIUM
ISS-00375-23-01,PAI-00375,2025-11-30,FUNDING,Synthetic funding issue requiring monitoring review.,OPEN,MEDIUM
ISS-00375-24-01,PAI-00375,2025-12-31,LAND_ACQUISITION,Synthetic land acquisition issue requiring monitoring review.,OPEN,HIGH
ISS-00376-13-01,PAI-00376,2025-01-31,LEGAL_OR_SOCIAL,Synthetic legal or social issue requiring monitoring review.,OPEN,MEDIUM
ISS-00376-22-01,PAI-00376,2025-10-31,LEGAL_OR_SOCIAL,Synthetic legal or social issue requiring monitoring review.,OPEN,LOW
ISS-00377-06-01,PAI-00377,2024-06-30,SCOPE_OR_POLICY,Synthetic scope or policy issue requiring monitoring review.,OPEN,LOW
ISS-00377-08-01,PAI-00377,2024-08-31,FUNDING,Synthetic funding issue requiring monitoring review.,OPEN,MEDIUM
ISS-00377-10-01,PAI-00377,2024-10-31,ENGINEERING_OR_FEASIBILITY,Synthetic engineering or feasibility issue requiring monitoring review.,IN_PROGRESS,HIGH
ISS-00377-11-01,PAI-00377,2024-11-30,SCOPE_OR_POLICY,Synthetic scope or policy issue requiring monitoring review.,IN_PROGRESS,HIGH
ISS-00377-17-01,PAI-00377,2025-05-31,CLEARANCE,Synthetic clearance issue requiring monitoring review.,OPEN,HIGH
ISS-00377-20-01,PAI-00377,2025-08-31,CLEARANCE,Synthetic clearance issue requiring monitoring review.,OPEN,MEDIUM
ISS-00377-21-01,PAI-00377,2025-09-30,CLEARANCE,Synthetic clearance issue requiring monitoring review.,IN_PROGRESS,HIGH
ISS-00377-22-01,PAI-00377,2025-10-31,ENGINEERING_OR_FEASIBILITY,Synthetic engineering or feasibility issue requiring monitoring review.,IN_PROGRESS,MEDIUM
ISS-00377-24-01,PAI-00377,2025-12-31,PROCUREMENT_OR_CONTRACT,Synthetic procurement or contract issue requiring monitoring review.,RESOLVED,LOW
ISS-00378-05-01,PAI-00378,2024-05-31,BUDGET_OR_APPROVAL,Synthetic budget or approval issue requiring monitoring review.,OPEN,MEDIUM
ISS-00378-11-01,PAI-00378,2024-11-30,FUNDING,Synthetic funding issue requiring monitoring review.,OPEN,MEDIUM
ISS-00378-12-01,PAI-00378,2024-12-31,ENGINEERING_OR_FEASIBILITY,Synthetic engineering or feasibility issue requiring monitoring review.,IN_PROGRESS,LOW
ISS-00378-13-01,PAI-00378,2025-01-31,PROCUREMENT_OR_CONTRACT,Synthetic procurement or contract issue requiring monitoring review.,OPEN,LOW
ISS-00378-15-01,PAI-00378,2025-03-31,FUNDING,Synthetic funding issue requiring monitoring review.,OPEN,LOW
ISS-00378-18-01,PAI-00378,2025-06-30,LAND_ACQUISITION,Synthetic land acquisition issue requiring monitoring review.,OPEN,LOW
ISS-00378-18-02,PAI-00378,2025-06-30,LAND_ACQUISITION,Synthetic land acquisition issue requiring monitoring review.,RESOLVED,LOW
ISS-00378-21-01,PAI-00378,2025-09-30,SCOPE_OR_POLICY,Synthetic scope or policy issue requiring monitoring review.,RESOLVED,MEDIUM
ISS-00379-03-01,PAI-00379,2024-03-31,BUDGET_OR_APPROVAL,Synthetic budget or approval issue requiring monitoring review.,OPEN,MEDIUM
ISS-00379-13-01,PAI-00379,2025-01-31,BUDGET_OR_APPROVAL,Synthetic budget or approval issue requiring monitoring review.,OPEN,HIGH
ISS-00379-20-01,PAI-00379,2025-08-31,SCOPE_OR_POLICY,Synthetic scope or policy issue requiring monitoring review.,IN_PROGRESS,MEDIUM
ISS-00379-21-01,PAI-00379,2025-09-30,SCOPE_OR_POLICY,Synthetic scope or policy issue requiring monitoring review.,IN_PROGRESS,MEDIUM
ISS-00379-23-01,PAI-00379,2025-11-30,SCOPE_OR_POLICY,Synthetic scope or policy issue requiring monitoring review.,IN_PROGRESS,HIGH
ISS-00379-23-02,PAI-00379,2025-11-30,PROCUREMENT_OR_CONTRACT,Synthetic procurement or contract issue requiring monitoring review.,OPEN,LOW
ISS-00379-24-01,PAI-00379,2025-12-31,FUNDING,Synthetic funding issue requiring monitoring review.,OPEN,MEDIUM
ISS-00379-24-02,PAI-00379,2025-12-31,LEGAL_OR_SOCIAL,Synthetic legal or social issue requiring monitoring review.,RESOLVED,MEDIUM
ISS-00379-24-03,PAI-00379,2025-12-31,SCOPE_OR_POLICY,Synthetic scope or policy issue requiring monitoring review.,OPEN,HIGH
ISS-00380-11-01,PAI-00380,2024-11-30,PROCUREMENT_OR_CONTRACT,Synthetic procurement or contract issue requiring monitoring review.,OPEN,HIGH
ISS-00380-12-01,PAI-00380,2024-12-31,PROCUREMENT_OR_CONTRACT,Synthetic procurement or contract issue requiring monitoring review.,OPEN,LOW
ISS-00380-19-01,PAI-00380,2025-07-31,LEGAL_OR_SOCIAL,Synthetic legal or social issue requiring monitoring review.,IN_PROGRESS,HIGH
ISS-00381-05-01,PAI-00381,2024-05-31,CLEARANCE,Synthetic clearance issue requiring monitoring review.,IN_PROGRESS,LOW
ISS-00381-11-01,PAI-00381,2024-11-30,LAND_ACQUISITION,Synthetic land acquisition issue requiring monitoring review.,IN_PROGRESS,LOW
ISS-00381-12-01,PAI-00381,2024-12-31,CLEARANCE,Synthetic clearance issue requiring monitoring review.,IN_PROGRESS,MEDIUM
ISS-00381-15-01,PAI-00381,2025-03-31,CLEARANCE,Synthetic clearance issue requiring monitoring review.,OPEN,LOW
ISS-00381-17-01,PAI-00381,2025-05-31,PROCUREMENT_OR_CONTRACT,Synthetic procurement or contract issue requiring monitoring review.,OPEN,MEDIUM
ISS-00381-17-02,PAI-00381,2025-05-31,CLEARANCE,Synthetic clearance issue requiring monitoring review.,RESOLVED,LOW
ISS-00381-22-01,PAI-00381,2025-10-31,PROCUREMENT_OR_CONTRACT,Synthetic procurement or contract issue requiring monitoring review.,OPEN,LOW
ISS-00381-24-01,PAI-00381,2025-12-31,LEGAL_OR_SOCIAL,Synthetic legal or social issue requiring monitoring review.,OPEN,MEDIUM
ISS-00381-24-02,PAI-00381,2025-12-31,LAND_ACQUISITION,Synthetic land acquisition issue requiring monitoring review.,IN_PROGRESS,MEDIUM
ISS-00382-01-01,PAI-00382,2024-01-31,LEGAL_OR_SOCIAL,Synthetic legal or social issue requiring monitoring review.,OPEN,LOW
ISS-00382-01-02,PAI-00382,2024-01-31,SCOPE_OR_POLICY,Synthetic scope or policy issue requiring monitoring review.,RESOLVED,HIGH
ISS-00382-03-01,PAI-00382,2024-03-31,BUDGET_OR_APPROVAL,Synthetic budget or approval issue requiring monitoring review.,OPEN,MEDIUM
ISS-00382-04-01,PAI-00382,2024-04-30,LAND_ACQUISITION,Synthetic land acquisition issue requiring monitoring review.,OPEN,LOW
ISS-00382-05-01,PAI-00382,2024-05-31,LEGAL_OR_SOCIAL,Synthetic legal or social issue requiring monitoring review.,IN_PROGRESS,MEDIUM
ISS-00382-09-01,PAI-00382,2024-09-30,PROCUREMENT_OR_CONTRACT,Synthetic procurement or contract issue requiring monitoring review.,IN_PROGRESS,MEDIUM
ISS-00382-10-01,PAI-00382,2024-10-31,CLEARANCE,Synthetic clearance issue requiring monitoring review.,IN_PROGRESS,MEDIUM
ISS-00382-12-01,PAI-00382,2024-12-31,BUDGET_OR_APPROVAL,Synthetic budget or approval issue requiring monitoring review.,OPEN,MEDIUM
ISS-00382-13-01,PAI-00382,2025-01-31,SCOPE_OR_POLICY,Synthetic scope or policy issue requiring monitoring review.,RESOLVED,LOW
ISS-00382-15-01,PAI-00382,2025-03-31,LAND_ACQUISITION,Synthetic land acquisition issue requiring monitoring review.,OPEN,MEDIUM
ISS-00382-16-01,PAI-00382,2025-04-30,ENGINEERING_OR_FEASIBILITY,Synthetic engineering or feasibility issue requiring monitoring review.,OPEN,MEDIUM
ISS-00382-16-02,PAI-00382,2025-04-30,BUDGET_OR_APPROVAL,Synthetic budget or approval issue requiring monitoring review.,OPEN,MEDIUM
ISS-00382-18-01,PAI-00382,2025-06-30,PROCUREMENT_OR_CONTRACT,Synthetic procurement or contract issue requiring monitoring review.,OPEN,LOW
ISS-00382-18-02,PAI-00382,2025-06-30,PROCUREMENT_OR_CONTRACT,Synthetic procurement or contract issue requiring monitoring review.,OPEN,LOW
ISS-00382-19-01,PAI-00382,2025-07-31,FUNDING,Synthetic funding issue requiring monitoring review.,IN_PROGRESS,MEDIUM
ISS-00382-20-01,PAI-00382,2025-08-31,CLEARANCE,Synthetic clearance issue requiring monitoring review.,OPEN,MEDIUM
ISS-00382-22-01,PAI-00382,2025-10-31,ENGINEERING_OR_FEASIBILITY,Synthetic engineering or feasibility issue requiring monitoring review.,RESOLVED,MEDIUM
ISS-00382-23-01,PAI-00382,2025-11-30,CLEARANCE,Synthetic clearance issue requiring monitoring review.,OPEN,LOW
ISS-00382-24-01,PAI-00382,2025-12-31,PROCUREMENT_OR_CONTRACT,Synthetic procurement or contract issue requiring monitoring review.,RESOLVED,HIGH
ISS-00382-24-02,PAI-00382,2025-12-31,CLEARANCE,Synthetic clearance issue requiring monitoring review.,OPEN,MEDIUM
ISS-00383-05-01,PAI-00383,2024-05-31,LAND_ACQUISITION,Synthetic land acquisition issue requiring monitoring review.,RESOLVED,MEDIUM
ISS-00383-06-01,PAI-00383,2024-06-30,FUNDING,Synthetic funding issue requiring monitoring review.,RESOLVED,MEDIUM
ISS-00383-08-01,PAI-00383,2024-08-31,CLEARANCE,Synthetic clearance issue requiring monitoring review.,OPEN,LOW
ISS-00383-10-01,PAI-00383,2024-10-31,LEGAL_OR_SOCIAL,Synthetic legal or social issue requiring monitoring review.,OPEN,MEDIUM
ISS-00383-12-01,PAI-00383,2024-12-31,CLEARANCE,Synthetic clearance issue requiring monitoring review.,OPEN,HIGH
ISS-00383-12-02,PAI-00383,2024-12-31,BUDGET_OR_APPROVAL,Synthetic budget or approval issue requiring monitoring review.,OPEN,MEDIUM
ISS-00383-13-01,PAI-00383,2025-01-31,PROCUREMENT_OR_CONTRACT,Synthetic procurement or contract issue requiring monitoring review.,OPEN,MEDIUM
ISS-00383-13-02,PAI-00383,2025-01-31,PROCUREMENT_OR_CONTRACT,Synthetic procurement or contract issue requiring monitoring review.,RESOLVED,MEDIUM
ISS-00383-15-01,PAI-00383,2025-03-31,SCOPE_OR_POLICY,Synthetic scope or policy issue requiring monitoring review.,IN_PROGRESS,MEDIUM
ISS-00383-15-02,PAI-00383,2025-03-31,ENGINEERING_OR_FEASIBILITY,Synthetic engineering or feasibility issue requiring monitoring review.,OPEN,HIGH
ISS-00383-16-01,PAI-00383,2025-04-30,FUNDING,Synthetic funding issue requiring monitoring review.,OPEN,HIGH
ISS-00383-17-01,PAI-00383,2025-05-31,CLEARANCE,Synthetic clearance issue requiring monitoring review.,OPEN,HIGH
ISS-00383-21-01,PAI-00383,2025-09-30,LAND_ACQUISITION,Synthetic land acquisition issue requiring monitoring review.,OPEN,LOW
ISS-00384-06-01,PAI-00384,2024-06-30,ENGINEERING_OR_FEASIBILITY,Synthetic engineering or feasibility issue requiring monitoring review.,OPEN,LOW
ISS-00384-22-01,PAI-00384,2025-10-31,ENGINEERING_OR_FEASIBILITY,Synthetic engineering or feasibility issue requiring monitoring review.,RESOLVED,LOW
ISS-00384-22-02,PAI-00384,2025-10-31,BUDGET_OR_APPROVAL,Synthetic budget or approval issue requiring monitoring review.,RESOLVED,LOW
ISS-00384-23-01,PAI-00384,2025-11-30,LEGAL_OR_SOCIAL,Synthetic legal or social issue requiring monitoring review.,IN_PROGRESS,HIGH
ISS-00385-04-01,PAI-00385,2024-04-30,SCOPE_OR_POLICY,Synthetic scope or policy issue requiring monitoring review.,IN_PROGRESS,MEDIUM
ISS-00385-04-02,PAI-00385,2024-04-30,ENGINEERING_OR_FEASIBILITY,Synthetic engineering or feasibility issue requiring monitoring review.,IN_PROGRESS,LOW
ISS-00385-05-01,PAI-00385,2024-05-31,BUDGET_OR_APPROVAL,Synthetic budget or approval issue requiring monitoring review.,IN_PROGRESS,HIGH
ISS-00385-05-02,PAI-00385,2024-05-31,CLEARANCE,Synthetic clearance issue requiring monitoring review.,RESOLVED,LOW
ISS-00385-06-01,PAI-00385,2024-06-30,SCOPE_OR_POLICY,Synthetic scope or policy issue requiring monitoring review.,IN_PROGRESS,HIGH
ISS-00385-07-01,PAI-00385,2024-07-31,ENGINEERING_OR_FEASIBILITY,Synthetic engineering or feasibility issue requiring monitoring review.,OPEN,HIGH
ISS-00385-09-01,PAI-00385,2024-09-30,FUNDING,Synthetic funding issue requiring monitoring review.,OPEN,HIGH
ISS-00385-16-01,PAI-00385,2025-04-30,BUDGET_OR_APPROVAL,Synthetic budget or approval issue requiring monitoring review.,RESOLVED,LOW
ISS-00386-05-01,PAI-00386,2024-05-31,ENGINEERING_OR_FEASIBILITY,Synthetic engineering or feasibility issue requiring monitoring review.,IN_PROGRESS,MEDIUM
ISS-00386-08-01,PAI-00386,2024-08-31,ENGINEERING_OR_FEASIBILITY,Synthetic engineering or feasibility issue requiring monitoring review.,OPEN,LOW
ISS-00386-09-01,PAI-00386,2024-09-30,CLEARANCE,Synthetic clearance issue requiring monitoring review.,OPEN,LOW
ISS-00386-11-01,PAI-00386,2024-11-30,BUDGET_OR_APPROVAL,Synthetic budget or approval issue requiring monitoring review.,RESOLVED,MEDIUM
ISS-00386-12-01,PAI-00386,2024-12-31,ENGINEERING_OR_FEASIBILITY,Synthetic engineering or feasibility issue requiring monitoring review.,IN_PROGRESS,MEDIUM
ISS-00386-15-01,PAI-00386,2025-03-31,LAND_ACQUISITION,Synthetic land acquisition issue requiring monitoring review.,IN_PROGRESS,MEDIUM
ISS-00386-16-01,PAI-00386,2025-04-30,FUNDING,Synthetic funding issue requiring monitoring review.,RESOLVED,HIGH
ISS-00386-17-01,PAI-00386,2025-05-31,LAND_ACQUISITION,Synthetic land acquisition issue requiring monitoring review.,OPEN,MEDIUM
ISS-00386-18-01,PAI-00386,2025-06-30,LAND_ACQUISITION,Synthetic land acquisition issue requiring monitoring review.,IN_PROGRESS,HIGH
ISS-00386-18-02,PAI-00386,2025-06-30,LEGAL_OR_SOCIAL,Synthetic legal or social issue requiring monitoring review.,RESOLVED,HIGH
ISS-00386-20-01,PAI-00386,2025-08-31,CLEARANCE,Synthetic clearance issue requiring monitoring review.,OPEN,LOW
ISS-00386-21-01,PAI-00386,2025-09-30,PROCUREMENT_OR_CONTRACT,Synthetic procurement or contract issue requiring monitoring review.,OPEN,LOW
ISS-00386-21-02,PAI-00386,2025-09-30,SCOPE_OR_POLICY,Synthetic scope or policy issue requiring monitoring review.,IN_PROGRESS,HIGH
ISS-00387-12-01,PAI-00387,2024-12-31,SCOPE_OR_POLICY,Synthetic scope or policy issue requiring monitoring review.,OPEN,LOW
ISS-00387-13-01,PAI-00387,2025-01-31,ENGINEERING_OR_FEASIBILITY,Synthetic engineering or feasibility issue requiring monitoring review.,OPEN,MEDIUM
ISS-00387-19-01,PAI-00387,2025-07-31,ENGINEERING_OR_FEASIBILITY,Synthetic engineering or feasibility issue requiring monitoring review.,IN_PROGRESS,MEDIUM
ISS-00387-23-01,PAI-00387,2025-11-30,FUNDING,Synthetic funding issue requiring monitoring review.,RESOLVED,LOW
ISS-00387-23-02,PAI-00387,2025-11-30,LEGAL_OR_SOCIAL,Synthetic legal or social issue requiring monitoring review.,IN_PROGRESS,LOW
ISS-00388-07-01,PAI-00388,2024-07-31,SCOPE_OR_POLICY,Synthetic scope or policy issue requiring monitoring review.,OPEN,LOW
ISS-00388-12-01,PAI-00388,2024-12-31,PROCUREMENT_OR_CONTRACT,Synthetic procurement or contract issue requiring monitoring review.,OPEN,MEDIUM
ISS-00388-16-01,PAI-00388,2025-04-30,LEGAL_OR_SOCIAL,Synthetic legal or social issue requiring monitoring review.,IN_PROGRESS,MEDIUM
ISS-00388-17-01,PAI-00388,2025-05-31,BUDGET_OR_APPROVAL,Synthetic budget or approval issue requiring monitoring review.,OPEN,MEDIUM
ISS-00388-17-02,PAI-00388,2025-05-31,LEGAL_OR_SOCIAL,Synthetic legal or social issue requiring monitoring review.,IN_PROGRESS,LOW
ISS-00388-23-01,PAI-00388,2025-11-30,BUDGET_OR_APPROVAL,Synthetic budget or approval issue requiring monitoring review.,OPEN,LOW
ISS-00389-05-01,PAI-00389,2024-05-31,SCOPE_OR_POLICY,Synthetic scope or policy issue requiring monitoring review.,IN_PROGRESS,LOW
ISS-00389-06-01,PAI-00389,2024-06-30,CLEARANCE,Synthetic clearance issue requiring monitoring review.,IN_PROGRESS,MEDIUM
ISS-00389-06-02,PAI-00389,2024-06-30,PROCUREMENT_OR_CONTRACT,Synthetic procurement or contract issue requiring monitoring review.,IN_PROGRESS,MEDIUM
ISS-00389-07-01,PAI-00389,2024-07-31,CLEARANCE,Synthetic clearance issue requiring monitoring review.,IN_PROGRESS,HIGH
ISS-00389-11-01,PAI-00389,2024-11-30,LAND_ACQUISITION,Synthetic land acquisition issue requiring monitoring review.,OPEN,MEDIUM
ISS-00389-11-02,PAI-00389,2024-11-30,LAND_ACQUISITION,Synthetic land acquisition issue requiring monitoring review.,OPEN,HIGH
ISS-00389-11-03,PAI-00389,2024-11-30,FUNDING,Synthetic funding issue requiring monitoring review.,IN_PROGRESS,LOW
ISS-00389-13-01,PAI-00389,2025-01-31,SCOPE_OR_POLICY,Synthetic scope or policy issue requiring monitoring review.,OPEN,HIGH
ISS-00389-13-02,PAI-00389,2025-01-31,CLEARANCE,Synthetic clearance issue requiring monitoring review.,IN_PROGRESS,MEDIUM
ISS-00389-15-01,PAI-00389,2025-03-31,FUNDING,Synthetic funding issue requiring monitoring review.,IN_PROGRESS,LOW
ISS-00389-16-01,PAI-00389,2025-04-30,FUNDING,Synthetic funding issue requiring monitoring review.,OPEN,HIGH
ISS-00389-16-02,PAI-00389,2025-04-30,PROCUREMENT_OR_CONTRACT,Synthetic procurement or contract issue requiring monitoring review.,OPEN,MEDIUM
ISS-00389-17-01,PAI-00389,2025-05-31,LEGAL_OR_SOCIAL,Synthetic legal or social issue requiring monitoring review.,OPEN,MEDIUM
ISS-00389-20-01,PAI-00389,2025-08-31,CLEARANCE,Synthetic clearance issue requiring monitoring review.,IN_PROGRESS,MEDIUM
ISS-00389-20-02,PAI-00389,2025-08-31,BUDGET_OR_APPROVAL,Synthetic budget or approval issue requiring monitoring review.,RESOLVED,HIGH
ISS-00389-21-01,PAI-00389,2025-09-30,SCOPE_OR_POLICY,Synthetic scope or policy issue requiring monitoring review.,RESOLVED,MEDIUM
ISS-00389-21-02,PAI-00389,2025-09-30,CLEARANCE,Synthetic clearance issue requiring monitoring review.,OPEN,LOW
ISS-00389-22-01,PAI-00389,2025-10-31,PROCUREMENT_OR_CONTRACT,Synthetic procurement or contract issue requiring monitoring review.,OPEN,MEDIUM
ISS-00389-23-01,PAI-00389,2025-11-30,SCOPE_OR_POLICY,Synthetic scope or policy issue requiring monitoring review.,OPEN,HIGH
ISS-00389-24-01,PAI-00389,2025-12-31,ENGINEERING_OR_FEASIBILITY,Synthetic engineering or feasibility issue requiring monitoring review.,IN_PROGRESS,MEDIUM
ISS-00390-07-01,PAI-00390,2024-07-31,FUNDING,Synthetic funding issue requiring monitoring review.,IN_PROGRESS,MEDIUM
ISS-00390-11-01,PAI-00390,2024-11-30,BUDGET_OR_APPROVAL,Synthetic budget or approval issue requiring monitoring review.,RESOLVED,LOW
ISS-00390-17-01,PAI-00390,2025-05-31,LAND_ACQUISITION,Synthetic land acquisition issue requiring monitoring review.,RESOLVED,LOW
ISS-00390-20-01,PAI-00390,2025-08-31,LEGAL_OR_SOCIAL,Synthetic legal or social issue requiring monitoring review.,OPEN,LOW
ISS-00390-20-02,PAI-00390,2025-08-31,BUDGET_OR_APPROVAL,Synthetic budget or approval issue requiring monitoring review.,RESOLVED,LOW
ISS-00390-22-01,PAI-00390,2025-10-31,ENGINEERING_OR_FEASIBILITY,Synthetic engineering or feasibility issue requiring monitoring review.,RESOLVED,LOW
ISS-00391-01-01,PAI-00391,2024-01-31,PROCUREMENT_OR_CONTRACT,Synthetic procurement or contract issue requiring monitoring review.,IN_PROGRESS,LOW
ISS-00391-08-01,PAI-00391,2024-08-31,ENGINEERING_OR_FEASIBILITY,Synthetic engineering or feasibility issue requiring monitoring review.,OPEN,MEDIUM
ISS-00391-10-01,PAI-00391,2024-10-31,FUNDING,Synthetic funding issue requiring monitoring review.,RESOLVED,MEDIUM
ISS-00391-11-01,PAI-00391,2024-11-30,SCOPE_OR_POLICY,Synthetic scope or policy issue requiring monitoring review.,OPEN,LOW
ISS-00391-14-01,PAI-00391,2025-02-28,CLEARANCE,Synthetic clearance issue requiring monitoring review.,OPEN,HIGH
ISS-00391-17-01,PAI-00391,2025-05-31,FUNDING,Synthetic funding issue requiring monitoring review.,OPEN,HIGH
ISS-00391-20-01,PAI-00391,2025-08-31,FUNDING,Synthetic funding issue requiring monitoring review.,IN_PROGRESS,HIGH
ISS-00391-20-02,PAI-00391,2025-08-31,SCOPE_OR_POLICY,Synthetic scope or policy issue requiring monitoring review.,IN_PROGRESS,MEDIUM
ISS-00391-21-01,PAI-00391,2025-09-30,ENGINEERING_OR_FEASIBILITY,Synthetic engineering or feasibility issue requiring monitoring review.,OPEN,LOW
ISS-00391-22-01,PAI-00391,2025-10-31,LAND_ACQUISITION,Synthetic land acquisition issue requiring monitoring review.,OPEN,LOW
ISS-00391-22-02,PAI-00391,2025-10-31,ENGINEERING_OR_FEASIBILITY,Synthetic engineering or feasibility issue requiring monitoring review.,IN_PROGRESS,MEDIUM
ISS-00391-24-01,PAI-00391,2025-12-31,FUNDING,Synthetic funding issue requiring monitoring review.,OPEN,HIGH
ISS-00391-24-02,PAI-00391,2025-12-31,LAND_ACQUISITION,Synthetic land acquisition issue requiring monitoring review.,OPEN,HIGH
ISS-00391-24-03,PAI-00391,2025-12-31,CLEARANCE,Synthetic clearance issue requiring monitoring review.,IN_PROGRESS,MEDIUM
ISS-00392-11-01,PAI-00392,2024-11-30,LEGAL_OR_SOCIAL,Synthetic legal or social issue requiring monitoring review.,IN_PROGRESS,LOW
ISS-00393-07-01,PAI-00393,2024-07-31,PROCUREMENT_OR_CONTRACT,Synthetic procurement or contract issue requiring monitoring review.,IN_PROGRESS,MEDIUM
ISS-00393-08-01,PAI-00393,2024-08-31,LAND_ACQUISITION,Synthetic land acquisition issue requiring monitoring review.,OPEN,LOW
ISS-00393-08-02,PAI-00393,2024-08-31,BUDGET_OR_APPROVAL,Synthetic budget or approval issue requiring monitoring review.,OPEN,HIGH
ISS-00393-08-03,PAI-00393,2024-08-31,CLEARANCE,Synthetic clearance issue requiring monitoring review.,IN_PROGRESS,HIGH
ISS-00393-09-01,PAI-00393,2024-09-30,ENGINEERING_OR_FEASIBILITY,Synthetic engineering or feasibility issue requiring monitoring review.,IN_PROGRESS,MEDIUM
ISS-00393-12-01,PAI-00393,2024-12-31,ENGINEERING_OR_FEASIBILITY,Synthetic engineering or feasibility issue requiring monitoring review.,OPEN,MEDIUM
ISS-00393-12-02,PAI-00393,2024-12-31,PROCUREMENT_OR_CONTRACT,Synthetic procurement or contract issue requiring monitoring review.,OPEN,LOW
ISS-00393-12-03,PAI-00393,2024-12-31,LAND_ACQUISITION,Synthetic land acquisition issue requiring monitoring review.,IN_PROGRESS,MEDIUM
ISS-00393-14-01,PAI-00393,2025-02-28,ENGINEERING_OR_FEASIBILITY,Synthetic engineering or feasibility issue requiring monitoring review.,RESOLVED,HIGH
ISS-00393-15-01,PAI-00393,2025-03-31,LEGAL_OR_SOCIAL,Synthetic legal or social issue requiring monitoring review.,OPEN,LOW
ISS-00393-15-02,PAI-00393,2025-03-31,BUDGET_OR_APPROVAL,Synthetic budget or approval issue requiring monitoring review.,IN_PROGRESS,HIGH
ISS-00393-17-01,PAI-00393,2025-05-31,CLEARANCE,Synthetic clearance issue requiring monitoring review.,IN_PROGRESS,HIGH
ISS-00393-17-02,PAI-00393,2025-05-31,ENGINEERING_OR_FEASIBILITY,Synthetic engineering or feasibility issue requiring monitoring review.,IN_PROGRESS,MEDIUM
ISS-00393-19-01,PAI-00393,2025-07-31,ENGINEERING_OR_FEASIBILITY,Synthetic engineering or feasibility issue requiring monitoring review.,OPEN,LOW
ISS-00393-19-02,PAI-00393,2025-07-31,FUNDING,Synthetic funding issue requiring monitoring review.,RESOLVED,MEDIUM
ISS-00393-19-03,PAI-00393,2025-07-31,ENGINEERING_OR_FEASIBILITY,Synthetic engineering or feasibility issue requiring monitoring review.,OPEN,MEDIUM
ISS-00393-20-01,PAI-00393,2025-08-31,PROCUREMENT_OR_CONTRACT,Synthetic procurement or contract issue requiring monitoring review.,RESOLVED,LOW
ISS-00393-23-01,PAI-00393,2025-11-30,SCOPE_OR_POLICY,Synthetic scope or policy issue requiring monitoring review.,OPEN,MEDIUM
ISS-00394-06-01,PAI-00394,2024-06-30,BUDGET_OR_APPROVAL,Synthetic budget or approval issue requiring monitoring review.,IN_PROGRESS,LOW
ISS-00394-18-01,PAI-00394,2025-06-30,PROCUREMENT_OR_CONTRACT,Synthetic procurement or contract issue requiring monitoring review.,OPEN,MEDIUM
ISS-00394-21-01,PAI-00394,2025-09-30,BUDGET_OR_APPROVAL,Synthetic budget or approval issue requiring monitoring review.,OPEN,LOW
ISS-00394-24-01,PAI-00394,2025-12-31,LAND_ACQUISITION,Synthetic land acquisition issue requiring monitoring review.,IN_PROGRESS,MEDIUM
ISS-00395-05-01,PAI-00395,2024-05-31,BUDGET_OR_APPROVAL,Synthetic budget or approval issue requiring monitoring review.,IN_PROGRESS,HIGH
ISS-00395-11-01,PAI-00395,2024-11-30,ENGINEERING_OR_FEASIBILITY,Synthetic engineering or feasibility issue requiring monitoring review.,OPEN,MEDIUM
ISS-00395-12-01,PAI-00395,2024-12-31,LAND_ACQUISITION,Synthetic land acquisition issue requiring monitoring review.,IN_PROGRESS,MEDIUM
ISS-00395-15-01,PAI-00395,2025-03-31,LAND_ACQUISITION,Synthetic land acquisition issue requiring monitoring review.,IN_PROGRESS,HIGH
ISS-00395-18-01,PAI-00395,2025-06-30,PROCUREMENT_OR_CONTRACT,Synthetic procurement or contract issue requiring monitoring review.,OPEN,HIGH
ISS-00395-19-01,PAI-00395,2025-07-31,ENGINEERING_OR_FEASIBILITY,Synthetic engineering or feasibility issue requiring monitoring review.,OPEN,MEDIUM
ISS-00395-23-01,PAI-00395,2025-11-30,FUNDING,Synthetic funding issue requiring monitoring review.,IN_PROGRESS,LOW
ISS-00395-23-02,PAI-00395,2025-11-30,SCOPE_OR_POLICY,Synthetic scope or policy issue requiring monitoring review.,OPEN,MEDIUM
ISS-00395-23-03,PAI-00395,2025-11-30,LEGAL_OR_SOCIAL,Synthetic legal or social issue requiring monitoring review.,RESOLVED,LOW
ISS-00396-04-01,PAI-00396,2024-04-30,CLEARANCE,Synthetic clearance issue requiring monitoring review.,OPEN,LOW
ISS-00396-06-01,PAI-00396,2024-06-30,PROCUREMENT_OR_CONTRACT,Synthetic procurement or contract issue requiring monitoring review.,OPEN,HIGH
ISS-00396-09-01,PAI-00396,2024-09-30,CLEARANCE,Synthetic clearance issue requiring monitoring review.,IN_PROGRESS,HIGH
ISS-00396-09-02,PAI-00396,2024-09-30,PROCUREMENT_OR_CONTRACT,Synthetic procurement or contract issue requiring monitoring review.,RESOLVED,LOW
ISS-00396-10-01,PAI-00396,2024-10-31,CLEARANCE,Synthetic clearance issue requiring monitoring review.,RESOLVED,MEDIUM
ISS-00396-11-01,PAI-00396,2024-11-30,ENGINEERING_OR_FEASIBILITY,Synthetic engineering or feasibility issue requiring monitoring review.,IN_PROGRESS,MEDIUM
ISS-00396-11-02,PAI-00396,2024-11-30,CLEARANCE,Synthetic clearance issue requiring monitoring review.,IN_PROGRESS,HIGH
ISS-00396-11-03,PAI-00396,2024-11-30,ENGINEERING_OR_FEASIBILITY,Synthetic engineering or feasibility issue requiring monitoring review.,IN_PROGRESS,LOW
ISS-00396-14-01,PAI-00396,2025-02-28,LAND_ACQUISITION,Synthetic land acquisition issue requiring monitoring review.,RESOLVED,MEDIUM
ISS-00396-15-01,PAI-00396,2025-03-31,FUNDING,Synthetic funding issue requiring monitoring review.,OPEN,MEDIUM
ISS-00396-16-01,PAI-00396,2025-04-30,CLEARANCE,Synthetic clearance issue requiring monitoring review.,IN_PROGRESS,LOW
ISS-00396-17-01,PAI-00396,2025-05-31,SCOPE_OR_POLICY,Synthetic scope or policy issue requiring monitoring review.,OPEN,HIGH
ISS-00396-18-01,PAI-00396,2025-06-30,LEGAL_OR_SOCIAL,Synthetic legal or social issue requiring monitoring review.,IN_PROGRESS,HIGH
ISS-00396-19-01,PAI-00396,2025-07-31,CLEARANCE,Synthetic clearance issue requiring monitoring review.,OPEN,MEDIUM
ISS-00396-19-02,PAI-00396,2025-07-31,BUDGET_OR_APPROVAL,Synthetic budget or approval issue requiring monitoring review.,OPEN,MEDIUM
ISS-00396-19-03,PAI-00396,2025-07-31,PROCUREMENT_OR_CONTRACT,Synthetic procurement or contract issue requiring monitoring review.,IN_PROGRESS,HIGH
ISS-00396-20-01,PAI-00396,2025-08-31,FUNDING,Synthetic funding issue requiring monitoring review.,OPEN,LOW
ISS-00396-22-01,PAI-00396,2025-10-31,FUNDING,Synthetic funding issue requiring monitoring review.,OPEN,HIGH
ISS-00396-23-01,PAI-00396,2025-11-30,FUNDING,Synthetic funding issue requiring monitoring review.,IN_PROGRESS,MEDIUM
ISS-00396-23-02,PAI-00396,2025-11-30,BUDGET_OR_APPROVAL,Synthetic budget or approval issue requiring monitoring review.,OPEN,LOW
ISS-00396-24-01,PAI-00396,2025-12-31,CLEARANCE,Synthetic clearance issue requiring monitoring review.,OPEN,HIGH
ISS-00397-09-01,PAI-00397,2024-09-30,CLEARANCE,Synthetic clearance issue requiring monitoring review.,RESOLVED,LOW
ISS-00397-10-01,PAI-00397,2024-10-31,PROCUREMENT_OR_CONTRACT,Synthetic procurement or contract issue requiring monitoring review.,OPEN,HIGH
ISS-00397-19-01,PAI-00397,2025-07-31,ENGINEERING_OR_FEASIBILITY,Synthetic engineering or feasibility issue requiring monitoring review.,IN_PROGRESS,HIGH
ISS-00397-21-01,PAI-00397,2025-09-30,SCOPE_OR_POLICY,Synthetic scope or policy issue requiring monitoring review.,IN_PROGRESS,LOW
ISS-00397-23-01,PAI-00397,2025-11-30,BUDGET_OR_APPROVAL,Synthetic budget or approval issue requiring monitoring review.,IN_PROGRESS,LOW
ISS-00398-08-01,PAI-00398,2024-08-31,CLEARANCE,Synthetic clearance issue requiring monitoring review.,IN_PROGRESS,MEDIUM
ISS-00398-11-01,PAI-00398,2024-11-30,ENGINEERING_OR_FEASIBILITY,Synthetic engineering or feasibility issue requiring monitoring review.,RESOLVED,LOW
ISS-00398-12-01,PAI-00398,2024-12-31,ENGINEERING_OR_FEASIBILITY,Synthetic engineering or feasibility issue requiring monitoring review.,IN_PROGRESS,LOW
ISS-00398-12-02,PAI-00398,2024-12-31,LAND_ACQUISITION,Synthetic land acquisition issue requiring monitoring review.,OPEN,HIGH
ISS-00398-15-01,PAI-00398,2025-03-31,CLEARANCE,Synthetic clearance issue requiring monitoring review.,IN_PROGRESS,MEDIUM
ISS-00398-15-02,PAI-00398,2025-03-31,LAND_ACQUISITION,Synthetic land acquisition issue requiring monitoring review.,RESOLVED,LOW
ISS-00398-16-01,PAI-00398,2025-04-30,BUDGET_OR_APPROVAL,Synthetic budget or approval issue requiring monitoring review.,RESOLVED,MEDIUM
ISS-00398-19-01,PAI-00398,2025-07-31,FUNDING,Synthetic funding issue requiring monitoring review.,OPEN,LOW
ISS-00398-19-02,PAI-00398,2025-07-31,LEGAL_OR_SOCIAL,Synthetic legal or social issue requiring monitoring review.,OPEN,LOW
ISS-00398-22-01,PAI-00398,2025-10-31,LEGAL_OR_SOCIAL,Synthetic legal or social issue requiring monitoring review.,OPEN,LOW
ISS-00398-22-02,PAI-00398,2025-10-31,LAND_ACQUISITION,Synthetic land acquisition issue requiring monitoring review.,IN_PROGRESS,MEDIUM
ISS-00398-23-01,PAI-00398,2025-11-30,PROCUREMENT_OR_CONTRACT,Synthetic procurement or contract issue requiring monitoring review.,OPEN,LOW
ISS-00398-23-02,PAI-00398,2025-11-30,CLEARANCE,Synthetic clearance issue requiring monitoring review.,IN_PROGRESS,LOW
ISS-00398-24-01,PAI-00398,2025-12-31,LAND_ACQUISITION,Synthetic land acquisition issue requiring monitoring review.,IN_PROGRESS,MEDIUM
ISS-00398-24-02,PAI-00398,2025-12-31,ENGINEERING_OR_FEASIBILITY,Synthetic engineering or feasibility issue requiring monitoring review.,IN_PROGRESS,LOW
ISS-00399-03-01,PAI-00399,2024-03-31,ENGINEERING_OR_FEASIBILITY,Synthetic engineering or feasibility issue requiring monitoring review.,OPEN,LOW
ISS-00399-03-02,PAI-00399,2024-03-31,BUDGET_OR_APPROVAL,Synthetic budget or approval issue requiring monitoring review.,IN_PROGRESS,MEDIUM
ISS-00399-08-01,PAI-00399,2024-08-31,BUDGET_OR_APPROVAL,Synthetic budget or approval issue requiring monitoring review.,IN_PROGRESS,HIGH
ISS-00399-08-02,PAI-00399,2024-08-31,PROCUREMENT_OR_CONTRACT,Synthetic procurement or contract issue requiring monitoring review.,RESOLVED,LOW
ISS-00399-09-01,PAI-00399,2024-09-30,PROCUREMENT_OR_CONTRACT,Synthetic procurement or contract issue requiring monitoring review.,OPEN,HIGH
ISS-00399-10-01,PAI-00399,2024-10-31,CLEARANCE,Synthetic clearance issue requiring monitoring review.,RESOLVED,HIGH
ISS-00399-12-01,PAI-00399,2024-12-31,LEGAL_OR_SOCIAL,Synthetic legal or social issue requiring monitoring review.,RESOLVED,MEDIUM
ISS-00399-13-01,PAI-00399,2025-01-31,LEGAL_OR_SOCIAL,Synthetic legal or social issue requiring monitoring review.,IN_PROGRESS,MEDIUM
ISS-00399-13-02,PAI-00399,2025-01-31,LEGAL_OR_SOCIAL,Synthetic legal or social issue requiring monitoring review.,OPEN,LOW
ISS-00399-14-01,PAI-00399,2025-02-28,PROCUREMENT_OR_CONTRACT,Synthetic procurement or contract issue requiring monitoring review.,RESOLVED,HIGH
ISS-00399-15-01,PAI-00399,2025-03-31,LEGAL_OR_SOCIAL,Synthetic legal or social issue requiring monitoring review.,OPEN,LOW
ISS-00399-15-02,PAI-00399,2025-03-31,FUNDING,Synthetic funding issue requiring monitoring review.,OPEN,MEDIUM
ISS-00399-18-01,PAI-00399,2025-06-30,ENGINEERING_OR_FEASIBILITY,Synthetic engineering or feasibility issue requiring monitoring review.,IN_PROGRESS,LOW
ISS-00399-18-02,PAI-00399,2025-06-30,ENGINEERING_OR_FEASIBILITY,Synthetic engineering or feasibility issue requiring monitoring review.,OPEN,LOW
ISS-00399-18-03,PAI-00399,2025-06-30,SCOPE_OR_POLICY,Synthetic scope or policy issue requiring monitoring review.,OPEN,LOW
ISS-00399-18-04,PAI-00399,2025-06-30,CLEARANCE,Synthetic clearance issue requiring monitoring review.,OPEN,HIGH
ISS-00399-21-01,PAI-00399,2025-09-30,PROCUREMENT_OR_CONTRACT,Synthetic procurement or contract issue requiring monitoring review.,OPEN,LOW
ISS-00399-22-01,PAI-00399,2025-10-31,PROCUREMENT_OR_CONTRACT,Synthetic procurement or contract issue requiring monitoring review.,RESOLVED,MEDIUM
ISS-00399-22-02,PAI-00399,2025-10-31,PROCUREMENT_OR_CONTRACT,Synthetic procurement or contract issue requiring monitoring review.,RESOLVED,MEDIUM
ISS-00399-23-01,PAI-00399,2025-11-30,PROCUREMENT_OR_CONTRACT,Synthetic procurement or contract issue requiring monitoring review.,OPEN,MEDIUM
ISS-00399-23-02,PAI-00399,2025-11-30,SCOPE_OR_POLICY,Synthetic scope or policy issue requiring monitoring review.,OPEN,HIGH
ISS-00399-24-01,PAI-00399,2025-12-31,LAND_ACQUISITION,Synthetic land acquisition issue requiring monitoring review.,OPEN,HIGH
ISS-00399-24-02,PAI-00399,2025-12-31,SCOPE_OR_POLICY,Synthetic scope or policy issue requiring monitoring review.,OPEN,HIGH
ISS-00399-24-03,PAI-00399,2025-12-31,CLEARANCE,Synthetic clearance issue requiring monitoring review.,IN_PROGRESS,MEDIUM
ISS-00400-04-01,PAI-00400,2024-04-30,LAND_ACQUISITION,Synthetic land acquisition issue requiring monitoring review.,RESOLVED,HIGH
ISS-00400-07-01,PAI-00400,2024-07-31,LAND_ACQUISITION,Synthetic land acquisition issue requiring monitoring review.,OPEN,LOW
ISS-00400-10-01,PAI-00400,2024-10-31,ENGINEERING_OR_FEASIBILITY,Synthetic engineering or feasibility issue requiring monitoring review.,OPEN,HIGH
ISS-00400-10-02,PAI-00400,2024-10-31,PROCUREMENT_OR_CONTRACT,Synthetic procurement or contract issue requiring monitoring review.,OPEN,HIGH
ISS-00400-11-01,PAI-00400,2024-11-30,LEGAL_OR_SOCIAL,Synthetic legal or social issue requiring monitoring review.,RESOLVED,MEDIUM
ISS-00400-14-01,PAI-00400,2025-02-28,LEGAL_OR_SOCIAL,Synthetic legal or social issue requiring monitoring review.,IN_PROGRESS,LOW
ISS-00400-16-01,PAI-00400,2025-04-30,LEGAL_OR_SOCIAL,Synthetic legal or social issue requiring monitoring review.,OPEN,HIGH
ISS-00400-16-02,PAI-00400,2025-04-30,PROCUREMENT_OR_CONTRACT,Synthetic procurement or contract issue requiring monitoring review.,OPEN,LOW
ISS-00400-16-03,PAI-00400,2025-04-30,FUNDING,Synthetic funding issue requiring monitoring review.,RESOLVED,LOW
ISS-00400-18-01,PAI-00400,2025-06-30,SCOPE_OR_POLICY,Synthetic scope or policy issue requiring monitoring review.,IN_PROGRESS,LOW
ISS-00400-20-01,PAI-00400,2025-08-31,FUNDING,Synthetic funding issue requiring monitoring review.,IN_PROGRESS,MEDIUM
ISS-00400-21-01,PAI-00400,2025-09-30,BUDGET_OR_APPROVAL,Synthetic budget or approval issue requiring monitoring review.,IN_PROGRESS,MEDIUM
ISS-00401-09-01,PAI-00401,2024-09-30,BUDGET_OR_APPROVAL,Synthetic budget or approval issue requiring monitoring review.,OPEN,MEDIUM
ISS-00401-12-01,PAI-00401,2024-12-31,ENGINEERING_OR_FEASIBILITY,Synthetic engineering or feasibility issue requiring monitoring review.,IN_PROGRESS,LOW
ISS-00401-13-01,PAI-00401,2025-01-31,FUNDING,Synthetic funding issue requiring monitoring review.,IN_PROGRESS,MEDIUM
ISS-00401-20-01,PAI-00401,2025-08-31,PROCUREMENT_OR_CONTRACT,Synthetic procurement or contract issue requiring monitoring review.,OPEN,MEDIUM
ISS-00401-24-01,PAI-00401,2025-12-31,PROCUREMENT_OR_CONTRACT,Synthetic procurement or contract issue requiring monitoring review.,OPEN,HIGH
ISS-00402-01-01,PAI-00402,2024-01-31,ENGINEERING_OR_FEASIBILITY,Synthetic engineering or feasibility issue requiring monitoring review.,OPEN,MEDIUM
ISS-00402-02-01,PAI-00402,2024-02-29,BUDGET_OR_APPROVAL,Synthetic budget or approval issue requiring monitoring review.,IN_PROGRESS,MEDIUM
ISS-00402-04-01,PAI-00402,2024-04-30,FUNDING,Synthetic funding issue requiring monitoring review.,OPEN,MEDIUM
ISS-00402-04-02,PAI-00402,2024-04-30,SCOPE_OR_POLICY,Synthetic scope or policy issue requiring monitoring review.,OPEN,LOW
ISS-00402-05-01,PAI-00402,2024-05-31,ENGINEERING_OR_FEASIBILITY,Synthetic engineering or feasibility issue requiring monitoring review.,OPEN,MEDIUM
ISS-00402-05-02,PAI-00402,2024-05-31,PROCUREMENT_OR_CONTRACT,Synthetic procurement or contract issue requiring monitoring review.,OPEN,HIGH
ISS-00402-05-03,PAI-00402,2024-05-31,LEGAL_OR_SOCIAL,Synthetic legal or social issue requiring monitoring review.,RESOLVED,LOW
ISS-00402-06-01,PAI-00402,2024-06-30,ENGINEERING_OR_FEASIBILITY,Synthetic engineering or feasibility issue requiring monitoring review.,RESOLVED,HIGH
ISS-00402-08-01,PAI-00402,2024-08-31,PROCUREMENT_OR_CONTRACT,Synthetic procurement or contract issue requiring monitoring review.,OPEN,MEDIUM
ISS-00402-12-01,PAI-00402,2024-12-31,LEGAL_OR_SOCIAL,Synthetic legal or social issue requiring monitoring review.,IN_PROGRESS,MEDIUM
ISS-00402-12-02,PAI-00402,2024-12-31,LAND_ACQUISITION,Synthetic land acquisition issue requiring monitoring review.,RESOLVED,HIGH
ISS-00402-13-01,PAI-00402,2025-01-31,LAND_ACQUISITION,Synthetic land acquisition issue requiring monitoring review.,OPEN,MEDIUM
ISS-00402-14-01,PAI-00402,2025-02-28,LEGAL_OR_SOCIAL,Synthetic legal or social issue requiring monitoring review.,OPEN,MEDIUM
ISS-00402-18-01,PAI-00402,2025-06-30,LAND_ACQUISITION,Synthetic land acquisition issue requiring monitoring review.,RESOLVED,LOW
ISS-00402-19-01,PAI-00402,2025-07-31,LAND_ACQUISITION,Synthetic land acquisition issue requiring monitoring review.,IN_PROGRESS,HIGH
ISS-00402-19-02,PAI-00402,2025-07-31,BUDGET_OR_APPROVAL,Synthetic budget or approval issue requiring monitoring review.,OPEN,MEDIUM
ISS-00402-20-01,PAI-00402,2025-08-31,LAND_ACQUISITION,Synthetic land acquisition issue requiring monitoring review.,RESOLVED,MEDIUM
ISS-00402-21-01,PAI-00402,2025-09-30,SCOPE_OR_POLICY,Synthetic scope or policy issue requiring monitoring review.,IN_PROGRESS,MEDIUM
ISS-00402-21-02,PAI-00402,2025-09-30,CLEARANCE,Synthetic clearance issue requiring monitoring review.,IN_PROGRESS,HIGH
ISS-00402-21-03,PAI-00402,2025-09-30,CLEARANCE,Synthetic clearance issue requiring monitoring review.,IN_PROGRESS,MEDIUM
ISS-00402-23-01,PAI-00402,2025-11-30,PROCUREMENT_OR_CONTRACT,Synthetic procurement or contract issue requiring monitoring review.,IN_PROGRESS,MEDIUM
ISS-00402-23-02,PAI-00402,2025-11-30,PROCUREMENT_OR_CONTRACT,Synthetic procurement or contract issue requiring monitoring review.,OPEN,MEDIUM
ISS-00402-23-03,PAI-00402,2025-11-30,LEGAL_OR_SOCIAL,Synthetic legal or social issue requiring monitoring review.,RESOLVED,HIGH
ISS-00402-24-01,PAI-00402,2025-12-31,LAND_ACQUISITION,Synthetic land acquisition issue requiring monitoring review.,RESOLVED,MEDIUM
ISS-00403-04-01,PAI-00403,2024-04-30,FUNDING,Synthetic funding issue requiring monitoring review.,RESOLVED,LOW
ISS-00403-06-01,PAI-00403,2024-06-30,CLEARANCE,Synthetic clearance issue requiring monitoring review.,IN_PROGRESS,LOW
ISS-00403-10-01,PAI-00403,2024-10-31,SCOPE_OR_POLICY,Synthetic scope or policy issue requiring monitoring review.,OPEN,LOW
ISS-00403-13-01,PAI-00403,2025-01-31,SCOPE_OR_POLICY,Synthetic scope or policy issue requiring monitoring review.,RESOLVED,LOW
ISS-00403-15-01,PAI-00403,2025-03-31,LEGAL_OR_SOCIAL,Synthetic legal or social issue requiring monitoring review.,RESOLVED,LOW
ISS-00403-19-01,PAI-00403,2025-07-31,ENGINEERING_OR_FEASIBILITY,Synthetic engineering or feasibility issue requiring monitoring review.,RESOLVED,MEDIUM
ISS-00404-07-01,PAI-00404,2024-07-31,SCOPE_OR_POLICY,Synthetic scope or policy issue requiring monitoring review.,IN_PROGRESS,MEDIUM
ISS-00404-11-01,PAI-00404,2024-11-30,ENGINEERING_OR_FEASIBILITY,Synthetic engineering or feasibility issue requiring monitoring review.,OPEN,LOW
ISS-00404-12-01,PAI-00404,2024-12-31,FUNDING,Synthetic funding issue requiring monitoring review.,OPEN,LOW
ISS-00404-17-01,PAI-00404,2025-05-31,FUNDING,Synthetic funding issue requiring monitoring review.,OPEN,MEDIUM
ISS-00404-17-02,PAI-00404,2025-05-31,FUNDING,Synthetic funding issue requiring monitoring review.,OPEN,MEDIUM
ISS-00404-19-01,PAI-00404,2025-07-31,LAND_ACQUISITION,Synthetic land acquisition issue requiring monitoring review.,OPEN,HIGH
ISS-00404-23-01,PAI-00404,2025-11-30,PROCUREMENT_OR_CONTRACT,Synthetic procurement or contract issue requiring monitoring review.,OPEN,LOW
ISS-00405-08-01,PAI-00405,2024-08-31,ENGINEERING_OR_FEASIBILITY,Synthetic engineering or feasibility issue requiring monitoring review.,OPEN,HIGH
ISS-00405-16-01,PAI-00405,2025-04-30,LEGAL_OR_SOCIAL,Synthetic legal or social issue requiring monitoring review.,OPEN,LOW
ISS-00405-17-01,PAI-00405,2025-05-31,LEGAL_OR_SOCIAL,Synthetic legal or social issue requiring monitoring review.,OPEN,MEDIUM
ISS-00405-22-01,PAI-00405,2025-10-31,BUDGET_OR_APPROVAL,Synthetic budget or approval issue requiring monitoring review.,OPEN,LOW
ISS-00405-22-02,PAI-00405,2025-10-31,CLEARANCE,Synthetic clearance issue requiring monitoring review.,IN_PROGRESS,LOW
ISS-00406-01-01,PAI-00406,2024-01-31,BUDGET_OR_APPROVAL,Synthetic budget or approval issue requiring monitoring review.,IN_PROGRESS,MEDIUM
ISS-00406-02-01,PAI-00406,2024-02-29,LAND_ACQUISITION,Synthetic land acquisition issue requiring monitoring review.,OPEN,HIGH
ISS-00406-04-01,PAI-00406,2024-04-30,CLEARANCE,Synthetic clearance issue requiring monitoring review.,RESOLVED,HIGH
ISS-00406-10-01,PAI-00406,2024-10-31,ENGINEERING_OR_FEASIBILITY,Synthetic engineering or feasibility issue requiring monitoring review.,OPEN,MEDIUM
ISS-00406-10-02,PAI-00406,2024-10-31,SCOPE_OR_POLICY,Synthetic scope or policy issue requiring monitoring review.,OPEN,LOW
ISS-00406-10-03,PAI-00406,2024-10-31,LAND_ACQUISITION,Synthetic land acquisition issue requiring monitoring review.,IN_PROGRESS,LOW
ISS-00406-11-01,PAI-00406,2024-11-30,PROCUREMENT_OR_CONTRACT,Synthetic procurement or contract issue requiring monitoring review.,IN_PROGRESS,LOW
ISS-00406-11-02,PAI-00406,2024-11-30,CLEARANCE,Synthetic clearance issue requiring monitoring review.,OPEN,HIGH
ISS-00406-18-01,PAI-00406,2025-06-30,LEGAL_OR_SOCIAL,Synthetic legal or social issue requiring monitoring review.,IN_PROGRESS,MEDIUM
ISS-00406-20-01,PAI-00406,2025-08-31,LEGAL_OR_SOCIAL,Synthetic legal or social issue requiring monitoring review.,RESOLVED,HIGH
ISS-00406-21-01,PAI-00406,2025-09-30,LEGAL_OR_SOCIAL,Synthetic legal or social issue requiring monitoring review.,OPEN,MEDIUM
ISS-00406-22-01,PAI-00406,2025-10-31,SCOPE_OR_POLICY,Synthetic scope or policy issue requiring monitoring review.,IN_PROGRESS,MEDIUM
ISS-00407-03-01,PAI-00407,2024-03-31,SCOPE_OR_POLICY,Synthetic scope or policy issue requiring monitoring review.,IN_PROGRESS,HIGH
ISS-00407-03-02,PAI-00407,2024-03-31,PROCUREMENT_OR_CONTRACT,Synthetic procurement or contract issue requiring monitoring review.,IN_PROGRESS,MEDIUM
ISS-00407-04-01,PAI-00407,2024-04-30,LEGAL_OR_SOCIAL,Synthetic legal or social issue requiring monitoring review.,OPEN,LOW
ISS-00407-06-01,PAI-00407,2024-06-30,FUNDING,Synthetic funding issue requiring monitoring review.,IN_PROGRESS,LOW
ISS-00407-07-01,PAI-00407,2024-07-31,BUDGET_OR_APPROVAL,Synthetic budget or approval issue requiring monitoring review.,OPEN,LOW
ISS-00407-08-01,PAI-00407,2024-08-31,CLEARANCE,Synthetic clearance issue requiring monitoring review.,RESOLVED,HIGH
ISS-00407-10-01,PAI-00407,2024-10-31,BUDGET_OR_APPROVAL,Synthetic budget or approval issue requiring monitoring review.,OPEN,HIGH
ISS-00407-13-01,PAI-00407,2025-01-31,LEGAL_OR_SOCIAL,Synthetic legal or social issue requiring monitoring review.,RESOLVED,HIGH
ISS-00407-16-01,PAI-00407,2025-04-30,ENGINEERING_OR_FEASIBILITY,Synthetic engineering or feasibility issue requiring monitoring review.,RESOLVED,HIGH
ISS-00407-16-02,PAI-00407,2025-04-30,BUDGET_OR_APPROVAL,Synthetic budget or approval issue requiring monitoring review.,OPEN,MEDIUM
ISS-00407-18-01,PAI-00407,2025-06-30,BUDGET_OR_APPROVAL,Synthetic budget or approval issue requiring monitoring review.,IN_PROGRESS,LOW
ISS-00407-18-02,PAI-00407,2025-06-30,FUNDING,Synthetic funding issue requiring monitoring review.,IN_PROGRESS,MEDIUM
ISS-00407-21-01,PAI-00407,2025-09-30,SCOPE_OR_POLICY,Synthetic scope or policy issue requiring monitoring review.,IN_PROGRESS,MEDIUM
ISS-00407-23-01,PAI-00407,2025-11-30,PROCUREMENT_OR_CONTRACT,Synthetic procurement or contract issue requiring monitoring review.,OPEN,MEDIUM
ISS-00408-11-01,PAI-00408,2024-11-30,CLEARANCE,Synthetic clearance issue requiring monitoring review.,RESOLVED,LOW
ISS-00408-16-01,PAI-00408,2025-04-30,PROCUREMENT_OR_CONTRACT,Synthetic procurement or contract issue requiring monitoring review.,OPEN,HIGH
ISS-00408-24-01,PAI-00408,2025-12-31,BUDGET_OR_APPROVAL,Synthetic budget or approval issue requiring monitoring review.,IN_PROGRESS,MEDIUM
ISS-00409-06-01,PAI-00409,2024-06-30,SCOPE_OR_POLICY,Synthetic scope or policy issue requiring monitoring review.,OPEN,LOW
ISS-00409-11-01,PAI-00409,2024-11-30,LAND_ACQUISITION,Synthetic land acquisition issue requiring monitoring review.,IN_PROGRESS,LOW
ISS-00409-17-01,PAI-00409,2025-05-31,SCOPE_OR_POLICY,Synthetic scope or policy issue requiring monitoring review.,RESOLVED,HIGH
ISS-00409-19-01,PAI-00409,2025-07-31,PROCUREMENT_OR_CONTRACT,Synthetic procurement or contract issue requiring monitoring review.,OPEN,MEDIUM
ISS-00409-19-02,PAI-00409,2025-07-31,CLEARANCE,Synthetic clearance issue requiring monitoring review.,OPEN,MEDIUM
ISS-00409-21-01,PAI-00409,2025-09-30,LEGAL_OR_SOCIAL,Synthetic legal or social issue requiring monitoring review.,OPEN,MEDIUM
ISS-00410-02-01,PAI-00410,2024-02-29,LEGAL_OR_SOCIAL,Synthetic legal or social issue requiring monitoring review.,OPEN,HIGH
ISS-00410-06-01,PAI-00410,2024-06-30,CLEARANCE,Synthetic clearance issue requiring monitoring review.,RESOLVED,MEDIUM
ISS-00410-12-01,PAI-00410,2024-12-31,LAND_ACQUISITION,Synthetic land acquisition issue requiring monitoring review.,RESOLVED,MEDIUM
ISS-00410-13-01,PAI-00410,2025-01-31,LEGAL_OR_SOCIAL,Synthetic legal or social issue requiring monitoring review.,OPEN,MEDIUM
ISS-00410-18-01,PAI-00410,2025-06-30,LEGAL_OR_SOCIAL,Synthetic legal or social issue requiring monitoring review.,OPEN,HIGH
ISS-00410-21-01,PAI-00410,2025-09-30,ENGINEERING_OR_FEASIBILITY,Synthetic engineering or feasibility issue requiring monitoring review.,IN_PROGRESS,HIGH
ISS-00410-21-02,PAI-00410,2025-09-30,PROCUREMENT_OR_CONTRACT,Synthetic procurement or contract issue requiring monitoring review.,IN_PROGRESS,LOW
ISS-00411-01-01,PAI-00411,2024-01-31,FUNDING,Synthetic funding issue requiring monitoring review.,OPEN,MEDIUM
ISS-00411-05-01,PAI-00411,2024-05-31,SCOPE_OR_POLICY,Synthetic scope or policy issue requiring monitoring review.,OPEN,HIGH
ISS-00411-06-01,PAI-00411,2024-06-30,LEGAL_OR_SOCIAL,Synthetic legal or social issue requiring monitoring review.,OPEN,LOW
ISS-00411-07-01,PAI-00411,2024-07-31,PROCUREMENT_OR_CONTRACT,Synthetic procurement or contract issue requiring monitoring review.,RESOLVED,LOW
ISS-00411-09-01,PAI-00411,2024-09-30,ENGINEERING_OR_FEASIBILITY,Synthetic engineering or feasibility issue requiring monitoring review.,OPEN,MEDIUM
ISS-00411-10-01,PAI-00411,2024-10-31,LAND_ACQUISITION,Synthetic land acquisition issue requiring monitoring review.,IN_PROGRESS,HIGH
ISS-00411-13-01,PAI-00411,2025-01-31,BUDGET_OR_APPROVAL,Synthetic budget or approval issue requiring monitoring review.,IN_PROGRESS,MEDIUM
ISS-00411-13-02,PAI-00411,2025-01-31,FUNDING,Synthetic funding issue requiring monitoring review.,OPEN,LOW
ISS-00411-14-01,PAI-00411,2025-02-28,PROCUREMENT_OR_CONTRACT,Synthetic procurement or contract issue requiring monitoring review.,IN_PROGRESS,HIGH
ISS-00411-20-01,PAI-00411,2025-08-31,LEGAL_OR_SOCIAL,Synthetic legal or social issue requiring monitoring review.,OPEN,LOW
ISS-00411-22-01,PAI-00411,2025-10-31,LAND_ACQUISITION,Synthetic land acquisition issue requiring monitoring review.,RESOLVED,MEDIUM
ISS-00412-04-01,PAI-00412,2024-04-30,FUNDING,Synthetic funding issue requiring monitoring review.,OPEN,LOW
ISS-00412-07-01,PAI-00412,2024-07-31,FUNDING,Synthetic funding issue requiring monitoring review.,IN_PROGRESS,MEDIUM
ISS-00412-09-01,PAI-00412,2024-09-30,BUDGET_OR_APPROVAL,Synthetic budget or approval issue requiring monitoring review.,IN_PROGRESS,HIGH
ISS-00412-14-01,PAI-00412,2025-02-28,ENGINEERING_OR_FEASIBILITY,Synthetic engineering or feasibility issue requiring monitoring review.,RESOLVED,LOW
ISS-00412-16-01,PAI-00412,2025-04-30,LAND_ACQUISITION,Synthetic land acquisition issue requiring monitoring review.,OPEN,MEDIUM
ISS-00412-18-01,PAI-00412,2025-06-30,PROCUREMENT_OR_CONTRACT,Synthetic procurement or contract issue requiring monitoring review.,IN_PROGRESS,HIGH
ISS-00412-19-01,PAI-00412,2025-07-31,PROCUREMENT_OR_CONTRACT,Synthetic procurement or contract issue requiring monitoring review.,RESOLVED,MEDIUM
ISS-00412-19-02,PAI-00412,2025-07-31,PROCUREMENT_OR_CONTRACT,Synthetic procurement or contract issue requiring monitoring review.,OPEN,MEDIUM
ISS-00412-20-01,PAI-00412,2025-08-31,ENGINEERING_OR_FEASIBILITY,Synthetic engineering or feasibility issue requiring monitoring review.,RESOLVED,HIGH
ISS-00412-23-01,PAI-00412,2025-11-30,ENGINEERING_OR_FEASIBILITY,Synthetic engineering or feasibility issue requiring monitoring review.,OPEN,LOW
ISS-00412-24-01,PAI-00412,2025-12-31,LAND_ACQUISITION,Synthetic land acquisition issue requiring monitoring review.,OPEN,MEDIUM
ISS-00413-01-01,PAI-00413,2024-01-31,SCOPE_OR_POLICY,Synthetic scope or policy issue requiring monitoring review.,OPEN,MEDIUM
ISS-00413-02-01,PAI-00413,2024-02-29,ENGINEERING_OR_FEASIBILITY,Synthetic engineering or feasibility issue requiring monitoring review.,RESOLVED,MEDIUM
ISS-00413-04-01,PAI-00413,2024-04-30,LAND_ACQUISITION,Synthetic land acquisition issue requiring monitoring review.,IN_PROGRESS,MEDIUM
ISS-00413-06-01,PAI-00413,2024-06-30,ENGINEERING_OR_FEASIBILITY,Synthetic engineering or feasibility issue requiring monitoring review.,OPEN,LOW
ISS-00413-08-01,PAI-00413,2024-08-31,SCOPE_OR_POLICY,Synthetic scope or policy issue requiring monitoring review.,OPEN,LOW
ISS-00413-10-01,PAI-00413,2024-10-31,BUDGET_OR_APPROVAL,Synthetic budget or approval issue requiring monitoring review.,OPEN,HIGH
ISS-00413-11-01,PAI-00413,2024-11-30,LAND_ACQUISITION,Synthetic land acquisition issue requiring monitoring review.,IN_PROGRESS,MEDIUM
ISS-00413-14-01,PAI-00413,2025-02-28,SCOPE_OR_POLICY,Synthetic scope or policy issue requiring monitoring review.,RESOLVED,HIGH
ISS-00413-15-01,PAI-00413,2025-03-31,CLEARANCE,Synthetic clearance issue requiring monitoring review.,OPEN,HIGH
ISS-00413-15-02,PAI-00413,2025-03-31,SCOPE_OR_POLICY,Synthetic scope or policy issue requiring monitoring review.,OPEN,MEDIUM
ISS-00413-18-01,PAI-00413,2025-06-30,BUDGET_OR_APPROVAL,Synthetic budget or approval issue requiring monitoring review.,OPEN,HIGH
ISS-00413-18-02,PAI-00413,2025-06-30,LEGAL_OR_SOCIAL,Synthetic legal or social issue requiring monitoring review.,OPEN,LOW
ISS-00413-19-01,PAI-00413,2025-07-31,BUDGET_OR_APPROVAL,Synthetic budget or approval issue requiring monitoring review.,RESOLVED,MEDIUM
ISS-00413-20-01,PAI-00413,2025-08-31,BUDGET_OR_APPROVAL,Synthetic budget or approval issue requiring monitoring review.,RESOLVED,LOW
ISS-00413-20-02,PAI-00413,2025-08-31,CLEARANCE,Synthetic clearance issue requiring monitoring review.,OPEN,LOW
ISS-00413-21-01,PAI-00413,2025-09-30,CLEARANCE,Synthetic clearance issue requiring monitoring review.,IN_PROGRESS,MEDIUM
ISS-00413-21-02,PAI-00413,2025-09-30,FUNDING,Synthetic funding issue requiring monitoring review.,IN_PROGRESS,LOW
ISS-00413-24-01,PAI-00413,2025-12-31,ENGINEERING_OR_FEASIBILITY,Synthetic engineering or feasibility issue requiring monitoring review.,OPEN,MEDIUM
ISS-00414-04-01,PAI-00414,2024-04-30,BUDGET_OR_APPROVAL,Synthetic budget or approval issue requiring monitoring review.,OPEN,MEDIUM
ISS-00414-10-01,PAI-00414,2024-10-31,SCOPE_OR_POLICY,Synthetic scope or policy issue requiring monitoring review.,IN_PROGRESS,HIGH
ISS-00414-12-01,PAI-00414,2024-12-31,LEGAL_OR_SOCIAL,Synthetic legal or social issue requiring monitoring review.,OPEN,LOW
ISS-00414-19-01,PAI-00414,2025-07-31,FUNDING,Synthetic funding issue requiring monitoring review.,IN_PROGRESS,HIGH
ISS-00415-09-01,PAI-00415,2024-09-30,CLEARANCE,Synthetic clearance issue requiring monitoring review.,RESOLVED,MEDIUM
ISS-00415-15-01,PAI-00415,2025-03-31,SCOPE_OR_POLICY,Synthetic scope or policy issue requiring monitoring review.,OPEN,MEDIUM
ISS-00415-18-01,PAI-00415,2025-06-30,LAND_ACQUISITION,Synthetic land acquisition issue requiring monitoring review.,OPEN,HIGH
ISS-00415-19-01,PAI-00415,2025-07-31,LAND_ACQUISITION,Synthetic land acquisition issue requiring monitoring review.,OPEN,LOW
ISS-00415-21-01,PAI-00415,2025-09-30,LEGAL_OR_SOCIAL,Synthetic legal or social issue requiring monitoring review.,IN_PROGRESS,MEDIUM
ISS-00415-21-02,PAI-00415,2025-09-30,FUNDING,Synthetic funding issue requiring monitoring review.,IN_PROGRESS,HIGH
ISS-00416-02-01,PAI-00416,2024-02-29,CLEARANCE,Synthetic clearance issue requiring monitoring review.,IN_PROGRESS,HIGH
ISS-00416-08-01,PAI-00416,2024-08-31,PROCUREMENT_OR_CONTRACT,Synthetic procurement or contract issue requiring monitoring review.,OPEN,HIGH
ISS-00416-08-02,PAI-00416,2024-08-31,PROCUREMENT_OR_CONTRACT,Synthetic procurement or contract issue requiring monitoring review.,OPEN,HIGH
ISS-00416-09-01,PAI-00416,2024-09-30,LAND_ACQUISITION,Synthetic land acquisition issue requiring monitoring review.,IN_PROGRESS,LOW
ISS-00416-09-02,PAI-00416,2024-09-30,FUNDING,Synthetic funding issue requiring monitoring review.,IN_PROGRESS,LOW
ISS-00416-10-01,PAI-00416,2024-10-31,FUNDING,Synthetic funding issue requiring monitoring review.,OPEN,HIGH
ISS-00416-10-02,PAI-00416,2024-10-31,CLEARANCE,Synthetic clearance issue requiring monitoring review.,IN_PROGRESS,HIGH
ISS-00416-11-01,PAI-00416,2024-11-30,FUNDING,Synthetic funding issue requiring monitoring review.,OPEN,HIGH
ISS-00416-12-01,PAI-00416,2024-12-31,ENGINEERING_OR_FEASIBILITY,Synthetic engineering or feasibility issue requiring monitoring review.,IN_PROGRESS,MEDIUM
ISS-00416-14-01,PAI-00416,2025-02-28,SCOPE_OR_POLICY,Synthetic scope or policy issue requiring monitoring review.,IN_PROGRESS,MEDIUM
ISS-00416-17-01,PAI-00416,2025-05-31,CLEARANCE,Synthetic clearance issue requiring monitoring review.,OPEN,LOW
ISS-00416-19-01,PAI-00416,2025-07-31,LEGAL_OR_SOCIAL,Synthetic legal or social issue requiring monitoring review.,RESOLVED,MEDIUM
ISS-00416-21-01,PAI-00416,2025-09-30,CLEARANCE,Synthetic clearance issue requiring monitoring review.,OPEN,LOW
ISS-00416-24-01,PAI-00416,2025-12-31,BUDGET_OR_APPROVAL,Synthetic budget or approval issue requiring monitoring review.,RESOLVED,MEDIUM
ISS-00417-04-01,PAI-00417,2024-04-30,ENGINEERING_OR_FEASIBILITY,Synthetic engineering or feasibility issue requiring monitoring review.,OPEN,LOW
ISS-00417-08-01,PAI-00417,2024-08-31,ENGINEERING_OR_FEASIBILITY,Synthetic engineering or feasibility issue requiring monitoring review.,IN_PROGRESS,MEDIUM
ISS-00417-19-01,PAI-00417,2025-07-31,SCOPE_OR_POLICY,Synthetic scope or policy issue requiring monitoring review.,RESOLVED,LOW
ISS-00418-06-01,PAI-00418,2024-06-30,SCOPE_OR_POLICY,Synthetic scope or policy issue requiring monitoring review.,IN_PROGRESS,MEDIUM
ISS-00418-06-02,PAI-00418,2024-06-30,FUNDING,Synthetic funding issue requiring monitoring review.,OPEN,LOW
ISS-00418-09-01,PAI-00418,2024-09-30,SCOPE_OR_POLICY,Synthetic scope or policy issue requiring monitoring review.,OPEN,LOW
ISS-00418-10-01,PAI-00418,2024-10-31,BUDGET_OR_APPROVAL,Synthetic budget or approval issue requiring monitoring review.,OPEN,LOW
ISS-00419-01-01,PAI-00419,2024-01-31,SCOPE_OR_POLICY,Synthetic scope or policy issue requiring monitoring review.,OPEN,HIGH
ISS-00419-06-01,PAI-00419,2024-06-30,FUNDING,Synthetic funding issue requiring monitoring review.,OPEN,MEDIUM
ISS-00419-10-01,PAI-00419,2024-10-31,LAND_ACQUISITION,Synthetic land acquisition issue requiring monitoring review.,OPEN,HIGH
ISS-00419-11-01,PAI-00419,2024-11-30,BUDGET_OR_APPROVAL,Synthetic budget or approval issue requiring monitoring review.,IN_PROGRESS,MEDIUM
ISS-00419-12-01,PAI-00419,2024-12-31,PROCUREMENT_OR_CONTRACT,Synthetic procurement or contract issue requiring monitoring review.,OPEN,LOW
ISS-00419-14-01,PAI-00419,2025-02-28,PROCUREMENT_OR_CONTRACT,Synthetic procurement or contract issue requiring monitoring review.,OPEN,MEDIUM
ISS-00419-17-01,PAI-00419,2025-05-31,BUDGET_OR_APPROVAL,Synthetic budget or approval issue requiring monitoring review.,RESOLVED,LOW
ISS-00419-24-01,PAI-00419,2025-12-31,CLEARANCE,Synthetic clearance issue requiring monitoring review.,OPEN,MEDIUM
ISS-00420-05-01,PAI-00420,2024-05-31,LAND_ACQUISITION,Synthetic land acquisition issue requiring monitoring review.,RESOLVED,MEDIUM
ISS-00420-14-01,PAI-00420,2025-02-28,LAND_ACQUISITION,Synthetic land acquisition issue requiring monitoring review.,OPEN,LOW
ISS-00420-15-01,PAI-00420,2025-03-31,LEGAL_OR_SOCIAL,Synthetic legal or social issue requiring monitoring review.,IN_PROGRESS,LOW
ISS-00421-07-01,PAI-00421,2024-07-31,LEGAL_OR_SOCIAL,Synthetic legal or social issue requiring monitoring review.,RESOLVED,MEDIUM
ISS-00421-15-01,PAI-00421,2025-03-31,LEGAL_OR_SOCIAL,Synthetic legal or social issue requiring monitoring review.,IN_PROGRESS,HIGH
ISS-00421-19-01,PAI-00421,2025-07-31,PROCUREMENT_OR_CONTRACT,Synthetic procurement or contract issue requiring monitoring review.,OPEN,MEDIUM
ISS-00421-19-02,PAI-00421,2025-07-31,FUNDING,Synthetic funding issue requiring monitoring review.,IN_PROGRESS,LOW
ISS-00421-23-01,PAI-00421,2025-11-30,CLEARANCE,Synthetic clearance issue requiring monitoring review.,OPEN,MEDIUM
ISS-00422-01-01,PAI-00422,2024-01-31,BUDGET_OR_APPROVAL,Synthetic budget or approval issue requiring monitoring review.,RESOLVED,MEDIUM
ISS-00422-05-01,PAI-00422,2024-05-31,SCOPE_OR_POLICY,Synthetic scope or policy issue requiring monitoring review.,OPEN,MEDIUM
ISS-00422-12-01,PAI-00422,2024-12-31,PROCUREMENT_OR_CONTRACT,Synthetic procurement or contract issue requiring monitoring review.,IN_PROGRESS,LOW
ISS-00422-14-01,PAI-00422,2025-02-28,CLEARANCE,Synthetic clearance issue requiring monitoring review.,RESOLVED,MEDIUM
ISS-00422-18-01,PAI-00422,2025-06-30,LAND_ACQUISITION,Synthetic land acquisition issue requiring monitoring review.,RESOLVED,LOW
ISS-00422-19-01,PAI-00422,2025-07-31,LEGAL_OR_SOCIAL,Synthetic legal or social issue requiring monitoring review.,OPEN,MEDIUM
ISS-00423-11-01,PAI-00423,2024-11-30,ENGINEERING_OR_FEASIBILITY,Synthetic engineering or feasibility issue requiring monitoring review.,OPEN,HIGH
ISS-00423-19-01,PAI-00423,2025-07-31,FUNDING,Synthetic funding issue requiring monitoring review.,IN_PROGRESS,HIGH
ISS-00423-22-01,PAI-00423,2025-10-31,BUDGET_OR_APPROVAL,Synthetic budget or approval issue requiring monitoring review.,IN_PROGRESS,LOW
ISS-00424-02-01,PAI-00424,2024-02-29,BUDGET_OR_APPROVAL,Synthetic budget or approval issue requiring monitoring review.,OPEN,MEDIUM
ISS-00424-06-01,PAI-00424,2024-06-30,FUNDING,Synthetic funding issue requiring monitoring review.,RESOLVED,MEDIUM
ISS-00424-10-01,PAI-00424,2024-10-31,LEGAL_OR_SOCIAL,Synthetic legal or social issue requiring monitoring review.,OPEN,LOW
ISS-00424-11-01,PAI-00424,2024-11-30,ENGINEERING_OR_FEASIBILITY,Synthetic engineering or feasibility issue requiring monitoring review.,IN_PROGRESS,LOW
ISS-00424-12-01,PAI-00424,2024-12-31,LEGAL_OR_SOCIAL,Synthetic legal or social issue requiring monitoring review.,IN_PROGRESS,HIGH
ISS-00424-15-01,PAI-00424,2025-03-31,BUDGET_OR_APPROVAL,Synthetic budget or approval issue requiring monitoring review.,OPEN,HIGH
ISS-00424-16-01,PAI-00424,2025-04-30,ENGINEERING_OR_FEASIBILITY,Synthetic engineering or feasibility issue requiring monitoring review.,OPEN,MEDIUM
ISS-00424-16-02,PAI-00424,2025-04-30,FUNDING,Synthetic funding issue requiring monitoring review.,IN_PROGRESS,LOW
ISS-00424-17-01,PAI-00424,2025-05-31,SCOPE_OR_POLICY,Synthetic scope or policy issue requiring monitoring review.,RESOLVED,MEDIUM
ISS-00424-17-02,PAI-00424,2025-05-31,CLEARANCE,Synthetic clearance issue requiring monitoring review.,OPEN,HIGH
ISS-00424-18-01,PAI-00424,2025-06-30,BUDGET_OR_APPROVAL,Synthetic budget or approval issue requiring monitoring review.,IN_PROGRESS,MEDIUM
ISS-00424-20-01,PAI-00424,2025-08-31,ENGINEERING_OR_FEASIBILITY,Synthetic engineering or feasibility issue requiring monitoring review.,OPEN,MEDIUM
ISS-00424-22-01,PAI-00424,2025-10-31,FUNDING,Synthetic funding issue requiring monitoring review.,IN_PROGRESS,MEDIUM
ISS-00424-22-02,PAI-00424,2025-10-31,BUDGET_OR_APPROVAL,Synthetic budget or approval issue requiring monitoring review.,OPEN,HIGH
ISS-00424-22-03,PAI-00424,2025-10-31,SCOPE_OR_POLICY,Synthetic scope or policy issue requiring monitoring review.,OPEN,MEDIUM
ISS-00424-22-04,PAI-00424,2025-10-31,PROCUREMENT_OR_CONTRACT,Synthetic procurement or contract issue requiring monitoring review.,IN_PROGRESS,HIGH
ISS-00424-22-05,PAI-00424,2025-10-31,LAND_ACQUISITION,Synthetic land acquisition issue requiring monitoring review.,OPEN,MEDIUM
ISS-00424-23-01,PAI-00424,2025-11-30,LEGAL_OR_SOCIAL,Synthetic legal or social issue requiring monitoring review.,OPEN,LOW
ISS-00424-23-02,PAI-00424,2025-11-30,CLEARANCE,Synthetic clearance issue requiring monitoring review.,OPEN,MEDIUM
ISS-00425-02-01,PAI-00425,2024-02-29,FUNDING,Synthetic funding issue requiring monitoring review.,RESOLVED,LOW
ISS-00425-03-01,PAI-00425,2024-03-31,PROCUREMENT_OR_CONTRACT,Synthetic procurement or contract issue requiring monitoring review.,OPEN,HIGH
ISS-00425-08-01,PAI-00425,2024-08-31,LEGAL_OR_SOCIAL,Synthetic legal or social issue requiring monitoring review.,IN_PROGRESS,MEDIUM
ISS-00425-09-01,PAI-00425,2024-09-30,ENGINEERING_OR_FEASIBILITY,Synthetic engineering or feasibility issue requiring monitoring review.,IN_PROGRESS,MEDIUM
ISS-00425-12-01,PAI-00425,2024-12-31,FUNDING,Synthetic funding issue requiring monitoring review.,RESOLVED,HIGH
ISS-00425-12-02,PAI-00425,2024-12-31,LEGAL_OR_SOCIAL,Synthetic legal or social issue requiring monitoring review.,OPEN,MEDIUM
ISS-00425-13-01,PAI-00425,2025-01-31,ENGINEERING_OR_FEASIBILITY,Synthetic engineering or feasibility issue requiring monitoring review.,RESOLVED,MEDIUM
ISS-00425-14-01,PAI-00425,2025-02-28,SCOPE_OR_POLICY,Synthetic scope or policy issue requiring monitoring review.,RESOLVED,LOW
ISS-00425-17-01,PAI-00425,2025-05-31,LAND_ACQUISITION,Synthetic land acquisition issue requiring monitoring review.,IN_PROGRESS,MEDIUM
ISS-00425-18-01,PAI-00425,2025-06-30,FUNDING,Synthetic funding issue requiring monitoring review.,OPEN,MEDIUM
ISS-00425-19-01,PAI-00425,2025-07-31,CLEARANCE,Synthetic clearance issue requiring monitoring review.,OPEN,HIGH
ISS-00425-21-01,PAI-00425,2025-09-30,CLEARANCE,Synthetic clearance issue requiring monitoring review.,OPEN,MEDIUM
ISS-00425-21-02,PAI-00425,2025-09-30,BUDGET_OR_APPROVAL,Synthetic budget or approval issue requiring monitoring review.,RESOLVED,MEDIUM
ISS-00425-22-01,PAI-00425,2025-10-31,CLEARANCE,Synthetic clearance issue requiring monitoring review.,OPEN,MEDIUM
ISS-00425-24-01,PAI-00425,2025-12-31,ENGINEERING_OR_FEASIBILITY,Synthetic engineering or feasibility issue requiring monitoring review.,IN_PROGRESS,LOW
ISS-00426-05-01,PAI-00426,2024-05-31,PROCUREMENT_OR_CONTRACT,Synthetic procurement or contract issue requiring monitoring review.,OPEN,MEDIUM
ISS-00426-06-01,PAI-00426,2024-06-30,BUDGET_OR_APPROVAL,Synthetic budget or approval issue requiring monitoring review.,OPEN,HIGH
ISS-00426-09-01,PAI-00426,2024-09-30,ENGINEERING_OR_FEASIBILITY,Synthetic engineering or feasibility issue requiring monitoring review.,IN_PROGRESS,MEDIUM
ISS-00426-09-02,PAI-00426,2024-09-30,SCOPE_OR_POLICY,Synthetic scope or policy issue requiring monitoring review.,IN_PROGRESS,MEDIUM
ISS-00426-09-03,PAI-00426,2024-09-30,LAND_ACQUISITION,Synthetic land acquisition issue requiring monitoring review.,RESOLVED,LOW
ISS-00426-14-01,PAI-00426,2025-02-28,ENGINEERING_OR_FEASIBILITY,Synthetic engineering or feasibility issue requiring monitoring review.,OPEN,MEDIUM
ISS-00426-17-01,PAI-00426,2025-05-31,CLEARANCE,Synthetic clearance issue requiring monitoring review.,RESOLVED,LOW
ISS-00426-22-01,PAI-00426,2025-10-31,BUDGET_OR_APPROVAL,Synthetic budget or approval issue requiring monitoring review.,IN_PROGRESS,HIGH
ISS-00426-23-01,PAI-00426,2025-11-30,FUNDING,Synthetic funding issue requiring monitoring review.,RESOLVED,MEDIUM
ISS-00426-24-01,PAI-00426,2025-12-31,ENGINEERING_OR_FEASIBILITY,Synthetic engineering or feasibility issue requiring monitoring review.,IN_PROGRESS,MEDIUM
ISS-00427-01-01,PAI-00427,2024-01-31,LEGAL_OR_SOCIAL,Synthetic legal or social issue requiring monitoring review.,IN_PROGRESS,LOW
ISS-00427-02-01,PAI-00427,2024-02-29,PROCUREMENT_OR_CONTRACT,Synthetic procurement or contract issue requiring monitoring review.,OPEN,HIGH
ISS-00427-03-01,PAI-00427,2024-03-31,BUDGET_OR_APPROVAL,Synthetic budget or approval issue requiring monitoring review.,OPEN,MEDIUM
ISS-00427-05-01,PAI-00427,2024-05-31,FUNDING,Synthetic funding issue requiring monitoring review.,RESOLVED,HIGH
ISS-00427-06-01,PAI-00427,2024-06-30,LAND_ACQUISITION,Synthetic land acquisition issue requiring monitoring review.,IN_PROGRESS,HIGH
ISS-00427-09-01,PAI-00427,2024-09-30,LAND_ACQUISITION,Synthetic land acquisition issue requiring monitoring review.,RESOLVED,LOW
ISS-00427-11-01,PAI-00427,2024-11-30,LEGAL_OR_SOCIAL,Synthetic legal or social issue requiring monitoring review.,RESOLVED,HIGH
ISS-00427-12-01,PAI-00427,2024-12-31,CLEARANCE,Synthetic clearance issue requiring monitoring review.,IN_PROGRESS,HIGH
ISS-00427-12-02,PAI-00427,2024-12-31,CLEARANCE,Synthetic clearance issue requiring monitoring review.,RESOLVED,MEDIUM
ISS-00427-13-01,PAI-00427,2025-01-31,BUDGET_OR_APPROVAL,Synthetic budget or approval issue requiring monitoring review.,OPEN,MEDIUM
ISS-00427-14-01,PAI-00427,2025-02-28,LAND_ACQUISITION,Synthetic land acquisition issue requiring monitoring review.,IN_PROGRESS,HIGH
ISS-00427-14-02,PAI-00427,2025-02-28,LAND_ACQUISITION,Synthetic land acquisition issue requiring monitoring review.,OPEN,HIGH
ISS-00427-16-01,PAI-00427,2025-04-30,LEGAL_OR_SOCIAL,Synthetic legal or social issue requiring monitoring review.,OPEN,LOW
ISS-00427-17-01,PAI-00427,2025-05-31,SCOPE_OR_POLICY,Synthetic scope or policy issue requiring monitoring review.,OPEN,LOW
ISS-00427-17-02,PAI-00427,2025-05-31,FUNDING,Synthetic funding issue requiring monitoring review.,IN_PROGRESS,MEDIUM
ISS-00427-18-01,PAI-00427,2025-06-30,CLEARANCE,Synthetic clearance issue requiring monitoring review.,RESOLVED,LOW
ISS-00427-18-02,PAI-00427,2025-06-30,ENGINEERING_OR_FEASIBILITY,Synthetic engineering or feasibility issue requiring monitoring review.,IN_PROGRESS,LOW
ISS-00427-20-01,PAI-00427,2025-08-31,FUNDING,Synthetic funding issue requiring monitoring review.,OPEN,HIGH
ISS-00427-20-02,PAI-00427,2025-08-31,BUDGET_OR_APPROVAL,Synthetic budget or approval issue requiring monitoring review.,OPEN,HIGH
ISS-00427-20-03,PAI-00427,2025-08-31,SCOPE_OR_POLICY,Synthetic scope or policy issue requiring monitoring review.,RESOLVED,HIGH
ISS-00427-20-04,PAI-00427,2025-08-31,LEGAL_OR_SOCIAL,Synthetic legal or social issue requiring monitoring review.,OPEN,HIGH
ISS-00427-21-01,PAI-00427,2025-09-30,CLEARANCE,Synthetic clearance issue requiring monitoring review.,RESOLVED,HIGH
ISS-00427-21-02,PAI-00427,2025-09-30,ENGINEERING_OR_FEASIBILITY,Synthetic engineering or feasibility issue requiring monitoring review.,OPEN,LOW
ISS-00427-21-03,PAI-00427,2025-09-30,BUDGET_OR_APPROVAL,Synthetic budget or approval issue requiring monitoring review.,OPEN,MEDIUM
ISS-00427-22-01,PAI-00427,2025-10-31,PROCUREMENT_OR_CONTRACT,Synthetic procurement or contract issue requiring monitoring review.,OPEN,LOW
ISS-00427-22-02,PAI-00427,2025-10-31,LAND_ACQUISITION,Synthetic land acquisition issue requiring monitoring review.,RESOLVED,HIGH
ISS-00427-23-01,PAI-00427,2025-11-30,LEGAL_OR_SOCIAL,Synthetic legal or social issue requiring monitoring review.,OPEN,MEDIUM
ISS-00427-24-01,PAI-00427,2025-12-31,LEGAL_OR_SOCIAL,Synthetic legal or social issue requiring monitoring review.,OPEN,HIGH
ISS-00427-24-02,PAI-00427,2025-12-31,PROCUREMENT_OR_CONTRACT,Synthetic procurement or contract issue requiring monitoring review.,RESOLVED,HIGH
ISS-00428-02-01,PAI-00428,2024-02-29,BUDGET_OR_APPROVAL,Synthetic budget or approval issue requiring monitoring review.,OPEN,LOW
ISS-00428-09-01,PAI-00428,2024-09-30,LEGAL_OR_SOCIAL,Synthetic legal or social issue requiring monitoring review.,RESOLVED,MEDIUM
ISS-00428-09-02,PAI-00428,2024-09-30,PROCUREMENT_OR_CONTRACT,Synthetic procurement or contract issue requiring monitoring review.,OPEN,HIGH
ISS-00428-19-01,PAI-00428,2025-07-31,LAND_ACQUISITION,Synthetic land acquisition issue requiring monitoring review.,RESOLVED,MEDIUM
ISS-00428-21-01,PAI-00428,2025-09-30,CLEARANCE,Synthetic clearance issue requiring monitoring review.,OPEN,HIGH
ISS-00428-22-01,PAI-00428,2025-10-31,LAND_ACQUISITION,Synthetic land acquisition issue requiring monitoring review.,OPEN,LOW
ISS-00428-23-01,PAI-00428,2025-11-30,CLEARANCE,Synthetic clearance issue requiring monitoring review.,RESOLVED,MEDIUM
ISS-00428-23-02,PAI-00428,2025-11-30,FUNDING,Synthetic funding issue requiring monitoring review.,OPEN,MEDIUM
ISS-00429-03-01,PAI-00429,2024-03-31,CLEARANCE,Synthetic clearance issue requiring monitoring review.,OPEN,HIGH
ISS-00429-06-01,PAI-00429,2024-06-30,LEGAL_OR_SOCIAL,Synthetic legal or social issue requiring monitoring review.,RESOLVED,HIGH
ISS-00429-08-01,PAI-00429,2024-08-31,FUNDING,Synthetic funding issue requiring monitoring review.,RESOLVED,HIGH
ISS-00429-14-01,PAI-00429,2025-02-28,LEGAL_OR_SOCIAL,Synthetic legal or social issue requiring monitoring review.,OPEN,LOW
ISS-00430-06-01,PAI-00430,2024-06-30,LAND_ACQUISITION,Synthetic land acquisition issue requiring monitoring review.,IN_PROGRESS,HIGH
ISS-00430-10-01,PAI-00430,2024-10-31,FUNDING,Synthetic funding issue requiring monitoring review.,RESOLVED,LOW
ISS-00430-13-01,PAI-00430,2025-01-31,CLEARANCE,Synthetic clearance issue requiring monitoring review.,OPEN,MEDIUM
ISS-00430-17-01,PAI-00430,2025-05-31,SCOPE_OR_POLICY,Synthetic scope or policy issue requiring monitoring review.,OPEN,MEDIUM
ISS-00430-19-01,PAI-00430,2025-07-31,SCOPE_OR_POLICY,Synthetic scope or policy issue requiring monitoring review.,OPEN,LOW
ISS-00430-23-01,PAI-00430,2025-11-30,FUNDING,Synthetic funding issue requiring monitoring review.,OPEN,MEDIUM
ISS-00431-03-01,PAI-00431,2024-03-31,CLEARANCE,Synthetic clearance issue requiring monitoring review.,OPEN,MEDIUM
ISS-00431-08-01,PAI-00431,2024-08-31,PROCUREMENT_OR_CONTRACT,Synthetic procurement or contract issue requiring monitoring review.,OPEN,HIGH
ISS-00431-09-01,PAI-00431,2024-09-30,SCOPE_OR_POLICY,Synthetic scope or policy issue requiring monitoring review.,RESOLVED,HIGH
ISS-00431-09-02,PAI-00431,2024-09-30,FUNDING,Synthetic funding issue requiring monitoring review.,OPEN,MEDIUM
ISS-00431-10-01,PAI-00431,2024-10-31,FUNDING,Synthetic funding issue requiring monitoring review.,IN_PROGRESS,HIGH
ISS-00431-17-01,PAI-00431,2025-05-31,LEGAL_OR_SOCIAL,Synthetic legal or social issue requiring monitoring review.,RESOLVED,LOW
ISS-00431-20-01,PAI-00431,2025-08-31,PROCUREMENT_OR_CONTRACT,Synthetic procurement or contract issue requiring monitoring review.,IN_PROGRESS,MEDIUM
ISS-00431-21-01,PAI-00431,2025-09-30,PROCUREMENT_OR_CONTRACT,Synthetic procurement or contract issue requiring monitoring review.,RESOLVED,LOW
ISS-00432-05-01,PAI-00432,2024-05-31,SCOPE_OR_POLICY,Synthetic scope or policy issue requiring monitoring review.,OPEN,MEDIUM
ISS-00432-05-02,PAI-00432,2024-05-31,PROCUREMENT_OR_CONTRACT,Synthetic procurement or contract issue requiring monitoring review.,OPEN,HIGH
ISS-00432-08-01,PAI-00432,2024-08-31,ENGINEERING_OR_FEASIBILITY,Synthetic engineering or feasibility issue requiring monitoring review.,RESOLVED,LOW
ISS-00432-08-02,PAI-00432,2024-08-31,FUNDING,Synthetic funding issue requiring monitoring review.,IN_PROGRESS,LOW
ISS-00432-16-01,PAI-00432,2025-04-30,SCOPE_OR_POLICY,Synthetic scope or policy issue requiring monitoring review.,OPEN,HIGH
ISS-00432-16-02,PAI-00432,2025-04-30,ENGINEERING_OR_FEASIBILITY,Synthetic engineering or feasibility issue requiring monitoring review.,RESOLVED,LOW
ISS-00432-17-01,PAI-00432,2025-05-31,SCOPE_OR_POLICY,Synthetic scope or policy issue requiring monitoring review.,OPEN,HIGH
ISS-00432-17-02,PAI-00432,2025-05-31,LAND_ACQUISITION,Synthetic land acquisition issue requiring monitoring review.,OPEN,HIGH
ISS-00432-18-01,PAI-00432,2025-06-30,ENGINEERING_OR_FEASIBILITY,Synthetic engineering or feasibility issue requiring monitoring review.,IN_PROGRESS,HIGH
ISS-00432-18-02,PAI-00432,2025-06-30,SCOPE_OR_POLICY,Synthetic scope or policy issue requiring monitoring review.,IN_PROGRESS,HIGH
ISS-00432-21-01,PAI-00432,2025-09-30,LAND_ACQUISITION,Synthetic land acquisition issue requiring monitoring review.,IN_PROGRESS,HIGH
ISS-00432-21-02,PAI-00432,2025-09-30,PROCUREMENT_OR_CONTRACT,Synthetic procurement or contract issue requiring monitoring review.,RESOLVED,LOW
ISS-00432-22-01,PAI-00432,2025-10-31,FUNDING,Synthetic funding issue requiring monitoring review.,OPEN,HIGH
ISS-00432-23-01,PAI-00432,2025-11-30,PROCUREMENT_OR_CONTRACT,Synthetic procurement or contract issue requiring monitoring review.,OPEN,HIGH
ISS-00433-01-01,PAI-00433,2024-01-31,LAND_ACQUISITION,Synthetic land acquisition issue requiring monitoring review.,OPEN,LOW
ISS-00433-07-01,PAI-00433,2024-07-31,BUDGET_OR_APPROVAL,Synthetic budget or approval issue requiring monitoring review.,RESOLVED,HIGH
ISS-00433-10-01,PAI-00433,2024-10-31,FUNDING,Synthetic funding issue requiring monitoring review.,OPEN,MEDIUM
ISS-00433-12-01,PAI-00433,2024-12-31,PROCUREMENT_OR_CONTRACT,Synthetic procurement or contract issue requiring monitoring review.,IN_PROGRESS,MEDIUM
ISS-00433-14-01,PAI-00433,2025-02-28,LAND_ACQUISITION,Synthetic land acquisition issue requiring monitoring review.,IN_PROGRESS,MEDIUM
ISS-00433-16-01,PAI-00433,2025-04-30,CLEARANCE,Synthetic clearance issue requiring monitoring review.,OPEN,HIGH
ISS-00433-17-01,PAI-00433,2025-05-31,LAND_ACQUISITION,Synthetic land acquisition issue requiring monitoring review.,IN_PROGRESS,MEDIUM
ISS-00433-21-01,PAI-00433,2025-09-30,PROCUREMENT_OR_CONTRACT,Synthetic procurement or contract issue requiring monitoring review.,RESOLVED,LOW
ISS-00433-21-02,PAI-00433,2025-09-30,BUDGET_OR_APPROVAL,Synthetic budget or approval issue requiring monitoring review.,OPEN,HIGH
ISS-00434-05-01,PAI-00434,2024-05-31,PROCUREMENT_OR_CONTRACT,Synthetic procurement or contract issue requiring monitoring review.,OPEN,HIGH
ISS-00434-07-01,PAI-00434,2024-07-31,BUDGET_OR_APPROVAL,Synthetic budget or approval issue requiring monitoring review.,OPEN,MEDIUM
ISS-00434-08-01,PAI-00434,2024-08-31,BUDGET_OR_APPROVAL,Synthetic budget or approval issue requiring monitoring review.,RESOLVED,LOW
ISS-00434-08-02,PAI-00434,2024-08-31,CLEARANCE,Synthetic clearance issue requiring monitoring review.,IN_PROGRESS,MEDIUM
ISS-00434-09-01,PAI-00434,2024-09-30,ENGINEERING_OR_FEASIBILITY,Synthetic engineering or feasibility issue requiring monitoring review.,OPEN,LOW
ISS-00434-10-01,PAI-00434,2024-10-31,SCOPE_OR_POLICY,Synthetic scope or policy issue requiring monitoring review.,OPEN,HIGH
ISS-00434-12-01,PAI-00434,2024-12-31,LAND_ACQUISITION,Synthetic land acquisition issue requiring monitoring review.,RESOLVED,HIGH
ISS-00434-12-02,PAI-00434,2024-12-31,FUNDING,Synthetic funding issue requiring monitoring review.,OPEN,MEDIUM
ISS-00434-14-01,PAI-00434,2025-02-28,LAND_ACQUISITION,Synthetic land acquisition issue requiring monitoring review.,OPEN,MEDIUM
ISS-00434-15-01,PAI-00434,2025-03-31,LAND_ACQUISITION,Synthetic land acquisition issue requiring monitoring review.,IN_PROGRESS,HIGH
ISS-00434-15-02,PAI-00434,2025-03-31,PROCUREMENT_OR_CONTRACT,Synthetic procurement or contract issue requiring monitoring review.,OPEN,HIGH
ISS-00434-16-01,PAI-00434,2025-04-30,PROCUREMENT_OR_CONTRACT,Synthetic procurement or contract issue requiring monitoring review.,IN_PROGRESS,MEDIUM
ISS-00434-17-01,PAI-00434,2025-05-31,FUNDING,Synthetic funding issue requiring monitoring review.,OPEN,MEDIUM
ISS-00434-17-02,PAI-00434,2025-05-31,PROCUREMENT_OR_CONTRACT,Synthetic procurement or contract issue requiring monitoring review.,OPEN,HIGH
ISS-00434-19-01,PAI-00434,2025-07-31,ENGINEERING_OR_FEASIBILITY,Synthetic engineering or feasibility issue requiring monitoring review.,IN_PROGRESS,HIGH
ISS-00434-20-01,PAI-00434,2025-08-31,BUDGET_OR_APPROVAL,Synthetic budget or approval issue requiring monitoring review.,IN_PROGRESS,MEDIUM
ISS-00434-21-01,PAI-00434,2025-09-30,FUNDING,Synthetic funding issue requiring monitoring review.,IN_PROGRESS,MEDIUM
ISS-00434-22-01,PAI-00434,2025-10-31,PROCUREMENT_OR_CONTRACT,Synthetic procurement or contract issue requiring monitoring review.,OPEN,HIGH
ISS-00434-22-02,PAI-00434,2025-10-31,LAND_ACQUISITION,Synthetic land acquisition issue requiring monitoring review.,OPEN,MEDIUM
ISS-00434-22-03,PAI-00434,2025-10-31,CLEARANCE,Synthetic clearance issue requiring monitoring review.,OPEN,MEDIUM
ISS-00434-22-04,PAI-00434,2025-10-31,LAND_ACQUISITION,Synthetic land acquisition issue requiring monitoring review.,RESOLVED,MEDIUM
ISS-00434-23-01,PAI-00434,2025-11-30,SCOPE_OR_POLICY,Synthetic scope or policy issue requiring monitoring review.,IN_PROGRESS,MEDIUM
ISS-00434-24-01,PAI-00434,2025-12-31,ENGINEERING_OR_FEASIBILITY,Synthetic engineering or feasibility issue requiring monitoring review.,RESOLVED,MEDIUM
ISS-00435-01-01,PAI-00435,2024-01-31,FUNDING,Synthetic funding issue requiring monitoring review.,OPEN,HIGH
ISS-00435-01-02,PAI-00435,2024-01-31,LAND_ACQUISITION,Synthetic land acquisition issue requiring monitoring review.,OPEN,MEDIUM
ISS-00435-01-03,PAI-00435,2024-01-31,CLEARANCE,Synthetic clearance issue requiring monitoring review.,IN_PROGRESS,LOW
ISS-00435-01-04,PAI-00435,2024-01-31,LAND_ACQUISITION,Synthetic land acquisition issue requiring monitoring review.,OPEN,MEDIUM
ISS-00435-02-01,PAI-00435,2024-02-29,BUDGET_OR_APPROVAL,Synthetic budget or approval issue requiring monitoring review.,RESOLVED,LOW
ISS-00435-07-01,PAI-00435,2024-07-31,LEGAL_OR_SOCIAL,Synthetic legal or social issue requiring monitoring review.,OPEN,HIGH
ISS-00435-07-02,PAI-00435,2024-07-31,LAND_ACQUISITION,Synthetic land acquisition issue requiring monitoring review.,OPEN,MEDIUM
ISS-00435-13-01,PAI-00435,2025-01-31,LAND_ACQUISITION,Synthetic land acquisition issue requiring monitoring review.,RESOLVED,MEDIUM
ISS-00435-16-01,PAI-00435,2025-04-30,ENGINEERING_OR_FEASIBILITY,Synthetic engineering or feasibility issue requiring monitoring review.,OPEN,MEDIUM
ISS-00435-16-02,PAI-00435,2025-04-30,BUDGET_OR_APPROVAL,Synthetic budget or approval issue requiring monitoring review.,OPEN,LOW
ISS-00435-17-01,PAI-00435,2025-05-31,LEGAL_OR_SOCIAL,Synthetic legal or social issue requiring monitoring review.,IN_PROGRESS,LOW
ISS-00435-19-01,PAI-00435,2025-07-31,CLEARANCE,Synthetic clearance issue requiring monitoring review.,RESOLVED,LOW
ISS-00435-21-01,PAI-00435,2025-09-30,LEGAL_OR_SOCIAL,Synthetic legal or social issue requiring monitoring review.,OPEN,MEDIUM
ISS-00435-22-01,PAI-00435,2025-10-31,BUDGET_OR_APPROVAL,Synthetic budget or approval issue requiring monitoring review.,OPEN,MEDIUM
ISS-00435-23-01,PAI-00435,2025-11-30,PROCUREMENT_OR_CONTRACT,Synthetic procurement or contract issue requiring monitoring review.,OPEN,HIGH
ISS-00436-02-01,PAI-00436,2024-02-29,CLEARANCE,Synthetic clearance issue requiring monitoring review.,RESOLVED,LOW
ISS-00436-05-01,PAI-00436,2024-05-31,SCOPE_OR_POLICY,Synthetic scope or policy issue requiring monitoring review.,OPEN,LOW
ISS-00436-06-01,PAI-00436,2024-06-30,PROCUREMENT_OR_CONTRACT,Synthetic procurement or contract issue requiring monitoring review.,IN_PROGRESS,HIGH
ISS-00436-12-01,PAI-00436,2024-12-31,PROCUREMENT_OR_CONTRACT,Synthetic procurement or contract issue requiring monitoring review.,IN_PROGRESS,HIGH
ISS-00436-12-02,PAI-00436,2024-12-31,CLEARANCE,Synthetic clearance issue requiring monitoring review.,IN_PROGRESS,LOW
ISS-00436-14-01,PAI-00436,2025-02-28,LAND_ACQUISITION,Synthetic land acquisition issue requiring monitoring review.,OPEN,MEDIUM
ISS-00436-18-01,PAI-00436,2025-06-30,SCOPE_OR_POLICY,Synthetic scope or policy issue requiring monitoring review.,OPEN,LOW
ISS-00436-18-02,PAI-00436,2025-06-30,ENGINEERING_OR_FEASIBILITY,Synthetic engineering or feasibility issue requiring monitoring review.,IN_PROGRESS,HIGH
ISS-00436-21-01,PAI-00436,2025-09-30,LAND_ACQUISITION,Synthetic land acquisition issue requiring monitoring review.,RESOLVED,MEDIUM
ISS-00436-23-01,PAI-00436,2025-11-30,SCOPE_OR_POLICY,Synthetic scope or policy issue requiring monitoring review.,OPEN,HIGH
ISS-00436-23-02,PAI-00436,2025-11-30,SCOPE_OR_POLICY,Synthetic scope or policy issue requiring monitoring review.,OPEN,HIGH
ISS-00436-24-01,PAI-00436,2025-12-31,LEGAL_OR_SOCIAL,Synthetic legal or social issue requiring monitoring review.,OPEN,HIGH
ISS-00437-01-01,PAI-00437,2024-01-31,CLEARANCE,Synthetic clearance issue requiring monitoring review.,OPEN,LOW
ISS-00437-08-01,PAI-00437,2024-08-31,LEGAL_OR_SOCIAL,Synthetic legal or social issue requiring monitoring review.,RESOLVED,MEDIUM
ISS-00437-11-01,PAI-00437,2024-11-30,LAND_ACQUISITION,Synthetic land acquisition issue requiring monitoring review.,OPEN,LOW
ISS-00437-18-01,PAI-00437,2025-06-30,SCOPE_OR_POLICY,Synthetic scope or policy issue requiring monitoring review.,OPEN,HIGH
ISS-00437-23-01,PAI-00437,2025-11-30,BUDGET_OR_APPROVAL,Synthetic budget or approval issue requiring monitoring review.,OPEN,HIGH
ISS-00438-08-01,PAI-00438,2024-08-31,FUNDING,Synthetic funding issue requiring monitoring review.,IN_PROGRESS,MEDIUM
ISS-00438-09-01,PAI-00438,2024-09-30,CLEARANCE,Synthetic clearance issue requiring monitoring review.,OPEN,MEDIUM
ISS-00438-10-01,PAI-00438,2024-10-31,CLEARANCE,Synthetic clearance issue requiring monitoring review.,RESOLVED,HIGH
ISS-00438-17-01,PAI-00438,2025-05-31,SCOPE_OR_POLICY,Synthetic scope or policy issue requiring monitoring review.,RESOLVED,HIGH
ISS-00438-17-02,PAI-00438,2025-05-31,PROCUREMENT_OR_CONTRACT,Synthetic procurement or contract issue requiring monitoring review.,RESOLVED,LOW
ISS-00438-18-01,PAI-00438,2025-06-30,LAND_ACQUISITION,Synthetic land acquisition issue requiring monitoring review.,OPEN,MEDIUM
ISS-00438-19-01,PAI-00438,2025-07-31,LAND_ACQUISITION,Synthetic land acquisition issue requiring monitoring review.,RESOLVED,LOW
ISS-00438-19-02,PAI-00438,2025-07-31,ENGINEERING_OR_FEASIBILITY,Synthetic engineering or feasibility issue requiring monitoring review.,OPEN,MEDIUM
ISS-00438-19-03,PAI-00438,2025-07-31,PROCUREMENT_OR_CONTRACT,Synthetic procurement or contract issue requiring monitoring review.,RESOLVED,MEDIUM
ISS-00438-22-01,PAI-00438,2025-10-31,FUNDING,Synthetic funding issue requiring monitoring review.,OPEN,HIGH
ISS-00438-23-01,PAI-00438,2025-11-30,SCOPE_OR_POLICY,Synthetic scope or policy issue requiring monitoring review.,RESOLVED,LOW
ISS-00438-24-01,PAI-00438,2025-12-31,ENGINEERING_OR_FEASIBILITY,Synthetic engineering or feasibility issue requiring monitoring review.,IN_PROGRESS,HIGH
ISS-00439-01-01,PAI-00439,2024-01-31,PROCUREMENT_OR_CONTRACT,Synthetic procurement or contract issue requiring monitoring review.,RESOLVED,LOW
ISS-00439-03-01,PAI-00439,2024-03-31,LAND_ACQUISITION,Synthetic land acquisition issue requiring monitoring review.,OPEN,HIGH
ISS-00439-07-01,PAI-00439,2024-07-31,ENGINEERING_OR_FEASIBILITY,Synthetic engineering or feasibility issue requiring monitoring review.,OPEN,HIGH
ISS-00439-09-01,PAI-00439,2024-09-30,LEGAL_OR_SOCIAL,Synthetic legal or social issue requiring monitoring review.,OPEN,MEDIUM
ISS-00439-09-02,PAI-00439,2024-09-30,BUDGET_OR_APPROVAL,Synthetic budget or approval issue requiring monitoring review.,RESOLVED,HIGH
ISS-00439-11-01,PAI-00439,2024-11-30,LEGAL_OR_SOCIAL,Synthetic legal or social issue requiring monitoring review.,OPEN,HIGH
ISS-00439-14-01,PAI-00439,2025-02-28,LEGAL_OR_SOCIAL,Synthetic legal or social issue requiring monitoring review.,OPEN,LOW
ISS-00439-18-01,PAI-00439,2025-06-30,SCOPE_OR_POLICY,Synthetic scope or policy issue requiring monitoring review.,RESOLVED,MEDIUM
ISS-00439-19-01,PAI-00439,2025-07-31,BUDGET_OR_APPROVAL,Synthetic budget or approval issue requiring monitoring review.,OPEN,HIGH
ISS-00439-19-02,PAI-00439,2025-07-31,SCOPE_OR_POLICY,Synthetic scope or policy issue requiring monitoring review.,OPEN,LOW
ISS-00439-20-01,PAI-00439,2025-08-31,SCOPE_OR_POLICY,Synthetic scope or policy issue requiring monitoring review.,OPEN,MEDIUM
ISS-00439-20-02,PAI-00439,2025-08-31,ENGINEERING_OR_FEASIBILITY,Synthetic engineering or feasibility issue requiring monitoring review.,OPEN,LOW
ISS-00439-20-03,PAI-00439,2025-08-31,CLEARANCE,Synthetic clearance issue requiring monitoring review.,OPEN,LOW
ISS-00439-21-01,PAI-00439,2025-09-30,BUDGET_OR_APPROVAL,Synthetic budget or approval issue requiring monitoring review.,IN_PROGRESS,HIGH
ISS-00439-22-01,PAI-00439,2025-10-31,ENGINEERING_OR_FEASIBILITY,Synthetic engineering or feasibility issue requiring monitoring review.,OPEN,MEDIUM
ISS-00439-22-02,PAI-00439,2025-10-31,SCOPE_OR_POLICY,Synthetic scope or policy issue requiring monitoring review.,OPEN,HIGH
ISS-00439-23-01,PAI-00439,2025-11-30,ENGINEERING_OR_FEASIBILITY,Synthetic engineering or feasibility issue requiring monitoring review.,OPEN,MEDIUM
ISS-00439-23-02,PAI-00439,2025-11-30,LEGAL_OR_SOCIAL,Synthetic legal or social issue requiring monitoring review.,IN_PROGRESS,MEDIUM
ISS-00439-23-03,PAI-00439,2025-11-30,SCOPE_OR_POLICY,Synthetic scope or policy issue requiring monitoring review.,IN_PROGRESS,LOW
ISS-00439-23-04,PAI-00439,2025-11-30,SCOPE_OR_POLICY,Synthetic scope or policy issue requiring monitoring review.,RESOLVED,LOW
ISS-00439-23-05,PAI-00439,2025-11-30,CLEARANCE,Synthetic clearance issue requiring monitoring review.,OPEN,LOW
ISS-00439-23-06,PAI-00439,2025-11-30,BUDGET_OR_APPROVAL,Synthetic budget or approval issue requiring monitoring review.,RESOLVED,HIGH
ISS-00439-24-01,PAI-00439,2025-12-31,BUDGET_OR_APPROVAL,Synthetic budget or approval issue requiring monitoring review.,RESOLVED,MEDIUM
ISS-00440-02-01,PAI-00440,2024-02-29,CLEARANCE,Synthetic clearance issue requiring monitoring review.,IN_PROGRESS,MEDIUM
ISS-00440-03-01,PAI-00440,2024-03-31,SCOPE_OR_POLICY,Synthetic scope or policy issue requiring monitoring review.,OPEN,MEDIUM
ISS-00440-04-01,PAI-00440,2024-04-30,FUNDING,Synthetic funding issue requiring monitoring review.,OPEN,LOW
ISS-00440-10-01,PAI-00440,2024-10-31,SCOPE_OR_POLICY,Synthetic scope or policy issue requiring monitoring review.,IN_PROGRESS,LOW
ISS-00440-11-01,PAI-00440,2024-11-30,SCOPE_OR_POLICY,Synthetic scope or policy issue requiring monitoring review.,OPEN,LOW
ISS-00440-12-01,PAI-00440,2024-12-31,FUNDING,Synthetic funding issue requiring monitoring review.,IN_PROGRESS,LOW
ISS-00440-12-02,PAI-00440,2024-12-31,BUDGET_OR_APPROVAL,Synthetic budget or approval issue requiring monitoring review.,RESOLVED,HIGH
ISS-00440-14-01,PAI-00440,2025-02-28,FUNDING,Synthetic funding issue requiring monitoring review.,OPEN,HIGH
ISS-00440-18-01,PAI-00440,2025-06-30,PROCUREMENT_OR_CONTRACT,Synthetic procurement or contract issue requiring monitoring review.,IN_PROGRESS,MEDIUM
ISS-00440-19-01,PAI-00440,2025-07-31,LAND_ACQUISITION,Synthetic land acquisition issue requiring monitoring review.,IN_PROGRESS,LOW
ISS-00440-19-02,PAI-00440,2025-07-31,BUDGET_OR_APPROVAL,Synthetic budget or approval issue requiring monitoring review.,IN_PROGRESS,MEDIUM
ISS-00440-21-01,PAI-00440,2025-09-30,BUDGET_OR_APPROVAL,Synthetic budget or approval issue requiring monitoring review.,RESOLVED,MEDIUM
ISS-00440-22-01,PAI-00440,2025-10-31,BUDGET_OR_APPROVAL,Synthetic budget or approval issue requiring monitoring review.,IN_PROGRESS,HIGH
ISS-00440-24-01,PAI-00440,2025-12-31,LAND_ACQUISITION,Synthetic land acquisition issue requiring monitoring review.,RESOLVED,MEDIUM
ISS-00441-07-01,PAI-00441,2024-07-31,PROCUREMENT_OR_CONTRACT,Synthetic procurement or contract issue requiring monitoring review.,IN_PROGRESS,LOW
ISS-00441-11-01,PAI-00441,2024-11-30,LAND_ACQUISITION,Synthetic land acquisition issue requiring monitoring review.,OPEN,MEDIUM
ISS-00441-12-01,PAI-00441,2024-12-31,ENGINEERING_OR_FEASIBILITY,Synthetic engineering or feasibility issue requiring monitoring review.,IN_PROGRESS,MEDIUM
ISS-00441-13-01,PAI-00441,2025-01-31,SCOPE_OR_POLICY,Synthetic scope or policy issue requiring monitoring review.,IN_PROGRESS,LOW
ISS-00441-18-01,PAI-00441,2025-06-30,PROCUREMENT_OR_CONTRACT,Synthetic procurement or contract issue requiring monitoring review.,IN_PROGRESS,LOW
ISS-00441-18-02,PAI-00441,2025-06-30,FUNDING,Synthetic funding issue requiring monitoring review.,OPEN,LOW
ISS-00441-21-01,PAI-00441,2025-09-30,BUDGET_OR_APPROVAL,Synthetic budget or approval issue requiring monitoring review.,RESOLVED,MEDIUM
ISS-00441-23-01,PAI-00441,2025-11-30,CLEARANCE,Synthetic clearance issue requiring monitoring review.,OPEN,MEDIUM
ISS-00441-24-01,PAI-00441,2025-12-31,SCOPE_OR_POLICY,Synthetic scope or policy issue requiring monitoring review.,OPEN,MEDIUM
ISS-00442-04-01,PAI-00442,2024-04-30,SCOPE_OR_POLICY,Synthetic scope or policy issue requiring monitoring review.,OPEN,MEDIUM
ISS-00442-06-01,PAI-00442,2024-06-30,ENGINEERING_OR_FEASIBILITY,Synthetic engineering or feasibility issue requiring monitoring review.,OPEN,MEDIUM
ISS-00442-15-01,PAI-00442,2025-03-31,SCOPE_OR_POLICY,Synthetic scope or policy issue requiring monitoring review.,IN_PROGRESS,MEDIUM
ISS-00442-20-01,PAI-00442,2025-08-31,FUNDING,Synthetic funding issue requiring monitoring review.,OPEN,HIGH
ISS-00442-23-01,PAI-00442,2025-11-30,BUDGET_OR_APPROVAL,Synthetic budget or approval issue requiring monitoring review.,RESOLVED,HIGH
ISS-00442-24-01,PAI-00442,2025-12-31,LAND_ACQUISITION,Synthetic land acquisition issue requiring monitoring review.,OPEN,MEDIUM
ISS-00443-06-01,PAI-00443,2024-06-30,PROCUREMENT_OR_CONTRACT,Synthetic procurement or contract issue requiring monitoring review.,IN_PROGRESS,HIGH
ISS-00443-07-01,PAI-00443,2024-07-31,CLEARANCE,Synthetic clearance issue requiring monitoring review.,OPEN,HIGH
ISS-00443-13-01,PAI-00443,2025-01-31,CLEARANCE,Synthetic clearance issue requiring monitoring review.,RESOLVED,LOW
ISS-00443-13-02,PAI-00443,2025-01-31,BUDGET_OR_APPROVAL,Synthetic budget or approval issue requiring monitoring review.,OPEN,MEDIUM
ISS-00443-19-01,PAI-00443,2025-07-31,CLEARANCE,Synthetic clearance issue requiring monitoring review.,IN_PROGRESS,HIGH
ISS-00443-20-01,PAI-00443,2025-08-31,CLEARANCE,Synthetic clearance issue requiring monitoring review.,OPEN,LOW
ISS-00444-09-01,PAI-00444,2024-09-30,PROCUREMENT_OR_CONTRACT,Synthetic procurement or contract issue requiring monitoring review.,OPEN,HIGH
ISS-00444-12-01,PAI-00444,2024-12-31,ENGINEERING_OR_FEASIBILITY,Synthetic engineering or feasibility issue requiring monitoring review.,OPEN,LOW
ISS-00444-19-01,PAI-00444,2025-07-31,ENGINEERING_OR_FEASIBILITY,Synthetic engineering or feasibility issue requiring monitoring review.,OPEN,HIGH
ISS-00444-20-01,PAI-00444,2025-08-31,BUDGET_OR_APPROVAL,Synthetic budget or approval issue requiring monitoring review.,RESOLVED,LOW
ISS-00444-22-01,PAI-00444,2025-10-31,LEGAL_OR_SOCIAL,Synthetic legal or social issue requiring monitoring review.,IN_PROGRESS,LOW
ISS-00444-23-01,PAI-00444,2025-11-30,BUDGET_OR_APPROVAL,Synthetic budget or approval issue requiring monitoring review.,IN_PROGRESS,LOW
ISS-00445-06-01,PAI-00445,2024-06-30,ENGINEERING_OR_FEASIBILITY,Synthetic engineering or feasibility issue requiring monitoring review.,OPEN,MEDIUM
ISS-00445-06-02,PAI-00445,2024-06-30,ENGINEERING_OR_FEASIBILITY,Synthetic engineering or feasibility issue requiring monitoring review.,OPEN,HIGH
ISS-00445-07-01,PAI-00445,2024-07-31,LAND_ACQUISITION,Synthetic land acquisition issue requiring monitoring review.,RESOLVED,MEDIUM
ISS-00445-08-01,PAI-00445,2024-08-31,CLEARANCE,Synthetic clearance issue requiring monitoring review.,OPEN,LOW
ISS-00445-09-01,PAI-00445,2024-09-30,FUNDING,Synthetic funding issue requiring monitoring review.,IN_PROGRESS,MEDIUM
ISS-00445-10-01,PAI-00445,2024-10-31,PROCUREMENT_OR_CONTRACT,Synthetic procurement or contract issue requiring monitoring review.,RESOLVED,LOW
ISS-00445-10-02,PAI-00445,2024-10-31,BUDGET_OR_APPROVAL,Synthetic budget or approval issue requiring monitoring review.,OPEN,MEDIUM
ISS-00445-10-03,PAI-00445,2024-10-31,PROCUREMENT_OR_CONTRACT,Synthetic procurement or contract issue requiring monitoring review.,OPEN,LOW
ISS-00445-13-01,PAI-00445,2025-01-31,SCOPE_OR_POLICY,Synthetic scope or policy issue requiring monitoring review.,IN_PROGRESS,MEDIUM
ISS-00445-14-01,PAI-00445,2025-02-28,PROCUREMENT_OR_CONTRACT,Synthetic procurement or contract issue requiring monitoring review.,IN_PROGRESS,MEDIUM
ISS-00445-15-01,PAI-00445,2025-03-31,CLEARANCE,Synthetic clearance issue requiring monitoring review.,IN_PROGRESS,MEDIUM
ISS-00445-16-01,PAI-00445,2025-04-30,FUNDING,Synthetic funding issue requiring monitoring review.,OPEN,LOW
ISS-00445-16-02,PAI-00445,2025-04-30,SCOPE_OR_POLICY,Synthetic scope or policy issue requiring monitoring review.,OPEN,LOW
ISS-00445-17-01,PAI-00445,2025-05-31,PROCUREMENT_OR_CONTRACT,Synthetic procurement or contract issue requiring monitoring review.,OPEN,LOW
ISS-00445-17-02,PAI-00445,2025-05-31,ENGINEERING_OR_FEASIBILITY,Synthetic engineering or feasibility issue requiring monitoring review.,OPEN,LOW
ISS-00445-17-03,PAI-00445,2025-05-31,FUNDING,Synthetic funding issue requiring monitoring review.,OPEN,MEDIUM
ISS-00445-19-01,PAI-00445,2025-07-31,LAND_ACQUISITION,Synthetic land acquisition issue requiring monitoring review.,IN_PROGRESS,HIGH
ISS-00445-20-01,PAI-00445,2025-08-31,BUDGET_OR_APPROVAL,Synthetic budget or approval issue requiring monitoring review.,OPEN,LOW
ISS-00445-20-02,PAI-00445,2025-08-31,LAND_ACQUISITION,Synthetic land acquisition issue requiring monitoring review.,IN_PROGRESS,MEDIUM
ISS-00445-21-01,PAI-00445,2025-09-30,SCOPE_OR_POLICY,Synthetic scope or policy issue requiring monitoring review.,OPEN,HIGH
ISS-00445-22-01,PAI-00445,2025-10-31,LAND_ACQUISITION,Synthetic land acquisition issue requiring monitoring review.,OPEN,LOW
ISS-00445-22-02,PAI-00445,2025-10-31,LEGAL_OR_SOCIAL,Synthetic legal or social issue requiring monitoring review.,OPEN,HIGH
ISS-00445-23-01,PAI-00445,2025-11-30,FUNDING,Synthetic funding issue requiring monitoring review.,OPEN,LOW
ISS-00445-24-01,PAI-00445,2025-12-31,PROCUREMENT_OR_CONTRACT,Synthetic procurement or contract issue requiring monitoring review.,RESOLVED,HIGH
ISS-00445-24-02,PAI-00445,2025-12-31,FUNDING,Synthetic funding issue requiring monitoring review.,OPEN,MEDIUM
ISS-00445-24-03,PAI-00445,2025-12-31,CLEARANCE,Synthetic clearance issue requiring monitoring review.,RESOLVED,HIGH
ISS-00446-05-01,PAI-00446,2024-05-31,FUNDING,Synthetic funding issue requiring monitoring review.,RESOLVED,LOW
ISS-00446-08-01,PAI-00446,2024-08-31,FUNDING,Synthetic funding issue requiring monitoring review.,RESOLVED,MEDIUM
ISS-00446-08-02,PAI-00446,2024-08-31,PROCUREMENT_OR_CONTRACT,Synthetic procurement or contract issue requiring monitoring review.,IN_PROGRESS,MEDIUM
ISS-00446-13-01,PAI-00446,2025-01-31,CLEARANCE,Synthetic clearance issue requiring monitoring review.,RESOLVED,MEDIUM
ISS-00446-14-01,PAI-00446,2025-02-28,SCOPE_OR_POLICY,Synthetic scope or policy issue requiring monitoring review.,OPEN,MEDIUM
ISS-00446-15-01,PAI-00446,2025-03-31,ENGINEERING_OR_FEASIBILITY,Synthetic engineering or feasibility issue requiring monitoring review.,RESOLVED,LOW
ISS-00446-16-01,PAI-00446,2025-04-30,LEGAL_OR_SOCIAL,Synthetic legal or social issue requiring monitoring review.,IN_PROGRESS,LOW
ISS-00446-20-01,PAI-00446,2025-08-31,LEGAL_OR_SOCIAL,Synthetic legal or social issue requiring monitoring review.,OPEN,LOW
ISS-00447-10-01,PAI-00447,2024-10-31,FUNDING,Synthetic funding issue requiring monitoring review.,IN_PROGRESS,LOW
ISS-00447-12-01,PAI-00447,2024-12-31,SCOPE_OR_POLICY,Synthetic scope or policy issue requiring monitoring review.,OPEN,HIGH
ISS-00447-12-02,PAI-00447,2024-12-31,CLEARANCE,Synthetic clearance issue requiring monitoring review.,OPEN,MEDIUM
ISS-00447-14-01,PAI-00447,2025-02-28,CLEARANCE,Synthetic clearance issue requiring monitoring review.,IN_PROGRESS,HIGH
ISS-00447-16-01,PAI-00447,2025-04-30,PROCUREMENT_OR_CONTRACT,Synthetic procurement or contract issue requiring monitoring review.,RESOLVED,LOW
ISS-00447-20-01,PAI-00447,2025-08-31,CLEARANCE,Synthetic clearance issue requiring monitoring review.,OPEN,HIGH
ISS-00447-21-01,PAI-00447,2025-09-30,BUDGET_OR_APPROVAL,Synthetic budget or approval issue requiring monitoring review.,OPEN,LOW
ISS-00448-03-01,PAI-00448,2024-03-31,LEGAL_OR_SOCIAL,Synthetic legal or social issue requiring monitoring review.,OPEN,MEDIUM
ISS-00448-05-01,PAI-00448,2024-05-31,CLEARANCE,Synthetic clearance issue requiring monitoring review.,OPEN,LOW
ISS-00448-07-01,PAI-00448,2024-07-31,SCOPE_OR_POLICY,Synthetic scope or policy issue requiring monitoring review.,OPEN,LOW
ISS-00448-10-01,PAI-00448,2024-10-31,PROCUREMENT_OR_CONTRACT,Synthetic procurement or contract issue requiring monitoring review.,IN_PROGRESS,MEDIUM
ISS-00448-11-01,PAI-00448,2024-11-30,CLEARANCE,Synthetic clearance issue requiring monitoring review.,OPEN,LOW
ISS-00448-11-02,PAI-00448,2024-11-30,FUNDING,Synthetic funding issue requiring monitoring review.,IN_PROGRESS,MEDIUM
ISS-00448-14-01,PAI-00448,2025-02-28,LAND_ACQUISITION,Synthetic land acquisition issue requiring monitoring review.,OPEN,MEDIUM
ISS-00448-14-02,PAI-00448,2025-02-28,ENGINEERING_OR_FEASIBILITY,Synthetic engineering or feasibility issue requiring monitoring review.,OPEN,LOW
ISS-00448-15-01,PAI-00448,2025-03-31,BUDGET_OR_APPROVAL,Synthetic budget or approval issue requiring monitoring review.,OPEN,MEDIUM
ISS-00448-16-01,PAI-00448,2025-04-30,LAND_ACQUISITION,Synthetic land acquisition issue requiring monitoring review.,OPEN,LOW
ISS-00448-17-01,PAI-00448,2025-05-31,PROCUREMENT_OR_CONTRACT,Synthetic procurement or contract issue requiring monitoring review.,OPEN,MEDIUM
ISS-00448-17-02,PAI-00448,2025-05-31,LEGAL_OR_SOCIAL,Synthetic legal or social issue requiring monitoring review.,OPEN,MEDIUM
ISS-00448-19-01,PAI-00448,2025-07-31,BUDGET_OR_APPROVAL,Synthetic budget or approval issue requiring monitoring review.,RESOLVED,LOW
ISS-00448-22-01,PAI-00448,2025-10-31,ENGINEERING_OR_FEASIBILITY,Synthetic engineering or feasibility issue requiring monitoring review.,RESOLVED,HIGH
ISS-00448-22-02,PAI-00448,2025-10-31,CLEARANCE,Synthetic clearance issue requiring monitoring review.,OPEN,MEDIUM
ISS-00448-23-01,PAI-00448,2025-11-30,FUNDING,Synthetic funding issue requiring monitoring review.,OPEN,HIGH
ISS-00448-23-02,PAI-00448,2025-11-30,BUDGET_OR_APPROVAL,Synthetic budget or approval issue requiring monitoring review.,OPEN,MEDIUM
ISS-00448-24-01,PAI-00448,2025-12-31,LAND_ACQUISITION,Synthetic land acquisition issue requiring monitoring review.,IN_PROGRESS,HIGH
ISS-00448-24-02,PAI-00448,2025-12-31,LEGAL_OR_SOCIAL,Synthetic legal or social issue requiring monitoring review.,IN_PROGRESS,MEDIUM
ISS-00449-01-01,PAI-00449,2024-01-31,CLEARANCE,Synthetic clearance issue requiring monitoring review.,OPEN,MEDIUM
ISS-00449-01-02,PAI-00449,2024-01-31,LAND_ACQUISITION,Synthetic land acquisition issue requiring monitoring review.,IN_PROGRESS,HIGH
ISS-00449-05-01,PAI-00449,2024-05-31,PROCUREMENT_OR_CONTRACT,Synthetic procurement or contract issue requiring monitoring review.,OPEN,MEDIUM
ISS-00449-07-01,PAI-00449,2024-07-31,BUDGET_OR_APPROVAL,Synthetic budget or approval issue requiring monitoring review.,IN_PROGRESS,LOW
ISS-00449-08-01,PAI-00449,2024-08-31,CLEARANCE,Synthetic clearance issue requiring monitoring review.,RESOLVED,LOW
ISS-00449-10-01,PAI-00449,2024-10-31,LAND_ACQUISITION,Synthetic land acquisition issue requiring monitoring review.,RESOLVED,MEDIUM
ISS-00449-11-01,PAI-00449,2024-11-30,BUDGET_OR_APPROVAL,Synthetic budget or approval issue requiring monitoring review.,RESOLVED,HIGH
ISS-00449-13-01,PAI-00449,2025-01-31,LEGAL_OR_SOCIAL,Synthetic legal or social issue requiring monitoring review.,RESOLVED,MEDIUM
ISS-00449-14-01,PAI-00449,2025-02-28,ENGINEERING_OR_FEASIBILITY,Synthetic engineering or feasibility issue requiring monitoring review.,RESOLVED,MEDIUM
ISS-00449-14-02,PAI-00449,2025-02-28,PROCUREMENT_OR_CONTRACT,Synthetic procurement or contract issue requiring monitoring review.,IN_PROGRESS,HIGH
ISS-00449-15-01,PAI-00449,2025-03-31,SCOPE_OR_POLICY,Synthetic scope or policy issue requiring monitoring review.,OPEN,MEDIUM
ISS-00449-16-01,PAI-00449,2025-04-30,BUDGET_OR_APPROVAL,Synthetic budget or approval issue requiring monitoring review.,OPEN,HIGH
ISS-00449-16-02,PAI-00449,2025-04-30,CLEARANCE,Synthetic clearance issue requiring monitoring review.,IN_PROGRESS,MEDIUM
ISS-00449-16-03,PAI-00449,2025-04-30,BUDGET_OR_APPROVAL,Synthetic budget or approval issue requiring monitoring review.,IN_PROGRESS,MEDIUM
ISS-00449-18-01,PAI-00449,2025-06-30,SCOPE_OR_POLICY,Synthetic scope or policy issue requiring monitoring review.,IN_PROGRESS,MEDIUM
ISS-00449-19-01,PAI-00449,2025-07-31,LEGAL_OR_SOCIAL,Synthetic legal or social issue requiring monitoring review.,IN_PROGRESS,HIGH
ISS-00449-20-01,PAI-00449,2025-08-31,FUNDING,Synthetic funding issue requiring monitoring review.,OPEN,MEDIUM
ISS-00449-20-02,PAI-00449,2025-08-31,PROCUREMENT_OR_CONTRACT,Synthetic procurement or contract issue requiring monitoring review.,OPEN,HIGH
ISS-00449-23-01,PAI-00449,2025-11-30,PROCUREMENT_OR_CONTRACT,Synthetic procurement or contract issue requiring monitoring review.,OPEN,HIGH
ISS-00449-24-01,PAI-00449,2025-12-31,CLEARANCE,Synthetic clearance issue requiring monitoring review.,OPEN,MEDIUM
ISS-00449-24-02,PAI-00449,2025-12-31,LAND_ACQUISITION,Synthetic land acquisition issue requiring monitoring review.,RESOLVED,MEDIUM
ISS-00449-24-03,PAI-00449,2025-12-31,LAND_ACQUISITION,Synthetic land acquisition issue requiring monitoring review.,OPEN,MEDIUM
ISS-00449-24-04,PAI-00449,2025-12-31,LAND_ACQUISITION,Synthetic land acquisition issue requiring monitoring review.,OPEN,MEDIUM
ISS-00450-01-01,PAI-00450,2024-01-31,BUDGET_OR_APPROVAL,Synthetic budget or approval issue requiring monitoring review.,OPEN,HIGH
ISS-00450-10-01,PAI-00450,2024-10-31,ENGINEERING_OR_FEASIBILITY,Synthetic engineering or feasibility issue requiring monitoring review.,IN_PROGRESS,HIGH
ISS-00450-10-02,PAI-00450,2024-10-31,ENGINEERING_OR_FEASIBILITY,Synthetic engineering or feasibility issue requiring monitoring review.,OPEN,LOW
ISS-00450-11-01,PAI-00450,2024-11-30,FUNDING,Synthetic funding issue requiring monitoring review.,RESOLVED,HIGH
ISS-00450-12-01,PAI-00450,2024-12-31,SCOPE_OR_POLICY,Synthetic scope or policy issue requiring monitoring review.,RESOLVED,LOW
ISS-00450-12-02,PAI-00450,2024-12-31,LEGAL_OR_SOCIAL,Synthetic legal or social issue requiring monitoring review.,OPEN,MEDIUM
ISS-00450-14-01,PAI-00450,2025-02-28,LAND_ACQUISITION,Synthetic land acquisition issue requiring monitoring review.,OPEN,MEDIUM
ISS-00450-16-01,PAI-00450,2025-04-30,ENGINEERING_OR_FEASIBILITY,Synthetic engineering or feasibility issue requiring monitoring review.,RESOLVED,MEDIUM
ISS-00451-02-01,PAI-00451,2024-02-29,BUDGET_OR_APPROVAL,Synthetic budget or approval issue requiring monitoring review.,OPEN,LOW
ISS-00451-03-01,PAI-00451,2024-03-31,ENGINEERING_OR_FEASIBILITY,Synthetic engineering or feasibility issue requiring monitoring review.,IN_PROGRESS,MEDIUM
ISS-00451-13-01,PAI-00451,2025-01-31,LEGAL_OR_SOCIAL,Synthetic legal or social issue requiring monitoring review.,OPEN,MEDIUM
ISS-00452-03-01,PAI-00452,2024-03-31,FUNDING,Synthetic funding issue requiring monitoring review.,OPEN,HIGH
ISS-00452-04-01,PAI-00452,2024-04-30,FUNDING,Synthetic funding issue requiring monitoring review.,IN_PROGRESS,HIGH
ISS-00452-06-01,PAI-00452,2024-06-30,BUDGET_OR_APPROVAL,Synthetic budget or approval issue requiring monitoring review.,IN_PROGRESS,HIGH
ISS-00452-07-01,PAI-00452,2024-07-31,SCOPE_OR_POLICY,Synthetic scope or policy issue requiring monitoring review.,OPEN,MEDIUM
ISS-00452-08-01,PAI-00452,2024-08-31,PROCUREMENT_OR_CONTRACT,Synthetic procurement or contract issue requiring monitoring review.,IN_PROGRESS,LOW
ISS-00452-09-01,PAI-00452,2024-09-30,CLEARANCE,Synthetic clearance issue requiring monitoring review.,IN_PROGRESS,MEDIUM
ISS-00452-12-01,PAI-00452,2024-12-31,LAND_ACQUISITION,Synthetic land acquisition issue requiring monitoring review.,RESOLVED,MEDIUM
ISS-00452-18-01,PAI-00452,2025-06-30,ENGINEERING_OR_FEASIBILITY,Synthetic engineering or feasibility issue requiring monitoring review.,RESOLVED,HIGH
ISS-00452-19-01,PAI-00452,2025-07-31,FUNDING,Synthetic funding issue requiring monitoring review.,RESOLVED,MEDIUM
ISS-00452-20-01,PAI-00452,2025-08-31,LAND_ACQUISITION,Synthetic land acquisition issue requiring monitoring review.,OPEN,MEDIUM
ISS-00452-22-01,PAI-00452,2025-10-31,BUDGET_OR_APPROVAL,Synthetic budget or approval issue requiring monitoring review.,OPEN,MEDIUM
ISS-00453-06-01,PAI-00453,2024-06-30,ENGINEERING_OR_FEASIBILITY,Synthetic engineering or feasibility issue requiring monitoring review.,OPEN,LOW
ISS-00453-17-01,PAI-00453,2025-05-31,BUDGET_OR_APPROVAL,Synthetic budget or approval issue requiring monitoring review.,RESOLVED,LOW
ISS-00453-23-01,PAI-00453,2025-11-30,ENGINEERING_OR_FEASIBILITY,Synthetic engineering or feasibility issue requiring monitoring review.,OPEN,LOW
ISS-00454-04-01,PAI-00454,2024-04-30,PROCUREMENT_OR_CONTRACT,Synthetic procurement or contract issue requiring monitoring review.,IN_PROGRESS,LOW
ISS-00454-05-01,PAI-00454,2024-05-31,LEGAL_OR_SOCIAL,Synthetic legal or social issue requiring monitoring review.,RESOLVED,MEDIUM
ISS-00454-16-01,PAI-00454,2025-04-30,CLEARANCE,Synthetic clearance issue requiring monitoring review.,RESOLVED,LOW
ISS-00454-16-02,PAI-00454,2025-04-30,PROCUREMENT_OR_CONTRACT,Synthetic procurement or contract issue requiring monitoring review.,IN_PROGRESS,LOW
ISS-00454-18-01,PAI-00454,2025-06-30,SCOPE_OR_POLICY,Synthetic scope or policy issue requiring monitoring review.,RESOLVED,LOW
ISS-00454-19-01,PAI-00454,2025-07-31,LAND_ACQUISITION,Synthetic land acquisition issue requiring monitoring review.,IN_PROGRESS,MEDIUM
ISS-00454-20-01,PAI-00454,2025-08-31,FUNDING,Synthetic funding issue requiring monitoring review.,OPEN,LOW
ISS-00454-23-01,PAI-00454,2025-11-30,SCOPE_OR_POLICY,Synthetic scope or policy issue requiring monitoring review.,OPEN,MEDIUM
ISS-00455-02-01,PAI-00455,2024-02-29,CLEARANCE,Synthetic clearance issue requiring monitoring review.,RESOLVED,LOW
ISS-00455-04-01,PAI-00455,2024-04-30,SCOPE_OR_POLICY,Synthetic scope or policy issue requiring monitoring review.,OPEN,LOW
ISS-00455-05-01,PAI-00455,2024-05-31,BUDGET_OR_APPROVAL,Synthetic budget or approval issue requiring monitoring review.,RESOLVED,MEDIUM
ISS-00455-08-01,PAI-00455,2024-08-31,LEGAL_OR_SOCIAL,Synthetic legal or social issue requiring monitoring review.,OPEN,LOW
ISS-00455-14-01,PAI-00455,2025-02-28,ENGINEERING_OR_FEASIBILITY,Synthetic engineering or feasibility issue requiring monitoring review.,RESOLVED,MEDIUM
ISS-00455-16-01,PAI-00455,2025-04-30,CLEARANCE,Synthetic clearance issue requiring monitoring review.,OPEN,MEDIUM
ISS-00455-18-01,PAI-00455,2025-06-30,LAND_ACQUISITION,Synthetic land acquisition issue requiring monitoring review.,RESOLVED,LOW
ISS-00455-23-01,PAI-00455,2025-11-30,BUDGET_OR_APPROVAL,Synthetic budget or approval issue requiring monitoring review.,OPEN,LOW
ISS-00456-04-01,PAI-00456,2024-04-30,FUNDING,Synthetic funding issue requiring monitoring review.,IN_PROGRESS,LOW
ISS-00456-06-01,PAI-00456,2024-06-30,SCOPE_OR_POLICY,Synthetic scope or policy issue requiring monitoring review.,OPEN,MEDIUM
ISS-00456-07-01,PAI-00456,2024-07-31,FUNDING,Synthetic funding issue requiring monitoring review.,IN_PROGRESS,LOW
ISS-00456-08-01,PAI-00456,2024-08-31,PROCUREMENT_OR_CONTRACT,Synthetic procurement or contract issue requiring monitoring review.,OPEN,MEDIUM
ISS-00456-08-02,PAI-00456,2024-08-31,CLEARANCE,Synthetic clearance issue requiring monitoring review.,RESOLVED,LOW
ISS-00456-12-01,PAI-00456,2024-12-31,ENGINEERING_OR_FEASIBILITY,Synthetic engineering or feasibility issue requiring monitoring review.,OPEN,MEDIUM
ISS-00456-12-02,PAI-00456,2024-12-31,SCOPE_OR_POLICY,Synthetic scope or policy issue requiring monitoring review.,OPEN,LOW
ISS-00456-12-03,PAI-00456,2024-12-31,ENGINEERING_OR_FEASIBILITY,Synthetic engineering or feasibility issue requiring monitoring review.,OPEN,MEDIUM
ISS-00456-13-01,PAI-00456,2025-01-31,LAND_ACQUISITION,Synthetic land acquisition issue requiring monitoring review.,OPEN,MEDIUM
ISS-00456-14-01,PAI-00456,2025-02-28,BUDGET_OR_APPROVAL,Synthetic budget or approval issue requiring monitoring review.,RESOLVED,MEDIUM
ISS-00456-15-01,PAI-00456,2025-03-31,PROCUREMENT_OR_CONTRACT,Synthetic procurement or contract issue requiring monitoring review.,OPEN,MEDIUM
ISS-00456-16-01,PAI-00456,2025-04-30,LAND_ACQUISITION,Synthetic land acquisition issue requiring monitoring review.,OPEN,HIGH
ISS-00456-17-01,PAI-00456,2025-05-31,PROCUREMENT_OR_CONTRACT,Synthetic procurement or contract issue requiring monitoring review.,RESOLVED,MEDIUM
ISS-00456-18-01,PAI-00456,2025-06-30,BUDGET_OR_APPROVAL,Synthetic budget or approval issue requiring monitoring review.,OPEN,LOW
ISS-00456-18-02,PAI-00456,2025-06-30,PROCUREMENT_OR_CONTRACT,Synthetic procurement or contract issue requiring monitoring review.,OPEN,MEDIUM
ISS-00456-18-03,PAI-00456,2025-06-30,ENGINEERING_OR_FEASIBILITY,Synthetic engineering or feasibility issue requiring monitoring review.,OPEN,HIGH
ISS-00456-19-01,PAI-00456,2025-07-31,LAND_ACQUISITION,Synthetic land acquisition issue requiring monitoring review.,OPEN,MEDIUM
ISS-00456-21-01,PAI-00456,2025-09-30,PROCUREMENT_OR_CONTRACT,Synthetic procurement or contract issue requiring monitoring review.,OPEN,LOW
ISS-00457-03-01,PAI-00457,2024-03-31,PROCUREMENT_OR_CONTRACT,Synthetic procurement or contract issue requiring monitoring review.,IN_PROGRESS,MEDIUM
ISS-00457-03-02,PAI-00457,2024-03-31,SCOPE_OR_POLICY,Synthetic scope or policy issue requiring monitoring review.,RESOLVED,HIGH
ISS-00457-04-01,PAI-00457,2024-04-30,CLEARANCE,Synthetic clearance issue requiring monitoring review.,IN_PROGRESS,HIGH
ISS-00457-06-01,PAI-00457,2024-06-30,FUNDING,Synthetic funding issue requiring monitoring review.,OPEN,HIGH
ISS-00457-14-01,PAI-00457,2025-02-28,LAND_ACQUISITION,Synthetic land acquisition issue requiring monitoring review.,RESOLVED,MEDIUM
ISS-00457-22-01,PAI-00457,2025-10-31,LAND_ACQUISITION,Synthetic land acquisition issue requiring monitoring review.,IN_PROGRESS,MEDIUM
ISS-00457-22-02,PAI-00457,2025-10-31,ENGINEERING_OR_FEASIBILITY,Synthetic engineering or feasibility issue requiring monitoring review.,OPEN,HIGH
ISS-00457-24-01,PAI-00457,2025-12-31,ENGINEERING_OR_FEASIBILITY,Synthetic engineering or feasibility issue requiring monitoring review.,OPEN,HIGH
ISS-00457-24-02,PAI-00457,2025-12-31,CLEARANCE,Synthetic clearance issue requiring monitoring review.,OPEN,MEDIUM
ISS-00458-05-01,PAI-00458,2024-05-31,SCOPE_OR_POLICY,Synthetic scope or policy issue requiring monitoring review.,OPEN,MEDIUM
ISS-00458-10-01,PAI-00458,2024-10-31,LEGAL_OR_SOCIAL,Synthetic legal or social issue requiring monitoring review.,OPEN,MEDIUM
ISS-00458-10-02,PAI-00458,2024-10-31,ENGINEERING_OR_FEASIBILITY,Synthetic engineering or feasibility issue requiring monitoring review.,RESOLVED,HIGH
ISS-00458-11-01,PAI-00458,2024-11-30,LEGAL_OR_SOCIAL,Synthetic legal or social issue requiring monitoring review.,IN_PROGRESS,MEDIUM
ISS-00458-12-01,PAI-00458,2024-12-31,PROCUREMENT_OR_CONTRACT,Synthetic procurement or contract issue requiring monitoring review.,IN_PROGRESS,HIGH
ISS-00458-16-01,PAI-00458,2025-04-30,CLEARANCE,Synthetic clearance issue requiring monitoring review.,RESOLVED,HIGH
ISS-00458-18-01,PAI-00458,2025-06-30,LAND_ACQUISITION,Synthetic land acquisition issue requiring monitoring review.,IN_PROGRESS,LOW
ISS-00458-21-01,PAI-00458,2025-09-30,SCOPE_OR_POLICY,Synthetic scope or policy issue requiring monitoring review.,OPEN,MEDIUM
ISS-00458-24-01,PAI-00458,2025-12-31,LEGAL_OR_SOCIAL,Synthetic legal or social issue requiring monitoring review.,OPEN,LOW
ISS-00458-24-02,PAI-00458,2025-12-31,PROCUREMENT_OR_CONTRACT,Synthetic procurement or contract issue requiring monitoring review.,IN_PROGRESS,MEDIUM
ISS-00459-02-01,PAI-00459,2024-02-29,FUNDING,Synthetic funding issue requiring monitoring review.,IN_PROGRESS,LOW
ISS-00459-04-01,PAI-00459,2024-04-30,ENGINEERING_OR_FEASIBILITY,Synthetic engineering or feasibility issue requiring monitoring review.,IN_PROGRESS,MEDIUM
ISS-00459-12-01,PAI-00459,2024-12-31,LAND_ACQUISITION,Synthetic land acquisition issue requiring monitoring review.,IN_PROGRESS,LOW
ISS-00459-18-01,PAI-00459,2025-06-30,LEGAL_OR_SOCIAL,Synthetic legal or social issue requiring monitoring review.,IN_PROGRESS,MEDIUM
ISS-00459-21-01,PAI-00459,2025-09-30,LEGAL_OR_SOCIAL,Synthetic legal or social issue requiring monitoring review.,OPEN,MEDIUM
ISS-00460-08-01,PAI-00460,2024-08-31,BUDGET_OR_APPROVAL,Synthetic budget or approval issue requiring monitoring review.,RESOLVED,LOW
ISS-00460-15-01,PAI-00460,2025-03-31,PROCUREMENT_OR_CONTRACT,Synthetic procurement or contract issue requiring monitoring review.,OPEN,MEDIUM
ISS-00460-21-01,PAI-00460,2025-09-30,LEGAL_OR_SOCIAL,Synthetic legal or social issue requiring monitoring review.,IN_PROGRESS,LOW
ISS-00460-23-01,PAI-00460,2025-11-30,LEGAL_OR_SOCIAL,Synthetic legal or social issue requiring monitoring review.,RESOLVED,MEDIUM
ISS-00460-23-02,PAI-00460,2025-11-30,FUNDING,Synthetic funding issue requiring monitoring review.,OPEN,MEDIUM
ISS-00461-03-01,PAI-00461,2024-03-31,PROCUREMENT_OR_CONTRACT,Synthetic procurement or contract issue requiring monitoring review.,OPEN,HIGH
ISS-00461-05-01,PAI-00461,2024-05-31,BUDGET_OR_APPROVAL,Synthetic budget or approval issue requiring monitoring review.,IN_PROGRESS,HIGH
ISS-00461-09-01,PAI-00461,2024-09-30,SCOPE_OR_POLICY,Synthetic scope or policy issue requiring monitoring review.,OPEN,LOW
ISS-00461-10-01,PAI-00461,2024-10-31,BUDGET_OR_APPROVAL,Synthetic budget or approval issue requiring monitoring review.,OPEN,LOW
ISS-00461-13-01,PAI-00461,2025-01-31,SCOPE_OR_POLICY,Synthetic scope or policy issue requiring monitoring review.,RESOLVED,LOW
ISS-00461-13-02,PAI-00461,2025-01-31,CLEARANCE,Synthetic clearance issue requiring monitoring review.,IN_PROGRESS,LOW
ISS-00461-14-01,PAI-00461,2025-02-28,PROCUREMENT_OR_CONTRACT,Synthetic procurement or contract issue requiring monitoring review.,IN_PROGRESS,LOW
ISS-00461-17-01,PAI-00461,2025-05-31,FUNDING,Synthetic funding issue requiring monitoring review.,OPEN,HIGH
ISS-00461-17-02,PAI-00461,2025-05-31,LAND_ACQUISITION,Synthetic land acquisition issue requiring monitoring review.,OPEN,HIGH
ISS-00461-17-03,PAI-00461,2025-05-31,FUNDING,Synthetic funding issue requiring monitoring review.,OPEN,LOW
ISS-00461-18-01,PAI-00461,2025-06-30,FUNDING,Synthetic funding issue requiring monitoring review.,RESOLVED,MEDIUM
ISS-00461-19-01,PAI-00461,2025-07-31,BUDGET_OR_APPROVAL,Synthetic budget or approval issue requiring monitoring review.,OPEN,LOW
ISS-00461-19-02,PAI-00461,2025-07-31,FUNDING,Synthetic funding issue requiring monitoring review.,IN_PROGRESS,MEDIUM
ISS-00461-20-01,PAI-00461,2025-08-31,BUDGET_OR_APPROVAL,Synthetic budget or approval issue requiring monitoring review.,IN_PROGRESS,MEDIUM
ISS-00461-22-01,PAI-00461,2025-10-31,LAND_ACQUISITION,Synthetic land acquisition issue requiring monitoring review.,RESOLVED,LOW
ISS-00461-24-01,PAI-00461,2025-12-31,PROCUREMENT_OR_CONTRACT,Synthetic procurement or contract issue requiring monitoring review.,RESOLVED,MEDIUM
ISS-00461-24-02,PAI-00461,2025-12-31,CLEARANCE,Synthetic clearance issue requiring monitoring review.,OPEN,HIGH
ISS-00462-04-01,PAI-00462,2024-04-30,CLEARANCE,Synthetic clearance issue requiring monitoring review.,OPEN,LOW
ISS-00462-21-01,PAI-00462,2025-09-30,BUDGET_OR_APPROVAL,Synthetic budget or approval issue requiring monitoring review.,OPEN,HIGH
ISS-00462-22-01,PAI-00462,2025-10-31,FUNDING,Synthetic funding issue requiring monitoring review.,IN_PROGRESS,MEDIUM
ISS-00463-08-01,PAI-00463,2024-08-31,LAND_ACQUISITION,Synthetic land acquisition issue requiring monitoring review.,OPEN,HIGH
ISS-00463-15-01,PAI-00463,2025-03-31,CLEARANCE,Synthetic clearance issue requiring monitoring review.,IN_PROGRESS,HIGH
ISS-00463-20-01,PAI-00463,2025-08-31,BUDGET_OR_APPROVAL,Synthetic budget or approval issue requiring monitoring review.,IN_PROGRESS,HIGH
ISS-00463-23-01,PAI-00463,2025-11-30,SCOPE_OR_POLICY,Synthetic scope or policy issue requiring monitoring review.,OPEN,LOW
ISS-00464-02-01,PAI-00464,2024-02-29,LAND_ACQUISITION,Synthetic land acquisition issue requiring monitoring review.,RESOLVED,MEDIUM
ISS-00464-04-01,PAI-00464,2024-04-30,CLEARANCE,Synthetic clearance issue requiring monitoring review.,RESOLVED,LOW
ISS-00464-04-02,PAI-00464,2024-04-30,CLEARANCE,Synthetic clearance issue requiring monitoring review.,IN_PROGRESS,MEDIUM
ISS-00464-05-01,PAI-00464,2024-05-31,LEGAL_OR_SOCIAL,Synthetic legal or social issue requiring monitoring review.,OPEN,MEDIUM
ISS-00464-06-01,PAI-00464,2024-06-30,CLEARANCE,Synthetic clearance issue requiring monitoring review.,IN_PROGRESS,HIGH
ISS-00464-07-01,PAI-00464,2024-07-31,PROCUREMENT_OR_CONTRACT,Synthetic procurement or contract issue requiring monitoring review.,RESOLVED,LOW
ISS-00464-08-01,PAI-00464,2024-08-31,BUDGET_OR_APPROVAL,Synthetic budget or approval issue requiring monitoring review.,RESOLVED,HIGH
ISS-00464-11-01,PAI-00464,2024-11-30,LEGAL_OR_SOCIAL,Synthetic legal or social issue requiring monitoring review.,OPEN,MEDIUM
ISS-00464-12-01,PAI-00464,2024-12-31,ENGINEERING_OR_FEASIBILITY,Synthetic engineering or feasibility issue requiring monitoring review.,RESOLVED,MEDIUM
ISS-00464-13-01,PAI-00464,2025-01-31,CLEARANCE,Synthetic clearance issue requiring monitoring review.,IN_PROGRESS,LOW
ISS-00464-13-02,PAI-00464,2025-01-31,SCOPE_OR_POLICY,Synthetic scope or policy issue requiring monitoring review.,OPEN,HIGH
ISS-00464-15-01,PAI-00464,2025-03-31,LAND_ACQUISITION,Synthetic land acquisition issue requiring monitoring review.,OPEN,MEDIUM
ISS-00464-16-01,PAI-00464,2025-04-30,SCOPE_OR_POLICY,Synthetic scope or policy issue requiring monitoring review.,OPEN,HIGH
ISS-00464-16-02,PAI-00464,2025-04-30,FUNDING,Synthetic funding issue requiring monitoring review.,IN_PROGRESS,LOW
ISS-00464-19-01,PAI-00464,2025-07-31,PROCUREMENT_OR_CONTRACT,Synthetic procurement or contract issue requiring monitoring review.,OPEN,HIGH
ISS-00464-20-01,PAI-00464,2025-08-31,SCOPE_OR_POLICY,Synthetic scope or policy issue requiring monitoring review.,IN_PROGRESS,MEDIUM
ISS-00464-20-02,PAI-00464,2025-08-31,BUDGET_OR_APPROVAL,Synthetic budget or approval issue requiring monitoring review.,OPEN,LOW
ISS-00464-21-01,PAI-00464,2025-09-30,LAND_ACQUISITION,Synthetic land acquisition issue requiring monitoring review.,OPEN,MEDIUM
ISS-00464-22-01,PAI-00464,2025-10-31,FUNDING,Synthetic funding issue requiring monitoring review.,OPEN,HIGH
ISS-00464-22-02,PAI-00464,2025-10-31,LEGAL_OR_SOCIAL,Synthetic legal or social issue requiring monitoring review.,IN_PROGRESS,MEDIUM
ISS-00464-22-03,PAI-00464,2025-10-31,LEGAL_OR_SOCIAL,Synthetic legal or social issue requiring monitoring review.,RESOLVED,MEDIUM
ISS-00464-22-04,PAI-00464,2025-10-31,LEGAL_OR_SOCIAL,Synthetic legal or social issue requiring monitoring review.,IN_PROGRESS,HIGH
ISS-00464-23-01,PAI-00464,2025-11-30,BUDGET_OR_APPROVAL,Synthetic budget or approval issue requiring monitoring review.,IN_PROGRESS,MEDIUM
ISS-00464-23-02,PAI-00464,2025-11-30,LEGAL_OR_SOCIAL,Synthetic legal or social issue requiring monitoring review.,OPEN,MEDIUM
ISS-00464-23-03,PAI-00464,2025-11-30,PROCUREMENT_OR_CONTRACT,Synthetic procurement or contract issue requiring monitoring review.,OPEN,HIGH
ISS-00464-23-04,PAI-00464,2025-11-30,ENGINEERING_OR_FEASIBILITY,Synthetic engineering or feasibility issue requiring monitoring review.,IN_PROGRESS,MEDIUM
ISS-00464-24-01,PAI-00464,2025-12-31,SCOPE_OR_POLICY,Synthetic scope or policy issue requiring monitoring review.,RESOLVED,HIGH
ISS-00465-05-01,PAI-00465,2024-05-31,BUDGET_OR_APPROVAL,Synthetic budget or approval issue requiring monitoring review.,OPEN,LOW
ISS-00465-06-01,PAI-00465,2024-06-30,BUDGET_OR_APPROVAL,Synthetic budget or approval issue requiring monitoring review.,OPEN,HIGH
ISS-00465-07-01,PAI-00465,2024-07-31,ENGINEERING_OR_FEASIBILITY,Synthetic engineering or feasibility issue requiring monitoring review.,OPEN,MEDIUM
ISS-00465-08-01,PAI-00465,2024-08-31,ENGINEERING_OR_FEASIBILITY,Synthetic engineering or feasibility issue requiring monitoring review.,OPEN,HIGH
ISS-00465-09-01,PAI-00465,2024-09-30,ENGINEERING_OR_FEASIBILITY,Synthetic engineering or feasibility issue requiring monitoring review.,RESOLVED,HIGH
ISS-00465-11-01,PAI-00465,2024-11-30,SCOPE_OR_POLICY,Synthetic scope or policy issue requiring monitoring review.,OPEN,MEDIUM
ISS-00465-12-01,PAI-00465,2024-12-31,SCOPE_OR_POLICY,Synthetic scope or policy issue requiring monitoring review.,IN_PROGRESS,HIGH
ISS-00465-14-01,PAI-00465,2025-02-28,LEGAL_OR_SOCIAL,Synthetic legal or social issue requiring monitoring review.,RESOLVED,HIGH
ISS-00465-16-01,PAI-00465,2025-04-30,BUDGET_OR_APPROVAL,Synthetic budget or approval issue requiring monitoring review.,IN_PROGRESS,MEDIUM
ISS-00465-16-02,PAI-00465,2025-04-30,CLEARANCE,Synthetic clearance issue requiring monitoring review.,IN_PROGRESS,HIGH
ISS-00465-16-03,PAI-00465,2025-04-30,BUDGET_OR_APPROVAL,Synthetic budget or approval issue requiring monitoring review.,OPEN,HIGH
ISS-00465-16-04,PAI-00465,2025-04-30,ENGINEERING_OR_FEASIBILITY,Synthetic engineering or feasibility issue requiring monitoring review.,OPEN,MEDIUM
ISS-00465-17-01,PAI-00465,2025-05-31,LAND_ACQUISITION,Synthetic land acquisition issue requiring monitoring review.,OPEN,MEDIUM
ISS-00465-17-02,PAI-00465,2025-05-31,PROCUREMENT_OR_CONTRACT,Synthetic procurement or contract issue requiring monitoring review.,IN_PROGRESS,LOW
ISS-00465-17-03,PAI-00465,2025-05-31,LEGAL_OR_SOCIAL,Synthetic legal or social issue requiring monitoring review.,IN_PROGRESS,LOW
ISS-00465-17-04,PAI-00465,2025-05-31,LEGAL_OR_SOCIAL,Synthetic legal or social issue requiring monitoring review.,RESOLVED,LOW
ISS-00465-18-01,PAI-00465,2025-06-30,FUNDING,Synthetic funding issue requiring monitoring review.,OPEN,LOW
ISS-00465-18-02,PAI-00465,2025-06-30,LAND_ACQUISITION,Synthetic land acquisition issue requiring monitoring review.,OPEN,MEDIUM
ISS-00465-19-01,PAI-00465,2025-07-31,CLEARANCE,Synthetic clearance issue requiring monitoring review.,IN_PROGRESS,HIGH
ISS-00465-19-02,PAI-00465,2025-07-31,CLEARANCE,Synthetic clearance issue requiring monitoring review.,IN_PROGRESS,HIGH
ISS-00465-19-03,PAI-00465,2025-07-31,CLEARANCE,Synthetic clearance issue requiring monitoring review.,IN_PROGRESS,MEDIUM
ISS-00465-21-01,PAI-00465,2025-09-30,LEGAL_OR_SOCIAL,Synthetic legal or social issue requiring monitoring review.,RESOLVED,LOW
ISS-00465-21-02,PAI-00465,2025-09-30,PROCUREMENT_OR_CONTRACT,Synthetic procurement or contract issue requiring monitoring review.,IN_PROGRESS,LOW
ISS-00465-22-01,PAI-00465,2025-10-31,LEGAL_OR_SOCIAL,Synthetic legal or social issue requiring monitoring review.,OPEN,MEDIUM
ISS-00465-22-02,PAI-00465,2025-10-31,PROCUREMENT_OR_CONTRACT,Synthetic procurement or contract issue requiring monitoring review.,RESOLVED,HIGH
ISS-00465-22-03,PAI-00465,2025-10-31,LEGAL_OR_SOCIAL,Synthetic legal or social issue requiring monitoring review.,OPEN,MEDIUM
ISS-00465-23-01,PAI-00465,2025-11-30,BUDGET_OR_APPROVAL,Synthetic budget or approval issue requiring monitoring review.,IN_PROGRESS,LOW
ISS-00465-23-02,PAI-00465,2025-11-30,LEGAL_OR_SOCIAL,Synthetic legal or social issue requiring monitoring review.,OPEN,LOW
ISS-00466-01-01,PAI-00466,2024-01-31,ENGINEERING_OR_FEASIBILITY,Synthetic engineering or feasibility issue requiring monitoring review.,IN_PROGRESS,MEDIUM
ISS-00466-03-01,PAI-00466,2024-03-31,SCOPE_OR_POLICY,Synthetic scope or policy issue requiring monitoring review.,IN_PROGRESS,LOW
ISS-00466-17-01,PAI-00466,2025-05-31,FUNDING,Synthetic funding issue requiring monitoring review.,OPEN,LOW
ISS-00466-17-02,PAI-00466,2025-05-31,LAND_ACQUISITION,Synthetic land acquisition issue requiring monitoring review.,OPEN,LOW
ISS-00466-20-01,PAI-00466,2025-08-31,LEGAL_OR_SOCIAL,Synthetic legal or social issue requiring monitoring review.,OPEN,HIGH
ISS-00466-22-01,PAI-00466,2025-10-31,SCOPE_OR_POLICY,Synthetic scope or policy issue requiring monitoring review.,IN_PROGRESS,LOW
ISS-00467-02-01,PAI-00467,2024-02-29,SCOPE_OR_POLICY,Synthetic scope or policy issue requiring monitoring review.,IN_PROGRESS,HIGH
ISS-00467-07-01,PAI-00467,2024-07-31,PROCUREMENT_OR_CONTRACT,Synthetic procurement or contract issue requiring monitoring review.,OPEN,MEDIUM
ISS-00467-12-01,PAI-00467,2024-12-31,ENGINEERING_OR_FEASIBILITY,Synthetic engineering or feasibility issue requiring monitoring review.,IN_PROGRESS,HIGH
ISS-00467-15-01,PAI-00467,2025-03-31,ENGINEERING_OR_FEASIBILITY,Synthetic engineering or feasibility issue requiring monitoring review.,OPEN,LOW
ISS-00467-17-01,PAI-00467,2025-05-31,LAND_ACQUISITION,Synthetic land acquisition issue requiring monitoring review.,IN_PROGRESS,MEDIUM
ISS-00467-20-01,PAI-00467,2025-08-31,LAND_ACQUISITION,Synthetic land acquisition issue requiring monitoring review.,OPEN,LOW
ISS-00467-22-01,PAI-00467,2025-10-31,ENGINEERING_OR_FEASIBILITY,Synthetic engineering or feasibility issue requiring monitoring review.,OPEN,LOW
ISS-00467-24-01,PAI-00467,2025-12-31,PROCUREMENT_OR_CONTRACT,Synthetic procurement or contract issue requiring monitoring review.,IN_PROGRESS,LOW
ISS-00467-24-02,PAI-00467,2025-12-31,LAND_ACQUISITION,Synthetic land acquisition issue requiring monitoring review.,OPEN,LOW
ISS-00468-02-01,PAI-00468,2024-02-29,LAND_ACQUISITION,Synthetic land acquisition issue requiring monitoring review.,OPEN,MEDIUM
ISS-00468-03-01,PAI-00468,2024-03-31,FUNDING,Synthetic funding issue requiring monitoring review.,OPEN,HIGH
ISS-00468-04-01,PAI-00468,2024-04-30,SCOPE_OR_POLICY,Synthetic scope or policy issue requiring monitoring review.,OPEN,HIGH
ISS-00468-05-01,PAI-00468,2024-05-31,ENGINEERING_OR_FEASIBILITY,Synthetic engineering or feasibility issue requiring monitoring review.,IN_PROGRESS,LOW
ISS-00468-10-01,PAI-00468,2024-10-31,FUNDING,Synthetic funding issue requiring monitoring review.,OPEN,LOW
ISS-00468-11-01,PAI-00468,2024-11-30,LEGAL_OR_SOCIAL,Synthetic legal or social issue requiring monitoring review.,IN_PROGRESS,LOW
ISS-00468-13-01,PAI-00468,2025-01-31,PROCUREMENT_OR_CONTRACT,Synthetic procurement or contract issue requiring monitoring review.,OPEN,MEDIUM
ISS-00468-20-01,PAI-00468,2025-08-31,FUNDING,Synthetic funding issue requiring monitoring review.,OPEN,HIGH
ISS-00468-21-01,PAI-00468,2025-09-30,LAND_ACQUISITION,Synthetic land acquisition issue requiring monitoring review.,OPEN,HIGH
ISS-00468-21-02,PAI-00468,2025-09-30,ENGINEERING_OR_FEASIBILITY,Synthetic engineering or feasibility issue requiring monitoring review.,IN_PROGRESS,HIGH
ISS-00468-21-03,PAI-00468,2025-09-30,SCOPE_OR_POLICY,Synthetic scope or policy issue requiring monitoring review.,OPEN,LOW
ISS-00468-22-01,PAI-00468,2025-10-31,PROCUREMENT_OR_CONTRACT,Synthetic procurement or contract issue requiring monitoring review.,RESOLVED,LOW
ISS-00469-02-01,PAI-00469,2024-02-29,ENGINEERING_OR_FEASIBILITY,Synthetic engineering or feasibility issue requiring monitoring review.,OPEN,LOW
ISS-00469-06-01,PAI-00469,2024-06-30,BUDGET_OR_APPROVAL,Synthetic budget or approval issue requiring monitoring review.,IN_PROGRESS,MEDIUM
ISS-00470-07-01,PAI-00470,2024-07-31,ENGINEERING_OR_FEASIBILITY,Synthetic engineering or feasibility issue requiring monitoring review.,IN_PROGRESS,MEDIUM
ISS-00470-08-01,PAI-00470,2024-08-31,LEGAL_OR_SOCIAL,Synthetic legal or social issue requiring monitoring review.,IN_PROGRESS,MEDIUM
ISS-00470-12-01,PAI-00470,2024-12-31,FUNDING,Synthetic funding issue requiring monitoring review.,IN_PROGRESS,MEDIUM
ISS-00470-13-01,PAI-00470,2025-01-31,LEGAL_OR_SOCIAL,Synthetic legal or social issue requiring monitoring review.,IN_PROGRESS,LOW
ISS-00470-13-02,PAI-00470,2025-01-31,LAND_ACQUISITION,Synthetic land acquisition issue requiring monitoring review.,RESOLVED,LOW
ISS-00470-18-01,PAI-00470,2025-06-30,ENGINEERING_OR_FEASIBILITY,Synthetic engineering or feasibility issue requiring monitoring review.,RESOLVED,MEDIUM
ISS-00470-20-01,PAI-00470,2025-08-31,BUDGET_OR_APPROVAL,Synthetic budget or approval issue requiring monitoring review.,IN_PROGRESS,LOW
ISS-00470-24-01,PAI-00470,2025-12-31,BUDGET_OR_APPROVAL,Synthetic budget or approval issue requiring monitoring review.,IN_PROGRESS,LOW
ISS-00470-24-02,PAI-00470,2025-12-31,CLEARANCE,Synthetic clearance issue requiring monitoring review.,RESOLVED,LOW
ISS-00471-04-01,PAI-00471,2024-04-30,PROCUREMENT_OR_CONTRACT,Synthetic procurement or contract issue requiring monitoring review.,RESOLVED,LOW
ISS-00471-08-01,PAI-00471,2024-08-31,LAND_ACQUISITION,Synthetic land acquisition issue requiring monitoring review.,OPEN,LOW
ISS-00471-10-01,PAI-00471,2024-10-31,PROCUREMENT_OR_CONTRACT,Synthetic procurement or contract issue requiring monitoring review.,OPEN,MEDIUM
ISS-00471-10-02,PAI-00471,2024-10-31,LAND_ACQUISITION,Synthetic land acquisition issue requiring monitoring review.,OPEN,MEDIUM
ISS-00471-17-01,PAI-00471,2025-05-31,FUNDING,Synthetic funding issue requiring monitoring review.,IN_PROGRESS,MEDIUM
ISS-00471-19-01,PAI-00471,2025-07-31,PROCUREMENT_OR_CONTRACT,Synthetic procurement or contract issue requiring monitoring review.,RESOLVED,HIGH
ISS-00472-06-01,PAI-00472,2024-06-30,LAND_ACQUISITION,Synthetic land acquisition issue requiring monitoring review.,OPEN,MEDIUM
ISS-00472-13-01,PAI-00472,2025-01-31,LAND_ACQUISITION,Synthetic land acquisition issue requiring monitoring review.,RESOLVED,HIGH
ISS-00472-20-01,PAI-00472,2025-08-31,FUNDING,Synthetic funding issue requiring monitoring review.,OPEN,MEDIUM
ISS-00472-21-01,PAI-00472,2025-09-30,LEGAL_OR_SOCIAL,Synthetic legal or social issue requiring monitoring review.,IN_PROGRESS,LOW
ISS-00473-18-01,PAI-00473,2025-06-30,SCOPE_OR_POLICY,Synthetic scope or policy issue requiring monitoring review.,RESOLVED,LOW
ISS-00473-19-01,PAI-00473,2025-07-31,CLEARANCE,Synthetic clearance issue requiring monitoring review.,IN_PROGRESS,MEDIUM
ISS-00473-23-01,PAI-00473,2025-11-30,SCOPE_OR_POLICY,Synthetic scope or policy issue requiring monitoring review.,OPEN,LOW
ISS-00474-05-01,PAI-00474,2024-05-31,CLEARANCE,Synthetic clearance issue requiring monitoring review.,IN_PROGRESS,MEDIUM
ISS-00474-05-02,PAI-00474,2024-05-31,BUDGET_OR_APPROVAL,Synthetic budget or approval issue requiring monitoring review.,OPEN,LOW
ISS-00474-14-01,PAI-00474,2025-02-28,BUDGET_OR_APPROVAL,Synthetic budget or approval issue requiring monitoring review.,OPEN,MEDIUM
ISS-00474-16-01,PAI-00474,2025-04-30,PROCUREMENT_OR_CONTRACT,Synthetic procurement or contract issue requiring monitoring review.,IN_PROGRESS,MEDIUM
ISS-00474-18-01,PAI-00474,2025-06-30,BUDGET_OR_APPROVAL,Synthetic budget or approval issue requiring monitoring review.,IN_PROGRESS,LOW
ISS-00474-22-01,PAI-00474,2025-10-31,PROCUREMENT_OR_CONTRACT,Synthetic procurement or contract issue requiring monitoring review.,OPEN,HIGH
ISS-00475-05-01,PAI-00475,2024-05-31,PROCUREMENT_OR_CONTRACT,Synthetic procurement or contract issue requiring monitoring review.,OPEN,LOW
ISS-00475-07-01,PAI-00475,2024-07-31,SCOPE_OR_POLICY,Synthetic scope or policy issue requiring monitoring review.,IN_PROGRESS,HIGH
ISS-00475-14-01,PAI-00475,2025-02-28,ENGINEERING_OR_FEASIBILITY,Synthetic engineering or feasibility issue requiring monitoring review.,RESOLVED,LOW
ISS-00475-17-01,PAI-00475,2025-05-31,CLEARANCE,Synthetic clearance issue requiring monitoring review.,OPEN,MEDIUM
ISS-00475-20-01,PAI-00475,2025-08-31,SCOPE_OR_POLICY,Synthetic scope or policy issue requiring monitoring review.,IN_PROGRESS,MEDIUM
ISS-00475-22-01,PAI-00475,2025-10-31,LAND_ACQUISITION,Synthetic land acquisition issue requiring monitoring review.,OPEN,LOW
ISS-00476-09-01,PAI-00476,2024-09-30,SCOPE_OR_POLICY,Synthetic scope or policy issue requiring monitoring review.,RESOLVED,HIGH
ISS-00476-10-01,PAI-00476,2024-10-31,PROCUREMENT_OR_CONTRACT,Synthetic procurement or contract issue requiring monitoring review.,OPEN,MEDIUM
ISS-00476-12-01,PAI-00476,2024-12-31,ENGINEERING_OR_FEASIBILITY,Synthetic engineering or feasibility issue requiring monitoring review.,OPEN,LOW
ISS-00476-15-01,PAI-00476,2025-03-31,PROCUREMENT_OR_CONTRACT,Synthetic procurement or contract issue requiring monitoring review.,OPEN,HIGH
ISS-00477-14-01,PAI-00477,2025-02-28,BUDGET_OR_APPROVAL,Synthetic budget or approval issue requiring monitoring review.,OPEN,LOW
ISS-00477-15-01,PAI-00477,2025-03-31,CLEARANCE,Synthetic clearance issue requiring monitoring review.,OPEN,LOW
ISS-00477-16-01,PAI-00477,2025-04-30,CLEARANCE,Synthetic clearance issue requiring monitoring review.,RESOLVED,LOW
ISS-00477-20-01,PAI-00477,2025-08-31,LAND_ACQUISITION,Synthetic land acquisition issue requiring monitoring review.,OPEN,HIGH
ISS-00477-22-01,PAI-00477,2025-10-31,LAND_ACQUISITION,Synthetic land acquisition issue requiring monitoring review.,OPEN,LOW
ISS-00477-22-02,PAI-00477,2025-10-31,FUNDING,Synthetic funding issue requiring monitoring review.,RESOLVED,MEDIUM
ISS-00478-01-01,PAI-00478,2024-01-31,FUNDING,Synthetic funding issue requiring monitoring review.,IN_PROGRESS,MEDIUM
ISS-00478-03-01,PAI-00478,2024-03-31,CLEARANCE,Synthetic clearance issue requiring monitoring review.,IN_PROGRESS,LOW
ISS-00478-07-01,PAI-00478,2024-07-31,FUNDING,Synthetic funding issue requiring monitoring review.,IN_PROGRESS,MEDIUM
ISS-00478-12-01,PAI-00478,2024-12-31,LEGAL_OR_SOCIAL,Synthetic legal or social issue requiring monitoring review.,IN_PROGRESS,MEDIUM
ISS-00478-12-02,PAI-00478,2024-12-31,LEGAL_OR_SOCIAL,Synthetic legal or social issue requiring monitoring review.,OPEN,MEDIUM
ISS-00478-20-01,PAI-00478,2025-08-31,LAND_ACQUISITION,Synthetic land acquisition issue requiring monitoring review.,OPEN,LOW
ISS-00478-20-02,PAI-00478,2025-08-31,FUNDING,Synthetic funding issue requiring monitoring review.,IN_PROGRESS,HIGH
ISS-00479-07-01,PAI-00479,2024-07-31,LAND_ACQUISITION,Synthetic land acquisition issue requiring monitoring review.,OPEN,HIGH
ISS-00479-11-01,PAI-00479,2024-11-30,FUNDING,Synthetic funding issue requiring monitoring review.,IN_PROGRESS,MEDIUM
ISS-00479-18-01,PAI-00479,2025-06-30,BUDGET_OR_APPROVAL,Synthetic budget or approval issue requiring monitoring review.,RESOLVED,MEDIUM
ISS-00479-19-01,PAI-00479,2025-07-31,CLEARANCE,Synthetic clearance issue requiring monitoring review.,OPEN,MEDIUM
ISS-00479-20-01,PAI-00479,2025-08-31,LEGAL_OR_SOCIAL,Synthetic legal or social issue requiring monitoring review.,IN_PROGRESS,HIGH
ISS-00480-03-01,PAI-00480,2024-03-31,SCOPE_OR_POLICY,Synthetic scope or policy issue requiring monitoring review.,OPEN,LOW
ISS-00480-04-01,PAI-00480,2024-04-30,BUDGET_OR_APPROVAL,Synthetic budget or approval issue requiring monitoring review.,OPEN,MEDIUM
ISS-00480-10-01,PAI-00480,2024-10-31,SCOPE_OR_POLICY,Synthetic scope or policy issue requiring monitoring review.,OPEN,HIGH
ISS-00480-10-02,PAI-00480,2024-10-31,PROCUREMENT_OR_CONTRACT,Synthetic procurement or contract issue requiring monitoring review.,OPEN,HIGH
ISS-00480-16-01,PAI-00480,2025-04-30,ENGINEERING_OR_FEASIBILITY,Synthetic engineering or feasibility issue requiring monitoring review.,OPEN,MEDIUM
ISS-00480-17-01,PAI-00480,2025-05-31,FUNDING,Synthetic funding issue requiring monitoring review.,OPEN,LOW
ISS-00480-18-01,PAI-00480,2025-06-30,BUDGET_OR_APPROVAL,Synthetic budget or approval issue requiring monitoring review.,OPEN,LOW
ISS-00480-19-01,PAI-00480,2025-07-31,LAND_ACQUISITION,Synthetic land acquisition issue requiring monitoring review.,IN_PROGRESS,MEDIUM
ISS-00480-19-02,PAI-00480,2025-07-31,LAND_ACQUISITION,Synthetic land acquisition issue requiring monitoring review.,OPEN,HIGH
ISS-00480-20-01,PAI-00480,2025-08-31,PROCUREMENT_OR_CONTRACT,Synthetic procurement or contract issue requiring monitoring review.,RESOLVED,MEDIUM
ISS-00480-20-02,PAI-00480,2025-08-31,BUDGET_OR_APPROVAL,Synthetic budget or approval issue requiring monitoring review.,OPEN,MEDIUM
ISS-00480-21-01,PAI-00480,2025-09-30,LEGAL_OR_SOCIAL,Synthetic legal or social issue requiring monitoring review.,RESOLVED,MEDIUM
ISS-00480-22-01,PAI-00480,2025-10-31,ENGINEERING_OR_FEASIBILITY,Synthetic engineering or feasibility issue requiring monitoring review.,RESOLVED,MEDIUM
ISS-00480-22-02,PAI-00480,2025-10-31,CLEARANCE,Synthetic clearance issue requiring monitoring review.,RESOLVED,MEDIUM
ISS-00480-23-01,PAI-00480,2025-11-30,ENGINEERING_OR_FEASIBILITY,Synthetic engineering or feasibility issue requiring monitoring review.,IN_PROGRESS,HIGH
ISS-00480-23-02,PAI-00480,2025-11-30,ENGINEERING_OR_FEASIBILITY,Synthetic engineering or feasibility issue requiring monitoring review.,OPEN,HIGH
ISS-00481-02-01,PAI-00481,2024-02-29,BUDGET_OR_APPROVAL,Synthetic budget or approval issue requiring monitoring review.,OPEN,MEDIUM
ISS-00481-11-01,PAI-00481,2024-11-30,LEGAL_OR_SOCIAL,Synthetic legal or social issue requiring monitoring review.,RESOLVED,LOW
ISS-00481-12-01,PAI-00481,2024-12-31,ENGINEERING_OR_FEASIBILITY,Synthetic engineering or feasibility issue requiring monitoring review.,RESOLVED,LOW
ISS-00481-14-01,PAI-00481,2025-02-28,BUDGET_OR_APPROVAL,Synthetic budget or approval issue requiring monitoring review.,RESOLVED,MEDIUM
ISS-00482-05-01,PAI-00482,2024-05-31,LAND_ACQUISITION,Synthetic land acquisition issue requiring monitoring review.,IN_PROGRESS,HIGH
ISS-00482-05-02,PAI-00482,2024-05-31,ENGINEERING_OR_FEASIBILITY,Synthetic engineering or feasibility issue requiring monitoring review.,OPEN,LOW
ISS-00482-07-01,PAI-00482,2024-07-31,ENGINEERING_OR_FEASIBILITY,Synthetic engineering or feasibility issue requiring monitoring review.,RESOLVED,HIGH
ISS-00482-07-02,PAI-00482,2024-07-31,SCOPE_OR_POLICY,Synthetic scope or policy issue requiring monitoring review.,OPEN,HIGH
ISS-00482-08-01,PAI-00482,2024-08-31,LEGAL_OR_SOCIAL,Synthetic legal or social issue requiring monitoring review.,OPEN,LOW
ISS-00482-08-02,PAI-00482,2024-08-31,ENGINEERING_OR_FEASIBILITY,Synthetic engineering or feasibility issue requiring monitoring review.,RESOLVED,HIGH
ISS-00482-08-03,PAI-00482,2024-08-31,ENGINEERING_OR_FEASIBILITY,Synthetic engineering or feasibility issue requiring monitoring review.,IN_PROGRESS,MEDIUM
ISS-00482-12-01,PAI-00482,2024-12-31,BUDGET_OR_APPROVAL,Synthetic budget or approval issue requiring monitoring review.,IN_PROGRESS,HIGH
ISS-00482-14-01,PAI-00482,2025-02-28,FUNDING,Synthetic funding issue requiring monitoring review.,OPEN,HIGH
ISS-00482-14-02,PAI-00482,2025-02-28,LAND_ACQUISITION,Synthetic land acquisition issue requiring monitoring review.,IN_PROGRESS,HIGH
ISS-00482-16-01,PAI-00482,2025-04-30,CLEARANCE,Synthetic clearance issue requiring monitoring review.,IN_PROGRESS,HIGH
ISS-00482-16-02,PAI-00482,2025-04-30,LEGAL_OR_SOCIAL,Synthetic legal or social issue requiring monitoring review.,IN_PROGRESS,HIGH
ISS-00482-17-01,PAI-00482,2025-05-31,CLEARANCE,Synthetic clearance issue requiring monitoring review.,RESOLVED,MEDIUM
ISS-00482-21-01,PAI-00482,2025-09-30,ENGINEERING_OR_FEASIBILITY,Synthetic engineering or feasibility issue requiring monitoring review.,OPEN,MEDIUM
ISS-00482-21-02,PAI-00482,2025-09-30,ENGINEERING_OR_FEASIBILITY,Synthetic engineering or feasibility issue requiring monitoring review.,OPEN,HIGH
ISS-00482-22-01,PAI-00482,2025-10-31,CLEARANCE,Synthetic clearance issue requiring monitoring review.,OPEN,HIGH
ISS-00482-22-02,PAI-00482,2025-10-31,ENGINEERING_OR_FEASIBILITY,Synthetic engineering or feasibility issue requiring monitoring review.,IN_PROGRESS,MEDIUM
ISS-00482-22-03,PAI-00482,2025-10-31,PROCUREMENT_OR_CONTRACT,Synthetic procurement or contract issue requiring monitoring review.,RESOLVED,HIGH
ISS-00482-23-01,PAI-00482,2025-11-30,CLEARANCE,Synthetic clearance issue requiring monitoring review.,IN_PROGRESS,LOW
ISS-00482-23-02,PAI-00482,2025-11-30,SCOPE_OR_POLICY,Synthetic scope or policy issue requiring monitoring review.,OPEN,HIGH
ISS-00482-23-03,PAI-00482,2025-11-30,BUDGET_OR_APPROVAL,Synthetic budget or approval issue requiring monitoring review.,OPEN,MEDIUM
ISS-00483-09-01,PAI-00483,2024-09-30,PROCUREMENT_OR_CONTRACT,Synthetic procurement or contract issue requiring monitoring review.,OPEN,MEDIUM
ISS-00483-10-01,PAI-00483,2024-10-31,LAND_ACQUISITION,Synthetic land acquisition issue requiring monitoring review.,IN_PROGRESS,MEDIUM
ISS-00483-15-01,PAI-00483,2025-03-31,PROCUREMENT_OR_CONTRACT,Synthetic procurement or contract issue requiring monitoring review.,IN_PROGRESS,MEDIUM
ISS-00483-19-01,PAI-00483,2025-07-31,SCOPE_OR_POLICY,Synthetic scope or policy issue requiring monitoring review.,IN_PROGRESS,LOW
ISS-00483-19-02,PAI-00483,2025-07-31,PROCUREMENT_OR_CONTRACT,Synthetic procurement or contract issue requiring monitoring review.,IN_PROGRESS,LOW
ISS-00484-06-01,PAI-00484,2024-06-30,FUNDING,Synthetic funding issue requiring monitoring review.,RESOLVED,HIGH
ISS-00485-01-01,PAI-00485,2024-01-31,CLEARANCE,Synthetic clearance issue requiring monitoring review.,IN_PROGRESS,LOW
ISS-00485-02-01,PAI-00485,2024-02-29,FUNDING,Synthetic funding issue requiring monitoring review.,OPEN,LOW
ISS-00485-03-01,PAI-00485,2024-03-31,LEGAL_OR_SOCIAL,Synthetic legal or social issue requiring monitoring review.,IN_PROGRESS,LOW
ISS-00485-04-01,PAI-00485,2024-04-30,PROCUREMENT_OR_CONTRACT,Synthetic procurement or contract issue requiring monitoring review.,RESOLVED,LOW
ISS-00485-07-01,PAI-00485,2024-07-31,CLEARANCE,Synthetic clearance issue requiring monitoring review.,OPEN,HIGH
ISS-00485-08-01,PAI-00485,2024-08-31,BUDGET_OR_APPROVAL,Synthetic budget or approval issue requiring monitoring review.,RESOLVED,HIGH
ISS-00485-08-02,PAI-00485,2024-08-31,SCOPE_OR_POLICY,Synthetic scope or policy issue requiring monitoring review.,OPEN,MEDIUM
ISS-00485-09-01,PAI-00485,2024-09-30,LEGAL_OR_SOCIAL,Synthetic legal or social issue requiring monitoring review.,RESOLVED,MEDIUM
ISS-00485-10-01,PAI-00485,2024-10-31,ENGINEERING_OR_FEASIBILITY,Synthetic engineering or feasibility issue requiring monitoring review.,OPEN,MEDIUM
ISS-00485-10-02,PAI-00485,2024-10-31,ENGINEERING_OR_FEASIBILITY,Synthetic engineering or feasibility issue requiring monitoring review.,IN_PROGRESS,MEDIUM
ISS-00485-11-01,PAI-00485,2024-11-30,LEGAL_OR_SOCIAL,Synthetic legal or social issue requiring monitoring review.,OPEN,MEDIUM
ISS-00485-14-01,PAI-00485,2025-02-28,BUDGET_OR_APPROVAL,Synthetic budget or approval issue requiring monitoring review.,OPEN,MEDIUM
ISS-00485-15-01,PAI-00485,2025-03-31,BUDGET_OR_APPROVAL,Synthetic budget or approval issue requiring monitoring review.,IN_PROGRESS,HIGH
ISS-00485-16-01,PAI-00485,2025-04-30,BUDGET_OR_APPROVAL,Synthetic budget or approval issue requiring monitoring review.,OPEN,MEDIUM
ISS-00485-16-02,PAI-00485,2025-04-30,SCOPE_OR_POLICY,Synthetic scope or policy issue requiring monitoring review.,IN_PROGRESS,MEDIUM
ISS-00485-16-03,PAI-00485,2025-04-30,LEGAL_OR_SOCIAL,Synthetic legal or social issue requiring monitoring review.,OPEN,HIGH
ISS-00485-16-04,PAI-00485,2025-04-30,SCOPE_OR_POLICY,Synthetic scope or policy issue requiring monitoring review.,OPEN,LOW
ISS-00485-17-01,PAI-00485,2025-05-31,LAND_ACQUISITION,Synthetic land acquisition issue requiring monitoring review.,OPEN,HIGH
ISS-00485-18-01,PAI-00485,2025-06-30,CLEARANCE,Synthetic clearance issue requiring monitoring review.,RESOLVED,MEDIUM
ISS-00485-19-01,PAI-00485,2025-07-31,BUDGET_OR_APPROVAL,Synthetic budget or approval issue requiring monitoring review.,RESOLVED,HIGH
ISS-00485-19-02,PAI-00485,2025-07-31,PROCUREMENT_OR_CONTRACT,Synthetic procurement or contract issue requiring monitoring review.,OPEN,LOW
ISS-00485-22-01,PAI-00485,2025-10-31,PROCUREMENT_OR_CONTRACT,Synthetic procurement or contract issue requiring monitoring review.,RESOLVED,LOW
ISS-00485-23-01,PAI-00485,2025-11-30,SCOPE_OR_POLICY,Synthetic scope or policy issue requiring monitoring review.,OPEN,HIGH
ISS-00485-24-01,PAI-00485,2025-12-31,CLEARANCE,Synthetic clearance issue requiring monitoring review.,IN_PROGRESS,HIGH
ISS-00485-24-02,PAI-00485,2025-12-31,ENGINEERING_OR_FEASIBILITY,Synthetic engineering or feasibility issue requiring monitoring review.,OPEN,MEDIUM
ISS-00486-01-01,PAI-00486,2024-01-31,LEGAL_OR_SOCIAL,Synthetic legal or social issue requiring monitoring review.,RESOLVED,HIGH
ISS-00486-03-01,PAI-00486,2024-03-31,LEGAL_OR_SOCIAL,Synthetic legal or social issue requiring monitoring review.,IN_PROGRESS,MEDIUM
ISS-00486-04-01,PAI-00486,2024-04-30,PROCUREMENT_OR_CONTRACT,Synthetic procurement or contract issue requiring monitoring review.,OPEN,HIGH
ISS-00486-05-01,PAI-00486,2024-05-31,LEGAL_OR_SOCIAL,Synthetic legal or social issue requiring monitoring review.,OPEN,MEDIUM
ISS-00486-10-01,PAI-00486,2024-10-31,ENGINEERING_OR_FEASIBILITY,Synthetic engineering or feasibility issue requiring monitoring review.,RESOLVED,HIGH
ISS-00486-11-01,PAI-00486,2024-11-30,LAND_ACQUISITION,Synthetic land acquisition issue requiring monitoring review.,IN_PROGRESS,HIGH
ISS-00486-12-01,PAI-00486,2024-12-31,ENGINEERING_OR_FEASIBILITY,Synthetic engineering or feasibility issue requiring monitoring review.,OPEN,HIGH
ISS-00486-13-01,PAI-00486,2025-01-31,ENGINEERING_OR_FEASIBILITY,Synthetic engineering or feasibility issue requiring monitoring review.,OPEN,MEDIUM
ISS-00486-14-01,PAI-00486,2025-02-28,BUDGET_OR_APPROVAL,Synthetic budget or approval issue requiring monitoring review.,OPEN,LOW
ISS-00486-15-01,PAI-00486,2025-03-31,BUDGET_OR_APPROVAL,Synthetic budget or approval issue requiring monitoring review.,OPEN,MEDIUM
ISS-00486-15-02,PAI-00486,2025-03-31,LAND_ACQUISITION,Synthetic land acquisition issue requiring monitoring review.,RESOLVED,LOW
ISS-00486-17-01,PAI-00486,2025-05-31,FUNDING,Synthetic funding issue requiring monitoring review.,OPEN,MEDIUM
ISS-00486-17-02,PAI-00486,2025-05-31,PROCUREMENT_OR_CONTRACT,Synthetic procurement or contract issue requiring monitoring review.,OPEN,MEDIUM
ISS-00486-17-03,PAI-00486,2025-05-31,LAND_ACQUISITION,Synthetic land acquisition issue requiring monitoring review.,OPEN,MEDIUM
ISS-00486-18-01,PAI-00486,2025-06-30,LEGAL_OR_SOCIAL,Synthetic legal or social issue requiring monitoring review.,OPEN,MEDIUM
ISS-00486-21-01,PAI-00486,2025-09-30,CLEARANCE,Synthetic clearance issue requiring monitoring review.,OPEN,MEDIUM
ISS-00486-21-02,PAI-00486,2025-09-30,SCOPE_OR_POLICY,Synthetic scope or policy issue requiring monitoring review.,OPEN,MEDIUM
ISS-00486-22-01,PAI-00486,2025-10-31,CLEARANCE,Synthetic clearance issue requiring monitoring review.,OPEN,MEDIUM
ISS-00486-24-01,PAI-00486,2025-12-31,PROCUREMENT_OR_CONTRACT,Synthetic procurement or contract issue requiring monitoring review.,RESOLVED,HIGH
ISS-00486-24-02,PAI-00486,2025-12-31,ENGINEERING_OR_FEASIBILITY,Synthetic engineering or feasibility issue requiring monitoring review.,OPEN,MEDIUM
ISS-00487-04-01,PAI-00487,2024-04-30,FUNDING,Synthetic funding issue requiring monitoring review.,OPEN,LOW
ISS-00487-06-01,PAI-00487,2024-06-30,CLEARANCE,Synthetic clearance issue requiring monitoring review.,IN_PROGRESS,MEDIUM
ISS-00487-09-01,PAI-00487,2024-09-30,LEGAL_OR_SOCIAL,Synthetic legal or social issue requiring monitoring review.,RESOLVED,MEDIUM
ISS-00487-09-02,PAI-00487,2024-09-30,LAND_ACQUISITION,Synthetic land acquisition issue requiring monitoring review.,OPEN,MEDIUM
ISS-00487-12-01,PAI-00487,2024-12-31,PROCUREMENT_OR_CONTRACT,Synthetic procurement or contract issue requiring monitoring review.,IN_PROGRESS,MEDIUM
ISS-00487-14-01,PAI-00487,2025-02-28,LEGAL_OR_SOCIAL,Synthetic legal or social issue requiring monitoring review.,IN_PROGRESS,MEDIUM
ISS-00487-16-01,PAI-00487,2025-04-30,CLEARANCE,Synthetic clearance issue requiring monitoring review.,OPEN,HIGH
ISS-00487-18-01,PAI-00487,2025-06-30,PROCUREMENT_OR_CONTRACT,Synthetic procurement or contract issue requiring monitoring review.,OPEN,HIGH
ISS-00487-19-01,PAI-00487,2025-07-31,CLEARANCE,Synthetic clearance issue requiring monitoring review.,OPEN,MEDIUM
ISS-00487-22-01,PAI-00487,2025-10-31,LAND_ACQUISITION,Synthetic land acquisition issue requiring monitoring review.,IN_PROGRESS,HIGH
ISS-00487-22-02,PAI-00487,2025-10-31,PROCUREMENT_OR_CONTRACT,Synthetic procurement or contract issue requiring monitoring review.,OPEN,LOW
ISS-00487-23-01,PAI-00487,2025-11-30,SCOPE_OR_POLICY,Synthetic scope or policy issue requiring monitoring review.,OPEN,HIGH
ISS-00488-09-01,PAI-00488,2024-09-30,LAND_ACQUISITION,Synthetic land acquisition issue requiring monitoring review.,RESOLVED,HIGH
ISS-00488-13-01,PAI-00488,2025-01-31,LEGAL_OR_SOCIAL,Synthetic legal or social issue requiring monitoring review.,IN_PROGRESS,MEDIUM
ISS-00488-17-01,PAI-00488,2025-05-31,LEGAL_OR_SOCIAL,Synthetic legal or social issue requiring monitoring review.,OPEN,MEDIUM
ISS-00488-20-01,PAI-00488,2025-08-31,FUNDING,Synthetic funding issue requiring monitoring review.,RESOLVED,HIGH
ISS-00488-20-02,PAI-00488,2025-08-31,SCOPE_OR_POLICY,Synthetic scope or policy issue requiring monitoring review.,RESOLVED,MEDIUM
ISS-00488-23-01,PAI-00488,2025-11-30,FUNDING,Synthetic funding issue requiring monitoring review.,OPEN,LOW
ISS-00489-03-01,PAI-00489,2024-03-31,PROCUREMENT_OR_CONTRACT,Synthetic procurement or contract issue requiring monitoring review.,OPEN,LOW
ISS-00489-09-01,PAI-00489,2024-09-30,ENGINEERING_OR_FEASIBILITY,Synthetic engineering or feasibility issue requiring monitoring review.,OPEN,LOW
ISS-00489-12-01,PAI-00489,2024-12-31,FUNDING,Synthetic funding issue requiring monitoring review.,OPEN,HIGH
ISS-00489-18-01,PAI-00489,2025-06-30,PROCUREMENT_OR_CONTRACT,Synthetic procurement or contract issue requiring monitoring review.,OPEN,HIGH
ISS-00489-23-01,PAI-00489,2025-11-30,FUNDING,Synthetic funding issue requiring monitoring review.,OPEN,LOW
ISS-00489-23-02,PAI-00489,2025-11-30,SCOPE_OR_POLICY,Synthetic scope or policy issue requiring monitoring review.,IN_PROGRESS,MEDIUM
ISS-00489-24-01,PAI-00489,2025-12-31,FUNDING,Synthetic funding issue requiring monitoring review.,RESOLVED,MEDIUM
ISS-00490-08-01,PAI-00490,2024-08-31,LEGAL_OR_SOCIAL,Synthetic legal or social issue requiring monitoring review.,IN_PROGRESS,LOW
ISS-00490-09-01,PAI-00490,2024-09-30,BUDGET_OR_APPROVAL,Synthetic budget or approval issue requiring monitoring review.,OPEN,LOW
ISS-00490-14-01,PAI-00490,2025-02-28,SCOPE_OR_POLICY,Synthetic scope or policy issue requiring monitoring review.,RESOLVED,LOW
ISS-00490-16-01,PAI-00490,2025-04-30,ENGINEERING_OR_FEASIBILITY,Synthetic engineering or feasibility issue requiring monitoring review.,IN_PROGRESS,MEDIUM
ISS-00490-19-01,PAI-00490,2025-07-31,CLEARANCE,Synthetic clearance issue requiring monitoring review.,RESOLVED,LOW
ISS-00490-20-01,PAI-00490,2025-08-31,FUNDING,Synthetic funding issue requiring monitoring review.,OPEN,LOW
ISS-00491-09-01,PAI-00491,2024-09-30,LAND_ACQUISITION,Synthetic land acquisition issue requiring monitoring review.,OPEN,MEDIUM
ISS-00491-16-01,PAI-00491,2025-04-30,SCOPE_OR_POLICY,Synthetic scope or policy issue requiring monitoring review.,RESOLVED,HIGH
ISS-00491-24-01,PAI-00491,2025-12-31,BUDGET_OR_APPROVAL,Synthetic budget or approval issue requiring monitoring review.,RESOLVED,LOW
ISS-00492-06-01,PAI-00492,2024-06-30,CLEARANCE,Synthetic clearance issue requiring monitoring review.,OPEN,LOW
ISS-00492-07-01,PAI-00492,2024-07-31,FUNDING,Synthetic funding issue requiring monitoring review.,RESOLVED,LOW
ISS-00492-18-01,PAI-00492,2025-06-30,CLEARANCE,Synthetic clearance issue requiring monitoring review.,IN_PROGRESS,MEDIUM
ISS-00492-19-01,PAI-00492,2025-07-31,CLEARANCE,Synthetic clearance issue requiring monitoring review.,OPEN,HIGH
ISS-00492-20-01,PAI-00492,2025-08-31,FUNDING,Synthetic funding issue requiring monitoring review.,OPEN,MEDIUM
ISS-00492-22-01,PAI-00492,2025-10-31,CLEARANCE,Synthetic clearance issue requiring monitoring review.,IN_PROGRESS,MEDIUM
ISS-00492-23-01,PAI-00492,2025-11-30,BUDGET_OR_APPROVAL,Synthetic budget or approval issue requiring monitoring review.,OPEN,LOW
ISS-00493-10-01,PAI-00493,2024-10-31,ENGINEERING_OR_FEASIBILITY,Synthetic engineering or feasibility issue requiring monitoring review.,RESOLVED,LOW
ISS-00493-15-01,PAI-00493,2025-03-31,PROCUREMENT_OR_CONTRACT,Synthetic procurement or contract issue requiring monitoring review.,OPEN,MEDIUM
ISS-00493-19-01,PAI-00493,2025-07-31,LAND_ACQUISITION,Synthetic land acquisition issue requiring monitoring review.,OPEN,LOW
ISS-00493-19-02,PAI-00493,2025-07-31,LAND_ACQUISITION,Synthetic land acquisition issue requiring monitoring review.,OPEN,LOW
ISS-00493-19-03,PAI-00493,2025-07-31,SCOPE_OR_POLICY,Synthetic scope or policy issue requiring monitoring review.,RESOLVED,MEDIUM
ISS-00493-19-04,PAI-00493,2025-07-31,PROCUREMENT_OR_CONTRACT,Synthetic procurement or contract issue requiring monitoring review.,RESOLVED,MEDIUM
ISS-00493-24-01,PAI-00493,2025-12-31,ENGINEERING_OR_FEASIBILITY,Synthetic engineering or feasibility issue requiring monitoring review.,IN_PROGRESS,MEDIUM
ISS-00494-13-01,PAI-00494,2025-01-31,BUDGET_OR_APPROVAL,Synthetic budget or approval issue requiring monitoring review.,IN_PROGRESS,HIGH
ISS-00494-14-01,PAI-00494,2025-02-28,CLEARANCE,Synthetic clearance issue requiring monitoring review.,OPEN,MEDIUM
ISS-00494-21-01,PAI-00494,2025-09-30,LAND_ACQUISITION,Synthetic land acquisition issue requiring monitoring review.,IN_PROGRESS,LOW
ISS-00494-23-01,PAI-00494,2025-11-30,CLEARANCE,Synthetic clearance issue requiring monitoring review.,OPEN,MEDIUM
ISS-00494-24-01,PAI-00494,2025-12-31,FUNDING,Synthetic funding issue requiring monitoring review.,IN_PROGRESS,MEDIUM
ISS-00495-03-01,PAI-00495,2024-03-31,LEGAL_OR_SOCIAL,Synthetic legal or social issue requiring monitoring review.,OPEN,MEDIUM
ISS-00495-09-01,PAI-00495,2024-09-30,FUNDING,Synthetic funding issue requiring monitoring review.,OPEN,LOW
ISS-00495-10-01,PAI-00495,2024-10-31,BUDGET_OR_APPROVAL,Synthetic budget or approval issue requiring monitoring review.,OPEN,LOW
ISS-00495-11-01,PAI-00495,2024-11-30,LAND_ACQUISITION,Synthetic land acquisition issue requiring monitoring review.,OPEN,MEDIUM
ISS-00495-15-01,PAI-00495,2025-03-31,PROCUREMENT_OR_CONTRACT,Synthetic procurement or contract issue requiring monitoring review.,OPEN,LOW
ISS-00495-23-01,PAI-00495,2025-11-30,LEGAL_OR_SOCIAL,Synthetic legal or social issue requiring monitoring review.,OPEN,LOW
ISS-00496-06-01,PAI-00496,2024-06-30,CLEARANCE,Synthetic clearance issue requiring monitoring review.,RESOLVED,LOW
ISS-00496-07-01,PAI-00496,2024-07-31,LAND_ACQUISITION,Synthetic land acquisition issue requiring monitoring review.,RESOLVED,MEDIUM
ISS-00496-12-01,PAI-00496,2024-12-31,ENGINEERING_OR_FEASIBILITY,Synthetic engineering or feasibility issue requiring monitoring review.,IN_PROGRESS,HIGH
ISS-00496-14-01,PAI-00496,2025-02-28,FUNDING,Synthetic funding issue requiring monitoring review.,OPEN,LOW
ISS-00496-15-01,PAI-00496,2025-03-31,CLEARANCE,Synthetic clearance issue requiring monitoring review.,RESOLVED,HIGH
ISS-00496-18-01,PAI-00496,2025-06-30,PROCUREMENT_OR_CONTRACT,Synthetic procurement or contract issue requiring monitoring review.,OPEN,LOW
ISS-00496-21-01,PAI-00496,2025-09-30,LEGAL_OR_SOCIAL,Synthetic legal or social issue requiring monitoring review.,RESOLVED,LOW
ISS-00496-21-02,PAI-00496,2025-09-30,CLEARANCE,Synthetic clearance issue requiring monitoring review.,OPEN,HIGH
ISS-00496-23-01,PAI-00496,2025-11-30,SCOPE_OR_POLICY,Synthetic scope or policy issue requiring monitoring review.,OPEN,HIGH
ISS-00497-03-01,PAI-00497,2024-03-31,CLEARANCE,Synthetic clearance issue requiring monitoring review.,OPEN,HIGH
ISS-00497-08-01,PAI-00497,2024-08-31,LEGAL_OR_SOCIAL,Synthetic legal or social issue requiring monitoring review.,OPEN,LOW
ISS-00497-11-01,PAI-00497,2024-11-30,SCOPE_OR_POLICY,Synthetic scope or policy issue requiring monitoring review.,OPEN,LOW
ISS-00497-13-01,PAI-00497,2025-01-31,BUDGET_OR_APPROVAL,Synthetic budget or approval issue requiring monitoring review.,IN_PROGRESS,MEDIUM
ISS-00497-13-02,PAI-00497,2025-01-31,SCOPE_OR_POLICY,Synthetic scope or policy issue requiring monitoring review.,OPEN,LOW
ISS-00497-14-01,PAI-00497,2025-02-28,FUNDING,Synthetic funding issue requiring monitoring review.,OPEN,MEDIUM
ISS-00497-20-01,PAI-00497,2025-08-31,CLEARANCE,Synthetic clearance issue requiring monitoring review.,OPEN,MEDIUM
ISS-00497-23-01,PAI-00497,2025-11-30,PROCUREMENT_OR_CONTRACT,Synthetic procurement or contract issue requiring monitoring review.,OPEN,MEDIUM
ISS-00498-09-01,PAI-00498,2024-09-30,CLEARANCE,Synthetic clearance issue requiring monitoring review.,IN_PROGRESS,LOW
ISS-00498-14-01,PAI-00498,2025-02-28,LEGAL_OR_SOCIAL,Synthetic legal or social issue requiring monitoring review.,OPEN,LOW
ISS-00498-18-01,PAI-00498,2025-06-30,FUNDING,Synthetic funding issue requiring monitoring review.,RESOLVED,HIGH
ISS-00499-06-01,PAI-00499,2024-06-30,LEGAL_OR_SOCIAL,Synthetic legal or social issue requiring monitoring review.,IN_PROGRESS,MEDIUM
ISS-00499-08-01,PAI-00499,2024-08-31,SCOPE_OR_POLICY,Synthetic scope or policy issue requiring monitoring review.,RESOLVED,HIGH
ISS-00499-14-01,PAI-00499,2025-02-28,CLEARANCE,Synthetic clearance issue requiring monitoring review.,OPEN,MEDIUM
ISS-00499-18-01,PAI-00499,2025-06-30,LEGAL_OR_SOCIAL,Synthetic legal or social issue requiring monitoring review.,OPEN,MEDIUM
ISS-00499-20-01,PAI-00499,2025-08-31,LEGAL_OR_SOCIAL,Synthetic legal or social issue requiring monitoring review.,OPEN,MEDIUM
ISS-00499-22-01,PAI-00499,2025-10-31,CLEARANCE,Synthetic clearance issue requiring monitoring review.,IN_PROGRESS,HIGH
ISS-00500-18-01,PAI-00500,2025-06-30,LEGAL_OR_SOCIAL,Synthetic legal or social issue requiring monitoring review.,IN_PROGRESS,HIGH
ISS-00500-19-01,PAI-00500,2025-07-31,FUNDING,Synthetic funding issue requiring monitoring review.,IN_PROGRESS,MEDIUM
ISS-00500-20-01,PAI-00500,2025-08-31,PROCUREMENT_OR_CONTRACT,Synthetic procurement or contract issue requiring monitoring review.,IN_PROGRESS,LOW
ISS-00501-01-01,PAI-00501,2024-01-31,PROCUREMENT_OR_CONTRACT,Synthetic procurement or contract issue requiring monitoring review.,RESOLVED,MEDIUM
ISS-00501-01-02,PAI-00501,2024-01-31,CLEARANCE,Synthetic clearance issue requiring monitoring review.,IN_PROGRESS,HIGH
ISS-00501-05-01,PAI-00501,2024-05-31,LAND_ACQUISITION,Synthetic land acquisition issue requiring monitoring review.,OPEN,MEDIUM
ISS-00501-15-01,PAI-00501,2025-03-31,SCOPE_OR_POLICY,Synthetic scope or policy issue requiring monitoring review.,IN_PROGRESS,HIGH
ISS-00501-16-01,PAI-00501,2025-04-30,BUDGET_OR_APPROVAL,Synthetic budget or approval issue requiring monitoring review.,OPEN,LOW
ISS-00501-16-02,PAI-00501,2025-04-30,CLEARANCE,Synthetic clearance issue requiring monitoring review.,OPEN,MEDIUM
ISS-00501-18-01,PAI-00501,2025-06-30,CLEARANCE,Synthetic clearance issue requiring monitoring review.,OPEN,HIGH
ISS-00501-19-01,PAI-00501,2025-07-31,SCOPE_OR_POLICY,Synthetic scope or policy issue requiring monitoring review.,IN_PROGRESS,MEDIUM
ISS-00501-19-02,PAI-00501,2025-07-31,PROCUREMENT_OR_CONTRACT,Synthetic procurement or contract issue requiring monitoring review.,IN_PROGRESS,MEDIUM
ISS-00501-19-03,PAI-00501,2025-07-31,SCOPE_OR_POLICY,Synthetic scope or policy issue requiring monitoring review.,OPEN,MEDIUM
ISS-00501-20-01,PAI-00501,2025-08-31,PROCUREMENT_OR_CONTRACT,Synthetic procurement or contract issue requiring monitoring review.,RESOLVED,MEDIUM
ISS-00501-21-01,PAI-00501,2025-09-30,FUNDING,Synthetic funding issue requiring monitoring review.,OPEN,LOW
ISS-00501-23-01,PAI-00501,2025-11-30,ENGINEERING_OR_FEASIBILITY,Synthetic engineering or feasibility issue requiring monitoring review.,IN_PROGRESS,LOW
ISS-00501-24-01,PAI-00501,2025-12-31,PROCUREMENT_OR_CONTRACT,Synthetic procurement or contract issue requiring monitoring review.,OPEN,LOW
ISS-00501-24-02,PAI-00501,2025-12-31,BUDGET_OR_APPROVAL,Synthetic budget or approval issue requiring monitoring review.,OPEN,LOW
ISS-00502-07-01,PAI-00502,2024-07-31,LAND_ACQUISITION,Synthetic land acquisition issue requiring monitoring review.,IN_PROGRESS,LOW
ISS-00502-19-01,PAI-00502,2025-07-31,FUNDING,Synthetic funding issue requiring monitoring review.,OPEN,MEDIUM
ISS-00502-20-01,PAI-00502,2025-08-31,FUNDING,Synthetic funding issue requiring monitoring review.,OPEN,LOW
ISS-00502-22-01,PAI-00502,2025-10-31,ENGINEERING_OR_FEASIBILITY,Synthetic engineering or feasibility issue requiring monitoring review.,RESOLVED,MEDIUM
ISS-00502-23-01,PAI-00502,2025-11-30,BUDGET_OR_APPROVAL,Synthetic budget or approval issue requiring monitoring review.,IN_PROGRESS,MEDIUM
ISS-00503-01-01,PAI-00503,2024-01-31,SCOPE_OR_POLICY,Synthetic scope or policy issue requiring monitoring review.,OPEN,HIGH
ISS-00503-02-01,PAI-00503,2024-02-29,SCOPE_OR_POLICY,Synthetic scope or policy issue requiring monitoring review.,RESOLVED,HIGH
ISS-00503-04-01,PAI-00503,2024-04-30,LAND_ACQUISITION,Synthetic land acquisition issue requiring monitoring review.,OPEN,LOW
ISS-00503-06-01,PAI-00503,2024-06-30,PROCUREMENT_OR_CONTRACT,Synthetic procurement or contract issue requiring monitoring review.,RESOLVED,MEDIUM
ISS-00503-06-02,PAI-00503,2024-06-30,LAND_ACQUISITION,Synthetic land acquisition issue requiring monitoring review.,RESOLVED,LOW
ISS-00503-07-01,PAI-00503,2024-07-31,LEGAL_OR_SOCIAL,Synthetic legal or social issue requiring monitoring review.,RESOLVED,HIGH
ISS-00503-11-01,PAI-00503,2024-11-30,FUNDING,Synthetic funding issue requiring monitoring review.,OPEN,MEDIUM
ISS-00503-11-02,PAI-00503,2024-11-30,SCOPE_OR_POLICY,Synthetic scope or policy issue requiring monitoring review.,RESOLVED,LOW
ISS-00503-12-01,PAI-00503,2024-12-31,LAND_ACQUISITION,Synthetic land acquisition issue requiring monitoring review.,RESOLVED,MEDIUM
ISS-00503-13-01,PAI-00503,2025-01-31,PROCUREMENT_OR_CONTRACT,Synthetic procurement or contract issue requiring monitoring review.,IN_PROGRESS,MEDIUM
ISS-00503-13-02,PAI-00503,2025-01-31,BUDGET_OR_APPROVAL,Synthetic budget or approval issue requiring monitoring review.,RESOLVED,HIGH
ISS-00503-14-01,PAI-00503,2025-02-28,SCOPE_OR_POLICY,Synthetic scope or policy issue requiring monitoring review.,IN_PROGRESS,MEDIUM
ISS-00503-15-01,PAI-00503,2025-03-31,BUDGET_OR_APPROVAL,Synthetic budget or approval issue requiring monitoring review.,OPEN,MEDIUM
ISS-00503-16-01,PAI-00503,2025-04-30,SCOPE_OR_POLICY,Synthetic scope or policy issue requiring monitoring review.,IN_PROGRESS,LOW
ISS-00503-16-02,PAI-00503,2025-04-30,PROCUREMENT_OR_CONTRACT,Synthetic procurement or contract issue requiring monitoring review.,OPEN,HIGH
ISS-00503-18-01,PAI-00503,2025-06-30,SCOPE_OR_POLICY,Synthetic scope or policy issue requiring monitoring review.,OPEN,HIGH
ISS-00503-18-02,PAI-00503,2025-06-30,CLEARANCE,Synthetic clearance issue requiring monitoring review.,IN_PROGRESS,MEDIUM
ISS-00503-20-01,PAI-00503,2025-08-31,SCOPE_OR_POLICY,Synthetic scope or policy issue requiring monitoring review.,RESOLVED,MEDIUM
ISS-00503-20-02,PAI-00503,2025-08-31,LAND_ACQUISITION,Synthetic land acquisition issue requiring monitoring review.,OPEN,MEDIUM
ISS-00503-20-03,PAI-00503,2025-08-31,BUDGET_OR_APPROVAL,Synthetic budget or approval issue requiring monitoring review.,RESOLVED,MEDIUM
ISS-00503-20-04,PAI-00503,2025-08-31,LAND_ACQUISITION,Synthetic land acquisition issue requiring monitoring review.,IN_PROGRESS,LOW
ISS-00503-21-01,PAI-00503,2025-09-30,PROCUREMENT_OR_CONTRACT,Synthetic procurement or contract issue requiring monitoring review.,OPEN,LOW
ISS-00503-22-01,PAI-00503,2025-10-31,LAND_ACQUISITION,Synthetic land acquisition issue requiring monitoring review.,OPEN,MEDIUM
ISS-00503-22-02,PAI-00503,2025-10-31,FUNDING,Synthetic funding issue requiring monitoring review.,IN_PROGRESS,LOW
ISS-00503-23-01,PAI-00503,2025-11-30,BUDGET_OR_APPROVAL,Synthetic budget or approval issue requiring monitoring review.,IN_PROGRESS,HIGH
ISS-00504-02-01,PAI-00504,2024-02-29,SCOPE_OR_POLICY,Synthetic scope or policy issue requiring monitoring review.,IN_PROGRESS,HIGH
ISS-00504-03-01,PAI-00504,2024-03-31,LAND_ACQUISITION,Synthetic land acquisition issue requiring monitoring review.,OPEN,HIGH
ISS-00504-03-02,PAI-00504,2024-03-31,LEGAL_OR_SOCIAL,Synthetic legal or social issue requiring monitoring review.,OPEN,MEDIUM
ISS-00504-04-01,PAI-00504,2024-04-30,LAND_ACQUISITION,Synthetic land acquisition issue requiring monitoring review.,OPEN,HIGH
ISS-00504-04-02,PAI-00504,2024-04-30,LEGAL_OR_SOCIAL,Synthetic legal or social issue requiring monitoring review.,OPEN,HIGH
ISS-00504-06-01,PAI-00504,2024-06-30,CLEARANCE,Synthetic clearance issue requiring monitoring review.,RESOLVED,MEDIUM
ISS-00504-07-01,PAI-00504,2024-07-31,LEGAL_OR_SOCIAL,Synthetic legal or social issue requiring monitoring review.,IN_PROGRESS,MEDIUM
ISS-00504-08-01,PAI-00504,2024-08-31,LAND_ACQUISITION,Synthetic land acquisition issue requiring monitoring review.,IN_PROGRESS,LOW
ISS-00504-08-02,PAI-00504,2024-08-31,LAND_ACQUISITION,Synthetic land acquisition issue requiring monitoring review.,IN_PROGRESS,HIGH
ISS-00504-10-01,PAI-00504,2024-10-31,ENGINEERING_OR_FEASIBILITY,Synthetic engineering or feasibility issue requiring monitoring review.,OPEN,MEDIUM
ISS-00504-10-02,PAI-00504,2024-10-31,CLEARANCE,Synthetic clearance issue requiring monitoring review.,OPEN,HIGH
ISS-00504-11-01,PAI-00504,2024-11-30,CLEARANCE,Synthetic clearance issue requiring monitoring review.,RESOLVED,MEDIUM
ISS-00504-11-02,PAI-00504,2024-11-30,LAND_ACQUISITION,Synthetic land acquisition issue requiring monitoring review.,IN_PROGRESS,MEDIUM
ISS-00504-11-03,PAI-00504,2024-11-30,LEGAL_OR_SOCIAL,Synthetic legal or social issue requiring monitoring review.,OPEN,MEDIUM
ISS-00504-11-04,PAI-00504,2024-11-30,PROCUREMENT_OR_CONTRACT,Synthetic procurement or contract issue requiring monitoring review.,OPEN,MEDIUM
ISS-00504-14-01,PAI-00504,2025-02-28,CLEARANCE,Synthetic clearance issue requiring monitoring review.,RESOLVED,HIGH
ISS-00504-15-01,PAI-00504,2025-03-31,CLEARANCE,Synthetic clearance issue requiring monitoring review.,OPEN,LOW
ISS-00504-15-02,PAI-00504,2025-03-31,BUDGET_OR_APPROVAL,Synthetic budget or approval issue requiring monitoring review.,OPEN,MEDIUM
ISS-00504-16-01,PAI-00504,2025-04-30,LAND_ACQUISITION,Synthetic land acquisition issue requiring monitoring review.,IN_PROGRESS,LOW
ISS-00504-18-01,PAI-00504,2025-06-30,PROCUREMENT_OR_CONTRACT,Synthetic procurement or contract issue requiring monitoring review.,RESOLVED,LOW
ISS-00504-19-01,PAI-00504,2025-07-31,LAND_ACQUISITION,Synthetic land acquisition issue requiring monitoring review.,IN_PROGRESS,LOW
ISS-00504-19-02,PAI-00504,2025-07-31,SCOPE_OR_POLICY,Synthetic scope or policy issue requiring monitoring review.,OPEN,HIGH
ISS-00504-19-03,PAI-00504,2025-07-31,PROCUREMENT_OR_CONTRACT,Synthetic procurement or contract issue requiring monitoring review.,OPEN,LOW
ISS-00504-19-04,PAI-00504,2025-07-31,LEGAL_OR_SOCIAL,Synthetic legal or social issue requiring monitoring review.,IN_PROGRESS,MEDIUM
ISS-00504-20-01,PAI-00504,2025-08-31,FUNDING,Synthetic funding issue requiring monitoring review.,OPEN,LOW
ISS-00504-21-01,PAI-00504,2025-09-30,ENGINEERING_OR_FEASIBILITY,Synthetic engineering or feasibility issue requiring monitoring review.,RESOLVED,MEDIUM
ISS-00504-21-02,PAI-00504,2025-09-30,FUNDING,Synthetic funding issue requiring monitoring review.,IN_PROGRESS,MEDIUM
ISS-00504-22-01,PAI-00504,2025-10-31,ENGINEERING_OR_FEASIBILITY,Synthetic engineering or feasibility issue requiring monitoring review.,IN_PROGRESS,HIGH
ISS-00504-22-02,PAI-00504,2025-10-31,CLEARANCE,Synthetic clearance issue requiring monitoring review.,OPEN,LOW
ISS-00504-23-01,PAI-00504,2025-11-30,PROCUREMENT_OR_CONTRACT,Synthetic procurement or contract issue requiring monitoring review.,OPEN,LOW
ISS-00504-23-02,PAI-00504,2025-11-30,LAND_ACQUISITION,Synthetic land acquisition issue requiring monitoring review.,IN_PROGRESS,HIGH
ISS-00504-24-01,PAI-00504,2025-12-31,LEGAL_OR_SOCIAL,Synthetic legal or social issue requiring monitoring review.,OPEN,LOW
ISS-00505-01-01,PAI-00505,2024-01-31,CLEARANCE,Synthetic clearance issue requiring monitoring review.,IN_PROGRESS,HIGH
ISS-00505-01-02,PAI-00505,2024-01-31,BUDGET_OR_APPROVAL,Synthetic budget or approval issue requiring monitoring review.,OPEN,HIGH
ISS-00505-02-01,PAI-00505,2024-02-29,SCOPE_OR_POLICY,Synthetic scope or policy issue requiring monitoring review.,OPEN,MEDIUM
ISS-00505-03-01,PAI-00505,2024-03-31,ENGINEERING_OR_FEASIBILITY,Synthetic engineering or feasibility issue requiring monitoring review.,OPEN,LOW
ISS-00505-04-01,PAI-00505,2024-04-30,ENGINEERING_OR_FEASIBILITY,Synthetic engineering or feasibility issue requiring monitoring review.,IN_PROGRESS,LOW
ISS-00505-06-01,PAI-00505,2024-06-30,CLEARANCE,Synthetic clearance issue requiring monitoring review.,OPEN,LOW
ISS-00505-11-01,PAI-00505,2024-11-30,FUNDING,Synthetic funding issue requiring monitoring review.,IN_PROGRESS,MEDIUM
ISS-00505-17-01,PAI-00505,2025-05-31,CLEARANCE,Synthetic clearance issue requiring monitoring review.,OPEN,HIGH
ISS-00505-21-01,PAI-00505,2025-09-30,LEGAL_OR_SOCIAL,Synthetic legal or social issue requiring monitoring review.,IN_PROGRESS,HIGH
ISS-00506-03-01,PAI-00506,2024-03-31,FUNDING,Synthetic funding issue requiring monitoring review.,OPEN,MEDIUM
ISS-00506-13-01,PAI-00506,2025-01-31,ENGINEERING_OR_FEASIBILITY,Synthetic engineering or feasibility issue requiring monitoring review.,OPEN,MEDIUM
ISS-00507-08-01,PAI-00507,2024-08-31,LEGAL_OR_SOCIAL,Synthetic legal or social issue requiring monitoring review.,IN_PROGRESS,HIGH
ISS-00507-11-01,PAI-00507,2024-11-30,ENGINEERING_OR_FEASIBILITY,Synthetic engineering or feasibility issue requiring monitoring review.,OPEN,MEDIUM
ISS-00507-13-01,PAI-00507,2025-01-31,SCOPE_OR_POLICY,Synthetic scope or policy issue requiring monitoring review.,IN_PROGRESS,LOW
ISS-00507-15-01,PAI-00507,2025-03-31,LAND_ACQUISITION,Synthetic land acquisition issue requiring monitoring review.,RESOLVED,HIGH
ISS-00507-15-02,PAI-00507,2025-03-31,PROCUREMENT_OR_CONTRACT,Synthetic procurement or contract issue requiring monitoring review.,IN_PROGRESS,LOW
ISS-00507-22-01,PAI-00507,2025-10-31,PROCUREMENT_OR_CONTRACT,Synthetic procurement or contract issue requiring monitoring review.,IN_PROGRESS,MEDIUM
ISS-00507-24-01,PAI-00507,2025-12-31,SCOPE_OR_POLICY,Synthetic scope or policy issue requiring monitoring review.,OPEN,MEDIUM
ISS-00508-01-01,PAI-00508,2024-01-31,SCOPE_OR_POLICY,Synthetic scope or policy issue requiring monitoring review.,OPEN,MEDIUM
ISS-00508-02-01,PAI-00508,2024-02-29,PROCUREMENT_OR_CONTRACT,Synthetic procurement or contract issue requiring monitoring review.,OPEN,MEDIUM
ISS-00508-06-01,PAI-00508,2024-06-30,BUDGET_OR_APPROVAL,Synthetic budget or approval issue requiring monitoring review.,RESOLVED,MEDIUM
ISS-00508-06-02,PAI-00508,2024-06-30,BUDGET_OR_APPROVAL,Synthetic budget or approval issue requiring monitoring review.,OPEN,MEDIUM
ISS-00508-07-01,PAI-00508,2024-07-31,PROCUREMENT_OR_CONTRACT,Synthetic procurement or contract issue requiring monitoring review.,OPEN,LOW
ISS-00508-08-01,PAI-00508,2024-08-31,SCOPE_OR_POLICY,Synthetic scope or policy issue requiring monitoring review.,OPEN,MEDIUM
ISS-00508-08-02,PAI-00508,2024-08-31,LEGAL_OR_SOCIAL,Synthetic legal or social issue requiring monitoring review.,OPEN,HIGH
ISS-00508-09-01,PAI-00508,2024-09-30,SCOPE_OR_POLICY,Synthetic scope or policy issue requiring monitoring review.,OPEN,LOW
ISS-00508-10-01,PAI-00508,2024-10-31,PROCUREMENT_OR_CONTRACT,Synthetic procurement or contract issue requiring monitoring review.,RESOLVED,LOW
ISS-00508-14-01,PAI-00508,2025-02-28,BUDGET_OR_APPROVAL,Synthetic budget or approval issue requiring monitoring review.,OPEN,MEDIUM
ISS-00508-14-02,PAI-00508,2025-02-28,ENGINEERING_OR_FEASIBILITY,Synthetic engineering or feasibility issue requiring monitoring review.,RESOLVED,HIGH
ISS-00508-15-01,PAI-00508,2025-03-31,LEGAL_OR_SOCIAL,Synthetic legal or social issue requiring monitoring review.,OPEN,HIGH
ISS-00508-15-02,PAI-00508,2025-03-31,CLEARANCE,Synthetic clearance issue requiring monitoring review.,IN_PROGRESS,HIGH
ISS-00508-16-01,PAI-00508,2025-04-30,SCOPE_OR_POLICY,Synthetic scope or policy issue requiring monitoring review.,OPEN,MEDIUM
ISS-00508-16-02,PAI-00508,2025-04-30,LAND_ACQUISITION,Synthetic land acquisition issue requiring monitoring review.,OPEN,MEDIUM
ISS-00508-17-01,PAI-00508,2025-05-31,LAND_ACQUISITION,Synthetic land acquisition issue requiring monitoring review.,RESOLVED,LOW
ISS-00508-18-01,PAI-00508,2025-06-30,CLEARANCE,Synthetic clearance issue requiring monitoring review.,OPEN,MEDIUM
ISS-00508-19-01,PAI-00508,2025-07-31,CLEARANCE,Synthetic clearance issue requiring monitoring review.,RESOLVED,LOW
ISS-00508-19-02,PAI-00508,2025-07-31,CLEARANCE,Synthetic clearance issue requiring monitoring review.,IN_PROGRESS,MEDIUM
ISS-00508-19-03,PAI-00508,2025-07-31,ENGINEERING_OR_FEASIBILITY,Synthetic engineering or feasibility issue requiring monitoring review.,IN_PROGRESS,MEDIUM
ISS-00508-20-01,PAI-00508,2025-08-31,PROCUREMENT_OR_CONTRACT,Synthetic procurement or contract issue requiring monitoring review.,OPEN,HIGH
ISS-00508-22-01,PAI-00508,2025-10-31,BUDGET_OR_APPROVAL,Synthetic budget or approval issue requiring monitoring review.,OPEN,MEDIUM
ISS-00508-22-02,PAI-00508,2025-10-31,ENGINEERING_OR_FEASIBILITY,Synthetic engineering or feasibility issue requiring monitoring review.,OPEN,HIGH
ISS-00508-23-01,PAI-00508,2025-11-30,BUDGET_OR_APPROVAL,Synthetic budget or approval issue requiring monitoring review.,IN_PROGRESS,MEDIUM
ISS-00508-24-01,PAI-00508,2025-12-31,LAND_ACQUISITION,Synthetic land acquisition issue requiring monitoring review.,OPEN,LOW
ISS-00508-24-02,PAI-00508,2025-12-31,LEGAL_OR_SOCIAL,Synthetic legal or social issue requiring monitoring review.,OPEN,LOW
ISS-00508-24-03,PAI-00508,2025-12-31,FUNDING,Synthetic funding issue requiring monitoring review.,OPEN,HIGH
ISS-00509-04-01,PAI-00509,2024-04-30,PROCUREMENT_OR_CONTRACT,Synthetic procurement or contract issue requiring monitoring review.,RESOLVED,LOW
ISS-00509-06-01,PAI-00509,2024-06-30,ENGINEERING_OR_FEASIBILITY,Synthetic engineering or feasibility issue requiring monitoring review.,OPEN,LOW
ISS-00509-13-01,PAI-00509,2025-01-31,LEGAL_OR_SOCIAL,Synthetic legal or social issue requiring monitoring review.,IN_PROGRESS,LOW
ISS-00509-13-02,PAI-00509,2025-01-31,BUDGET_OR_APPROVAL,Synthetic budget or approval issue requiring monitoring review.,RESOLVED,HIGH
ISS-00509-14-01,PAI-00509,2025-02-28,CLEARANCE,Synthetic clearance issue requiring monitoring review.,OPEN,MEDIUM
ISS-00509-15-01,PAI-00509,2025-03-31,SCOPE_OR_POLICY,Synthetic scope or policy issue requiring monitoring review.,OPEN,LOW
ISS-00509-17-01,PAI-00509,2025-05-31,PROCUREMENT_OR_CONTRACT,Synthetic procurement or contract issue requiring monitoring review.,IN_PROGRESS,HIGH
ISS-00509-21-01,PAI-00509,2025-09-30,CLEARANCE,Synthetic clearance issue requiring monitoring review.,IN_PROGRESS,MEDIUM
ISS-00509-24-01,PAI-00509,2025-12-31,FUNDING,Synthetic funding issue requiring monitoring review.,IN_PROGRESS,MEDIUM
ISS-00510-03-01,PAI-00510,2024-03-31,LAND_ACQUISITION,Synthetic land acquisition issue requiring monitoring review.,OPEN,LOW
ISS-00510-03-02,PAI-00510,2024-03-31,BUDGET_OR_APPROVAL,Synthetic budget or approval issue requiring monitoring review.,OPEN,HIGH
ISS-00510-05-01,PAI-00510,2024-05-31,LEGAL_OR_SOCIAL,Synthetic legal or social issue requiring monitoring review.,OPEN,HIGH
ISS-00510-09-01,PAI-00510,2024-09-30,FUNDING,Synthetic funding issue requiring monitoring review.,OPEN,MEDIUM
ISS-00510-09-02,PAI-00510,2024-09-30,FUNDING,Synthetic funding issue requiring monitoring review.,OPEN,HIGH
ISS-00510-11-01,PAI-00510,2024-11-30,LAND_ACQUISITION,Synthetic land acquisition issue requiring monitoring review.,OPEN,LOW
ISS-00510-13-01,PAI-00510,2025-01-31,SCOPE_OR_POLICY,Synthetic scope or policy issue requiring monitoring review.,OPEN,HIGH
ISS-00510-21-01,PAI-00510,2025-09-30,BUDGET_OR_APPROVAL,Synthetic budget or approval issue requiring monitoring review.,IN_PROGRESS,HIGH
ISS-00510-21-02,PAI-00510,2025-09-30,CLEARANCE,Synthetic clearance issue requiring monitoring review.,RESOLVED,HIGH
ISS-00510-21-03,PAI-00510,2025-09-30,SCOPE_OR_POLICY,Synthetic scope or policy issue requiring monitoring review.,RESOLVED,MEDIUM
ISS-00510-24-01,PAI-00510,2025-12-31,FUNDING,Synthetic funding issue requiring monitoring review.,OPEN,MEDIUM
ISS-00511-04-01,PAI-00511,2024-04-30,LAND_ACQUISITION,Synthetic land acquisition issue requiring monitoring review.,OPEN,MEDIUM
ISS-00511-08-01,PAI-00511,2024-08-31,FUNDING,Synthetic funding issue requiring monitoring review.,OPEN,HIGH
ISS-00511-15-01,PAI-00511,2025-03-31,BUDGET_OR_APPROVAL,Synthetic budget or approval issue requiring monitoring review.,OPEN,LOW
ISS-00511-17-01,PAI-00511,2025-05-31,FUNDING,Synthetic funding issue requiring monitoring review.,OPEN,LOW
ISS-00511-20-01,PAI-00511,2025-08-31,SCOPE_OR_POLICY,Synthetic scope or policy issue requiring monitoring review.,RESOLVED,MEDIUM
ISS-00512-01-01,PAI-00512,2024-01-31,SCOPE_OR_POLICY,Synthetic scope or policy issue requiring monitoring review.,IN_PROGRESS,MEDIUM
ISS-00512-08-01,PAI-00512,2024-08-31,SCOPE_OR_POLICY,Synthetic scope or policy issue requiring monitoring review.,RESOLVED,LOW
ISS-00512-09-01,PAI-00512,2024-09-30,CLEARANCE,Synthetic clearance issue requiring monitoring review.,RESOLVED,MEDIUM
ISS-00512-14-01,PAI-00512,2025-02-28,PROCUREMENT_OR_CONTRACT,Synthetic procurement or contract issue requiring monitoring review.,OPEN,MEDIUM
ISS-00512-15-01,PAI-00512,2025-03-31,LEGAL_OR_SOCIAL,Synthetic legal or social issue requiring monitoring review.,OPEN,MEDIUM
ISS-00512-15-02,PAI-00512,2025-03-31,ENGINEERING_OR_FEASIBILITY,Synthetic engineering or feasibility issue requiring monitoring review.,IN_PROGRESS,HIGH
ISS-00512-17-01,PAI-00512,2025-05-31,BUDGET_OR_APPROVAL,Synthetic budget or approval issue requiring monitoring review.,IN_PROGRESS,HIGH
ISS-00512-17-02,PAI-00512,2025-05-31,ENGINEERING_OR_FEASIBILITY,Synthetic engineering or feasibility issue requiring monitoring review.,OPEN,MEDIUM
ISS-00512-20-01,PAI-00512,2025-08-31,LEGAL_OR_SOCIAL,Synthetic legal or social issue requiring monitoring review.,IN_PROGRESS,MEDIUM
ISS-00512-22-01,PAI-00512,2025-10-31,SCOPE_OR_POLICY,Synthetic scope or policy issue requiring monitoring review.,OPEN,HIGH
ISS-00512-22-02,PAI-00512,2025-10-31,LEGAL_OR_SOCIAL,Synthetic legal or social issue requiring monitoring review.,RESOLVED,HIGH
ISS-00512-23-01,PAI-00512,2025-11-30,LEGAL_OR_SOCIAL,Synthetic legal or social issue requiring monitoring review.,IN_PROGRESS,MEDIUM
ISS-00512-23-02,PAI-00512,2025-11-30,SCOPE_OR_POLICY,Synthetic scope or policy issue requiring monitoring review.,IN_PROGRESS,MEDIUM
ISS-00512-24-01,PAI-00512,2025-12-31,CLEARANCE,Synthetic clearance issue requiring monitoring review.,IN_PROGRESS,HIGH
ISS-00512-24-02,PAI-00512,2025-12-31,LAND_ACQUISITION,Synthetic land acquisition issue requiring monitoring review.,IN_PROGRESS,MEDIUM
ISS-00512-24-03,PAI-00512,2025-12-31,CLEARANCE,Synthetic clearance issue requiring monitoring review.,RESOLVED,MEDIUM
ISS-00513-13-01,PAI-00513,2025-01-31,SCOPE_OR_POLICY,Synthetic scope or policy issue requiring monitoring review.,OPEN,HIGH
ISS-00513-16-01,PAI-00513,2025-04-30,LEGAL_OR_SOCIAL,Synthetic legal or social issue requiring monitoring review.,IN_PROGRESS,HIGH
ISS-00513-17-01,PAI-00513,2025-05-31,PROCUREMENT_OR_CONTRACT,Synthetic procurement or contract issue requiring monitoring review.,IN_PROGRESS,HIGH
ISS-00513-21-01,PAI-00513,2025-09-30,FUNDING,Synthetic funding issue requiring monitoring review.,OPEN,LOW
ISS-00514-13-01,PAI-00514,2025-01-31,LEGAL_OR_SOCIAL,Synthetic legal or social issue requiring monitoring review.,IN_PROGRESS,LOW
ISS-00514-18-01,PAI-00514,2025-06-30,BUDGET_OR_APPROVAL,Synthetic budget or approval issue requiring monitoring review.,IN_PROGRESS,LOW
ISS-00515-01-01,PAI-00515,2024-01-31,LEGAL_OR_SOCIAL,Synthetic legal or social issue requiring monitoring review.,OPEN,MEDIUM
ISS-00515-04-01,PAI-00515,2024-04-30,BUDGET_OR_APPROVAL,Synthetic budget or approval issue requiring monitoring review.,IN_PROGRESS,MEDIUM
ISS-00515-04-02,PAI-00515,2024-04-30,ENGINEERING_OR_FEASIBILITY,Synthetic engineering or feasibility issue requiring monitoring review.,OPEN,LOW
ISS-00515-15-01,PAI-00515,2025-03-31,FUNDING,Synthetic funding issue requiring monitoring review.,OPEN,HIGH
ISS-00515-16-01,PAI-00515,2025-04-30,CLEARANCE,Synthetic clearance issue requiring monitoring review.,RESOLVED,HIGH
ISS-00515-17-01,PAI-00515,2025-05-31,SCOPE_OR_POLICY,Synthetic scope or policy issue requiring monitoring review.,OPEN,MEDIUM
ISS-00515-18-01,PAI-00515,2025-06-30,CLEARANCE,Synthetic clearance issue requiring monitoring review.,OPEN,HIGH
ISS-00515-18-02,PAI-00515,2025-06-30,CLEARANCE,Synthetic clearance issue requiring monitoring review.,RESOLVED,MEDIUM
ISS-00515-18-03,PAI-00515,2025-06-30,LAND_ACQUISITION,Synthetic land acquisition issue requiring monitoring review.,OPEN,LOW
ISS-00515-19-01,PAI-00515,2025-07-31,FUNDING,Synthetic funding issue requiring monitoring review.,OPEN,MEDIUM
ISS-00515-21-01,PAI-00515,2025-09-30,LEGAL_OR_SOCIAL,Synthetic legal or social issue requiring monitoring review.,OPEN,LOW
ISS-00515-21-02,PAI-00515,2025-09-30,FUNDING,Synthetic funding issue requiring monitoring review.,OPEN,HIGH
ISS-00515-22-01,PAI-00515,2025-10-31,LAND_ACQUISITION,Synthetic land acquisition issue requiring monitoring review.,IN_PROGRESS,MEDIUM
ISS-00515-23-01,PAI-00515,2025-11-30,LEGAL_OR_SOCIAL,Synthetic legal or social issue requiring monitoring review.,RESOLVED,HIGH
ISS-00515-24-01,PAI-00515,2025-12-31,LAND_ACQUISITION,Synthetic land acquisition issue requiring monitoring review.,OPEN,MEDIUM
ISS-00516-03-01,PAI-00516,2024-03-31,BUDGET_OR_APPROVAL,Synthetic budget or approval issue requiring monitoring review.,RESOLVED,LOW
ISS-00516-05-01,PAI-00516,2024-05-31,PROCUREMENT_OR_CONTRACT,Synthetic procurement or contract issue requiring monitoring review.,RESOLVED,HIGH
ISS-00516-07-01,PAI-00516,2024-07-31,FUNDING,Synthetic funding issue requiring monitoring review.,RESOLVED,HIGH
ISS-00516-08-01,PAI-00516,2024-08-31,SCOPE_OR_POLICY,Synthetic scope or policy issue requiring monitoring review.,RESOLVED,LOW
ISS-00516-10-01,PAI-00516,2024-10-31,LEGAL_OR_SOCIAL,Synthetic legal or social issue requiring monitoring review.,OPEN,MEDIUM
ISS-00516-10-02,PAI-00516,2024-10-31,LAND_ACQUISITION,Synthetic land acquisition issue requiring monitoring review.,OPEN,MEDIUM
ISS-00516-11-01,PAI-00516,2024-11-30,SCOPE_OR_POLICY,Synthetic scope or policy issue requiring monitoring review.,OPEN,HIGH
ISS-00516-13-01,PAI-00516,2025-01-31,FUNDING,Synthetic funding issue requiring monitoring review.,IN_PROGRESS,HIGH
ISS-00516-16-01,PAI-00516,2025-04-30,LEGAL_OR_SOCIAL,Synthetic legal or social issue requiring monitoring review.,RESOLVED,MEDIUM
ISS-00516-17-01,PAI-00516,2025-05-31,FUNDING,Synthetic funding issue requiring monitoring review.,IN_PROGRESS,LOW
ISS-00516-19-01,PAI-00516,2025-07-31,ENGINEERING_OR_FEASIBILITY,Synthetic engineering or feasibility issue requiring monitoring review.,IN_PROGRESS,MEDIUM
ISS-00516-20-01,PAI-00516,2025-08-31,LEGAL_OR_SOCIAL,Synthetic legal or social issue requiring monitoring review.,OPEN,LOW
ISS-00516-20-02,PAI-00516,2025-08-31,LEGAL_OR_SOCIAL,Synthetic legal or social issue requiring monitoring review.,OPEN,MEDIUM
ISS-00516-20-03,PAI-00516,2025-08-31,PROCUREMENT_OR_CONTRACT,Synthetic procurement or contract issue requiring monitoring review.,RESOLVED,MEDIUM
ISS-00516-21-01,PAI-00516,2025-09-30,LEGAL_OR_SOCIAL,Synthetic legal or social issue requiring monitoring review.,RESOLVED,MEDIUM
ISS-00516-21-02,PAI-00516,2025-09-30,BUDGET_OR_APPROVAL,Synthetic budget or approval issue requiring monitoring review.,RESOLVED,HIGH
ISS-00516-22-01,PAI-00516,2025-10-31,LEGAL_OR_SOCIAL,Synthetic legal or social issue requiring monitoring review.,RESOLVED,MEDIUM
ISS-00516-23-01,PAI-00516,2025-11-30,SCOPE_OR_POLICY,Synthetic scope or policy issue requiring monitoring review.,OPEN,MEDIUM
ISS-00517-01-01,PAI-00517,2024-01-31,BUDGET_OR_APPROVAL,Synthetic budget or approval issue requiring monitoring review.,OPEN,LOW
ISS-00517-02-01,PAI-00517,2024-02-29,SCOPE_OR_POLICY,Synthetic scope or policy issue requiring monitoring review.,OPEN,MEDIUM
ISS-00517-05-01,PAI-00517,2024-05-31,BUDGET_OR_APPROVAL,Synthetic budget or approval issue requiring monitoring review.,OPEN,MEDIUM
ISS-00517-10-01,PAI-00517,2024-10-31,LAND_ACQUISITION,Synthetic land acquisition issue requiring monitoring review.,OPEN,HIGH
ISS-00517-10-02,PAI-00517,2024-10-31,SCOPE_OR_POLICY,Synthetic scope or policy issue requiring monitoring review.,RESOLVED,MEDIUM
ISS-00517-12-01,PAI-00517,2024-12-31,LEGAL_OR_SOCIAL,Synthetic legal or social issue requiring monitoring review.,IN_PROGRESS,MEDIUM
ISS-00517-14-01,PAI-00517,2025-02-28,LEGAL_OR_SOCIAL,Synthetic legal or social issue requiring monitoring review.,IN_PROGRESS,MEDIUM
ISS-00517-14-02,PAI-00517,2025-02-28,BUDGET_OR_APPROVAL,Synthetic budget or approval issue requiring monitoring review.,OPEN,HIGH
ISS-00517-15-01,PAI-00517,2025-03-31,SCOPE_OR_POLICY,Synthetic scope or policy issue requiring monitoring review.,RESOLVED,MEDIUM
ISS-00517-17-01,PAI-00517,2025-05-31,LAND_ACQUISITION,Synthetic land acquisition issue requiring monitoring review.,OPEN,HIGH
ISS-00517-18-01,PAI-00517,2025-06-30,CLEARANCE,Synthetic clearance issue requiring monitoring review.,RESOLVED,LOW
ISS-00517-19-01,PAI-00517,2025-07-31,BUDGET_OR_APPROVAL,Synthetic budget or approval issue requiring monitoring review.,RESOLVED,LOW
ISS-00517-22-01,PAI-00517,2025-10-31,PROCUREMENT_OR_CONTRACT,Synthetic procurement or contract issue requiring monitoring review.,OPEN,MEDIUM
ISS-00517-23-01,PAI-00517,2025-11-30,CLEARANCE,Synthetic clearance issue requiring monitoring review.,OPEN,MEDIUM
ISS-00517-24-01,PAI-00517,2025-12-31,ENGINEERING_OR_FEASIBILITY,Synthetic engineering or feasibility issue requiring monitoring review.,OPEN,MEDIUM
ISS-00518-10-01,PAI-00518,2024-10-31,ENGINEERING_OR_FEASIBILITY,Synthetic engineering or feasibility issue requiring monitoring review.,RESOLVED,HIGH
ISS-00518-10-02,PAI-00518,2024-10-31,BUDGET_OR_APPROVAL,Synthetic budget or approval issue requiring monitoring review.,OPEN,LOW
ISS-00518-12-01,PAI-00518,2024-12-31,BUDGET_OR_APPROVAL,Synthetic budget or approval issue requiring monitoring review.,IN_PROGRESS,HIGH
ISS-00518-13-01,PAI-00518,2025-01-31,BUDGET_OR_APPROVAL,Synthetic budget or approval issue requiring monitoring review.,IN_PROGRESS,LOW
ISS-00518-15-01,PAI-00518,2025-03-31,LAND_ACQUISITION,Synthetic land acquisition issue requiring monitoring review.,OPEN,LOW
ISS-00518-21-01,PAI-00518,2025-09-30,ENGINEERING_OR_FEASIBILITY,Synthetic engineering or feasibility issue requiring monitoring review.,OPEN,LOW
ISS-00518-23-01,PAI-00518,2025-11-30,LEGAL_OR_SOCIAL,Synthetic legal or social issue requiring monitoring review.,OPEN,LOW
ISS-00519-01-01,PAI-00519,2024-01-31,BUDGET_OR_APPROVAL,Synthetic budget or approval issue requiring monitoring review.,OPEN,LOW
ISS-00519-01-02,PAI-00519,2024-01-31,SCOPE_OR_POLICY,Synthetic scope or policy issue requiring monitoring review.,IN_PROGRESS,MEDIUM
ISS-00519-03-01,PAI-00519,2024-03-31,LEGAL_OR_SOCIAL,Synthetic legal or social issue requiring monitoring review.,IN_PROGRESS,HIGH
ISS-00519-05-01,PAI-00519,2024-05-31,LAND_ACQUISITION,Synthetic land acquisition issue requiring monitoring review.,OPEN,HIGH
ISS-00519-07-01,PAI-00519,2024-07-31,LEGAL_OR_SOCIAL,Synthetic legal or social issue requiring monitoring review.,IN_PROGRESS,LOW
ISS-00519-07-02,PAI-00519,2024-07-31,LEGAL_OR_SOCIAL,Synthetic legal or social issue requiring monitoring review.,OPEN,LOW
ISS-00519-07-03,PAI-00519,2024-07-31,LEGAL_OR_SOCIAL,Synthetic legal or social issue requiring monitoring review.,OPEN,MEDIUM
ISS-00519-07-04,PAI-00519,2024-07-31,PROCUREMENT_OR_CONTRACT,Synthetic procurement or contract issue requiring monitoring review.,IN_PROGRESS,MEDIUM
ISS-00519-07-05,PAI-00519,2024-07-31,CLEARANCE,Synthetic clearance issue requiring monitoring review.,OPEN,MEDIUM
ISS-00519-08-01,PAI-00519,2024-08-31,PROCUREMENT_OR_CONTRACT,Synthetic procurement or contract issue requiring monitoring review.,OPEN,LOW
ISS-00519-09-01,PAI-00519,2024-09-30,BUDGET_OR_APPROVAL,Synthetic budget or approval issue requiring monitoring review.,OPEN,LOW
ISS-00519-10-01,PAI-00519,2024-10-31,ENGINEERING_OR_FEASIBILITY,Synthetic engineering or feasibility issue requiring monitoring review.,RESOLVED,LOW
ISS-00519-11-01,PAI-00519,2024-11-30,ENGINEERING_OR_FEASIBILITY,Synthetic engineering or feasibility issue requiring monitoring review.,OPEN,MEDIUM
ISS-00519-14-01,PAI-00519,2025-02-28,BUDGET_OR_APPROVAL,Synthetic budget or approval issue requiring monitoring review.,OPEN,MEDIUM
ISS-00519-17-01,PAI-00519,2025-05-31,LAND_ACQUISITION,Synthetic land acquisition issue requiring monitoring review.,RESOLVED,LOW
ISS-00519-17-02,PAI-00519,2025-05-31,ENGINEERING_OR_FEASIBILITY,Synthetic engineering or feasibility issue requiring monitoring review.,OPEN,HIGH
ISS-00519-17-03,PAI-00519,2025-05-31,FUNDING,Synthetic funding issue requiring monitoring review.,OPEN,MEDIUM
ISS-00519-18-01,PAI-00519,2025-06-30,ENGINEERING_OR_FEASIBILITY,Synthetic engineering or feasibility issue requiring monitoring review.,OPEN,HIGH
ISS-00519-19-01,PAI-00519,2025-07-31,LEGAL_OR_SOCIAL,Synthetic legal or social issue requiring monitoring review.,OPEN,MEDIUM
ISS-00519-22-01,PAI-00519,2025-10-31,CLEARANCE,Synthetic clearance issue requiring monitoring review.,RESOLVED,MEDIUM
ISS-00519-22-02,PAI-00519,2025-10-31,LEGAL_OR_SOCIAL,Synthetic legal or social issue requiring monitoring review.,OPEN,HIGH
ISS-00519-23-01,PAI-00519,2025-11-30,PROCUREMENT_OR_CONTRACT,Synthetic procurement or contract issue requiring monitoring review.,IN_PROGRESS,LOW
ISS-00520-03-01,PAI-00520,2024-03-31,SCOPE_OR_POLICY,Synthetic scope or policy issue requiring monitoring review.,OPEN,LOW
ISS-00520-06-01,PAI-00520,2024-06-30,BUDGET_OR_APPROVAL,Synthetic budget or approval issue requiring monitoring review.,IN_PROGRESS,HIGH
ISS-00520-07-01,PAI-00520,2024-07-31,LEGAL_OR_SOCIAL,Synthetic legal or social issue requiring monitoring review.,RESOLVED,HIGH
ISS-00520-07-02,PAI-00520,2024-07-31,BUDGET_OR_APPROVAL,Synthetic budget or approval issue requiring monitoring review.,OPEN,HIGH
ISS-00520-07-03,PAI-00520,2024-07-31,BUDGET_OR_APPROVAL,Synthetic budget or approval issue requiring monitoring review.,IN_PROGRESS,LOW
ISS-00520-08-01,PAI-00520,2024-08-31,CLEARANCE,Synthetic clearance issue requiring monitoring review.,RESOLVED,MEDIUM
ISS-00520-10-01,PAI-00520,2024-10-31,BUDGET_OR_APPROVAL,Synthetic budget or approval issue requiring monitoring review.,OPEN,LOW
ISS-00520-11-01,PAI-00520,2024-11-30,BUDGET_OR_APPROVAL,Synthetic budget or approval issue requiring monitoring review.,OPEN,HIGH
ISS-00520-11-02,PAI-00520,2024-11-30,SCOPE_OR_POLICY,Synthetic scope or policy issue requiring monitoring review.,OPEN,LOW
ISS-00520-12-01,PAI-00520,2024-12-31,ENGINEERING_OR_FEASIBILITY,Synthetic engineering or feasibility issue requiring monitoring review.,OPEN,MEDIUM
ISS-00520-12-02,PAI-00520,2024-12-31,CLEARANCE,Synthetic clearance issue requiring monitoring review.,IN_PROGRESS,MEDIUM
ISS-00520-13-01,PAI-00520,2025-01-31,FUNDING,Synthetic funding issue requiring monitoring review.,IN_PROGRESS,MEDIUM
ISS-00520-14-01,PAI-00520,2025-02-28,PROCUREMENT_OR_CONTRACT,Synthetic procurement or contract issue requiring monitoring review.,OPEN,HIGH
ISS-00520-15-01,PAI-00520,2025-03-31,LEGAL_OR_SOCIAL,Synthetic legal or social issue requiring monitoring review.,IN_PROGRESS,HIGH
ISS-00520-15-02,PAI-00520,2025-03-31,LEGAL_OR_SOCIAL,Synthetic legal or social issue requiring monitoring review.,OPEN,MEDIUM
ISS-00520-16-01,PAI-00520,2025-04-30,FUNDING,Synthetic funding issue requiring monitoring review.,RESOLVED,MEDIUM
ISS-00520-17-01,PAI-00520,2025-05-31,ENGINEERING_OR_FEASIBILITY,Synthetic engineering or feasibility issue requiring monitoring review.,RESOLVED,MEDIUM
ISS-00520-17-02,PAI-00520,2025-05-31,PROCUREMENT_OR_CONTRACT,Synthetic procurement or contract issue requiring monitoring review.,IN_PROGRESS,HIGH
ISS-00520-18-01,PAI-00520,2025-06-30,CLEARANCE,Synthetic clearance issue requiring monitoring review.,OPEN,HIGH
ISS-00520-18-02,PAI-00520,2025-06-30,LEGAL_OR_SOCIAL,Synthetic legal or social issue requiring monitoring review.,IN_PROGRESS,HIGH
ISS-00520-18-03,PAI-00520,2025-06-30,LAND_ACQUISITION,Synthetic land acquisition issue requiring monitoring review.,OPEN,MEDIUM
ISS-00520-18-04,PAI-00520,2025-06-30,PROCUREMENT_OR_CONTRACT,Synthetic procurement or contract issue requiring monitoring review.,IN_PROGRESS,HIGH
ISS-00520-19-01,PAI-00520,2025-07-31,SCOPE_OR_POLICY,Synthetic scope or policy issue requiring monitoring review.,IN_PROGRESS,MEDIUM
ISS-00520-19-02,PAI-00520,2025-07-31,LEGAL_OR_SOCIAL,Synthetic legal or social issue requiring monitoring review.,IN_PROGRESS,MEDIUM
ISS-00520-23-01,PAI-00520,2025-11-30,LEGAL_OR_SOCIAL,Synthetic legal or social issue requiring monitoring review.,IN_PROGRESS,MEDIUM
ISS-00521-06-01,PAI-00521,2024-06-30,PROCUREMENT_OR_CONTRACT,Synthetic procurement or contract issue requiring monitoring review.,RESOLVED,LOW
ISS-00521-09-01,PAI-00521,2024-09-30,LEGAL_OR_SOCIAL,Synthetic legal or social issue requiring monitoring review.,OPEN,LOW
ISS-00521-13-01,PAI-00521,2025-01-31,CLEARANCE,Synthetic clearance issue requiring monitoring review.,OPEN,LOW
ISS-00521-13-02,PAI-00521,2025-01-31,ENGINEERING_OR_FEASIBILITY,Synthetic engineering or feasibility issue requiring monitoring review.,IN_PROGRESS,HIGH
ISS-00521-13-03,PAI-00521,2025-01-31,ENGINEERING_OR_FEASIBILITY,Synthetic engineering or feasibility issue requiring monitoring review.,IN_PROGRESS,HIGH
ISS-00522-07-01,PAI-00522,2024-07-31,FUNDING,Synthetic funding issue requiring monitoring review.,OPEN,MEDIUM
ISS-00522-10-01,PAI-00522,2024-10-31,PROCUREMENT_OR_CONTRACT,Synthetic procurement or contract issue requiring monitoring review.,IN_PROGRESS,MEDIUM
ISS-00522-10-02,PAI-00522,2024-10-31,LEGAL_OR_SOCIAL,Synthetic legal or social issue requiring monitoring review.,OPEN,HIGH
ISS-00522-13-01,PAI-00522,2025-01-31,BUDGET_OR_APPROVAL,Synthetic budget or approval issue requiring monitoring review.,OPEN,MEDIUM
ISS-00522-21-01,PAI-00522,2025-09-30,ENGINEERING_OR_FEASIBILITY,Synthetic engineering or feasibility issue requiring monitoring review.,IN_PROGRESS,HIGH
ISS-00522-22-01,PAI-00522,2025-10-31,BUDGET_OR_APPROVAL,Synthetic budget or approval issue requiring monitoring review.,OPEN,LOW
ISS-00523-08-01,PAI-00523,2024-08-31,LEGAL_OR_SOCIAL,Synthetic legal or social issue requiring monitoring review.,OPEN,LOW
ISS-00523-09-01,PAI-00523,2024-09-30,BUDGET_OR_APPROVAL,Synthetic budget or approval issue requiring monitoring review.,IN_PROGRESS,LOW
ISS-00523-11-01,PAI-00523,2024-11-30,ENGINEERING_OR_FEASIBILITY,Synthetic engineering or feasibility issue requiring monitoring review.,RESOLVED,MEDIUM
ISS-00524-15-01,PAI-00524,2025-03-31,CLEARANCE,Synthetic clearance issue requiring monitoring review.,IN_PROGRESS,MEDIUM
ISS-00524-17-01,PAI-00524,2025-05-31,LEGAL_OR_SOCIAL,Synthetic legal or social issue requiring monitoring review.,RESOLVED,HIGH
ISS-00524-19-01,PAI-00524,2025-07-31,PROCUREMENT_OR_CONTRACT,Synthetic procurement or contract issue requiring monitoring review.,IN_PROGRESS,MEDIUM
ISS-00524-20-01,PAI-00524,2025-08-31,BUDGET_OR_APPROVAL,Synthetic budget or approval issue requiring monitoring review.,OPEN,LOW
ISS-00524-22-01,PAI-00524,2025-10-31,LAND_ACQUISITION,Synthetic land acquisition issue requiring monitoring review.,RESOLVED,LOW
ISS-00525-02-01,PAI-00525,2024-02-29,ENGINEERING_OR_FEASIBILITY,Synthetic engineering or feasibility issue requiring monitoring review.,OPEN,LOW
ISS-00525-05-01,PAI-00525,2024-05-31,LAND_ACQUISITION,Synthetic land acquisition issue requiring monitoring review.,OPEN,LOW
ISS-00525-09-01,PAI-00525,2024-09-30,FUNDING,Synthetic funding issue requiring monitoring review.,IN_PROGRESS,LOW
ISS-00525-09-02,PAI-00525,2024-09-30,BUDGET_OR_APPROVAL,Synthetic budget or approval issue requiring monitoring review.,IN_PROGRESS,LOW
ISS-00525-11-01,PAI-00525,2024-11-30,PROCUREMENT_OR_CONTRACT,Synthetic procurement or contract issue requiring monitoring review.,OPEN,HIGH
ISS-00525-12-01,PAI-00525,2024-12-31,LEGAL_OR_SOCIAL,Synthetic legal or social issue requiring monitoring review.,OPEN,MEDIUM
ISS-00525-13-01,PAI-00525,2025-01-31,FUNDING,Synthetic funding issue requiring monitoring review.,IN_PROGRESS,MEDIUM
ISS-00525-13-02,PAI-00525,2025-01-31,LAND_ACQUISITION,Synthetic land acquisition issue requiring monitoring review.,OPEN,MEDIUM
ISS-00525-13-03,PAI-00525,2025-01-31,SCOPE_OR_POLICY,Synthetic scope or policy issue requiring monitoring review.,IN_PROGRESS,MEDIUM
ISS-00525-14-01,PAI-00525,2025-02-28,BUDGET_OR_APPROVAL,Synthetic budget or approval issue requiring monitoring review.,IN_PROGRESS,LOW
ISS-00525-15-01,PAI-00525,2025-03-31,LEGAL_OR_SOCIAL,Synthetic legal or social issue requiring monitoring review.,IN_PROGRESS,MEDIUM
ISS-00525-16-01,PAI-00525,2025-04-30,PROCUREMENT_OR_CONTRACT,Synthetic procurement or contract issue requiring monitoring review.,OPEN,MEDIUM
ISS-00525-16-02,PAI-00525,2025-04-30,FUNDING,Synthetic funding issue requiring monitoring review.,IN_PROGRESS,HIGH
ISS-00525-18-01,PAI-00525,2025-06-30,LEGAL_OR_SOCIAL,Synthetic legal or social issue requiring monitoring review.,IN_PROGRESS,HIGH
ISS-00525-19-01,PAI-00525,2025-07-31,LAND_ACQUISITION,Synthetic land acquisition issue requiring monitoring review.,OPEN,HIGH
ISS-00525-22-01,PAI-00525,2025-10-31,PROCUREMENT_OR_CONTRACT,Synthetic procurement or contract issue requiring monitoring review.,IN_PROGRESS,MEDIUM
ISS-00525-24-01,PAI-00525,2025-12-31,LAND_ACQUISITION,Synthetic land acquisition issue requiring monitoring review.,IN_PROGRESS,LOW
ISS-00526-01-01,PAI-00526,2024-01-31,FUNDING,Synthetic funding issue requiring monitoring review.,IN_PROGRESS,HIGH
ISS-00526-02-01,PAI-00526,2024-02-29,CLEARANCE,Synthetic clearance issue requiring monitoring review.,OPEN,MEDIUM
ISS-00526-04-01,PAI-00526,2024-04-30,LAND_ACQUISITION,Synthetic land acquisition issue requiring monitoring review.,OPEN,MEDIUM
ISS-00526-05-01,PAI-00526,2024-05-31,LAND_ACQUISITION,Synthetic land acquisition issue requiring monitoring review.,RESOLVED,LOW
ISS-00526-07-01,PAI-00526,2024-07-31,LEGAL_OR_SOCIAL,Synthetic legal or social issue requiring monitoring review.,IN_PROGRESS,LOW
ISS-00526-10-01,PAI-00526,2024-10-31,LEGAL_OR_SOCIAL,Synthetic legal or social issue requiring monitoring review.,OPEN,HIGH
ISS-00526-13-01,PAI-00526,2025-01-31,BUDGET_OR_APPROVAL,Synthetic budget or approval issue requiring monitoring review.,IN_PROGRESS,MEDIUM
ISS-00526-21-01,PAI-00526,2025-09-30,PROCUREMENT_OR_CONTRACT,Synthetic procurement or contract issue requiring monitoring review.,OPEN,MEDIUM
ISS-00526-23-01,PAI-00526,2025-11-30,FUNDING,Synthetic funding issue requiring monitoring review.,IN_PROGRESS,LOW
ISS-00526-24-01,PAI-00526,2025-12-31,ENGINEERING_OR_FEASIBILITY,Synthetic engineering or feasibility issue requiring monitoring review.,IN_PROGRESS,MEDIUM
ISS-00527-03-01,PAI-00527,2024-03-31,SCOPE_OR_POLICY,Synthetic scope or policy issue requiring monitoring review.,RESOLVED,HIGH
ISS-00527-07-01,PAI-00527,2024-07-31,FUNDING,Synthetic funding issue requiring monitoring review.,IN_PROGRESS,LOW
ISS-00527-14-01,PAI-00527,2025-02-28,LAND_ACQUISITION,Synthetic land acquisition issue requiring monitoring review.,OPEN,MEDIUM
ISS-00527-17-01,PAI-00527,2025-05-31,LEGAL_OR_SOCIAL,Synthetic legal or social issue requiring monitoring review.,IN_PROGRESS,HIGH
ISS-00528-03-01,PAI-00528,2024-03-31,CLEARANCE,Synthetic clearance issue requiring monitoring review.,OPEN,MEDIUM
ISS-00528-07-01,PAI-00528,2024-07-31,BUDGET_OR_APPROVAL,Synthetic budget or approval issue requiring monitoring review.,OPEN,LOW
ISS-00528-07-02,PAI-00528,2024-07-31,LAND_ACQUISITION,Synthetic land acquisition issue requiring monitoring review.,OPEN,MEDIUM
ISS-00528-10-01,PAI-00528,2024-10-31,LAND_ACQUISITION,Synthetic land acquisition issue requiring monitoring review.,IN_PROGRESS,LOW
ISS-00528-10-02,PAI-00528,2024-10-31,LAND_ACQUISITION,Synthetic land acquisition issue requiring monitoring review.,IN_PROGRESS,MEDIUM
ISS-00528-12-01,PAI-00528,2024-12-31,FUNDING,Synthetic funding issue requiring monitoring review.,IN_PROGRESS,LOW
ISS-00528-24-01,PAI-00528,2025-12-31,LEGAL_OR_SOCIAL,Synthetic legal or social issue requiring monitoring review.,OPEN,HIGH
ISS-00529-08-01,PAI-00529,2024-08-31,LAND_ACQUISITION,Synthetic land acquisition issue requiring monitoring review.,IN_PROGRESS,LOW
ISS-00529-09-01,PAI-00529,2024-09-30,LEGAL_OR_SOCIAL,Synthetic legal or social issue requiring monitoring review.,IN_PROGRESS,HIGH
ISS-00529-10-01,PAI-00529,2024-10-31,SCOPE_OR_POLICY,Synthetic scope or policy issue requiring monitoring review.,OPEN,LOW
ISS-00529-13-01,PAI-00529,2025-01-31,LEGAL_OR_SOCIAL,Synthetic legal or social issue requiring monitoring review.,OPEN,MEDIUM
ISS-00529-14-01,PAI-00529,2025-02-28,SCOPE_OR_POLICY,Synthetic scope or policy issue requiring monitoring review.,OPEN,MEDIUM
ISS-00529-22-01,PAI-00529,2025-10-31,SCOPE_OR_POLICY,Synthetic scope or policy issue requiring monitoring review.,OPEN,HIGH
ISS-00529-23-01,PAI-00529,2025-11-30,LEGAL_OR_SOCIAL,Synthetic legal or social issue requiring monitoring review.,IN_PROGRESS,HIGH
ISS-00530-05-01,PAI-00530,2024-05-31,LAND_ACQUISITION,Synthetic land acquisition issue requiring monitoring review.,IN_PROGRESS,LOW
ISS-00530-07-01,PAI-00530,2024-07-31,LEGAL_OR_SOCIAL,Synthetic legal or social issue requiring monitoring review.,OPEN,LOW
ISS-00530-22-01,PAI-00530,2025-10-31,CLEARANCE,Synthetic clearance issue requiring monitoring review.,OPEN,LOW
ISS-00531-08-01,PAI-00531,2024-08-31,ENGINEERING_OR_FEASIBILITY,Synthetic engineering or feasibility issue requiring monitoring review.,IN_PROGRESS,MEDIUM
ISS-00531-19-01,PAI-00531,2025-07-31,LAND_ACQUISITION,Synthetic land acquisition issue requiring monitoring review.,OPEN,MEDIUM
ISS-00531-20-01,PAI-00531,2025-08-31,PROCUREMENT_OR_CONTRACT,Synthetic procurement or contract issue requiring monitoring review.,RESOLVED,MEDIUM
ISS-00531-21-01,PAI-00531,2025-09-30,ENGINEERING_OR_FEASIBILITY,Synthetic engineering or feasibility issue requiring monitoring review.,OPEN,HIGH
ISS-00531-21-02,PAI-00531,2025-09-30,LEGAL_OR_SOCIAL,Synthetic legal or social issue requiring monitoring review.,IN_PROGRESS,MEDIUM
ISS-00531-22-01,PAI-00531,2025-10-31,FUNDING,Synthetic funding issue requiring monitoring review.,IN_PROGRESS,HIGH
ISS-00532-04-01,PAI-00532,2024-04-30,CLEARANCE,Synthetic clearance issue requiring monitoring review.,RESOLVED,MEDIUM
ISS-00532-08-01,PAI-00532,2024-08-31,LEGAL_OR_SOCIAL,Synthetic legal or social issue requiring monitoring review.,IN_PROGRESS,LOW
ISS-00532-20-01,PAI-00532,2025-08-31,BUDGET_OR_APPROVAL,Synthetic budget or approval issue requiring monitoring review.,OPEN,MEDIUM
ISS-00532-22-01,PAI-00532,2025-10-31,LAND_ACQUISITION,Synthetic land acquisition issue requiring monitoring review.,IN_PROGRESS,MEDIUM
ISS-00532-23-01,PAI-00532,2025-11-30,LAND_ACQUISITION,Synthetic land acquisition issue requiring monitoring review.,OPEN,MEDIUM
ISS-00533-02-01,PAI-00533,2024-02-29,LEGAL_OR_SOCIAL,Synthetic legal or social issue requiring monitoring review.,RESOLVED,MEDIUM
ISS-00533-03-01,PAI-00533,2024-03-31,FUNDING,Synthetic funding issue requiring monitoring review.,IN_PROGRESS,HIGH
ISS-00533-04-01,PAI-00533,2024-04-30,SCOPE_OR_POLICY,Synthetic scope or policy issue requiring monitoring review.,OPEN,HIGH
ISS-00533-08-01,PAI-00533,2024-08-31,LAND_ACQUISITION,Synthetic land acquisition issue requiring monitoring review.,OPEN,HIGH
ISS-00533-08-02,PAI-00533,2024-08-31,CLEARANCE,Synthetic clearance issue requiring monitoring review.,RESOLVED,LOW
ISS-00533-09-01,PAI-00533,2024-09-30,FUNDING,Synthetic funding issue requiring monitoring review.,OPEN,MEDIUM
ISS-00533-10-01,PAI-00533,2024-10-31,SCOPE_OR_POLICY,Synthetic scope or policy issue requiring monitoring review.,OPEN,HIGH
ISS-00533-11-01,PAI-00533,2024-11-30,LAND_ACQUISITION,Synthetic land acquisition issue requiring monitoring review.,RESOLVED,LOW
ISS-00533-13-01,PAI-00533,2025-01-31,ENGINEERING_OR_FEASIBILITY,Synthetic engineering or feasibility issue requiring monitoring review.,RESOLVED,HIGH
ISS-00533-14-01,PAI-00533,2025-02-28,PROCUREMENT_OR_CONTRACT,Synthetic procurement or contract issue requiring monitoring review.,OPEN,HIGH
ISS-00533-15-01,PAI-00533,2025-03-31,SCOPE_OR_POLICY,Synthetic scope or policy issue requiring monitoring review.,OPEN,MEDIUM
ISS-00533-16-01,PAI-00533,2025-04-30,BUDGET_OR_APPROVAL,Synthetic budget or approval issue requiring monitoring review.,OPEN,MEDIUM
ISS-00533-16-02,PAI-00533,2025-04-30,LEGAL_OR_SOCIAL,Synthetic legal or social issue requiring monitoring review.,IN_PROGRESS,MEDIUM
ISS-00533-16-03,PAI-00533,2025-04-30,LEGAL_OR_SOCIAL,Synthetic legal or social issue requiring monitoring review.,IN_PROGRESS,MEDIUM
ISS-00533-17-01,PAI-00533,2025-05-31,ENGINEERING_OR_FEASIBILITY,Synthetic engineering or feasibility issue requiring monitoring review.,RESOLVED,LOW
ISS-00533-18-01,PAI-00533,2025-06-30,FUNDING,Synthetic funding issue requiring monitoring review.,RESOLVED,MEDIUM
ISS-00533-18-02,PAI-00533,2025-06-30,SCOPE_OR_POLICY,Synthetic scope or policy issue requiring monitoring review.,RESOLVED,HIGH
ISS-00533-19-01,PAI-00533,2025-07-31,LAND_ACQUISITION,Synthetic land acquisition issue requiring monitoring review.,RESOLVED,HIGH
ISS-00533-20-01,PAI-00533,2025-08-31,CLEARANCE,Synthetic clearance issue requiring monitoring review.,OPEN,MEDIUM
ISS-00533-20-02,PAI-00533,2025-08-31,LEGAL_OR_SOCIAL,Synthetic legal or social issue requiring monitoring review.,IN_PROGRESS,MEDIUM
ISS-00533-21-01,PAI-00533,2025-09-30,SCOPE_OR_POLICY,Synthetic scope or policy issue requiring monitoring review.,OPEN,MEDIUM
ISS-00534-09-01,PAI-00534,2024-09-30,LEGAL_OR_SOCIAL,Synthetic legal or social issue requiring monitoring review.,OPEN,LOW
ISS-00534-16-01,PAI-00534,2025-04-30,FUNDING,Synthetic funding issue requiring monitoring review.,OPEN,MEDIUM
ISS-00534-19-01,PAI-00534,2025-07-31,PROCUREMENT_OR_CONTRACT,Synthetic procurement or contract issue requiring monitoring review.,OPEN,LOW
ISS-00534-20-01,PAI-00534,2025-08-31,ENGINEERING_OR_FEASIBILITY,Synthetic engineering or feasibility issue requiring monitoring review.,IN_PROGRESS,MEDIUM
ISS-00534-24-01,PAI-00534,2025-12-31,LAND_ACQUISITION,Synthetic land acquisition issue requiring monitoring review.,OPEN,MEDIUM
ISS-00534-24-02,PAI-00534,2025-12-31,PROCUREMENT_OR_CONTRACT,Synthetic procurement or contract issue requiring monitoring review.,RESOLVED,LOW
ISS-00535-01-01,PAI-00535,2024-01-31,FUNDING,Synthetic funding issue requiring monitoring review.,OPEN,HIGH
ISS-00535-03-01,PAI-00535,2024-03-31,LEGAL_OR_SOCIAL,Synthetic legal or social issue requiring monitoring review.,IN_PROGRESS,HIGH
ISS-00535-04-01,PAI-00535,2024-04-30,LAND_ACQUISITION,Synthetic land acquisition issue requiring monitoring review.,OPEN,LOW
ISS-00535-04-02,PAI-00535,2024-04-30,LAND_ACQUISITION,Synthetic land acquisition issue requiring monitoring review.,OPEN,MEDIUM
ISS-00535-04-03,PAI-00535,2024-04-30,PROCUREMENT_OR_CONTRACT,Synthetic procurement or contract issue requiring monitoring review.,IN_PROGRESS,MEDIUM
ISS-00535-05-01,PAI-00535,2024-05-31,BUDGET_OR_APPROVAL,Synthetic budget or approval issue requiring monitoring review.,OPEN,HIGH
ISS-00535-07-01,PAI-00535,2024-07-31,ENGINEERING_OR_FEASIBILITY,Synthetic engineering or feasibility issue requiring monitoring review.,OPEN,HIGH
ISS-00535-09-01,PAI-00535,2024-09-30,PROCUREMENT_OR_CONTRACT,Synthetic procurement or contract issue requiring monitoring review.,RESOLVED,HIGH
ISS-00535-11-01,PAI-00535,2024-11-30,ENGINEERING_OR_FEASIBILITY,Synthetic engineering or feasibility issue requiring monitoring review.,IN_PROGRESS,LOW
ISS-00535-12-01,PAI-00535,2024-12-31,FUNDING,Synthetic funding issue requiring monitoring review.,IN_PROGRESS,LOW
ISS-00535-13-01,PAI-00535,2025-01-31,ENGINEERING_OR_FEASIBILITY,Synthetic engineering or feasibility issue requiring monitoring review.,OPEN,MEDIUM
ISS-00535-13-02,PAI-00535,2025-01-31,CLEARANCE,Synthetic clearance issue requiring monitoring review.,OPEN,MEDIUM
ISS-00535-13-03,PAI-00535,2025-01-31,FUNDING,Synthetic funding issue requiring monitoring review.,OPEN,HIGH
ISS-00535-14-01,PAI-00535,2025-02-28,LAND_ACQUISITION,Synthetic land acquisition issue requiring monitoring review.,IN_PROGRESS,HIGH
ISS-00535-15-01,PAI-00535,2025-03-31,FUNDING,Synthetic funding issue requiring monitoring review.,OPEN,LOW
ISS-00535-16-01,PAI-00535,2025-04-30,PROCUREMENT_OR_CONTRACT,Synthetic procurement or contract issue requiring monitoring review.,RESOLVED,HIGH
ISS-00535-16-02,PAI-00535,2025-04-30,LEGAL_OR_SOCIAL,Synthetic legal or social issue requiring monitoring review.,IN_PROGRESS,HIGH
ISS-00535-16-03,PAI-00535,2025-04-30,LAND_ACQUISITION,Synthetic land acquisition issue requiring monitoring review.,RESOLVED,HIGH
ISS-00535-17-01,PAI-00535,2025-05-31,FUNDING,Synthetic funding issue requiring monitoring review.,OPEN,LOW
ISS-00535-18-01,PAI-00535,2025-06-30,LAND_ACQUISITION,Synthetic land acquisition issue requiring monitoring review.,OPEN,MEDIUM
ISS-00535-18-02,PAI-00535,2025-06-30,ENGINEERING_OR_FEASIBILITY,Synthetic engineering or feasibility issue requiring monitoring review.,OPEN,MEDIUM
ISS-00535-20-01,PAI-00535,2025-08-31,FUNDING,Synthetic funding issue requiring monitoring review.,OPEN,HIGH
ISS-00535-22-01,PAI-00535,2025-10-31,PROCUREMENT_OR_CONTRACT,Synthetic procurement or contract issue requiring monitoring review.,IN_PROGRESS,LOW
ISS-00535-24-01,PAI-00535,2025-12-31,BUDGET_OR_APPROVAL,Synthetic budget or approval issue requiring monitoring review.,IN_PROGRESS,MEDIUM
ISS-00535-24-02,PAI-00535,2025-12-31,FUNDING,Synthetic funding issue requiring monitoring review.,RESOLVED,LOW
ISS-00536-03-01,PAI-00536,2024-03-31,LEGAL_OR_SOCIAL,Synthetic legal or social issue requiring monitoring review.,IN_PROGRESS,LOW
ISS-00536-04-01,PAI-00536,2024-04-30,CLEARANCE,Synthetic clearance issue requiring monitoring review.,IN_PROGRESS,MEDIUM
ISS-00536-04-02,PAI-00536,2024-04-30,ENGINEERING_OR_FEASIBILITY,Synthetic engineering or feasibility issue requiring monitoring review.,OPEN,LOW
ISS-00536-06-01,PAI-00536,2024-06-30,ENGINEERING_OR_FEASIBILITY,Synthetic engineering or feasibility issue requiring monitoring review.,OPEN,HIGH
ISS-00536-09-01,PAI-00536,2024-09-30,SCOPE_OR_POLICY,Synthetic scope or policy issue requiring monitoring review.,OPEN,HIGH
ISS-00536-11-01,PAI-00536,2024-11-30,LEGAL_OR_SOCIAL,Synthetic legal or social issue requiring monitoring review.,OPEN,MEDIUM
ISS-00536-13-01,PAI-00536,2025-01-31,LAND_ACQUISITION,Synthetic land acquisition issue requiring monitoring review.,IN_PROGRESS,HIGH
ISS-00536-15-01,PAI-00536,2025-03-31,BUDGET_OR_APPROVAL,Synthetic budget or approval issue requiring monitoring review.,OPEN,HIGH
ISS-00536-21-01,PAI-00536,2025-09-30,SCOPE_OR_POLICY,Synthetic scope or policy issue requiring monitoring review.,IN_PROGRESS,HIGH
ISS-00536-23-01,PAI-00536,2025-11-30,LAND_ACQUISITION,Synthetic land acquisition issue requiring monitoring review.,OPEN,MEDIUM
ISS-00537-05-01,PAI-00537,2024-05-31,LAND_ACQUISITION,Synthetic land acquisition issue requiring monitoring review.,RESOLVED,MEDIUM
ISS-00537-09-01,PAI-00537,2024-09-30,BUDGET_OR_APPROVAL,Synthetic budget or approval issue requiring monitoring review.,OPEN,LOW
ISS-00537-13-01,PAI-00537,2025-01-31,LAND_ACQUISITION,Synthetic land acquisition issue requiring monitoring review.,RESOLVED,LOW
ISS-00537-17-01,PAI-00537,2025-05-31,BUDGET_OR_APPROVAL,Synthetic budget or approval issue requiring monitoring review.,OPEN,HIGH
ISS-00537-21-01,PAI-00537,2025-09-30,PROCUREMENT_OR_CONTRACT,Synthetic procurement or contract issue requiring monitoring review.,OPEN,MEDIUM
ISS-00538-07-01,PAI-00538,2024-07-31,PROCUREMENT_OR_CONTRACT,Synthetic procurement or contract issue requiring monitoring review.,IN_PROGRESS,MEDIUM
ISS-00538-11-01,PAI-00538,2024-11-30,SCOPE_OR_POLICY,Synthetic scope or policy issue requiring monitoring review.,OPEN,HIGH
ISS-00538-12-01,PAI-00538,2024-12-31,CLEARANCE,Synthetic clearance issue requiring monitoring review.,RESOLVED,MEDIUM
ISS-00538-13-01,PAI-00538,2025-01-31,LEGAL_OR_SOCIAL,Synthetic legal or social issue requiring monitoring review.,RESOLVED,HIGH
ISS-00538-13-02,PAI-00538,2025-01-31,LAND_ACQUISITION,Synthetic land acquisition issue requiring monitoring review.,RESOLVED,HIGH
ISS-00538-13-03,PAI-00538,2025-01-31,CLEARANCE,Synthetic clearance issue requiring monitoring review.,IN_PROGRESS,MEDIUM
ISS-00538-16-01,PAI-00538,2025-04-30,LEGAL_OR_SOCIAL,Synthetic legal or social issue requiring monitoring review.,IN_PROGRESS,LOW
ISS-00539-01-01,PAI-00539,2024-01-31,ENGINEERING_OR_FEASIBILITY,Synthetic engineering or feasibility issue requiring monitoring review.,OPEN,HIGH
ISS-00539-04-01,PAI-00539,2024-04-30,LAND_ACQUISITION,Synthetic land acquisition issue requiring monitoring review.,IN_PROGRESS,LOW
ISS-00539-05-01,PAI-00539,2024-05-31,LAND_ACQUISITION,Synthetic land acquisition issue requiring monitoring review.,OPEN,LOW
ISS-00539-07-01,PAI-00539,2024-07-31,BUDGET_OR_APPROVAL,Synthetic budget or approval issue requiring monitoring review.,IN_PROGRESS,MEDIUM
ISS-00539-07-02,PAI-00539,2024-07-31,LEGAL_OR_SOCIAL,Synthetic legal or social issue requiring monitoring review.,OPEN,HIGH
ISS-00539-08-01,PAI-00539,2024-08-31,PROCUREMENT_OR_CONTRACT,Synthetic procurement or contract issue requiring monitoring review.,IN_PROGRESS,MEDIUM
ISS-00539-08-02,PAI-00539,2024-08-31,SCOPE_OR_POLICY,Synthetic scope or policy issue requiring monitoring review.,RESOLVED,MEDIUM
ISS-00539-08-03,PAI-00539,2024-08-31,BUDGET_OR_APPROVAL,Synthetic budget or approval issue requiring monitoring review.,OPEN,MEDIUM
ISS-00539-08-04,PAI-00539,2024-08-31,CLEARANCE,Synthetic clearance issue requiring monitoring review.,OPEN,MEDIUM
ISS-00539-09-01,PAI-00539,2024-09-30,BUDGET_OR_APPROVAL,Synthetic budget or approval issue requiring monitoring review.,RESOLVED,MEDIUM
ISS-00539-10-01,PAI-00539,2024-10-31,LEGAL_OR_SOCIAL,Synthetic legal or social issue requiring monitoring review.,OPEN,MEDIUM
ISS-00539-11-01,PAI-00539,2024-11-30,SCOPE_OR_POLICY,Synthetic scope or policy issue requiring monitoring review.,IN_PROGRESS,LOW
ISS-00539-12-01,PAI-00539,2024-12-31,LEGAL_OR_SOCIAL,Synthetic legal or social issue requiring monitoring review.,OPEN,MEDIUM
ISS-00539-13-01,PAI-00539,2025-01-31,ENGINEERING_OR_FEASIBILITY,Synthetic engineering or feasibility issue requiring monitoring review.,OPEN,MEDIUM
ISS-00539-13-02,PAI-00539,2025-01-31,LEGAL_OR_SOCIAL,Synthetic legal or social issue requiring monitoring review.,OPEN,HIGH
ISS-00539-16-01,PAI-00539,2025-04-30,SCOPE_OR_POLICY,Synthetic scope or policy issue requiring monitoring review.,OPEN,MEDIUM
ISS-00539-17-01,PAI-00539,2025-05-31,ENGINEERING_OR_FEASIBILITY,Synthetic engineering or feasibility issue requiring monitoring review.,IN_PROGRESS,MEDIUM
ISS-00539-18-01,PAI-00539,2025-06-30,PROCUREMENT_OR_CONTRACT,Synthetic procurement or contract issue requiring monitoring review.,RESOLVED,LOW
ISS-00539-18-02,PAI-00539,2025-06-30,FUNDING,Synthetic funding issue requiring monitoring review.,IN_PROGRESS,HIGH
ISS-00539-18-03,PAI-00539,2025-06-30,BUDGET_OR_APPROVAL,Synthetic budget or approval issue requiring monitoring review.,OPEN,LOW
ISS-00539-18-04,PAI-00539,2025-06-30,LAND_ACQUISITION,Synthetic land acquisition issue requiring monitoring review.,IN_PROGRESS,LOW
ISS-00539-19-01,PAI-00539,2025-07-31,PROCUREMENT_OR_CONTRACT,Synthetic procurement or contract issue requiring monitoring review.,IN_PROGRESS,HIGH
ISS-00539-20-01,PAI-00539,2025-08-31,CLEARANCE,Synthetic clearance issue requiring monitoring review.,IN_PROGRESS,MEDIUM
ISS-00539-20-02,PAI-00539,2025-08-31,CLEARANCE,Synthetic clearance issue requiring monitoring review.,IN_PROGRESS,LOW
ISS-00539-21-01,PAI-00539,2025-09-30,LAND_ACQUISITION,Synthetic land acquisition issue requiring monitoring review.,IN_PROGRESS,MEDIUM
ISS-00540-02-01,PAI-00540,2024-02-29,PROCUREMENT_OR_CONTRACT,Synthetic procurement or contract issue requiring monitoring review.,RESOLVED,MEDIUM
ISS-00540-03-01,PAI-00540,2024-03-31,CLEARANCE,Synthetic clearance issue requiring monitoring review.,OPEN,HIGH
ISS-00540-04-01,PAI-00540,2024-04-30,SCOPE_OR_POLICY,Synthetic scope or policy issue requiring monitoring review.,RESOLVED,HIGH
ISS-00540-06-01,PAI-00540,2024-06-30,LEGAL_OR_SOCIAL,Synthetic legal or social issue requiring monitoring review.,OPEN,MEDIUM
ISS-00540-06-02,PAI-00540,2024-06-30,PROCUREMENT_OR_CONTRACT,Synthetic procurement or contract issue requiring monitoring review.,OPEN,LOW
ISS-00540-09-01,PAI-00540,2024-09-30,PROCUREMENT_OR_CONTRACT,Synthetic procurement or contract issue requiring monitoring review.,OPEN,HIGH
ISS-00540-10-01,PAI-00540,2024-10-31,ENGINEERING_OR_FEASIBILITY,Synthetic engineering or feasibility issue requiring monitoring review.,IN_PROGRESS,HIGH
ISS-00540-11-01,PAI-00540,2024-11-30,FUNDING,Synthetic funding issue requiring monitoring review.,OPEN,HIGH
ISS-00540-12-01,PAI-00540,2024-12-31,FUNDING,Synthetic funding issue requiring monitoring review.,IN_PROGRESS,HIGH
ISS-00540-12-02,PAI-00540,2024-12-31,CLEARANCE,Synthetic clearance issue requiring monitoring review.,OPEN,MEDIUM
ISS-00540-12-03,PAI-00540,2024-12-31,PROCUREMENT_OR_CONTRACT,Synthetic procurement or contract issue requiring monitoring review.,IN_PROGRESS,MEDIUM
ISS-00540-12-04,PAI-00540,2024-12-31,LAND_ACQUISITION,Synthetic land acquisition issue requiring monitoring review.,OPEN,HIGH
ISS-00540-14-01,PAI-00540,2025-02-28,FUNDING,Synthetic funding issue requiring monitoring review.,RESOLVED,MEDIUM
ISS-00540-15-01,PAI-00540,2025-03-31,BUDGET_OR_APPROVAL,Synthetic budget or approval issue requiring monitoring review.,RESOLVED,HIGH
ISS-00540-15-02,PAI-00540,2025-03-31,FUNDING,Synthetic funding issue requiring monitoring review.,OPEN,HIGH
ISS-00540-16-01,PAI-00540,2025-04-30,BUDGET_OR_APPROVAL,Synthetic budget or approval issue requiring monitoring review.,OPEN,MEDIUM
ISS-00540-16-02,PAI-00540,2025-04-30,LAND_ACQUISITION,Synthetic land acquisition issue requiring monitoring review.,OPEN,MEDIUM
ISS-00540-16-03,PAI-00540,2025-04-30,LAND_ACQUISITION,Synthetic land acquisition issue requiring monitoring review.,OPEN,LOW
ISS-00540-17-01,PAI-00540,2025-05-31,PROCUREMENT_OR_CONTRACT,Synthetic procurement or contract issue requiring monitoring review.,IN_PROGRESS,HIGH
ISS-00540-19-01,PAI-00540,2025-07-31,BUDGET_OR_APPROVAL,Synthetic budget or approval issue requiring monitoring review.,IN_PROGRESS,HIGH
ISS-00540-19-02,PAI-00540,2025-07-31,ENGINEERING_OR_FEASIBILITY,Synthetic engineering or feasibility issue requiring monitoring review.,OPEN,LOW
ISS-00540-20-01,PAI-00540,2025-08-31,ENGINEERING_OR_FEASIBILITY,Synthetic engineering or feasibility issue requiring monitoring review.,OPEN,HIGH
ISS-00540-20-02,PAI-00540,2025-08-31,LEGAL_OR_SOCIAL,Synthetic legal or social issue requiring monitoring review.,OPEN,LOW
ISS-00540-20-03,PAI-00540,2025-08-31,LEGAL_OR_SOCIAL,Synthetic legal or social issue requiring monitoring review.,IN_PROGRESS,MEDIUM
ISS-00540-21-01,PAI-00540,2025-09-30,FUNDING,Synthetic funding issue requiring monitoring review.,RESOLVED,LOW
ISS-00540-21-02,PAI-00540,2025-09-30,BUDGET_OR_APPROVAL,Synthetic budget or approval issue requiring monitoring review.,IN_PROGRESS,MEDIUM
ISS-00540-22-01,PAI-00540,2025-10-31,LEGAL_OR_SOCIAL,Synthetic legal or social issue requiring monitoring review.,IN_PROGRESS,MEDIUM
ISS-00540-22-02,PAI-00540,2025-10-31,SCOPE_OR_POLICY,Synthetic scope or policy issue requiring monitoring review.,IN_PROGRESS,MEDIUM
ISS-00540-23-01,PAI-00540,2025-11-30,ENGINEERING_OR_FEASIBILITY,Synthetic engineering or feasibility issue requiring monitoring review.,OPEN,MEDIUM
ISS-00540-23-02,PAI-00540,2025-11-30,SCOPE_OR_POLICY,Synthetic scope or policy issue requiring monitoring review.,OPEN,MEDIUM
ISS-00541-04-01,PAI-00541,2024-04-30,LAND_ACQUISITION,Synthetic land acquisition issue requiring monitoring review.,OPEN,HIGH
ISS-00541-04-02,PAI-00541,2024-04-30,LAND_ACQUISITION,Synthetic land acquisition issue requiring monitoring review.,RESOLVED,MEDIUM
ISS-00541-11-01,PAI-00541,2024-11-30,PROCUREMENT_OR_CONTRACT,Synthetic procurement or contract issue requiring monitoring review.,OPEN,MEDIUM
ISS-00541-11-02,PAI-00541,2024-11-30,FUNDING,Synthetic funding issue requiring monitoring review.,RESOLVED,LOW
ISS-00541-13-01,PAI-00541,2025-01-31,CLEARANCE,Synthetic clearance issue requiring monitoring review.,OPEN,LOW
ISS-00541-17-01,PAI-00541,2025-05-31,CLEARANCE,Synthetic clearance issue requiring monitoring review.,OPEN,LOW
ISS-00541-21-01,PAI-00541,2025-09-30,FUNDING,Synthetic funding issue requiring monitoring review.,OPEN,LOW
ISS-00542-04-01,PAI-00542,2024-04-30,CLEARANCE,Synthetic clearance issue requiring monitoring review.,IN_PROGRESS,MEDIUM
ISS-00542-04-02,PAI-00542,2024-04-30,ENGINEERING_OR_FEASIBILITY,Synthetic engineering or feasibility issue requiring monitoring review.,RESOLVED,MEDIUM
ISS-00542-04-03,PAI-00542,2024-04-30,SCOPE_OR_POLICY,Synthetic scope or policy issue requiring monitoring review.,OPEN,HIGH
ISS-00542-07-01,PAI-00542,2024-07-31,LAND_ACQUISITION,Synthetic land acquisition issue requiring monitoring review.,RESOLVED,LOW
ISS-00542-08-01,PAI-00542,2024-08-31,PROCUREMENT_OR_CONTRACT,Synthetic procurement or contract issue requiring monitoring review.,IN_PROGRESS,LOW
ISS-00542-11-01,PAI-00542,2024-11-30,BUDGET_OR_APPROVAL,Synthetic budget or approval issue requiring monitoring review.,IN_PROGRESS,HIGH
ISS-00542-13-01,PAI-00542,2025-01-31,FUNDING,Synthetic funding issue requiring monitoring review.,IN_PROGRESS,MEDIUM
ISS-00542-14-01,PAI-00542,2025-02-28,PROCUREMENT_OR_CONTRACT,Synthetic procurement or contract issue requiring monitoring review.,RESOLVED,LOW
ISS-00542-15-01,PAI-00542,2025-03-31,FUNDING,Synthetic funding issue requiring monitoring review.,RESOLVED,MEDIUM
ISS-00542-17-01,PAI-00542,2025-05-31,PROCUREMENT_OR_CONTRACT,Synthetic procurement or contract issue requiring monitoring review.,IN_PROGRESS,HIGH
ISS-00542-21-01,PAI-00542,2025-09-30,FUNDING,Synthetic funding issue requiring monitoring review.,OPEN,HIGH
ISS-00542-21-02,PAI-00542,2025-09-30,SCOPE_OR_POLICY,Synthetic scope or policy issue requiring monitoring review.,OPEN,MEDIUM
ISS-00542-23-01,PAI-00542,2025-11-30,PROCUREMENT_OR_CONTRACT,Synthetic procurement or contract issue requiring monitoring review.,IN_PROGRESS,MEDIUM
ISS-00542-23-02,PAI-00542,2025-11-30,SCOPE_OR_POLICY,Synthetic scope or policy issue requiring monitoring review.,IN_PROGRESS,HIGH
ISS-00542-23-03,PAI-00542,2025-11-30,ENGINEERING_OR_FEASIBILITY,Synthetic engineering or feasibility issue requiring monitoring review.,RESOLVED,LOW
ISS-00542-23-04,PAI-00542,2025-11-30,PROCUREMENT_OR_CONTRACT,Synthetic procurement or contract issue requiring monitoring review.,OPEN,MEDIUM
ISS-00542-24-01,PAI-00542,2025-12-31,LEGAL_OR_SOCIAL,Synthetic legal or social issue requiring monitoring review.,IN_PROGRESS,MEDIUM
ISS-00543-02-01,PAI-00543,2024-02-29,LEGAL_OR_SOCIAL,Synthetic legal or social issue requiring monitoring review.,RESOLVED,HIGH
ISS-00543-09-01,PAI-00543,2024-09-30,LAND_ACQUISITION,Synthetic land acquisition issue requiring monitoring review.,RESOLVED,MEDIUM
ISS-00543-15-01,PAI-00543,2025-03-31,LEGAL_OR_SOCIAL,Synthetic legal or social issue requiring monitoring review.,IN_PROGRESS,MEDIUM
ISS-00543-18-01,PAI-00543,2025-06-30,LAND_ACQUISITION,Synthetic land acquisition issue requiring monitoring review.,OPEN,HIGH
ISS-00543-21-01,PAI-00543,2025-09-30,PROCUREMENT_OR_CONTRACT,Synthetic procurement or contract issue requiring monitoring review.,IN_PROGRESS,LOW
ISS-00544-12-01,PAI-00544,2024-12-31,LAND_ACQUISITION,Synthetic land acquisition issue requiring monitoring review.,RESOLVED,LOW
ISS-00544-14-01,PAI-00544,2025-02-28,LAND_ACQUISITION,Synthetic land acquisition issue requiring monitoring review.,RESOLVED,LOW
ISS-00544-21-01,PAI-00544,2025-09-30,FUNDING,Synthetic funding issue requiring monitoring review.,OPEN,HIGH
ISS-00545-02-01,PAI-00545,2024-02-29,LEGAL_OR_SOCIAL,Synthetic legal or social issue requiring monitoring review.,OPEN,MEDIUM
ISS-00545-08-01,PAI-00545,2024-08-31,ENGINEERING_OR_FEASIBILITY,Synthetic engineering or feasibility issue requiring monitoring review.,OPEN,HIGH
ISS-00545-17-01,PAI-00545,2025-05-31,LAND_ACQUISITION,Synthetic land acquisition issue requiring monitoring review.,OPEN,HIGH
ISS-00545-19-01,PAI-00545,2025-07-31,CLEARANCE,Synthetic clearance issue requiring monitoring review.,IN_PROGRESS,LOW
ISS-00545-23-01,PAI-00545,2025-11-30,CLEARANCE,Synthetic clearance issue requiring monitoring review.,RESOLVED,LOW
ISS-00546-07-01,PAI-00546,2024-07-31,ENGINEERING_OR_FEASIBILITY,Synthetic engineering or feasibility issue requiring monitoring review.,OPEN,LOW
ISS-00546-08-01,PAI-00546,2024-08-31,ENGINEERING_OR_FEASIBILITY,Synthetic engineering or feasibility issue requiring monitoring review.,IN_PROGRESS,MEDIUM
ISS-00546-08-02,PAI-00546,2024-08-31,PROCUREMENT_OR_CONTRACT,Synthetic procurement or contract issue requiring monitoring review.,OPEN,LOW
ISS-00547-11-01,PAI-00547,2024-11-30,CLEARANCE,Synthetic clearance issue requiring monitoring review.,IN_PROGRESS,MEDIUM
ISS-00547-13-01,PAI-00547,2025-01-31,LAND_ACQUISITION,Synthetic land acquisition issue requiring monitoring review.,IN_PROGRESS,LOW
ISS-00547-14-01,PAI-00547,2025-02-28,CLEARANCE,Synthetic clearance issue requiring monitoring review.,IN_PROGRESS,MEDIUM
ISS-00547-16-01,PAI-00547,2025-04-30,LEGAL_OR_SOCIAL,Synthetic legal or social issue requiring monitoring review.,IN_PROGRESS,MEDIUM
ISS-00547-17-01,PAI-00547,2025-05-31,CLEARANCE,Synthetic clearance issue requiring monitoring review.,RESOLVED,LOW
ISS-00547-22-01,PAI-00547,2025-10-31,PROCUREMENT_OR_CONTRACT,Synthetic procurement or contract issue requiring monitoring review.,IN_PROGRESS,LOW
ISS-00547-23-01,PAI-00547,2025-11-30,LAND_ACQUISITION,Synthetic land acquisition issue requiring monitoring review.,RESOLVED,MEDIUM
ISS-00547-23-02,PAI-00547,2025-11-30,FUNDING,Synthetic funding issue requiring monitoring review.,OPEN,HIGH
ISS-00548-05-01,PAI-00548,2024-05-31,PROCUREMENT_OR_CONTRACT,Synthetic procurement or contract issue requiring monitoring review.,OPEN,LOW
ISS-00548-10-01,PAI-00548,2024-10-31,CLEARANCE,Synthetic clearance issue requiring monitoring review.,OPEN,MEDIUM
ISS-00548-18-01,PAI-00548,2025-06-30,FUNDING,Synthetic funding issue requiring monitoring review.,OPEN,MEDIUM
ISS-00548-18-02,PAI-00548,2025-06-30,PROCUREMENT_OR_CONTRACT,Synthetic procurement or contract issue requiring monitoring review.,IN_PROGRESS,LOW
ISS-00549-02-01,PAI-00549,2024-02-29,CLEARANCE,Synthetic clearance issue requiring monitoring review.,OPEN,MEDIUM
ISS-00549-06-01,PAI-00549,2024-06-30,LEGAL_OR_SOCIAL,Synthetic legal or social issue requiring monitoring review.,IN_PROGRESS,HIGH
ISS-00549-10-01,PAI-00549,2024-10-31,ENGINEERING_OR_FEASIBILITY,Synthetic engineering or feasibility issue requiring monitoring review.,IN_PROGRESS,LOW
ISS-00549-12-01,PAI-00549,2024-12-31,BUDGET_OR_APPROVAL,Synthetic budget or approval issue requiring monitoring review.,IN_PROGRESS,MEDIUM
ISS-00549-16-01,PAI-00549,2025-04-30,SCOPE_OR_POLICY,Synthetic scope or policy issue requiring monitoring review.,OPEN,LOW
ISS-00549-16-02,PAI-00549,2025-04-30,LAND_ACQUISITION,Synthetic land acquisition issue requiring monitoring review.,OPEN,MEDIUM
ISS-00549-17-01,PAI-00549,2025-05-31,CLEARANCE,Synthetic clearance issue requiring monitoring review.,OPEN,HIGH
ISS-00549-20-01,PAI-00549,2025-08-31,CLEARANCE,Synthetic clearance issue requiring monitoring review.,IN_PROGRESS,HIGH
ISS-00549-20-02,PAI-00549,2025-08-31,ENGINEERING_OR_FEASIBILITY,Synthetic engineering or feasibility issue requiring monitoring review.,IN_PROGRESS,MEDIUM
ISS-00549-20-03,PAI-00549,2025-08-31,PROCUREMENT_OR_CONTRACT,Synthetic procurement or contract issue requiring monitoring review.,IN_PROGRESS,MEDIUM
ISS-00549-20-04,PAI-00549,2025-08-31,LAND_ACQUISITION,Synthetic land acquisition issue requiring monitoring review.,OPEN,LOW
ISS-00549-22-01,PAI-00549,2025-10-31,LAND_ACQUISITION,Synthetic land acquisition issue requiring monitoring review.,OPEN,LOW
ISS-00549-23-01,PAI-00549,2025-11-30,LAND_ACQUISITION,Synthetic land acquisition issue requiring monitoring review.,IN_PROGRESS,LOW
ISS-00550-05-01,PAI-00550,2024-05-31,CLEARANCE,Synthetic clearance issue requiring monitoring review.,RESOLVED,LOW
ISS-00550-05-02,PAI-00550,2024-05-31,ENGINEERING_OR_FEASIBILITY,Synthetic engineering or feasibility issue requiring monitoring review.,IN_PROGRESS,LOW
ISS-00550-06-01,PAI-00550,2024-06-30,LAND_ACQUISITION,Synthetic land acquisition issue requiring monitoring review.,OPEN,HIGH
ISS-00550-09-01,PAI-00550,2024-09-30,CLEARANCE,Synthetic clearance issue requiring monitoring review.,OPEN,HIGH
ISS-00550-10-01,PAI-00550,2024-10-31,SCOPE_OR_POLICY,Synthetic scope or policy issue requiring monitoring review.,RESOLVED,HIGH
ISS-00550-10-02,PAI-00550,2024-10-31,ENGINEERING_OR_FEASIBILITY,Synthetic engineering or feasibility issue requiring monitoring review.,OPEN,MEDIUM
ISS-00550-13-01,PAI-00550,2025-01-31,BUDGET_OR_APPROVAL,Synthetic budget or approval issue requiring monitoring review.,IN_PROGRESS,MEDIUM
ISS-00550-14-01,PAI-00550,2025-02-28,FUNDING,Synthetic funding issue requiring monitoring review.,OPEN,LOW
ISS-00550-16-01,PAI-00550,2025-04-30,LEGAL_OR_SOCIAL,Synthetic legal or social issue requiring monitoring review.,OPEN,MEDIUM
ISS-00550-16-02,PAI-00550,2025-04-30,BUDGET_OR_APPROVAL,Synthetic budget or approval issue requiring monitoring review.,IN_PROGRESS,LOW
ISS-00550-16-03,PAI-00550,2025-04-30,SCOPE_OR_POLICY,Synthetic scope or policy issue requiring monitoring review.,OPEN,MEDIUM
ISS-00550-18-01,PAI-00550,2025-06-30,BUDGET_OR_APPROVAL,Synthetic budget or approval issue requiring monitoring review.,OPEN,MEDIUM
ISS-00550-19-01,PAI-00550,2025-07-31,FUNDING,Synthetic funding issue requiring monitoring review.,OPEN,MEDIUM
ISS-00550-20-01,PAI-00550,2025-08-31,ENGINEERING_OR_FEASIBILITY,Synthetic engineering or feasibility issue requiring monitoring review.,OPEN,HIGH
ISS-00550-24-01,PAI-00550,2025-12-31,BUDGET_OR_APPROVAL,Synthetic budget or approval issue requiring monitoring review.,RESOLVED,HIGH
ISS-00551-04-01,PAI-00551,2024-04-30,CLEARANCE,Synthetic clearance issue requiring monitoring review.,OPEN,HIGH
ISS-00551-11-01,PAI-00551,2024-11-30,ENGINEERING_OR_FEASIBILITY,Synthetic engineering or feasibility issue requiring monitoring review.,IN_PROGRESS,MEDIUM
ISS-00551-12-01,PAI-00551,2024-12-31,BUDGET_OR_APPROVAL,Synthetic budget or approval issue requiring monitoring review.,RESOLVED,LOW
ISS-00551-15-01,PAI-00551,2025-03-31,CLEARANCE,Synthetic clearance issue requiring monitoring review.,IN_PROGRESS,LOW
ISS-00551-19-01,PAI-00551,2025-07-31,ENGINEERING_OR_FEASIBILITY,Synthetic engineering or feasibility issue requiring monitoring review.,OPEN,LOW
ISS-00551-22-01,PAI-00551,2025-10-31,ENGINEERING_OR_FEASIBILITY,Synthetic engineering or feasibility issue requiring monitoring review.,IN_PROGRESS,MEDIUM
ISS-00552-04-01,PAI-00552,2024-04-30,CLEARANCE,Synthetic clearance issue requiring monitoring review.,IN_PROGRESS,HIGH
ISS-00552-06-01,PAI-00552,2024-06-30,LEGAL_OR_SOCIAL,Synthetic legal or social issue requiring monitoring review.,IN_PROGRESS,LOW
ISS-00552-07-01,PAI-00552,2024-07-31,BUDGET_OR_APPROVAL,Synthetic budget or approval issue requiring monitoring review.,OPEN,LOW
ISS-00552-12-01,PAI-00552,2024-12-31,FUNDING,Synthetic funding issue requiring monitoring review.,IN_PROGRESS,HIGH
ISS-00552-13-01,PAI-00552,2025-01-31,SCOPE_OR_POLICY,Synthetic scope or policy issue requiring monitoring review.,OPEN,HIGH
ISS-00552-14-01,PAI-00552,2025-02-28,ENGINEERING_OR_FEASIBILITY,Synthetic engineering or feasibility issue requiring monitoring review.,OPEN,MEDIUM
ISS-00552-15-01,PAI-00552,2025-03-31,LEGAL_OR_SOCIAL,Synthetic legal or social issue requiring monitoring review.,IN_PROGRESS,MEDIUM
ISS-00552-16-01,PAI-00552,2025-04-30,FUNDING,Synthetic funding issue requiring monitoring review.,RESOLVED,LOW
ISS-00552-17-01,PAI-00552,2025-05-31,ENGINEERING_OR_FEASIBILITY,Synthetic engineering or feasibility issue requiring monitoring review.,RESOLVED,LOW
ISS-00552-20-01,PAI-00552,2025-08-31,FUNDING,Synthetic funding issue requiring monitoring review.,IN_PROGRESS,LOW
ISS-00552-21-01,PAI-00552,2025-09-30,CLEARANCE,Synthetic clearance issue requiring monitoring review.,OPEN,HIGH
ISS-00552-22-01,PAI-00552,2025-10-31,LEGAL_OR_SOCIAL,Synthetic legal or social issue requiring monitoring review.,IN_PROGRESS,MEDIUM
ISS-00552-23-01,PAI-00552,2025-11-30,LAND_ACQUISITION,Synthetic land acquisition issue requiring monitoring review.,RESOLVED,HIGH
ISS-00553-02-01,PAI-00553,2024-02-29,ENGINEERING_OR_FEASIBILITY,Synthetic engineering or feasibility issue requiring monitoring review.,OPEN,MEDIUM
ISS-00553-02-02,PAI-00553,2024-02-29,SCOPE_OR_POLICY,Synthetic scope or policy issue requiring monitoring review.,IN_PROGRESS,LOW
ISS-00553-03-01,PAI-00553,2024-03-31,BUDGET_OR_APPROVAL,Synthetic budget or approval issue requiring monitoring review.,RESOLVED,HIGH
ISS-00553-06-01,PAI-00553,2024-06-30,FUNDING,Synthetic funding issue requiring monitoring review.,OPEN,MEDIUM
ISS-00553-07-01,PAI-00553,2024-07-31,SCOPE_OR_POLICY,Synthetic scope or policy issue requiring monitoring review.,RESOLVED,MEDIUM
ISS-00553-08-01,PAI-00553,2024-08-31,FUNDING,Synthetic funding issue requiring monitoring review.,OPEN,MEDIUM
ISS-00553-08-02,PAI-00553,2024-08-31,BUDGET_OR_APPROVAL,Synthetic budget or approval issue requiring monitoring review.,OPEN,HIGH
ISS-00553-09-01,PAI-00553,2024-09-30,LEGAL_OR_SOCIAL,Synthetic legal or social issue requiring monitoring review.,OPEN,LOW
ISS-00553-12-01,PAI-00553,2024-12-31,LEGAL_OR_SOCIAL,Synthetic legal or social issue requiring monitoring review.,IN_PROGRESS,HIGH
ISS-00553-12-02,PAI-00553,2024-12-31,CLEARANCE,Synthetic clearance issue requiring monitoring review.,IN_PROGRESS,HIGH
ISS-00553-13-01,PAI-00553,2025-01-31,LAND_ACQUISITION,Synthetic land acquisition issue requiring monitoring review.,IN_PROGRESS,HIGH
ISS-00553-13-02,PAI-00553,2025-01-31,PROCUREMENT_OR_CONTRACT,Synthetic procurement or contract issue requiring monitoring review.,IN_PROGRESS,MEDIUM
ISS-00553-13-03,PAI-00553,2025-01-31,ENGINEERING_OR_FEASIBILITY,Synthetic engineering or feasibility issue requiring monitoring review.,RESOLVED,LOW
ISS-00553-14-01,PAI-00553,2025-02-28,LAND_ACQUISITION,Synthetic land acquisition issue requiring monitoring review.,IN_PROGRESS,MEDIUM
ISS-00553-17-01,PAI-00553,2025-05-31,ENGINEERING_OR_FEASIBILITY,Synthetic engineering or feasibility issue requiring monitoring review.,OPEN,LOW
ISS-00553-17-02,PAI-00553,2025-05-31,BUDGET_OR_APPROVAL,Synthetic budget or approval issue requiring monitoring review.,RESOLVED,MEDIUM
ISS-00553-17-03,PAI-00553,2025-05-31,BUDGET_OR_APPROVAL,Synthetic budget or approval issue requiring monitoring review.,OPEN,HIGH
ISS-00553-19-01,PAI-00553,2025-07-31,FUNDING,Synthetic funding issue requiring monitoring review.,OPEN,LOW
ISS-00553-21-01,PAI-00553,2025-09-30,LAND_ACQUISITION,Synthetic land acquisition issue requiring monitoring review.,IN_PROGRESS,LOW
ISS-00553-22-01,PAI-00553,2025-10-31,ENGINEERING_OR_FEASIBILITY,Synthetic engineering or feasibility issue requiring monitoring review.,IN_PROGRESS,HIGH
ISS-00553-24-01,PAI-00553,2025-12-31,CLEARANCE,Synthetic clearance issue requiring monitoring review.,OPEN,HIGH
ISS-00553-24-02,PAI-00553,2025-12-31,CLEARANCE,Synthetic clearance issue requiring monitoring review.,OPEN,MEDIUM
ISS-00553-24-03,PAI-00553,2025-12-31,SCOPE_OR_POLICY,Synthetic scope or policy issue requiring monitoring review.,IN_PROGRESS,LOW
ISS-00553-24-04,PAI-00553,2025-12-31,CLEARANCE,Synthetic clearance issue requiring monitoring review.,OPEN,MEDIUM
ISS-00554-09-01,PAI-00554,2024-09-30,CLEARANCE,Synthetic clearance issue requiring monitoring review.,OPEN,LOW
ISS-00554-11-01,PAI-00554,2024-11-30,ENGINEERING_OR_FEASIBILITY,Synthetic engineering or feasibility issue requiring monitoring review.,IN_PROGRESS,LOW
ISS-00554-12-01,PAI-00554,2024-12-31,LEGAL_OR_SOCIAL,Synthetic legal or social issue requiring monitoring review.,OPEN,HIGH
ISS-00554-12-02,PAI-00554,2024-12-31,CLEARANCE,Synthetic clearance issue requiring monitoring review.,IN_PROGRESS,MEDIUM
ISS-00554-14-01,PAI-00554,2025-02-28,LEGAL_OR_SOCIAL,Synthetic legal or social issue requiring monitoring review.,IN_PROGRESS,LOW
ISS-00554-15-01,PAI-00554,2025-03-31,ENGINEERING_OR_FEASIBILITY,Synthetic engineering or feasibility issue requiring monitoring review.,IN_PROGRESS,HIGH
ISS-00554-20-01,PAI-00554,2025-08-31,BUDGET_OR_APPROVAL,Synthetic budget or approval issue requiring monitoring review.,OPEN,LOW
ISS-00554-21-01,PAI-00554,2025-09-30,SCOPE_OR_POLICY,Synthetic scope or policy issue requiring monitoring review.,OPEN,LOW
ISS-00555-05-01,PAI-00555,2024-05-31,SCOPE_OR_POLICY,Synthetic scope or policy issue requiring monitoring review.,IN_PROGRESS,HIGH
ISS-00555-15-01,PAI-00555,2025-03-31,LAND_ACQUISITION,Synthetic land acquisition issue requiring monitoring review.,OPEN,HIGH
ISS-00555-15-02,PAI-00555,2025-03-31,ENGINEERING_OR_FEASIBILITY,Synthetic engineering or feasibility issue requiring monitoring review.,IN_PROGRESS,LOW
ISS-00555-15-03,PAI-00555,2025-03-31,PROCUREMENT_OR_CONTRACT,Synthetic procurement or contract issue requiring monitoring review.,IN_PROGRESS,MEDIUM
ISS-00555-18-01,PAI-00555,2025-06-30,LEGAL_OR_SOCIAL,Synthetic legal or social issue requiring monitoring review.,RESOLVED,LOW
ISS-00555-21-01,PAI-00555,2025-09-30,CLEARANCE,Synthetic clearance issue requiring monitoring review.,OPEN,MEDIUM
ISS-00555-22-01,PAI-00555,2025-10-31,ENGINEERING_OR_FEASIBILITY,Synthetic engineering or feasibility issue requiring monitoring review.,OPEN,LOW
ISS-00555-24-01,PAI-00555,2025-12-31,ENGINEERING_OR_FEASIBILITY,Synthetic engineering or feasibility issue requiring monitoring review.,OPEN,LOW
ISS-00556-14-01,PAI-00556,2025-02-28,FUNDING,Synthetic funding issue requiring monitoring review.,RESOLVED,HIGH
ISS-00556-24-01,PAI-00556,2025-12-31,SCOPE_OR_POLICY,Synthetic scope or policy issue requiring monitoring review.,IN_PROGRESS,LOW
ISS-00557-02-01,PAI-00557,2024-02-29,PROCUREMENT_OR_CONTRACT,Synthetic procurement or contract issue requiring monitoring review.,IN_PROGRESS,HIGH
ISS-00557-10-01,PAI-00557,2024-10-31,PROCUREMENT_OR_CONTRACT,Synthetic procurement or contract issue requiring monitoring review.,RESOLVED,HIGH
ISS-00557-11-01,PAI-00557,2024-11-30,FUNDING,Synthetic funding issue requiring monitoring review.,IN_PROGRESS,HIGH
ISS-00557-14-01,PAI-00557,2025-02-28,PROCUREMENT_OR_CONTRACT,Synthetic procurement or contract issue requiring monitoring review.,OPEN,MEDIUM
ISS-00557-19-01,PAI-00557,2025-07-31,FUNDING,Synthetic funding issue requiring monitoring review.,IN_PROGRESS,HIGH
ISS-00557-19-02,PAI-00557,2025-07-31,ENGINEERING_OR_FEASIBILITY,Synthetic engineering or feasibility issue requiring monitoring review.,OPEN,HIGH
ISS-00557-21-01,PAI-00557,2025-09-30,PROCUREMENT_OR_CONTRACT,Synthetic procurement or contract issue requiring monitoring review.,OPEN,MEDIUM
ISS-00557-24-01,PAI-00557,2025-12-31,ENGINEERING_OR_FEASIBILITY,Synthetic engineering or feasibility issue requiring monitoring review.,RESOLVED,HIGH
ISS-00557-24-02,PAI-00557,2025-12-31,PROCUREMENT_OR_CONTRACT,Synthetic procurement or contract issue requiring monitoring review.,RESOLVED,LOW
ISS-00558-03-01,PAI-00558,2024-03-31,LEGAL_OR_SOCIAL,Synthetic legal or social issue requiring monitoring review.,RESOLVED,MEDIUM
ISS-00558-05-01,PAI-00558,2024-05-31,LAND_ACQUISITION,Synthetic land acquisition issue requiring monitoring review.,OPEN,HIGH
ISS-00558-07-01,PAI-00558,2024-07-31,SCOPE_OR_POLICY,Synthetic scope or policy issue requiring monitoring review.,RESOLVED,LOW
ISS-00558-13-01,PAI-00558,2025-01-31,LEGAL_OR_SOCIAL,Synthetic legal or social issue requiring monitoring review.,RESOLVED,MEDIUM
ISS-00558-17-01,PAI-00558,2025-05-31,LAND_ACQUISITION,Synthetic land acquisition issue requiring monitoring review.,OPEN,MEDIUM
ISS-00558-17-02,PAI-00558,2025-05-31,SCOPE_OR_POLICY,Synthetic scope or policy issue requiring monitoring review.,OPEN,LOW
ISS-00558-18-01,PAI-00558,2025-06-30,CLEARANCE,Synthetic clearance issue requiring monitoring review.,IN_PROGRESS,MEDIUM
ISS-00558-18-02,PAI-00558,2025-06-30,CLEARANCE,Synthetic clearance issue requiring monitoring review.,OPEN,MEDIUM
ISS-00558-23-01,PAI-00558,2025-11-30,CLEARANCE,Synthetic clearance issue requiring monitoring review.,RESOLVED,LOW
ISS-00558-24-01,PAI-00558,2025-12-31,ENGINEERING_OR_FEASIBILITY,Synthetic engineering or feasibility issue requiring monitoring review.,RESOLVED,MEDIUM
ISS-00559-01-01,PAI-00559,2024-01-31,ENGINEERING_OR_FEASIBILITY,Synthetic engineering or feasibility issue requiring monitoring review.,RESOLVED,LOW
ISS-00559-02-01,PAI-00559,2024-02-29,BUDGET_OR_APPROVAL,Synthetic budget or approval issue requiring monitoring review.,IN_PROGRESS,HIGH
ISS-00559-02-02,PAI-00559,2024-02-29,CLEARANCE,Synthetic clearance issue requiring monitoring review.,OPEN,MEDIUM
ISS-00559-08-01,PAI-00559,2024-08-31,LAND_ACQUISITION,Synthetic land acquisition issue requiring monitoring review.,OPEN,MEDIUM
ISS-00559-15-01,PAI-00559,2025-03-31,FUNDING,Synthetic funding issue requiring monitoring review.,OPEN,MEDIUM
ISS-00559-18-01,PAI-00559,2025-06-30,LEGAL_OR_SOCIAL,Synthetic legal or social issue requiring monitoring review.,OPEN,MEDIUM
ISS-00559-19-01,PAI-00559,2025-07-31,LAND_ACQUISITION,Synthetic land acquisition issue requiring monitoring review.,OPEN,HIGH
ISS-00559-21-01,PAI-00559,2025-09-30,LAND_ACQUISITION,Synthetic land acquisition issue requiring monitoring review.,RESOLVED,LOW
ISS-00559-22-01,PAI-00559,2025-10-31,LAND_ACQUISITION,Synthetic land acquisition issue requiring monitoring review.,RESOLVED,HIGH
ISS-00559-23-01,PAI-00559,2025-11-30,CLEARANCE,Synthetic clearance issue requiring monitoring review.,OPEN,HIGH
ISS-00559-24-01,PAI-00559,2025-12-31,LEGAL_OR_SOCIAL,Synthetic legal or social issue requiring monitoring review.,IN_PROGRESS,LOW
ISS-00559-24-02,PAI-00559,2025-12-31,SCOPE_OR_POLICY,Synthetic scope or policy issue requiring monitoring review.,OPEN,LOW
ISS-00560-02-01,PAI-00560,2024-02-29,LAND_ACQUISITION,Synthetic land acquisition issue requiring monitoring review.,RESOLVED,MEDIUM
ISS-00560-07-01,PAI-00560,2024-07-31,LEGAL_OR_SOCIAL,Synthetic legal or social issue requiring monitoring review.,OPEN,LOW
ISS-00560-15-01,PAI-00560,2025-03-31,SCOPE_OR_POLICY,Synthetic scope or policy issue requiring monitoring review.,OPEN,LOW
ISS-00560-16-01,PAI-00560,2025-04-30,BUDGET_OR_APPROVAL,Synthetic budget or approval issue requiring monitoring review.,OPEN,LOW
ISS-00560-17-01,PAI-00560,2025-05-31,PROCUREMENT_OR_CONTRACT,Synthetic procurement or contract issue requiring monitoring review.,RESOLVED,MEDIUM
ISS-00560-17-02,PAI-00560,2025-05-31,PROCUREMENT_OR_CONTRACT,Synthetic procurement or contract issue requiring monitoring review.,OPEN,MEDIUM
ISS-00561-13-01,PAI-00561,2025-01-31,ENGINEERING_OR_FEASIBILITY,Synthetic engineering or feasibility issue requiring monitoring review.,RESOLVED,MEDIUM
ISS-00561-13-02,PAI-00561,2025-01-31,FUNDING,Synthetic funding issue requiring monitoring review.,OPEN,MEDIUM
ISS-00561-15-01,PAI-00561,2025-03-31,LAND_ACQUISITION,Synthetic land acquisition issue requiring monitoring review.,OPEN,MEDIUM
ISS-00561-16-01,PAI-00561,2025-04-30,CLEARANCE,Synthetic clearance issue requiring monitoring review.,RESOLVED,MEDIUM
ISS-00561-16-02,PAI-00561,2025-04-30,ENGINEERING_OR_FEASIBILITY,Synthetic engineering or feasibility issue requiring monitoring review.,OPEN,LOW
ISS-00561-20-01,PAI-00561,2025-08-31,SCOPE_OR_POLICY,Synthetic scope or policy issue requiring monitoring review.,OPEN,MEDIUM
ISS-00562-01-01,PAI-00562,2024-01-31,LEGAL_OR_SOCIAL,Synthetic legal or social issue requiring monitoring review.,OPEN,MEDIUM
ISS-00562-02-01,PAI-00562,2024-02-29,BUDGET_OR_APPROVAL,Synthetic budget or approval issue requiring monitoring review.,OPEN,MEDIUM
ISS-00562-02-02,PAI-00562,2024-02-29,FUNDING,Synthetic funding issue requiring monitoring review.,OPEN,MEDIUM
ISS-00562-02-03,PAI-00562,2024-02-29,FUNDING,Synthetic funding issue requiring monitoring review.,RESOLVED,LOW
ISS-00562-04-01,PAI-00562,2024-04-30,CLEARANCE,Synthetic clearance issue requiring monitoring review.,IN_PROGRESS,LOW
ISS-00562-05-01,PAI-00562,2024-05-31,FUNDING,Synthetic funding issue requiring monitoring review.,OPEN,LOW
ISS-00562-07-01,PAI-00562,2024-07-31,BUDGET_OR_APPROVAL,Synthetic budget or approval issue requiring monitoring review.,IN_PROGRESS,MEDIUM
ISS-00562-07-02,PAI-00562,2024-07-31,LAND_ACQUISITION,Synthetic land acquisition issue requiring monitoring review.,OPEN,LOW
ISS-00562-11-01,PAI-00562,2024-11-30,LAND_ACQUISITION,Synthetic land acquisition issue requiring monitoring review.,OPEN,MEDIUM
ISS-00562-13-01,PAI-00562,2025-01-31,CLEARANCE,Synthetic clearance issue requiring monitoring review.,OPEN,HIGH
ISS-00562-16-01,PAI-00562,2025-04-30,LAND_ACQUISITION,Synthetic land acquisition issue requiring monitoring review.,IN_PROGRESS,LOW
ISS-00562-16-02,PAI-00562,2025-04-30,PROCUREMENT_OR_CONTRACT,Synthetic procurement or contract issue requiring monitoring review.,IN_PROGRESS,MEDIUM
ISS-00562-16-03,PAI-00562,2025-04-30,PROCUREMENT_OR_CONTRACT,Synthetic procurement or contract issue requiring monitoring review.,RESOLVED,MEDIUM
ISS-00562-17-01,PAI-00562,2025-05-31,LAND_ACQUISITION,Synthetic land acquisition issue requiring monitoring review.,OPEN,LOW
ISS-00562-18-01,PAI-00562,2025-06-30,CLEARANCE,Synthetic clearance issue requiring monitoring review.,OPEN,MEDIUM
ISS-00562-18-02,PAI-00562,2025-06-30,LEGAL_OR_SOCIAL,Synthetic legal or social issue requiring monitoring review.,IN_PROGRESS,HIGH
ISS-00562-18-03,PAI-00562,2025-06-30,PROCUREMENT_OR_CONTRACT,Synthetic procurement or contract issue requiring monitoring review.,OPEN,HIGH
ISS-00562-19-01,PAI-00562,2025-07-31,PROCUREMENT_OR_CONTRACT,Synthetic procurement or contract issue requiring monitoring review.,IN_PROGRESS,MEDIUM
ISS-00562-19-02,PAI-00562,2025-07-31,LEGAL_OR_SOCIAL,Synthetic legal or social issue requiring monitoring review.,OPEN,HIGH
ISS-00562-20-01,PAI-00562,2025-08-31,ENGINEERING_OR_FEASIBILITY,Synthetic engineering or feasibility issue requiring monitoring review.,IN_PROGRESS,MEDIUM
ISS-00562-21-01,PAI-00562,2025-09-30,LAND_ACQUISITION,Synthetic land acquisition issue requiring monitoring review.,RESOLVED,MEDIUM
ISS-00562-21-02,PAI-00562,2025-09-30,PROCUREMENT_OR_CONTRACT,Synthetic procurement or contract issue requiring monitoring review.,OPEN,LOW
ISS-00562-21-03,PAI-00562,2025-09-30,PROCUREMENT_OR_CONTRACT,Synthetic procurement or contract issue requiring monitoring review.,IN_PROGRESS,LOW
ISS-00562-23-01,PAI-00562,2025-11-30,BUDGET_OR_APPROVAL,Synthetic budget or approval issue requiring monitoring review.,OPEN,LOW
ISS-00563-08-01,PAI-00563,2024-08-31,CLEARANCE,Synthetic clearance issue requiring monitoring review.,IN_PROGRESS,HIGH
ISS-00563-10-01,PAI-00563,2024-10-31,SCOPE_OR_POLICY,Synthetic scope or policy issue requiring monitoring review.,RESOLVED,MEDIUM
ISS-00563-19-01,PAI-00563,2025-07-31,LEGAL_OR_SOCIAL,Synthetic legal or social issue requiring monitoring review.,OPEN,MEDIUM
ISS-00563-20-01,PAI-00563,2025-08-31,ENGINEERING_OR_FEASIBILITY,Synthetic engineering or feasibility issue requiring monitoring review.,RESOLVED,MEDIUM
ISS-00564-01-01,PAI-00564,2024-01-31,ENGINEERING_OR_FEASIBILITY,Synthetic engineering or feasibility issue requiring monitoring review.,RESOLVED,HIGH
ISS-00564-05-01,PAI-00564,2024-05-31,SCOPE_OR_POLICY,Synthetic scope or policy issue requiring monitoring review.,RESOLVED,LOW
ISS-00564-09-01,PAI-00564,2024-09-30,LEGAL_OR_SOCIAL,Synthetic legal or social issue requiring monitoring review.,IN_PROGRESS,HIGH
ISS-00564-09-02,PAI-00564,2024-09-30,SCOPE_OR_POLICY,Synthetic scope or policy issue requiring monitoring review.,IN_PROGRESS,LOW
ISS-00564-13-01,PAI-00564,2025-01-31,BUDGET_OR_APPROVAL,Synthetic budget or approval issue requiring monitoring review.,OPEN,LOW
ISS-00564-14-01,PAI-00564,2025-02-28,CLEARANCE,Synthetic clearance issue requiring monitoring review.,RESOLVED,LOW
ISS-00564-18-01,PAI-00564,2025-06-30,LAND_ACQUISITION,Synthetic land acquisition issue requiring monitoring review.,OPEN,LOW
ISS-00564-19-01,PAI-00564,2025-07-31,LAND_ACQUISITION,Synthetic land acquisition issue requiring monitoring review.,IN_PROGRESS,MEDIUM
ISS-00564-23-01,PAI-00564,2025-11-30,LEGAL_OR_SOCIAL,Synthetic legal or social issue requiring monitoring review.,OPEN,HIGH
ISS-00565-06-01,PAI-00565,2024-06-30,FUNDING,Synthetic funding issue requiring monitoring review.,IN_PROGRESS,LOW
ISS-00565-17-01,PAI-00565,2025-05-31,SCOPE_OR_POLICY,Synthetic scope or policy issue requiring monitoring review.,OPEN,MEDIUM
ISS-00565-19-01,PAI-00565,2025-07-31,SCOPE_OR_POLICY,Synthetic scope or policy issue requiring monitoring review.,OPEN,HIGH
ISS-00565-21-01,PAI-00565,2025-09-30,PROCUREMENT_OR_CONTRACT,Synthetic procurement or contract issue requiring monitoring review.,OPEN,HIGH
ISS-00565-24-01,PAI-00565,2025-12-31,ENGINEERING_OR_FEASIBILITY,Synthetic engineering or feasibility issue requiring monitoring review.,IN_PROGRESS,HIGH
ISS-00566-02-01,PAI-00566,2024-02-29,ENGINEERING_OR_FEASIBILITY,Synthetic engineering or feasibility issue requiring monitoring review.,OPEN,LOW
ISS-00566-05-01,PAI-00566,2024-05-31,CLEARANCE,Synthetic clearance issue requiring monitoring review.,OPEN,LOW
ISS-00566-06-01,PAI-00566,2024-06-30,CLEARANCE,Synthetic clearance issue requiring monitoring review.,OPEN,LOW
ISS-00566-08-01,PAI-00566,2024-08-31,PROCUREMENT_OR_CONTRACT,Synthetic procurement or contract issue requiring monitoring review.,OPEN,HIGH
ISS-00566-09-01,PAI-00566,2024-09-30,LAND_ACQUISITION,Synthetic land acquisition issue requiring monitoring review.,RESOLVED,MEDIUM
ISS-00566-11-01,PAI-00566,2024-11-30,SCOPE_OR_POLICY,Synthetic scope or policy issue requiring monitoring review.,OPEN,HIGH
ISS-00566-11-02,PAI-00566,2024-11-30,LAND_ACQUISITION,Synthetic land acquisition issue requiring monitoring review.,OPEN,HIGH
ISS-00566-12-01,PAI-00566,2024-12-31,FUNDING,Synthetic funding issue requiring monitoring review.,OPEN,MEDIUM
ISS-00566-16-01,PAI-00566,2025-04-30,FUNDING,Synthetic funding issue requiring monitoring review.,RESOLVED,HIGH
ISS-00566-17-01,PAI-00566,2025-05-31,PROCUREMENT_OR_CONTRACT,Synthetic procurement or contract issue requiring monitoring review.,OPEN,MEDIUM
ISS-00566-21-01,PAI-00566,2025-09-30,CLEARANCE,Synthetic clearance issue requiring monitoring review.,OPEN,HIGH
ISS-00566-21-02,PAI-00566,2025-09-30,ENGINEERING_OR_FEASIBILITY,Synthetic engineering or feasibility issue requiring monitoring review.,IN_PROGRESS,MEDIUM
ISS-00566-22-01,PAI-00566,2025-10-31,FUNDING,Synthetic funding issue requiring monitoring review.,OPEN,MEDIUM
ISS-00566-22-02,PAI-00566,2025-10-31,LAND_ACQUISITION,Synthetic land acquisition issue requiring monitoring review.,RESOLVED,HIGH
ISS-00566-23-01,PAI-00566,2025-11-30,BUDGET_OR_APPROVAL,Synthetic budget or approval issue requiring monitoring review.,RESOLVED,LOW
ISS-00566-23-02,PAI-00566,2025-11-30,SCOPE_OR_POLICY,Synthetic scope or policy issue requiring monitoring review.,IN_PROGRESS,LOW
ISS-00566-23-03,PAI-00566,2025-11-30,SCOPE_OR_POLICY,Synthetic scope or policy issue requiring monitoring review.,RESOLVED,MEDIUM
ISS-00566-24-01,PAI-00566,2025-12-31,ENGINEERING_OR_FEASIBILITY,Synthetic engineering or feasibility issue requiring monitoring review.,OPEN,HIGH
ISS-00567-01-01,PAI-00567,2024-01-31,LEGAL_OR_SOCIAL,Synthetic legal or social issue requiring monitoring review.,IN_PROGRESS,LOW
ISS-00567-09-01,PAI-00567,2024-09-30,LAND_ACQUISITION,Synthetic land acquisition issue requiring monitoring review.,OPEN,HIGH
ISS-00567-09-02,PAI-00567,2024-09-30,LEGAL_OR_SOCIAL,Synthetic legal or social issue requiring monitoring review.,IN_PROGRESS,HIGH
ISS-00567-11-01,PAI-00567,2024-11-30,BUDGET_OR_APPROVAL,Synthetic budget or approval issue requiring monitoring review.,IN_PROGRESS,LOW
ISS-00567-11-02,PAI-00567,2024-11-30,LAND_ACQUISITION,Synthetic land acquisition issue requiring monitoring review.,OPEN,MEDIUM
ISS-00567-14-01,PAI-00567,2025-02-28,PROCUREMENT_OR_CONTRACT,Synthetic procurement or contract issue requiring monitoring review.,RESOLVED,HIGH
ISS-00567-14-02,PAI-00567,2025-02-28,PROCUREMENT_OR_CONTRACT,Synthetic procurement or contract issue requiring monitoring review.,OPEN,LOW
ISS-00567-16-01,PAI-00567,2025-04-30,FUNDING,Synthetic funding issue requiring monitoring review.,IN_PROGRESS,MEDIUM
ISS-00567-20-01,PAI-00567,2025-08-31,LEGAL_OR_SOCIAL,Synthetic legal or social issue requiring monitoring review.,IN_PROGRESS,MEDIUM
ISS-00567-22-01,PAI-00567,2025-10-31,LEGAL_OR_SOCIAL,Synthetic legal or social issue requiring monitoring review.,IN_PROGRESS,LOW
ISS-00567-22-02,PAI-00567,2025-10-31,CLEARANCE,Synthetic clearance issue requiring monitoring review.,OPEN,HIGH
ISS-00567-22-03,PAI-00567,2025-10-31,LAND_ACQUISITION,Synthetic land acquisition issue requiring monitoring review.,IN_PROGRESS,HIGH
ISS-00567-22-04,PAI-00567,2025-10-31,CLEARANCE,Synthetic clearance issue requiring monitoring review.,RESOLVED,LOW
ISS-00567-23-01,PAI-00567,2025-11-30,FUNDING,Synthetic funding issue requiring monitoring review.,OPEN,LOW
ISS-00567-24-01,PAI-00567,2025-12-31,LAND_ACQUISITION,Synthetic land acquisition issue requiring monitoring review.,OPEN,LOW
ISS-00568-04-01,PAI-00568,2024-04-30,FUNDING,Synthetic funding issue requiring monitoring review.,IN_PROGRESS,LOW
ISS-00568-05-01,PAI-00568,2024-05-31,LEGAL_OR_SOCIAL,Synthetic legal or social issue requiring monitoring review.,OPEN,MEDIUM
ISS-00568-05-02,PAI-00568,2024-05-31,FUNDING,Synthetic funding issue requiring monitoring review.,OPEN,LOW
ISS-00568-16-01,PAI-00568,2025-04-30,FUNDING,Synthetic funding issue requiring monitoring review.,RESOLVED,MEDIUM
ISS-00568-21-01,PAI-00568,2025-09-30,PROCUREMENT_OR_CONTRACT,Synthetic procurement or contract issue requiring monitoring review.,OPEN,LOW
ISS-00568-22-01,PAI-00568,2025-10-31,BUDGET_OR_APPROVAL,Synthetic budget or approval issue requiring monitoring review.,OPEN,MEDIUM
ISS-00568-23-01,PAI-00568,2025-11-30,LEGAL_OR_SOCIAL,Synthetic legal or social issue requiring monitoring review.,IN_PROGRESS,MEDIUM
ISS-00569-01-01,PAI-00569,2024-01-31,LEGAL_OR_SOCIAL,Synthetic legal or social issue requiring monitoring review.,IN_PROGRESS,MEDIUM
ISS-00569-04-01,PAI-00569,2024-04-30,LEGAL_OR_SOCIAL,Synthetic legal or social issue requiring monitoring review.,OPEN,HIGH
ISS-00569-05-01,PAI-00569,2024-05-31,LAND_ACQUISITION,Synthetic land acquisition issue requiring monitoring review.,OPEN,MEDIUM
ISS-00569-05-02,PAI-00569,2024-05-31,ENGINEERING_OR_FEASIBILITY,Synthetic engineering or feasibility issue requiring monitoring review.,OPEN,HIGH
ISS-00569-08-01,PAI-00569,2024-08-31,LAND_ACQUISITION,Synthetic land acquisition issue requiring monitoring review.,IN_PROGRESS,HIGH
ISS-00569-09-01,PAI-00569,2024-09-30,CLEARANCE,Synthetic clearance issue requiring monitoring review.,IN_PROGRESS,HIGH
ISS-00569-11-01,PAI-00569,2024-11-30,ENGINEERING_OR_FEASIBILITY,Synthetic engineering or feasibility issue requiring monitoring review.,IN_PROGRESS,HIGH
ISS-00569-11-02,PAI-00569,2024-11-30,FUNDING,Synthetic funding issue requiring monitoring review.,RESOLVED,HIGH
ISS-00569-15-01,PAI-00569,2025-03-31,FUNDING,Synthetic funding issue requiring monitoring review.,OPEN,HIGH
ISS-00569-19-01,PAI-00569,2025-07-31,CLEARANCE,Synthetic clearance issue requiring monitoring review.,OPEN,MEDIUM
ISS-00569-20-01,PAI-00569,2025-08-31,BUDGET_OR_APPROVAL,Synthetic budget or approval issue requiring monitoring review.,IN_PROGRESS,HIGH
ISS-00569-23-01,PAI-00569,2025-11-30,SCOPE_OR_POLICY,Synthetic scope or policy issue requiring monitoring review.,RESOLVED,MEDIUM
ISS-00570-02-01,PAI-00570,2024-02-29,PROCUREMENT_OR_CONTRACT,Synthetic procurement or contract issue requiring monitoring review.,IN_PROGRESS,HIGH
ISS-00570-09-01,PAI-00570,2024-09-30,PROCUREMENT_OR_CONTRACT,Synthetic procurement or contract issue requiring monitoring review.,RESOLVED,HIGH
ISS-00570-13-01,PAI-00570,2025-01-31,PROCUREMENT_OR_CONTRACT,Synthetic procurement or contract issue requiring monitoring review.,RESOLVED,LOW
ISS-00570-15-01,PAI-00570,2025-03-31,CLEARANCE,Synthetic clearance issue requiring monitoring review.,IN_PROGRESS,MEDIUM
ISS-00570-16-01,PAI-00570,2025-04-30,CLEARANCE,Synthetic clearance issue requiring monitoring review.,IN_PROGRESS,MEDIUM
ISS-00570-18-01,PAI-00570,2025-06-30,SCOPE_OR_POLICY,Synthetic scope or policy issue requiring monitoring review.,IN_PROGRESS,MEDIUM
ISS-00570-19-01,PAI-00570,2025-07-31,LEGAL_OR_SOCIAL,Synthetic legal or social issue requiring monitoring review.,IN_PROGRESS,HIGH
ISS-00570-20-01,PAI-00570,2025-08-31,PROCUREMENT_OR_CONTRACT,Synthetic procurement or contract issue requiring monitoring review.,IN_PROGRESS,HIGH
ISS-00570-20-02,PAI-00570,2025-08-31,FUNDING,Synthetic funding issue requiring monitoring review.,RESOLVED,MEDIUM
ISS-00570-22-01,PAI-00570,2025-10-31,LEGAL_OR_SOCIAL,Synthetic legal or social issue requiring monitoring review.,OPEN,MEDIUM
ISS-00570-23-01,PAI-00570,2025-11-30,FUNDING,Synthetic funding issue requiring monitoring review.,OPEN,MEDIUM
ISS-00570-23-02,PAI-00570,2025-11-30,ENGINEERING_OR_FEASIBILITY,Synthetic engineering or feasibility issue requiring monitoring review.,IN_PROGRESS,HIGH
ISS-00570-24-01,PAI-00570,2025-12-31,BUDGET_OR_APPROVAL,Synthetic budget or approval issue requiring monitoring review.,IN_PROGRESS,LOW
ISS-00571-01-01,PAI-00571,2024-01-31,FUNDING,Synthetic funding issue requiring monitoring review.,RESOLVED,HIGH
ISS-00571-01-02,PAI-00571,2024-01-31,LEGAL_OR_SOCIAL,Synthetic legal or social issue requiring monitoring review.,RESOLVED,LOW
ISS-00571-02-01,PAI-00571,2024-02-29,BUDGET_OR_APPROVAL,Synthetic budget or approval issue requiring monitoring review.,OPEN,HIGH
ISS-00571-06-01,PAI-00571,2024-06-30,FUNDING,Synthetic funding issue requiring monitoring review.,RESOLVED,LOW
ISS-00571-11-01,PAI-00571,2024-11-30,LEGAL_OR_SOCIAL,Synthetic legal or social issue requiring monitoring review.,OPEN,HIGH
ISS-00571-11-02,PAI-00571,2024-11-30,SCOPE_OR_POLICY,Synthetic scope or policy issue requiring monitoring review.,OPEN,MEDIUM
ISS-00571-12-01,PAI-00571,2024-12-31,LAND_ACQUISITION,Synthetic land acquisition issue requiring monitoring review.,OPEN,LOW
ISS-00571-14-01,PAI-00571,2025-02-28,BUDGET_OR_APPROVAL,Synthetic budget or approval issue requiring monitoring review.,IN_PROGRESS,MEDIUM
ISS-00571-14-02,PAI-00571,2025-02-28,LEGAL_OR_SOCIAL,Synthetic legal or social issue requiring monitoring review.,RESOLVED,HIGH
ISS-00571-19-01,PAI-00571,2025-07-31,BUDGET_OR_APPROVAL,Synthetic budget or approval issue requiring monitoring review.,IN_PROGRESS,MEDIUM
ISS-00571-20-01,PAI-00571,2025-08-31,CLEARANCE,Synthetic clearance issue requiring monitoring review.,OPEN,HIGH
ISS-00571-23-01,PAI-00571,2025-11-30,BUDGET_OR_APPROVAL,Synthetic budget or approval issue requiring monitoring review.,OPEN,LOW
ISS-00571-23-02,PAI-00571,2025-11-30,LEGAL_OR_SOCIAL,Synthetic legal or social issue requiring monitoring review.,OPEN,LOW
ISS-00571-23-03,PAI-00571,2025-11-30,ENGINEERING_OR_FEASIBILITY,Synthetic engineering or feasibility issue requiring monitoring review.,OPEN,MEDIUM
ISS-00572-02-01,PAI-00572,2024-02-29,CLEARANCE,Synthetic clearance issue requiring monitoring review.,OPEN,LOW
ISS-00572-05-01,PAI-00572,2024-05-31,LEGAL_OR_SOCIAL,Synthetic legal or social issue requiring monitoring review.,OPEN,HIGH
ISS-00572-10-01,PAI-00572,2024-10-31,LEGAL_OR_SOCIAL,Synthetic legal or social issue requiring monitoring review.,IN_PROGRESS,LOW
ISS-00572-10-02,PAI-00572,2024-10-31,BUDGET_OR_APPROVAL,Synthetic budget or approval issue requiring monitoring review.,IN_PROGRESS,LOW
ISS-00572-22-01,PAI-00572,2025-10-31,CLEARANCE,Synthetic clearance issue requiring monitoring review.,RESOLVED,LOW
ISS-00573-04-01,PAI-00573,2024-04-30,LAND_ACQUISITION,Synthetic land acquisition issue requiring monitoring review.,RESOLVED,HIGH
ISS-00573-08-01,PAI-00573,2024-08-31,CLEARANCE,Synthetic clearance issue requiring monitoring review.,RESOLVED,HIGH
ISS-00573-08-02,PAI-00573,2024-08-31,PROCUREMENT_OR_CONTRACT,Synthetic procurement or contract issue requiring monitoring review.,IN_PROGRESS,HIGH
ISS-00573-11-01,PAI-00573,2024-11-30,BUDGET_OR_APPROVAL,Synthetic budget or approval issue requiring monitoring review.,OPEN,HIGH
ISS-00573-11-02,PAI-00573,2024-11-30,FUNDING,Synthetic funding issue requiring monitoring review.,IN_PROGRESS,LOW
ISS-00573-14-01,PAI-00573,2025-02-28,ENGINEERING_OR_FEASIBILITY,Synthetic engineering or feasibility issue requiring monitoring review.,OPEN,MEDIUM
ISS-00573-16-01,PAI-00573,2025-04-30,ENGINEERING_OR_FEASIBILITY,Synthetic engineering or feasibility issue requiring monitoring review.,OPEN,MEDIUM
ISS-00573-16-02,PAI-00573,2025-04-30,PROCUREMENT_OR_CONTRACT,Synthetic procurement or contract issue requiring monitoring review.,OPEN,LOW
ISS-00573-17-01,PAI-00573,2025-05-31,ENGINEERING_OR_FEASIBILITY,Synthetic engineering or feasibility issue requiring monitoring review.,OPEN,HIGH
ISS-00573-17-02,PAI-00573,2025-05-31,FUNDING,Synthetic funding issue requiring monitoring review.,OPEN,HIGH
ISS-00573-17-03,PAI-00573,2025-05-31,BUDGET_OR_APPROVAL,Synthetic budget or approval issue requiring monitoring review.,IN_PROGRESS,HIGH
ISS-00573-18-01,PAI-00573,2025-06-30,FUNDING,Synthetic funding issue requiring monitoring review.,OPEN,HIGH
ISS-00573-19-01,PAI-00573,2025-07-31,BUDGET_OR_APPROVAL,Synthetic budget or approval issue requiring monitoring review.,RESOLVED,MEDIUM
ISS-00573-20-01,PAI-00573,2025-08-31,CLEARANCE,Synthetic clearance issue requiring monitoring review.,OPEN,MEDIUM
ISS-00573-22-01,PAI-00573,2025-10-31,FUNDING,Synthetic funding issue requiring monitoring review.,IN_PROGRESS,MEDIUM
ISS-00573-23-01,PAI-00573,2025-11-30,ENGINEERING_OR_FEASIBILITY,Synthetic engineering or feasibility issue requiring monitoring review.,RESOLVED,MEDIUM
ISS-00573-23-02,PAI-00573,2025-11-30,ENGINEERING_OR_FEASIBILITY,Synthetic engineering or feasibility issue requiring monitoring review.,RESOLVED,HIGH
ISS-00574-02-01,PAI-00574,2024-02-29,LEGAL_OR_SOCIAL,Synthetic legal or social issue requiring monitoring review.,RESOLVED,LOW
ISS-00574-03-01,PAI-00574,2024-03-31,FUNDING,Synthetic funding issue requiring monitoring review.,IN_PROGRESS,MEDIUM
ISS-00574-08-01,PAI-00574,2024-08-31,CLEARANCE,Synthetic clearance issue requiring monitoring review.,OPEN,LOW
ISS-00574-09-01,PAI-00574,2024-09-30,SCOPE_OR_POLICY,Synthetic scope or policy issue requiring monitoring review.,IN_PROGRESS,LOW
ISS-00574-09-02,PAI-00574,2024-09-30,ENGINEERING_OR_FEASIBILITY,Synthetic engineering or feasibility issue requiring monitoring review.,OPEN,LOW
ISS-00574-10-01,PAI-00574,2024-10-31,ENGINEERING_OR_FEASIBILITY,Synthetic engineering or feasibility issue requiring monitoring review.,IN_PROGRESS,LOW
ISS-00574-15-01,PAI-00574,2025-03-31,ENGINEERING_OR_FEASIBILITY,Synthetic engineering or feasibility issue requiring monitoring review.,IN_PROGRESS,HIGH
ISS-00574-16-01,PAI-00574,2025-04-30,LEGAL_OR_SOCIAL,Synthetic legal or social issue requiring monitoring review.,OPEN,LOW
ISS-00574-20-01,PAI-00574,2025-08-31,PROCUREMENT_OR_CONTRACT,Synthetic procurement or contract issue requiring monitoring review.,OPEN,LOW
ISS-00575-18-01,PAI-00575,2025-06-30,ENGINEERING_OR_FEASIBILITY,Synthetic engineering or feasibility issue requiring monitoring review.,RESOLVED,LOW
ISS-00575-18-02,PAI-00575,2025-06-30,LAND_ACQUISITION,Synthetic land acquisition issue requiring monitoring review.,OPEN,MEDIUM
ISS-00575-21-01,PAI-00575,2025-09-30,FUNDING,Synthetic funding issue requiring monitoring review.,OPEN,LOW
ISS-00576-01-01,PAI-00576,2024-01-31,SCOPE_OR_POLICY,Synthetic scope or policy issue requiring monitoring review.,OPEN,LOW
ISS-00576-03-01,PAI-00576,2024-03-31,SCOPE_OR_POLICY,Synthetic scope or policy issue requiring monitoring review.,IN_PROGRESS,HIGH
ISS-00576-04-01,PAI-00576,2024-04-30,BUDGET_OR_APPROVAL,Synthetic budget or approval issue requiring monitoring review.,IN_PROGRESS,MEDIUM
ISS-00576-04-02,PAI-00576,2024-04-30,PROCUREMENT_OR_CONTRACT,Synthetic procurement or contract issue requiring monitoring review.,IN_PROGRESS,MEDIUM
ISS-00576-05-01,PAI-00576,2024-05-31,ENGINEERING_OR_FEASIBILITY,Synthetic engineering or feasibility issue requiring monitoring review.,OPEN,MEDIUM
ISS-00576-08-01,PAI-00576,2024-08-31,BUDGET_OR_APPROVAL,Synthetic budget or approval issue requiring monitoring review.,RESOLVED,MEDIUM
ISS-00576-12-01,PAI-00576,2024-12-31,LAND_ACQUISITION,Synthetic land acquisition issue requiring monitoring review.,OPEN,HIGH
ISS-00576-18-01,PAI-00576,2025-06-30,BUDGET_OR_APPROVAL,Synthetic budget or approval issue requiring monitoring review.,IN_PROGRESS,MEDIUM
ISS-00576-19-01,PAI-00576,2025-07-31,LEGAL_OR_SOCIAL,Synthetic legal or social issue requiring monitoring review.,RESOLVED,MEDIUM
ISS-00576-22-01,PAI-00576,2025-10-31,PROCUREMENT_OR_CONTRACT,Synthetic procurement or contract issue requiring monitoring review.,OPEN,HIGH
ISS-00576-24-01,PAI-00576,2025-12-31,ENGINEERING_OR_FEASIBILITY,Synthetic engineering or feasibility issue requiring monitoring review.,OPEN,HIGH
ISS-00576-24-02,PAI-00576,2025-12-31,SCOPE_OR_POLICY,Synthetic scope or policy issue requiring monitoring review.,OPEN,MEDIUM
ISS-00576-24-03,PAI-00576,2025-12-31,CLEARANCE,Synthetic clearance issue requiring monitoring review.,OPEN,LOW
ISS-00577-02-01,PAI-00577,2024-02-29,SCOPE_OR_POLICY,Synthetic scope or policy issue requiring monitoring review.,OPEN,MEDIUM
ISS-00577-06-01,PAI-00577,2024-06-30,LEGAL_OR_SOCIAL,Synthetic legal or social issue requiring monitoring review.,OPEN,LOW
ISS-00577-06-02,PAI-00577,2024-06-30,BUDGET_OR_APPROVAL,Synthetic budget or approval issue requiring monitoring review.,OPEN,HIGH
ISS-00577-09-01,PAI-00577,2024-09-30,PROCUREMENT_OR_CONTRACT,Synthetic procurement or contract issue requiring monitoring review.,OPEN,LOW
ISS-00577-09-02,PAI-00577,2024-09-30,CLEARANCE,Synthetic clearance issue requiring monitoring review.,OPEN,LOW
ISS-00577-13-01,PAI-00577,2025-01-31,FUNDING,Synthetic funding issue requiring monitoring review.,OPEN,MEDIUM
ISS-00577-19-01,PAI-00577,2025-07-31,LAND_ACQUISITION,Synthetic land acquisition issue requiring monitoring review.,IN_PROGRESS,LOW
ISS-00577-21-01,PAI-00577,2025-09-30,LEGAL_OR_SOCIAL,Synthetic legal or social issue requiring monitoring review.,IN_PROGRESS,HIGH
ISS-00577-21-02,PAI-00577,2025-09-30,SCOPE_OR_POLICY,Synthetic scope or policy issue requiring monitoring review.,IN_PROGRESS,LOW
ISS-00577-22-01,PAI-00577,2025-10-31,PROCUREMENT_OR_CONTRACT,Synthetic procurement or contract issue requiring monitoring review.,IN_PROGRESS,MEDIUM
ISS-00577-23-01,PAI-00577,2025-11-30,LEGAL_OR_SOCIAL,Synthetic legal or social issue requiring monitoring review.,OPEN,LOW
ISS-00577-24-01,PAI-00577,2025-12-31,LEGAL_OR_SOCIAL,Synthetic legal or social issue requiring monitoring review.,IN_PROGRESS,MEDIUM
ISS-00577-24-02,PAI-00577,2025-12-31,LEGAL_OR_SOCIAL,Synthetic legal or social issue requiring monitoring review.,OPEN,LOW
ISS-00578-02-01,PAI-00578,2024-02-29,PROCUREMENT_OR_CONTRACT,Synthetic procurement or contract issue requiring monitoring review.,OPEN,HIGH
ISS-00578-03-01,PAI-00578,2024-03-31,LAND_ACQUISITION,Synthetic land acquisition issue requiring monitoring review.,OPEN,MEDIUM
ISS-00578-05-01,PAI-00578,2024-05-31,LAND_ACQUISITION,Synthetic land acquisition issue requiring monitoring review.,IN_PROGRESS,MEDIUM
ISS-00578-09-01,PAI-00578,2024-09-30,BUDGET_OR_APPROVAL,Synthetic budget or approval issue requiring monitoring review.,OPEN,MEDIUM
ISS-00578-13-01,PAI-00578,2025-01-31,ENGINEERING_OR_FEASIBILITY,Synthetic engineering or feasibility issue requiring monitoring review.,OPEN,MEDIUM
ISS-00578-15-01,PAI-00578,2025-03-31,LEGAL_OR_SOCIAL,Synthetic legal or social issue requiring monitoring review.,IN_PROGRESS,HIGH
ISS-00578-17-01,PAI-00578,2025-05-31,CLEARANCE,Synthetic clearance issue requiring monitoring review.,OPEN,MEDIUM
ISS-00578-19-01,PAI-00578,2025-07-31,LEGAL_OR_SOCIAL,Synthetic legal or social issue requiring monitoring review.,RESOLVED,HIGH
ISS-00578-20-01,PAI-00578,2025-08-31,LEGAL_OR_SOCIAL,Synthetic legal or social issue requiring monitoring review.,RESOLVED,MEDIUM
ISS-00578-23-01,PAI-00578,2025-11-30,LAND_ACQUISITION,Synthetic land acquisition issue requiring monitoring review.,OPEN,LOW
ISS-00579-09-01,PAI-00579,2024-09-30,PROCUREMENT_OR_CONTRACT,Synthetic procurement or contract issue requiring monitoring review.,IN_PROGRESS,MEDIUM
ISS-00579-12-01,PAI-00579,2024-12-31,LEGAL_OR_SOCIAL,Synthetic legal or social issue requiring monitoring review.,RESOLVED,LOW
ISS-00579-17-01,PAI-00579,2025-05-31,CLEARANCE,Synthetic clearance issue requiring monitoring review.,IN_PROGRESS,LOW
ISS-00579-18-01,PAI-00579,2025-06-30,FUNDING,Synthetic funding issue requiring monitoring review.,IN_PROGRESS,LOW
ISS-00579-20-01,PAI-00579,2025-08-31,FUNDING,Synthetic funding issue requiring monitoring review.,OPEN,LOW
ISS-00579-24-01,PAI-00579,2025-12-31,LEGAL_OR_SOCIAL,Synthetic legal or social issue requiring monitoring review.,RESOLVED,HIGH
ISS-00580-02-01,PAI-00580,2024-02-29,SCOPE_OR_POLICY,Synthetic scope or policy issue requiring monitoring review.,IN_PROGRESS,LOW
ISS-00580-07-01,PAI-00580,2024-07-31,CLEARANCE,Synthetic clearance issue requiring monitoring review.,OPEN,MEDIUM
ISS-00580-10-01,PAI-00580,2024-10-31,LEGAL_OR_SOCIAL,Synthetic legal or social issue requiring monitoring review.,RESOLVED,LOW
ISS-00580-18-01,PAI-00580,2025-06-30,BUDGET_OR_APPROVAL,Synthetic budget or approval issue requiring monitoring review.,OPEN,MEDIUM
ISS-00580-23-01,PAI-00580,2025-11-30,LEGAL_OR_SOCIAL,Synthetic legal or social issue requiring monitoring review.,IN_PROGRESS,MEDIUM
ISS-00581-05-01,PAI-00581,2024-05-31,SCOPE_OR_POLICY,Synthetic scope or policy issue requiring monitoring review.,OPEN,MEDIUM
ISS-00581-10-01,PAI-00581,2024-10-31,CLEARANCE,Synthetic clearance issue requiring monitoring review.,IN_PROGRESS,LOW
ISS-00581-14-01,PAI-00581,2025-02-28,ENGINEERING_OR_FEASIBILITY,Synthetic engineering or feasibility issue requiring monitoring review.,OPEN,HIGH
ISS-00581-20-01,PAI-00581,2025-08-31,BUDGET_OR_APPROVAL,Synthetic budget or approval issue requiring monitoring review.,OPEN,LOW
ISS-00581-22-01,PAI-00581,2025-10-31,PROCUREMENT_OR_CONTRACT,Synthetic procurement or contract issue requiring monitoring review.,OPEN,MEDIUM
ISS-00581-22-02,PAI-00581,2025-10-31,BUDGET_OR_APPROVAL,Synthetic budget or approval issue requiring monitoring review.,RESOLVED,MEDIUM
ISS-00582-03-01,PAI-00582,2024-03-31,BUDGET_OR_APPROVAL,Synthetic budget or approval issue requiring monitoring review.,OPEN,HIGH
ISS-00582-05-01,PAI-00582,2024-05-31,ENGINEERING_OR_FEASIBILITY,Synthetic engineering or feasibility issue requiring monitoring review.,OPEN,MEDIUM
ISS-00582-05-02,PAI-00582,2024-05-31,ENGINEERING_OR_FEASIBILITY,Synthetic engineering or feasibility issue requiring monitoring review.,OPEN,MEDIUM
ISS-00582-05-03,PAI-00582,2024-05-31,LEGAL_OR_SOCIAL,Synthetic legal or social issue requiring monitoring review.,IN_PROGRESS,LOW
ISS-00582-06-01,PAI-00582,2024-06-30,LAND_ACQUISITION,Synthetic land acquisition issue requiring monitoring review.,RESOLVED,HIGH
ISS-00582-06-02,PAI-00582,2024-06-30,FUNDING,Synthetic funding issue requiring monitoring review.,IN_PROGRESS,MEDIUM
ISS-00582-09-01,PAI-00582,2024-09-30,FUNDING,Synthetic funding issue requiring monitoring review.,OPEN,MEDIUM
ISS-00582-09-02,PAI-00582,2024-09-30,PROCUREMENT_OR_CONTRACT,Synthetic procurement or contract issue requiring monitoring review.,IN_PROGRESS,HIGH
ISS-00582-11-01,PAI-00582,2024-11-30,ENGINEERING_OR_FEASIBILITY,Synthetic engineering or feasibility issue requiring monitoring review.,IN_PROGRESS,HIGH
ISS-00582-12-01,PAI-00582,2024-12-31,PROCUREMENT_OR_CONTRACT,Synthetic procurement or contract issue requiring monitoring review.,RESOLVED,HIGH
ISS-00582-12-02,PAI-00582,2024-12-31,ENGINEERING_OR_FEASIBILITY,Synthetic engineering or feasibility issue requiring monitoring review.,OPEN,LOW
ISS-00582-15-01,PAI-00582,2025-03-31,PROCUREMENT_OR_CONTRACT,Synthetic procurement or contract issue requiring monitoring review.,RESOLVED,MEDIUM
ISS-00582-22-01,PAI-00582,2025-10-31,BUDGET_OR_APPROVAL,Synthetic budget or approval issue requiring monitoring review.,OPEN,MEDIUM
ISS-00582-22-02,PAI-00582,2025-10-31,LAND_ACQUISITION,Synthetic land acquisition issue requiring monitoring review.,OPEN,LOW
ISS-00582-23-01,PAI-00582,2025-11-30,LEGAL_OR_SOCIAL,Synthetic legal or social issue requiring monitoring review.,IN_PROGRESS,MEDIUM
ISS-00583-06-01,PAI-00583,2024-06-30,CLEARANCE,Synthetic clearance issue requiring monitoring review.,OPEN,MEDIUM
ISS-00583-06-02,PAI-00583,2024-06-30,LAND_ACQUISITION,Synthetic land acquisition issue requiring monitoring review.,OPEN,HIGH
ISS-00583-10-01,PAI-00583,2024-10-31,ENGINEERING_OR_FEASIBILITY,Synthetic engineering or feasibility issue requiring monitoring review.,IN_PROGRESS,MEDIUM
ISS-00583-11-01,PAI-00583,2024-11-30,CLEARANCE,Synthetic clearance issue requiring monitoring review.,OPEN,LOW
ISS-00583-12-01,PAI-00583,2024-12-31,PROCUREMENT_OR_CONTRACT,Synthetic procurement or contract issue requiring monitoring review.,OPEN,MEDIUM
ISS-00583-13-01,PAI-00583,2025-01-31,FUNDING,Synthetic funding issue requiring monitoring review.,RESOLVED,MEDIUM
ISS-00583-13-02,PAI-00583,2025-01-31,FUNDING,Synthetic funding issue requiring monitoring review.,OPEN,HIGH
ISS-00583-14-01,PAI-00583,2025-02-28,BUDGET_OR_APPROVAL,Synthetic budget or approval issue requiring monitoring review.,RESOLVED,HIGH
ISS-00583-16-01,PAI-00583,2025-04-30,PROCUREMENT_OR_CONTRACT,Synthetic procurement or contract issue requiring monitoring review.,IN_PROGRESS,HIGH
ISS-00583-18-01,PAI-00583,2025-06-30,SCOPE_OR_POLICY,Synthetic scope or policy issue requiring monitoring review.,OPEN,HIGH
ISS-00583-19-01,PAI-00583,2025-07-31,LAND_ACQUISITION,Synthetic land acquisition issue requiring monitoring review.,OPEN,MEDIUM
ISS-00583-22-01,PAI-00583,2025-10-31,SCOPE_OR_POLICY,Synthetic scope or policy issue requiring monitoring review.,OPEN,MEDIUM
ISS-00583-24-01,PAI-00583,2025-12-31,FUNDING,Synthetic funding issue requiring monitoring review.,IN_PROGRESS,LOW
ISS-00583-24-02,PAI-00583,2025-12-31,CLEARANCE,Synthetic clearance issue requiring monitoring review.,RESOLVED,MEDIUM
ISS-00584-01-01,PAI-00584,2024-01-31,ENGINEERING_OR_FEASIBILITY,Synthetic engineering or feasibility issue requiring monitoring review.,IN_PROGRESS,HIGH
ISS-00584-11-01,PAI-00584,2024-11-30,FUNDING,Synthetic funding issue requiring monitoring review.,RESOLVED,MEDIUM
ISS-00584-16-01,PAI-00584,2025-04-30,LAND_ACQUISITION,Synthetic land acquisition issue requiring monitoring review.,OPEN,HIGH
ISS-00584-18-01,PAI-00584,2025-06-30,LEGAL_OR_SOCIAL,Synthetic legal or social issue requiring monitoring review.,RESOLVED,MEDIUM
ISS-00584-20-01,PAI-00584,2025-08-31,LEGAL_OR_SOCIAL,Synthetic legal or social issue requiring monitoring review.,RESOLVED,HIGH
ISS-00585-01-01,PAI-00585,2024-01-31,FUNDING,Synthetic funding issue requiring monitoring review.,IN_PROGRESS,HIGH
ISS-00585-03-01,PAI-00585,2024-03-31,BUDGET_OR_APPROVAL,Synthetic budget or approval issue requiring monitoring review.,RESOLVED,MEDIUM
ISS-00585-04-01,PAI-00585,2024-04-30,SCOPE_OR_POLICY,Synthetic scope or policy issue requiring monitoring review.,RESOLVED,HIGH
ISS-00585-04-02,PAI-00585,2024-04-30,PROCUREMENT_OR_CONTRACT,Synthetic procurement or contract issue requiring monitoring review.,IN_PROGRESS,HIGH
ISS-00585-04-03,PAI-00585,2024-04-30,CLEARANCE,Synthetic clearance issue requiring monitoring review.,IN_PROGRESS,MEDIUM
ISS-00585-04-04,PAI-00585,2024-04-30,SCOPE_OR_POLICY,Synthetic scope or policy issue requiring monitoring review.,IN_PROGRESS,HIGH
ISS-00585-06-01,PAI-00585,2024-06-30,LAND_ACQUISITION,Synthetic land acquisition issue requiring monitoring review.,IN_PROGRESS,LOW
ISS-00585-09-01,PAI-00585,2024-09-30,LEGAL_OR_SOCIAL,Synthetic legal or social issue requiring monitoring review.,IN_PROGRESS,MEDIUM
ISS-00585-10-01,PAI-00585,2024-10-31,SCOPE_OR_POLICY,Synthetic scope or policy issue requiring monitoring review.,OPEN,MEDIUM
ISS-00585-11-01,PAI-00585,2024-11-30,SCOPE_OR_POLICY,Synthetic scope or policy issue requiring monitoring review.,OPEN,MEDIUM
ISS-00585-13-01,PAI-00585,2025-01-31,FUNDING,Synthetic funding issue requiring monitoring review.,OPEN,HIGH
ISS-00585-18-01,PAI-00585,2025-06-30,BUDGET_OR_APPROVAL,Synthetic budget or approval issue requiring monitoring review.,OPEN,LOW
ISS-00585-18-02,PAI-00585,2025-06-30,LEGAL_OR_SOCIAL,Synthetic legal or social issue requiring monitoring review.,OPEN,HIGH
ISS-00585-20-01,PAI-00585,2025-08-31,ENGINEERING_OR_FEASIBILITY,Synthetic engineering or feasibility issue requiring monitoring review.,OPEN,HIGH
ISS-00585-21-01,PAI-00585,2025-09-30,PROCUREMENT_OR_CONTRACT,Synthetic procurement or contract issue requiring monitoring review.,OPEN,MEDIUM
ISS-00585-22-01,PAI-00585,2025-10-31,LEGAL_OR_SOCIAL,Synthetic legal or social issue requiring monitoring review.,OPEN,HIGH
ISS-00585-23-01,PAI-00585,2025-11-30,PROCUREMENT_OR_CONTRACT,Synthetic procurement or contract issue requiring monitoring review.,IN_PROGRESS,LOW
ISS-00586-08-01,PAI-00586,2024-08-31,SCOPE_OR_POLICY,Synthetic scope or policy issue requiring monitoring review.,RESOLVED,LOW
ISS-00586-11-01,PAI-00586,2024-11-30,ENGINEERING_OR_FEASIBILITY,Synthetic engineering or feasibility issue requiring monitoring review.,RESOLVED,HIGH
ISS-00587-01-01,PAI-00587,2024-01-31,LEGAL_OR_SOCIAL,Synthetic legal or social issue requiring monitoring review.,OPEN,HIGH
ISS-00587-02-01,PAI-00587,2024-02-29,BUDGET_OR_APPROVAL,Synthetic budget or approval issue requiring monitoring review.,IN_PROGRESS,HIGH
ISS-00587-03-01,PAI-00587,2024-03-31,FUNDING,Synthetic funding issue requiring monitoring review.,OPEN,HIGH
ISS-00587-04-01,PAI-00587,2024-04-30,LEGAL_OR_SOCIAL,Synthetic legal or social issue requiring monitoring review.,IN_PROGRESS,MEDIUM
ISS-00587-06-01,PAI-00587,2024-06-30,FUNDING,Synthetic funding issue requiring monitoring review.,IN_PROGRESS,HIGH
ISS-00587-06-02,PAI-00587,2024-06-30,PROCUREMENT_OR_CONTRACT,Synthetic procurement or contract issue requiring monitoring review.,IN_PROGRESS,MEDIUM
ISS-00587-14-01,PAI-00587,2025-02-28,ENGINEERING_OR_FEASIBILITY,Synthetic engineering or feasibility issue requiring monitoring review.,OPEN,HIGH
ISS-00587-17-01,PAI-00587,2025-05-31,LAND_ACQUISITION,Synthetic land acquisition issue requiring monitoring review.,OPEN,HIGH
ISS-00587-18-01,PAI-00587,2025-06-30,SCOPE_OR_POLICY,Synthetic scope or policy issue requiring monitoring review.,RESOLVED,MEDIUM
ISS-00587-19-01,PAI-00587,2025-07-31,ENGINEERING_OR_FEASIBILITY,Synthetic engineering or feasibility issue requiring monitoring review.,OPEN,MEDIUM
ISS-00587-20-01,PAI-00587,2025-08-31,ENGINEERING_OR_FEASIBILITY,Synthetic engineering or feasibility issue requiring monitoring review.,RESOLVED,LOW
ISS-00587-22-01,PAI-00587,2025-10-31,PROCUREMENT_OR_CONTRACT,Synthetic procurement or contract issue requiring monitoring review.,OPEN,HIGH
ISS-00587-22-02,PAI-00587,2025-10-31,LAND_ACQUISITION,Synthetic land acquisition issue requiring monitoring review.,OPEN,HIGH
ISS-00587-23-01,PAI-00587,2025-11-30,LEGAL_OR_SOCIAL,Synthetic legal or social issue requiring monitoring review.,OPEN,LOW
ISS-00587-23-02,PAI-00587,2025-11-30,SCOPE_OR_POLICY,Synthetic scope or policy issue requiring monitoring review.,IN_PROGRESS,MEDIUM
ISS-00587-24-01,PAI-00587,2025-12-31,FUNDING,Synthetic funding issue requiring monitoring review.,IN_PROGRESS,MEDIUM
ISS-00588-01-01,PAI-00588,2024-01-31,LAND_ACQUISITION,Synthetic land acquisition issue requiring monitoring review.,OPEN,LOW
ISS-00588-05-01,PAI-00588,2024-05-31,ENGINEERING_OR_FEASIBILITY,Synthetic engineering or feasibility issue requiring monitoring review.,OPEN,LOW
ISS-00588-08-01,PAI-00588,2024-08-31,CLEARANCE,Synthetic clearance issue requiring monitoring review.,OPEN,MEDIUM
ISS-00588-09-01,PAI-00588,2024-09-30,CLEARANCE,Synthetic clearance issue requiring monitoring review.,IN_PROGRESS,MEDIUM
ISS-00588-09-02,PAI-00588,2024-09-30,SCOPE_OR_POLICY,Synthetic scope or policy issue requiring monitoring review.,RESOLVED,HIGH
ISS-00588-10-01,PAI-00588,2024-10-31,BUDGET_OR_APPROVAL,Synthetic budget or approval issue requiring monitoring review.,RESOLVED,MEDIUM
ISS-00588-10-02,PAI-00588,2024-10-31,LEGAL_OR_SOCIAL,Synthetic legal or social issue requiring monitoring review.,OPEN,LOW
ISS-00588-11-01,PAI-00588,2024-11-30,BUDGET_OR_APPROVAL,Synthetic budget or approval issue requiring monitoring review.,OPEN,MEDIUM
ISS-00588-14-01,PAI-00588,2025-02-28,LAND_ACQUISITION,Synthetic land acquisition issue requiring monitoring review.,RESOLVED,HIGH
ISS-00588-15-01,PAI-00588,2025-03-31,SCOPE_OR_POLICY,Synthetic scope or policy issue requiring monitoring review.,IN_PROGRESS,LOW
ISS-00588-15-02,PAI-00588,2025-03-31,PROCUREMENT_OR_CONTRACT,Synthetic procurement or contract issue requiring monitoring review.,OPEN,HIGH
ISS-00588-15-03,PAI-00588,2025-03-31,LAND_ACQUISITION,Synthetic land acquisition issue requiring monitoring review.,RESOLVED,MEDIUM
ISS-00588-16-01,PAI-00588,2025-04-30,ENGINEERING_OR_FEASIBILITY,Synthetic engineering or feasibility issue requiring monitoring review.,OPEN,MEDIUM
ISS-00588-16-02,PAI-00588,2025-04-30,CLEARANCE,Synthetic clearance issue requiring monitoring review.,OPEN,HIGH
ISS-00588-17-01,PAI-00588,2025-05-31,FUNDING,Synthetic funding issue requiring monitoring review.,RESOLVED,LOW
ISS-00588-20-01,PAI-00588,2025-08-31,SCOPE_OR_POLICY,Synthetic scope or policy issue requiring monitoring review.,IN_PROGRESS,LOW
ISS-00588-22-01,PAI-00588,2025-10-31,LEGAL_OR_SOCIAL,Synthetic legal or social issue requiring monitoring review.,OPEN,MEDIUM
ISS-00588-22-02,PAI-00588,2025-10-31,PROCUREMENT_OR_CONTRACT,Synthetic procurement or contract issue requiring monitoring review.,RESOLVED,LOW
ISS-00588-22-03,PAI-00588,2025-10-31,LAND_ACQUISITION,Synthetic land acquisition issue requiring monitoring review.,OPEN,LOW
ISS-00588-24-01,PAI-00588,2025-12-31,LEGAL_OR_SOCIAL,Synthetic legal or social issue requiring monitoring review.,IN_PROGRESS,HIGH
ISS-00588-24-02,PAI-00588,2025-12-31,ENGINEERING_OR_FEASIBILITY,Synthetic engineering or feasibility issue requiring monitoring review.,OPEN,MEDIUM
ISS-00589-10-01,PAI-00589,2024-10-31,ENGINEERING_OR_FEASIBILITY,Synthetic engineering or feasibility issue requiring monitoring review.,OPEN,LOW
ISS-00589-13-01,PAI-00589,2025-01-31,PROCUREMENT_OR_CONTRACT,Synthetic procurement or contract issue requiring monitoring review.,OPEN,LOW
ISS-00589-17-01,PAI-00589,2025-05-31,ENGINEERING_OR_FEASIBILITY,Synthetic engineering or feasibility issue requiring monitoring review.,OPEN,HIGH
ISS-00589-20-01,PAI-00589,2025-08-31,SCOPE_OR_POLICY,Synthetic scope or policy issue requiring monitoring review.,IN_PROGRESS,LOW
ISS-00590-02-01,PAI-00590,2024-02-29,LAND_ACQUISITION,Synthetic land acquisition issue requiring monitoring review.,OPEN,LOW
ISS-00590-10-01,PAI-00590,2024-10-31,BUDGET_OR_APPROVAL,Synthetic budget or approval issue requiring monitoring review.,IN_PROGRESS,LOW
ISS-00590-17-01,PAI-00590,2025-05-31,PROCUREMENT_OR_CONTRACT,Synthetic procurement or contract issue requiring monitoring review.,IN_PROGRESS,LOW
ISS-00590-19-01,PAI-00590,2025-07-31,CLEARANCE,Synthetic clearance issue requiring monitoring review.,OPEN,LOW
ISS-00590-21-01,PAI-00590,2025-09-30,LAND_ACQUISITION,Synthetic land acquisition issue requiring monitoring review.,RESOLVED,MEDIUM
ISS-00591-10-01,PAI-00591,2024-10-31,LAND_ACQUISITION,Synthetic land acquisition issue requiring monitoring review.,OPEN,MEDIUM
ISS-00591-17-01,PAI-00591,2025-05-31,FUNDING,Synthetic funding issue requiring monitoring review.,IN_PROGRESS,LOW
ISS-00591-19-01,PAI-00591,2025-07-31,ENGINEERING_OR_FEASIBILITY,Synthetic engineering or feasibility issue requiring monitoring review.,IN_PROGRESS,LOW
ISS-00591-22-01,PAI-00591,2025-10-31,ENGINEERING_OR_FEASIBILITY,Synthetic engineering or feasibility issue requiring monitoring review.,OPEN,LOW
ISS-00592-04-01,PAI-00592,2024-04-30,LAND_ACQUISITION,Synthetic land acquisition issue requiring monitoring review.,RESOLVED,LOW
ISS-00592-09-01,PAI-00592,2024-09-30,PROCUREMENT_OR_CONTRACT,Synthetic procurement or contract issue requiring monitoring review.,IN_PROGRESS,LOW
ISS-00592-10-01,PAI-00592,2024-10-31,FUNDING,Synthetic funding issue requiring monitoring review.,OPEN,LOW
ISS-00593-06-01,PAI-00593,2024-06-30,LEGAL_OR_SOCIAL,Synthetic legal or social issue requiring monitoring review.,OPEN,MEDIUM
ISS-00593-08-01,PAI-00593,2024-08-31,FUNDING,Synthetic funding issue requiring monitoring review.,RESOLVED,HIGH
ISS-00593-08-02,PAI-00593,2024-08-31,CLEARANCE,Synthetic clearance issue requiring monitoring review.,OPEN,HIGH
ISS-00593-09-01,PAI-00593,2024-09-30,PROCUREMENT_OR_CONTRACT,Synthetic procurement or contract issue requiring monitoring review.,IN_PROGRESS,MEDIUM
ISS-00593-10-01,PAI-00593,2024-10-31,SCOPE_OR_POLICY,Synthetic scope or policy issue requiring monitoring review.,OPEN,LOW
ISS-00593-10-02,PAI-00593,2024-10-31,LEGAL_OR_SOCIAL,Synthetic legal or social issue requiring monitoring review.,IN_PROGRESS,HIGH
ISS-00593-11-01,PAI-00593,2024-11-30,FUNDING,Synthetic funding issue requiring monitoring review.,IN_PROGRESS,MEDIUM
ISS-00593-13-01,PAI-00593,2025-01-31,FUNDING,Synthetic funding issue requiring monitoring review.,OPEN,LOW
ISS-00593-15-01,PAI-00593,2025-03-31,LEGAL_OR_SOCIAL,Synthetic legal or social issue requiring monitoring review.,OPEN,HIGH
ISS-00593-15-02,PAI-00593,2025-03-31,LAND_ACQUISITION,Synthetic land acquisition issue requiring monitoring review.,IN_PROGRESS,HIGH
ISS-00593-17-01,PAI-00593,2025-05-31,CLEARANCE,Synthetic clearance issue requiring monitoring review.,IN_PROGRESS,LOW
ISS-00593-17-02,PAI-00593,2025-05-31,FUNDING,Synthetic funding issue requiring monitoring review.,OPEN,MEDIUM
ISS-00593-20-01,PAI-00593,2025-08-31,LAND_ACQUISITION,Synthetic land acquisition issue requiring monitoring review.,OPEN,MEDIUM
ISS-00593-20-02,PAI-00593,2025-08-31,SCOPE_OR_POLICY,Synthetic scope or policy issue requiring monitoring review.,RESOLVED,MEDIUM
ISS-00593-23-01,PAI-00593,2025-11-30,LEGAL_OR_SOCIAL,Synthetic legal or social issue requiring monitoring review.,OPEN,MEDIUM
ISS-00593-23-02,PAI-00593,2025-11-30,ENGINEERING_OR_FEASIBILITY,Synthetic engineering or feasibility issue requiring monitoring review.,OPEN,MEDIUM
ISS-00593-24-01,PAI-00593,2025-12-31,LEGAL_OR_SOCIAL,Synthetic legal or social issue requiring monitoring review.,IN_PROGRESS,LOW
ISS-00594-08-01,PAI-00594,2024-08-31,CLEARANCE,Synthetic clearance issue requiring monitoring review.,RESOLVED,MEDIUM
ISS-00594-11-01,PAI-00594,2024-11-30,PROCUREMENT_OR_CONTRACT,Synthetic procurement or contract issue requiring monitoring review.,OPEN,MEDIUM
ISS-00594-13-01,PAI-00594,2025-01-31,PROCUREMENT_OR_CONTRACT,Synthetic procurement or contract issue requiring monitoring review.,OPEN,HIGH
ISS-00594-16-01,PAI-00594,2025-04-30,LEGAL_OR_SOCIAL,Synthetic legal or social issue requiring monitoring review.,OPEN,MEDIUM
ISS-00594-16-02,PAI-00594,2025-04-30,ENGINEERING_OR_FEASIBILITY,Synthetic engineering or feasibility issue requiring monitoring review.,RESOLVED,MEDIUM
ISS-00594-17-01,PAI-00594,2025-05-31,PROCUREMENT_OR_CONTRACT,Synthetic procurement or contract issue requiring monitoring review.,IN_PROGRESS,LOW
ISS-00594-17-02,PAI-00594,2025-05-31,LEGAL_OR_SOCIAL,Synthetic legal or social issue requiring monitoring review.,RESOLVED,MEDIUM
ISS-00594-18-01,PAI-00594,2025-06-30,FUNDING,Synthetic funding issue requiring monitoring review.,RESOLVED,LOW
ISS-00594-18-02,PAI-00594,2025-06-30,SCOPE_OR_POLICY,Synthetic scope or policy issue requiring monitoring review.,OPEN,MEDIUM
ISS-00594-20-01,PAI-00594,2025-08-31,BUDGET_OR_APPROVAL,Synthetic budget or approval issue requiring monitoring review.,OPEN,LOW
ISS-00594-21-01,PAI-00594,2025-09-30,PROCUREMENT_OR_CONTRACT,Synthetic procurement or contract issue requiring monitoring review.,OPEN,MEDIUM
ISS-00594-22-01,PAI-00594,2025-10-31,PROCUREMENT_OR_CONTRACT,Synthetic procurement or contract issue requiring monitoring review.,IN_PROGRESS,MEDIUM
ISS-00594-22-02,PAI-00594,2025-10-31,ENGINEERING_OR_FEASIBILITY,Synthetic engineering or feasibility issue requiring monitoring review.,OPEN,MEDIUM
ISS-00594-23-01,PAI-00594,2025-11-30,BUDGET_OR_APPROVAL,Synthetic budget or approval issue requiring monitoring review.,OPEN,LOW
ISS-00594-23-02,PAI-00594,2025-11-30,CLEARANCE,Synthetic clearance issue requiring monitoring review.,IN_PROGRESS,LOW
ISS-00594-23-03,PAI-00594,2025-11-30,SCOPE_OR_POLICY,Synthetic scope or policy issue requiring monitoring review.,RESOLVED,MEDIUM
ISS-00595-17-01,PAI-00595,2025-05-31,LEGAL_OR_SOCIAL,Synthetic legal or social issue requiring monitoring review.,IN_PROGRESS,HIGH
ISS-00595-18-01,PAI-00595,2025-06-30,BUDGET_OR_APPROVAL,Synthetic budget or approval issue requiring monitoring review.,IN_PROGRESS,LOW
ISS-00595-19-01,PAI-00595,2025-07-31,CLEARANCE,Synthetic clearance issue requiring monitoring review.,RESOLVED,LOW
ISS-00595-20-01,PAI-00595,2025-08-31,PROCUREMENT_OR_CONTRACT,Synthetic procurement or contract issue requiring monitoring review.,IN_PROGRESS,LOW
ISS-00595-22-01,PAI-00595,2025-10-31,SCOPE_OR_POLICY,Synthetic scope or policy issue requiring monitoring review.,IN_PROGRESS,HIGH
ISS-00595-23-01,PAI-00595,2025-11-30,PROCUREMENT_OR_CONTRACT,Synthetic procurement or contract issue requiring monitoring review.,OPEN,LOW
ISS-00596-03-01,PAI-00596,2024-03-31,ENGINEERING_OR_FEASIBILITY,Synthetic engineering or feasibility issue requiring monitoring review.,RESOLVED,LOW
ISS-00596-03-02,PAI-00596,2024-03-31,SCOPE_OR_POLICY,Synthetic scope or policy issue requiring monitoring review.,RESOLVED,MEDIUM
ISS-00596-10-01,PAI-00596,2024-10-31,LEGAL_OR_SOCIAL,Synthetic legal or social issue requiring monitoring review.,OPEN,LOW
ISS-00596-11-01,PAI-00596,2024-11-30,FUNDING,Synthetic funding issue requiring monitoring review.,OPEN,LOW
ISS-00596-13-01,PAI-00596,2025-01-31,FUNDING,Synthetic funding issue requiring monitoring review.,OPEN,LOW
ISS-00596-17-01,PAI-00596,2025-05-31,FUNDING,Synthetic funding issue requiring monitoring review.,IN_PROGRESS,MEDIUM
ISS-00596-24-01,PAI-00596,2025-12-31,ENGINEERING_OR_FEASIBILITY,Synthetic engineering or feasibility issue requiring monitoring review.,IN_PROGRESS,MEDIUM
ISS-00597-04-01,PAI-00597,2024-04-30,ENGINEERING_OR_FEASIBILITY,Synthetic engineering or feasibility issue requiring monitoring review.,OPEN,MEDIUM
ISS-00597-05-01,PAI-00597,2024-05-31,BUDGET_OR_APPROVAL,Synthetic budget or approval issue requiring monitoring review.,OPEN,HIGH
ISS-00597-07-01,PAI-00597,2024-07-31,BUDGET_OR_APPROVAL,Synthetic budget or approval issue requiring monitoring review.,IN_PROGRESS,MEDIUM
ISS-00597-09-01,PAI-00597,2024-09-30,LEGAL_OR_SOCIAL,Synthetic legal or social issue requiring monitoring review.,RESOLVED,MEDIUM
ISS-00597-13-01,PAI-00597,2025-01-31,LEGAL_OR_SOCIAL,Synthetic legal or social issue requiring monitoring review.,OPEN,MEDIUM
ISS-00597-14-01,PAI-00597,2025-02-28,PROCUREMENT_OR_CONTRACT,Synthetic procurement or contract issue requiring monitoring review.,OPEN,MEDIUM
ISS-00597-16-01,PAI-00597,2025-04-30,ENGINEERING_OR_FEASIBILITY,Synthetic engineering or feasibility issue requiring monitoring review.,OPEN,MEDIUM
ISS-00597-16-02,PAI-00597,2025-04-30,ENGINEERING_OR_FEASIBILITY,Synthetic engineering or feasibility issue requiring monitoring review.,OPEN,LOW
ISS-00597-17-01,PAI-00597,2025-05-31,LEGAL_OR_SOCIAL,Synthetic legal or social issue requiring monitoring review.,IN_PROGRESS,HIGH
ISS-00597-17-02,PAI-00597,2025-05-31,PROCUREMENT_OR_CONTRACT,Synthetic procurement or contract issue requiring monitoring review.,OPEN,LOW
ISS-00597-19-01,PAI-00597,2025-07-31,BUDGET_OR_APPROVAL,Synthetic budget or approval issue requiring monitoring review.,IN_PROGRESS,LOW
ISS-00597-19-02,PAI-00597,2025-07-31,CLEARANCE,Synthetic clearance issue requiring monitoring review.,IN_PROGRESS,HIGH
ISS-00597-21-01,PAI-00597,2025-09-30,ENGINEERING_OR_FEASIBILITY,Synthetic engineering or feasibility issue requiring monitoring review.,OPEN,HIGH
ISS-00597-22-01,PAI-00597,2025-10-31,BUDGET_OR_APPROVAL,Synthetic budget or approval issue requiring monitoring review.,IN_PROGRESS,LOW
ISS-00597-23-01,PAI-00597,2025-11-30,PROCUREMENT_OR_CONTRACT,Synthetic procurement or contract issue requiring monitoring review.,OPEN,HIGH
ISS-00598-04-01,PAI-00598,2024-04-30,BUDGET_OR_APPROVAL,Synthetic budget or approval issue requiring monitoring review.,OPEN,LOW
ISS-00598-06-01,PAI-00598,2024-06-30,SCOPE_OR_POLICY,Synthetic scope or policy issue requiring monitoring review.,OPEN,LOW
ISS-00598-09-01,PAI-00598,2024-09-30,LEGAL_OR_SOCIAL,Synthetic legal or social issue requiring monitoring review.,IN_PROGRESS,MEDIUM
ISS-00598-10-01,PAI-00598,2024-10-31,PROCUREMENT_OR_CONTRACT,Synthetic procurement or contract issue requiring monitoring review.,IN_PROGRESS,MEDIUM
ISS-00598-10-02,PAI-00598,2024-10-31,CLEARANCE,Synthetic clearance issue requiring monitoring review.,OPEN,HIGH
ISS-00598-10-03,PAI-00598,2024-10-31,FUNDING,Synthetic funding issue requiring monitoring review.,RESOLVED,HIGH
ISS-00598-10-04,PAI-00598,2024-10-31,ENGINEERING_OR_FEASIBILITY,Synthetic engineering or feasibility issue requiring monitoring review.,IN_PROGRESS,LOW
ISS-00598-12-01,PAI-00598,2024-12-31,SCOPE_OR_POLICY,Synthetic scope or policy issue requiring monitoring review.,OPEN,MEDIUM
ISS-00598-14-01,PAI-00598,2025-02-28,CLEARANCE,Synthetic clearance issue requiring monitoring review.,OPEN,LOW
ISS-00598-15-01,PAI-00598,2025-03-31,FUNDING,Synthetic funding issue requiring monitoring review.,IN_PROGRESS,LOW
ISS-00598-17-01,PAI-00598,2025-05-31,FUNDING,Synthetic funding issue requiring monitoring review.,IN_PROGRESS,MEDIUM
ISS-00598-18-01,PAI-00598,2025-06-30,PROCUREMENT_OR_CONTRACT,Synthetic procurement or contract issue requiring monitoring review.,OPEN,MEDIUM
ISS-00598-20-01,PAI-00598,2025-08-31,PROCUREMENT_OR_CONTRACT,Synthetic procurement or contract issue requiring monitoring review.,IN_PROGRESS,LOW
ISS-00598-23-01,PAI-00598,2025-11-30,BUDGET_OR_APPROVAL,Synthetic budget or approval issue requiring monitoring review.,OPEN,LOW
ISS-00598-23-02,PAI-00598,2025-11-30,LEGAL_OR_SOCIAL,Synthetic legal or social issue requiring monitoring review.,IN_PROGRESS,HIGH
ISS-00598-23-03,PAI-00598,2025-11-30,BUDGET_OR_APPROVAL,Synthetic budget or approval issue requiring monitoring review.,RESOLVED,LOW
ISS-00598-24-01,PAI-00598,2025-12-31,BUDGET_OR_APPROVAL,Synthetic budget or approval issue requiring monitoring review.,OPEN,MEDIUM
ISS-00598-24-02,PAI-00598,2025-12-31,LEGAL_OR_SOCIAL,Synthetic legal or social issue requiring monitoring review.,OPEN,HIGH
ISS-00599-01-01,PAI-00599,2024-01-31,CLEARANCE,Synthetic clearance issue requiring monitoring review.,OPEN,LOW
ISS-00599-02-01,PAI-00599,2024-02-29,LEGAL_OR_SOCIAL,Synthetic legal or social issue requiring monitoring review.,OPEN,MEDIUM
ISS-00599-02-02,PAI-00599,2024-02-29,FUNDING,Synthetic funding issue requiring monitoring review.,RESOLVED,MEDIUM
ISS-00599-03-01,PAI-00599,2024-03-31,CLEARANCE,Synthetic clearance issue requiring monitoring review.,RESOLVED,MEDIUM
ISS-00599-03-02,PAI-00599,2024-03-31,LEGAL_OR_SOCIAL,Synthetic legal or social issue requiring monitoring review.,OPEN,MEDIUM
ISS-00599-06-01,PAI-00599,2024-06-30,LEGAL_OR_SOCIAL,Synthetic legal or social issue requiring monitoring review.,RESOLVED,HIGH
ISS-00599-08-01,PAI-00599,2024-08-31,LEGAL_OR_SOCIAL,Synthetic legal or social issue requiring monitoring review.,RESOLVED,HIGH
ISS-00599-12-01,PAI-00599,2024-12-31,BUDGET_OR_APPROVAL,Synthetic budget or approval issue requiring monitoring review.,OPEN,HIGH
ISS-00599-14-01,PAI-00599,2025-02-28,LAND_ACQUISITION,Synthetic land acquisition issue requiring monitoring review.,OPEN,HIGH
ISS-00599-15-01,PAI-00599,2025-03-31,CLEARANCE,Synthetic clearance issue requiring monitoring review.,RESOLVED,MEDIUM
ISS-00599-16-01,PAI-00599,2025-04-30,FUNDING,Synthetic funding issue requiring monitoring review.,IN_PROGRESS,MEDIUM
ISS-00599-16-02,PAI-00599,2025-04-30,SCOPE_OR_POLICY,Synthetic scope or policy issue requiring monitoring review.,IN_PROGRESS,LOW
ISS-00599-17-01,PAI-00599,2025-05-31,SCOPE_OR_POLICY,Synthetic scope or policy issue requiring monitoring review.,RESOLVED,MEDIUM
ISS-00599-18-01,PAI-00599,2025-06-30,LAND_ACQUISITION,Synthetic land acquisition issue requiring monitoring review.,IN_PROGRESS,MEDIUM
ISS-00599-22-01,PAI-00599,2025-10-31,BUDGET_OR_APPROVAL,Synthetic budget or approval issue requiring monitoring review.,OPEN,MEDIUM
ISS-00599-22-02,PAI-00599,2025-10-31,PROCUREMENT_OR_CONTRACT,Synthetic procurement or contract issue requiring monitoring review.,RESOLVED,LOW
ISS-00599-24-01,PAI-00599,2025-12-31,CLEARANCE,Synthetic clearance issue requiring monitoring review.,RESOLVED,HIGH
ISS-00599-24-02,PAI-00599,2025-12-31,ENGINEERING_OR_FEASIBILITY,Synthetic engineering or feasibility issue requiring monitoring review.,RESOLVED,LOW
ISS-00600-03-01,PAI-00600,2024-03-31,CLEARANCE,Synthetic clearance issue requiring monitoring review.,OPEN,LOW
ISS-00600-05-01,PAI-00600,2024-05-31,CLEARANCE,Synthetic clearance issue requiring monitoring review.,IN_PROGRESS,MEDIUM
ISS-00600-08-01,PAI-00600,2024-08-31,ENGINEERING_OR_FEASIBILITY,Synthetic engineering or feasibility issue requiring monitoring review.,RESOLVED,HIGH
ISS-00600-09-01,PAI-00600,2024-09-30,BUDGET_OR_APPROVAL,Synthetic budget or approval issue requiring monitoring review.,RESOLVED,MEDIUM
ISS-00600-11-01,PAI-00600,2024-11-30,CLEARANCE,Synthetic clearance issue requiring monitoring review.,IN_PROGRESS,MEDIUM
ISS-00600-19-01,PAI-00600,2025-07-31,FUNDING,Synthetic funding issue requiring monitoring review.,IN_PROGRESS,HIGH
ISS-00600-21-01,PAI-00600,2025-09-30,ENGINEERING_OR_FEASIBILITY,Synthetic engineering or feasibility issue requiring monitoring review.,OPEN,MEDIUM
ISS-00601-01-01,PAI-00601,2024-01-31,LAND_ACQUISITION,Synthetic land acquisition issue requiring monitoring review.,OPEN,LOW
ISS-00601-01-02,PAI-00601,2024-01-31,LAND_ACQUISITION,Synthetic land acquisition issue requiring monitoring review.,RESOLVED,LOW
ISS-00601-04-01,PAI-00601,2024-04-30,BUDGET_OR_APPROVAL,Synthetic budget or approval issue requiring monitoring review.,OPEN,MEDIUM
ISS-00601-07-01,PAI-00601,2024-07-31,LEGAL_OR_SOCIAL,Synthetic legal or social issue requiring monitoring review.,OPEN,MEDIUM
ISS-00601-07-02,PAI-00601,2024-07-31,SCOPE_OR_POLICY,Synthetic scope or policy issue requiring monitoring review.,RESOLVED,MEDIUM
ISS-00601-09-01,PAI-00601,2024-09-30,LAND_ACQUISITION,Synthetic land acquisition issue requiring monitoring review.,RESOLVED,HIGH
ISS-00601-09-02,PAI-00601,2024-09-30,PROCUREMENT_OR_CONTRACT,Synthetic procurement or contract issue requiring monitoring review.,RESOLVED,LOW
ISS-00601-10-01,PAI-00601,2024-10-31,LEGAL_OR_SOCIAL,Synthetic legal or social issue requiring monitoring review.,IN_PROGRESS,MEDIUM
ISS-00601-10-02,PAI-00601,2024-10-31,PROCUREMENT_OR_CONTRACT,Synthetic procurement or contract issue requiring monitoring review.,OPEN,MEDIUM
ISS-00601-12-01,PAI-00601,2024-12-31,ENGINEERING_OR_FEASIBILITY,Synthetic engineering or feasibility issue requiring monitoring review.,OPEN,MEDIUM
ISS-00601-15-01,PAI-00601,2025-03-31,PROCUREMENT_OR_CONTRACT,Synthetic procurement or contract issue requiring monitoring review.,OPEN,LOW
ISS-00601-15-02,PAI-00601,2025-03-31,LAND_ACQUISITION,Synthetic land acquisition issue requiring monitoring review.,OPEN,MEDIUM
ISS-00601-16-01,PAI-00601,2025-04-30,FUNDING,Synthetic funding issue requiring monitoring review.,OPEN,HIGH
ISS-00601-16-02,PAI-00601,2025-04-30,LAND_ACQUISITION,Synthetic land acquisition issue requiring monitoring review.,IN_PROGRESS,MEDIUM
ISS-00601-17-01,PAI-00601,2025-05-31,LEGAL_OR_SOCIAL,Synthetic legal or social issue requiring monitoring review.,IN_PROGRESS,HIGH
ISS-00601-18-01,PAI-00601,2025-06-30,PROCUREMENT_OR_CONTRACT,Synthetic procurement or contract issue requiring monitoring review.,OPEN,LOW
ISS-00601-19-01,PAI-00601,2025-07-31,LAND_ACQUISITION,Synthetic land acquisition issue requiring monitoring review.,IN_PROGRESS,MEDIUM
ISS-00601-22-01,PAI-00601,2025-10-31,ENGINEERING_OR_FEASIBILITY,Synthetic engineering or feasibility issue requiring monitoring review.,OPEN,MEDIUM
ISS-00601-22-02,PAI-00601,2025-10-31,BUDGET_OR_APPROVAL,Synthetic budget or approval issue requiring monitoring review.,IN_PROGRESS,HIGH
ISS-00601-22-03,PAI-00601,2025-10-31,LAND_ACQUISITION,Synthetic land acquisition issue requiring monitoring review.,OPEN,HIGH
ISS-00601-23-01,PAI-00601,2025-11-30,ENGINEERING_OR_FEASIBILITY,Synthetic engineering or feasibility issue requiring monitoring review.,RESOLVED,LOW
ISS-00601-24-01,PAI-00601,2025-12-31,PROCUREMENT_OR_CONTRACT,Synthetic procurement or contract issue requiring monitoring review.,IN_PROGRESS,MEDIUM
ISS-00602-19-01,PAI-00602,2025-07-31,FUNDING,Synthetic funding issue requiring monitoring review.,OPEN,LOW
ISS-00602-21-01,PAI-00602,2025-09-30,SCOPE_OR_POLICY,Synthetic scope or policy issue requiring monitoring review.,OPEN,LOW
ISS-00602-23-01,PAI-00602,2025-11-30,PROCUREMENT_OR_CONTRACT,Synthetic procurement or contract issue requiring monitoring review.,OPEN,MEDIUM
ISS-00603-06-01,PAI-00603,2024-06-30,PROCUREMENT_OR_CONTRACT,Synthetic procurement or contract issue requiring monitoring review.,OPEN,LOW
ISS-00603-07-01,PAI-00603,2024-07-31,FUNDING,Synthetic funding issue requiring monitoring review.,RESOLVED,LOW
ISS-00603-08-01,PAI-00603,2024-08-31,BUDGET_OR_APPROVAL,Synthetic budget or approval issue requiring monitoring review.,IN_PROGRESS,LOW
ISS-00603-14-01,PAI-00603,2025-02-28,LAND_ACQUISITION,Synthetic land acquisition issue requiring monitoring review.,RESOLVED,LOW
ISS-00603-17-01,PAI-00603,2025-05-31,FUNDING,Synthetic funding issue requiring monitoring review.,RESOLVED,LOW
ISS-00603-21-01,PAI-00603,2025-09-30,BUDGET_OR_APPROVAL,Synthetic budget or approval issue requiring monitoring review.,OPEN,MEDIUM
ISS-00604-01-01,PAI-00604,2024-01-31,BUDGET_OR_APPROVAL,Synthetic budget or approval issue requiring monitoring review.,RESOLVED,MEDIUM
ISS-00604-04-01,PAI-00604,2024-04-30,LAND_ACQUISITION,Synthetic land acquisition issue requiring monitoring review.,RESOLVED,MEDIUM
ISS-00604-04-02,PAI-00604,2024-04-30,PROCUREMENT_OR_CONTRACT,Synthetic procurement or contract issue requiring monitoring review.,OPEN,HIGH
ISS-00604-12-01,PAI-00604,2024-12-31,FUNDING,Synthetic funding issue requiring monitoring review.,IN_PROGRESS,LOW
ISS-00604-19-01,PAI-00604,2025-07-31,ENGINEERING_OR_FEASIBILITY,Synthetic engineering or feasibility issue requiring monitoring review.,OPEN,HIGH
ISS-00604-23-01,PAI-00604,2025-11-30,CLEARANCE,Synthetic clearance issue requiring monitoring review.,IN_PROGRESS,HIGH
ISS-00605-02-01,PAI-00605,2024-02-29,BUDGET_OR_APPROVAL,Synthetic budget or approval issue requiring monitoring review.,OPEN,LOW
ISS-00605-02-02,PAI-00605,2024-02-29,BUDGET_OR_APPROVAL,Synthetic budget or approval issue requiring monitoring review.,OPEN,HIGH
ISS-00605-04-01,PAI-00605,2024-04-30,CLEARANCE,Synthetic clearance issue requiring monitoring review.,IN_PROGRESS,LOW
ISS-00605-08-01,PAI-00605,2024-08-31,FUNDING,Synthetic funding issue requiring monitoring review.,RESOLVED,HIGH
ISS-00605-09-01,PAI-00605,2024-09-30,LAND_ACQUISITION,Synthetic land acquisition issue requiring monitoring review.,RESOLVED,HIGH
ISS-00605-10-01,PAI-00605,2024-10-31,LAND_ACQUISITION,Synthetic land acquisition issue requiring monitoring review.,OPEN,LOW
ISS-00605-11-01,PAI-00605,2024-11-30,PROCUREMENT_OR_CONTRACT,Synthetic procurement or contract issue requiring monitoring review.,IN_PROGRESS,MEDIUM
ISS-00605-11-02,PAI-00605,2024-11-30,LEGAL_OR_SOCIAL,Synthetic legal or social issue requiring monitoring review.,OPEN,MEDIUM
ISS-00605-12-01,PAI-00605,2024-12-31,LAND_ACQUISITION,Synthetic land acquisition issue requiring monitoring review.,IN_PROGRESS,LOW
ISS-00605-12-02,PAI-00605,2024-12-31,SCOPE_OR_POLICY,Synthetic scope or policy issue requiring monitoring review.,OPEN,MEDIUM
ISS-00605-14-01,PAI-00605,2025-02-28,SCOPE_OR_POLICY,Synthetic scope or policy issue requiring monitoring review.,RESOLVED,MEDIUM
ISS-00605-14-02,PAI-00605,2025-02-28,CLEARANCE,Synthetic clearance issue requiring monitoring review.,OPEN,HIGH
ISS-00605-14-03,PAI-00605,2025-02-28,SCOPE_OR_POLICY,Synthetic scope or policy issue requiring monitoring review.,OPEN,HIGH
ISS-00605-18-01,PAI-00605,2025-06-30,BUDGET_OR_APPROVAL,Synthetic budget or approval issue requiring monitoring review.,IN_PROGRESS,MEDIUM
ISS-00605-18-02,PAI-00605,2025-06-30,BUDGET_OR_APPROVAL,Synthetic budget or approval issue requiring monitoring review.,OPEN,MEDIUM
ISS-00605-19-01,PAI-00605,2025-07-31,LEGAL_OR_SOCIAL,Synthetic legal or social issue requiring monitoring review.,OPEN,LOW
ISS-00605-22-01,PAI-00605,2025-10-31,ENGINEERING_OR_FEASIBILITY,Synthetic engineering or feasibility issue requiring monitoring review.,OPEN,MEDIUM
ISS-00605-22-02,PAI-00605,2025-10-31,PROCUREMENT_OR_CONTRACT,Synthetic procurement or contract issue requiring monitoring review.,IN_PROGRESS,MEDIUM
ISS-00605-24-01,PAI-00605,2025-12-31,SCOPE_OR_POLICY,Synthetic scope or policy issue requiring monitoring review.,RESOLVED,HIGH
ISS-00605-24-02,PAI-00605,2025-12-31,LEGAL_OR_SOCIAL,Synthetic legal or social issue requiring monitoring review.,IN_PROGRESS,MEDIUM
ISS-00606-01-01,PAI-00606,2024-01-31,FUNDING,Synthetic funding issue requiring monitoring review.,RESOLVED,HIGH
ISS-00606-01-02,PAI-00606,2024-01-31,PROCUREMENT_OR_CONTRACT,Synthetic procurement or contract issue requiring monitoring review.,RESOLVED,MEDIUM
ISS-00606-04-01,PAI-00606,2024-04-30,FUNDING,Synthetic funding issue requiring monitoring review.,OPEN,MEDIUM
ISS-00606-09-01,PAI-00606,2024-09-30,SCOPE_OR_POLICY,Synthetic scope or policy issue requiring monitoring review.,RESOLVED,MEDIUM
ISS-00606-15-01,PAI-00606,2025-03-31,FUNDING,Synthetic funding issue requiring monitoring review.,RESOLVED,MEDIUM
ISS-00606-19-01,PAI-00606,2025-07-31,FUNDING,Synthetic funding issue requiring monitoring review.,RESOLVED,MEDIUM
ISS-00606-24-01,PAI-00606,2025-12-31,PROCUREMENT_OR_CONTRACT,Synthetic procurement or contract issue requiring monitoring review.,RESOLVED,MEDIUM
ISS-00607-04-01,PAI-00607,2024-04-30,BUDGET_OR_APPROVAL,Synthetic budget or approval issue requiring monitoring review.,OPEN,HIGH
ISS-00607-05-01,PAI-00607,2024-05-31,SCOPE_OR_POLICY,Synthetic scope or policy issue requiring monitoring review.,OPEN,LOW
ISS-00607-09-01,PAI-00607,2024-09-30,FUNDING,Synthetic funding issue requiring monitoring review.,IN_PROGRESS,LOW
ISS-00607-14-01,PAI-00607,2025-02-28,SCOPE_OR_POLICY,Synthetic scope or policy issue requiring monitoring review.,IN_PROGRESS,LOW
ISS-00607-24-01,PAI-00607,2025-12-31,CLEARANCE,Synthetic clearance issue requiring monitoring review.,RESOLVED,LOW
ISS-00608-01-01,PAI-00608,2024-01-31,BUDGET_OR_APPROVAL,Synthetic budget or approval issue requiring monitoring review.,OPEN,HIGH
ISS-00608-02-01,PAI-00608,2024-02-29,BUDGET_OR_APPROVAL,Synthetic budget or approval issue requiring monitoring review.,RESOLVED,HIGH
ISS-00608-06-01,PAI-00608,2024-06-30,LAND_ACQUISITION,Synthetic land acquisition issue requiring monitoring review.,OPEN,HIGH
ISS-00608-10-01,PAI-00608,2024-10-31,LEGAL_OR_SOCIAL,Synthetic legal or social issue requiring monitoring review.,OPEN,LOW
ISS-00608-10-02,PAI-00608,2024-10-31,ENGINEERING_OR_FEASIBILITY,Synthetic engineering or feasibility issue requiring monitoring review.,OPEN,HIGH
ISS-00608-14-01,PAI-00608,2025-02-28,FUNDING,Synthetic funding issue requiring monitoring review.,OPEN,MEDIUM
ISS-00608-17-01,PAI-00608,2025-05-31,CLEARANCE,Synthetic clearance issue requiring monitoring review.,OPEN,HIGH
ISS-00608-19-01,PAI-00608,2025-07-31,CLEARANCE,Synthetic clearance issue requiring monitoring review.,RESOLVED,MEDIUM
ISS-00608-20-01,PAI-00608,2025-08-31,LEGAL_OR_SOCIAL,Synthetic legal or social issue requiring monitoring review.,OPEN,MEDIUM
ISS-00608-20-02,PAI-00608,2025-08-31,FUNDING,Synthetic funding issue requiring monitoring review.,IN_PROGRESS,HIGH
ISS-00608-22-01,PAI-00608,2025-10-31,PROCUREMENT_OR_CONTRACT,Synthetic procurement or contract issue requiring monitoring review.,OPEN,HIGH
ISS-00608-23-01,PAI-00608,2025-11-30,PROCUREMENT_OR_CONTRACT,Synthetic procurement or contract issue requiring monitoring review.,OPEN,MEDIUM
ISS-00609-04-01,PAI-00609,2024-04-30,LAND_ACQUISITION,Synthetic land acquisition issue requiring monitoring review.,OPEN,MEDIUM
ISS-00609-09-01,PAI-00609,2024-09-30,PROCUREMENT_OR_CONTRACT,Synthetic procurement or contract issue requiring monitoring review.,IN_PROGRESS,MEDIUM
ISS-00609-09-02,PAI-00609,2024-09-30,SCOPE_OR_POLICY,Synthetic scope or policy issue requiring monitoring review.,IN_PROGRESS,LOW
ISS-00609-10-01,PAI-00609,2024-10-31,LAND_ACQUISITION,Synthetic land acquisition issue requiring monitoring review.,RESOLVED,HIGH
ISS-00609-11-01,PAI-00609,2024-11-30,LAND_ACQUISITION,Synthetic land acquisition issue requiring monitoring review.,IN_PROGRESS,MEDIUM
ISS-00609-12-01,PAI-00609,2024-12-31,BUDGET_OR_APPROVAL,Synthetic budget or approval issue requiring monitoring review.,IN_PROGRESS,HIGH
ISS-00609-15-01,PAI-00609,2025-03-31,SCOPE_OR_POLICY,Synthetic scope or policy issue requiring monitoring review.,IN_PROGRESS,HIGH
ISS-00609-15-02,PAI-00609,2025-03-31,CLEARANCE,Synthetic clearance issue requiring monitoring review.,OPEN,MEDIUM
ISS-00609-19-01,PAI-00609,2025-07-31,LAND_ACQUISITION,Synthetic land acquisition issue requiring monitoring review.,RESOLVED,HIGH
ISS-00609-21-01,PAI-00609,2025-09-30,PROCUREMENT_OR_CONTRACT,Synthetic procurement or contract issue requiring monitoring review.,OPEN,LOW
ISS-00609-22-01,PAI-00609,2025-10-31,CLEARANCE,Synthetic clearance issue requiring monitoring review.,RESOLVED,HIGH
ISS-00610-03-01,PAI-00610,2024-03-31,LEGAL_OR_SOCIAL,Synthetic legal or social issue requiring monitoring review.,IN_PROGRESS,MEDIUM
ISS-00610-06-01,PAI-00610,2024-06-30,PROCUREMENT_OR_CONTRACT,Synthetic procurement or contract issue requiring monitoring review.,OPEN,LOW
ISS-00610-13-01,PAI-00610,2025-01-31,PROCUREMENT_OR_CONTRACT,Synthetic procurement or contract issue requiring monitoring review.,OPEN,MEDIUM
ISS-00610-18-01,PAI-00610,2025-06-30,LEGAL_OR_SOCIAL,Synthetic legal or social issue requiring monitoring review.,IN_PROGRESS,LOW
ISS-00610-23-01,PAI-00610,2025-11-30,SCOPE_OR_POLICY,Synthetic scope or policy issue requiring monitoring review.,OPEN,MEDIUM
ISS-00610-24-01,PAI-00610,2025-12-31,BUDGET_OR_APPROVAL,Synthetic budget or approval issue requiring monitoring review.,IN_PROGRESS,LOW
ISS-00610-24-02,PAI-00610,2025-12-31,FUNDING,Synthetic funding issue requiring monitoring review.,RESOLVED,MEDIUM
ISS-00610-24-03,PAI-00610,2025-12-31,PROCUREMENT_OR_CONTRACT,Synthetic procurement or contract issue requiring monitoring review.,OPEN,MEDIUM
ISS-00611-02-01,PAI-00611,2024-02-29,LAND_ACQUISITION,Synthetic land acquisition issue requiring monitoring review.,RESOLVED,MEDIUM
ISS-00611-02-02,PAI-00611,2024-02-29,FUNDING,Synthetic funding issue requiring monitoring review.,OPEN,LOW
ISS-00611-05-01,PAI-00611,2024-05-31,BUDGET_OR_APPROVAL,Synthetic budget or approval issue requiring monitoring review.,RESOLVED,LOW
ISS-00611-06-01,PAI-00611,2024-06-30,FUNDING,Synthetic funding issue requiring monitoring review.,OPEN,HIGH
ISS-00611-06-02,PAI-00611,2024-06-30,LAND_ACQUISITION,Synthetic land acquisition issue requiring monitoring review.,IN_PROGRESS,HIGH
ISS-00611-10-01,PAI-00611,2024-10-31,LEGAL_OR_SOCIAL,Synthetic legal or social issue requiring monitoring review.,OPEN,MEDIUM
ISS-00611-10-02,PAI-00611,2024-10-31,FUNDING,Synthetic funding issue requiring monitoring review.,IN_PROGRESS,LOW
ISS-00611-13-01,PAI-00611,2025-01-31,ENGINEERING_OR_FEASIBILITY,Synthetic engineering or feasibility issue requiring monitoring review.,OPEN,LOW
ISS-00611-14-01,PAI-00611,2025-02-28,CLEARANCE,Synthetic clearance issue requiring monitoring review.,IN_PROGRESS,HIGH
ISS-00611-14-02,PAI-00611,2025-02-28,LEGAL_OR_SOCIAL,Synthetic legal or social issue requiring monitoring review.,OPEN,LOW
ISS-00611-16-01,PAI-00611,2025-04-30,FUNDING,Synthetic funding issue requiring monitoring review.,OPEN,MEDIUM
ISS-00611-16-02,PAI-00611,2025-04-30,ENGINEERING_OR_FEASIBILITY,Synthetic engineering or feasibility issue requiring monitoring review.,OPEN,MEDIUM
ISS-00611-17-01,PAI-00611,2025-05-31,BUDGET_OR_APPROVAL,Synthetic budget or approval issue requiring monitoring review.,OPEN,MEDIUM
ISS-00611-17-02,PAI-00611,2025-05-31,CLEARANCE,Synthetic clearance issue requiring monitoring review.,IN_PROGRESS,HIGH
ISS-00611-17-03,PAI-00611,2025-05-31,LEGAL_OR_SOCIAL,Synthetic legal or social issue requiring monitoring review.,IN_PROGRESS,HIGH
ISS-00611-18-01,PAI-00611,2025-06-30,CLEARANCE,Synthetic clearance issue requiring monitoring review.,OPEN,MEDIUM
ISS-00611-19-01,PAI-00611,2025-07-31,LEGAL_OR_SOCIAL,Synthetic legal or social issue requiring monitoring review.,OPEN,MEDIUM
ISS-00611-20-01,PAI-00611,2025-08-31,ENGINEERING_OR_FEASIBILITY,Synthetic engineering or feasibility issue requiring monitoring review.,RESOLVED,MEDIUM
ISS-00611-20-02,PAI-00611,2025-08-31,SCOPE_OR_POLICY,Synthetic scope or policy issue requiring monitoring review.,RESOLVED,MEDIUM
ISS-00611-21-01,PAI-00611,2025-09-30,SCOPE_OR_POLICY,Synthetic scope or policy issue requiring monitoring review.,RESOLVED,MEDIUM
ISS-00611-22-01,PAI-00611,2025-10-31,SCOPE_OR_POLICY,Synthetic scope or policy issue requiring monitoring review.,IN_PROGRESS,MEDIUM
ISS-00611-22-02,PAI-00611,2025-10-31,LAND_ACQUISITION,Synthetic land acquisition issue requiring monitoring review.,IN_PROGRESS,MEDIUM
ISS-00612-04-01,PAI-00612,2024-04-30,FUNDING,Synthetic funding issue requiring monitoring review.,OPEN,MEDIUM
ISS-00612-22-01,PAI-00612,2025-10-31,BUDGET_OR_APPROVAL,Synthetic budget or approval issue requiring monitoring review.,OPEN,LOW
ISS-00612-24-01,PAI-00612,2025-12-31,FUNDING,Synthetic funding issue requiring monitoring review.,IN_PROGRESS,LOW
ISS-00613-03-01,PAI-00613,2024-03-31,PROCUREMENT_OR_CONTRACT,Synthetic procurement or contract issue requiring monitoring review.,OPEN,MEDIUM
ISS-00613-05-01,PAI-00613,2024-05-31,BUDGET_OR_APPROVAL,Synthetic budget or approval issue requiring monitoring review.,OPEN,LOW
ISS-00613-11-01,PAI-00613,2024-11-30,CLEARANCE,Synthetic clearance issue requiring monitoring review.,OPEN,LOW
ISS-00613-20-01,PAI-00613,2025-08-31,LAND_ACQUISITION,Synthetic land acquisition issue requiring monitoring review.,OPEN,MEDIUM
ISS-00614-02-01,PAI-00614,2024-02-29,LEGAL_OR_SOCIAL,Synthetic legal or social issue requiring monitoring review.,OPEN,MEDIUM
ISS-00614-05-01,PAI-00614,2024-05-31,ENGINEERING_OR_FEASIBILITY,Synthetic engineering or feasibility issue requiring monitoring review.,OPEN,MEDIUM
ISS-00614-06-01,PAI-00614,2024-06-30,LAND_ACQUISITION,Synthetic land acquisition issue requiring monitoring review.,IN_PROGRESS,HIGH
ISS-00614-10-01,PAI-00614,2024-10-31,LEGAL_OR_SOCIAL,Synthetic legal or social issue requiring monitoring review.,OPEN,HIGH
ISS-00614-13-01,PAI-00614,2025-01-31,SCOPE_OR_POLICY,Synthetic scope or policy issue requiring monitoring review.,IN_PROGRESS,MEDIUM
ISS-00614-13-02,PAI-00614,2025-01-31,FUNDING,Synthetic funding issue requiring monitoring review.,RESOLVED,LOW
ISS-00614-15-01,PAI-00614,2025-03-31,CLEARANCE,Synthetic clearance issue requiring monitoring review.,OPEN,MEDIUM
ISS-00614-16-01,PAI-00614,2025-04-30,FUNDING,Synthetic funding issue requiring monitoring review.,IN_PROGRESS,MEDIUM
ISS-00614-18-01,PAI-00614,2025-06-30,FUNDING,Synthetic funding issue requiring monitoring review.,OPEN,LOW
ISS-00614-20-01,PAI-00614,2025-08-31,ENGINEERING_OR_FEASIBILITY,Synthetic engineering or feasibility issue requiring monitoring review.,RESOLVED,HIGH
ISS-00614-21-01,PAI-00614,2025-09-30,SCOPE_OR_POLICY,Synthetic scope or policy issue requiring monitoring review.,RESOLVED,MEDIUM
ISS-00614-21-02,PAI-00614,2025-09-30,SCOPE_OR_POLICY,Synthetic scope or policy issue requiring monitoring review.,OPEN,MEDIUM
ISS-00614-21-03,PAI-00614,2025-09-30,CLEARANCE,Synthetic clearance issue requiring monitoring review.,IN_PROGRESS,MEDIUM
ISS-00615-03-01,PAI-00615,2024-03-31,CLEARANCE,Synthetic clearance issue requiring monitoring review.,IN_PROGRESS,HIGH
ISS-00615-05-01,PAI-00615,2024-05-31,BUDGET_OR_APPROVAL,Synthetic budget or approval issue requiring monitoring review.,IN_PROGRESS,MEDIUM
ISS-00615-15-01,PAI-00615,2025-03-31,BUDGET_OR_APPROVAL,Synthetic budget or approval issue requiring monitoring review.,OPEN,MEDIUM
ISS-00615-16-01,PAI-00615,2025-04-30,BUDGET_OR_APPROVAL,Synthetic budget or approval issue requiring monitoring review.,OPEN,LOW
ISS-00615-23-01,PAI-00615,2025-11-30,CLEARANCE,Synthetic clearance issue requiring monitoring review.,OPEN,LOW
ISS-00616-06-01,PAI-00616,2024-06-30,LAND_ACQUISITION,Synthetic land acquisition issue requiring monitoring review.,IN_PROGRESS,HIGH
ISS-00616-12-01,PAI-00616,2024-12-31,LAND_ACQUISITION,Synthetic land acquisition issue requiring monitoring review.,OPEN,LOW
ISS-00616-13-01,PAI-00616,2025-01-31,ENGINEERING_OR_FEASIBILITY,Synthetic engineering or feasibility issue requiring monitoring review.,RESOLVED,MEDIUM
ISS-00616-18-01,PAI-00616,2025-06-30,BUDGET_OR_APPROVAL,Synthetic budget or approval issue requiring monitoring review.,IN_PROGRESS,HIGH
ISS-00616-19-01,PAI-00616,2025-07-31,BUDGET_OR_APPROVAL,Synthetic budget or approval issue requiring monitoring review.,OPEN,HIGH
ISS-00616-19-02,PAI-00616,2025-07-31,ENGINEERING_OR_FEASIBILITY,Synthetic engineering or feasibility issue requiring monitoring review.,RESOLVED,LOW
ISS-00616-24-01,PAI-00616,2025-12-31,PROCUREMENT_OR_CONTRACT,Synthetic procurement or contract issue requiring monitoring review.,RESOLVED,MEDIUM
ISS-00617-01-01,PAI-00617,2024-01-31,FUNDING,Synthetic funding issue requiring monitoring review.,IN_PROGRESS,MEDIUM
ISS-00617-03-01,PAI-00617,2024-03-31,LEGAL_OR_SOCIAL,Synthetic legal or social issue requiring monitoring review.,IN_PROGRESS,MEDIUM
ISS-00617-03-02,PAI-00617,2024-03-31,PROCUREMENT_OR_CONTRACT,Synthetic procurement or contract issue requiring monitoring review.,IN_PROGRESS,HIGH
ISS-00617-06-01,PAI-00617,2024-06-30,BUDGET_OR_APPROVAL,Synthetic budget or approval issue requiring monitoring review.,IN_PROGRESS,LOW
ISS-00617-07-01,PAI-00617,2024-07-31,FUNDING,Synthetic funding issue requiring monitoring review.,RESOLVED,HIGH
ISS-00617-09-01,PAI-00617,2024-09-30,PROCUREMENT_OR_CONTRACT,Synthetic procurement or contract issue requiring monitoring review.,RESOLVED,LOW
ISS-00617-09-02,PAI-00617,2024-09-30,PROCUREMENT_OR_CONTRACT,Synthetic procurement or contract issue requiring monitoring review.,IN_PROGRESS,LOW
ISS-00617-10-01,PAI-00617,2024-10-31,PROCUREMENT_OR_CONTRACT,Synthetic procurement or contract issue requiring monitoring review.,RESOLVED,MEDIUM
ISS-00617-12-01,PAI-00617,2024-12-31,PROCUREMENT_OR_CONTRACT,Synthetic procurement or contract issue requiring monitoring review.,OPEN,MEDIUM
ISS-00617-12-02,PAI-00617,2024-12-31,CLEARANCE,Synthetic clearance issue requiring monitoring review.,OPEN,LOW
ISS-00617-15-01,PAI-00617,2025-03-31,PROCUREMENT_OR_CONTRACT,Synthetic procurement or contract issue requiring monitoring review.,RESOLVED,HIGH
ISS-00617-17-01,PAI-00617,2025-05-31,BUDGET_OR_APPROVAL,Synthetic budget or approval issue requiring monitoring review.,IN_PROGRESS,MEDIUM
ISS-00617-18-01,PAI-00617,2025-06-30,BUDGET_OR_APPROVAL,Synthetic budget or approval issue requiring monitoring review.,OPEN,MEDIUM
ISS-00617-19-01,PAI-00617,2025-07-31,LEGAL_OR_SOCIAL,Synthetic legal or social issue requiring monitoring review.,OPEN,MEDIUM
ISS-00617-19-02,PAI-00617,2025-07-31,PROCUREMENT_OR_CONTRACT,Synthetic procurement or contract issue requiring monitoring review.,IN_PROGRESS,HIGH
ISS-00617-22-01,PAI-00617,2025-10-31,LEGAL_OR_SOCIAL,Synthetic legal or social issue requiring monitoring review.,IN_PROGRESS,HIGH
ISS-00617-22-02,PAI-00617,2025-10-31,PROCUREMENT_OR_CONTRACT,Synthetic procurement or contract issue requiring monitoring review.,RESOLVED,HIGH
ISS-00617-24-01,PAI-00617,2025-12-31,LAND_ACQUISITION,Synthetic land acquisition issue requiring monitoring review.,OPEN,HIGH
ISS-00618-01-01,PAI-00618,2024-01-31,LAND_ACQUISITION,Synthetic land acquisition issue requiring monitoring review.,RESOLVED,HIGH
ISS-00618-11-01,PAI-00618,2024-11-30,FUNDING,Synthetic funding issue requiring monitoring review.,IN_PROGRESS,LOW
ISS-00618-13-01,PAI-00618,2025-01-31,CLEARANCE,Synthetic clearance issue requiring monitoring review.,IN_PROGRESS,HIGH
ISS-00618-14-01,PAI-00618,2025-02-28,PROCUREMENT_OR_CONTRACT,Synthetic procurement or contract issue requiring monitoring review.,IN_PROGRESS,LOW
ISS-00618-16-01,PAI-00618,2025-04-30,SCOPE_OR_POLICY,Synthetic scope or policy issue requiring monitoring review.,IN_PROGRESS,MEDIUM
ISS-00618-19-01,PAI-00618,2025-07-31,LEGAL_OR_SOCIAL,Synthetic legal or social issue requiring monitoring review.,RESOLVED,MEDIUM
ISS-00618-23-01,PAI-00618,2025-11-30,LAND_ACQUISITION,Synthetic land acquisition issue requiring monitoring review.,OPEN,LOW
ISS-00618-24-01,PAI-00618,2025-12-31,BUDGET_OR_APPROVAL,Synthetic budget or approval issue requiring monitoring review.,RESOLVED,LOW
ISS-00619-17-01,PAI-00619,2025-05-31,PROCUREMENT_OR_CONTRACT,Synthetic procurement or contract issue requiring monitoring review.,OPEN,LOW
ISS-00619-17-02,PAI-00619,2025-05-31,ENGINEERING_OR_FEASIBILITY,Synthetic engineering or feasibility issue requiring monitoring review.,IN_PROGRESS,MEDIUM
ISS-00619-17-03,PAI-00619,2025-05-31,LEGAL_OR_SOCIAL,Synthetic legal or social issue requiring monitoring review.,OPEN,LOW
ISS-00619-19-01,PAI-00619,2025-07-31,LAND_ACQUISITION,Synthetic land acquisition issue requiring monitoring review.,OPEN,MEDIUM
ISS-00619-21-01,PAI-00619,2025-09-30,LAND_ACQUISITION,Synthetic land acquisition issue requiring monitoring review.,OPEN,LOW
ISS-00619-21-02,PAI-00619,2025-09-30,PROCUREMENT_OR_CONTRACT,Synthetic procurement or contract issue requiring monitoring review.,OPEN,MEDIUM
ISS-00620-01-01,PAI-00620,2024-01-31,PROCUREMENT_OR_CONTRACT,Synthetic procurement or contract issue requiring monitoring review.,IN_PROGRESS,MEDIUM
ISS-00620-07-01,PAI-00620,2024-07-31,LEGAL_OR_SOCIAL,Synthetic legal or social issue requiring monitoring review.,OPEN,MEDIUM
ISS-00620-08-01,PAI-00620,2024-08-31,PROCUREMENT_OR_CONTRACT,Synthetic procurement or contract issue requiring monitoring review.,RESOLVED,HIGH
ISS-00620-09-01,PAI-00620,2024-09-30,LAND_ACQUISITION,Synthetic land acquisition issue requiring monitoring review.,OPEN,LOW
ISS-00620-15-01,PAI-00620,2025-03-31,FUNDING,Synthetic funding issue requiring monitoring review.,OPEN,MEDIUM
ISS-00620-16-01,PAI-00620,2025-04-30,ENGINEERING_OR_FEASIBILITY,Synthetic engineering or feasibility issue requiring monitoring review.,RESOLVED,LOW
ISS-00621-01-01,PAI-00621,2024-01-31,FUNDING,Synthetic funding issue requiring monitoring review.,IN_PROGRESS,LOW
ISS-00621-03-01,PAI-00621,2024-03-31,PROCUREMENT_OR_CONTRACT,Synthetic procurement or contract issue requiring monitoring review.,OPEN,LOW
ISS-00621-04-01,PAI-00621,2024-04-30,LEGAL_OR_SOCIAL,Synthetic legal or social issue requiring monitoring review.,OPEN,HIGH
ISS-00622-04-01,PAI-00622,2024-04-30,BUDGET_OR_APPROVAL,Synthetic budget or approval issue requiring monitoring review.,OPEN,LOW
ISS-00622-06-01,PAI-00622,2024-06-30,PROCUREMENT_OR_CONTRACT,Synthetic procurement or contract issue requiring monitoring review.,OPEN,LOW
ISS-00622-08-01,PAI-00622,2024-08-31,FUNDING,Synthetic funding issue requiring monitoring review.,OPEN,MEDIUM
ISS-00622-12-01,PAI-00622,2024-12-31,LEGAL_OR_SOCIAL,Synthetic legal or social issue requiring monitoring review.,IN_PROGRESS,LOW
ISS-00622-17-01,PAI-00622,2025-05-31,CLEARANCE,Synthetic clearance issue requiring monitoring review.,IN_PROGRESS,MEDIUM
ISS-00622-17-02,PAI-00622,2025-05-31,BUDGET_OR_APPROVAL,Synthetic budget or approval issue requiring monitoring review.,IN_PROGRESS,MEDIUM
ISS-00622-17-03,PAI-00622,2025-05-31,CLEARANCE,Synthetic clearance issue requiring monitoring review.,OPEN,MEDIUM
ISS-00622-19-01,PAI-00622,2025-07-31,CLEARANCE,Synthetic clearance issue requiring monitoring review.,IN_PROGRESS,LOW
ISS-00623-04-01,PAI-00623,2024-04-30,FUNDING,Synthetic funding issue requiring monitoring review.,IN_PROGRESS,LOW
ISS-00623-20-01,PAI-00623,2025-08-31,LEGAL_OR_SOCIAL,Synthetic legal or social issue requiring monitoring review.,OPEN,LOW
ISS-00623-22-01,PAI-00623,2025-10-31,LEGAL_OR_SOCIAL,Synthetic legal or social issue requiring monitoring review.,IN_PROGRESS,LOW
ISS-00624-01-01,PAI-00624,2024-01-31,FUNDING,Synthetic funding issue requiring monitoring review.,OPEN,LOW
ISS-00624-02-01,PAI-00624,2024-02-29,PROCUREMENT_OR_CONTRACT,Synthetic procurement or contract issue requiring monitoring review.,RESOLVED,HIGH
ISS-00624-04-01,PAI-00624,2024-04-30,FUNDING,Synthetic funding issue requiring monitoring review.,RESOLVED,MEDIUM
ISS-00624-06-01,PAI-00624,2024-06-30,SCOPE_OR_POLICY,Synthetic scope or policy issue requiring monitoring review.,OPEN,LOW
ISS-00624-06-02,PAI-00624,2024-06-30,LAND_ACQUISITION,Synthetic land acquisition issue requiring monitoring review.,IN_PROGRESS,MEDIUM
ISS-00624-08-01,PAI-00624,2024-08-31,FUNDING,Synthetic funding issue requiring monitoring review.,RESOLVED,MEDIUM
ISS-00624-08-02,PAI-00624,2024-08-31,ENGINEERING_OR_FEASIBILITY,Synthetic engineering or feasibility issue requiring monitoring review.,RESOLVED,MEDIUM
ISS-00624-09-01,PAI-00624,2024-09-30,SCOPE_OR_POLICY,Synthetic scope or policy issue requiring monitoring review.,OPEN,LOW
ISS-00624-09-02,PAI-00624,2024-09-30,CLEARANCE,Synthetic clearance issue requiring monitoring review.,OPEN,LOW
ISS-00624-12-01,PAI-00624,2024-12-31,SCOPE_OR_POLICY,Synthetic scope or policy issue requiring monitoring review.,OPEN,MEDIUM
ISS-00624-12-02,PAI-00624,2024-12-31,FUNDING,Synthetic funding issue requiring monitoring review.,IN_PROGRESS,LOW
ISS-00624-13-01,PAI-00624,2025-01-31,FUNDING,Synthetic funding issue requiring monitoring review.,OPEN,LOW
ISS-00624-13-02,PAI-00624,2025-01-31,CLEARANCE,Synthetic clearance issue requiring monitoring review.,IN_PROGRESS,MEDIUM
ISS-00624-13-03,PAI-00624,2025-01-31,BUDGET_OR_APPROVAL,Synthetic budget or approval issue requiring monitoring review.,OPEN,MEDIUM
ISS-00624-14-01,PAI-00624,2025-02-28,ENGINEERING_OR_FEASIBILITY,Synthetic engineering or feasibility issue requiring monitoring review.,IN_PROGRESS,LOW
ISS-00624-14-02,PAI-00624,2025-02-28,ENGINEERING_OR_FEASIBILITY,Synthetic engineering or feasibility issue requiring monitoring review.,RESOLVED,LOW
ISS-00624-15-01,PAI-00624,2025-03-31,ENGINEERING_OR_FEASIBILITY,Synthetic engineering or feasibility issue requiring monitoring review.,OPEN,MEDIUM
ISS-00624-15-02,PAI-00624,2025-03-31,LAND_ACQUISITION,Synthetic land acquisition issue requiring monitoring review.,IN_PROGRESS,MEDIUM
ISS-00624-17-01,PAI-00624,2025-05-31,FUNDING,Synthetic funding issue requiring monitoring review.,IN_PROGRESS,HIGH
ISS-00624-18-01,PAI-00624,2025-06-30,LAND_ACQUISITION,Synthetic land acquisition issue requiring monitoring review.,RESOLVED,MEDIUM
ISS-00624-18-02,PAI-00624,2025-06-30,LEGAL_OR_SOCIAL,Synthetic legal or social issue requiring monitoring review.,OPEN,MEDIUM
ISS-00624-18-03,PAI-00624,2025-06-30,LEGAL_OR_SOCIAL,Synthetic legal or social issue requiring monitoring review.,RESOLVED,HIGH
ISS-00624-18-04,PAI-00624,2025-06-30,LAND_ACQUISITION,Synthetic land acquisition issue requiring monitoring review.,OPEN,LOW
ISS-00624-18-05,PAI-00624,2025-06-30,LEGAL_OR_SOCIAL,Synthetic legal or social issue requiring monitoring review.,OPEN,LOW
ISS-00624-19-01,PAI-00624,2025-07-31,BUDGET_OR_APPROVAL,Synthetic budget or approval issue requiring monitoring review.,OPEN,MEDIUM
ISS-00624-20-01,PAI-00624,2025-08-31,PROCUREMENT_OR_CONTRACT,Synthetic procurement or contract issue requiring monitoring review.,IN_PROGRESS,HIGH
ISS-00624-21-01,PAI-00624,2025-09-30,ENGINEERING_OR_FEASIBILITY,Synthetic engineering or feasibility issue requiring monitoring review.,RESOLVED,LOW
ISS-00624-21-02,PAI-00624,2025-09-30,LAND_ACQUISITION,Synthetic land acquisition issue requiring monitoring review.,RESOLVED,MEDIUM
ISS-00624-21-03,PAI-00624,2025-09-30,PROCUREMENT_OR_CONTRACT,Synthetic procurement or contract issue requiring monitoring review.,IN_PROGRESS,HIGH
ISS-00624-23-01,PAI-00624,2025-11-30,SCOPE_OR_POLICY,Synthetic scope or policy issue requiring monitoring review.,RESOLVED,HIGH
ISS-00624-24-01,PAI-00624,2025-12-31,PROCUREMENT_OR_CONTRACT,Synthetic procurement or contract issue requiring monitoring review.,RESOLVED,MEDIUM
ISS-00625-02-01,PAI-00625,2024-02-29,BUDGET_OR_APPROVAL,Synthetic budget or approval issue requiring monitoring review.,OPEN,MEDIUM
ISS-00625-03-01,PAI-00625,2024-03-31,ENGINEERING_OR_FEASIBILITY,Synthetic engineering or feasibility issue requiring monitoring review.,IN_PROGRESS,HIGH
ISS-00625-03-02,PAI-00625,2024-03-31,FUNDING,Synthetic funding issue requiring monitoring review.,OPEN,MEDIUM
ISS-00625-08-01,PAI-00625,2024-08-31,LEGAL_OR_SOCIAL,Synthetic legal or social issue requiring monitoring review.,OPEN,MEDIUM
ISS-00625-09-01,PAI-00625,2024-09-30,FUNDING,Synthetic funding issue requiring monitoring review.,RESOLVED,LOW
ISS-00625-10-01,PAI-00625,2024-10-31,LAND_ACQUISITION,Synthetic land acquisition issue requiring monitoring review.,OPEN,LOW
ISS-00625-10-02,PAI-00625,2024-10-31,CLEARANCE,Synthetic clearance issue requiring monitoring review.,IN_PROGRESS,HIGH
ISS-00625-14-01,PAI-00625,2025-02-28,CLEARANCE,Synthetic clearance issue requiring monitoring review.,IN_PROGRESS,HIGH
ISS-00625-18-01,PAI-00625,2025-06-30,LAND_ACQUISITION,Synthetic land acquisition issue requiring monitoring review.,OPEN,MEDIUM
ISS-00625-20-01,PAI-00625,2025-08-31,LAND_ACQUISITION,Synthetic land acquisition issue requiring monitoring review.,OPEN,LOW
ISS-00626-02-01,PAI-00626,2024-02-29,BUDGET_OR_APPROVAL,Synthetic budget or approval issue requiring monitoring review.,OPEN,MEDIUM
ISS-00626-07-01,PAI-00626,2024-07-31,FUNDING,Synthetic funding issue requiring monitoring review.,IN_PROGRESS,HIGH
ISS-00626-09-01,PAI-00626,2024-09-30,FUNDING,Synthetic funding issue requiring monitoring review.,OPEN,MEDIUM
ISS-00626-12-01,PAI-00626,2024-12-31,PROCUREMENT_OR_CONTRACT,Synthetic procurement or contract issue requiring monitoring review.,IN_PROGRESS,MEDIUM
ISS-00626-14-01,PAI-00626,2025-02-28,SCOPE_OR_POLICY,Synthetic scope or policy issue requiring monitoring review.,IN_PROGRESS,MEDIUM
ISS-00626-17-01,PAI-00626,2025-05-31,BUDGET_OR_APPROVAL,Synthetic budget or approval issue requiring monitoring review.,IN_PROGRESS,HIGH
ISS-00626-18-01,PAI-00626,2025-06-30,FUNDING,Synthetic funding issue requiring monitoring review.,OPEN,HIGH
ISS-00626-22-01,PAI-00626,2025-10-31,SCOPE_OR_POLICY,Synthetic scope or policy issue requiring monitoring review.,IN_PROGRESS,MEDIUM
ISS-00626-24-01,PAI-00626,2025-12-31,PROCUREMENT_OR_CONTRACT,Synthetic procurement or contract issue requiring monitoring review.,OPEN,MEDIUM
ISS-00626-24-02,PAI-00626,2025-12-31,LEGAL_OR_SOCIAL,Synthetic legal or social issue requiring monitoring review.,OPEN,HIGH
ISS-00627-04-01,PAI-00627,2024-04-30,LAND_ACQUISITION,Synthetic land acquisition issue requiring monitoring review.,OPEN,MEDIUM
ISS-00627-09-01,PAI-00627,2024-09-30,FUNDING,Synthetic funding issue requiring monitoring review.,OPEN,LOW
ISS-00627-09-02,PAI-00627,2024-09-30,LAND_ACQUISITION,Synthetic land acquisition issue requiring monitoring review.,OPEN,MEDIUM
ISS-00627-12-01,PAI-00627,2024-12-31,LAND_ACQUISITION,Synthetic land acquisition issue requiring monitoring review.,OPEN,LOW
ISS-00627-16-01,PAI-00627,2025-04-30,BUDGET_OR_APPROVAL,Synthetic budget or approval issue requiring monitoring review.,IN_PROGRESS,MEDIUM
ISS-00627-22-01,PAI-00627,2025-10-31,FUNDING,Synthetic funding issue requiring monitoring review.,OPEN,HIGH
ISS-00627-22-02,PAI-00627,2025-10-31,PROCUREMENT_OR_CONTRACT,Synthetic procurement or contract issue requiring monitoring review.,OPEN,LOW
ISS-00627-23-01,PAI-00627,2025-11-30,CLEARANCE,Synthetic clearance issue requiring monitoring review.,IN_PROGRESS,LOW
ISS-00628-01-01,PAI-00628,2024-01-31,FUNDING,Synthetic funding issue requiring monitoring review.,OPEN,LOW
ISS-00628-03-01,PAI-00628,2024-03-31,SCOPE_OR_POLICY,Synthetic scope or policy issue requiring monitoring review.,RESOLVED,MEDIUM
ISS-00628-05-01,PAI-00628,2024-05-31,SCOPE_OR_POLICY,Synthetic scope or policy issue requiring monitoring review.,RESOLVED,HIGH
ISS-00628-07-01,PAI-00628,2024-07-31,LEGAL_OR_SOCIAL,Synthetic legal or social issue requiring monitoring review.,OPEN,HIGH
ISS-00628-07-02,PAI-00628,2024-07-31,CLEARANCE,Synthetic clearance issue requiring monitoring review.,OPEN,MEDIUM
ISS-00628-08-01,PAI-00628,2024-08-31,LAND_ACQUISITION,Synthetic land acquisition issue requiring monitoring review.,OPEN,LOW
ISS-00628-10-01,PAI-00628,2024-10-31,LEGAL_OR_SOCIAL,Synthetic legal or social issue requiring monitoring review.,RESOLVED,MEDIUM
ISS-00628-11-01,PAI-00628,2024-11-30,LEGAL_OR_SOCIAL,Synthetic legal or social issue requiring monitoring review.,IN_PROGRESS,MEDIUM
ISS-00628-15-01,PAI-00628,2025-03-31,ENGINEERING_OR_FEASIBILITY,Synthetic engineering or feasibility issue requiring monitoring review.,OPEN,MEDIUM
ISS-00628-17-01,PAI-00628,2025-05-31,CLEARANCE,Synthetic clearance issue requiring monitoring review.,OPEN,LOW
ISS-00628-18-01,PAI-00628,2025-06-30,PROCUREMENT_OR_CONTRACT,Synthetic procurement or contract issue requiring monitoring review.,OPEN,LOW
ISS-00628-21-01,PAI-00628,2025-09-30,BUDGET_OR_APPROVAL,Synthetic budget or approval issue requiring monitoring review.,IN_PROGRESS,MEDIUM
ISS-00628-22-01,PAI-00628,2025-10-31,BUDGET_OR_APPROVAL,Synthetic budget or approval issue requiring monitoring review.,OPEN,MEDIUM
ISS-00629-03-01,PAI-00629,2024-03-31,PROCUREMENT_OR_CONTRACT,Synthetic procurement or contract issue requiring monitoring review.,OPEN,LOW
ISS-00629-04-01,PAI-00629,2024-04-30,ENGINEERING_OR_FEASIBILITY,Synthetic engineering or feasibility issue requiring monitoring review.,IN_PROGRESS,MEDIUM
ISS-00629-08-01,PAI-00629,2024-08-31,FUNDING,Synthetic funding issue requiring monitoring review.,IN_PROGRESS,MEDIUM
ISS-00629-11-01,PAI-00629,2024-11-30,BUDGET_OR_APPROVAL,Synthetic budget or approval issue requiring monitoring review.,OPEN,MEDIUM
ISS-00629-12-01,PAI-00629,2024-12-31,ENGINEERING_OR_FEASIBILITY,Synthetic engineering or feasibility issue requiring monitoring review.,OPEN,MEDIUM
ISS-00629-13-01,PAI-00629,2025-01-31,LEGAL_OR_SOCIAL,Synthetic legal or social issue requiring monitoring review.,OPEN,HIGH
ISS-00629-15-01,PAI-00629,2025-03-31,CLEARANCE,Synthetic clearance issue requiring monitoring review.,OPEN,MEDIUM
ISS-00629-17-01,PAI-00629,2025-05-31,LEGAL_OR_SOCIAL,Synthetic legal or social issue requiring monitoring review.,IN_PROGRESS,HIGH
ISS-00629-21-01,PAI-00629,2025-09-30,BUDGET_OR_APPROVAL,Synthetic budget or approval issue requiring monitoring review.,IN_PROGRESS,MEDIUM
ISS-00629-22-01,PAI-00629,2025-10-31,SCOPE_OR_POLICY,Synthetic scope or policy issue requiring monitoring review.,OPEN,MEDIUM
ISS-00629-23-01,PAI-00629,2025-11-30,FUNDING,Synthetic funding issue requiring monitoring review.,RESOLVED,LOW
ISS-00630-03-01,PAI-00630,2024-03-31,LAND_ACQUISITION,Synthetic land acquisition issue requiring monitoring review.,IN_PROGRESS,MEDIUM
ISS-00630-06-01,PAI-00630,2024-06-30,LAND_ACQUISITION,Synthetic land acquisition issue requiring monitoring review.,RESOLVED,LOW
ISS-00630-08-01,PAI-00630,2024-08-31,LEGAL_OR_SOCIAL,Synthetic legal or social issue requiring monitoring review.,RESOLVED,HIGH
ISS-00630-09-01,PAI-00630,2024-09-30,FUNDING,Synthetic funding issue requiring monitoring review.,OPEN,LOW
ISS-00630-11-01,PAI-00630,2024-11-30,PROCUREMENT_OR_CONTRACT,Synthetic procurement or contract issue requiring monitoring review.,RESOLVED,LOW
ISS-00630-15-01,PAI-00630,2025-03-31,FUNDING,Synthetic funding issue requiring monitoring review.,OPEN,MEDIUM
ISS-00630-20-01,PAI-00630,2025-08-31,CLEARANCE,Synthetic clearance issue requiring monitoring review.,OPEN,MEDIUM
ISS-00630-20-02,PAI-00630,2025-08-31,ENGINEERING_OR_FEASIBILITY,Synthetic engineering or feasibility issue requiring monitoring review.,OPEN,MEDIUM
ISS-00630-23-01,PAI-00630,2025-11-30,CLEARANCE,Synthetic clearance issue requiring monitoring review.,OPEN,MEDIUM
ISS-00631-10-01,PAI-00631,2024-10-31,LAND_ACQUISITION,Synthetic land acquisition issue requiring monitoring review.,OPEN,HIGH
ISS-00631-11-01,PAI-00631,2024-11-30,BUDGET_OR_APPROVAL,Synthetic budget or approval issue requiring monitoring review.,RESOLVED,MEDIUM
ISS-00631-17-01,PAI-00631,2025-05-31,PROCUREMENT_OR_CONTRACT,Synthetic procurement or contract issue requiring monitoring review.,OPEN,LOW
ISS-00631-18-01,PAI-00631,2025-06-30,FUNDING,Synthetic funding issue requiring monitoring review.,OPEN,MEDIUM
ISS-00631-22-01,PAI-00631,2025-10-31,FUNDING,Synthetic funding issue requiring monitoring review.,IN_PROGRESS,LOW
ISS-00632-18-01,PAI-00632,2025-06-30,FUNDING,Synthetic funding issue requiring monitoring review.,RESOLVED,MEDIUM
ISS-00632-21-01,PAI-00632,2025-09-30,ENGINEERING_OR_FEASIBILITY,Synthetic engineering or feasibility issue requiring monitoring review.,OPEN,LOW
ISS-00633-04-01,PAI-00633,2024-04-30,ENGINEERING_OR_FEASIBILITY,Synthetic engineering or feasibility issue requiring monitoring review.,OPEN,LOW
ISS-00633-17-01,PAI-00633,2025-05-31,ENGINEERING_OR_FEASIBILITY,Synthetic engineering or feasibility issue requiring monitoring review.,IN_PROGRESS,LOW
ISS-00633-18-01,PAI-00633,2025-06-30,SCOPE_OR_POLICY,Synthetic scope or policy issue requiring monitoring review.,RESOLVED,LOW
ISS-00634-03-01,PAI-00634,2024-03-31,ENGINEERING_OR_FEASIBILITY,Synthetic engineering or feasibility issue requiring monitoring review.,OPEN,HIGH
ISS-00634-03-02,PAI-00634,2024-03-31,FUNDING,Synthetic funding issue requiring monitoring review.,RESOLVED,MEDIUM
ISS-00634-10-01,PAI-00634,2024-10-31,SCOPE_OR_POLICY,Synthetic scope or policy issue requiring monitoring review.,IN_PROGRESS,MEDIUM
ISS-00634-12-01,PAI-00634,2024-12-31,LAND_ACQUISITION,Synthetic land acquisition issue requiring monitoring review.,RESOLVED,LOW
ISS-00634-13-01,PAI-00634,2025-01-31,LAND_ACQUISITION,Synthetic land acquisition issue requiring monitoring review.,OPEN,LOW
ISS-00634-13-02,PAI-00634,2025-01-31,SCOPE_OR_POLICY,Synthetic scope or policy issue requiring monitoring review.,RESOLVED,LOW
ISS-00634-13-03,PAI-00634,2025-01-31,LEGAL_OR_SOCIAL,Synthetic legal or social issue requiring monitoring review.,OPEN,LOW
ISS-00634-14-01,PAI-00634,2025-02-28,SCOPE_OR_POLICY,Synthetic scope or policy issue requiring monitoring review.,OPEN,LOW
ISS-00634-16-01,PAI-00634,2025-04-30,FUNDING,Synthetic funding issue requiring monitoring review.,OPEN,HIGH
ISS-00634-17-01,PAI-00634,2025-05-31,SCOPE_OR_POLICY,Synthetic scope or policy issue requiring monitoring review.,RESOLVED,HIGH
ISS-00634-17-02,PAI-00634,2025-05-31,LEGAL_OR_SOCIAL,Synthetic legal or social issue requiring monitoring review.,IN_PROGRESS,MEDIUM
ISS-00634-20-01,PAI-00634,2025-08-31,SCOPE_OR_POLICY,Synthetic scope or policy issue requiring monitoring review.,OPEN,MEDIUM
ISS-00634-20-02,PAI-00634,2025-08-31,CLEARANCE,Synthetic clearance issue requiring monitoring review.,IN_PROGRESS,HIGH
ISS-00634-23-01,PAI-00634,2025-11-30,ENGINEERING_OR_FEASIBILITY,Synthetic engineering or feasibility issue requiring monitoring review.,IN_PROGRESS,MEDIUM
ISS-00635-07-01,PAI-00635,2024-07-31,LEGAL_OR_SOCIAL,Synthetic legal or social issue requiring monitoring review.,IN_PROGRESS,LOW
ISS-00635-13-01,PAI-00635,2025-01-31,SCOPE_OR_POLICY,Synthetic scope or policy issue requiring monitoring review.,OPEN,HIGH
ISS-00635-14-01,PAI-00635,2025-02-28,FUNDING,Synthetic funding issue requiring monitoring review.,OPEN,MEDIUM
ISS-00635-16-01,PAI-00635,2025-04-30,ENGINEERING_OR_FEASIBILITY,Synthetic engineering or feasibility issue requiring monitoring review.,OPEN,LOW
ISS-00635-20-01,PAI-00635,2025-08-31,LAND_ACQUISITION,Synthetic land acquisition issue requiring monitoring review.,OPEN,MEDIUM
ISS-00635-21-01,PAI-00635,2025-09-30,LAND_ACQUISITION,Synthetic land acquisition issue requiring monitoring review.,RESOLVED,MEDIUM
ISS-00635-22-01,PAI-00635,2025-10-31,SCOPE_OR_POLICY,Synthetic scope or policy issue requiring monitoring review.,OPEN,HIGH
ISS-00636-08-01,PAI-00636,2024-08-31,PROCUREMENT_OR_CONTRACT,Synthetic procurement or contract issue requiring monitoring review.,OPEN,LOW
ISS-00636-09-01,PAI-00636,2024-09-30,BUDGET_OR_APPROVAL,Synthetic budget or approval issue requiring monitoring review.,RESOLVED,LOW
ISS-00636-13-01,PAI-00636,2025-01-31,LAND_ACQUISITION,Synthetic land acquisition issue requiring monitoring review.,IN_PROGRESS,HIGH
ISS-00636-21-01,PAI-00636,2025-09-30,LAND_ACQUISITION,Synthetic land acquisition issue requiring monitoring review.,OPEN,MEDIUM
ISS-00637-01-01,PAI-00637,2024-01-31,SCOPE_OR_POLICY,Synthetic scope or policy issue requiring monitoring review.,OPEN,LOW
ISS-00637-05-01,PAI-00637,2024-05-31,SCOPE_OR_POLICY,Synthetic scope or policy issue requiring monitoring review.,OPEN,LOW
ISS-00637-05-02,PAI-00637,2024-05-31,ENGINEERING_OR_FEASIBILITY,Synthetic engineering or feasibility issue requiring monitoring review.,RESOLVED,HIGH
ISS-00637-07-01,PAI-00637,2024-07-31,FUNDING,Synthetic funding issue requiring monitoring review.,OPEN,MEDIUM
ISS-00637-07-02,PAI-00637,2024-07-31,LEGAL_OR_SOCIAL,Synthetic legal or social issue requiring monitoring review.,IN_PROGRESS,MEDIUM
ISS-00637-14-01,PAI-00637,2025-02-28,CLEARANCE,Synthetic clearance issue requiring monitoring review.,OPEN,MEDIUM
ISS-00637-14-02,PAI-00637,2025-02-28,ENGINEERING_OR_FEASIBILITY,Synthetic engineering or feasibility issue requiring monitoring review.,RESOLVED,MEDIUM
ISS-00637-16-01,PAI-00637,2025-04-30,ENGINEERING_OR_FEASIBILITY,Synthetic engineering or feasibility issue requiring monitoring review.,OPEN,LOW
ISS-00637-16-02,PAI-00637,2025-04-30,LAND_ACQUISITION,Synthetic land acquisition issue requiring monitoring review.,OPEN,MEDIUM
ISS-00637-17-01,PAI-00637,2025-05-31,ENGINEERING_OR_FEASIBILITY,Synthetic engineering or feasibility issue requiring monitoring review.,OPEN,HIGH
ISS-00637-17-02,PAI-00637,2025-05-31,SCOPE_OR_POLICY,Synthetic scope or policy issue requiring monitoring review.,OPEN,MEDIUM
ISS-00637-17-03,PAI-00637,2025-05-31,SCOPE_OR_POLICY,Synthetic scope or policy issue requiring monitoring review.,IN_PROGRESS,MEDIUM
ISS-00637-18-01,PAI-00637,2025-06-30,LEGAL_OR_SOCIAL,Synthetic legal or social issue requiring monitoring review.,OPEN,MEDIUM
ISS-00637-18-02,PAI-00637,2025-06-30,ENGINEERING_OR_FEASIBILITY,Synthetic engineering or feasibility issue requiring monitoring review.,IN_PROGRESS,MEDIUM
ISS-00637-19-01,PAI-00637,2025-07-31,LAND_ACQUISITION,Synthetic land acquisition issue requiring monitoring review.,OPEN,LOW
ISS-00637-19-02,PAI-00637,2025-07-31,PROCUREMENT_OR_CONTRACT,Synthetic procurement or contract issue requiring monitoring review.,IN_PROGRESS,MEDIUM
ISS-00637-20-01,PAI-00637,2025-08-31,LEGAL_OR_SOCIAL,Synthetic legal or social issue requiring monitoring review.,RESOLVED,MEDIUM
ISS-00637-20-02,PAI-00637,2025-08-31,CLEARANCE,Synthetic clearance issue requiring monitoring review.,IN_PROGRESS,LOW
ISS-00637-21-01,PAI-00637,2025-09-30,ENGINEERING_OR_FEASIBILITY,Synthetic engineering or feasibility issue requiring monitoring review.,OPEN,MEDIUM
ISS-00637-21-02,PAI-00637,2025-09-30,LAND_ACQUISITION,Synthetic land acquisition issue requiring monitoring review.,OPEN,HIGH
ISS-00637-22-01,PAI-00637,2025-10-31,FUNDING,Synthetic funding issue requiring monitoring review.,OPEN,MEDIUM
ISS-00637-23-01,PAI-00637,2025-11-30,SCOPE_OR_POLICY,Synthetic scope or policy issue requiring monitoring review.,IN_PROGRESS,HIGH
ISS-00637-24-01,PAI-00637,2025-12-31,FUNDING,Synthetic funding issue requiring monitoring review.,OPEN,MEDIUM
ISS-00637-24-02,PAI-00637,2025-12-31,SCOPE_OR_POLICY,Synthetic scope or policy issue requiring monitoring review.,IN_PROGRESS,HIGH
ISS-00637-24-03,PAI-00637,2025-12-31,PROCUREMENT_OR_CONTRACT,Synthetic procurement or contract issue requiring monitoring review.,OPEN,HIGH
ISS-00638-01-01,PAI-00638,2024-01-31,LAND_ACQUISITION,Synthetic land acquisition issue requiring monitoring review.,IN_PROGRESS,LOW
ISS-00638-10-01,PAI-00638,2024-10-31,LAND_ACQUISITION,Synthetic land acquisition issue requiring monitoring review.,IN_PROGRESS,MEDIUM
ISS-00638-11-01,PAI-00638,2024-11-30,ENGINEERING_OR_FEASIBILITY,Synthetic engineering or feasibility issue requiring monitoring review.,OPEN,HIGH
ISS-00638-19-01,PAI-00638,2025-07-31,BUDGET_OR_APPROVAL,Synthetic budget or approval issue requiring monitoring review.,IN_PROGRESS,MEDIUM
ISS-00639-10-01,PAI-00639,2024-10-31,ENGINEERING_OR_FEASIBILITY,Synthetic engineering or feasibility issue requiring monitoring review.,OPEN,LOW
ISS-00639-15-01,PAI-00639,2025-03-31,LEGAL_OR_SOCIAL,Synthetic legal or social issue requiring monitoring review.,IN_PROGRESS,HIGH
ISS-00639-16-01,PAI-00639,2025-04-30,ENGINEERING_OR_FEASIBILITY,Synthetic engineering or feasibility issue requiring monitoring review.,OPEN,MEDIUM
ISS-00639-16-02,PAI-00639,2025-04-30,ENGINEERING_OR_FEASIBILITY,Synthetic engineering or feasibility issue requiring monitoring review.,OPEN,MEDIUM
ISS-00639-17-01,PAI-00639,2025-05-31,LAND_ACQUISITION,Synthetic land acquisition issue requiring monitoring review.,RESOLVED,MEDIUM
ISS-00639-17-02,PAI-00639,2025-05-31,ENGINEERING_OR_FEASIBILITY,Synthetic engineering or feasibility issue requiring monitoring review.,RESOLVED,MEDIUM
ISS-00639-19-01,PAI-00639,2025-07-31,FUNDING,Synthetic funding issue requiring monitoring review.,IN_PROGRESS,MEDIUM
ISS-00639-21-01,PAI-00639,2025-09-30,FUNDING,Synthetic funding issue requiring monitoring review.,RESOLVED,MEDIUM
ISS-00639-21-02,PAI-00639,2025-09-30,CLEARANCE,Synthetic clearance issue requiring monitoring review.,OPEN,MEDIUM
ISS-00639-22-01,PAI-00639,2025-10-31,LAND_ACQUISITION,Synthetic land acquisition issue requiring monitoring review.,IN_PROGRESS,LOW
ISS-00640-03-01,PAI-00640,2024-03-31,BUDGET_OR_APPROVAL,Synthetic budget or approval issue requiring monitoring review.,OPEN,HIGH
ISS-00640-08-01,PAI-00640,2024-08-31,SCOPE_OR_POLICY,Synthetic scope or policy issue requiring monitoring review.,IN_PROGRESS,MEDIUM
ISS-00640-10-01,PAI-00640,2024-10-31,PROCUREMENT_OR_CONTRACT,Synthetic procurement or contract issue requiring monitoring review.,RESOLVED,HIGH
ISS-00640-16-01,PAI-00640,2025-04-30,LAND_ACQUISITION,Synthetic land acquisition issue requiring monitoring review.,OPEN,MEDIUM
ISS-00640-18-01,PAI-00640,2025-06-30,LEGAL_OR_SOCIAL,Synthetic legal or social issue requiring monitoring review.,OPEN,HIGH
ISS-00640-19-01,PAI-00640,2025-07-31,PROCUREMENT_OR_CONTRACT,Synthetic procurement or contract issue requiring monitoring review.,OPEN,HIGH
ISS-00640-20-01,PAI-00640,2025-08-31,CLEARANCE,Synthetic clearance issue requiring monitoring review.,IN_PROGRESS,HIGH
ISS-00640-22-01,PAI-00640,2025-10-31,BUDGET_OR_APPROVAL,Synthetic budget or approval issue requiring monitoring review.,IN_PROGRESS,LOW
ISS-00640-23-01,PAI-00640,2025-11-30,BUDGET_OR_APPROVAL,Synthetic budget or approval issue requiring monitoring review.,OPEN,MEDIUM
ISS-00641-01-01,PAI-00641,2024-01-31,ENGINEERING_OR_FEASIBILITY,Synthetic engineering or feasibility issue requiring monitoring review.,OPEN,MEDIUM
ISS-00641-05-01,PAI-00641,2024-05-31,LEGAL_OR_SOCIAL,Synthetic legal or social issue requiring monitoring review.,OPEN,MEDIUM
ISS-00641-08-01,PAI-00641,2024-08-31,SCOPE_OR_POLICY,Synthetic scope or policy issue requiring monitoring review.,RESOLVED,HIGH
ISS-00641-09-01,PAI-00641,2024-09-30,PROCUREMENT_OR_CONTRACT,Synthetic procurement or contract issue requiring monitoring review.,IN_PROGRESS,MEDIUM
ISS-00641-10-01,PAI-00641,2024-10-31,FUNDING,Synthetic funding issue requiring monitoring review.,RESOLVED,MEDIUM
ISS-00641-20-01,PAI-00641,2025-08-31,FUNDING,Synthetic funding issue requiring monitoring review.,OPEN,MEDIUM
ISS-00641-24-01,PAI-00641,2025-12-31,BUDGET_OR_APPROVAL,Synthetic budget or approval issue requiring monitoring review.,RESOLVED,LOW
ISS-00642-01-01,PAI-00642,2024-01-31,BUDGET_OR_APPROVAL,Synthetic budget or approval issue requiring monitoring review.,OPEN,MEDIUM
ISS-00642-06-01,PAI-00642,2024-06-30,ENGINEERING_OR_FEASIBILITY,Synthetic engineering or feasibility issue requiring monitoring review.,IN_PROGRESS,LOW
ISS-00642-07-01,PAI-00642,2024-07-31,LEGAL_OR_SOCIAL,Synthetic legal or social issue requiring monitoring review.,OPEN,LOW
ISS-00642-10-01,PAI-00642,2024-10-31,LEGAL_OR_SOCIAL,Synthetic legal or social issue requiring monitoring review.,OPEN,LOW
ISS-00642-16-01,PAI-00642,2025-04-30,PROCUREMENT_OR_CONTRACT,Synthetic procurement or contract issue requiring monitoring review.,OPEN,HIGH
ISS-00642-17-01,PAI-00642,2025-05-31,BUDGET_OR_APPROVAL,Synthetic budget or approval issue requiring monitoring review.,RESOLVED,MEDIUM
ISS-00642-19-01,PAI-00642,2025-07-31,FUNDING,Synthetic funding issue requiring monitoring review.,IN_PROGRESS,HIGH
ISS-00642-20-01,PAI-00642,2025-08-31,ENGINEERING_OR_FEASIBILITY,Synthetic engineering or feasibility issue requiring monitoring review.,OPEN,MEDIUM
ISS-00642-20-02,PAI-00642,2025-08-31,BUDGET_OR_APPROVAL,Synthetic budget or approval issue requiring monitoring review.,OPEN,MEDIUM
ISS-00642-21-01,PAI-00642,2025-09-30,LEGAL_OR_SOCIAL,Synthetic legal or social issue requiring monitoring review.,IN_PROGRESS,MEDIUM
ISS-00642-22-01,PAI-00642,2025-10-31,LEGAL_OR_SOCIAL,Synthetic legal or social issue requiring monitoring review.,IN_PROGRESS,HIGH
ISS-00643-01-01,PAI-00643,2024-01-31,LAND_ACQUISITION,Synthetic land acquisition issue requiring monitoring review.,OPEN,LOW
ISS-00643-03-01,PAI-00643,2024-03-31,LAND_ACQUISITION,Synthetic land acquisition issue requiring monitoring review.,RESOLVED,MEDIUM
ISS-00643-04-01,PAI-00643,2024-04-30,ENGINEERING_OR_FEASIBILITY,Synthetic engineering or feasibility issue requiring monitoring review.,IN_PROGRESS,HIGH
ISS-00643-06-01,PAI-00643,2024-06-30,BUDGET_OR_APPROVAL,Synthetic budget or approval issue requiring monitoring review.,OPEN,HIGH
ISS-00643-07-01,PAI-00643,2024-07-31,BUDGET_OR_APPROVAL,Synthetic budget or approval issue requiring monitoring review.,RESOLVED,LOW
ISS-00643-09-01,PAI-00643,2024-09-30,SCOPE_OR_POLICY,Synthetic scope or policy issue requiring monitoring review.,IN_PROGRESS,LOW
ISS-00643-10-01,PAI-00643,2024-10-31,LAND_ACQUISITION,Synthetic land acquisition issue requiring monitoring review.,OPEN,MEDIUM
ISS-00643-14-01,PAI-00643,2025-02-28,SCOPE_OR_POLICY,Synthetic scope or policy issue requiring monitoring review.,OPEN,MEDIUM
ISS-00643-16-01,PAI-00643,2025-04-30,LEGAL_OR_SOCIAL,Synthetic legal or social issue requiring monitoring review.,OPEN,MEDIUM
ISS-00643-17-01,PAI-00643,2025-05-31,ENGINEERING_OR_FEASIBILITY,Synthetic engineering or feasibility issue requiring monitoring review.,OPEN,HIGH
ISS-00643-19-01,PAI-00643,2025-07-31,LEGAL_OR_SOCIAL,Synthetic legal or social issue requiring monitoring review.,OPEN,MEDIUM
ISS-00643-19-02,PAI-00643,2025-07-31,PROCUREMENT_OR_CONTRACT,Synthetic procurement or contract issue requiring monitoring review.,RESOLVED,MEDIUM
ISS-00643-19-03,PAI-00643,2025-07-31,PROCUREMENT_OR_CONTRACT,Synthetic procurement or contract issue requiring monitoring review.,IN_PROGRESS,MEDIUM
ISS-00643-21-01,PAI-00643,2025-09-30,SCOPE_OR_POLICY,Synthetic scope or policy issue requiring monitoring review.,OPEN,HIGH
ISS-00643-23-01,PAI-00643,2025-11-30,CLEARANCE,Synthetic clearance issue requiring monitoring review.,IN_PROGRESS,HIGH
ISS-00643-23-02,PAI-00643,2025-11-30,FUNDING,Synthetic funding issue requiring monitoring review.,IN_PROGRESS,MEDIUM
ISS-00644-01-01,PAI-00644,2024-01-31,FUNDING,Synthetic funding issue requiring monitoring review.,OPEN,MEDIUM
ISS-00644-04-01,PAI-00644,2024-04-30,ENGINEERING_OR_FEASIBILITY,Synthetic engineering or feasibility issue requiring monitoring review.,OPEN,MEDIUM
ISS-00644-07-01,PAI-00644,2024-07-31,LEGAL_OR_SOCIAL,Synthetic legal or social issue requiring monitoring review.,OPEN,LOW
ISS-00644-07-02,PAI-00644,2024-07-31,BUDGET_OR_APPROVAL,Synthetic budget or approval issue requiring monitoring review.,RESOLVED,HIGH
ISS-00644-19-01,PAI-00644,2025-07-31,SCOPE_OR_POLICY,Synthetic scope or policy issue requiring monitoring review.,IN_PROGRESS,HIGH
ISS-00644-21-01,PAI-00644,2025-09-30,FUNDING,Synthetic funding issue requiring monitoring review.,OPEN,MEDIUM
ISS-00645-02-01,PAI-00645,2024-02-29,BUDGET_OR_APPROVAL,Synthetic budget or approval issue requiring monitoring review.,OPEN,MEDIUM
ISS-00645-07-01,PAI-00645,2024-07-31,PROCUREMENT_OR_CONTRACT,Synthetic procurement or contract issue requiring monitoring review.,RESOLVED,LOW
ISS-00645-15-01,PAI-00645,2025-03-31,PROCUREMENT_OR_CONTRACT,Synthetic procurement or contract issue requiring monitoring review.,IN_PROGRESS,MEDIUM
ISS-00646-10-01,PAI-00646,2024-10-31,ENGINEERING_OR_FEASIBILITY,Synthetic engineering or feasibility issue requiring monitoring review.,OPEN,MEDIUM
ISS-00646-14-01,PAI-00646,2025-02-28,CLEARANCE,Synthetic clearance issue requiring monitoring review.,OPEN,LOW
ISS-00646-18-01,PAI-00646,2025-06-30,CLEARANCE,Synthetic clearance issue requiring monitoring review.,IN_PROGRESS,LOW
ISS-00646-22-01,PAI-00646,2025-10-31,CLEARANCE,Synthetic clearance issue requiring monitoring review.,OPEN,LOW
ISS-00647-01-01,PAI-00647,2024-01-31,LEGAL_OR_SOCIAL,Synthetic legal or social issue requiring monitoring review.,OPEN,HIGH
ISS-00647-08-01,PAI-00647,2024-08-31,CLEARANCE,Synthetic clearance issue requiring monitoring review.,RESOLVED,MEDIUM
ISS-00647-11-01,PAI-00647,2024-11-30,ENGINEERING_OR_FEASIBILITY,Synthetic engineering or feasibility issue requiring monitoring review.,OPEN,HIGH
ISS-00647-11-02,PAI-00647,2024-11-30,FUNDING,Synthetic funding issue requiring monitoring review.,IN_PROGRESS,LOW
ISS-00647-13-01,PAI-00647,2025-01-31,LEGAL_OR_SOCIAL,Synthetic legal or social issue requiring monitoring review.,OPEN,LOW
ISS-00647-14-01,PAI-00647,2025-02-28,BUDGET_OR_APPROVAL,Synthetic budget or approval issue requiring monitoring review.,OPEN,HIGH
ISS-00647-15-01,PAI-00647,2025-03-31,LEGAL_OR_SOCIAL,Synthetic legal or social issue requiring monitoring review.,IN_PROGRESS,MEDIUM
ISS-00647-16-01,PAI-00647,2025-04-30,LEGAL_OR_SOCIAL,Synthetic legal or social issue requiring monitoring review.,IN_PROGRESS,MEDIUM
ISS-00647-19-01,PAI-00647,2025-07-31,PROCUREMENT_OR_CONTRACT,Synthetic procurement or contract issue requiring monitoring review.,RESOLVED,HIGH
ISS-00647-20-01,PAI-00647,2025-08-31,PROCUREMENT_OR_CONTRACT,Synthetic procurement or contract issue requiring monitoring review.,OPEN,HIGH
ISS-00647-21-01,PAI-00647,2025-09-30,PROCUREMENT_OR_CONTRACT,Synthetic procurement or contract issue requiring monitoring review.,OPEN,HIGH
ISS-00647-21-02,PAI-00647,2025-09-30,BUDGET_OR_APPROVAL,Synthetic budget or approval issue requiring monitoring review.,IN_PROGRESS,HIGH
ISS-00647-23-01,PAI-00647,2025-11-30,LEGAL_OR_SOCIAL,Synthetic legal or social issue requiring monitoring review.,OPEN,MEDIUM
ISS-00647-24-01,PAI-00647,2025-12-31,SCOPE_OR_POLICY,Synthetic scope or policy issue requiring monitoring review.,OPEN,HIGH
ISS-00648-12-01,PAI-00648,2024-12-31,BUDGET_OR_APPROVAL,Synthetic budget or approval issue requiring monitoring review.,OPEN,LOW
ISS-00648-12-02,PAI-00648,2024-12-31,LEGAL_OR_SOCIAL,Synthetic legal or social issue requiring monitoring review.,RESOLVED,LOW
ISS-00648-22-01,PAI-00648,2025-10-31,PROCUREMENT_OR_CONTRACT,Synthetic procurement or contract issue requiring monitoring review.,RESOLVED,MEDIUM
ISS-00648-23-01,PAI-00648,2025-11-30,SCOPE_OR_POLICY,Synthetic scope or policy issue requiring monitoring review.,IN_PROGRESS,MEDIUM
ISS-00648-23-02,PAI-00648,2025-11-30,BUDGET_OR_APPROVAL,Synthetic budget or approval issue requiring monitoring review.,OPEN,LOW
ISS-00648-24-01,PAI-00648,2025-12-31,BUDGET_OR_APPROVAL,Synthetic budget or approval issue requiring monitoring review.,RESOLVED,LOW
ISS-00649-02-01,PAI-00649,2024-02-29,CLEARANCE,Synthetic clearance issue requiring monitoring review.,OPEN,MEDIUM
ISS-00649-05-01,PAI-00649,2024-05-31,CLEARANCE,Synthetic clearance issue requiring monitoring review.,OPEN,MEDIUM
ISS-00649-05-02,PAI-00649,2024-05-31,CLEARANCE,Synthetic clearance issue requiring monitoring review.,IN_PROGRESS,MEDIUM
ISS-00649-06-01,PAI-00649,2024-06-30,ENGINEERING_OR_FEASIBILITY,Synthetic engineering or feasibility issue requiring monitoring review.,RESOLVED,MEDIUM
ISS-00649-08-01,PAI-00649,2024-08-31,LEGAL_OR_SOCIAL,Synthetic legal or social issue requiring monitoring review.,IN_PROGRESS,MEDIUM
ISS-00649-09-01,PAI-00649,2024-09-30,SCOPE_OR_POLICY,Synthetic scope or policy issue requiring monitoring review.,IN_PROGRESS,MEDIUM
ISS-00649-09-02,PAI-00649,2024-09-30,LEGAL_OR_SOCIAL,Synthetic legal or social issue requiring monitoring review.,RESOLVED,HIGH
ISS-00649-09-03,PAI-00649,2024-09-30,SCOPE_OR_POLICY,Synthetic scope or policy issue requiring monitoring review.,IN_PROGRESS,MEDIUM
ISS-00649-11-01,PAI-00649,2024-11-30,LAND_ACQUISITION,Synthetic land acquisition issue requiring monitoring review.,IN_PROGRESS,MEDIUM
ISS-00649-11-02,PAI-00649,2024-11-30,FUNDING,Synthetic funding issue requiring monitoring review.,RESOLVED,MEDIUM
ISS-00649-12-01,PAI-00649,2024-12-31,SCOPE_OR_POLICY,Synthetic scope or policy issue requiring monitoring review.,RESOLVED,HIGH
ISS-00649-12-02,PAI-00649,2024-12-31,FUNDING,Synthetic funding issue requiring monitoring review.,IN_PROGRESS,LOW
ISS-00649-12-03,PAI-00649,2024-12-31,CLEARANCE,Synthetic clearance issue requiring monitoring review.,IN_PROGRESS,HIGH
ISS-00649-13-01,PAI-00649,2025-01-31,ENGINEERING_OR_FEASIBILITY,Synthetic engineering or feasibility issue requiring monitoring review.,OPEN,LOW
ISS-00649-13-02,PAI-00649,2025-01-31,CLEARANCE,Synthetic clearance issue requiring monitoring review.,IN_PROGRESS,MEDIUM
ISS-00649-17-01,PAI-00649,2025-05-31,FUNDING,Synthetic funding issue requiring monitoring review.,IN_PROGRESS,LOW
ISS-00649-17-02,PAI-00649,2025-05-31,CLEARANCE,Synthetic clearance issue requiring monitoring review.,RESOLVED,MEDIUM
ISS-00649-17-03,PAI-00649,2025-05-31,LAND_ACQUISITION,Synthetic land acquisition issue requiring monitoring review.,OPEN,HIGH
ISS-00649-18-01,PAI-00649,2025-06-30,PROCUREMENT_OR_CONTRACT,Synthetic procurement or contract issue requiring monitoring review.,OPEN,MEDIUM
ISS-00649-18-02,PAI-00649,2025-06-30,ENGINEERING_OR_FEASIBILITY,Synthetic engineering or feasibility issue requiring monitoring review.,OPEN,HIGH
ISS-00649-19-01,PAI-00649,2025-07-31,BUDGET_OR_APPROVAL,Synthetic budget or approval issue requiring monitoring review.,OPEN,MEDIUM
ISS-00649-20-01,PAI-00649,2025-08-31,LEGAL_OR_SOCIAL,Synthetic legal or social issue requiring monitoring review.,OPEN,MEDIUM
ISS-00649-21-01,PAI-00649,2025-09-30,LEGAL_OR_SOCIAL,Synthetic legal or social issue requiring monitoring review.,OPEN,MEDIUM
ISS-00649-22-01,PAI-00649,2025-10-31,LAND_ACQUISITION,Synthetic land acquisition issue requiring monitoring review.,OPEN,LOW
ISS-00649-22-02,PAI-00649,2025-10-31,LAND_ACQUISITION,Synthetic land acquisition issue requiring monitoring review.,OPEN,HIGH
ISS-00649-22-03,PAI-00649,2025-10-31,FUNDING,Synthetic funding issue requiring monitoring review.,OPEN,MEDIUM
ISS-00649-23-01,PAI-00649,2025-11-30,FUNDING,Synthetic funding issue requiring monitoring review.,OPEN,HIGH
ISS-00650-04-01,PAI-00650,2024-04-30,LEGAL_OR_SOCIAL,Synthetic legal or social issue requiring monitoring review.,IN_PROGRESS,LOW
ISS-00650-12-01,PAI-00650,2024-12-31,LEGAL_OR_SOCIAL,Synthetic legal or social issue requiring monitoring review.,OPEN,HIGH
ISS-00650-12-02,PAI-00650,2024-12-31,LEGAL_OR_SOCIAL,Synthetic legal or social issue requiring monitoring review.,IN_PROGRESS,LOW
ISS-00650-12-03,PAI-00650,2024-12-31,LAND_ACQUISITION,Synthetic land acquisition issue requiring monitoring review.,OPEN,LOW
ISS-00650-14-01,PAI-00650,2025-02-28,LEGAL_OR_SOCIAL,Synthetic legal or social issue requiring monitoring review.,IN_PROGRESS,LOW
ISS-00650-17-01,PAI-00650,2025-05-31,ENGINEERING_OR_FEASIBILITY,Synthetic engineering or feasibility issue requiring monitoring review.,OPEN,MEDIUM
ISS-00650-18-01,PAI-00650,2025-06-30,BUDGET_OR_APPROVAL,Synthetic budget or approval issue requiring monitoring review.,OPEN,HIGH
ISS-00650-20-01,PAI-00650,2025-08-31,LAND_ACQUISITION,Synthetic land acquisition issue requiring monitoring review.,OPEN,HIGH
ISS-00650-22-01,PAI-00650,2025-10-31,LEGAL_OR_SOCIAL,Synthetic legal or social issue requiring monitoring review.,OPEN,MEDIUM
ISS-00651-03-01,PAI-00651,2024-03-31,PROCUREMENT_OR_CONTRACT,Synthetic procurement or contract issue requiring monitoring review.,RESOLVED,LOW
ISS-00651-14-01,PAI-00651,2025-02-28,CLEARANCE,Synthetic clearance issue requiring monitoring review.,OPEN,LOW
ISS-00651-21-01,PAI-00651,2025-09-30,ENGINEERING_OR_FEASIBILITY,Synthetic engineering or feasibility issue requiring monitoring review.,RESOLVED,LOW
ISS-00651-24-01,PAI-00651,2025-12-31,CLEARANCE,Synthetic clearance issue requiring monitoring review.,OPEN,LOW
ISS-00652-01-01,PAI-00652,2024-01-31,BUDGET_OR_APPROVAL,Synthetic budget or approval issue requiring monitoring review.,RESOLVED,LOW
ISS-00652-12-01,PAI-00652,2024-12-31,ENGINEERING_OR_FEASIBILITY,Synthetic engineering or feasibility issue requiring monitoring review.,RESOLVED,HIGH
ISS-00652-18-01,PAI-00652,2025-06-30,LAND_ACQUISITION,Synthetic land acquisition issue requiring monitoring review.,OPEN,HIGH
ISS-00653-06-01,PAI-00653,2024-06-30,SCOPE_OR_POLICY,Synthetic scope or policy issue requiring monitoring review.,OPEN,MEDIUM
ISS-00653-08-01,PAI-00653,2024-08-31,SCOPE_OR_POLICY,Synthetic scope or policy issue requiring monitoring review.,IN_PROGRESS,MEDIUM
ISS-00653-08-02,PAI-00653,2024-08-31,PROCUREMENT_OR_CONTRACT,Synthetic procurement or contract issue requiring monitoring review.,IN_PROGRESS,MEDIUM
ISS-00653-12-01,PAI-00653,2024-12-31,LAND_ACQUISITION,Synthetic land acquisition issue requiring monitoring review.,IN_PROGRESS,MEDIUM
ISS-00653-15-01,PAI-00653,2025-03-31,LAND_ACQUISITION,Synthetic land acquisition issue requiring monitoring review.,OPEN,HIGH
ISS-00653-17-01,PAI-00653,2025-05-31,SCOPE_OR_POLICY,Synthetic scope or policy issue requiring monitoring review.,IN_PROGRESS,HIGH
ISS-00653-18-01,PAI-00653,2025-06-30,SCOPE_OR_POLICY,Synthetic scope or policy issue requiring monitoring review.,IN_PROGRESS,MEDIUM
ISS-00653-20-01,PAI-00653,2025-08-31,ENGINEERING_OR_FEASIBILITY,Synthetic engineering or feasibility issue requiring monitoring review.,IN_PROGRESS,HIGH
ISS-00653-20-02,PAI-00653,2025-08-31,BUDGET_OR_APPROVAL,Synthetic budget or approval issue requiring monitoring review.,IN_PROGRESS,LOW
ISS-00653-20-03,PAI-00653,2025-08-31,ENGINEERING_OR_FEASIBILITY,Synthetic engineering or feasibility issue requiring monitoring review.,IN_PROGRESS,MEDIUM
ISS-00653-20-04,PAI-00653,2025-08-31,PROCUREMENT_OR_CONTRACT,Synthetic procurement or contract issue requiring monitoring review.,RESOLVED,LOW
ISS-00653-21-01,PAI-00653,2025-09-30,BUDGET_OR_APPROVAL,Synthetic budget or approval issue requiring monitoring review.,RESOLVED,LOW
ISS-00653-22-01,PAI-00653,2025-10-31,ENGINEERING_OR_FEASIBILITY,Synthetic engineering or feasibility issue requiring monitoring review.,OPEN,LOW
ISS-00654-04-01,PAI-00654,2024-04-30,BUDGET_OR_APPROVAL,Synthetic budget or approval issue requiring monitoring review.,OPEN,LOW
ISS-00654-05-01,PAI-00654,2024-05-31,CLEARANCE,Synthetic clearance issue requiring monitoring review.,IN_PROGRESS,LOW
ISS-00654-10-01,PAI-00654,2024-10-31,FUNDING,Synthetic funding issue requiring monitoring review.,IN_PROGRESS,LOW
ISS-00654-13-01,PAI-00654,2025-01-31,LEGAL_OR_SOCIAL,Synthetic legal or social issue requiring monitoring review.,IN_PROGRESS,MEDIUM
ISS-00654-17-01,PAI-00654,2025-05-31,SCOPE_OR_POLICY,Synthetic scope or policy issue requiring monitoring review.,OPEN,LOW
ISS-00654-17-02,PAI-00654,2025-05-31,LEGAL_OR_SOCIAL,Synthetic legal or social issue requiring monitoring review.,OPEN,HIGH
ISS-00655-03-01,PAI-00655,2024-03-31,PROCUREMENT_OR_CONTRACT,Synthetic procurement or contract issue requiring monitoring review.,RESOLVED,MEDIUM
ISS-00655-03-02,PAI-00655,2024-03-31,FUNDING,Synthetic funding issue requiring monitoring review.,IN_PROGRESS,MEDIUM
ISS-00655-04-01,PAI-00655,2024-04-30,ENGINEERING_OR_FEASIBILITY,Synthetic engineering or feasibility issue requiring monitoring review.,OPEN,MEDIUM
ISS-00655-07-01,PAI-00655,2024-07-31,FUNDING,Synthetic funding issue requiring monitoring review.,IN_PROGRESS,HIGH
ISS-00655-17-01,PAI-00655,2025-05-31,SCOPE_OR_POLICY,Synthetic scope or policy issue requiring monitoring review.,IN_PROGRESS,MEDIUM
ISS-00655-17-02,PAI-00655,2025-05-31,CLEARANCE,Synthetic clearance issue requiring monitoring review.,OPEN,LOW
ISS-00655-18-01,PAI-00655,2025-06-30,BUDGET_OR_APPROVAL,Synthetic budget or approval issue requiring monitoring review.,OPEN,MEDIUM
ISS-00655-21-01,PAI-00655,2025-09-30,ENGINEERING_OR_FEASIBILITY,Synthetic engineering or feasibility issue requiring monitoring review.,OPEN,HIGH
ISS-00655-22-01,PAI-00655,2025-10-31,SCOPE_OR_POLICY,Synthetic scope or policy issue requiring monitoring review.,RESOLVED,HIGH
ISS-00655-24-01,PAI-00655,2025-12-31,ENGINEERING_OR_FEASIBILITY,Synthetic engineering or feasibility issue requiring monitoring review.,RESOLVED,HIGH
ISS-00656-05-01,PAI-00656,2024-05-31,PROCUREMENT_OR_CONTRACT,Synthetic procurement or contract issue requiring monitoring review.,OPEN,LOW
ISS-00656-10-01,PAI-00656,2024-10-31,LAND_ACQUISITION,Synthetic land acquisition issue requiring monitoring review.,IN_PROGRESS,HIGH
ISS-00656-14-01,PAI-00656,2025-02-28,ENGINEERING_OR_FEASIBILITY,Synthetic engineering or feasibility issue requiring monitoring review.,IN_PROGRESS,LOW
ISS-00656-14-02,PAI-00656,2025-02-28,ENGINEERING_OR_FEASIBILITY,Synthetic engineering or feasibility issue requiring monitoring review.,RESOLVED,MEDIUM
ISS-00656-23-01,PAI-00656,2025-11-30,FUNDING,Synthetic funding issue requiring monitoring review.,IN_PROGRESS,HIGH
ISS-00657-18-01,PAI-00657,2025-06-30,PROCUREMENT_OR_CONTRACT,Synthetic procurement or contract issue requiring monitoring review.,OPEN,LOW
ISS-00658-11-01,PAI-00658,2024-11-30,CLEARANCE,Synthetic clearance issue requiring monitoring review.,OPEN,MEDIUM
ISS-00658-13-01,PAI-00658,2025-01-31,FUNDING,Synthetic funding issue requiring monitoring review.,OPEN,LOW
ISS-00658-17-01,PAI-00658,2025-05-31,FUNDING,Synthetic funding issue requiring monitoring review.,IN_PROGRESS,LOW
ISS-00658-17-02,PAI-00658,2025-05-31,CLEARANCE,Synthetic clearance issue requiring monitoring review.,RESOLVED,LOW
ISS-00658-24-01,PAI-00658,2025-12-31,PROCUREMENT_OR_CONTRACT,Synthetic procurement or contract issue requiring monitoring review.,OPEN,LOW
ISS-00659-05-01,PAI-00659,2024-05-31,ENGINEERING_OR_FEASIBILITY,Synthetic engineering or feasibility issue requiring monitoring review.,OPEN,LOW
ISS-00659-08-01,PAI-00659,2024-08-31,ENGINEERING_OR_FEASIBILITY,Synthetic engineering or feasibility issue requiring monitoring review.,RESOLVED,LOW
ISS-00659-13-01,PAI-00659,2025-01-31,FUNDING,Synthetic funding issue requiring monitoring review.,OPEN,MEDIUM
ISS-00660-10-01,PAI-00660,2024-10-31,CLEARANCE,Synthetic clearance issue requiring monitoring review.,OPEN,LOW
ISS-00660-19-01,PAI-00660,2025-07-31,LEGAL_OR_SOCIAL,Synthetic legal or social issue requiring monitoring review.,OPEN,HIGH
ISS-00660-20-01,PAI-00660,2025-08-31,CLEARANCE,Synthetic clearance issue requiring monitoring review.,IN_PROGRESS,LOW
ISS-00661-05-01,PAI-00661,2024-05-31,CLEARANCE,Synthetic clearance issue requiring monitoring review.,RESOLVED,LOW
ISS-00661-07-01,PAI-00661,2024-07-31,PROCUREMENT_OR_CONTRACT,Synthetic procurement or contract issue requiring monitoring review.,OPEN,MEDIUM
ISS-00661-09-01,PAI-00661,2024-09-30,FUNDING,Synthetic funding issue requiring monitoring review.,OPEN,MEDIUM
ISS-00661-09-02,PAI-00661,2024-09-30,FUNDING,Synthetic funding issue requiring monitoring review.,OPEN,HIGH
ISS-00661-15-01,PAI-00661,2025-03-31,CLEARANCE,Synthetic clearance issue requiring monitoring review.,OPEN,HIGH
ISS-00661-20-01,PAI-00661,2025-08-31,LAND_ACQUISITION,Synthetic land acquisition issue requiring monitoring review.,OPEN,MEDIUM
ISS-00661-21-01,PAI-00661,2025-09-30,LAND_ACQUISITION,Synthetic land acquisition issue requiring monitoring review.,RESOLVED,HIGH
ISS-00661-21-02,PAI-00661,2025-09-30,ENGINEERING_OR_FEASIBILITY,Synthetic engineering or feasibility issue requiring monitoring review.,IN_PROGRESS,HIGH
ISS-00661-22-01,PAI-00661,2025-10-31,SCOPE_OR_POLICY,Synthetic scope or policy issue requiring monitoring review.,OPEN,MEDIUM
ISS-00661-22-02,PAI-00661,2025-10-31,CLEARANCE,Synthetic clearance issue requiring monitoring review.,OPEN,MEDIUM
ISS-00661-24-01,PAI-00661,2025-12-31,PROCUREMENT_OR_CONTRACT,Synthetic procurement or contract issue requiring monitoring review.,RESOLVED,HIGH
ISS-00661-24-02,PAI-00661,2025-12-31,PROCUREMENT_OR_CONTRACT,Synthetic procurement or contract issue requiring monitoring review.,OPEN,MEDIUM
ISS-00662-07-01,PAI-00662,2024-07-31,LAND_ACQUISITION,Synthetic land acquisition issue requiring monitoring review.,OPEN,LOW
ISS-00662-11-01,PAI-00662,2024-11-30,BUDGET_OR_APPROVAL,Synthetic budget or approval issue requiring monitoring review.,OPEN,LOW
ISS-00662-15-01,PAI-00662,2025-03-31,FUNDING,Synthetic funding issue requiring monitoring review.,IN_PROGRESS,LOW
ISS-00662-16-01,PAI-00662,2025-04-30,PROCUREMENT_OR_CONTRACT,Synthetic procurement or contract issue requiring monitoring review.,RESOLVED,HIGH
ISS-00663-11-01,PAI-00663,2024-11-30,CLEARANCE,Synthetic clearance issue requiring monitoring review.,OPEN,HIGH
ISS-00663-12-01,PAI-00663,2024-12-31,LAND_ACQUISITION,Synthetic land acquisition issue requiring monitoring review.,RESOLVED,MEDIUM
ISS-00663-20-01,PAI-00663,2025-08-31,BUDGET_OR_APPROVAL,Synthetic budget or approval issue requiring monitoring review.,IN_PROGRESS,LOW
ISS-00664-06-01,PAI-00664,2024-06-30,LEGAL_OR_SOCIAL,Synthetic legal or social issue requiring monitoring review.,OPEN,MEDIUM
ISS-00664-12-01,PAI-00664,2024-12-31,LEGAL_OR_SOCIAL,Synthetic legal or social issue requiring monitoring review.,OPEN,LOW
ISS-00664-23-01,PAI-00664,2025-11-30,CLEARANCE,Synthetic clearance issue requiring monitoring review.,OPEN,LOW
ISS-00665-02-01,PAI-00665,2024-02-29,SCOPE_OR_POLICY,Synthetic scope or policy issue requiring monitoring review.,RESOLVED,LOW
ISS-00665-12-01,PAI-00665,2024-12-31,ENGINEERING_OR_FEASIBILITY,Synthetic engineering or feasibility issue requiring monitoring review.,OPEN,MEDIUM
ISS-00666-03-01,PAI-00666,2024-03-31,ENGINEERING_OR_FEASIBILITY,Synthetic engineering or feasibility issue requiring monitoring review.,IN_PROGRESS,LOW
ISS-00666-10-01,PAI-00666,2024-10-31,FUNDING,Synthetic funding issue requiring monitoring review.,OPEN,LOW
ISS-00666-11-01,PAI-00666,2024-11-30,SCOPE_OR_POLICY,Synthetic scope or policy issue requiring monitoring review.,OPEN,LOW
ISS-00666-13-01,PAI-00666,2025-01-31,PROCUREMENT_OR_CONTRACT,Synthetic procurement or contract issue requiring monitoring review.,OPEN,HIGH
ISS-00666-13-02,PAI-00666,2025-01-31,SCOPE_OR_POLICY,Synthetic scope or policy issue requiring monitoring review.,OPEN,MEDIUM
ISS-00666-14-01,PAI-00666,2025-02-28,LAND_ACQUISITION,Synthetic land acquisition issue requiring monitoring review.,IN_PROGRESS,LOW
ISS-00666-17-01,PAI-00666,2025-05-31,FUNDING,Synthetic funding issue requiring monitoring review.,IN_PROGRESS,LOW
ISS-00666-19-01,PAI-00666,2025-07-31,PROCUREMENT_OR_CONTRACT,Synthetic procurement or contract issue requiring monitoring review.,IN_PROGRESS,LOW
ISS-00666-20-01,PAI-00666,2025-08-31,PROCUREMENT_OR_CONTRACT,Synthetic procurement or contract issue requiring monitoring review.,OPEN,HIGH
ISS-00666-20-02,PAI-00666,2025-08-31,FUNDING,Synthetic funding issue requiring monitoring review.,OPEN,MEDIUM
ISS-00666-21-01,PAI-00666,2025-09-30,PROCUREMENT_OR_CONTRACT,Synthetic procurement or contract issue requiring monitoring review.,IN_PROGRESS,LOW
ISS-00666-22-01,PAI-00666,2025-10-31,SCOPE_OR_POLICY,Synthetic scope or policy issue requiring monitoring review.,OPEN,HIGH
ISS-00667-07-01,PAI-00667,2024-07-31,BUDGET_OR_APPROVAL,Synthetic budget or approval issue requiring monitoring review.,IN_PROGRESS,MEDIUM
ISS-00667-17-01,PAI-00667,2025-05-31,ENGINEERING_OR_FEASIBILITY,Synthetic engineering or feasibility issue requiring monitoring review.,OPEN,LOW
ISS-00668-03-01,PAI-00668,2024-03-31,BUDGET_OR_APPROVAL,Synthetic budget or approval issue requiring monitoring review.,OPEN,MEDIUM
ISS-00668-09-01,PAI-00668,2024-09-30,ENGINEERING_OR_FEASIBILITY,Synthetic engineering or feasibility issue requiring monitoring review.,OPEN,MEDIUM
ISS-00668-09-02,PAI-00668,2024-09-30,SCOPE_OR_POLICY,Synthetic scope or policy issue requiring monitoring review.,OPEN,LOW
ISS-00668-09-03,PAI-00668,2024-09-30,LAND_ACQUISITION,Synthetic land acquisition issue requiring monitoring review.,OPEN,MEDIUM
ISS-00668-10-01,PAI-00668,2024-10-31,FUNDING,Synthetic funding issue requiring monitoring review.,OPEN,MEDIUM
ISS-00668-11-01,PAI-00668,2024-11-30,CLEARANCE,Synthetic clearance issue requiring monitoring review.,IN_PROGRESS,HIGH
ISS-00668-14-01,PAI-00668,2025-02-28,ENGINEERING_OR_FEASIBILITY,Synthetic engineering or feasibility issue requiring monitoring review.,OPEN,HIGH
ISS-00668-16-01,PAI-00668,2025-04-30,LEGAL_OR_SOCIAL,Synthetic legal or social issue requiring monitoring review.,OPEN,MEDIUM
ISS-00668-17-01,PAI-00668,2025-05-31,LAND_ACQUISITION,Synthetic land acquisition issue requiring monitoring review.,RESOLVED,MEDIUM
ISS-00668-17-02,PAI-00668,2025-05-31,FUNDING,Synthetic funding issue requiring monitoring review.,IN_PROGRESS,HIGH
ISS-00668-18-01,PAI-00668,2025-06-30,CLEARANCE,Synthetic clearance issue requiring monitoring review.,OPEN,MEDIUM
ISS-00668-18-02,PAI-00668,2025-06-30,ENGINEERING_OR_FEASIBILITY,Synthetic engineering or feasibility issue requiring monitoring review.,OPEN,MEDIUM
ISS-00668-22-01,PAI-00668,2025-10-31,BUDGET_OR_APPROVAL,Synthetic budget or approval issue requiring monitoring review.,OPEN,MEDIUM
ISS-00668-23-01,PAI-00668,2025-11-30,SCOPE_OR_POLICY,Synthetic scope or policy issue requiring monitoring review.,RESOLVED,MEDIUM
ISS-00668-24-01,PAI-00668,2025-12-31,CLEARANCE,Synthetic clearance issue requiring monitoring review.,IN_PROGRESS,HIGH
ISS-00669-06-01,PAI-00669,2024-06-30,ENGINEERING_OR_FEASIBILITY,Synthetic engineering or feasibility issue requiring monitoring review.,OPEN,MEDIUM
ISS-00669-06-02,PAI-00669,2024-06-30,SCOPE_OR_POLICY,Synthetic scope or policy issue requiring monitoring review.,OPEN,MEDIUM
ISS-00669-12-01,PAI-00669,2024-12-31,FUNDING,Synthetic funding issue requiring monitoring review.,OPEN,MEDIUM
ISS-00669-14-01,PAI-00669,2025-02-28,SCOPE_OR_POLICY,Synthetic scope or policy issue requiring monitoring review.,IN_PROGRESS,HIGH
ISS-00669-15-01,PAI-00669,2025-03-31,ENGINEERING_OR_FEASIBILITY,Synthetic engineering or feasibility issue requiring monitoring review.,OPEN,MEDIUM
ISS-00669-15-02,PAI-00669,2025-03-31,BUDGET_OR_APPROVAL,Synthetic budget or approval issue requiring monitoring review.,OPEN,MEDIUM
ISS-00669-17-01,PAI-00669,2025-05-31,SCOPE_OR_POLICY,Synthetic scope or policy issue requiring monitoring review.,IN_PROGRESS,HIGH
ISS-00669-21-01,PAI-00669,2025-09-30,LEGAL_OR_SOCIAL,Synthetic legal or social issue requiring monitoring review.,OPEN,MEDIUM
ISS-00669-24-01,PAI-00669,2025-12-31,PROCUREMENT_OR_CONTRACT,Synthetic procurement or contract issue requiring monitoring review.,IN_PROGRESS,HIGH
ISS-00670-01-01,PAI-00670,2024-01-31,CLEARANCE,Synthetic clearance issue requiring monitoring review.,IN_PROGRESS,LOW
ISS-00670-02-01,PAI-00670,2024-02-29,ENGINEERING_OR_FEASIBILITY,Synthetic engineering or feasibility issue requiring monitoring review.,OPEN,HIGH
ISS-00670-08-01,PAI-00670,2024-08-31,LAND_ACQUISITION,Synthetic land acquisition issue requiring monitoring review.,IN_PROGRESS,MEDIUM
ISS-00670-10-01,PAI-00670,2024-10-31,ENGINEERING_OR_FEASIBILITY,Synthetic engineering or feasibility issue requiring monitoring review.,OPEN,HIGH
ISS-00670-11-01,PAI-00670,2024-11-30,BUDGET_OR_APPROVAL,Synthetic budget or approval issue requiring monitoring review.,IN_PROGRESS,MEDIUM
ISS-00670-12-01,PAI-00670,2024-12-31,CLEARANCE,Synthetic clearance issue requiring monitoring review.,IN_PROGRESS,MEDIUM
ISS-00670-14-01,PAI-00670,2025-02-28,BUDGET_OR_APPROVAL,Synthetic budget or approval issue requiring monitoring review.,IN_PROGRESS,HIGH
ISS-00670-15-01,PAI-00670,2025-03-31,ENGINEERING_OR_FEASIBILITY,Synthetic engineering or feasibility issue requiring monitoring review.,IN_PROGRESS,MEDIUM
ISS-00670-15-02,PAI-00670,2025-03-31,LAND_ACQUISITION,Synthetic land acquisition issue requiring monitoring review.,OPEN,HIGH
ISS-00670-16-01,PAI-00670,2025-04-30,FUNDING,Synthetic funding issue requiring monitoring review.,OPEN,HIGH
ISS-00670-17-01,PAI-00670,2025-05-31,PROCUREMENT_OR_CONTRACT,Synthetic procurement or contract issue requiring monitoring review.,IN_PROGRESS,MEDIUM
ISS-00670-18-01,PAI-00670,2025-06-30,PROCUREMENT_OR_CONTRACT,Synthetic procurement or contract issue requiring monitoring review.,OPEN,MEDIUM
ISS-00670-19-01,PAI-00670,2025-07-31,LEGAL_OR_SOCIAL,Synthetic legal or social issue requiring monitoring review.,RESOLVED,MEDIUM
ISS-00670-22-01,PAI-00670,2025-10-31,CLEARANCE,Synthetic clearance issue requiring monitoring review.,IN_PROGRESS,HIGH
ISS-00670-23-01,PAI-00670,2025-11-30,BUDGET_OR_APPROVAL,Synthetic budget or approval issue requiring monitoring review.,IN_PROGRESS,LOW
ISS-00671-02-01,PAI-00671,2024-02-29,LEGAL_OR_SOCIAL,Synthetic legal or social issue requiring monitoring review.,IN_PROGRESS,MEDIUM
ISS-00671-10-01,PAI-00671,2024-10-31,SCOPE_OR_POLICY,Synthetic scope or policy issue requiring monitoring review.,RESOLVED,MEDIUM
ISS-00671-12-01,PAI-00671,2024-12-31,LEGAL_OR_SOCIAL,Synthetic legal or social issue requiring monitoring review.,OPEN,LOW
ISS-00671-22-01,PAI-00671,2025-10-31,PROCUREMENT_OR_CONTRACT,Synthetic procurement or contract issue requiring monitoring review.,RESOLVED,HIGH
ISS-00672-02-01,PAI-00672,2024-02-29,LEGAL_OR_SOCIAL,Synthetic legal or social issue requiring monitoring review.,IN_PROGRESS,HIGH
ISS-00672-07-01,PAI-00672,2024-07-31,CLEARANCE,Synthetic clearance issue requiring monitoring review.,IN_PROGRESS,MEDIUM
ISS-00672-10-01,PAI-00672,2024-10-31,LEGAL_OR_SOCIAL,Synthetic legal or social issue requiring monitoring review.,IN_PROGRESS,LOW
ISS-00672-14-01,PAI-00672,2025-02-28,PROCUREMENT_OR_CONTRACT,Synthetic procurement or contract issue requiring monitoring review.,OPEN,HIGH
ISS-00672-15-01,PAI-00672,2025-03-31,LAND_ACQUISITION,Synthetic land acquisition issue requiring monitoring review.,RESOLVED,HIGH
ISS-00672-15-02,PAI-00672,2025-03-31,ENGINEERING_OR_FEASIBILITY,Synthetic engineering or feasibility issue requiring monitoring review.,RESOLVED,HIGH
ISS-00672-16-01,PAI-00672,2025-04-30,LAND_ACQUISITION,Synthetic land acquisition issue requiring monitoring review.,IN_PROGRESS,LOW
ISS-00672-17-01,PAI-00672,2025-05-31,CLEARANCE,Synthetic clearance issue requiring monitoring review.,OPEN,HIGH
ISS-00672-17-02,PAI-00672,2025-05-31,PROCUREMENT_OR_CONTRACT,Synthetic procurement or contract issue requiring monitoring review.,OPEN,MEDIUM
ISS-00672-17-03,PAI-00672,2025-05-31,SCOPE_OR_POLICY,Synthetic scope or policy issue requiring monitoring review.,RESOLVED,LOW
ISS-00672-19-01,PAI-00672,2025-07-31,SCOPE_OR_POLICY,Synthetic scope or policy issue requiring monitoring review.,OPEN,MEDIUM
ISS-00672-22-01,PAI-00672,2025-10-31,BUDGET_OR_APPROVAL,Synthetic budget or approval issue requiring monitoring review.,RESOLVED,LOW
ISS-00673-07-01,PAI-00673,2024-07-31,BUDGET_OR_APPROVAL,Synthetic budget or approval issue requiring monitoring review.,IN_PROGRESS,MEDIUM
ISS-00673-09-01,PAI-00673,2024-09-30,BUDGET_OR_APPROVAL,Synthetic budget or approval issue requiring monitoring review.,OPEN,HIGH
ISS-00673-14-01,PAI-00673,2025-02-28,LEGAL_OR_SOCIAL,Synthetic legal or social issue requiring monitoring review.,IN_PROGRESS,MEDIUM
ISS-00673-19-01,PAI-00673,2025-07-31,LAND_ACQUISITION,Synthetic land acquisition issue requiring monitoring review.,RESOLVED,LOW
ISS-00673-23-01,PAI-00673,2025-11-30,LEGAL_OR_SOCIAL,Synthetic legal or social issue requiring monitoring review.,IN_PROGRESS,HIGH
ISS-00673-23-02,PAI-00673,2025-11-30,LEGAL_OR_SOCIAL,Synthetic legal or social issue requiring monitoring review.,OPEN,LOW
ISS-00674-08-01,PAI-00674,2024-08-31,ENGINEERING_OR_FEASIBILITY,Synthetic engineering or feasibility issue requiring monitoring review.,IN_PROGRESS,LOW
ISS-00674-19-01,PAI-00674,2025-07-31,PROCUREMENT_OR_CONTRACT,Synthetic procurement or contract issue requiring monitoring review.,OPEN,MEDIUM
ISS-00675-01-01,PAI-00675,2024-01-31,CLEARANCE,Synthetic clearance issue requiring monitoring review.,OPEN,HIGH
ISS-00675-02-01,PAI-00675,2024-02-29,PROCUREMENT_OR_CONTRACT,Synthetic procurement or contract issue requiring monitoring review.,OPEN,MEDIUM
ISS-00675-03-01,PAI-00675,2024-03-31,PROCUREMENT_OR_CONTRACT,Synthetic procurement or contract issue requiring monitoring review.,RESOLVED,MEDIUM
ISS-00675-05-01,PAI-00675,2024-05-31,ENGINEERING_OR_FEASIBILITY,Synthetic engineering or feasibility issue requiring monitoring review.,IN_PROGRESS,HIGH
ISS-00675-08-01,PAI-00675,2024-08-31,LEGAL_OR_SOCIAL,Synthetic legal or social issue requiring monitoring review.,IN_PROGRESS,LOW
ISS-00675-08-02,PAI-00675,2024-08-31,FUNDING,Synthetic funding issue requiring monitoring review.,OPEN,MEDIUM
ISS-00675-11-01,PAI-00675,2024-11-30,BUDGET_OR_APPROVAL,Synthetic budget or approval issue requiring monitoring review.,IN_PROGRESS,MEDIUM
ISS-00675-11-02,PAI-00675,2024-11-30,PROCUREMENT_OR_CONTRACT,Synthetic procurement or contract issue requiring monitoring review.,OPEN,MEDIUM
ISS-00675-13-01,PAI-00675,2025-01-31,SCOPE_OR_POLICY,Synthetic scope or policy issue requiring monitoring review.,RESOLVED,MEDIUM
ISS-00675-13-02,PAI-00675,2025-01-31,LAND_ACQUISITION,Synthetic land acquisition issue requiring monitoring review.,OPEN,LOW
ISS-00675-15-01,PAI-00675,2025-03-31,BUDGET_OR_APPROVAL,Synthetic budget or approval issue requiring monitoring review.,RESOLVED,MEDIUM
ISS-00675-15-02,PAI-00675,2025-03-31,SCOPE_OR_POLICY,Synthetic scope or policy issue requiring monitoring review.,RESOLVED,HIGH
ISS-00675-15-03,PAI-00675,2025-03-31,LAND_ACQUISITION,Synthetic land acquisition issue requiring monitoring review.,RESOLVED,HIGH
ISS-00675-16-01,PAI-00675,2025-04-30,SCOPE_OR_POLICY,Synthetic scope or policy issue requiring monitoring review.,IN_PROGRESS,LOW
ISS-00675-17-01,PAI-00675,2025-05-31,ENGINEERING_OR_FEASIBILITY,Synthetic engineering or feasibility issue requiring monitoring review.,OPEN,LOW
ISS-00675-17-02,PAI-00675,2025-05-31,CLEARANCE,Synthetic clearance issue requiring monitoring review.,RESOLVED,HIGH
ISS-00675-18-01,PAI-00675,2025-06-30,FUNDING,Synthetic funding issue requiring monitoring review.,IN_PROGRESS,HIGH
ISS-00675-18-02,PAI-00675,2025-06-30,BUDGET_OR_APPROVAL,Synthetic budget or approval issue requiring monitoring review.,IN_PROGRESS,HIGH
ISS-00675-20-01,PAI-00675,2025-08-31,LAND_ACQUISITION,Synthetic land acquisition issue requiring monitoring review.,OPEN,MEDIUM
ISS-00675-21-01,PAI-00675,2025-09-30,ENGINEERING_OR_FEASIBILITY,Synthetic engineering or feasibility issue requiring monitoring review.,OPEN,MEDIUM
ISS-00675-21-02,PAI-00675,2025-09-30,CLEARANCE,Synthetic clearance issue requiring monitoring review.,OPEN,MEDIUM
ISS-00675-21-03,PAI-00675,2025-09-30,SCOPE_OR_POLICY,Synthetic scope or policy issue requiring monitoring review.,OPEN,MEDIUM
ISS-00675-21-04,PAI-00675,2025-09-30,LEGAL_OR_SOCIAL,Synthetic legal or social issue requiring monitoring review.,OPEN,MEDIUM
ISS-00675-22-01,PAI-00675,2025-10-31,ENGINEERING_OR_FEASIBILITY,Synthetic engineering or feasibility issue requiring monitoring review.,RESOLVED,LOW
ISS-00675-24-01,PAI-00675,2025-12-31,BUDGET_OR_APPROVAL,Synthetic budget or approval issue requiring monitoring review.,IN_PROGRESS,LOW
ISS-00675-24-02,PAI-00675,2025-12-31,BUDGET_OR_APPROVAL,Synthetic budget or approval issue requiring monitoring review.,IN_PROGRESS,HIGH
ISS-00675-24-03,PAI-00675,2025-12-31,ENGINEERING_OR_FEASIBILITY,Synthetic engineering or feasibility issue requiring monitoring review.,RESOLVED,MEDIUM
ISS-00675-24-04,PAI-00675,2025-12-31,PROCUREMENT_OR_CONTRACT,Synthetic procurement or contract issue requiring monitoring review.,IN_PROGRESS,LOW
ISS-00676-06-01,PAI-00676,2024-06-30,CLEARANCE,Synthetic clearance issue requiring monitoring review.,RESOLVED,LOW
ISS-00676-06-02,PAI-00676,2024-06-30,FUNDING,Synthetic funding issue requiring monitoring review.,RESOLVED,HIGH
ISS-00676-06-03,PAI-00676,2024-06-30,LEGAL_OR_SOCIAL,Synthetic legal or social issue requiring monitoring review.,OPEN,LOW
ISS-00676-09-01,PAI-00676,2024-09-30,LEGAL_OR_SOCIAL,Synthetic legal or social issue requiring monitoring review.,OPEN,MEDIUM
ISS-00676-14-01,PAI-00676,2025-02-28,LAND_ACQUISITION,Synthetic land acquisition issue requiring monitoring review.,IN_PROGRESS,MEDIUM
ISS-00676-14-02,PAI-00676,2025-02-28,CLEARANCE,Synthetic clearance issue requiring monitoring review.,OPEN,MEDIUM
ISS-00676-16-01,PAI-00676,2025-04-30,SCOPE_OR_POLICY,Synthetic scope or policy issue requiring monitoring review.,IN_PROGRESS,MEDIUM
ISS-00676-22-01,PAI-00676,2025-10-31,ENGINEERING_OR_FEASIBILITY,Synthetic engineering or feasibility issue requiring monitoring review.,RESOLVED,MEDIUM
ISS-00676-22-02,PAI-00676,2025-10-31,LAND_ACQUISITION,Synthetic land acquisition issue requiring monitoring review.,RESOLVED,MEDIUM
ISS-00677-04-01,PAI-00677,2024-04-30,CLEARANCE,Synthetic clearance issue requiring monitoring review.,OPEN,HIGH
ISS-00677-11-01,PAI-00677,2024-11-30,LAND_ACQUISITION,Synthetic land acquisition issue requiring monitoring review.,RESOLVED,HIGH
ISS-00677-14-01,PAI-00677,2025-02-28,BUDGET_OR_APPROVAL,Synthetic budget or approval issue requiring monitoring review.,OPEN,MEDIUM
ISS-00677-14-02,PAI-00677,2025-02-28,ENGINEERING_OR_FEASIBILITY,Synthetic engineering or feasibility issue requiring monitoring review.,IN_PROGRESS,MEDIUM
ISS-00677-14-03,PAI-00677,2025-02-28,BUDGET_OR_APPROVAL,Synthetic budget or approval issue requiring monitoring review.,IN_PROGRESS,LOW
ISS-00677-17-01,PAI-00677,2025-05-31,CLEARANCE,Synthetic clearance issue requiring monitoring review.,OPEN,MEDIUM
ISS-00677-18-01,PAI-00677,2025-06-30,CLEARANCE,Synthetic clearance issue requiring monitoring review.,RESOLVED,LOW
ISS-00677-19-01,PAI-00677,2025-07-31,LEGAL_OR_SOCIAL,Synthetic legal or social issue requiring monitoring review.,OPEN,HIGH
ISS-00677-22-01,PAI-00677,2025-10-31,SCOPE_OR_POLICY,Synthetic scope or policy issue requiring monitoring review.,RESOLVED,HIGH
ISS-00678-06-01,PAI-00678,2024-06-30,ENGINEERING_OR_FEASIBILITY,Synthetic engineering or feasibility issue requiring monitoring review.,OPEN,HIGH
ISS-00678-22-01,PAI-00678,2025-10-31,CLEARANCE,Synthetic clearance issue requiring monitoring review.,IN_PROGRESS,LOW
ISS-00678-24-01,PAI-00678,2025-12-31,ENGINEERING_OR_FEASIBILITY,Synthetic engineering or feasibility issue requiring monitoring review.,RESOLVED,LOW
ISS-00679-07-01,PAI-00679,2024-07-31,PROCUREMENT_OR_CONTRACT,Synthetic procurement or contract issue requiring monitoring review.,OPEN,MEDIUM
ISS-00679-09-01,PAI-00679,2024-09-30,BUDGET_OR_APPROVAL,Synthetic budget or approval issue requiring monitoring review.,OPEN,MEDIUM
ISS-00679-13-01,PAI-00679,2025-01-31,LAND_ACQUISITION,Synthetic land acquisition issue requiring monitoring review.,RESOLVED,MEDIUM
ISS-00679-14-01,PAI-00679,2025-02-28,CLEARANCE,Synthetic clearance issue requiring monitoring review.,OPEN,LOW
ISS-00679-16-01,PAI-00679,2025-04-30,FUNDING,Synthetic funding issue requiring monitoring review.,IN_PROGRESS,HIGH
ISS-00679-18-01,PAI-00679,2025-06-30,ENGINEERING_OR_FEASIBILITY,Synthetic engineering or feasibility issue requiring monitoring review.,IN_PROGRESS,MEDIUM
ISS-00679-24-01,PAI-00679,2025-12-31,PROCUREMENT_OR_CONTRACT,Synthetic procurement or contract issue requiring monitoring review.,RESOLVED,LOW
ISS-00680-02-01,PAI-00680,2024-02-29,BUDGET_OR_APPROVAL,Synthetic budget or approval issue requiring monitoring review.,OPEN,LOW
ISS-00680-03-01,PAI-00680,2024-03-31,SCOPE_OR_POLICY,Synthetic scope or policy issue requiring monitoring review.,OPEN,MEDIUM
ISS-00680-03-02,PAI-00680,2024-03-31,FUNDING,Synthetic funding issue requiring monitoring review.,IN_PROGRESS,LOW
ISS-00680-04-01,PAI-00680,2024-04-30,BUDGET_OR_APPROVAL,Synthetic budget or approval issue requiring monitoring review.,RESOLVED,MEDIUM
ISS-00680-05-01,PAI-00680,2024-05-31,PROCUREMENT_OR_CONTRACT,Synthetic procurement or contract issue requiring monitoring review.,RESOLVED,MEDIUM
ISS-00680-12-01,PAI-00680,2024-12-31,ENGINEERING_OR_FEASIBILITY,Synthetic engineering or feasibility issue requiring monitoring review.,OPEN,MEDIUM
ISS-00680-14-01,PAI-00680,2025-02-28,SCOPE_OR_POLICY,Synthetic scope or policy issue requiring monitoring review.,RESOLVED,LOW
ISS-00680-18-01,PAI-00680,2025-06-30,CLEARANCE,Synthetic clearance issue requiring monitoring review.,RESOLVED,LOW
ISS-00680-24-01,PAI-00680,2025-12-31,LAND_ACQUISITION,Synthetic land acquisition issue requiring monitoring review.,OPEN,MEDIUM
ISS-00680-24-02,PAI-00680,2025-12-31,SCOPE_OR_POLICY,Synthetic scope or policy issue requiring monitoring review.,IN_PROGRESS,HIGH
ISS-00681-07-01,PAI-00681,2024-07-31,CLEARANCE,Synthetic clearance issue requiring monitoring review.,RESOLVED,HIGH
ISS-00681-10-01,PAI-00681,2024-10-31,PROCUREMENT_OR_CONTRACT,Synthetic procurement or contract issue requiring monitoring review.,OPEN,MEDIUM
ISS-00681-12-01,PAI-00681,2024-12-31,LEGAL_OR_SOCIAL,Synthetic legal or social issue requiring monitoring review.,RESOLVED,HIGH
ISS-00681-13-01,PAI-00681,2025-01-31,ENGINEERING_OR_FEASIBILITY,Synthetic engineering or feasibility issue requiring monitoring review.,OPEN,MEDIUM
ISS-00681-17-01,PAI-00681,2025-05-31,FUNDING,Synthetic funding issue requiring monitoring review.,OPEN,HIGH
ISS-00681-21-01,PAI-00681,2025-09-30,LAND_ACQUISITION,Synthetic land acquisition issue requiring monitoring review.,RESOLVED,HIGH
ISS-00681-21-02,PAI-00681,2025-09-30,FUNDING,Synthetic funding issue requiring monitoring review.,IN_PROGRESS,HIGH
ISS-00682-05-01,PAI-00682,2024-05-31,BUDGET_OR_APPROVAL,Synthetic budget or approval issue requiring monitoring review.,OPEN,LOW
ISS-00682-09-01,PAI-00682,2024-09-30,CLEARANCE,Synthetic clearance issue requiring monitoring review.,OPEN,LOW
ISS-00682-11-01,PAI-00682,2024-11-30,SCOPE_OR_POLICY,Synthetic scope or policy issue requiring monitoring review.,OPEN,MEDIUM
ISS-00682-16-01,PAI-00682,2025-04-30,SCOPE_OR_POLICY,Synthetic scope or policy issue requiring monitoring review.,OPEN,LOW
ISS-00683-02-01,PAI-00683,2024-02-29,LEGAL_OR_SOCIAL,Synthetic legal or social issue requiring monitoring review.,OPEN,MEDIUM
ISS-00683-02-02,PAI-00683,2024-02-29,LEGAL_OR_SOCIAL,Synthetic legal or social issue requiring monitoring review.,RESOLVED,HIGH
ISS-00683-03-01,PAI-00683,2024-03-31,BUDGET_OR_APPROVAL,Synthetic budget or approval issue requiring monitoring review.,IN_PROGRESS,MEDIUM
ISS-00683-04-01,PAI-00683,2024-04-30,PROCUREMENT_OR_CONTRACT,Synthetic procurement or contract issue requiring monitoring review.,IN_PROGRESS,LOW
ISS-00683-05-01,PAI-00683,2024-05-31,BUDGET_OR_APPROVAL,Synthetic budget or approval issue requiring monitoring review.,OPEN,MEDIUM
ISS-00683-11-01,PAI-00683,2024-11-30,BUDGET_OR_APPROVAL,Synthetic budget or approval issue requiring monitoring review.,OPEN,HIGH
ISS-00683-12-01,PAI-00683,2024-12-31,LAND_ACQUISITION,Synthetic land acquisition issue requiring monitoring review.,OPEN,LOW
ISS-00683-16-01,PAI-00683,2025-04-30,SCOPE_OR_POLICY,Synthetic scope or policy issue requiring monitoring review.,IN_PROGRESS,LOW
ISS-00683-19-01,PAI-00683,2025-07-31,FUNDING,Synthetic funding issue requiring monitoring review.,IN_PROGRESS,LOW
ISS-00683-19-02,PAI-00683,2025-07-31,SCOPE_OR_POLICY,Synthetic scope or policy issue requiring monitoring review.,OPEN,HIGH
ISS-00683-21-01,PAI-00683,2025-09-30,LAND_ACQUISITION,Synthetic land acquisition issue requiring monitoring review.,IN_PROGRESS,LOW
ISS-00683-22-01,PAI-00683,2025-10-31,FUNDING,Synthetic funding issue requiring monitoring review.,IN_PROGRESS,LOW
ISS-00683-24-01,PAI-00683,2025-12-31,BUDGET_OR_APPROVAL,Synthetic budget or approval issue requiring monitoring review.,IN_PROGRESS,LOW
ISS-00683-24-02,PAI-00683,2025-12-31,LEGAL_OR_SOCIAL,Synthetic legal or social issue requiring monitoring review.,IN_PROGRESS,LOW
ISS-00684-07-01,PAI-00684,2024-07-31,ENGINEERING_OR_FEASIBILITY,Synthetic engineering or feasibility issue requiring monitoring review.,IN_PROGRESS,MEDIUM
ISS-00684-08-01,PAI-00684,2024-08-31,CLEARANCE,Synthetic clearance issue requiring monitoring review.,OPEN,MEDIUM
ISS-00684-08-02,PAI-00684,2024-08-31,CLEARANCE,Synthetic clearance issue requiring monitoring review.,IN_PROGRESS,MEDIUM
ISS-00684-09-01,PAI-00684,2024-09-30,SCOPE_OR_POLICY,Synthetic scope or policy issue requiring monitoring review.,IN_PROGRESS,MEDIUM
ISS-00684-10-01,PAI-00684,2024-10-31,FUNDING,Synthetic funding issue requiring monitoring review.,OPEN,LOW
ISS-00684-10-02,PAI-00684,2024-10-31,PROCUREMENT_OR_CONTRACT,Synthetic procurement or contract issue requiring monitoring review.,IN_PROGRESS,LOW
ISS-00684-11-01,PAI-00684,2024-11-30,PROCUREMENT_OR_CONTRACT,Synthetic procurement or contract issue requiring monitoring review.,OPEN,LOW
ISS-00684-11-02,PAI-00684,2024-11-30,CLEARANCE,Synthetic clearance issue requiring monitoring review.,OPEN,MEDIUM
ISS-00684-12-01,PAI-00684,2024-12-31,BUDGET_OR_APPROVAL,Synthetic budget or approval issue requiring monitoring review.,RESOLVED,MEDIUM
ISS-00684-13-01,PAI-00684,2025-01-31,FUNDING,Synthetic funding issue requiring monitoring review.,OPEN,LOW
ISS-00684-14-01,PAI-00684,2025-02-28,PROCUREMENT_OR_CONTRACT,Synthetic procurement or contract issue requiring monitoring review.,IN_PROGRESS,HIGH
ISS-00684-14-02,PAI-00684,2025-02-28,SCOPE_OR_POLICY,Synthetic scope or policy issue requiring monitoring review.,OPEN,HIGH
ISS-00684-15-01,PAI-00684,2025-03-31,LAND_ACQUISITION,Synthetic land acquisition issue requiring monitoring review.,OPEN,LOW
ISS-00684-15-02,PAI-00684,2025-03-31,FUNDING,Synthetic funding issue requiring monitoring review.,IN_PROGRESS,MEDIUM
ISS-00684-18-01,PAI-00684,2025-06-30,LEGAL_OR_SOCIAL,Synthetic legal or social issue requiring monitoring review.,OPEN,HIGH
ISS-00684-19-01,PAI-00684,2025-07-31,FUNDING,Synthetic funding issue requiring monitoring review.,RESOLVED,HIGH
ISS-00684-20-01,PAI-00684,2025-08-31,SCOPE_OR_POLICY,Synthetic scope or policy issue requiring monitoring review.,OPEN,LOW
ISS-00684-20-02,PAI-00684,2025-08-31,BUDGET_OR_APPROVAL,Synthetic budget or approval issue requiring monitoring review.,IN_PROGRESS,MEDIUM
ISS-00684-24-01,PAI-00684,2025-12-31,LAND_ACQUISITION,Synthetic land acquisition issue requiring monitoring review.,IN_PROGRESS,MEDIUM
ISS-00684-24-02,PAI-00684,2025-12-31,PROCUREMENT_OR_CONTRACT,Synthetic procurement or contract issue requiring monitoring review.,RESOLVED,MEDIUM
ISS-00685-08-01,PAI-00685,2024-08-31,CLEARANCE,Synthetic clearance issue requiring monitoring review.,OPEN,LOW
ISS-00685-10-01,PAI-00685,2024-10-31,PROCUREMENT_OR_CONTRACT,Synthetic procurement or contract issue requiring monitoring review.,IN_PROGRESS,MEDIUM
ISS-00685-11-01,PAI-00685,2024-11-30,CLEARANCE,Synthetic clearance issue requiring monitoring review.,OPEN,MEDIUM
ISS-00685-17-01,PAI-00685,2025-05-31,SCOPE_OR_POLICY,Synthetic scope or policy issue requiring monitoring review.,OPEN,LOW
ISS-00685-19-01,PAI-00685,2025-07-31,LEGAL_OR_SOCIAL,Synthetic legal or social issue requiring monitoring review.,OPEN,HIGH
ISS-00686-03-01,PAI-00686,2024-03-31,LEGAL_OR_SOCIAL,Synthetic legal or social issue requiring monitoring review.,OPEN,MEDIUM
ISS-00686-07-01,PAI-00686,2024-07-31,LEGAL_OR_SOCIAL,Synthetic legal or social issue requiring monitoring review.,IN_PROGRESS,LOW
ISS-00686-08-01,PAI-00686,2024-08-31,ENGINEERING_OR_FEASIBILITY,Synthetic engineering or feasibility issue requiring monitoring review.,OPEN,MEDIUM
ISS-00686-12-01,PAI-00686,2024-12-31,BUDGET_OR_APPROVAL,Synthetic budget or approval issue requiring monitoring review.,OPEN,LOW
ISS-00686-21-01,PAI-00686,2025-09-30,CLEARANCE,Synthetic clearance issue requiring monitoring review.,IN_PROGRESS,LOW
ISS-00686-21-02,PAI-00686,2025-09-30,ENGINEERING_OR_FEASIBILITY,Synthetic engineering or feasibility issue requiring monitoring review.,IN_PROGRESS,MEDIUM
ISS-00686-22-01,PAI-00686,2025-10-31,FUNDING,Synthetic funding issue requiring monitoring review.,OPEN,LOW
ISS-00687-04-01,PAI-00687,2024-04-30,CLEARANCE,Synthetic clearance issue requiring monitoring review.,RESOLVED,HIGH
ISS-00687-06-01,PAI-00687,2024-06-30,LAND_ACQUISITION,Synthetic land acquisition issue requiring monitoring review.,OPEN,MEDIUM
ISS-00687-09-01,PAI-00687,2024-09-30,BUDGET_OR_APPROVAL,Synthetic budget or approval issue requiring monitoring review.,IN_PROGRESS,HIGH
ISS-00687-10-01,PAI-00687,2024-10-31,PROCUREMENT_OR_CONTRACT,Synthetic procurement or contract issue requiring monitoring review.,IN_PROGRESS,MEDIUM
ISS-00687-13-01,PAI-00687,2025-01-31,LEGAL_OR_SOCIAL,Synthetic legal or social issue requiring monitoring review.,OPEN,HIGH
ISS-00687-13-02,PAI-00687,2025-01-31,FUNDING,Synthetic funding issue requiring monitoring review.,RESOLVED,MEDIUM
ISS-00687-14-01,PAI-00687,2025-02-28,CLEARANCE,Synthetic clearance issue requiring monitoring review.,OPEN,MEDIUM
ISS-00687-22-01,PAI-00687,2025-10-31,SCOPE_OR_POLICY,Synthetic scope or policy issue requiring monitoring review.,IN_PROGRESS,LOW
ISS-00687-24-01,PAI-00687,2025-12-31,LEGAL_OR_SOCIAL,Synthetic legal or social issue requiring monitoring review.,RESOLVED,LOW
ISS-00688-03-01,PAI-00688,2024-03-31,LEGAL_OR_SOCIAL,Synthetic legal or social issue requiring monitoring review.,RESOLVED,LOW
ISS-00688-04-01,PAI-00688,2024-04-30,FUNDING,Synthetic funding issue requiring monitoring review.,OPEN,MEDIUM
ISS-00688-07-01,PAI-00688,2024-07-31,LEGAL_OR_SOCIAL,Synthetic legal or social issue requiring monitoring review.,IN_PROGRESS,LOW
ISS-00688-16-01,PAI-00688,2025-04-30,CLEARANCE,Synthetic clearance issue requiring monitoring review.,OPEN,MEDIUM
ISS-00688-22-01,PAI-00688,2025-10-31,PROCUREMENT_OR_CONTRACT,Synthetic procurement or contract issue requiring monitoring review.,OPEN,HIGH
ISS-00689-11-01,PAI-00689,2024-11-30,LEGAL_OR_SOCIAL,Synthetic legal or social issue requiring monitoring review.,IN_PROGRESS,LOW
ISS-00690-05-01,PAI-00690,2024-05-31,LEGAL_OR_SOCIAL,Synthetic legal or social issue requiring monitoring review.,OPEN,HIGH
ISS-00690-07-01,PAI-00690,2024-07-31,ENGINEERING_OR_FEASIBILITY,Synthetic engineering or feasibility issue requiring monitoring review.,OPEN,MEDIUM
ISS-00690-14-01,PAI-00690,2025-02-28,ENGINEERING_OR_FEASIBILITY,Synthetic engineering or feasibility issue requiring monitoring review.,OPEN,HIGH
ISS-00690-15-01,PAI-00690,2025-03-31,PROCUREMENT_OR_CONTRACT,Synthetic procurement or contract issue requiring monitoring review.,IN_PROGRESS,MEDIUM
ISS-00690-15-02,PAI-00690,2025-03-31,CLEARANCE,Synthetic clearance issue requiring monitoring review.,RESOLVED,HIGH
ISS-00690-16-01,PAI-00690,2025-04-30,ENGINEERING_OR_FEASIBILITY,Synthetic engineering or feasibility issue requiring monitoring review.,OPEN,MEDIUM
ISS-00690-16-02,PAI-00690,2025-04-30,SCOPE_OR_POLICY,Synthetic scope or policy issue requiring monitoring review.,OPEN,HIGH
ISS-00690-17-01,PAI-00690,2025-05-31,PROCUREMENT_OR_CONTRACT,Synthetic procurement or contract issue requiring monitoring review.,OPEN,HIGH
ISS-00690-18-01,PAI-00690,2025-06-30,FUNDING,Synthetic funding issue requiring monitoring review.,OPEN,MEDIUM
ISS-00690-18-02,PAI-00690,2025-06-30,FUNDING,Synthetic funding issue requiring monitoring review.,IN_PROGRESS,HIGH
ISS-00690-23-01,PAI-00690,2025-11-30,ENGINEERING_OR_FEASIBILITY,Synthetic engineering or feasibility issue requiring monitoring review.,OPEN,MEDIUM
ISS-00691-01-01,PAI-00691,2024-01-31,PROCUREMENT_OR_CONTRACT,Synthetic procurement or contract issue requiring monitoring review.,OPEN,MEDIUM
ISS-00691-02-01,PAI-00691,2024-02-29,LAND_ACQUISITION,Synthetic land acquisition issue requiring monitoring review.,RESOLVED,LOW
ISS-00691-14-01,PAI-00691,2025-02-28,LEGAL_OR_SOCIAL,Synthetic legal or social issue requiring monitoring review.,OPEN,MEDIUM
ISS-00691-16-01,PAI-00691,2025-04-30,CLEARANCE,Synthetic clearance issue requiring monitoring review.,IN_PROGRESS,HIGH
ISS-00691-20-01,PAI-00691,2025-08-31,CLEARANCE,Synthetic clearance issue requiring monitoring review.,RESOLVED,MEDIUM
ISS-00691-21-01,PAI-00691,2025-09-30,PROCUREMENT_OR_CONTRACT,Synthetic procurement or contract issue requiring monitoring review.,OPEN,LOW
ISS-00691-23-01,PAI-00691,2025-11-30,FUNDING,Synthetic funding issue requiring monitoring review.,OPEN,LOW
ISS-00691-23-02,PAI-00691,2025-11-30,FUNDING,Synthetic funding issue requiring monitoring review.,OPEN,MEDIUM
ISS-00692-02-01,PAI-00692,2024-02-29,FUNDING,Synthetic funding issue requiring monitoring review.,OPEN,LOW
ISS-00692-02-02,PAI-00692,2024-02-29,LAND_ACQUISITION,Synthetic land acquisition issue requiring monitoring review.,OPEN,MEDIUM
ISS-00692-02-03,PAI-00692,2024-02-29,LAND_ACQUISITION,Synthetic land acquisition issue requiring monitoring review.,OPEN,MEDIUM
ISS-00692-03-01,PAI-00692,2024-03-31,ENGINEERING_OR_FEASIBILITY,Synthetic engineering or feasibility issue requiring monitoring review.,OPEN,LOW
ISS-00692-04-01,PAI-00692,2024-04-30,CLEARANCE,Synthetic clearance issue requiring monitoring review.,RESOLVED,HIGH
ISS-00692-05-01,PAI-00692,2024-05-31,ENGINEERING_OR_FEASIBILITY,Synthetic engineering or feasibility issue requiring monitoring review.,RESOLVED,MEDIUM
ISS-00692-08-01,PAI-00692,2024-08-31,LEGAL_OR_SOCIAL,Synthetic legal or social issue requiring monitoring review.,RESOLVED,MEDIUM
ISS-00692-10-01,PAI-00692,2024-10-31,LEGAL_OR_SOCIAL,Synthetic legal or social issue requiring monitoring review.,RESOLVED,HIGH
ISS-00692-14-01,PAI-00692,2025-02-28,BUDGET_OR_APPROVAL,Synthetic budget or approval issue requiring monitoring review.,OPEN,HIGH
ISS-00692-16-01,PAI-00692,2025-04-30,LEGAL_OR_SOCIAL,Synthetic legal or social issue requiring monitoring review.,OPEN,LOW
ISS-00692-21-01,PAI-00692,2025-09-30,CLEARANCE,Synthetic clearance issue requiring monitoring review.,OPEN,LOW
ISS-00692-22-01,PAI-00692,2025-10-31,LAND_ACQUISITION,Synthetic land acquisition issue requiring monitoring review.,IN_PROGRESS,HIGH
ISS-00692-22-02,PAI-00692,2025-10-31,CLEARANCE,Synthetic clearance issue requiring monitoring review.,OPEN,LOW
ISS-00692-23-01,PAI-00692,2025-11-30,LEGAL_OR_SOCIAL,Synthetic legal or social issue requiring monitoring review.,OPEN,MEDIUM
ISS-00693-07-01,PAI-00693,2024-07-31,SCOPE_OR_POLICY,Synthetic scope or policy issue requiring monitoring review.,IN_PROGRESS,LOW
ISS-00693-21-01,PAI-00693,2025-09-30,LEGAL_OR_SOCIAL,Synthetic legal or social issue requiring monitoring review.,IN_PROGRESS,MEDIUM
ISS-00694-01-01,PAI-00694,2024-01-31,LAND_ACQUISITION,Synthetic land acquisition issue requiring monitoring review.,OPEN,HIGH
ISS-00694-02-01,PAI-00694,2024-02-29,SCOPE_OR_POLICY,Synthetic scope or policy issue requiring monitoring review.,IN_PROGRESS,MEDIUM
ISS-00694-04-01,PAI-00694,2024-04-30,LEGAL_OR_SOCIAL,Synthetic legal or social issue requiring monitoring review.,IN_PROGRESS,LOW
ISS-00694-06-01,PAI-00694,2024-06-30,SCOPE_OR_POLICY,Synthetic scope or policy issue requiring monitoring review.,IN_PROGRESS,HIGH
ISS-00694-07-01,PAI-00694,2024-07-31,PROCUREMENT_OR_CONTRACT,Synthetic procurement or contract issue requiring monitoring review.,OPEN,MEDIUM
ISS-00694-08-01,PAI-00694,2024-08-31,SCOPE_OR_POLICY,Synthetic scope or policy issue requiring monitoring review.,OPEN,HIGH
ISS-00694-09-01,PAI-00694,2024-09-30,BUDGET_OR_APPROVAL,Synthetic budget or approval issue requiring monitoring review.,OPEN,MEDIUM
ISS-00694-11-01,PAI-00694,2024-11-30,PROCUREMENT_OR_CONTRACT,Synthetic procurement or contract issue requiring monitoring review.,OPEN,MEDIUM
ISS-00694-13-01,PAI-00694,2025-01-31,PROCUREMENT_OR_CONTRACT,Synthetic procurement or contract issue requiring monitoring review.,RESOLVED,MEDIUM
ISS-00694-13-02,PAI-00694,2025-01-31,LAND_ACQUISITION,Synthetic land acquisition issue requiring monitoring review.,OPEN,MEDIUM
ISS-00694-14-01,PAI-00694,2025-02-28,SCOPE_OR_POLICY,Synthetic scope or policy issue requiring monitoring review.,OPEN,MEDIUM
ISS-00694-14-02,PAI-00694,2025-02-28,LEGAL_OR_SOCIAL,Synthetic legal or social issue requiring monitoring review.,RESOLVED,MEDIUM
ISS-00694-14-03,PAI-00694,2025-02-28,ENGINEERING_OR_FEASIBILITY,Synthetic engineering or feasibility issue requiring monitoring review.,IN_PROGRESS,MEDIUM
ISS-00694-16-01,PAI-00694,2025-04-30,CLEARANCE,Synthetic clearance issue requiring monitoring review.,OPEN,MEDIUM
ISS-00694-17-01,PAI-00694,2025-05-31,SCOPE_OR_POLICY,Synthetic scope or policy issue requiring monitoring review.,RESOLVED,MEDIUM
ISS-00694-17-02,PAI-00694,2025-05-31,BUDGET_OR_APPROVAL,Synthetic budget or approval issue requiring monitoring review.,OPEN,LOW
ISS-00694-17-03,PAI-00694,2025-05-31,ENGINEERING_OR_FEASIBILITY,Synthetic engineering or feasibility issue requiring monitoring review.,RESOLVED,HIGH
ISS-00694-18-01,PAI-00694,2025-06-30,PROCUREMENT_OR_CONTRACT,Synthetic procurement or contract issue requiring monitoring review.,IN_PROGRESS,LOW
ISS-00694-23-01,PAI-00694,2025-11-30,LEGAL_OR_SOCIAL,Synthetic legal or social issue requiring monitoring review.,OPEN,MEDIUM
ISS-00694-23-02,PAI-00694,2025-11-30,FUNDING,Synthetic funding issue requiring monitoring review.,OPEN,MEDIUM
ISS-00694-23-03,PAI-00694,2025-11-30,CLEARANCE,Synthetic clearance issue requiring monitoring review.,OPEN,LOW
ISS-00694-24-01,PAI-00694,2025-12-31,SCOPE_OR_POLICY,Synthetic scope or policy issue requiring monitoring review.,IN_PROGRESS,LOW
ISS-00695-01-01,PAI-00695,2024-01-31,FUNDING,Synthetic funding issue requiring monitoring review.,IN_PROGRESS,LOW
ISS-00695-04-01,PAI-00695,2024-04-30,FUNDING,Synthetic funding issue requiring monitoring review.,OPEN,HIGH
ISS-00695-05-01,PAI-00695,2024-05-31,LAND_ACQUISITION,Synthetic land acquisition issue requiring monitoring review.,OPEN,LOW
ISS-00695-06-01,PAI-00695,2024-06-30,LEGAL_OR_SOCIAL,Synthetic legal or social issue requiring monitoring review.,RESOLVED,HIGH
ISS-00695-09-01,PAI-00695,2024-09-30,CLEARANCE,Synthetic clearance issue requiring monitoring review.,OPEN,MEDIUM
ISS-00695-09-02,PAI-00695,2024-09-30,SCOPE_OR_POLICY,Synthetic scope or policy issue requiring monitoring review.,RESOLVED,MEDIUM
ISS-00695-11-01,PAI-00695,2024-11-30,CLEARANCE,Synthetic clearance issue requiring monitoring review.,OPEN,LOW
ISS-00695-11-02,PAI-00695,2024-11-30,SCOPE_OR_POLICY,Synthetic scope or policy issue requiring monitoring review.,OPEN,MEDIUM
ISS-00695-13-01,PAI-00695,2025-01-31,SCOPE_OR_POLICY,Synthetic scope or policy issue requiring monitoring review.,IN_PROGRESS,MEDIUM
ISS-00695-13-02,PAI-00695,2025-01-31,ENGINEERING_OR_FEASIBILITY,Synthetic engineering or feasibility issue requiring monitoring review.,RESOLVED,LOW
ISS-00695-15-01,PAI-00695,2025-03-31,ENGINEERING_OR_FEASIBILITY,Synthetic engineering or feasibility issue requiring monitoring review.,OPEN,MEDIUM
ISS-00695-17-01,PAI-00695,2025-05-31,SCOPE_OR_POLICY,Synthetic scope or policy issue requiring monitoring review.,OPEN,HIGH
ISS-00695-18-01,PAI-00695,2025-06-30,CLEARANCE,Synthetic clearance issue requiring monitoring review.,OPEN,MEDIUM
ISS-00695-19-01,PAI-00695,2025-07-31,LAND_ACQUISITION,Synthetic land acquisition issue requiring monitoring review.,OPEN,LOW
ISS-00695-19-02,PAI-00695,2025-07-31,FUNDING,Synthetic funding issue requiring monitoring review.,OPEN,HIGH
ISS-00695-20-01,PAI-00695,2025-08-31,LAND_ACQUISITION,Synthetic land acquisition issue requiring monitoring review.,OPEN,HIGH
ISS-00695-20-02,PAI-00695,2025-08-31,CLEARANCE,Synthetic clearance issue requiring monitoring review.,OPEN,MEDIUM
ISS-00695-21-01,PAI-00695,2025-09-30,FUNDING,Synthetic funding issue requiring monitoring review.,OPEN,MEDIUM
ISS-00695-21-02,PAI-00695,2025-09-30,SCOPE_OR_POLICY,Synthetic scope or policy issue requiring monitoring review.,RESOLVED,LOW
ISS-00695-22-01,PAI-00695,2025-10-31,BUDGET_OR_APPROVAL,Synthetic budget or approval issue requiring monitoring review.,RESOLVED,MEDIUM
ISS-00695-24-01,PAI-00695,2025-12-31,PROCUREMENT_OR_CONTRACT,Synthetic procurement or contract issue requiring monitoring review.,OPEN,MEDIUM
ISS-00696-01-01,PAI-00696,2024-01-31,CLEARANCE,Synthetic clearance issue requiring monitoring review.,OPEN,MEDIUM
ISS-00696-03-01,PAI-00696,2024-03-31,SCOPE_OR_POLICY,Synthetic scope or policy issue requiring monitoring review.,RESOLVED,HIGH
ISS-00696-08-01,PAI-00696,2024-08-31,ENGINEERING_OR_FEASIBILITY,Synthetic engineering or feasibility issue requiring monitoring review.,OPEN,MEDIUM
ISS-00696-14-01,PAI-00696,2025-02-28,BUDGET_OR_APPROVAL,Synthetic budget or approval issue requiring monitoring review.,OPEN,LOW
ISS-00696-18-01,PAI-00696,2025-06-30,LEGAL_OR_SOCIAL,Synthetic legal or social issue requiring monitoring review.,OPEN,HIGH
ISS-00696-19-01,PAI-00696,2025-07-31,SCOPE_OR_POLICY,Synthetic scope or policy issue requiring monitoring review.,IN_PROGRESS,MEDIUM
ISS-00696-19-02,PAI-00696,2025-07-31,CLEARANCE,Synthetic clearance issue requiring monitoring review.,OPEN,HIGH
ISS-00696-24-01,PAI-00696,2025-12-31,LAND_ACQUISITION,Synthetic land acquisition issue requiring monitoring review.,IN_PROGRESS,HIGH
ISS-00697-01-01,PAI-00697,2024-01-31,CLEARANCE,Synthetic clearance issue requiring monitoring review.,OPEN,LOW
ISS-00697-02-01,PAI-00697,2024-02-29,CLEARANCE,Synthetic clearance issue requiring monitoring review.,OPEN,LOW
ISS-00697-02-02,PAI-00697,2024-02-29,BUDGET_OR_APPROVAL,Synthetic budget or approval issue requiring monitoring review.,OPEN,MEDIUM
ISS-00697-12-01,PAI-00697,2024-12-31,SCOPE_OR_POLICY,Synthetic scope or policy issue requiring monitoring review.,IN_PROGRESS,HIGH
ISS-00697-13-01,PAI-00697,2025-01-31,LEGAL_OR_SOCIAL,Synthetic legal or social issue requiring monitoring review.,OPEN,MEDIUM
ISS-00697-15-01,PAI-00697,2025-03-31,CLEARANCE,Synthetic clearance issue requiring monitoring review.,OPEN,HIGH
ISS-00697-15-02,PAI-00697,2025-03-31,SCOPE_OR_POLICY,Synthetic scope or policy issue requiring monitoring review.,IN_PROGRESS,HIGH
ISS-00697-16-01,PAI-00697,2025-04-30,PROCUREMENT_OR_CONTRACT,Synthetic procurement or contract issue requiring monitoring review.,OPEN,MEDIUM
ISS-00697-17-01,PAI-00697,2025-05-31,CLEARANCE,Synthetic clearance issue requiring monitoring review.,OPEN,MEDIUM
ISS-00697-18-01,PAI-00697,2025-06-30,FUNDING,Synthetic funding issue requiring monitoring review.,IN_PROGRESS,MEDIUM
ISS-00697-20-01,PAI-00697,2025-08-31,SCOPE_OR_POLICY,Synthetic scope or policy issue requiring monitoring review.,OPEN,HIGH
ISS-00697-20-02,PAI-00697,2025-08-31,SCOPE_OR_POLICY,Synthetic scope or policy issue requiring monitoring review.,OPEN,HIGH
ISS-00697-20-03,PAI-00697,2025-08-31,FUNDING,Synthetic funding issue requiring monitoring review.,OPEN,MEDIUM
ISS-00697-22-01,PAI-00697,2025-10-31,SCOPE_OR_POLICY,Synthetic scope or policy issue requiring monitoring review.,RESOLVED,MEDIUM
ISS-00698-01-01,PAI-00698,2024-01-31,ENGINEERING_OR_FEASIBILITY,Synthetic engineering or feasibility issue requiring monitoring review.,RESOLVED,LOW
ISS-00698-01-02,PAI-00698,2024-01-31,FUNDING,Synthetic funding issue requiring monitoring review.,OPEN,LOW
ISS-00698-02-01,PAI-00698,2024-02-29,CLEARANCE,Synthetic clearance issue requiring monitoring review.,IN_PROGRESS,MEDIUM
ISS-00698-05-01,PAI-00698,2024-05-31,BUDGET_OR_APPROVAL,Synthetic budget or approval issue requiring monitoring review.,RESOLVED,LOW
ISS-00698-05-02,PAI-00698,2024-05-31,FUNDING,Synthetic funding issue requiring monitoring review.,OPEN,MEDIUM
ISS-00698-06-01,PAI-00698,2024-06-30,ENGINEERING_OR_FEASIBILITY,Synthetic engineering or feasibility issue requiring monitoring review.,OPEN,HIGH
ISS-00698-06-02,PAI-00698,2024-06-30,LEGAL_OR_SOCIAL,Synthetic legal or social issue requiring monitoring review.,RESOLVED,MEDIUM
ISS-00698-07-01,PAI-00698,2024-07-31,ENGINEERING_OR_FEASIBILITY,Synthetic engineering or feasibility issue requiring monitoring review.,OPEN,MEDIUM
ISS-00698-08-01,PAI-00698,2024-08-31,SCOPE_OR_POLICY,Synthetic scope or policy issue requiring monitoring review.,IN_PROGRESS,MEDIUM
ISS-00698-09-01,PAI-00698,2024-09-30,PROCUREMENT_OR_CONTRACT,Synthetic procurement or contract issue requiring monitoring review.,OPEN,HIGH
ISS-00698-09-02,PAI-00698,2024-09-30,PROCUREMENT_OR_CONTRACT,Synthetic procurement or contract issue requiring monitoring review.,IN_PROGRESS,HIGH
ISS-00698-10-01,PAI-00698,2024-10-31,CLEARANCE,Synthetic clearance issue requiring monitoring review.,OPEN,MEDIUM
ISS-00698-10-02,PAI-00698,2024-10-31,SCOPE_OR_POLICY,Synthetic scope or policy issue requiring monitoring review.,OPEN,HIGH
ISS-00698-11-01,PAI-00698,2024-11-30,CLEARANCE,Synthetic clearance issue requiring monitoring review.,OPEN,HIGH
ISS-00698-11-02,PAI-00698,2024-11-30,CLEARANCE,Synthetic clearance issue requiring monitoring review.,RESOLVED,LOW
ISS-00698-11-03,PAI-00698,2024-11-30,BUDGET_OR_APPROVAL,Synthetic budget or approval issue requiring monitoring review.,IN_PROGRESS,MEDIUM
ISS-00698-13-01,PAI-00698,2025-01-31,PROCUREMENT_OR_CONTRACT,Synthetic procurement or contract issue requiring monitoring review.,IN_PROGRESS,LOW
ISS-00698-13-02,PAI-00698,2025-01-31,BUDGET_OR_APPROVAL,Synthetic budget or approval issue requiring monitoring review.,OPEN,LOW
ISS-00698-16-01,PAI-00698,2025-04-30,LAND_ACQUISITION,Synthetic land acquisition issue requiring monitoring review.,IN_PROGRESS,HIGH
ISS-00698-16-02,PAI-00698,2025-04-30,LAND_ACQUISITION,Synthetic land acquisition issue requiring monitoring review.,OPEN,MEDIUM
ISS-00698-17-01,PAI-00698,2025-05-31,BUDGET_OR_APPROVAL,Synthetic budget or approval issue requiring monitoring review.,RESOLVED,MEDIUM
ISS-00698-19-01,PAI-00698,2025-07-31,FUNDING,Synthetic funding issue requiring monitoring review.,IN_PROGRESS,HIGH
ISS-00698-19-02,PAI-00698,2025-07-31,CLEARANCE,Synthetic clearance issue requiring monitoring review.,OPEN,MEDIUM
ISS-00698-19-03,PAI-00698,2025-07-31,LEGAL_OR_SOCIAL,Synthetic legal or social issue requiring monitoring review.,IN_PROGRESS,MEDIUM
ISS-00698-20-01,PAI-00698,2025-08-31,ENGINEERING_OR_FEASIBILITY,Synthetic engineering or feasibility issue requiring monitoring review.,OPEN,HIGH
ISS-00698-20-02,PAI-00698,2025-08-31,CLEARANCE,Synthetic clearance issue requiring monitoring review.,OPEN,LOW
ISS-00698-21-01,PAI-00698,2025-09-30,ENGINEERING_OR_FEASIBILITY,Synthetic engineering or feasibility issue requiring monitoring review.,IN_PROGRESS,MEDIUM
ISS-00698-22-01,PAI-00698,2025-10-31,FUNDING,Synthetic funding issue requiring monitoring review.,IN_PROGRESS,MEDIUM
ISS-00698-22-02,PAI-00698,2025-10-31,ENGINEERING_OR_FEASIBILITY,Synthetic engineering or feasibility issue requiring monitoring review.,RESOLVED,HIGH
ISS-00698-24-01,PAI-00698,2025-12-31,LAND_ACQUISITION,Synthetic land acquisition issue requiring monitoring review.,OPEN,MEDIUM
ISS-00698-24-02,PAI-00698,2025-12-31,LEGAL_OR_SOCIAL,Synthetic legal or social issue requiring monitoring review.,OPEN,LOW
ISS-00699-01-01,PAI-00699,2024-01-31,LAND_ACQUISITION,Synthetic land acquisition issue requiring monitoring review.,OPEN,MEDIUM
ISS-00699-05-01,PAI-00699,2024-05-31,ENGINEERING_OR_FEASIBILITY,Synthetic engineering or feasibility issue requiring monitoring review.,IN_PROGRESS,HIGH
ISS-00699-06-01,PAI-00699,2024-06-30,SCOPE_OR_POLICY,Synthetic scope or policy issue requiring monitoring review.,OPEN,MEDIUM
ISS-00699-07-01,PAI-00699,2024-07-31,SCOPE_OR_POLICY,Synthetic scope or policy issue requiring monitoring review.,RESOLVED,LOW
ISS-00699-12-01,PAI-00699,2024-12-31,LEGAL_OR_SOCIAL,Synthetic legal or social issue requiring monitoring review.,OPEN,MEDIUM
ISS-00699-13-01,PAI-00699,2025-01-31,PROCUREMENT_OR_CONTRACT,Synthetic procurement or contract issue requiring monitoring review.,IN_PROGRESS,MEDIUM
ISS-00699-13-02,PAI-00699,2025-01-31,LAND_ACQUISITION,Synthetic land acquisition issue requiring monitoring review.,OPEN,MEDIUM
ISS-00699-13-03,PAI-00699,2025-01-31,SCOPE_OR_POLICY,Synthetic scope or policy issue requiring monitoring review.,IN_PROGRESS,MEDIUM
ISS-00699-13-04,PAI-00699,2025-01-31,PROCUREMENT_OR_CONTRACT,Synthetic procurement or contract issue requiring monitoring review.,RESOLVED,MEDIUM
ISS-00699-14-01,PAI-00699,2025-02-28,LAND_ACQUISITION,Synthetic land acquisition issue requiring monitoring review.,IN_PROGRESS,LOW
ISS-00699-15-01,PAI-00699,2025-03-31,CLEARANCE,Synthetic clearance issue requiring monitoring review.,OPEN,HIGH
ISS-00699-17-01,PAI-00699,2025-05-31,BUDGET_OR_APPROVAL,Synthetic budget or approval issue requiring monitoring review.,OPEN,HIGH
ISS-00699-18-01,PAI-00699,2025-06-30,LEGAL_OR_SOCIAL,Synthetic legal or social issue requiring monitoring review.,OPEN,LOW
ISS-00699-21-01,PAI-00699,2025-09-30,PROCUREMENT_OR_CONTRACT,Synthetic procurement or contract issue requiring monitoring review.,IN_PROGRESS,HIGH
ISS-00699-21-02,PAI-00699,2025-09-30,LEGAL_OR_SOCIAL,Synthetic legal or social issue requiring monitoring review.,IN_PROGRESS,MEDIUM
ISS-00699-22-01,PAI-00699,2025-10-31,FUNDING,Synthetic funding issue requiring monitoring review.,OPEN,HIGH
ISS-00699-24-01,PAI-00699,2025-12-31,LAND_ACQUISITION,Synthetic land acquisition issue requiring monitoring review.,OPEN,MEDIUM
ISS-00700-10-01,PAI-00700,2024-10-31,LAND_ACQUISITION,Synthetic land acquisition issue requiring monitoring review.,OPEN,MEDIUM
ISS-00700-10-02,PAI-00700,2024-10-31,LEGAL_OR_SOCIAL,Synthetic legal or social issue requiring monitoring review.,IN_PROGRESS,LOW
ISS-00700-10-03,PAI-00700,2024-10-31,PROCUREMENT_OR_CONTRACT,Synthetic procurement or contract issue requiring monitoring review.,OPEN,MEDIUM
ISS-00700-16-01,PAI-00700,2025-04-30,CLEARANCE,Synthetic clearance issue requiring monitoring review.,RESOLVED,LOW
ISS-00700-17-01,PAI-00700,2025-05-31,PROCUREMENT_OR_CONTRACT,Synthetic procurement or contract issue requiring monitoring review.,OPEN,MEDIUM
ISS-00700-19-01,PAI-00700,2025-07-31,BUDGET_OR_APPROVAL,Synthetic budget or approval issue requiring monitoring review.,OPEN,MEDIUM
ISS-00700-20-01,PAI-00700,2025-08-31,SCOPE_OR_POLICY,Synthetic scope or policy issue requiring monitoring review.,OPEN,HIGH
ISS-00700-22-01,PAI-00700,2025-10-31,CLEARANCE,Synthetic clearance issue requiring monitoring review.,RESOLVED,HIGH
ISS-00700-23-01,PAI-00700,2025-11-30,BUDGET_OR_APPROVAL,Synthetic budget or approval issue requiring monitoring review.,OPEN,HIGH
ISS-00701-01-01,PAI-00701,2024-01-31,CLEARANCE,Synthetic clearance issue requiring monitoring review.,OPEN,HIGH
ISS-00701-04-01,PAI-00701,2024-04-30,PROCUREMENT_OR_CONTRACT,Synthetic procurement or contract issue requiring monitoring review.,IN_PROGRESS,HIGH
ISS-00701-04-02,PAI-00701,2024-04-30,LAND_ACQUISITION,Synthetic land acquisition issue requiring monitoring review.,IN_PROGRESS,MEDIUM
ISS-00701-05-01,PAI-00701,2024-05-31,ENGINEERING_OR_FEASIBILITY,Synthetic engineering or feasibility issue requiring monitoring review.,OPEN,MEDIUM
ISS-00701-08-01,PAI-00701,2024-08-31,FUNDING,Synthetic funding issue requiring monitoring review.,OPEN,HIGH
ISS-00701-08-02,PAI-00701,2024-08-31,BUDGET_OR_APPROVAL,Synthetic budget or approval issue requiring monitoring review.,IN_PROGRESS,LOW
ISS-00701-11-01,PAI-00701,2024-11-30,PROCUREMENT_OR_CONTRACT,Synthetic procurement or contract issue requiring monitoring review.,IN_PROGRESS,MEDIUM
ISS-00701-20-01,PAI-00701,2025-08-31,PROCUREMENT_OR_CONTRACT,Synthetic procurement or contract issue requiring monitoring review.,RESOLVED,LOW
ISS-00701-21-01,PAI-00701,2025-09-30,LEGAL_OR_SOCIAL,Synthetic legal or social issue requiring monitoring review.,OPEN,MEDIUM
ISS-00701-22-01,PAI-00701,2025-10-31,SCOPE_OR_POLICY,Synthetic scope or policy issue requiring monitoring review.,OPEN,MEDIUM
ISS-00702-09-01,PAI-00702,2024-09-30,BUDGET_OR_APPROVAL,Synthetic budget or approval issue requiring monitoring review.,IN_PROGRESS,MEDIUM
ISS-00702-12-01,PAI-00702,2024-12-31,CLEARANCE,Synthetic clearance issue requiring monitoring review.,IN_PROGRESS,LOW
ISS-00702-23-01,PAI-00702,2025-11-30,PROCUREMENT_OR_CONTRACT,Synthetic procurement or contract issue requiring monitoring review.,OPEN,LOW
ISS-00703-10-01,PAI-00703,2024-10-31,ENGINEERING_OR_FEASIBILITY,Synthetic engineering or feasibility issue requiring monitoring review.,OPEN,LOW
ISS-00703-12-01,PAI-00703,2024-12-31,CLEARANCE,Synthetic clearance issue requiring monitoring review.,IN_PROGRESS,LOW
ISS-00703-13-01,PAI-00703,2025-01-31,BUDGET_OR_APPROVAL,Synthetic budget or approval issue requiring monitoring review.,OPEN,MEDIUM
ISS-00703-18-01,PAI-00703,2025-06-30,PROCUREMENT_OR_CONTRACT,Synthetic procurement or contract issue requiring monitoring review.,OPEN,HIGH
ISS-00703-24-01,PAI-00703,2025-12-31,FUNDING,Synthetic funding issue requiring monitoring review.,RESOLVED,MEDIUM
ISS-00704-01-01,PAI-00704,2024-01-31,FUNDING,Synthetic funding issue requiring monitoring review.,OPEN,LOW
ISS-00704-13-01,PAI-00704,2025-01-31,BUDGET_OR_APPROVAL,Synthetic budget or approval issue requiring monitoring review.,IN_PROGRESS,LOW
ISS-00704-16-01,PAI-00704,2025-04-30,CLEARANCE,Synthetic clearance issue requiring monitoring review.,OPEN,LOW
ISS-00704-22-01,PAI-00704,2025-10-31,FUNDING,Synthetic funding issue requiring monitoring review.,OPEN,MEDIUM
ISS-00704-23-01,PAI-00704,2025-11-30,ENGINEERING_OR_FEASIBILITY,Synthetic engineering or feasibility issue requiring monitoring review.,IN_PROGRESS,MEDIUM
ISS-00705-05-01,PAI-00705,2024-05-31,BUDGET_OR_APPROVAL,Synthetic budget or approval issue requiring monitoring review.,OPEN,MEDIUM
ISS-00705-07-01,PAI-00705,2024-07-31,SCOPE_OR_POLICY,Synthetic scope or policy issue requiring monitoring review.,RESOLVED,HIGH
ISS-00705-20-01,PAI-00705,2025-08-31,SCOPE_OR_POLICY,Synthetic scope or policy issue requiring monitoring review.,IN_PROGRESS,MEDIUM
ISS-00705-22-01,PAI-00705,2025-10-31,BUDGET_OR_APPROVAL,Synthetic budget or approval issue requiring monitoring review.,OPEN,MEDIUM
ISS-00705-23-01,PAI-00705,2025-11-30,LAND_ACQUISITION,Synthetic land acquisition issue requiring monitoring review.,OPEN,MEDIUM
ISS-00705-24-01,PAI-00705,2025-12-31,CLEARANCE,Synthetic clearance issue requiring monitoring review.,OPEN,HIGH
ISS-00705-24-02,PAI-00705,2025-12-31,BUDGET_OR_APPROVAL,Synthetic budget or approval issue requiring monitoring review.,IN_PROGRESS,LOW
ISS-00706-03-01,PAI-00706,2024-03-31,ENGINEERING_OR_FEASIBILITY,Synthetic engineering or feasibility issue requiring monitoring review.,OPEN,LOW
ISS-00706-08-01,PAI-00706,2024-08-31,LEGAL_OR_SOCIAL,Synthetic legal or social issue requiring monitoring review.,IN_PROGRESS,LOW
ISS-00706-15-01,PAI-00706,2025-03-31,PROCUREMENT_OR_CONTRACT,Synthetic procurement or contract issue requiring monitoring review.,OPEN,LOW
ISS-00706-18-01,PAI-00706,2025-06-30,SCOPE_OR_POLICY,Synthetic scope or policy issue requiring monitoring review.,IN_PROGRESS,LOW
ISS-00706-23-01,PAI-00706,2025-11-30,SCOPE_OR_POLICY,Synthetic scope or policy issue requiring monitoring review.,OPEN,HIGH
ISS-00707-01-01,PAI-00707,2024-01-31,PROCUREMENT_OR_CONTRACT,Synthetic procurement or contract issue requiring monitoring review.,RESOLVED,HIGH
ISS-00707-02-01,PAI-00707,2024-02-29,CLEARANCE,Synthetic clearance issue requiring monitoring review.,OPEN,MEDIUM
ISS-00707-04-01,PAI-00707,2024-04-30,PROCUREMENT_OR_CONTRACT,Synthetic procurement or contract issue requiring monitoring review.,RESOLVED,MEDIUM
ISS-00707-06-01,PAI-00707,2024-06-30,LAND_ACQUISITION,Synthetic land acquisition issue requiring monitoring review.,IN_PROGRESS,MEDIUM
ISS-00707-07-01,PAI-00707,2024-07-31,LEGAL_OR_SOCIAL,Synthetic legal or social issue requiring monitoring review.,IN_PROGRESS,HIGH
ISS-00707-10-01,PAI-00707,2024-10-31,SCOPE_OR_POLICY,Synthetic scope or policy issue requiring monitoring review.,IN_PROGRESS,LOW
ISS-00707-16-01,PAI-00707,2025-04-30,LAND_ACQUISITION,Synthetic land acquisition issue requiring monitoring review.,RESOLVED,HIGH
ISS-00707-20-01,PAI-00707,2025-08-31,LAND_ACQUISITION,Synthetic land acquisition issue requiring monitoring review.,IN_PROGRESS,HIGH
ISS-00707-20-02,PAI-00707,2025-08-31,FUNDING,Synthetic funding issue requiring monitoring review.,IN_PROGRESS,MEDIUM
ISS-00707-21-01,PAI-00707,2025-09-30,LAND_ACQUISITION,Synthetic land acquisition issue requiring monitoring review.,OPEN,MEDIUM
ISS-00707-22-01,PAI-00707,2025-10-31,BUDGET_OR_APPROVAL,Synthetic budget or approval issue requiring monitoring review.,OPEN,MEDIUM
ISS-00707-23-01,PAI-00707,2025-11-30,ENGINEERING_OR_FEASIBILITY,Synthetic engineering or feasibility issue requiring monitoring review.,IN_PROGRESS,MEDIUM
ISS-00707-24-01,PAI-00707,2025-12-31,BUDGET_OR_APPROVAL,Synthetic budget or approval issue requiring monitoring review.,RESOLVED,MEDIUM
ISS-00707-24-02,PAI-00707,2025-12-31,FUNDING,Synthetic funding issue requiring monitoring review.,RESOLVED,MEDIUM
ISS-00708-01-01,PAI-00708,2024-01-31,SCOPE_OR_POLICY,Synthetic scope or policy issue requiring monitoring review.,IN_PROGRESS,HIGH
ISS-00708-02-01,PAI-00708,2024-02-29,LAND_ACQUISITION,Synthetic land acquisition issue requiring monitoring review.,RESOLVED,MEDIUM
ISS-00708-04-01,PAI-00708,2024-04-30,CLEARANCE,Synthetic clearance issue requiring monitoring review.,IN_PROGRESS,MEDIUM
ISS-00708-05-01,PAI-00708,2024-05-31,CLEARANCE,Synthetic clearance issue requiring monitoring review.,OPEN,HIGH
ISS-00708-08-01,PAI-00708,2024-08-31,LEGAL_OR_SOCIAL,Synthetic legal or social issue requiring monitoring review.,IN_PROGRESS,LOW
ISS-00708-09-01,PAI-00708,2024-09-30,FUNDING,Synthetic funding issue requiring monitoring review.,OPEN,HIGH
ISS-00708-10-01,PAI-00708,2024-10-31,LAND_ACQUISITION,Synthetic land acquisition issue requiring monitoring review.,RESOLVED,LOW
ISS-00708-10-02,PAI-00708,2024-10-31,ENGINEERING_OR_FEASIBILITY,Synthetic engineering or feasibility issue requiring monitoring review.,IN_PROGRESS,LOW
ISS-00708-11-01,PAI-00708,2024-11-30,LEGAL_OR_SOCIAL,Synthetic legal or social issue requiring monitoring review.,RESOLVED,HIGH
ISS-00708-11-02,PAI-00708,2024-11-30,CLEARANCE,Synthetic clearance issue requiring monitoring review.,RESOLVED,MEDIUM
ISS-00708-12-01,PAI-00708,2024-12-31,LAND_ACQUISITION,Synthetic land acquisition issue requiring monitoring review.,IN_PROGRESS,MEDIUM
ISS-00708-12-02,PAI-00708,2024-12-31,FUNDING,Synthetic funding issue requiring monitoring review.,OPEN,MEDIUM
ISS-00708-13-01,PAI-00708,2025-01-31,BUDGET_OR_APPROVAL,Synthetic budget or approval issue requiring monitoring review.,OPEN,HIGH
ISS-00708-15-01,PAI-00708,2025-03-31,SCOPE_OR_POLICY,Synthetic scope or policy issue requiring monitoring review.,OPEN,HIGH
ISS-00708-15-02,PAI-00708,2025-03-31,BUDGET_OR_APPROVAL,Synthetic budget or approval issue requiring monitoring review.,OPEN,HIGH
ISS-00708-15-03,PAI-00708,2025-03-31,PROCUREMENT_OR_CONTRACT,Synthetic procurement or contract issue requiring monitoring review.,IN_PROGRESS,MEDIUM
ISS-00708-16-01,PAI-00708,2025-04-30,SCOPE_OR_POLICY,Synthetic scope or policy issue requiring monitoring review.,IN_PROGRESS,MEDIUM
ISS-00708-16-02,PAI-00708,2025-04-30,BUDGET_OR_APPROVAL,Synthetic budget or approval issue requiring monitoring review.,IN_PROGRESS,MEDIUM
ISS-00708-18-01,PAI-00708,2025-06-30,BUDGET_OR_APPROVAL,Synthetic budget or approval issue requiring monitoring review.,IN_PROGRESS,LOW
ISS-00708-19-01,PAI-00708,2025-07-31,SCOPE_OR_POLICY,Synthetic scope or policy issue requiring monitoring review.,OPEN,HIGH
ISS-00708-19-02,PAI-00708,2025-07-31,LEGAL_OR_SOCIAL,Synthetic legal or social issue requiring monitoring review.,RESOLVED,LOW
ISS-00708-19-03,PAI-00708,2025-07-31,BUDGET_OR_APPROVAL,Synthetic budget or approval issue requiring monitoring review.,RESOLVED,MEDIUM
ISS-00708-20-01,PAI-00708,2025-08-31,LEGAL_OR_SOCIAL,Synthetic legal or social issue requiring monitoring review.,IN_PROGRESS,HIGH
ISS-00708-22-01,PAI-00708,2025-10-31,LEGAL_OR_SOCIAL,Synthetic legal or social issue requiring monitoring review.,IN_PROGRESS,HIGH
ISS-00708-24-01,PAI-00708,2025-12-31,ENGINEERING_OR_FEASIBILITY,Synthetic engineering or feasibility issue requiring monitoring review.,OPEN,MEDIUM
ISS-00708-24-02,PAI-00708,2025-12-31,SCOPE_OR_POLICY,Synthetic scope or policy issue requiring monitoring review.,OPEN,MEDIUM
ISS-00708-24-03,PAI-00708,2025-12-31,CLEARANCE,Synthetic clearance issue requiring monitoring review.,OPEN,MEDIUM
ISS-00708-24-04,PAI-00708,2025-12-31,BUDGET_OR_APPROVAL,Synthetic budget or approval issue requiring monitoring review.,RESOLVED,LOW
ISS-00709-01-01,PAI-00709,2024-01-31,LEGAL_OR_SOCIAL,Synthetic legal or social issue requiring monitoring review.,IN_PROGRESS,MEDIUM
ISS-00709-05-01,PAI-00709,2024-05-31,BUDGET_OR_APPROVAL,Synthetic budget or approval issue requiring monitoring review.,RESOLVED,LOW
ISS-00709-05-02,PAI-00709,2024-05-31,FUNDING,Synthetic funding issue requiring monitoring review.,OPEN,LOW
ISS-00709-23-01,PAI-00709,2025-11-30,PROCUREMENT_OR_CONTRACT,Synthetic procurement or contract issue requiring monitoring review.,OPEN,MEDIUM
ISS-00709-24-01,PAI-00709,2025-12-31,FUNDING,Synthetic funding issue requiring monitoring review.,IN_PROGRESS,LOW
ISS-00710-06-01,PAI-00710,2024-06-30,FUNDING,Synthetic funding issue requiring monitoring review.,OPEN,LOW
ISS-00710-08-01,PAI-00710,2024-08-31,LEGAL_OR_SOCIAL,Synthetic legal or social issue requiring monitoring review.,RESOLVED,LOW
ISS-00710-21-01,PAI-00710,2025-09-30,FUNDING,Synthetic funding issue requiring monitoring review.,IN_PROGRESS,LOW
ISS-00710-24-01,PAI-00710,2025-12-31,ENGINEERING_OR_FEASIBILITY,Synthetic engineering or feasibility issue requiring monitoring review.,OPEN,LOW
ISS-00711-02-01,PAI-00711,2024-02-29,LAND_ACQUISITION,Synthetic land acquisition issue requiring monitoring review.,IN_PROGRESS,LOW
ISS-00711-03-01,PAI-00711,2024-03-31,SCOPE_OR_POLICY,Synthetic scope or policy issue requiring monitoring review.,OPEN,MEDIUM
ISS-00711-05-01,PAI-00711,2024-05-31,LEGAL_OR_SOCIAL,Synthetic legal or social issue requiring monitoring review.,IN_PROGRESS,LOW
ISS-00711-07-01,PAI-00711,2024-07-31,FUNDING,Synthetic funding issue requiring monitoring review.,IN_PROGRESS,MEDIUM
ISS-00711-08-01,PAI-00711,2024-08-31,CLEARANCE,Synthetic clearance issue requiring monitoring review.,OPEN,LOW
ISS-00711-10-01,PAI-00711,2024-10-31,FUNDING,Synthetic funding issue requiring monitoring review.,IN_PROGRESS,LOW
ISS-00711-11-01,PAI-00711,2024-11-30,PROCUREMENT_OR_CONTRACT,Synthetic procurement or contract issue requiring monitoring review.,IN_PROGRESS,HIGH
ISS-00711-13-01,PAI-00711,2025-01-31,CLEARANCE,Synthetic clearance issue requiring monitoring review.,IN_PROGRESS,MEDIUM
ISS-00711-15-01,PAI-00711,2025-03-31,CLEARANCE,Synthetic clearance issue requiring monitoring review.,OPEN,MEDIUM
ISS-00711-24-01,PAI-00711,2025-12-31,BUDGET_OR_APPROVAL,Synthetic budget or approval issue requiring monitoring review.,OPEN,LOW
ISS-00712-06-01,PAI-00712,2024-06-30,BUDGET_OR_APPROVAL,Synthetic budget or approval issue requiring monitoring review.,OPEN,LOW
ISS-00712-06-02,PAI-00712,2024-06-30,SCOPE_OR_POLICY,Synthetic scope or policy issue requiring monitoring review.,IN_PROGRESS,MEDIUM
ISS-00712-14-01,PAI-00712,2025-02-28,BUDGET_OR_APPROVAL,Synthetic budget or approval issue requiring monitoring review.,OPEN,LOW
ISS-00712-16-01,PAI-00712,2025-04-30,FUNDING,Synthetic funding issue requiring monitoring review.,RESOLVED,LOW
ISS-00712-23-01,PAI-00712,2025-11-30,SCOPE_OR_POLICY,Synthetic scope or policy issue requiring monitoring review.,OPEN,LOW
ISS-00713-05-01,PAI-00713,2024-05-31,BUDGET_OR_APPROVAL,Synthetic budget or approval issue requiring monitoring review.,RESOLVED,LOW
ISS-00713-07-01,PAI-00713,2024-07-31,LAND_ACQUISITION,Synthetic land acquisition issue requiring monitoring review.,RESOLVED,HIGH
ISS-00713-10-01,PAI-00713,2024-10-31,LAND_ACQUISITION,Synthetic land acquisition issue requiring monitoring review.,RESOLVED,MEDIUM
ISS-00713-10-02,PAI-00713,2024-10-31,BUDGET_OR_APPROVAL,Synthetic budget or approval issue requiring monitoring review.,OPEN,MEDIUM
ISS-00713-11-01,PAI-00713,2024-11-30,LAND_ACQUISITION,Synthetic land acquisition issue requiring monitoring review.,RESOLVED,LOW
ISS-00713-12-01,PAI-00713,2024-12-31,LAND_ACQUISITION,Synthetic land acquisition issue requiring monitoring review.,OPEN,HIGH
ISS-00713-14-01,PAI-00713,2025-02-28,LEGAL_OR_SOCIAL,Synthetic legal or social issue requiring monitoring review.,OPEN,LOW
ISS-00713-14-02,PAI-00713,2025-02-28,SCOPE_OR_POLICY,Synthetic scope or policy issue requiring monitoring review.,RESOLVED,LOW
ISS-00713-16-01,PAI-00713,2025-04-30,BUDGET_OR_APPROVAL,Synthetic budget or approval issue requiring monitoring review.,IN_PROGRESS,LOW
ISS-00713-20-01,PAI-00713,2025-08-31,ENGINEERING_OR_FEASIBILITY,Synthetic engineering or feasibility issue requiring monitoring review.,OPEN,LOW
ISS-00713-20-02,PAI-00713,2025-08-31,FUNDING,Synthetic funding issue requiring monitoring review.,IN_PROGRESS,LOW
ISS-00713-22-01,PAI-00713,2025-10-31,BUDGET_OR_APPROVAL,Synthetic budget or approval issue requiring monitoring review.,RESOLVED,HIGH
ISS-00713-23-01,PAI-00713,2025-11-30,CLEARANCE,Synthetic clearance issue requiring monitoring review.,OPEN,HIGH
ISS-00714-06-01,PAI-00714,2024-06-30,PROCUREMENT_OR_CONTRACT,Synthetic procurement or contract issue requiring monitoring review.,OPEN,HIGH
ISS-00714-11-01,PAI-00714,2024-11-30,SCOPE_OR_POLICY,Synthetic scope or policy issue requiring monitoring review.,IN_PROGRESS,HIGH
ISS-00714-11-02,PAI-00714,2024-11-30,LAND_ACQUISITION,Synthetic land acquisition issue requiring monitoring review.,OPEN,MEDIUM
ISS-00714-14-01,PAI-00714,2025-02-28,CLEARANCE,Synthetic clearance issue requiring monitoring review.,OPEN,MEDIUM
ISS-00714-22-01,PAI-00714,2025-10-31,ENGINEERING_OR_FEASIBILITY,Synthetic engineering or feasibility issue requiring monitoring review.,RESOLVED,HIGH
ISS-00715-04-01,PAI-00715,2024-04-30,ENGINEERING_OR_FEASIBILITY,Synthetic engineering or feasibility issue requiring monitoring review.,IN_PROGRESS,LOW
ISS-00715-05-01,PAI-00715,2024-05-31,CLEARANCE,Synthetic clearance issue requiring monitoring review.,OPEN,MEDIUM
ISS-00715-07-01,PAI-00715,2024-07-31,LEGAL_OR_SOCIAL,Synthetic legal or social issue requiring monitoring review.,OPEN,HIGH
ISS-00715-07-02,PAI-00715,2024-07-31,CLEARANCE,Synthetic clearance issue requiring monitoring review.,IN_PROGRESS,MEDIUM
ISS-00715-08-01,PAI-00715,2024-08-31,CLEARANCE,Synthetic clearance issue requiring monitoring review.,RESOLVED,HIGH
ISS-00715-14-01,PAI-00715,2025-02-28,SCOPE_OR_POLICY,Synthetic scope or policy issue requiring monitoring review.,RESOLVED,HIGH
ISS-00715-14-02,PAI-00715,2025-02-28,LEGAL_OR_SOCIAL,Synthetic legal or social issue requiring monitoring review.,RESOLVED,MEDIUM
ISS-00715-15-01,PAI-00715,2025-03-31,PROCUREMENT_OR_CONTRACT,Synthetic procurement or contract issue requiring monitoring review.,RESOLVED,MEDIUM
ISS-00715-15-02,PAI-00715,2025-03-31,FUNDING,Synthetic funding issue requiring monitoring review.,OPEN,MEDIUM
ISS-00715-21-01,PAI-00715,2025-09-30,CLEARANCE,Synthetic clearance issue requiring monitoring review.,RESOLVED,LOW
ISS-00716-04-01,PAI-00716,2024-04-30,SCOPE_OR_POLICY,Synthetic scope or policy issue requiring monitoring review.,RESOLVED,LOW
ISS-00716-05-01,PAI-00716,2024-05-31,LAND_ACQUISITION,Synthetic land acquisition issue requiring monitoring review.,IN_PROGRESS,LOW
ISS-00716-11-01,PAI-00716,2024-11-30,LEGAL_OR_SOCIAL,Synthetic legal or social issue requiring monitoring review.,OPEN,MEDIUM
ISS-00716-13-01,PAI-00716,2025-01-31,BUDGET_OR_APPROVAL,Synthetic budget or approval issue requiring monitoring review.,IN_PROGRESS,HIGH
ISS-00717-07-01,PAI-00717,2024-07-31,ENGINEERING_OR_FEASIBILITY,Synthetic engineering or feasibility issue requiring monitoring review.,OPEN,HIGH
ISS-00717-10-01,PAI-00717,2024-10-31,SCOPE_OR_POLICY,Synthetic scope or policy issue requiring monitoring review.,RESOLVED,HIGH
ISS-00717-13-01,PAI-00717,2025-01-31,PROCUREMENT_OR_CONTRACT,Synthetic procurement or contract issue requiring monitoring review.,RESOLVED,LOW
ISS-00717-13-02,PAI-00717,2025-01-31,FUNDING,Synthetic funding issue requiring monitoring review.,OPEN,LOW
ISS-00717-15-01,PAI-00717,2025-03-31,BUDGET_OR_APPROVAL,Synthetic budget or approval issue requiring monitoring review.,OPEN,LOW
ISS-00717-16-01,PAI-00717,2025-04-30,BUDGET_OR_APPROVAL,Synthetic budget or approval issue requiring monitoring review.,OPEN,MEDIUM
ISS-00717-19-01,PAI-00717,2025-07-31,SCOPE_OR_POLICY,Synthetic scope or policy issue requiring monitoring review.,OPEN,HIGH
ISS-00717-21-01,PAI-00717,2025-09-30,LEGAL_OR_SOCIAL,Synthetic legal or social issue requiring monitoring review.,IN_PROGRESS,MEDIUM
ISS-00717-22-01,PAI-00717,2025-10-31,CLEARANCE,Synthetic clearance issue requiring monitoring review.,OPEN,MEDIUM
ISS-00717-23-01,PAI-00717,2025-11-30,SCOPE_OR_POLICY,Synthetic scope or policy issue requiring monitoring review.,IN_PROGRESS,LOW
ISS-00718-03-01,PAI-00718,2024-03-31,LAND_ACQUISITION,Synthetic land acquisition issue requiring monitoring review.,OPEN,LOW
ISS-00718-12-01,PAI-00718,2024-12-31,LEGAL_OR_SOCIAL,Synthetic legal or social issue requiring monitoring review.,OPEN,LOW
ISS-00718-15-01,PAI-00718,2025-03-31,LAND_ACQUISITION,Synthetic land acquisition issue requiring monitoring review.,IN_PROGRESS,LOW
ISS-00718-17-01,PAI-00718,2025-05-31,BUDGET_OR_APPROVAL,Synthetic budget or approval issue requiring monitoring review.,RESOLVED,LOW
ISS-00718-17-02,PAI-00718,2025-05-31,BUDGET_OR_APPROVAL,Synthetic budget or approval issue requiring monitoring review.,OPEN,HIGH
ISS-00718-18-01,PAI-00718,2025-06-30,ENGINEERING_OR_FEASIBILITY,Synthetic engineering or feasibility issue requiring monitoring review.,IN_PROGRESS,LOW
ISS-00718-21-01,PAI-00718,2025-09-30,ENGINEERING_OR_FEASIBILITY,Synthetic engineering or feasibility issue requiring monitoring review.,OPEN,LOW
ISS-00718-22-01,PAI-00718,2025-10-31,PROCUREMENT_OR_CONTRACT,Synthetic procurement or contract issue requiring monitoring review.,OPEN,LOW
ISS-00718-22-02,PAI-00718,2025-10-31,SCOPE_OR_POLICY,Synthetic scope or policy issue requiring monitoring review.,OPEN,LOW
ISS-00718-24-01,PAI-00718,2025-12-31,SCOPE_OR_POLICY,Synthetic scope or policy issue requiring monitoring review.,IN_PROGRESS,HIGH
ISS-00719-10-01,PAI-00719,2024-10-31,SCOPE_OR_POLICY,Synthetic scope or policy issue requiring monitoring review.,RESOLVED,MEDIUM
ISS-00719-11-01,PAI-00719,2024-11-30,BUDGET_OR_APPROVAL,Synthetic budget or approval issue requiring monitoring review.,OPEN,MEDIUM
ISS-00719-11-02,PAI-00719,2024-11-30,ENGINEERING_OR_FEASIBILITY,Synthetic engineering or feasibility issue requiring monitoring review.,OPEN,MEDIUM
ISS-00719-13-01,PAI-00719,2025-01-31,ENGINEERING_OR_FEASIBILITY,Synthetic engineering or feasibility issue requiring monitoring review.,IN_PROGRESS,MEDIUM
ISS-00719-13-02,PAI-00719,2025-01-31,BUDGET_OR_APPROVAL,Synthetic budget or approval issue requiring monitoring review.,IN_PROGRESS,LOW
ISS-00719-15-01,PAI-00719,2025-03-31,BUDGET_OR_APPROVAL,Synthetic budget or approval issue requiring monitoring review.,OPEN,MEDIUM
ISS-00719-22-01,PAI-00719,2025-10-31,BUDGET_OR_APPROVAL,Synthetic budget or approval issue requiring monitoring review.,OPEN,MEDIUM
ISS-00719-23-01,PAI-00719,2025-11-30,ENGINEERING_OR_FEASIBILITY,Synthetic engineering or feasibility issue requiring monitoring review.,OPEN,MEDIUM
ISS-00720-01-01,PAI-00720,2024-01-31,ENGINEERING_OR_FEASIBILITY,Synthetic engineering or feasibility issue requiring monitoring review.,OPEN,LOW
ISS-00720-01-02,PAI-00720,2024-01-31,ENGINEERING_OR_FEASIBILITY,Synthetic engineering or feasibility issue requiring monitoring review.,OPEN,LOW
ISS-00720-03-01,PAI-00720,2024-03-31,SCOPE_OR_POLICY,Synthetic scope or policy issue requiring monitoring review.,IN_PROGRESS,HIGH
ISS-00720-05-01,PAI-00720,2024-05-31,SCOPE_OR_POLICY,Synthetic scope or policy issue requiring monitoring review.,IN_PROGRESS,LOW
ISS-00720-07-01,PAI-00720,2024-07-31,LAND_ACQUISITION,Synthetic land acquisition issue requiring monitoring review.,OPEN,LOW
ISS-00720-09-01,PAI-00720,2024-09-30,SCOPE_OR_POLICY,Synthetic scope or policy issue requiring monitoring review.,RESOLVED,LOW
ISS-00720-10-01,PAI-00720,2024-10-31,BUDGET_OR_APPROVAL,Synthetic budget or approval issue requiring monitoring review.,OPEN,LOW
ISS-00720-13-01,PAI-00720,2025-01-31,SCOPE_OR_POLICY,Synthetic scope or policy issue requiring monitoring review.,OPEN,MEDIUM
ISS-00720-14-01,PAI-00720,2025-02-28,LEGAL_OR_SOCIAL,Synthetic legal or social issue requiring monitoring review.,IN_PROGRESS,HIGH
ISS-00720-15-01,PAI-00720,2025-03-31,CLEARANCE,Synthetic clearance issue requiring monitoring review.,IN_PROGRESS,MEDIUM
ISS-00720-16-01,PAI-00720,2025-04-30,FUNDING,Synthetic funding issue requiring monitoring review.,OPEN,MEDIUM
ISS-00720-17-01,PAI-00720,2025-05-31,LEGAL_OR_SOCIAL,Synthetic legal or social issue requiring monitoring review.,IN_PROGRESS,MEDIUM
ISS-00720-17-02,PAI-00720,2025-05-31,FUNDING,Synthetic funding issue requiring monitoring review.,OPEN,MEDIUM
ISS-00720-17-03,PAI-00720,2025-05-31,BUDGET_OR_APPROVAL,Synthetic budget or approval issue requiring monitoring review.,OPEN,HIGH
ISS-00720-18-01,PAI-00720,2025-06-30,SCOPE_OR_POLICY,Synthetic scope or policy issue requiring monitoring review.,OPEN,LOW
ISS-00720-18-02,PAI-00720,2025-06-30,BUDGET_OR_APPROVAL,Synthetic budget or approval issue requiring monitoring review.,OPEN,MEDIUM
ISS-00720-19-01,PAI-00720,2025-07-31,SCOPE_OR_POLICY,Synthetic scope or policy issue requiring monitoring review.,OPEN,LOW
ISS-00720-19-02,PAI-00720,2025-07-31,BUDGET_OR_APPROVAL,Synthetic budget or approval issue requiring monitoring review.,RESOLVED,LOW
ISS-00720-20-01,PAI-00720,2025-08-31,LEGAL_OR_SOCIAL,Synthetic legal or social issue requiring monitoring review.,IN_PROGRESS,LOW
ISS-00720-24-01,PAI-00720,2025-12-31,LEGAL_OR_SOCIAL,Synthetic legal or social issue requiring monitoring review.,RESOLVED,HIGH
ISS-00721-02-01,PAI-00721,2024-02-29,CLEARANCE,Synthetic clearance issue requiring monitoring review.,IN_PROGRESS,HIGH
ISS-00721-03-01,PAI-00721,2024-03-31,BUDGET_OR_APPROVAL,Synthetic budget or approval issue requiring monitoring review.,IN_PROGRESS,MEDIUM
ISS-00721-05-01,PAI-00721,2024-05-31,FUNDING,Synthetic funding issue requiring monitoring review.,IN_PROGRESS,MEDIUM
ISS-00721-09-01,PAI-00721,2024-09-30,BUDGET_OR_APPROVAL,Synthetic budget or approval issue requiring monitoring review.,IN_PROGRESS,LOW
ISS-00721-10-01,PAI-00721,2024-10-31,LAND_ACQUISITION,Synthetic land acquisition issue requiring monitoring review.,OPEN,HIGH
ISS-00721-11-01,PAI-00721,2024-11-30,PROCUREMENT_OR_CONTRACT,Synthetic procurement or contract issue requiring monitoring review.,IN_PROGRESS,HIGH
ISS-00721-13-01,PAI-00721,2025-01-31,CLEARANCE,Synthetic clearance issue requiring monitoring review.,OPEN,HIGH
ISS-00721-14-01,PAI-00721,2025-02-28,SCOPE_OR_POLICY,Synthetic scope or policy issue requiring monitoring review.,IN_PROGRESS,HIGH
ISS-00721-15-01,PAI-00721,2025-03-31,SCOPE_OR_POLICY,Synthetic scope or policy issue requiring monitoring review.,IN_PROGRESS,MEDIUM
ISS-00721-15-02,PAI-00721,2025-03-31,LEGAL_OR_SOCIAL,Synthetic legal or social issue requiring monitoring review.,IN_PROGRESS,LOW
ISS-00721-15-03,PAI-00721,2025-03-31,BUDGET_OR_APPROVAL,Synthetic budget or approval issue requiring monitoring review.,RESOLVED,LOW
ISS-00721-19-01,PAI-00721,2025-07-31,LEGAL_OR_SOCIAL,Synthetic legal or social issue requiring monitoring review.,IN_PROGRESS,LOW
ISS-00721-22-01,PAI-00721,2025-10-31,ENGINEERING_OR_FEASIBILITY,Synthetic engineering or feasibility issue requiring monitoring review.,RESOLVED,MEDIUM
ISS-00721-22-02,PAI-00721,2025-10-31,FUNDING,Synthetic funding issue requiring monitoring review.,IN_PROGRESS,MEDIUM
ISS-00721-24-01,PAI-00721,2025-12-31,LAND_ACQUISITION,Synthetic land acquisition issue requiring monitoring review.,OPEN,HIGH
ISS-00722-05-01,PAI-00722,2024-05-31,FUNDING,Synthetic funding issue requiring monitoring review.,OPEN,HIGH
ISS-00722-07-01,PAI-00722,2024-07-31,LEGAL_OR_SOCIAL,Synthetic legal or social issue requiring monitoring review.,OPEN,LOW
ISS-00722-10-01,PAI-00722,2024-10-31,LAND_ACQUISITION,Synthetic land acquisition issue requiring monitoring review.,OPEN,MEDIUM
ISS-00722-13-01,PAI-00722,2025-01-31,PROCUREMENT_OR_CONTRACT,Synthetic procurement or contract issue requiring monitoring review.,OPEN,HIGH
ISS-00722-13-02,PAI-00722,2025-01-31,LEGAL_OR_SOCIAL,Synthetic legal or social issue requiring monitoring review.,IN_PROGRESS,LOW
ISS-00722-16-01,PAI-00722,2025-04-30,BUDGET_OR_APPROVAL,Synthetic budget or approval issue requiring monitoring review.,OPEN,HIGH
ISS-00722-16-02,PAI-00722,2025-04-30,FUNDING,Synthetic funding issue requiring monitoring review.,OPEN,MEDIUM
ISS-00722-19-01,PAI-00722,2025-07-31,LAND_ACQUISITION,Synthetic land acquisition issue requiring monitoring review.,IN_PROGRESS,HIGH
ISS-00722-19-02,PAI-00722,2025-07-31,BUDGET_OR_APPROVAL,Synthetic budget or approval issue requiring monitoring review.,OPEN,HIGH
ISS-00722-23-01,PAI-00722,2025-11-30,LEGAL_OR_SOCIAL,Synthetic legal or social issue requiring monitoring review.,OPEN,HIGH
ISS-00723-01-01,PAI-00723,2024-01-31,SCOPE_OR_POLICY,Synthetic scope or policy issue requiring monitoring review.,IN_PROGRESS,MEDIUM
ISS-00723-01-02,PAI-00723,2024-01-31,PROCUREMENT_OR_CONTRACT,Synthetic procurement or contract issue requiring monitoring review.,RESOLVED,MEDIUM
ISS-00723-05-01,PAI-00723,2024-05-31,ENGINEERING_OR_FEASIBILITY,Synthetic engineering or feasibility issue requiring monitoring review.,IN_PROGRESS,MEDIUM
ISS-00723-05-02,PAI-00723,2024-05-31,LAND_ACQUISITION,Synthetic land acquisition issue requiring monitoring review.,RESOLVED,MEDIUM
ISS-00723-06-01,PAI-00723,2024-06-30,BUDGET_OR_APPROVAL,Synthetic budget or approval issue requiring monitoring review.,OPEN,MEDIUM
ISS-00723-06-02,PAI-00723,2024-06-30,FUNDING,Synthetic funding issue requiring monitoring review.,OPEN,MEDIUM
ISS-00723-06-03,PAI-00723,2024-06-30,PROCUREMENT_OR_CONTRACT,Synthetic procurement or contract issue requiring monitoring review.,OPEN,MEDIUM
ISS-00723-08-01,PAI-00723,2024-08-31,FUNDING,Synthetic funding issue requiring monitoring review.,IN_PROGRESS,MEDIUM
ISS-00723-09-01,PAI-00723,2024-09-30,SCOPE_OR_POLICY,Synthetic scope or policy issue requiring monitoring review.,IN_PROGRESS,MEDIUM
ISS-00723-09-02,PAI-00723,2024-09-30,SCOPE_OR_POLICY,Synthetic scope or policy issue requiring monitoring review.,OPEN,LOW
ISS-00723-10-01,PAI-00723,2024-10-31,ENGINEERING_OR_FEASIBILITY,Synthetic engineering or feasibility issue requiring monitoring review.,OPEN,MEDIUM
ISS-00723-11-01,PAI-00723,2024-11-30,LEGAL_OR_SOCIAL,Synthetic legal or social issue requiring monitoring review.,OPEN,MEDIUM
ISS-00723-11-02,PAI-00723,2024-11-30,CLEARANCE,Synthetic clearance issue requiring monitoring review.,OPEN,MEDIUM
ISS-00723-11-03,PAI-00723,2024-11-30,ENGINEERING_OR_FEASIBILITY,Synthetic engineering or feasibility issue requiring monitoring review.,IN_PROGRESS,MEDIUM
ISS-00723-13-01,PAI-00723,2025-01-31,BUDGET_OR_APPROVAL,Synthetic budget or approval issue requiring monitoring review.,RESOLVED,MEDIUM
ISS-00723-13-02,PAI-00723,2025-01-31,SCOPE_OR_POLICY,Synthetic scope or policy issue requiring monitoring review.,OPEN,HIGH
ISS-00723-14-01,PAI-00723,2025-02-28,FUNDING,Synthetic funding issue requiring monitoring review.,OPEN,HIGH
ISS-00723-16-01,PAI-00723,2025-04-30,CLEARANCE,Synthetic clearance issue requiring monitoring review.,OPEN,MEDIUM
ISS-00723-16-02,PAI-00723,2025-04-30,LEGAL_OR_SOCIAL,Synthetic legal or social issue requiring monitoring review.,IN_PROGRESS,MEDIUM
ISS-00723-18-01,PAI-00723,2025-06-30,SCOPE_OR_POLICY,Synthetic scope or policy issue requiring monitoring review.,IN_PROGRESS,HIGH
ISS-00723-18-02,PAI-00723,2025-06-30,BUDGET_OR_APPROVAL,Synthetic budget or approval issue requiring monitoring review.,RESOLVED,MEDIUM
ISS-00723-19-01,PAI-00723,2025-07-31,LAND_ACQUISITION,Synthetic land acquisition issue requiring monitoring review.,RESOLVED,MEDIUM
ISS-00723-20-01,PAI-00723,2025-08-31,LEGAL_OR_SOCIAL,Synthetic legal or social issue requiring monitoring review.,OPEN,MEDIUM
ISS-00723-20-02,PAI-00723,2025-08-31,SCOPE_OR_POLICY,Synthetic scope or policy issue requiring monitoring review.,IN_PROGRESS,LOW
ISS-00723-20-03,PAI-00723,2025-08-31,LEGAL_OR_SOCIAL,Synthetic legal or social issue requiring monitoring review.,OPEN,HIGH
ISS-00723-21-01,PAI-00723,2025-09-30,LAND_ACQUISITION,Synthetic land acquisition issue requiring monitoring review.,IN_PROGRESS,HIGH
ISS-00723-22-01,PAI-00723,2025-10-31,PROCUREMENT_OR_CONTRACT,Synthetic procurement or contract issue requiring monitoring review.,OPEN,LOW
ISS-00723-22-02,PAI-00723,2025-10-31,PROCUREMENT_OR_CONTRACT,Synthetic procurement or contract issue requiring monitoring review.,RESOLVED,HIGH
ISS-00723-22-03,PAI-00723,2025-10-31,PROCUREMENT_OR_CONTRACT,Synthetic procurement or contract issue requiring monitoring review.,RESOLVED,LOW
ISS-00723-22-04,PAI-00723,2025-10-31,SCOPE_OR_POLICY,Synthetic scope or policy issue requiring monitoring review.,OPEN,MEDIUM
ISS-00723-23-01,PAI-00723,2025-11-30,SCOPE_OR_POLICY,Synthetic scope or policy issue requiring monitoring review.,OPEN,MEDIUM
ISS-00723-23-02,PAI-00723,2025-11-30,SCOPE_OR_POLICY,Synthetic scope or policy issue requiring monitoring review.,OPEN,HIGH
ISS-00723-24-01,PAI-00723,2025-12-31,BUDGET_OR_APPROVAL,Synthetic budget or approval issue requiring monitoring review.,IN_PROGRESS,MEDIUM
ISS-00723-24-02,PAI-00723,2025-12-31,ENGINEERING_OR_FEASIBILITY,Synthetic engineering or feasibility issue requiring monitoring review.,OPEN,MEDIUM
ISS-00723-24-03,PAI-00723,2025-12-31,ENGINEERING_OR_FEASIBILITY,Synthetic engineering or feasibility issue requiring monitoring review.,RESOLVED,HIGH
ISS-00724-02-01,PAI-00724,2024-02-29,LAND_ACQUISITION,Synthetic land acquisition issue requiring monitoring review.,IN_PROGRESS,HIGH
ISS-00724-02-02,PAI-00724,2024-02-29,LAND_ACQUISITION,Synthetic land acquisition issue requiring monitoring review.,IN_PROGRESS,LOW
ISS-00724-04-01,PAI-00724,2024-04-30,LAND_ACQUISITION,Synthetic land acquisition issue requiring monitoring review.,OPEN,MEDIUM
ISS-00724-08-01,PAI-00724,2024-08-31,LEGAL_OR_SOCIAL,Synthetic legal or social issue requiring monitoring review.,OPEN,LOW
ISS-00724-09-01,PAI-00724,2024-09-30,PROCUREMENT_OR_CONTRACT,Synthetic procurement or contract issue requiring monitoring review.,RESOLVED,HIGH
ISS-00724-11-01,PAI-00724,2024-11-30,ENGINEERING_OR_FEASIBILITY,Synthetic engineering or feasibility issue requiring monitoring review.,RESOLVED,MEDIUM
ISS-00724-12-01,PAI-00724,2024-12-31,LAND_ACQUISITION,Synthetic land acquisition issue requiring monitoring review.,IN_PROGRESS,MEDIUM
ISS-00724-12-02,PAI-00724,2024-12-31,SCOPE_OR_POLICY,Synthetic scope or policy issue requiring monitoring review.,IN_PROGRESS,MEDIUM
ISS-00724-12-03,PAI-00724,2024-12-31,SCOPE_OR_POLICY,Synthetic scope or policy issue requiring monitoring review.,IN_PROGRESS,HIGH
ISS-00724-14-01,PAI-00724,2025-02-28,LAND_ACQUISITION,Synthetic land acquisition issue requiring monitoring review.,OPEN,HIGH
ISS-00724-15-01,PAI-00724,2025-03-31,PROCUREMENT_OR_CONTRACT,Synthetic procurement or contract issue requiring monitoring review.,OPEN,MEDIUM
ISS-00724-17-01,PAI-00724,2025-05-31,SCOPE_OR_POLICY,Synthetic scope or policy issue requiring monitoring review.,OPEN,MEDIUM
ISS-00724-17-02,PAI-00724,2025-05-31,PROCUREMENT_OR_CONTRACT,Synthetic procurement or contract issue requiring monitoring review.,OPEN,LOW
ISS-00724-18-01,PAI-00724,2025-06-30,CLEARANCE,Synthetic clearance issue requiring monitoring review.,IN_PROGRESS,MEDIUM
ISS-00724-18-02,PAI-00724,2025-06-30,LEGAL_OR_SOCIAL,Synthetic legal or social issue requiring monitoring review.,IN_PROGRESS,HIGH
ISS-00724-19-01,PAI-00724,2025-07-31,CLEARANCE,Synthetic clearance issue requiring monitoring review.,RESOLVED,MEDIUM
ISS-00724-19-02,PAI-00724,2025-07-31,SCOPE_OR_POLICY,Synthetic scope or policy issue requiring monitoring review.,OPEN,HIGH
ISS-00724-20-01,PAI-00724,2025-08-31,SCOPE_OR_POLICY,Synthetic scope or policy issue requiring monitoring review.,OPEN,HIGH
ISS-00724-21-01,PAI-00724,2025-09-30,SCOPE_OR_POLICY,Synthetic scope or policy issue requiring monitoring review.,OPEN,HIGH
ISS-00724-21-02,PAI-00724,2025-09-30,ENGINEERING_OR_FEASIBILITY,Synthetic engineering or feasibility issue requiring monitoring review.,RESOLVED,LOW
ISS-00724-22-01,PAI-00724,2025-10-31,BUDGET_OR_APPROVAL,Synthetic budget or approval issue requiring monitoring review.,RESOLVED,LOW
ISS-00724-22-02,PAI-00724,2025-10-31,LAND_ACQUISITION,Synthetic land acquisition issue requiring monitoring review.,OPEN,HIGH
ISS-00724-24-01,PAI-00724,2025-12-31,LAND_ACQUISITION,Synthetic land acquisition issue requiring monitoring review.,OPEN,HIGH
ISS-00725-08-01,PAI-00725,2024-08-31,ENGINEERING_OR_FEASIBILITY,Synthetic engineering or feasibility issue requiring monitoring review.,RESOLVED,HIGH
ISS-00725-10-01,PAI-00725,2024-10-31,CLEARANCE,Synthetic clearance issue requiring monitoring review.,OPEN,MEDIUM
ISS-00725-10-02,PAI-00725,2024-10-31,LAND_ACQUISITION,Synthetic land acquisition issue requiring monitoring review.,IN_PROGRESS,HIGH
ISS-00725-13-01,PAI-00725,2025-01-31,CLEARANCE,Synthetic clearance issue requiring monitoring review.,OPEN,MEDIUM
ISS-00725-14-01,PAI-00725,2025-02-28,SCOPE_OR_POLICY,Synthetic scope or policy issue requiring monitoring review.,OPEN,HIGH
ISS-00725-14-02,PAI-00725,2025-02-28,LEGAL_OR_SOCIAL,Synthetic legal or social issue requiring monitoring review.,IN_PROGRESS,MEDIUM
ISS-00725-16-01,PAI-00725,2025-04-30,BUDGET_OR_APPROVAL,Synthetic budget or approval issue requiring monitoring review.,IN_PROGRESS,HIGH
ISS-00725-20-01,PAI-00725,2025-08-31,ENGINEERING_OR_FEASIBILITY,Synthetic engineering or feasibility issue requiring monitoring review.,OPEN,MEDIUM
ISS-00725-21-01,PAI-00725,2025-09-30,LAND_ACQUISITION,Synthetic land acquisition issue requiring monitoring review.,OPEN,MEDIUM
ISS-00725-22-01,PAI-00725,2025-10-31,CLEARANCE,Synthetic clearance issue requiring monitoring review.,IN_PROGRESS,HIGH
ISS-00726-13-01,PAI-00726,2025-01-31,CLEARANCE,Synthetic clearance issue requiring monitoring review.,IN_PROGRESS,HIGH
ISS-00726-13-02,PAI-00726,2025-01-31,PROCUREMENT_OR_CONTRACT,Synthetic procurement or contract issue requiring monitoring review.,RESOLVED,MEDIUM
ISS-00726-16-01,PAI-00726,2025-04-30,LAND_ACQUISITION,Synthetic land acquisition issue requiring monitoring review.,OPEN,HIGH
ISS-00726-19-01,PAI-00726,2025-07-31,LAND_ACQUISITION,Synthetic land acquisition issue requiring monitoring review.,OPEN,LOW
ISS-00726-19-02,PAI-00726,2025-07-31,LAND_ACQUISITION,Synthetic land acquisition issue requiring monitoring review.,OPEN,LOW
ISS-00726-20-01,PAI-00726,2025-08-31,LEGAL_OR_SOCIAL,Synthetic legal or social issue requiring monitoring review.,OPEN,LOW
ISS-00727-03-01,PAI-00727,2024-03-31,PROCUREMENT_OR_CONTRACT,Synthetic procurement or contract issue requiring monitoring review.,RESOLVED,MEDIUM
ISS-00727-04-01,PAI-00727,2024-04-30,FUNDING,Synthetic funding issue requiring monitoring review.,RESOLVED,LOW
ISS-00727-06-01,PAI-00727,2024-06-30,LEGAL_OR_SOCIAL,Synthetic legal or social issue requiring monitoring review.,RESOLVED,MEDIUM
ISS-00727-08-01,PAI-00727,2024-08-31,FUNDING,Synthetic funding issue requiring monitoring review.,OPEN,MEDIUM
ISS-00727-15-01,PAI-00727,2025-03-31,LEGAL_OR_SOCIAL,Synthetic legal or social issue requiring monitoring review.,IN_PROGRESS,HIGH
ISS-00727-17-01,PAI-00727,2025-05-31,BUDGET_OR_APPROVAL,Synthetic budget or approval issue requiring monitoring review.,OPEN,HIGH
ISS-00727-18-01,PAI-00727,2025-06-30,BUDGET_OR_APPROVAL,Synthetic budget or approval issue requiring monitoring review.,IN_PROGRESS,HIGH
ISS-00727-19-01,PAI-00727,2025-07-31,LAND_ACQUISITION,Synthetic land acquisition issue requiring monitoring review.,OPEN,MEDIUM
ISS-00727-20-01,PAI-00727,2025-08-31,LAND_ACQUISITION,Synthetic land acquisition issue requiring monitoring review.,IN_PROGRESS,LOW
ISS-00727-20-02,PAI-00727,2025-08-31,FUNDING,Synthetic funding issue requiring monitoring review.,OPEN,LOW
ISS-00727-20-03,PAI-00727,2025-08-31,BUDGET_OR_APPROVAL,Synthetic budget or approval issue requiring monitoring review.,OPEN,LOW
ISS-00727-22-01,PAI-00727,2025-10-31,LEGAL_OR_SOCIAL,Synthetic legal or social issue requiring monitoring review.,RESOLVED,MEDIUM
ISS-00727-24-01,PAI-00727,2025-12-31,BUDGET_OR_APPROVAL,Synthetic budget or approval issue requiring monitoring review.,OPEN,HIGH
ISS-00728-05-01,PAI-00728,2024-05-31,SCOPE_OR_POLICY,Synthetic scope or policy issue requiring monitoring review.,OPEN,LOW
ISS-00728-08-01,PAI-00728,2024-08-31,PROCUREMENT_OR_CONTRACT,Synthetic procurement or contract issue requiring monitoring review.,IN_PROGRESS,MEDIUM
ISS-00728-18-01,PAI-00728,2025-06-30,LAND_ACQUISITION,Synthetic land acquisition issue requiring monitoring review.,IN_PROGRESS,LOW
ISS-00728-21-01,PAI-00728,2025-09-30,LAND_ACQUISITION,Synthetic land acquisition issue requiring monitoring review.,RESOLVED,LOW
ISS-00729-06-01,PAI-00729,2024-06-30,PROCUREMENT_OR_CONTRACT,Synthetic procurement or contract issue requiring monitoring review.,IN_PROGRESS,HIGH
ISS-00729-10-01,PAI-00729,2024-10-31,SCOPE_OR_POLICY,Synthetic scope or policy issue requiring monitoring review.,IN_PROGRESS,MEDIUM
ISS-00729-13-01,PAI-00729,2025-01-31,SCOPE_OR_POLICY,Synthetic scope or policy issue requiring monitoring review.,IN_PROGRESS,HIGH
ISS-00729-14-01,PAI-00729,2025-02-28,ENGINEERING_OR_FEASIBILITY,Synthetic engineering or feasibility issue requiring monitoring review.,RESOLVED,LOW
ISS-00729-14-02,PAI-00729,2025-02-28,CLEARANCE,Synthetic clearance issue requiring monitoring review.,OPEN,MEDIUM
ISS-00729-15-01,PAI-00729,2025-03-31,ENGINEERING_OR_FEASIBILITY,Synthetic engineering or feasibility issue requiring monitoring review.,OPEN,MEDIUM
ISS-00729-18-01,PAI-00729,2025-06-30,FUNDING,Synthetic funding issue requiring monitoring review.,OPEN,HIGH
ISS-00729-22-01,PAI-00729,2025-10-31,FUNDING,Synthetic funding issue requiring monitoring review.,IN_PROGRESS,HIGH
ISS-00730-02-01,PAI-00730,2024-02-29,ENGINEERING_OR_FEASIBILITY,Synthetic engineering or feasibility issue requiring monitoring review.,RESOLVED,MEDIUM
ISS-00730-03-01,PAI-00730,2024-03-31,LEGAL_OR_SOCIAL,Synthetic legal or social issue requiring monitoring review.,IN_PROGRESS,MEDIUM
ISS-00730-05-01,PAI-00730,2024-05-31,ENGINEERING_OR_FEASIBILITY,Synthetic engineering or feasibility issue requiring monitoring review.,IN_PROGRESS,MEDIUM
ISS-00730-10-01,PAI-00730,2024-10-31,ENGINEERING_OR_FEASIBILITY,Synthetic engineering or feasibility issue requiring monitoring review.,RESOLVED,MEDIUM
ISS-00730-11-01,PAI-00730,2024-11-30,BUDGET_OR_APPROVAL,Synthetic budget or approval issue requiring monitoring review.,OPEN,LOW
ISS-00731-05-01,PAI-00731,2024-05-31,CLEARANCE,Synthetic clearance issue requiring monitoring review.,OPEN,MEDIUM
ISS-00731-08-01,PAI-00731,2024-08-31,LAND_ACQUISITION,Synthetic land acquisition issue requiring monitoring review.,OPEN,LOW
ISS-00731-16-01,PAI-00731,2025-04-30,LAND_ACQUISITION,Synthetic land acquisition issue requiring monitoring review.,OPEN,MEDIUM
ISS-00731-18-01,PAI-00731,2025-06-30,PROCUREMENT_OR_CONTRACT,Synthetic procurement or contract issue requiring monitoring review.,OPEN,LOW
ISS-00731-18-02,PAI-00731,2025-06-30,PROCUREMENT_OR_CONTRACT,Synthetic procurement or contract issue requiring monitoring review.,IN_PROGRESS,HIGH
ISS-00732-11-01,PAI-00732,2024-11-30,PROCUREMENT_OR_CONTRACT,Synthetic procurement or contract issue requiring monitoring review.,OPEN,MEDIUM
ISS-00732-11-02,PAI-00732,2024-11-30,LEGAL_OR_SOCIAL,Synthetic legal or social issue requiring monitoring review.,OPEN,HIGH
ISS-00732-15-01,PAI-00732,2025-03-31,SCOPE_OR_POLICY,Synthetic scope or policy issue requiring monitoring review.,OPEN,LOW
ISS-00732-22-01,PAI-00732,2025-10-31,CLEARANCE,Synthetic clearance issue requiring monitoring review.,OPEN,MEDIUM
ISS-00732-24-01,PAI-00732,2025-12-31,BUDGET_OR_APPROVAL,Synthetic budget or approval issue requiring monitoring review.,IN_PROGRESS,LOW
ISS-00732-24-02,PAI-00732,2025-12-31,LEGAL_OR_SOCIAL,Synthetic legal or social issue requiring monitoring review.,IN_PROGRESS,HIGH
ISS-00733-11-01,PAI-00733,2024-11-30,BUDGET_OR_APPROVAL,Synthetic budget or approval issue requiring monitoring review.,OPEN,LOW
ISS-00733-17-01,PAI-00733,2025-05-31,SCOPE_OR_POLICY,Synthetic scope or policy issue requiring monitoring review.,OPEN,LOW
ISS-00733-17-02,PAI-00733,2025-05-31,BUDGET_OR_APPROVAL,Synthetic budget or approval issue requiring monitoring review.,OPEN,LOW
ISS-00733-17-03,PAI-00733,2025-05-31,BUDGET_OR_APPROVAL,Synthetic budget or approval issue requiring monitoring review.,RESOLVED,MEDIUM
ISS-00733-21-01,PAI-00733,2025-09-30,LEGAL_OR_SOCIAL,Synthetic legal or social issue requiring monitoring review.,OPEN,LOW
ISS-00734-13-01,PAI-00734,2025-01-31,FUNDING,Synthetic funding issue requiring monitoring review.,OPEN,LOW
ISS-00734-24-01,PAI-00734,2025-12-31,LEGAL_OR_SOCIAL,Synthetic legal or social issue requiring monitoring review.,RESOLVED,MEDIUM
ISS-00735-05-01,PAI-00735,2024-05-31,ENGINEERING_OR_FEASIBILITY,Synthetic engineering or feasibility issue requiring monitoring review.,IN_PROGRESS,HIGH
ISS-00735-06-01,PAI-00735,2024-06-30,SCOPE_OR_POLICY,Synthetic scope or policy issue requiring monitoring review.,IN_PROGRESS,HIGH
ISS-00735-11-01,PAI-00735,2024-11-30,BUDGET_OR_APPROVAL,Synthetic budget or approval issue requiring monitoring review.,OPEN,MEDIUM
ISS-00735-13-01,PAI-00735,2025-01-31,FUNDING,Synthetic funding issue requiring monitoring review.,IN_PROGRESS,MEDIUM
ISS-00735-15-01,PAI-00735,2025-03-31,LAND_ACQUISITION,Synthetic land acquisition issue requiring monitoring review.,OPEN,LOW
ISS-00735-16-01,PAI-00735,2025-04-30,SCOPE_OR_POLICY,Synthetic scope or policy issue requiring monitoring review.,IN_PROGRESS,MEDIUM
ISS-00735-16-02,PAI-00735,2025-04-30,BUDGET_OR_APPROVAL,Synthetic budget or approval issue requiring monitoring review.,IN_PROGRESS,HIGH
ISS-00735-18-01,PAI-00735,2025-06-30,ENGINEERING_OR_FEASIBILITY,Synthetic engineering or feasibility issue requiring monitoring review.,IN_PROGRESS,MEDIUM
ISS-00735-19-01,PAI-00735,2025-07-31,LEGAL_OR_SOCIAL,Synthetic legal or social issue requiring monitoring review.,OPEN,MEDIUM
ISS-00735-24-01,PAI-00735,2025-12-31,LEGAL_OR_SOCIAL,Synthetic legal or social issue requiring monitoring review.,RESOLVED,HIGH
ISS-00736-05-01,PAI-00736,2024-05-31,LAND_ACQUISITION,Synthetic land acquisition issue requiring monitoring review.,OPEN,LOW
ISS-00736-07-01,PAI-00736,2024-07-31,SCOPE_OR_POLICY,Synthetic scope or policy issue requiring monitoring review.,OPEN,LOW
ISS-00736-13-01,PAI-00736,2025-01-31,ENGINEERING_OR_FEASIBILITY,Synthetic engineering or feasibility issue requiring monitoring review.,OPEN,MEDIUM
ISS-00736-16-01,PAI-00736,2025-04-30,FUNDING,Synthetic funding issue requiring monitoring review.,RESOLVED,LOW
ISS-00736-17-01,PAI-00736,2025-05-31,LAND_ACQUISITION,Synthetic land acquisition issue requiring monitoring review.,IN_PROGRESS,MEDIUM
ISS-00736-17-02,PAI-00736,2025-05-31,PROCUREMENT_OR_CONTRACT,Synthetic procurement or contract issue requiring monitoring review.,OPEN,LOW
ISS-00736-17-03,PAI-00736,2025-05-31,FUNDING,Synthetic funding issue requiring monitoring review.,OPEN,HIGH
ISS-00736-20-01,PAI-00736,2025-08-31,ENGINEERING_OR_FEASIBILITY,Synthetic engineering or feasibility issue requiring monitoring review.,IN_PROGRESS,HIGH
ISS-00736-20-02,PAI-00736,2025-08-31,BUDGET_OR_APPROVAL,Synthetic budget or approval issue requiring monitoring review.,OPEN,MEDIUM
ISS-00737-02-01,PAI-00737,2024-02-29,ENGINEERING_OR_FEASIBILITY,Synthetic engineering or feasibility issue requiring monitoring review.,OPEN,MEDIUM
ISS-00737-03-01,PAI-00737,2024-03-31,PROCUREMENT_OR_CONTRACT,Synthetic procurement or contract issue requiring monitoring review.,OPEN,MEDIUM
ISS-00737-06-01,PAI-00737,2024-06-30,PROCUREMENT_OR_CONTRACT,Synthetic procurement or contract issue requiring monitoring review.,IN_PROGRESS,MEDIUM
ISS-00737-06-02,PAI-00737,2024-06-30,FUNDING,Synthetic funding issue requiring monitoring review.,OPEN,LOW
ISS-00737-12-01,PAI-00737,2024-12-31,PROCUREMENT_OR_CONTRACT,Synthetic procurement or contract issue requiring monitoring review.,OPEN,MEDIUM
ISS-00737-16-01,PAI-00737,2025-04-30,FUNDING,Synthetic funding issue requiring monitoring review.,OPEN,MEDIUM
ISS-00737-17-01,PAI-00737,2025-05-31,BUDGET_OR_APPROVAL,Synthetic budget or approval issue requiring monitoring review.,IN_PROGRESS,LOW
ISS-00737-20-01,PAI-00737,2025-08-31,SCOPE_OR_POLICY,Synthetic scope or policy issue requiring monitoring review.,RESOLVED,MEDIUM
ISS-00737-24-01,PAI-00737,2025-12-31,PROCUREMENT_OR_CONTRACT,Synthetic procurement or contract issue requiring monitoring review.,RESOLVED,HIGH
ISS-00738-01-01,PAI-00738,2024-01-31,SCOPE_OR_POLICY,Synthetic scope or policy issue requiring monitoring review.,RESOLVED,LOW
ISS-00738-09-01,PAI-00738,2024-09-30,BUDGET_OR_APPROVAL,Synthetic budget or approval issue requiring monitoring review.,IN_PROGRESS,LOW
ISS-00738-14-01,PAI-00738,2025-02-28,FUNDING,Synthetic funding issue requiring monitoring review.,RESOLVED,MEDIUM
ISS-00738-16-01,PAI-00738,2025-04-30,LAND_ACQUISITION,Synthetic land acquisition issue requiring monitoring review.,OPEN,LOW
ISS-00738-21-01,PAI-00738,2025-09-30,PROCUREMENT_OR_CONTRACT,Synthetic procurement or contract issue requiring monitoring review.,RESOLVED,MEDIUM
ISS-00738-22-01,PAI-00738,2025-10-31,FUNDING,Synthetic funding issue requiring monitoring review.,OPEN,LOW
ISS-00738-24-01,PAI-00738,2025-12-31,PROCUREMENT_OR_CONTRACT,Synthetic procurement or contract issue requiring monitoring review.,IN_PROGRESS,MEDIUM
ISS-00739-03-01,PAI-00739,2024-03-31,LAND_ACQUISITION,Synthetic land acquisition issue requiring monitoring review.,IN_PROGRESS,HIGH
ISS-00739-18-01,PAI-00739,2025-06-30,PROCUREMENT_OR_CONTRACT,Synthetic procurement or contract issue requiring monitoring review.,OPEN,HIGH
ISS-00739-19-01,PAI-00739,2025-07-31,FUNDING,Synthetic funding issue requiring monitoring review.,IN_PROGRESS,HIGH
ISS-00739-20-01,PAI-00739,2025-08-31,ENGINEERING_OR_FEASIBILITY,Synthetic engineering or feasibility issue requiring monitoring review.,OPEN,LOW
ISS-00739-23-01,PAI-00739,2025-11-30,LEGAL_OR_SOCIAL,Synthetic legal or social issue requiring monitoring review.,OPEN,HIGH
ISS-00740-08-01,PAI-00740,2024-08-31,LEGAL_OR_SOCIAL,Synthetic legal or social issue requiring monitoring review.,IN_PROGRESS,MEDIUM
ISS-00740-08-02,PAI-00740,2024-08-31,LEGAL_OR_SOCIAL,Synthetic legal or social issue requiring monitoring review.,RESOLVED,MEDIUM
ISS-00740-10-01,PAI-00740,2024-10-31,PROCUREMENT_OR_CONTRACT,Synthetic procurement or contract issue requiring monitoring review.,IN_PROGRESS,MEDIUM
ISS-00740-10-02,PAI-00740,2024-10-31,FUNDING,Synthetic funding issue requiring monitoring review.,IN_PROGRESS,MEDIUM
ISS-00740-10-03,PAI-00740,2024-10-31,PROCUREMENT_OR_CONTRACT,Synthetic procurement or contract issue requiring monitoring review.,OPEN,HIGH
ISS-00740-12-01,PAI-00740,2024-12-31,ENGINEERING_OR_FEASIBILITY,Synthetic engineering or feasibility issue requiring monitoring review.,OPEN,HIGH
ISS-00740-14-01,PAI-00740,2025-02-28,PROCUREMENT_OR_CONTRACT,Synthetic procurement or contract issue requiring monitoring review.,OPEN,MEDIUM
ISS-00740-14-02,PAI-00740,2025-02-28,CLEARANCE,Synthetic clearance issue requiring monitoring review.,OPEN,LOW
ISS-00740-15-01,PAI-00740,2025-03-31,SCOPE_OR_POLICY,Synthetic scope or policy issue requiring monitoring review.,OPEN,HIGH
ISS-00740-17-01,PAI-00740,2025-05-31,FUNDING,Synthetic funding issue requiring monitoring review.,RESOLVED,HIGH
ISS-00740-23-01,PAI-00740,2025-11-30,CLEARANCE,Synthetic clearance issue requiring monitoring review.,IN_PROGRESS,LOW
ISS-00740-24-01,PAI-00740,2025-12-31,SCOPE_OR_POLICY,Synthetic scope or policy issue requiring monitoring review.,IN_PROGRESS,HIGH
ISS-00740-24-02,PAI-00740,2025-12-31,CLEARANCE,Synthetic clearance issue requiring monitoring review.,IN_PROGRESS,LOW
ISS-00741-05-01,PAI-00741,2024-05-31,PROCUREMENT_OR_CONTRACT,Synthetic procurement or contract issue requiring monitoring review.,OPEN,MEDIUM
ISS-00741-05-02,PAI-00741,2024-05-31,BUDGET_OR_APPROVAL,Synthetic budget or approval issue requiring monitoring review.,OPEN,HIGH
ISS-00741-05-03,PAI-00741,2024-05-31,LAND_ACQUISITION,Synthetic land acquisition issue requiring monitoring review.,OPEN,MEDIUM
ISS-00741-14-01,PAI-00741,2025-02-28,PROCUREMENT_OR_CONTRACT,Synthetic procurement or contract issue requiring monitoring review.,OPEN,MEDIUM
ISS-00742-06-01,PAI-00742,2024-06-30,SCOPE_OR_POLICY,Synthetic scope or policy issue requiring monitoring review.,RESOLVED,MEDIUM
ISS-00742-10-01,PAI-00742,2024-10-31,LAND_ACQUISITION,Synthetic land acquisition issue requiring monitoring review.,OPEN,MEDIUM
ISS-00742-11-01,PAI-00742,2024-11-30,SCOPE_OR_POLICY,Synthetic scope or policy issue requiring monitoring review.,OPEN,MEDIUM
ISS-00742-15-01,PAI-00742,2025-03-31,LAND_ACQUISITION,Synthetic land acquisition issue requiring monitoring review.,OPEN,LOW
ISS-00743-07-01,PAI-00743,2024-07-31,FUNDING,Synthetic funding issue requiring monitoring review.,IN_PROGRESS,HIGH
ISS-00743-08-01,PAI-00743,2024-08-31,PROCUREMENT_OR_CONTRACT,Synthetic procurement or contract issue requiring monitoring review.,OPEN,LOW
ISS-00743-10-01,PAI-00743,2024-10-31,FUNDING,Synthetic funding issue requiring monitoring review.,OPEN,HIGH
ISS-00743-11-01,PAI-00743,2024-11-30,LAND_ACQUISITION,Synthetic land acquisition issue requiring monitoring review.,OPEN,MEDIUM
ISS-00743-13-01,PAI-00743,2025-01-31,CLEARANCE,Synthetic clearance issue requiring monitoring review.,OPEN,LOW
ISS-00743-15-01,PAI-00743,2025-03-31,PROCUREMENT_OR_CONTRACT,Synthetic procurement or contract issue requiring monitoring review.,OPEN,HIGH
ISS-00743-21-01,PAI-00743,2025-09-30,FUNDING,Synthetic funding issue requiring monitoring review.,OPEN,LOW
ISS-00743-21-02,PAI-00743,2025-09-30,CLEARANCE,Synthetic clearance issue requiring monitoring review.,IN_PROGRESS,MEDIUM
ISS-00743-21-03,PAI-00743,2025-09-30,PROCUREMENT_OR_CONTRACT,Synthetic procurement or contract issue requiring monitoring review.,IN_PROGRESS,MEDIUM
ISS-00744-03-01,PAI-00744,2024-03-31,CLEARANCE,Synthetic clearance issue requiring monitoring review.,IN_PROGRESS,HIGH
ISS-00744-15-01,PAI-00744,2025-03-31,CLEARANCE,Synthetic clearance issue requiring monitoring review.,OPEN,HIGH
ISS-00744-16-01,PAI-00744,2025-04-30,ENGINEERING_OR_FEASIBILITY,Synthetic engineering or feasibility issue requiring monitoring review.,RESOLVED,LOW
ISS-00744-18-01,PAI-00744,2025-06-30,PROCUREMENT_OR_CONTRACT,Synthetic procurement or contract issue requiring monitoring review.,OPEN,LOW
ISS-00744-21-01,PAI-00744,2025-09-30,PROCUREMENT_OR_CONTRACT,Synthetic procurement or contract issue requiring monitoring review.,OPEN,MEDIUM
ISS-00744-21-02,PAI-00744,2025-09-30,PROCUREMENT_OR_CONTRACT,Synthetic procurement or contract issue requiring monitoring review.,IN_PROGRESS,LOW
ISS-00744-22-01,PAI-00744,2025-10-31,LAND_ACQUISITION,Synthetic land acquisition issue requiring monitoring review.,RESOLVED,LOW
ISS-00745-03-01,PAI-00745,2024-03-31,ENGINEERING_OR_FEASIBILITY,Synthetic engineering or feasibility issue requiring monitoring review.,OPEN,MEDIUM
ISS-00745-05-01,PAI-00745,2024-05-31,SCOPE_OR_POLICY,Synthetic scope or policy issue requiring monitoring review.,RESOLVED,HIGH
ISS-00745-07-01,PAI-00745,2024-07-31,SCOPE_OR_POLICY,Synthetic scope or policy issue requiring monitoring review.,OPEN,MEDIUM
ISS-00745-08-01,PAI-00745,2024-08-31,LEGAL_OR_SOCIAL,Synthetic legal or social issue requiring monitoring review.,IN_PROGRESS,LOW
ISS-00745-10-01,PAI-00745,2024-10-31,ENGINEERING_OR_FEASIBILITY,Synthetic engineering or feasibility issue requiring monitoring review.,OPEN,HIGH
ISS-00745-11-01,PAI-00745,2024-11-30,SCOPE_OR_POLICY,Synthetic scope or policy issue requiring monitoring review.,RESOLVED,MEDIUM
ISS-00745-11-02,PAI-00745,2024-11-30,ENGINEERING_OR_FEASIBILITY,Synthetic engineering or feasibility issue requiring monitoring review.,RESOLVED,MEDIUM
ISS-00745-13-01,PAI-00745,2025-01-31,CLEARANCE,Synthetic clearance issue requiring monitoring review.,RESOLVED,MEDIUM
ISS-00745-13-02,PAI-00745,2025-01-31,ENGINEERING_OR_FEASIBILITY,Synthetic engineering or feasibility issue requiring monitoring review.,OPEN,MEDIUM
ISS-00745-13-03,PAI-00745,2025-01-31,SCOPE_OR_POLICY,Synthetic scope or policy issue requiring monitoring review.,RESOLVED,LOW
ISS-00745-14-01,PAI-00745,2025-02-28,LAND_ACQUISITION,Synthetic land acquisition issue requiring monitoring review.,RESOLVED,HIGH
ISS-00745-15-01,PAI-00745,2025-03-31,CLEARANCE,Synthetic clearance issue requiring monitoring review.,OPEN,LOW
ISS-00745-18-01,PAI-00745,2025-06-30,SCOPE_OR_POLICY,Synthetic scope or policy issue requiring monitoring review.,OPEN,LOW
ISS-00745-21-01,PAI-00745,2025-09-30,LAND_ACQUISITION,Synthetic land acquisition issue requiring monitoring review.,OPEN,LOW
ISS-00745-22-01,PAI-00745,2025-10-31,LEGAL_OR_SOCIAL,Synthetic legal or social issue requiring monitoring review.,IN_PROGRESS,HIGH
ISS-00745-22-02,PAI-00745,2025-10-31,PROCUREMENT_OR_CONTRACT,Synthetic procurement or contract issue requiring monitoring review.,OPEN,LOW
ISS-00745-22-03,PAI-00745,2025-10-31,BUDGET_OR_APPROVAL,Synthetic budget or approval issue requiring monitoring review.,IN_PROGRESS,MEDIUM
ISS-00746-03-01,PAI-00746,2024-03-31,ENGINEERING_OR_FEASIBILITY,Synthetic engineering or feasibility issue requiring monitoring review.,OPEN,LOW
ISS-00746-08-01,PAI-00746,2024-08-31,PROCUREMENT_OR_CONTRACT,Synthetic procurement or contract issue requiring monitoring review.,OPEN,LOW
ISS-00746-09-01,PAI-00746,2024-09-30,LAND_ACQUISITION,Synthetic land acquisition issue requiring monitoring review.,OPEN,MEDIUM
ISS-00746-11-01,PAI-00746,2024-11-30,SCOPE_OR_POLICY,Synthetic scope or policy issue requiring monitoring review.,OPEN,HIGH
ISS-00746-11-02,PAI-00746,2024-11-30,PROCUREMENT_OR_CONTRACT,Synthetic procurement or contract issue requiring monitoring review.,IN_PROGRESS,MEDIUM
ISS-00746-13-01,PAI-00746,2025-01-31,BUDGET_OR_APPROVAL,Synthetic budget or approval issue requiring monitoring review.,RESOLVED,HIGH
ISS-00746-13-02,PAI-00746,2025-01-31,ENGINEERING_OR_FEASIBILITY,Synthetic engineering or feasibility issue requiring monitoring review.,OPEN,MEDIUM
ISS-00746-14-01,PAI-00746,2025-02-28,ENGINEERING_OR_FEASIBILITY,Synthetic engineering or feasibility issue requiring monitoring review.,OPEN,MEDIUM
ISS-00746-14-02,PAI-00746,2025-02-28,PROCUREMENT_OR_CONTRACT,Synthetic procurement or contract issue requiring monitoring review.,OPEN,HIGH
ISS-00746-14-03,PAI-00746,2025-02-28,SCOPE_OR_POLICY,Synthetic scope or policy issue requiring monitoring review.,IN_PROGRESS,HIGH
ISS-00746-15-01,PAI-00746,2025-03-31,FUNDING,Synthetic funding issue requiring monitoring review.,OPEN,MEDIUM
ISS-00746-15-02,PAI-00746,2025-03-31,PROCUREMENT_OR_CONTRACT,Synthetic procurement or contract issue requiring monitoring review.,IN_PROGRESS,MEDIUM
ISS-00746-15-03,PAI-00746,2025-03-31,FUNDING,Synthetic funding issue requiring monitoring review.,OPEN,MEDIUM
ISS-00746-16-01,PAI-00746,2025-04-30,ENGINEERING_OR_FEASIBILITY,Synthetic engineering or feasibility issue requiring monitoring review.,RESOLVED,MEDIUM
ISS-00746-18-01,PAI-00746,2025-06-30,BUDGET_OR_APPROVAL,Synthetic budget or approval issue requiring monitoring review.,IN_PROGRESS,HIGH
ISS-00746-19-01,PAI-00746,2025-07-31,PROCUREMENT_OR_CONTRACT,Synthetic procurement or contract issue requiring monitoring review.,OPEN,HIGH
ISS-00746-22-01,PAI-00746,2025-10-31,BUDGET_OR_APPROVAL,Synthetic budget or approval issue requiring monitoring review.,RESOLVED,HIGH
ISS-00746-23-01,PAI-00746,2025-11-30,LEGAL_OR_SOCIAL,Synthetic legal or social issue requiring monitoring review.,OPEN,HIGH
ISS-00746-23-02,PAI-00746,2025-11-30,BUDGET_OR_APPROVAL,Synthetic budget or approval issue requiring monitoring review.,RESOLVED,LOW
ISS-00746-23-03,PAI-00746,2025-11-30,ENGINEERING_OR_FEASIBILITY,Synthetic engineering or feasibility issue requiring monitoring review.,RESOLVED,MEDIUM
ISS-00746-24-01,PAI-00746,2025-12-31,SCOPE_OR_POLICY,Synthetic scope or policy issue requiring monitoring review.,IN_PROGRESS,LOW
ISS-00746-24-02,PAI-00746,2025-12-31,FUNDING,Synthetic funding issue requiring monitoring review.,IN_PROGRESS,HIGH
ISS-00747-03-01,PAI-00747,2024-03-31,LAND_ACQUISITION,Synthetic land acquisition issue requiring monitoring review.,RESOLVED,MEDIUM
ISS-00747-03-02,PAI-00747,2024-03-31,ENGINEERING_OR_FEASIBILITY,Synthetic engineering or feasibility issue requiring monitoring review.,OPEN,HIGH
ISS-00747-09-01,PAI-00747,2024-09-30,LAND_ACQUISITION,Synthetic land acquisition issue requiring monitoring review.,OPEN,HIGH
ISS-00747-10-01,PAI-00747,2024-10-31,CLEARANCE,Synthetic clearance issue requiring monitoring review.,RESOLVED,HIGH
ISS-00747-11-01,PAI-00747,2024-11-30,SCOPE_OR_POLICY,Synthetic scope or policy issue requiring monitoring review.,IN_PROGRESS,HIGH
ISS-00747-13-01,PAI-00747,2025-01-31,LAND_ACQUISITION,Synthetic land acquisition issue requiring monitoring review.,IN_PROGRESS,MEDIUM
ISS-00747-14-01,PAI-00747,2025-02-28,SCOPE_OR_POLICY,Synthetic scope or policy issue requiring monitoring review.,OPEN,HIGH
ISS-00747-14-02,PAI-00747,2025-02-28,FUNDING,Synthetic funding issue requiring monitoring review.,IN_PROGRESS,LOW
ISS-00747-15-01,PAI-00747,2025-03-31,PROCUREMENT_OR_CONTRACT,Synthetic procurement or contract issue requiring monitoring review.,OPEN,HIGH
ISS-00747-17-01,PAI-00747,2025-05-31,CLEARANCE,Synthetic clearance issue requiring monitoring review.,IN_PROGRESS,HIGH
ISS-00747-22-01,PAI-00747,2025-10-31,ENGINEERING_OR_FEASIBILITY,Synthetic engineering or feasibility issue requiring monitoring review.,OPEN,HIGH
ISS-00747-22-02,PAI-00747,2025-10-31,ENGINEERING_OR_FEASIBILITY,Synthetic engineering or feasibility issue requiring monitoring review.,IN_PROGRESS,LOW
ISS-00747-23-01,PAI-00747,2025-11-30,CLEARANCE,Synthetic clearance issue requiring monitoring review.,RESOLVED,HIGH
ISS-00748-01-01,PAI-00748,2024-01-31,LAND_ACQUISITION,Synthetic land acquisition issue requiring monitoring review.,OPEN,MEDIUM
ISS-00748-04-01,PAI-00748,2024-04-30,LEGAL_OR_SOCIAL,Synthetic legal or social issue requiring monitoring review.,IN_PROGRESS,HIGH
ISS-00748-04-02,PAI-00748,2024-04-30,CLEARANCE,Synthetic clearance issue requiring monitoring review.,IN_PROGRESS,MEDIUM
ISS-00748-09-01,PAI-00748,2024-09-30,SCOPE_OR_POLICY,Synthetic scope or policy issue requiring monitoring review.,OPEN,HIGH
ISS-00748-10-01,PAI-00748,2024-10-31,CLEARANCE,Synthetic clearance issue requiring monitoring review.,IN_PROGRESS,MEDIUM
ISS-00748-11-01,PAI-00748,2024-11-30,LAND_ACQUISITION,Synthetic land acquisition issue requiring monitoring review.,OPEN,MEDIUM
ISS-00748-13-01,PAI-00748,2025-01-31,PROCUREMENT_OR_CONTRACT,Synthetic procurement or contract issue requiring monitoring review.,OPEN,HIGH
ISS-00748-13-02,PAI-00748,2025-01-31,ENGINEERING_OR_FEASIBILITY,Synthetic engineering or feasibility issue requiring monitoring review.,RESOLVED,MEDIUM
ISS-00748-13-03,PAI-00748,2025-01-31,CLEARANCE,Synthetic clearance issue requiring monitoring review.,RESOLVED,MEDIUM
ISS-00748-13-04,PAI-00748,2025-01-31,LEGAL_OR_SOCIAL,Synthetic legal or social issue requiring monitoring review.,OPEN,MEDIUM
ISS-00748-15-01,PAI-00748,2025-03-31,PROCUREMENT_OR_CONTRACT,Synthetic procurement or contract issue requiring monitoring review.,OPEN,HIGH
ISS-00748-15-02,PAI-00748,2025-03-31,FUNDING,Synthetic funding issue requiring monitoring review.,OPEN,LOW
ISS-00748-18-01,PAI-00748,2025-06-30,PROCUREMENT_OR_CONTRACT,Synthetic procurement or contract issue requiring monitoring review.,RESOLVED,LOW
ISS-00748-20-01,PAI-00748,2025-08-31,LAND_ACQUISITION,Synthetic land acquisition issue requiring monitoring review.,IN_PROGRESS,HIGH
ISS-00748-20-02,PAI-00748,2025-08-31,ENGINEERING_OR_FEASIBILITY,Synthetic engineering or feasibility issue requiring monitoring review.,OPEN,MEDIUM
ISS-00748-21-01,PAI-00748,2025-09-30,FUNDING,Synthetic funding issue requiring monitoring review.,OPEN,HIGH
ISS-00748-21-02,PAI-00748,2025-09-30,CLEARANCE,Synthetic clearance issue requiring monitoring review.,OPEN,LOW
ISS-00748-22-01,PAI-00748,2025-10-31,BUDGET_OR_APPROVAL,Synthetic budget or approval issue requiring monitoring review.,RESOLVED,MEDIUM
ISS-00748-22-02,PAI-00748,2025-10-31,FUNDING,Synthetic funding issue requiring monitoring review.,RESOLVED,LOW
ISS-00748-22-03,PAI-00748,2025-10-31,SCOPE_OR_POLICY,Synthetic scope or policy issue requiring monitoring review.,IN_PROGRESS,LOW
ISS-00748-22-04,PAI-00748,2025-10-31,FUNDING,Synthetic funding issue requiring monitoring review.,OPEN,MEDIUM
ISS-00748-24-01,PAI-00748,2025-12-31,CLEARANCE,Synthetic clearance issue requiring monitoring review.,RESOLVED,LOW
ISS-00748-24-02,PAI-00748,2025-12-31,ENGINEERING_OR_FEASIBILITY,Synthetic engineering or feasibility issue requiring monitoring review.,OPEN,MEDIUM
ISS-00749-07-01,PAI-00749,2024-07-31,CLEARANCE,Synthetic clearance issue requiring monitoring review.,RESOLVED,MEDIUM
ISS-00749-16-01,PAI-00749,2025-04-30,FUNDING,Synthetic funding issue requiring monitoring review.,RESOLVED,MEDIUM
ISS-00750-03-01,PAI-00750,2024-03-31,SCOPE_OR_POLICY,Synthetic scope or policy issue requiring monitoring review.,RESOLVED,HIGH
ISS-00750-10-01,PAI-00750,2024-10-31,SCOPE_OR_POLICY,Synthetic scope or policy issue requiring monitoring review.,IN_PROGRESS,MEDIUM
ISS-00750-13-01,PAI-00750,2025-01-31,LEGAL_OR_SOCIAL,Synthetic legal or social issue requiring monitoring review.,OPEN,MEDIUM
ISS-00750-14-01,PAI-00750,2025-02-28,LEGAL_OR_SOCIAL,Synthetic legal or social issue requiring monitoring review.,RESOLVED,MEDIUM
ISS-00750-20-01,PAI-00750,2025-08-31,CLEARANCE,Synthetic clearance issue requiring monitoring review.,RESOLVED,HIGH
