internal_project_id,evidence_date,outcome_type,failure_category,evidence_summary,source_scope
PAI-00004,2026-03-01,DOWNGRADED,LEGAL_OR_SOCIAL,Synthetic historical analogue: project trajectory associated with downgraded outcome.,SYNTHETIC
PAI-00006,2026-03-01,TERMINATED,FUNDING,Synthetic historical analogue: project trajectory associated with terminated outcome.,SYNTHETIC
PAI-00009,2026-03-01,DOWNGRADED,SCOPE_OR_POLICY,Synthetic historical analogue: project trajectory associated with downgraded outcome.,SYNTHETIC
PAI-00017,2026-03-01,FROZEN,LAND_ACQUISITION,Synthetic historical analogue: project trajectory associated with frozen outcome.,SYNTHETIC
PAI-00025,2026-03-01,FROZEN,CLEARANCE,Synthetic historical analogue: project trajectory associated with frozen outcome.,SYNTHETIC
PAI-00027,2026-03-01,FROZEN,ENGINEERING_OR_FEASIBILITY,Synthetic historical analogue: project trajectory associated with frozen outcome.,SYNTHETIC
PAI-00031,2026-03-01,DOWNGRADED,OTHER_OR_UNKNOWN,Synthetic historical analogue: project trajectory associated with downgraded outcome.,SYNTHETIC
PAI-00033,2026-03-01,DOWNGRADED,LAND_ACQUISITION,Synthetic historical analogue: project trajectory associated with downgraded outcome.,SYNTHETIC
PAI-00035,2026-03-01,DOWNGRADED,SCOPE_OR_POLICY,Synthetic historical analogue: project trajectory associated with downgraded outcome.,SYNTHETIC
PAI-00038,2026-03-01,FROZEN,SCOPE_OR_POLICY,Synthetic historical analogue: project trajectory associated with frozen outcome.,SYNTHETIC
PAI-00040,2026-03-01,FROZEN,SCOPE_OR_POLICY,Synthetic historical analogue: project trajectory associated with frozen outcome.,SYNTHETIC
PAI-00046,2026-03-01,FROZEN,LEGAL_OR_SOCIAL,Synthetic historical analogue: project trajectory associated with frozen outcome.,SYNTHETIC
PAI-00059,2026-03-01,TERMINATED,PROCUREMENT_OR_CONTRACT,Synthetic historical analogue: project trajectory associated with terminated outcome.,SYNTHETIC
PAI-00061,2026-03-01,TERMINATED,SCOPE_OR_POLICY,Synthetic historical analogue: project trajectory associated with terminated outcome.,SYNTHETIC
PAI-00063,2026-03-01,DROPPED,OTHER_OR_UNKNOWN,Synthetic historical analogue: project trajectory associated with dropped outcome.,SYNTHETIC
PAI-00066,2026-03-01,DOWNGRADED,LEGAL_OR_SOCIAL,Synthetic historical analogue: project trajectory associated with downgraded outcome.,SYNTHETIC
PAI-00067,2026-03-01,CANCELLED,SCOPE_OR_POLICY,Synthetic historical analogue: project trajectory associated with cancelled outcome.,SYNTHETIC
PAI-00070,2026-03-01,ABANDONED,ENGINEERING_OR_FEASIBILITY,Synthetic historical analogue: project trajectory associated with abandoned outcome.,SYNTHETIC
PAI-00076,2026-03-01,DOWNGRADED,BUDGET_OR_APPROVAL,Synthetic historical analogue: project trajectory associated with downgraded outcome.,SYNTHETIC
PAI-00079,2026-03-01,DOWNGRADED,PROCUREMENT_OR_CONTRACT,Synthetic historical analogue: project trajectory associated with downgraded outcome.,SYNTHETIC
PAI-00084,2026-03-01,DOWNGRADED,LEGAL_OR_SOCIAL,Synthetic historical analogue: project trajectory associated with downgraded outcome.,SYNTHETIC
PAI-00100,2026-03-01,ABANDONED,PROCUREMENT_OR_CONTRACT,Synthetic historical analogue: project trajectory associated with abandoned outcome.,SYNTHETIC
PAI-00101,2026-03-01,TERMINATED,CLEARANCE,Synthetic historical analogue: project trajectory associated with terminated outcome.,SYNTHETIC
PAI-00115,2026-03-01,DOWNGRADED,FUNDING,Synthetic historical analogue: project trajectory associated with downgraded outcome.,SYNTHETIC
PAI-00116,2026-03-01,CANCELLED,OTHER_OR_UNKNOWN,Synthetic historical analogue: project trajectory associated with cancelled outcome.,SYNTHETIC
PAI-00119,2026-03-01,DROPPED,OTHER_OR_UNKNOWN,Synthetic historical analogue: project trajectory associated with dropped outcome.,SYNTHETIC
PAI-00121,2026-03-01,DOWNGRADED,OTHER_OR_UNKNOWN,Synthetic historical analogue: project trajectory associated with downgraded outcome.,SYNTHETIC
PAI-00125,2026-03-01,FROZEN,OTHER_OR_UNKNOWN,Synthetic historical analogue: project trajectory associated with frozen outcome.,SYNTHETIC
PAI-00147,2026-03-01,DOWNGRADED,ENGINEERING_OR_FEASIBILITY,Synthetic historical analogue: project trajectory associated with downgraded outcome.,SYNTHETIC
PAI-00148,2026-03-01,FROZEN,SCOPE_OR_POLICY,Synthetic historical analogue: project trajectory associated with frozen outcome.,SYNTHETIC
PAI-00156,2026-03-01,CANCELLED,FUNDING,Synthetic historical analogue: project trajectory associated with cancelled outcome.,SYNTHETIC
PAI-00163,2026-03-01,DOWNGRADED,PROCUREMENT_OR_CONTRACT,Synthetic historical analogue: project trajectory associated with downgraded outcome.,SYNTHETIC
PAI-00164,2026-03-01,DOWNGRADED,FUNDING,Synthetic historical analogue: project trajectory associated with downgraded outcome.,SYNTHETIC
PAI-00172,2026-03-01,FROZEN,PROCUREMENT_OR_CONTRACT,Synthetic historical analogue: project trajectory associated with frozen outcome.,SYNTHETIC
PAI-00184,2026-03-01,FROZEN,CLEARANCE,Synthetic historical analogue: project trajectory associated with frozen outcome.,SYNTHETIC
PAI-00188,2026-03-01,FROZEN,SCOPE_OR_POLICY,Synthetic historical analogue: project trajectory associated with frozen outcome.,SYNTHETIC
PAI-00190,2026-03-01,FROZEN,BUDGET_OR_APPROVAL,Synthetic historical analogue: project trajectory associated with frozen outcome.,SYNTHETIC
PAI-00196,2026-03-01,DOWNGRADED,CLEARANCE,Synthetic historical analogue: project trajectory associated with downgraded outcome.,SYNTHETIC
PAI-00212,2026-03-01,CANCELLED,CLEARANCE,Synthetic historical analogue: project trajectory associated with cancelled outcome.,SYNTHETIC
PAI-00220,2026-03-01,CANCELLED,LEGAL_OR_SOCIAL,Synthetic historical analogue: project trajectory associated with cancelled outcome.,SYNTHETIC
PAI-00226,2026-03-01,CANCELLED,LAND_ACQUISITION,Synthetic historical analogue: project trajectory associated with cancelled outcome.,SYNTHETIC
PAI-00238,2026-03-01,DROPPED,SCOPE_OR_POLICY,Synthetic historical analogue: project trajectory associated with dropped outcome.,SYNTHETIC
PAI-00240,2026-03-01,TERMINATED,CLEARANCE,Synthetic historical analogue: project trajectory associated with terminated outcome.,SYNTHETIC
PAI-00260,2026-03-01,DOWNGRADED,FUNDING,Synthetic historical analogue: project trajectory associated with downgraded outcome.,SYNTHETIC
PAI-00272,2026-03-01,CANCELLED,PROCUREMENT_OR_CONTRACT,Synthetic historical analogue: project trajectory associated with cancelled outcome.,SYNTHETIC
PAI-00273,2026-03-01,FROZEN,SCOPE_OR_POLICY,Synthetic historical analogue: project trajectory associated with frozen outcome.,SYNTHETIC
PAI-00280,2026-03-01,DOWNGRADED,BUDGET_OR_APPROVAL,Synthetic historical analogue: project trajectory associated with downgraded outcome.,SYNTHETIC
PAI-00283,2026-03-01,DROPPED,PROCUREMENT_OR_CONTRACT,Synthetic historical analogue: project trajectory associated with dropped outcome.,SYNTHETIC
PAI-00284,2026-03-01,DOWNGRADED,PROCUREMENT_OR_CONTRACT,Synthetic historical analogue: project trajectory associated with downgraded outcome.,SYNTHETIC
PAI-00293,2026-03-01,TERMINATED,CLEARANCE,Synthetic historical analogue: project trajectory associated with terminated outcome.,SYNTHETIC
PAI-00296,2026-03-01,DOWNGRADED,PROCUREMENT_OR_CONTRACT,Synthetic historical analogue: project trajectory associated with downgraded outcome.,SYNTHETIC
PAI-00312,2026-03-01,DROPPED,LEGAL_OR_SOCIAL,Synthetic historical analogue: project trajectory associated with dropped outcome.,SYNTHETIC
PAI-00320,2026-03-01,TERMINATED,ENGINEERING_OR_FEASIBILITY,Synthetic historical analogue: project trajectory associated with terminated outcome.,SYNTHETIC
PAI-00322,2026-03-01,DOWNGRADED,PROCUREMENT_OR_CONTRACT,Synthetic historical analogue: project trajectory associated with downgraded outcome.,SYNTHETIC
PAI-00324,2026-03-01,CANCELLED,ENGINEERING_OR_FEASIBILITY,Synthetic historical analogue: project trajectory associated with cancelled outcome.,SYNTHETIC
PAI-00333,2026-03-01,ABANDONED,SCOPE_OR_POLICY,Synthetic historical analogue: project trajectory associated with abandoned outcome.,SYNTHETIC
PAI-00339,2026-03-01,DOWNGRADED,FUNDING,Synthetic historical analogue: project trajectory associated with downgraded outcome.,SYNTHETIC
PAI-00350,2026-03-01,DOWNGRADED,CLEARANCE,Synthetic historical analogue: project trajectory associated with downgraded outcome.,SYNTHETIC
PAI-00368,2026-03-01,CANCELLED,BUDGET_OR_APPROVAL,Synthetic historical analogue: project trajectory associated with cancelled outcome.,SYNTHETIC
PAI-00369,2026-03-01,DOWNGRADED,ENGINEERING_OR_FEASIBILITY,Synthetic historical analogue: project trajectory associated with downgraded outcome.,SYNTHETIC
PAI-00379,2026-03-01,FROZEN,ENGINEERING_OR_FEASIBILITY,Synthetic historical analogue: project trajectory associated with frozen outcome.,SYNTHETIC
PAI-00382,2026-03-01,TERMINATED,ENGINEERING_OR_FEASIBILITY,Synthetic historical analogue: project trajectory associated with terminated outcome.,SYNTHETIC
PAI-00386,2026-03-01,DOWNGRADED,SCOPE_OR_POLICY,Synthetic historical analogue: project trajectory associated with downgraded outcome.,SYNTHETIC
PAI-00391,2026-03-01,DOWNGRADED,LAND_ACQUISITION,Synthetic historical analogue: project trajectory associated with downgraded outcome.,SYNTHETIC
PAI-00398,2026-03-01,DOWNGRADED,CLEARANCE,Synthetic historical analogue: project trajectory associated with downgraded outcome.,SYNTHETIC
PAI-00399,2026-03-01,DOWNGRADED,OTHER_OR_UNKNOWN,Synthetic historical analogue: project trajectory associated with downgraded outcome.,SYNTHETIC
PAI-00400,2026-03-01,DOWNGRADED,LAND_ACQUISITION,Synthetic historical analogue: project trajectory associated with downgraded outcome.,SYNTHETIC
PAI-00402,2026-03-01,DOWNGRADED,BUDGET_OR_APPROVAL,Synthetic historical analogue: project trajectory associated with downgraded outcome.,SYNTHETIC
PAI-00407,2026-03-01,CANCELLED,PROCUREMENT_OR_CONTRACT,Synthetic historical analogue: project trajectory associated with cancelled outcome.,SYNTHETIC
PAI-00410,2026-03-01,DOWNGRADED,LAND_ACQUISITION,Synthetic historical analogue: project trajectory associated with downgraded outcome.,SYNTHETIC
PAI-00413,2026-03-01,FROZEN,OTHER_OR_UNKNOWN,Synthetic historical analogue: project trajectory associated with frozen outcome.,SYNTHETIC
PAI-00424,2026-03-01,DOWNGRADED,OTHER_OR_UNKNOWN,Synthetic historical analogue: project trajectory associated with downgraded outcome.,SYNTHETIC
PAI-00427,2026-03-01,CANCELLED,ENGINEERING_OR_FEASIBILITY,Synthetic historical analogue: project trajectory associated with cancelled outcome.,SYNTHETIC
PAI-00436,2026-03-01,DOWNGRADED,OTHER_OR_UNKNOWN,Synthetic historical analogue: project trajectory associated with downgraded outcome.,SYNTHETIC
PAI-00439,2026-03-01,CANCELLED,CLEARANCE,Synthetic historical analogue: project trajectory associated with cancelled outcome.,SYNTHETIC
PAI-00448,2026-03-01,TERMINATED,OTHER_OR_UNKNOWN,Synthetic historical analogue: project trajectory associated with terminated outcome.,SYNTHETIC
PAI-00449,2026-03-01,TERMINATED,OTHER_OR_UNKNOWN,Synthetic historical analogue: project trajectory associated with terminated outcome.,SYNTHETIC
PAI-00460,2026-03-01,DOWNGRADED,LEGAL_OR_SOCIAL,Synthetic historical analogue: project trajectory associated with downgraded outcome.,SYNTHETIC
PAI-00464,2026-03-01,ABANDONED,SCOPE_OR_POLICY,Synthetic historical analogue: project trajectory associated with abandoned outcome.,SYNTHETIC
PAI-00465,2026-03-01,TERMINATED,ENGINEERING_OR_FEASIBILITY,Synthetic historical analogue: project trajectory associated with terminated outcome.,SYNTHETIC
PAI-00480,2026-03-01,TERMINATED,PROCUREMENT_OR_CONTRACT,Synthetic historical analogue: project trajectory associated with terminated outcome.,SYNTHETIC
PAI-00482,2026-03-01,FROZEN,LAND_ACQUISITION,Synthetic historical analogue: project trajectory associated with frozen outcome.,SYNTHETIC
PAI-00485,2026-03-01,DOWNGRADED,CLEARANCE,Synthetic historical analogue: project trajectory associated with downgraded outcome.,SYNTHETIC
PAI-00499,2026-03-01,DROPPED,LAND_ACQUISITION,Synthetic historical analogue: project trajectory associated with dropped outcome.,SYNTHETIC
PAI-00503,2026-03-01,TERMINATED,FUNDING,Synthetic historical analogue: project trajectory associated with terminated outcome.,SYNTHETIC
PAI-00508,2026-03-01,FROZEN,FUNDING,Synthetic historical analogue: project trajectory associated with frozen outcome.,SYNTHETIC
PAI-00516,2026-03-01,DOWNGRADED,PROCUREMENT_OR_CONTRACT,Synthetic historical analogue: project trajectory associated with downgraded outcome.,SYNTHETIC
PAI-00520,2026-03-01,TERMINATED,CLEARANCE,Synthetic historical analogue: project trajectory associated with terminated outcome.,SYNTHETIC
PAI-00535,2026-03-01,TERMINATED,OTHER_OR_UNKNOWN,Synthetic historical analogue: project trajectory associated with terminated outcome.,SYNTHETIC
PAI-00538,2026-03-01,FROZEN,LEGAL_OR_SOCIAL,Synthetic historical analogue: project trajectory associated with frozen outcome.,SYNTHETIC
PAI-00540,2026-03-01,DOWNGRADED,BUDGET_OR_APPROVAL,Synthetic historical analogue: project trajectory associated with downgraded outcome.,SYNTHETIC
PAI-00542,2026-03-01,TERMINATED,OTHER_OR_UNKNOWN,Synthetic historical analogue: project trajectory associated with terminated outcome.,SYNTHETIC
PAI-00549,2026-03-01,TERMINATED,SCOPE_OR_POLICY,Synthetic historical analogue: project trajectory associated with terminated outcome.,SYNTHETIC
PAI-00553,2026-03-01,TERMINATED,LAND_ACQUISITION,Synthetic historical analogue: project trajectory associated with terminated outcome.,SYNTHETIC
PAI-00562,2026-03-01,FROZEN,FUNDING,Synthetic historical analogue: project trajectory associated with frozen outcome.,SYNTHETIC
PAI-00566,2026-03-01,DOWNGRADED,LAND_ACQUISITION,Synthetic historical analogue: project trajectory associated with downgraded outcome.,SYNTHETIC
PAI-00571,2026-03-01,TERMINATED,SCOPE_OR_POLICY,Synthetic historical analogue: project trajectory associated with terminated outcome.,SYNTHETIC
PAI-00587,2026-03-01,CANCELLED,SCOPE_OR_POLICY,Synthetic historical analogue: project trajectory associated with cancelled outcome.,SYNTHETIC
PAI-00588,2026-03-01,FROZEN,LAND_ACQUISITION,Synthetic historical analogue: project trajectory associated with frozen outcome.,SYNTHETIC
PAI-00596,2026-03-01,DROPPED,LEGAL_OR_SOCIAL,Synthetic historical analogue: project trajectory associated with dropped outcome.,SYNTHETIC
PAI-00599,2026-03-01,DOWNGRADED,FUNDING,Synthetic historical analogue: project trajectory associated with downgraded outcome.,SYNTHETIC
PAI-00601,2026-03-01,TERMINATED,BUDGET_OR_APPROVAL,Synthetic historical analogue: project trajectory associated with terminated outcome.,SYNTHETIC
PAI-00605,2026-03-01,DOWNGRADED,OTHER_OR_UNKNOWN,Synthetic historical analogue: project trajectory associated with downgraded outcome.,SYNTHETIC
PAI-00608,2026-03-01,FROZEN,LEGAL_OR_SOCIAL,Synthetic historical analogue: project trajectory associated with frozen outcome.,SYNTHETIC
PAI-00614,2026-03-01,DOWNGRADED,SCOPE_OR_POLICY,Synthetic historical analogue: project trajectory associated with downgraded outcome.,SYNTHETIC
PAI-00616,2026-03-01,DOWNGRADED,PROCUREMENT_OR_CONTRACT,Synthetic historical analogue: project trajectory associated with downgraded outcome.,SYNTHETIC
PAI-00630,2026-03-01,DOWNGRADED,FUNDING,Synthetic historical analogue: project trajectory associated with downgraded outcome.,SYNTHETIC
PAI-00634,2026-03-01,FROZEN,OTHER_OR_UNKNOWN,Synthetic historical analogue: project trajectory associated with frozen outcome.,SYNTHETIC
PAI-00637,2026-03-01,ABANDONED,ENGINEERING_OR_FEASIBILITY,Synthetic historical analogue: project trajectory associated with abandoned outcome.,SYNTHETIC
PAI-00647,2026-03-01,FROZEN,CLEARANCE,Synthetic historical analogue: project trajectory associated with frozen outcome.,SYNTHETIC
PAI-00649,2026-03-01,TERMINATED,LAND_ACQUISITION,Synthetic historical analogue: project trajectory associated with terminated outcome.,SYNTHETIC
PAI-00653,2026-03-01,CANCELLED,ENGINEERING_OR_FEASIBILITY,Synthetic historical analogue: project trajectory associated with cancelled outcome.,SYNTHETIC
PAI-00664,2026-03-01,DROPPED,CLEARANCE,Synthetic historical analogue: project trajectory associated with dropped outcome.,SYNTHETIC
PAI-00668,2026-03-01,FROZEN,OTHER_OR_UNKNOWN,Synthetic historical analogue: project trajectory associated with frozen outcome.,SYNTHETIC
PAI-00669,2026-03-01,DOWNGRADED,CLEARANCE,Synthetic historical analogue: project trajectory associated with downgraded outcome.,SYNTHETIC
PAI-00674,2026-03-01,DROPPED,LAND_ACQUISITION,Synthetic historical analogue: project trajectory associated with dropped outcome.,SYNTHETIC
PAI-00675,2026-03-01,ABANDONED,LAND_ACQUISITION,Synthetic historical analogue: project trajectory associated with abandoned outcome.,SYNTHETIC
PAI-00676,2026-03-01,DOWNGRADED,ENGINEERING_OR_FEASIBILITY,Synthetic historical analogue: project trajectory associated with downgraded outcome.,SYNTHETIC
PAI-00681,2026-03-01,FROZEN,LEGAL_OR_SOCIAL,Synthetic historical analogue: project trajectory associated with frozen outcome.,SYNTHETIC
PAI-00683,2026-03-01,FROZEN,CLEARANCE,Synthetic historical analogue: project trajectory associated with frozen outcome.,SYNTHETIC
PAI-00686,2026-03-01,DROPPED,FUNDING,Synthetic historical analogue: project trajectory associated with dropped outcome.,SYNTHETIC
PAI-00692,2026-03-01,DOWNGRADED,PROCUREMENT_OR_CONTRACT,Synthetic historical analogue: project trajectory associated with downgraded outcome.,SYNTHETIC
PAI-00694,2026-03-01,DOWNGRADED,LEGAL_OR_SOCIAL,Synthetic historical analogue: project trajectory associated with downgraded outcome.,SYNTHETIC
PAI-00695,2026-03-01,TERMINATED,LEGAL_OR_SOCIAL,Synthetic historical analogue: project trajectory associated with terminated outcome.,SYNTHETIC
PAI-00697,2026-03-01,FROZEN,CLEARANCE,Synthetic historical analogue: project trajectory associated with frozen outcome.,SYNTHETIC
PAI-00698,2026-03-01,DOWNGRADED,BUDGET_OR_APPROVAL,Synthetic historical analogue: project trajectory associated with downgraded outcome.,SYNTHETIC
PAI-00713,2026-03-01,DOWNGRADED,LAND_ACQUISITION,Synthetic historical analogue: project trajectory associated with downgraded outcome.,SYNTHETIC
PAI-00719,2026-03-01,FROZEN,FUNDING,Synthetic historical analogue: project trajectory associated with frozen outcome.,SYNTHETIC
PAI-00720,2026-03-01,DOWNGRADED,SCOPE_OR_POLICY,Synthetic historical analogue: project trajectory associated with downgraded outcome.,SYNTHETIC
PAI-00721,2026-03-01,DOWNGRADED,OTHER_OR_UNKNOWN,Synthetic historical analogue: project trajectory associated with downgraded outcome.,SYNTHETIC
PAI-00723,2026-03-01,ABANDONED,FUNDING,Synthetic historical analogue: project trajectory associated with abandoned outcome.,SYNTHETIC
PAI-00747,2026-03-01,FROZEN,OTHER_OR_UNKNOWN,Synthetic historical analogue: project trajectory associated with frozen outcome.,SYNTHETIC
PAI-00748,2026-03-01,TERMINATED,OTHER_OR_UNKNOWN,Synthetic historical analogue: project trajectory associated with terminated outcome.,SYNTHETIC
PAI-00755,2026-03-01,DOWNGRADED,PROCUREMENT_OR_CONTRACT,Synthetic historical analogue: project trajectory associated with downgraded outcome.,SYNTHETIC
PAI-00761,2026-03-01,FROZEN,LAND_ACQUISITION,Synthetic historical analogue: project trajectory associated with frozen outcome.,SYNTHETIC
PAI-00762,2026-03-01,DOWNGRADED,LAND_ACQUISITION,Synthetic historical analogue: project trajectory associated with downgraded outcome.,SYNTHETIC
PAI-00763,2026-03-01,DOWNGRADED,FUNDING,Synthetic historical analogue: project trajectory associated with downgraded outcome.,SYNTHETIC
PAI-00771,2026-03-01,FROZEN,BUDGET_OR_APPROVAL,Synthetic historical analogue: project trajectory associated with frozen outcome.,SYNTHETIC
PAI-00786,2026-03-01,DOWNGRADED,SCOPE_OR_POLICY,Synthetic historical analogue: project trajectory associated with downgraded outcome.,SYNTHETIC
PAI-00794,2026-03-01,DOWNGRADED,PROCUREMENT_OR_CONTRACT,Synthetic historical analogue: project trajectory associated with downgraded outcome.,SYNTHETIC
PAI-00796,2026-03-01,DOWNGRADED,SCOPE_OR_POLICY,Synthetic historical analogue: project trajectory associated with downgraded outcome.,SYNTHETIC
PAI-00801,2026-03-01,TERMINATED,LAND_ACQUISITION,Synthetic historical analogue: project trajectory associated with terminated outcome.,SYNTHETIC
PAI-00809,2026-03-01,FROZEN,LAND_ACQUISITION,Synthetic historical analogue: project trajectory associated with frozen outcome.,SYNTHETIC
PAI-00811,2026-03-01,TERMINATED,FUNDING,Synthetic historical analogue: project trajectory associated with terminated outcome.,SYNTHETIC
PAI-00836,2026-03-01,DOWNGRADED,PROCUREMENT_OR_CONTRACT,Synthetic historical analogue: project trajectory associated with downgraded outcome.,SYNTHETIC
PAI-00840,2026-03-01,DOWNGRADED,SCOPE_OR_POLICY,Synthetic historical analogue: project trajectory associated with downgraded outcome.,SYNTHETIC
PAI-00846,2026-03-01,FROZEN,CLEARANCE,Synthetic historical analogue: project trajectory associated with frozen outcome.,SYNTHETIC
PAI-00850,2026-03-01,DOWNGRADED,SCOPE_OR_POLICY,Synthetic historical analogue: project trajectory associated with downgraded outcome.,SYNTHETIC
PAI-00858,2026-03-01,DOWNGRADED,LEGAL_OR_SOCIAL,Synthetic historical analogue: project trajectory associated with downgraded outcome.,SYNTHETIC
PAI-00862,2026-03-01,DOWNGRADED,SCOPE_OR_POLICY,Synthetic historical analogue: project trajectory associated with downgraded outcome.,SYNTHETIC
PAI-00866,2026-03-01,CANCELLED,OTHER_OR_UNKNOWN,Synthetic historical analogue: project trajectory associated with cancelled outcome.,SYNTHETIC
PAI-00871,2026-03-01,CANCELLED,PROCUREMENT_OR_CONTRACT,Synthetic historical analogue: project trajectory associated with cancelled outcome.,SYNTHETIC
PAI-00875,2026-03-01,DOWNGRADED,PROCUREMENT_OR_CONTRACT,Synthetic historical analogue: project trajectory associated with downgraded outcome.,SYNTHETIC
PAI-00878,2026-03-01,FROZEN,CLEARANCE,Synthetic historical analogue: project trajectory associated with frozen outcome.,SYNTHETIC
PAI-00890,2026-03-01,CANCELLED,SCOPE_OR_POLICY,Synthetic historical analogue: project trajectory associated with cancelled outcome.,SYNTHETIC
PAI-00892,2026-03-01,FROZEN,OTHER_OR_UNKNOWN,Synthetic historical analogue: project trajectory associated with frozen outcome.,SYNTHETIC
PAI-00893,2026-03-01,TERMINATED,ENGINEERING_OR_FEASIBILITY,Synthetic historical analogue: project trajectory associated with terminated outcome.,SYNTHETIC
PAI-00902,2026-03-01,DOWNGRADED,PROCUREMENT_OR_CONTRACT,Synthetic historical analogue: project trajectory associated with downgraded outcome.,SYNTHETIC
PAI-00907,2026-03-01,CANCELLED,BUDGET_OR_APPROVAL,Synthetic historical analogue: project trajectory associated with cancelled outcome.,SYNTHETIC
PAI-00923,2026-03-01,DOWNGRADED,CLEARANCE,Synthetic historical analogue: project trajectory associated with downgraded outcome.,SYNTHETIC
PAI-00934,2026-03-01,CANCELLED,BUDGET_OR_APPROVAL,Synthetic historical analogue: project trajectory associated with cancelled outcome.,SYNTHETIC
PAI-00935,2026-03-01,FROZEN,BUDGET_OR_APPROVAL,Synthetic historical analogue: project trajectory associated with frozen outcome.,SYNTHETIC
PAI-00938,2026-03-01,DOWNGRADED,SCOPE_OR_POLICY,Synthetic historical analogue: project trajectory associated with downgraded outcome.,SYNTHETIC
PAI-00945,2026-03-01,CANCELLED,PROCUREMENT_OR_CONTRACT,Synthetic historical analogue: project trajectory associated with cancelled outcome.,SYNTHETIC
PAI-00947,2026-03-01,FROZEN,LAND_ACQUISITION,Synthetic historical analogue: project trajectory associated with frozen outcome.,SYNTHETIC
PAI-00950,2026-03-01,CANCELLED,LAND_ACQUISITION,Synthetic historical analogue: project trajectory associated with cancelled outcome.,SYNTHETIC
PAI-00952,2026-03-01,CANCELLED,PROCUREMENT_OR_CONTRACT,Synthetic historical analogue: project trajectory associated with cancelled outcome.,SYNTHETIC
PAI-00954,2026-03-01,FROZEN,CLEARANCE,Synthetic historical analogue: project trajectory associated with frozen outcome.,SYNTHETIC
PAI-00955,2026-03-01,DOWNGRADED,LEGAL_OR_SOCIAL,Synthetic historical analogue: project trajectory associated with downgraded outcome.,SYNTHETIC
PAI-00956,2026-03-01,ABANDONED,OTHER_OR_UNKNOWN,Synthetic historical analogue: project trajectory associated with abandoned outcome.,SYNTHETIC
PAI-00957,2026-03-01,DROPPED,LEGAL_OR_SOCIAL,Synthetic historical analogue: project trajectory associated with dropped outcome.,SYNTHETIC
PAI-00964,2026-03-01,TERMINATED,FUNDING,Synthetic historical analogue: project trajectory associated with terminated outcome.,SYNTHETIC
PAI-00968,2026-03-01,FROZEN,LEGAL_OR_SOCIAL,Synthetic historical analogue: project trajectory associated with frozen outcome.,SYNTHETIC
PAI-00981,2026-03-01,TERMINATED,OTHER_OR_UNKNOWN,Synthetic historical analogue: project trajectory associated with terminated outcome.,SYNTHETIC
PAI-00982,2026-03-01,DROPPED,PROCUREMENT_OR_CONTRACT,Synthetic historical analogue: project trajectory associated with dropped outcome.,SYNTHETIC
PAI-00986,2026-03-01,FROZEN,SCOPE_OR_POLICY,Synthetic historical analogue: project trajectory associated with frozen outcome.,SYNTHETIC
PAI-00988,2026-03-01,DOWNGRADED,PROCUREMENT_OR_CONTRACT,Synthetic historical analogue: project trajectory associated with downgraded outcome.,SYNTHETIC
PAI-00993,2026-03-01,DOWNGRADED,SCOPE_OR_POLICY,Synthetic historical analogue: project trajectory associated with downgraded outcome.,SYNTHETIC
PAI-00994,2026-03-01,ABANDONED,ENGINEERING_OR_FEASIBILITY,Synthetic historical analogue: project trajectory associated with abandoned outcome.,SYNTHETIC
PAI-00995,2026-03-01,DOWNGRADED,BUDGET_OR_APPROVAL,Synthetic historical analogue: project trajectory associated with downgraded outcome.,SYNTHETIC
PAI-01003,2026-03-01,DOWNGRADED,LAND_ACQUISITION,Synthetic historical analogue: project trajectory associated with downgraded outcome.,SYNTHETIC
PAI-01013,2026-03-01,DOWNGRADED,OTHER_OR_UNKNOWN,Synthetic historical analogue: project trajectory associated with downgraded outcome.,SYNTHETIC
PAI-01025,2026-03-01,FROZEN,ENGINEERING_OR_FEASIBILITY,Synthetic historical analogue: project trajectory associated with frozen outcome.,SYNTHETIC
PAI-01029,2026-03-01,DOWNGRADED,BUDGET_OR_APPROVAL,Synthetic historical analogue: project trajectory associated with downgraded outcome.,SYNTHETIC
PAI-01044,2026-03-01,FROZEN,PROCUREMENT_OR_CONTRACT,Synthetic historical analogue: project trajectory associated with frozen outcome.,SYNTHETIC
PAI-01050,2026-03-01,FROZEN,LEGAL_OR_SOCIAL,Synthetic historical analogue: project trajectory associated with frozen outcome.,SYNTHETIC
PAI-01055,2026-03-01,DOWNGRADED,SCOPE_OR_POLICY,Synthetic historical analogue: project trajectory associated with downgraded outcome.,SYNTHETIC
PAI-01057,2026-03-01,CANCELLED,CLEARANCE,Synthetic historical analogue: project trajectory associated with cancelled outcome.,SYNTHETIC
PAI-01076,2026-03-01,FROZEN,CLEARANCE,Synthetic historical analogue: project trajectory associated with frozen outcome.,SYNTHETIC
PAI-01077,2026-03-01,FROZEN,PROCUREMENT_OR_CONTRACT,Synthetic historical analogue: project trajectory associated with frozen outcome.,SYNTHETIC
PAI-01080,2026-03-01,DOWNGRADED,BUDGET_OR_APPROVAL,Synthetic historical analogue: project trajectory associated with downgraded outcome.,SYNTHETIC
PAI-01082,2026-03-01,DOWNGRADED,SCOPE_OR_POLICY,Synthetic historical analogue: project trajectory associated with downgraded outcome.,SYNTHETIC
PAI-01084,2026-03-01,DROPPED,BUDGET_OR_APPROVAL,Synthetic historical analogue: project trajectory associated with dropped outcome.,SYNTHETIC
PAI-01093,2026-03-01,DOWNGRADED,ENGINEERING_OR_FEASIBILITY,Synthetic historical analogue: project trajectory associated with downgraded outcome.,SYNTHETIC
PAI-01096,2026-03-01,CANCELLED,PROCUREMENT_OR_CONTRACT,Synthetic historical analogue: project trajectory associated with cancelled outcome.,SYNTHETIC
PAI-01097,2026-03-01,DOWNGRADED,LAND_ACQUISITION,Synthetic historical analogue: project trajectory associated with downgraded outcome.,SYNTHETIC
PAI-01103,2026-03-01,DOWNGRADED,FUNDING,Synthetic historical analogue: project trajectory associated with downgraded outcome.,SYNTHETIC
PAI-01116,2026-03-01,DOWNGRADED,PROCUREMENT_OR_CONTRACT,Synthetic historical analogue: project trajectory associated with downgraded outcome.,SYNTHETIC
PAI-01117,2026-03-01,CANCELLED,CLEARANCE,Synthetic historical analogue: project trajectory associated with cancelled outcome.,SYNTHETIC
PAI-01121,2026-03-01,TERMINATED,CLEARANCE,Synthetic historical analogue: project trajectory associated with terminated outcome.,SYNTHETIC
PAI-01123,2026-03-01,DROPPED,BUDGET_OR_APPROVAL,Synthetic historical analogue: project trajectory associated with dropped outcome.,SYNTHETIC
PAI-01128,2026-03-01,ABANDONED,BUDGET_OR_APPROVAL,Synthetic historical analogue: project trajectory associated with abandoned outcome.,SYNTHETIC
PAI-01129,2026-03-01,TERMINATED,CLEARANCE,Synthetic historical analogue: project trajectory associated with terminated outcome.,SYNTHETIC
PAI-01132,2026-03-01,TERMINATED,OTHER_OR_UNKNOWN,Synthetic historical analogue: project trajectory associated with terminated outcome.,SYNTHETIC
PAI-01135,2026-03-01,TERMINATED,LAND_ACQUISITION,Synthetic historical analogue: project trajectory associated with terminated outcome.,SYNTHETIC
PAI-01144,2026-03-01,DROPPED,OTHER_OR_UNKNOWN,Synthetic historical analogue: project trajectory associated with dropped outcome.,SYNTHETIC
PAI-01148,2026-03-01,CANCELLED,LAND_ACQUISITION,Synthetic historical analogue: project trajectory associated with cancelled outcome.,SYNTHETIC
PAI-01152,2026-03-01,TERMINATED,OTHER_OR_UNKNOWN,Synthetic historical analogue: project trajectory associated with terminated outcome.,SYNTHETIC
PAI-01159,2026-03-01,FROZEN,LEGAL_OR_SOCIAL,Synthetic historical analogue: project trajectory associated with frozen outcome.,SYNTHETIC
PAI-01171,2026-03-01,TERMINATED,OTHER_OR_UNKNOWN,Synthetic historical analogue: project trajectory associated with terminated outcome.,SYNTHETIC
PAI-01174,2026-03-01,FROZEN,ENGINEERING_OR_FEASIBILITY,Synthetic historical analogue: project trajectory associated with frozen outcome.,SYNTHETIC
PAI-01175,2026-03-01,CANCELLED,OTHER_OR_UNKNOWN,Synthetic historical analogue: project trajectory associated with cancelled outcome.,SYNTHETIC
PAI-01177,2026-03-01,DROPPED,LAND_ACQUISITION,Synthetic historical analogue: project trajectory associated with dropped outcome.,SYNTHETIC
PAI-01180,2026-03-01,DOWNGRADED,OTHER_OR_UNKNOWN,Synthetic historical analogue: project trajectory associated with downgraded outcome.,SYNTHETIC
PAI-01181,2026-03-01,FROZEN,LAND_ACQUISITION,Synthetic historical analogue: project trajectory associated with frozen outcome.,SYNTHETIC
PAI-01192,2026-03-01,FROZEN,FUNDING,Synthetic historical analogue: project trajectory associated with frozen outcome.,SYNTHETIC
PAI-01193,2026-03-01,DROPPED,ENGINEERING_OR_FEASIBILITY,Synthetic historical analogue: project trajectory associated with dropped outcome.,SYNTHETIC
PAI-01196,2026-03-01,CANCELLED,FUNDING,Synthetic historical analogue: project trajectory associated with cancelled outcome.,SYNTHETIC
PAI-01197,2026-03-01,DOWNGRADED,BUDGET_OR_APPROVAL,Synthetic historical analogue: project trajectory associated with downgraded outcome.,SYNTHETIC
PAI-01201,2026-03-01,DOWNGRADED,BUDGET_OR_APPROVAL,Synthetic historical analogue: project trajectory associated with downgraded outcome.,SYNTHETIC
PAI-01216,2026-03-01,CANCELLED,LAND_ACQUISITION,Synthetic historical analogue: project trajectory associated with cancelled outcome.,SYNTHETIC
PAI-01223,2026-03-01,DOWNGRADED,LEGAL_OR_SOCIAL,Synthetic historical analogue: project trajectory associated with downgraded outcome.,SYNTHETIC
PAI-01229,2026-03-01,FROZEN,LAND_ACQUISITION,Synthetic historical analogue: project trajectory associated with frozen outcome.,SYNTHETIC
PAI-01244,2026-03-01,DOWNGRADED,LEGAL_OR_SOCIAL,Synthetic historical analogue: project trajectory associated with downgraded outcome.,SYNTHETIC
PAI-01248,2026-03-01,FROZEN,FUNDING,Synthetic historical analogue: project trajectory associated with frozen outcome.,SYNTHETIC
PAI-01249,2026-03-01,CANCELLED,ENGINEERING_OR_FEASIBILITY,Synthetic historical analogue: project trajectory associated with cancelled outcome.,SYNTHETIC
PAI-01250,2026-03-01,FROZEN,SCOPE_OR_POLICY,Synthetic historical analogue: project trajectory associated with frozen outcome.,SYNTHETIC
PAI-01252,2026-03-01,DOWNGRADED,SCOPE_OR_POLICY,Synthetic historical analogue: project trajectory associated with downgraded outcome.,SYNTHETIC
PAI-01256,2026-03-01,FROZEN,PROCUREMENT_OR_CONTRACT,Synthetic historical analogue: project trajectory associated with frozen outcome.,SYNTHETIC
PAI-01261,2026-03-01,FROZEN,SCOPE_OR_POLICY,Synthetic historical analogue: project trajectory associated with frozen outcome.,SYNTHETIC
PAI-01265,2026-03-01,FROZEN,LEGAL_OR_SOCIAL,Synthetic historical analogue: project trajectory associated with frozen outcome.,SYNTHETIC
PAI-01266,2026-03-01,TERMINATED,FUNDING,Synthetic historical analogue: project trajectory associated with terminated outcome.,SYNTHETIC
PAI-01275,2026-03-01,DOWNGRADED,OTHER_OR_UNKNOWN,Synthetic historical analogue: project trajectory associated with downgraded outcome.,SYNTHETIC
PAI-01277,2026-03-01,FROZEN,FUNDING,Synthetic historical analogue: project trajectory associated with frozen outcome.,SYNTHETIC
PAI-01280,2026-03-01,FROZEN,FUNDING,Synthetic historical analogue: project trajectory associated with frozen outcome.,SYNTHETIC
PAI-01299,2026-03-01,DOWNGRADED,LEGAL_OR_SOCIAL,Synthetic historical analogue: project trajectory associated with downgraded outcome.,SYNTHETIC
PAI-01310,2026-03-01,DOWNGRADED,LEGAL_OR_SOCIAL,Synthetic historical analogue: project trajectory associated with downgraded outcome.,SYNTHETIC
PAI-01323,2026-03-01,FROZEN,FUNDING,Synthetic historical analogue: project trajectory associated with frozen outcome.,SYNTHETIC
PAI-01328,2026-03-01,DOWNGRADED,LEGAL_OR_SOCIAL,Synthetic historical analogue: project trajectory associated with downgraded outcome.,SYNTHETIC
PAI-01331,2026-03-01,TERMINATED,CLEARANCE,Synthetic historical analogue: project trajectory associated with terminated outcome.,SYNTHETIC
PAI-01337,2026-03-01,FROZEN,ENGINEERING_OR_FEASIBILITY,Synthetic historical analogue: project trajectory associated with frozen outcome.,SYNTHETIC
PAI-01344,2026-03-01,FROZEN,CLEARANCE,Synthetic historical analogue: project trajectory associated with frozen outcome.,SYNTHETIC
PAI-01349,2026-03-01,FROZEN,CLEARANCE,Synthetic historical analogue: project trajectory associated with frozen outcome.,SYNTHETIC
PAI-01355,2026-03-01,TERMINATED,FUNDING,Synthetic historical analogue: project trajectory associated with terminated outcome.,SYNTHETIC
PAI-01359,2026-03-01,DOWNGRADED,ENGINEERING_OR_FEASIBILITY,Synthetic historical analogue: project trajectory associated with downgraded outcome.,SYNTHETIC
PAI-01369,2026-03-01,DOWNGRADED,LAND_ACQUISITION,Synthetic historical analogue: project trajectory associated with downgraded outcome.,SYNTHETIC
PAI-01374,2026-03-01,CANCELLED,CLEARANCE,Synthetic historical analogue: project trajectory associated with cancelled outcome.,SYNTHETIC
PAI-01375,2026-03-01,DOWNGRADED,BUDGET_OR_APPROVAL,Synthetic historical analogue: project trajectory associated with downgraded outcome.,SYNTHETIC
PAI-01387,2026-03-01,CANCELLED,LAND_ACQUISITION,Synthetic historical analogue: project trajectory associated with cancelled outcome.,SYNTHETIC
PAI-01403,2026-03-01,FROZEN,LEGAL_OR_SOCIAL,Synthetic historical analogue: project trajectory associated with frozen outcome.,SYNTHETIC
PAI-01407,2026-03-01,DROPPED,SCOPE_OR_POLICY,Synthetic historical analogue: project trajectory associated with dropped outcome.,SYNTHETIC
PAI-01408,2026-03-01,FROZEN,FUNDING,Synthetic historical analogue: project trajectory associated with frozen outcome.,SYNTHETIC
PAI-01410,2026-03-01,FROZEN,PROCUREMENT_OR_CONTRACT,Synthetic historical analogue: project trajectory associated with frozen outcome.,SYNTHETIC
PAI-01418,2026-03-01,TERMINATED,CLEARANCE,Synthetic historical analogue: project trajectory associated with terminated outcome.,SYNTHETIC
PAI-01436,2026-03-01,CANCELLED,LAND_ACQUISITION,Synthetic historical analogue: project trajectory associated with cancelled outcome.,SYNTHETIC
PAI-01441,2026-03-01,FROZEN,FUNDING,Synthetic historical analogue: project trajectory associated with frozen outcome.,SYNTHETIC
PAI-01442,2026-03-01,DOWNGRADED,OTHER_OR_UNKNOWN,Synthetic historical analogue: project trajectory associated with downgraded outcome.,SYNTHETIC
PAI-01450,2026-03-01,ABANDONED,PROCUREMENT_OR_CONTRACT,Synthetic historical analogue: project trajectory associated with abandoned outcome.,SYNTHETIC
PAI-01453,2026-03-01,FROZEN,OTHER_OR_UNKNOWN,Synthetic historical analogue: project trajectory associated with frozen outcome.,SYNTHETIC
PAI-01455,2026-03-01,DOWNGRADED,ENGINEERING_OR_FEASIBILITY,Synthetic historical analogue: project trajectory associated with downgraded outcome.,SYNTHETIC
PAI-01459,2026-03-01,TERMINATED,LEGAL_OR_SOCIAL,Synthetic historical analogue: project trajectory associated with terminated outcome.,SYNTHETIC
PAI-01460,2026-03-01,FROZEN,CLEARANCE,Synthetic historical analogue: project trajectory associated with frozen outcome.,SYNTHETIC
PAI-01463,2026-03-01,DOWNGRADED,OTHER_OR_UNKNOWN,Synthetic historical analogue: project trajectory associated with downgraded outcome.,SYNTHETIC
PAI-01465,2026-03-01,CANCELLED,ENGINEERING_OR_FEASIBILITY,Synthetic historical analogue: project trajectory associated with cancelled outcome.,SYNTHETIC
PAI-01471,2026-03-01,CANCELLED,SCOPE_OR_POLICY,Synthetic historical analogue: project trajectory associated with cancelled outcome.,SYNTHETIC
PAI-01479,2026-03-01,FROZEN,PROCUREMENT_OR_CONTRACT,Synthetic historical analogue: project trajectory associated with frozen outcome.,SYNTHETIC
PAI-01480,2026-03-01,TERMINATED,BUDGET_OR_APPROVAL,Synthetic historical analogue: project trajectory associated with terminated outcome.,SYNTHETIC
PAI-01486,2026-03-01,FROZEN,BUDGET_OR_APPROVAL,Synthetic historical analogue: project trajectory associated with frozen outcome.,SYNTHETIC
PAI-01491,2026-03-01,DOWNGRADED,SCOPE_OR_POLICY,Synthetic historical analogue: project trajectory associated with downgraded outcome.,SYNTHETIC
PAI-01494,2026-03-01,DROPPED,OTHER_OR_UNKNOWN,Synthetic historical analogue: project trajectory associated with dropped outcome.,SYNTHETIC
PAI-01502,2026-03-01,TERMINATED,BUDGET_OR_APPROVAL,Synthetic historical analogue: project trajectory associated with terminated outcome.,SYNTHETIC
PAI-01507,2026-03-01,FROZEN,OTHER_OR_UNKNOWN,Synthetic historical analogue: project trajectory associated with frozen outcome.,SYNTHETIC
PAI-01511,2026-03-01,TERMINATED,ENGINEERING_OR_FEASIBILITY,Synthetic historical analogue: project trajectory associated with terminated outcome.,SYNTHETIC
PAI-01512,2026-03-01,DOWNGRADED,PROCUREMENT_OR_CONTRACT,Synthetic historical analogue: project trajectory associated with downgraded outcome.,SYNTHETIC
PAI-01513,2026-03-01,TERMINATED,CLEARANCE,Synthetic historical analogue: project trajectory associated with terminated outcome.,SYNTHETIC
PAI-01526,2026-03-01,DOWNGRADED,CLEARANCE,Synthetic historical analogue: project trajectory associated with downgraded outcome.,SYNTHETIC
PAI-01535,2026-03-01,TERMINATED,LEGAL_OR_SOCIAL,Synthetic historical analogue: project trajectory associated with terminated outcome.,SYNTHETIC
PAI-01536,2026-03-01,DOWNGRADED,LAND_ACQUISITION,Synthetic historical analogue: project trajectory associated with downgraded outcome.,SYNTHETIC
PAI-01548,2026-03-01,DOWNGRADED,FUNDING,Synthetic historical analogue: project trajectory associated with downgraded outcome.,SYNTHETIC
PAI-01557,2026-03-01,FROZEN,SCOPE_OR_POLICY,Synthetic historical analogue: project trajectory associated with frozen outcome.,SYNTHETIC
PAI-01563,2026-03-01,TERMINATED,ENGINEERING_OR_FEASIBILITY,Synthetic historical analogue: project trajectory associated with terminated outcome.,SYNTHETIC
PAI-01572,2026-03-01,FROZEN,OTHER_OR_UNKNOWN,Synthetic historical analogue: project trajectory associated with frozen outcome.,SYNTHETIC
PAI-01573,2026-03-01,FROZEN,SCOPE_OR_POLICY,Synthetic historical analogue: project trajectory associated with frozen outcome.,SYNTHETIC
PAI-01581,2026-03-01,CANCELLED,CLEARANCE,Synthetic historical analogue: project trajectory associated with cancelled outcome.,SYNTHETIC
PAI-01582,2026-03-01,TERMINATED,ENGINEERING_OR_FEASIBILITY,Synthetic historical analogue: project trajectory associated with terminated outcome.,SYNTHETIC
PAI-01587,2026-03-01,DOWNGRADED,CLEARANCE,Synthetic historical analogue: project trajectory associated with downgraded outcome.,SYNTHETIC
PAI-01595,2026-03-01,DOWNGRADED,OTHER_OR_UNKNOWN,Synthetic historical analogue: project trajectory associated with downgraded outcome.,SYNTHETIC
PAI-01602,2026-03-01,FROZEN,LEGAL_OR_SOCIAL,Synthetic historical analogue: project trajectory associated with frozen outcome.,SYNTHETIC
PAI-01623,2026-03-01,DOWNGRADED,ENGINEERING_OR_FEASIBILITY,Synthetic historical analogue: project trajectory associated with downgraded outcome.,SYNTHETIC
PAI-01624,2026-03-01,ABANDONED,ENGINEERING_OR_FEASIBILITY,Synthetic historical analogue: project trajectory associated with abandoned outcome.,SYNTHETIC
PAI-01626,2026-03-01,FROZEN,CLEARANCE,Synthetic historical analogue: project trajectory associated with frozen outcome.,SYNTHETIC
PAI-01630,2026-03-01,CANCELLED,LAND_ACQUISITION,Synthetic historical analogue: project trajectory associated with cancelled outcome.,SYNTHETIC
PAI-01633,2026-03-01,CANCELLED,CLEARANCE,Synthetic historical analogue: project trajectory associated with cancelled outcome.,SYNTHETIC
PAI-01635,2026-03-01,DOWNGRADED,PROCUREMENT_OR_CONTRACT,Synthetic historical analogue: project trajectory associated with downgraded outcome.,SYNTHETIC
PAI-01638,2026-03-01,DOWNGRADED,LEGAL_OR_SOCIAL,Synthetic historical analogue: project trajectory associated with downgraded outcome.,SYNTHETIC
PAI-01642,2026-03-01,TERMINATED,SCOPE_OR_POLICY,Synthetic historical analogue: project trajectory associated with terminated outcome.,SYNTHETIC
PAI-01644,2026-03-01,DOWNGRADED,PROCUREMENT_OR_CONTRACT,Synthetic historical analogue: project trajectory associated with downgraded outcome.,SYNTHETIC
PAI-01651,2026-03-01,DOWNGRADED,SCOPE_OR_POLICY,Synthetic historical analogue: project trajectory associated with downgraded outcome.,SYNTHETIC
PAI-01668,2026-03-01,FROZEN,OTHER_OR_UNKNOWN,Synthetic historical analogue: project trajectory associated with frozen outcome.,SYNTHETIC
PAI-01675,2026-03-01,ABANDONED,PROCUREMENT_OR_CONTRACT,Synthetic historical analogue: project trajectory associated with abandoned outcome.,SYNTHETIC
PAI-01679,2026-03-01,CANCELLED,ENGINEERING_OR_FEASIBILITY,Synthetic historical analogue: project trajectory associated with cancelled outcome.,SYNTHETIC
PAI-01685,2026-03-01,DOWNGRADED,PROCUREMENT_OR_CONTRACT,Synthetic historical analogue: project trajectory associated with downgraded outcome.,SYNTHETIC
PAI-01690,2026-03-01,FROZEN,FUNDING,Synthetic historical analogue: project trajectory associated with frozen outcome.,SYNTHETIC
PAI-01692,2026-03-01,CANCELLED,SCOPE_OR_POLICY,Synthetic historical analogue: project trajectory associated with cancelled outcome.,SYNTHETIC
PAI-01697,2026-03-01,CANCELLED,FUNDING,Synthetic historical analogue: project trajectory associated with cancelled outcome.,SYNTHETIC
PAI-01703,2026-03-01,FROZEN,SCOPE_OR_POLICY,Synthetic historical analogue: project trajectory associated with frozen outcome.,SYNTHETIC
PAI-01706,2026-03-01,DOWNGRADED,CLEARANCE,Synthetic historical analogue: project trajectory associated with downgraded outcome.,SYNTHETIC
PAI-01711,2026-03-01,FROZEN,CLEARANCE,Synthetic historical analogue: project trajectory associated with frozen outcome.,SYNTHETIC
PAI-01718,2026-03-01,FROZEN,PROCUREMENT_OR_CONTRACT,Synthetic historical analogue: project trajectory associated with frozen outcome.,SYNTHETIC
PAI-01721,2026-03-01,DOWNGRADED,PROCUREMENT_OR_CONTRACT,Synthetic historical analogue: project trajectory associated with downgraded outcome.,SYNTHETIC
PAI-01726,2026-03-01,TERMINATED,LAND_ACQUISITION,Synthetic historical analogue: project trajectory associated with terminated outcome.,SYNTHETIC
PAI-01727,2026-03-01,CANCELLED,CLEARANCE,Synthetic historical analogue: project trajectory associated with cancelled outcome.,SYNTHETIC
PAI-01728,2026-03-01,ABANDONED,SCOPE_OR_POLICY,Synthetic historical analogue: project trajectory associated with abandoned outcome.,SYNTHETIC
PAI-01735,2026-03-01,DOWNGRADED,ENGINEERING_OR_FEASIBILITY,Synthetic historical analogue: project trajectory associated with downgraded outcome.,SYNTHETIC
PAI-01739,2026-03-01,TERMINATED,ENGINEERING_OR_FEASIBILITY,Synthetic historical analogue: project trajectory associated with terminated outcome.,SYNTHETIC
PAI-01746,2026-03-01,FROZEN,SCOPE_OR_POLICY,Synthetic historical analogue: project trajectory associated with frozen outcome.,SYNTHETIC
PAI-01749,2026-03-01,DOWNGRADED,LEGAL_OR_SOCIAL,Synthetic historical analogue: project trajectory associated with downgraded outcome.,SYNTHETIC
PAI-01756,2026-03-01,DOWNGRADED,SCOPE_OR_POLICY,Synthetic historical analogue: project trajectory associated with downgraded outcome.,SYNTHETIC
PAI-01757,2026-03-01,FROZEN,SCOPE_OR_POLICY,Synthetic historical analogue: project trajectory associated with frozen outcome.,SYNTHETIC
PAI-01760,2026-03-01,CANCELLED,ENGINEERING_OR_FEASIBILITY,Synthetic historical analogue: project trajectory associated with cancelled outcome.,SYNTHETIC
PAI-01761,2026-03-01,DOWNGRADED,OTHER_OR_UNKNOWN,Synthetic historical analogue: project trajectory associated with downgraded outcome.,SYNTHETIC
PAI-01767,2026-03-01,FROZEN,LEGAL_OR_SOCIAL,Synthetic historical analogue: project trajectory associated with frozen outcome.,SYNTHETIC
PAI-01768,2026-03-01,FROZEN,CLEARANCE,Synthetic historical analogue: project trajectory associated with frozen outcome.,SYNTHETIC
PAI-01783,2026-03-01,DROPPED,FUNDING,Synthetic historical analogue: project trajectory associated with dropped outcome.,SYNTHETIC
PAI-01789,2026-03-01,FROZEN,FUNDING,Synthetic historical analogue: project trajectory associated with frozen outcome.,SYNTHETIC
PAI-01791,2026-03-01,DROPPED,SCOPE_OR_POLICY,Synthetic historical analogue: project trajectory associated with dropped outcome.,SYNTHETIC
PAI-01798,2026-03-01,DOWNGRADED,LEGAL_OR_SOCIAL,Synthetic historical analogue: project trajectory associated with downgraded outcome.,SYNTHETIC
PAI-01804,2026-03-01,DROPPED,LAND_ACQUISITION,Synthetic historical analogue: project trajectory associated with dropped outcome.,SYNTHETIC
PAI-01805,2026-03-01,TERMINATED,PROCUREMENT_OR_CONTRACT,Synthetic historical analogue: project trajectory associated with terminated outcome.,SYNTHETIC
PAI-01810,2026-03-01,DOWNGRADED,PROCUREMENT_OR_CONTRACT,Synthetic historical analogue: project trajectory associated with downgraded outcome.,SYNTHETIC
PAI-01814,2026-03-01,CANCELLED,OTHER_OR_UNKNOWN,Synthetic historical analogue: project trajectory associated with cancelled outcome.,SYNTHETIC
PAI-01817,2026-03-01,TERMINATED,CLEARANCE,Synthetic historical analogue: project trajectory associated with terminated outcome.,SYNTHETIC
PAI-01822,2026-03-01,FROZEN,ENGINEERING_OR_FEASIBILITY,Synthetic historical analogue: project trajectory associated with frozen outcome.,SYNTHETIC
PAI-01845,2026-03-01,FROZEN,LAND_ACQUISITION,Synthetic historical analogue: project trajectory associated with frozen outcome.,SYNTHETIC
PAI-01846,2026-03-01,DROPPED,FUNDING,Synthetic historical analogue: project trajectory associated with dropped outcome.,SYNTHETIC
PAI-01851,2026-03-01,DOWNGRADED,LAND_ACQUISITION,Synthetic historical analogue: project trajectory associated with downgraded outcome.,SYNTHETIC
PAI-01859,2026-03-01,DOWNGRADED,FUNDING,Synthetic historical analogue: project trajectory associated with downgraded outcome.,SYNTHETIC
PAI-01862,2026-03-01,FROZEN,OTHER_OR_UNKNOWN,Synthetic historical analogue: project trajectory associated with frozen outcome.,SYNTHETIC
PAI-01872,2026-03-01,TERMINATED,BUDGET_OR_APPROVAL,Synthetic historical analogue: project trajectory associated with terminated outcome.,SYNTHETIC
PAI-01880,2026-03-01,CANCELLED,SCOPE_OR_POLICY,Synthetic historical analogue: project trajectory associated with cancelled outcome.,SYNTHETIC
PAI-01882,2026-03-01,CANCELLED,LEGAL_OR_SOCIAL,Synthetic historical analogue: project trajectory associated with cancelled outcome.,SYNTHETIC
PAI-01888,2026-03-01,DOWNGRADED,BUDGET_OR_APPROVAL,Synthetic historical analogue: project trajectory associated with downgraded outcome.,SYNTHETIC
PAI-01899,2026-03-01,FROZEN,OTHER_OR_UNKNOWN,Synthetic historical analogue: project trajectory associated with frozen outcome.,SYNTHETIC
PAI-01903,2026-03-01,TERMINATED,ENGINEERING_OR_FEASIBILITY,Synthetic historical analogue: project trajectory associated with terminated outcome.,SYNTHETIC
PAI-01912,2026-03-01,FROZEN,CLEARANCE,Synthetic historical analogue: project trajectory associated with frozen outcome.,SYNTHETIC
PAI-01919,2026-03-01,ABANDONED,FUNDING,Synthetic historical analogue: project trajectory associated with abandoned outcome.,SYNTHETIC
PAI-01927,2026-03-01,TERMINATED,LAND_ACQUISITION,Synthetic historical analogue: project trajectory associated with terminated outcome.,SYNTHETIC
PAI-01934,2026-03-01,ABANDONED,OTHER_OR_UNKNOWN,Synthetic historical analogue: project trajectory associated with abandoned outcome.,SYNTHETIC
PAI-01936,2026-03-01,DOWNGRADED,FUNDING,Synthetic historical analogue: project trajectory associated with downgraded outcome.,SYNTHETIC
PAI-01944,2026-03-01,DOWNGRADED,CLEARANCE,Synthetic historical analogue: project trajectory associated with downgraded outcome.,SYNTHETIC
PAI-01945,2026-03-01,FROZEN,BUDGET_OR_APPROVAL,Synthetic historical analogue: project trajectory associated with frozen outcome.,SYNTHETIC
PAI-01952,2026-03-01,FROZEN,BUDGET_OR_APPROVAL,Synthetic historical analogue: project trajectory associated with frozen outcome.,SYNTHETIC
PAI-01956,2026-03-01,DOWNGRADED,CLEARANCE,Synthetic historical analogue: project trajectory associated with downgraded outcome.,SYNTHETIC
PAI-01970,2026-03-01,DOWNGRADED,CLEARANCE,Synthetic historical analogue: project trajectory associated with downgraded outcome.,SYNTHETIC
PAI-01971,2026-03-01,DOWNGRADED,SCOPE_OR_POLICY,Synthetic historical analogue: project trajectory associated with downgraded outcome.,SYNTHETIC
PAI-01974,2026-03-01,TERMINATED,FUNDING,Synthetic historical analogue: project trajectory associated with terminated outcome.,SYNTHETIC
PAI-01977,2026-03-01,FROZEN,SCOPE_OR_POLICY,Synthetic historical analogue: project trajectory associated with frozen outcome.,SYNTHETIC
PAI-01989,2026-03-01,FROZEN,LAND_ACQUISITION,Synthetic historical analogue: project trajectory associated with frozen outcome.,SYNTHETIC
PAI-01991,2026-03-01,FROZEN,OTHER_OR_UNKNOWN,Synthetic historical analogue: project trajectory associated with frozen outcome.,SYNTHETIC
PAI-01995,2026-03-01,FROZEN,FUNDING,Synthetic historical analogue: project trajectory associated with frozen outcome.,SYNTHETIC
PAI-01998,2026-03-01,CANCELLED,FUNDING,Synthetic historical analogue: project trajectory associated with cancelled outcome.,SYNTHETIC
PAI-02001,2026-03-01,FROZEN,CLEARANCE,Synthetic historical analogue: project trajectory associated with frozen outcome.,SYNTHETIC
PAI-02007,2026-03-01,FROZEN,LAND_ACQUISITION,Synthetic historical analogue: project trajectory associated with frozen outcome.,SYNTHETIC
PAI-02017,2026-03-01,DOWNGRADED,CLEARANCE,Synthetic historical analogue: project trajectory associated with downgraded outcome.,SYNTHETIC
PAI-02019,2026-03-01,FROZEN,LEGAL_OR_SOCIAL,Synthetic historical analogue: project trajectory associated with frozen outcome.,SYNTHETIC
PAI-02021,2026-03-01,FROZEN,SCOPE_OR_POLICY,Synthetic historical analogue: project trajectory associated with frozen outcome.,SYNTHETIC
PAI-02027,2026-03-01,ABANDONED,SCOPE_OR_POLICY,Synthetic historical analogue: project trajectory associated with abandoned outcome.,SYNTHETIC
PAI-02029,2026-03-01,DOWNGRADED,OTHER_OR_UNKNOWN,Synthetic historical analogue: project trajectory associated with downgraded outcome.,SYNTHETIC
PAI-02035,2026-03-01,DOWNGRADED,LAND_ACQUISITION,Synthetic historical analogue: project trajectory associated with downgraded outcome.,SYNTHETIC
PAI-02039,2026-03-01,TERMINATED,OTHER_OR_UNKNOWN,Synthetic historical analogue: project trajectory associated with terminated outcome.,SYNTHETIC
PAI-02040,2026-03-01,FROZEN,OTHER_OR_UNKNOWN,Synthetic historical analogue: project trajectory associated with frozen outcome.,SYNTHETIC
PAI-02042,2026-03-01,DOWNGRADED,LAND_ACQUISITION,Synthetic historical analogue: project trajectory associated with downgraded outcome.,SYNTHETIC
PAI-02046,2026-03-01,DOWNGRADED,BUDGET_OR_APPROVAL,Synthetic historical analogue: project trajectory associated with downgraded outcome.,SYNTHETIC
PAI-02047,2026-03-01,FROZEN,LEGAL_OR_SOCIAL,Synthetic historical analogue: project trajectory associated with frozen outcome.,SYNTHETIC
PAI-02048,2026-03-01,FROZEN,LEGAL_OR_SOCIAL,Synthetic historical analogue: project trajectory associated with frozen outcome.,SYNTHETIC
PAI-02049,2026-03-01,FROZEN,SCOPE_OR_POLICY,Synthetic historical analogue: project trajectory associated with frozen outcome.,SYNTHETIC
PAI-02050,2026-03-01,DOWNGRADED,SCOPE_OR_POLICY,Synthetic historical analogue: project trajectory associated with downgraded outcome.,SYNTHETIC
PAI-02054,2026-03-01,FROZEN,BUDGET_OR_APPROVAL,Synthetic historical analogue: project trajectory associated with frozen outcome.,SYNTHETIC
PAI-02058,2026-03-01,CANCELLED,CLEARANCE,Synthetic historical analogue: project trajectory associated with cancelled outcome.,SYNTHETIC
PAI-02060,2026-03-01,FROZEN,PROCUREMENT_OR_CONTRACT,Synthetic historical analogue: project trajectory associated with frozen outcome.,SYNTHETIC
PAI-02061,2026-03-01,TERMINATED,LAND_ACQUISITION,Synthetic historical analogue: project trajectory associated with terminated outcome.,SYNTHETIC
PAI-02070,2026-03-01,ABANDONED,ENGINEERING_OR_FEASIBILITY,Synthetic historical analogue: project trajectory associated with abandoned outcome.,SYNTHETIC
PAI-02071,2026-03-01,FROZEN,SCOPE_OR_POLICY,Synthetic historical analogue: project trajectory associated with frozen outcome.,SYNTHETIC
PAI-02075,2026-03-01,FROZEN,SCOPE_OR_POLICY,Synthetic historical analogue: project trajectory associated with frozen outcome.,SYNTHETIC
PAI-02078,2026-03-01,DOWNGRADED,LAND_ACQUISITION,Synthetic historical analogue: project trajectory associated with downgraded outcome.,SYNTHETIC
PAI-02082,2026-03-01,TERMINATED,BUDGET_OR_APPROVAL,Synthetic historical analogue: project trajectory associated with terminated outcome.,SYNTHETIC
PAI-02083,2026-03-01,DOWNGRADED,SCOPE_OR_POLICY,Synthetic historical analogue: project trajectory associated with downgraded outcome.,SYNTHETIC
PAI-02084,2026-03-01,FROZEN,PROCUREMENT_OR_CONTRACT,Synthetic historical analogue: project trajectory associated with frozen outcome.,SYNTHETIC
PAI-02089,2026-03-01,TERMINATED,PROCUREMENT_OR_CONTRACT,Synthetic historical analogue: project trajectory associated with terminated outcome.,SYNTHETIC
PAI-02091,2026-03-01,ABANDONED,LAND_ACQUISITION,Synthetic historical analogue: project trajectory associated with abandoned outcome.,SYNTHETIC
PAI-02097,2026-03-01,TERMINATED,OTHER_OR_UNKNOWN,Synthetic historical analogue: project trajectory associated with terminated outcome.,SYNTHETIC
PAI-02107,2026-03-01,FROZEN,FUNDING,Synthetic historical analogue: project trajectory associated with frozen outcome.,SYNTHETIC
PAI-02108,2026-03-01,DROPPED,LEGAL_OR_SOCIAL,Synthetic historical analogue: project trajectory associated with dropped outcome.,SYNTHETIC
PAI-02114,2026-03-01,TERMINATED,PROCUREMENT_OR_CONTRACT,Synthetic historical analogue: project trajectory associated with terminated outcome.,SYNTHETIC
PAI-02133,2026-03-01,CANCELLED,LEGAL_OR_SOCIAL,Synthetic historical analogue: project trajectory associated with cancelled outcome.,SYNTHETIC
PAI-02135,2026-03-01,TERMINATED,LEGAL_OR_SOCIAL,Synthetic historical analogue: project trajectory associated with terminated outcome.,SYNTHETIC
PAI-02139,2026-03-01,CANCELLED,LAND_ACQUISITION,Synthetic historical analogue: project trajectory associated with cancelled outcome.,SYNTHETIC
PAI-02141,2026-03-01,DOWNGRADED,FUNDING,Synthetic historical analogue: project trajectory associated with downgraded outcome.,SYNTHETIC
PAI-02144,2026-03-01,DOWNGRADED,SCOPE_OR_POLICY,Synthetic historical analogue: project trajectory associated with downgraded outcome.,SYNTHETIC
PAI-02146,2026-03-01,CANCELLED,FUNDING,Synthetic historical analogue: project trajectory associated with cancelled outcome.,SYNTHETIC
PAI-02150,2026-03-01,DOWNGRADED,ENGINEERING_OR_FEASIBILITY,Synthetic historical analogue: project trajectory associated with downgraded outcome.,SYNTHETIC
PAI-02157,2026-03-01,FROZEN,SCOPE_OR_POLICY,Synthetic historical analogue: project trajectory associated with frozen outcome.,SYNTHETIC
PAI-02158,2026-03-01,DOWNGRADED,OTHER_OR_UNKNOWN,Synthetic historical analogue: project trajectory associated with downgraded outcome.,SYNTHETIC
PAI-02159,2026-03-01,DROPPED,LEGAL_OR_SOCIAL,Synthetic historical analogue: project trajectory associated with dropped outcome.,SYNTHETIC
PAI-02163,2026-03-01,DROPPED,SCOPE_OR_POLICY,Synthetic historical analogue: project trajectory associated with dropped outcome.,SYNTHETIC
PAI-02168,2026-03-01,CANCELLED,LEGAL_OR_SOCIAL,Synthetic historical analogue: project trajectory associated with cancelled outcome.,SYNTHETIC
PAI-02174,2026-03-01,FROZEN,ENGINEERING_OR_FEASIBILITY,Synthetic historical analogue: project trajectory associated with frozen outcome.,SYNTHETIC
PAI-02175,2026-03-01,CANCELLED,OTHER_OR_UNKNOWN,Synthetic historical analogue: project trajectory associated with cancelled outcome.,SYNTHETIC
PAI-02183,2026-03-01,DOWNGRADED,OTHER_OR_UNKNOWN,Synthetic historical analogue: project trajectory associated with downgraded outcome.,SYNTHETIC
PAI-02185,2026-03-01,DROPPED,ENGINEERING_OR_FEASIBILITY,Synthetic historical analogue: project trajectory associated with dropped outcome.,SYNTHETIC
PAI-02190,2026-03-01,FROZEN,LAND_ACQUISITION,Synthetic historical analogue: project trajectory associated with frozen outcome.,SYNTHETIC
PAI-02191,2026-03-01,FROZEN,SCOPE_OR_POLICY,Synthetic historical analogue: project trajectory associated with frozen outcome.,SYNTHETIC
PAI-02192,2026-03-01,DOWNGRADED,SCOPE_OR_POLICY,Synthetic historical analogue: project trajectory associated with downgraded outcome.,SYNTHETIC
PAI-02199,2026-03-01,FROZEN,LEGAL_OR_SOCIAL,Synthetic historical analogue: project trajectory associated with frozen outcome.,SYNTHETIC
PAI-02201,2026-03-01,FROZEN,LEGAL_OR_SOCIAL,Synthetic historical analogue: project trajectory associated with frozen outcome.,SYNTHETIC
PAI-02228,2026-03-01,CANCELLED,PROCUREMENT_OR_CONTRACT,Synthetic historical analogue: project trajectory associated with cancelled outcome.,SYNTHETIC
PAI-02233,2026-03-01,DOWNGRADED,ENGINEERING_OR_FEASIBILITY,Synthetic historical analogue: project trajectory associated with downgraded outcome.,SYNTHETIC
PAI-02237,2026-03-01,TERMINATED,ENGINEERING_OR_FEASIBILITY,Synthetic historical analogue: project trajectory associated with terminated outcome.,SYNTHETIC
PAI-02245,2026-03-01,DOWNGRADED,CLEARANCE,Synthetic historical analogue: project trajectory associated with downgraded outcome.,SYNTHETIC
PAI-02250,2026-03-01,TERMINATED,SCOPE_OR_POLICY,Synthetic historical analogue: project trajectory associated with terminated outcome.,SYNTHETIC
PAI-02251,2026-03-01,FROZEN,OTHER_OR_UNKNOWN,Synthetic historical analogue: project trajectory associated with frozen outcome.,SYNTHETIC
PAI-02253,2026-03-01,FROZEN,CLEARANCE,Synthetic historical analogue: project trajectory associated with frozen outcome.,SYNTHETIC
PAI-02267,2026-03-01,TERMINATED,LEGAL_OR_SOCIAL,Synthetic historical analogue: project trajectory associated with terminated outcome.,SYNTHETIC
PAI-02272,2026-03-01,FROZEN,PROCUREMENT_OR_CONTRACT,Synthetic historical analogue: project trajectory associated with frozen outcome.,SYNTHETIC
PAI-02275,2026-03-01,TERMINATED,LEGAL_OR_SOCIAL,Synthetic historical analogue: project trajectory associated with terminated outcome.,SYNTHETIC
PAI-02287,2026-03-01,DOWNGRADED,BUDGET_OR_APPROVAL,Synthetic historical analogue: project trajectory associated with downgraded outcome.,SYNTHETIC
PAI-02289,2026-03-01,FROZEN,FUNDING,Synthetic historical analogue: project trajectory associated with frozen outcome.,SYNTHETIC
PAI-02298,2026-03-01,CANCELLED,ENGINEERING_OR_FEASIBILITY,Synthetic historical analogue: project trajectory associated with cancelled outcome.,SYNTHETIC
PAI-02313,2026-03-01,CANCELLED,LEGAL_OR_SOCIAL,Synthetic historical analogue: project trajectory associated with cancelled outcome.,SYNTHETIC
PAI-02324,2026-03-01,FROZEN,LAND_ACQUISITION,Synthetic historical analogue: project trajectory associated with frozen outcome.,SYNTHETIC
PAI-02326,2026-03-01,FROZEN,LAND_ACQUISITION,Synthetic historical analogue: project trajectory associated with frozen outcome.,SYNTHETIC
PAI-02327,2026-03-01,DROPPED,ENGINEERING_OR_FEASIBILITY,Synthetic historical analogue: project trajectory associated with dropped outcome.,SYNTHETIC
PAI-02334,2026-03-01,FROZEN,ENGINEERING_OR_FEASIBILITY,Synthetic historical analogue: project trajectory associated with frozen outcome.,SYNTHETIC
PAI-02335,2026-03-01,DOWNGRADED,OTHER_OR_UNKNOWN,Synthetic historical analogue: project trajectory associated with downgraded outcome.,SYNTHETIC
PAI-02347,2026-03-01,FROZEN,ENGINEERING_OR_FEASIBILITY,Synthetic historical analogue: project trajectory associated with frozen outcome.,SYNTHETIC
PAI-02348,2026-03-01,TERMINATED,LEGAL_OR_SOCIAL,Synthetic historical analogue: project trajectory associated with terminated outcome.,SYNTHETIC
PAI-02354,2026-03-01,DOWNGRADED,ENGINEERING_OR_FEASIBILITY,Synthetic historical analogue: project trajectory associated with downgraded outcome.,SYNTHETIC
PAI-02358,2026-03-01,DOWNGRADED,BUDGET_OR_APPROVAL,Synthetic historical analogue: project trajectory associated with downgraded outcome.,SYNTHETIC
PAI-02363,2026-03-01,FROZEN,OTHER_OR_UNKNOWN,Synthetic historical analogue: project trajectory associated with frozen outcome.,SYNTHETIC
PAI-02365,2026-03-01,FROZEN,OTHER_OR_UNKNOWN,Synthetic historical analogue: project trajectory associated with frozen outcome.,SYNTHETIC
PAI-02366,2026-03-01,DOWNGRADED,PROCUREMENT_OR_CONTRACT,Synthetic historical analogue: project trajectory associated with downgraded outcome.,SYNTHETIC
PAI-02370,2026-03-01,FROZEN,LAND_ACQUISITION,Synthetic historical analogue: project trajectory associated with frozen outcome.,SYNTHETIC
PAI-02371,2026-03-01,DOWNGRADED,ENGINEERING_OR_FEASIBILITY,Synthetic historical analogue: project trajectory associated with downgraded outcome.,SYNTHETIC
PAI-02384,2026-03-01,DOWNGRADED,LAND_ACQUISITION,Synthetic historical analogue: project trajectory associated with downgraded outcome.,SYNTHETIC
PAI-02393,2026-03-01,FROZEN,SCOPE_OR_POLICY,Synthetic historical analogue: project trajectory associated with frozen outcome.,SYNTHETIC
PAI-02399,2026-03-01,TERMINATED,CLEARANCE,Synthetic historical analogue: project trajectory associated with terminated outcome.,SYNTHETIC
PAI-02403,2026-03-01,CANCELLED,CLEARANCE,Synthetic historical analogue: project trajectory associated with cancelled outcome.,SYNTHETIC
PAI-02421,2026-03-01,FROZEN,SCOPE_OR_POLICY,Synthetic historical analogue: project trajectory associated with frozen outcome.,SYNTHETIC
PAI-02426,2026-03-01,TERMINATED,PROCUREMENT_OR_CONTRACT,Synthetic historical analogue: project trajectory associated with terminated outcome.,SYNTHETIC
PAI-02429,2026-03-01,FROZEN,BUDGET_OR_APPROVAL,Synthetic historical analogue: project trajectory associated with frozen outcome.,SYNTHETIC
PAI-02430,2026-03-01,DOWNGRADED,LEGAL_OR_SOCIAL,Synthetic historical analogue: project trajectory associated with downgraded outcome.,SYNTHETIC
PAI-02439,2026-03-01,ABANDONED,OTHER_OR_UNKNOWN,Synthetic historical analogue: project trajectory associated with abandoned outcome.,SYNTHETIC
PAI-02441,2026-03-01,DOWNGRADED,FUNDING,Synthetic historical analogue: project trajectory associated with downgraded outcome.,SYNTHETIC
PAI-02445,2026-03-01,TERMINATED,OTHER_OR_UNKNOWN,Synthetic historical analogue: project trajectory associated with terminated outcome.,SYNTHETIC
PAI-02449,2026-03-01,DOWNGRADED,LEGAL_OR_SOCIAL,Synthetic historical analogue: project trajectory associated with downgraded outcome.,SYNTHETIC
PAI-02453,2026-03-01,FROZEN,OTHER_OR_UNKNOWN,Synthetic historical analogue: project trajectory associated with frozen outcome.,SYNTHETIC
PAI-02455,2026-03-01,FROZEN,LEGAL_OR_SOCIAL,Synthetic historical analogue: project trajectory associated with frozen outcome.,SYNTHETIC
PAI-02462,2026-03-01,DOWNGRADED,BUDGET_OR_APPROVAL,Synthetic historical analogue: project trajectory associated with downgraded outcome.,SYNTHETIC
PAI-02469,2026-03-01,FROZEN,LAND_ACQUISITION,Synthetic historical analogue: project trajectory associated with frozen outcome.,SYNTHETIC
PAI-02485,2026-03-01,DROPPED,LAND_ACQUISITION,Synthetic historical analogue: project trajectory associated with dropped outcome.,SYNTHETIC
PAI-02487,2026-03-01,DROPPED,LAND_ACQUISITION,Synthetic historical analogue: project trajectory associated with dropped outcome.,SYNTHETIC
PAI-02488,2026-03-01,DROPPED,SCOPE_OR_POLICY,Synthetic historical analogue: project trajectory associated with dropped outcome.,SYNTHETIC
PAI-02489,2026-03-01,DROPPED,OTHER_OR_UNKNOWN,Synthetic historical analogue: project trajectory associated with dropped outcome.,SYNTHETIC
PAI-02490,2026-03-01,DOWNGRADED,CLEARANCE,Synthetic historical analogue: project trajectory associated with downgraded outcome.,SYNTHETIC
PAI-02492,2026-03-01,DROPPED,PROCUREMENT_OR_CONTRACT,Synthetic historical analogue: project trajectory associated with dropped outcome.,SYNTHETIC
PAI-02495,2026-03-01,DROPPED,OTHER_OR_UNKNOWN,Synthetic historical analogue: project trajectory associated with dropped outcome.,SYNTHETIC
PAI-02497,2026-03-01,ABANDONED,PROCUREMENT_OR_CONTRACT,Synthetic historical analogue: project trajectory associated with abandoned outcome.,SYNTHETIC
PAI-02498,2026-03-01,FROZEN,LEGAL_OR_SOCIAL,Synthetic historical analogue: project trajectory associated with frozen outcome.,SYNTHETIC
PAI-02499,2026-03-01,DOWNGRADED,OTHER_OR_UNKNOWN,Synthetic historical analogue: project trajectory associated with downgraded outcome.,SYNTHETIC
PAI-02502,2026-03-01,DROPPED,PROCUREMENT_OR_CONTRACT,Synthetic historical analogue: project trajectory associated with dropped outcome.,SYNTHETIC
PAI-02505,2026-03-01,DROPPED,SCOPE_OR_POLICY,Synthetic historical analogue: project trajectory associated with dropped outcome.,SYNTHETIC
PAI-02513,2026-03-01,DOWNGRADED,ENGINEERING_OR_FEASIBILITY,Synthetic historical analogue: project trajectory associated with downgraded outcome.,SYNTHETIC
PAI-02515,2026-03-01,CANCELLED,PROCUREMENT_OR_CONTRACT,Synthetic historical analogue: project trajectory associated with cancelled outcome.,SYNTHETIC
PAI-02529,2026-03-01,DOWNGRADED,CLEARANCE,Synthetic historical analogue: project trajectory associated with downgraded outcome.,SYNTHETIC
PAI-02533,2026-03-01,FROZEN,LEGAL_OR_SOCIAL,Synthetic historical analogue: project trajectory associated with frozen outcome.,SYNTHETIC
PAI-02543,2026-03-01,DOWNGRADED,FUNDING,Synthetic historical analogue: project trajectory associated with downgraded outcome.,SYNTHETIC
PAI-02547,2026-03-01,TERMINATED,LEGAL_OR_SOCIAL,Synthetic historical analogue: project trajectory associated with terminated outcome.,SYNTHETIC
PAI-02548,2026-03-01,FROZEN,OTHER_OR_UNKNOWN,Synthetic historical analogue: project trajectory associated with frozen outcome.,SYNTHETIC
PAI-02550,2026-03-01,FROZEN,BUDGET_OR_APPROVAL,Synthetic historical analogue: project trajectory associated with frozen outcome.,SYNTHETIC
PAI-02551,2026-03-01,FROZEN,ENGINEERING_OR_FEASIBILITY,Synthetic historical analogue: project trajectory associated with frozen outcome.,SYNTHETIC
PAI-02552,2026-03-01,TERMINATED,LAND_ACQUISITION,Synthetic historical analogue: project trajectory associated with terminated outcome.,SYNTHETIC
PAI-02555,2026-03-01,DOWNGRADED,LEGAL_OR_SOCIAL,Synthetic historical analogue: project trajectory associated with downgraded outcome.,SYNTHETIC
PAI-02560,2026-03-01,DOWNGRADED,PROCUREMENT_OR_CONTRACT,Synthetic historical analogue: project trajectory associated with downgraded outcome.,SYNTHETIC
PAI-02562,2026-03-01,DROPPED,BUDGET_OR_APPROVAL,Synthetic historical analogue: project trajectory associated with dropped outcome.,SYNTHETIC
PAI-02574,2026-03-01,FROZEN,ENGINEERING_OR_FEASIBILITY,Synthetic historical analogue: project trajectory associated with frozen outcome.,SYNTHETIC
PAI-02576,2026-03-01,CANCELLED,OTHER_OR_UNKNOWN,Synthetic historical analogue: project trajectory associated with cancelled outcome.,SYNTHETIC
PAI-02577,2026-03-01,FROZEN,BUDGET_OR_APPROVAL,Synthetic historical analogue: project trajectory associated with frozen outcome.,SYNTHETIC
PAI-02580,2026-03-01,TERMINATED,LAND_ACQUISITION,Synthetic historical analogue: project trajectory associated with terminated outcome.,SYNTHETIC
PAI-02581,2026-03-01,DOWNGRADED,FUNDING,Synthetic historical analogue: project trajectory associated with downgraded outcome.,SYNTHETIC
PAI-02585,2026-03-01,FROZEN,CLEARANCE,Synthetic historical analogue: project trajectory associated with frozen outcome.,SYNTHETIC
PAI-02598,2026-03-01,DOWNGRADED,OTHER_OR_UNKNOWN,Synthetic historical analogue: project trajectory associated with downgraded outcome.,SYNTHETIC
PAI-02605,2026-03-01,DOWNGRADED,ENGINEERING_OR_FEASIBILITY,Synthetic historical analogue: project trajectory associated with downgraded outcome.,SYNTHETIC
PAI-02618,2026-03-01,FROZEN,LAND_ACQUISITION,Synthetic historical analogue: project trajectory associated with frozen outcome.,SYNTHETIC
PAI-02622,2026-03-01,TERMINATED,BUDGET_OR_APPROVAL,Synthetic historical analogue: project trajectory associated with terminated outcome.,SYNTHETIC
PAI-02623,2026-03-01,FROZEN,PROCUREMENT_OR_CONTRACT,Synthetic historical analogue: project trajectory associated with frozen outcome.,SYNTHETIC
PAI-02629,2026-03-01,FROZEN,ENGINEERING_OR_FEASIBILITY,Synthetic historical analogue: project trajectory associated with frozen outcome.,SYNTHETIC
PAI-02631,2026-03-01,FROZEN,PROCUREMENT_OR_CONTRACT,Synthetic historical analogue: project trajectory associated with frozen outcome.,SYNTHETIC
PAI-02633,2026-03-01,FROZEN,LAND_ACQUISITION,Synthetic historical analogue: project trajectory associated with frozen outcome.,SYNTHETIC
PAI-02644,2026-03-01,FROZEN,LAND_ACQUISITION,Synthetic historical analogue: project trajectory associated with frozen outcome.,SYNTHETIC
PAI-02651,2026-03-01,TERMINATED,FUNDING,Synthetic historical analogue: project trajectory associated with terminated outcome.,SYNTHETIC
PAI-02661,2026-03-01,FROZEN,LEGAL_OR_SOCIAL,Synthetic historical analogue: project trajectory associated with frozen outcome.,SYNTHETIC
PAI-02664,2026-03-01,CANCELLED,BUDGET_OR_APPROVAL,Synthetic historical analogue: project trajectory associated with cancelled outcome.,SYNTHETIC
PAI-02666,2026-03-01,DOWNGRADED,CLEARANCE,Synthetic historical analogue: project trajectory associated with downgraded outcome.,SYNTHETIC
PAI-02679,2026-03-01,CANCELLED,BUDGET_OR_APPROVAL,Synthetic historical analogue: project trajectory associated with cancelled outcome.,SYNTHETIC
PAI-02688,2026-03-01,TERMINATED,OTHER_OR_UNKNOWN,Synthetic historical analogue: project trajectory associated with terminated outcome.,SYNTHETIC
PAI-02689,2026-03-01,DOWNGRADED,BUDGET_OR_APPROVAL,Synthetic historical analogue: project trajectory associated with downgraded outcome.,SYNTHETIC
PAI-02694,2026-03-01,TERMINATED,CLEARANCE,Synthetic historical analogue: project trajectory associated with terminated outcome.,SYNTHETIC
PAI-02695,2026-03-01,TERMINATED,CLEARANCE,Synthetic historical analogue: project trajectory associated with terminated outcome.,SYNTHETIC
PAI-02697,2026-03-01,TERMINATED,PROCUREMENT_OR_CONTRACT,Synthetic historical analogue: project trajectory associated with terminated outcome.,SYNTHETIC
PAI-02699,2026-03-01,FROZEN,SCOPE_OR_POLICY,Synthetic historical analogue: project trajectory associated with frozen outcome.,SYNTHETIC
PAI-02701,2026-03-01,CANCELLED,LEGAL_OR_SOCIAL,Synthetic historical analogue: project trajectory associated with cancelled outcome.,SYNTHETIC
PAI-02702,2026-03-01,TERMINATED,PROCUREMENT_OR_CONTRACT,Synthetic historical analogue: project trajectory associated with terminated outcome.,SYNTHETIC
PAI-02715,2026-03-01,DOWNGRADED,CLEARANCE,Synthetic historical analogue: project trajectory associated with downgraded outcome.,SYNTHETIC
PAI-02722,2026-03-01,FROZEN,OTHER_OR_UNKNOWN,Synthetic historical analogue: project trajectory associated with frozen outcome.,SYNTHETIC
PAI-02726,2026-03-01,DROPPED,CLEARANCE,Synthetic historical analogue: project trajectory associated with dropped outcome.,SYNTHETIC
PAI-02727,2026-03-01,CANCELLED,LEGAL_OR_SOCIAL,Synthetic historical analogue: project trajectory associated with cancelled outcome.,SYNTHETIC
PAI-02735,2026-03-01,DOWNGRADED,LEGAL_OR_SOCIAL,Synthetic historical analogue: project trajectory associated with downgraded outcome.,SYNTHETIC
PAI-02745,2026-03-01,TERMINATED,LEGAL_OR_SOCIAL,Synthetic historical analogue: project trajectory associated with terminated outcome.,SYNTHETIC
PAI-02750,2026-03-01,DOWNGRADED,ENGINEERING_OR_FEASIBILITY,Synthetic historical analogue: project trajectory associated with downgraded outcome.,SYNTHETIC
PAI-02755,2026-03-01,FROZEN,ENGINEERING_OR_FEASIBILITY,Synthetic historical analogue: project trajectory associated with frozen outcome.,SYNTHETIC
PAI-02765,2026-03-01,DOWNGRADED,ENGINEERING_OR_FEASIBILITY,Synthetic historical analogue: project trajectory associated with downgraded outcome.,SYNTHETIC
PAI-02767,2026-03-01,TERMINATED,OTHER_OR_UNKNOWN,Synthetic historical analogue: project trajectory associated with terminated outcome.,SYNTHETIC
PAI-02774,2026-03-01,DOWNGRADED,FUNDING,Synthetic historical analogue: project trajectory associated with downgraded outcome.,SYNTHETIC
PAI-02776,2026-03-01,DROPPED,CLEARANCE,Synthetic historical analogue: project trajectory associated with dropped outcome.,SYNTHETIC
PAI-02780,2026-03-01,FROZEN,FUNDING,Synthetic historical analogue: project trajectory associated with frozen outcome.,SYNTHETIC
PAI-02781,2026-03-01,TERMINATED,LAND_ACQUISITION,Synthetic historical analogue: project trajectory associated with terminated outcome.,SYNTHETIC
PAI-02790,2026-03-01,DOWNGRADED,SCOPE_OR_POLICY,Synthetic historical analogue: project trajectory associated with downgraded outcome.,SYNTHETIC
PAI-02791,2026-03-01,TERMINATED,FUNDING,Synthetic historical analogue: project trajectory associated with terminated outcome.,SYNTHETIC
PAI-02796,2026-03-01,FROZEN,LEGAL_OR_SOCIAL,Synthetic historical analogue: project trajectory associated with frozen outcome.,SYNTHETIC
PAI-02802,2026-03-01,CANCELLED,OTHER_OR_UNKNOWN,Synthetic historical analogue: project trajectory associated with cancelled outcome.,SYNTHETIC
PAI-02807,2026-03-01,DOWNGRADED,BUDGET_OR_APPROVAL,Synthetic historical analogue: project trajectory associated with downgraded outcome.,SYNTHETIC
PAI-02809,2026-03-01,TERMINATED,BUDGET_OR_APPROVAL,Synthetic historical analogue: project trajectory associated with terminated outcome.,SYNTHETIC
PAI-02814,2026-03-01,FROZEN,ENGINEERING_OR_FEASIBILITY,Synthetic historical analogue: project trajectory associated with frozen outcome.,SYNTHETIC
PAI-02820,2026-03-01,DOWNGRADED,BUDGET_OR_APPROVAL,Synthetic historical analogue: project trajectory associated with downgraded outcome.,SYNTHETIC
PAI-02821,2026-03-01,FROZEN,CLEARANCE,Synthetic historical analogue: project trajectory associated with frozen outcome.,SYNTHETIC
PAI-02826,2026-03-01,FROZEN,SCOPE_OR_POLICY,Synthetic historical analogue: project trajectory associated with frozen outcome.,SYNTHETIC
PAI-02829,2026-03-01,DOWNGRADED,OTHER_OR_UNKNOWN,Synthetic historical analogue: project trajectory associated with downgraded outcome.,SYNTHETIC
PAI-02832,2026-03-01,DOWNGRADED,SCOPE_OR_POLICY,Synthetic historical analogue: project trajectory associated with downgraded outcome.,SYNTHETIC
PAI-02834,2026-03-01,DOWNGRADED,OTHER_OR_UNKNOWN,Synthetic historical analogue: project trajectory associated with downgraded outcome.,SYNTHETIC
PAI-02836,2026-03-01,DOWNGRADED,LEGAL_OR_SOCIAL,Synthetic historical analogue: project trajectory associated with downgraded outcome.,SYNTHETIC
PAI-02837,2026-03-01,FROZEN,CLEARANCE,Synthetic historical analogue: project trajectory associated with frozen outcome.,SYNTHETIC
PAI-02839,2026-03-01,TERMINATED,ENGINEERING_OR_FEASIBILITY,Synthetic historical analogue: project trajectory associated with terminated outcome.,SYNTHETIC
PAI-02847,2026-03-01,DOWNGRADED,FUNDING,Synthetic historical analogue: project trajectory associated with downgraded outcome.,SYNTHETIC
PAI-02849,2026-03-01,FROZEN,FUNDING,Synthetic historical analogue: project trajectory associated with frozen outcome.,SYNTHETIC
PAI-02851,2026-03-01,DOWNGRADED,PROCUREMENT_OR_CONTRACT,Synthetic historical analogue: project trajectory associated with downgraded outcome.,SYNTHETIC
PAI-02853,2026-03-01,DOWNGRADED,LAND_ACQUISITION,Synthetic historical analogue: project trajectory associated with downgraded outcome.,SYNTHETIC
PAI-02859,2026-03-01,FROZEN,SCOPE_OR_POLICY,Synthetic historical analogue: project trajectory associated with frozen outcome.,SYNTHETIC
PAI-02862,2026-03-01,CANCELLED,FUNDING,Synthetic historical analogue: project trajectory associated with cancelled outcome.,SYNTHETIC
PAI-02866,2026-03-01,FROZEN,CLEARANCE,Synthetic historical analogue: project trajectory associated with frozen outcome.,SYNTHETIC
PAI-02868,2026-03-01,FROZEN,PROCUREMENT_OR_CONTRACT,Synthetic historical analogue: project trajectory associated with frozen outcome.,SYNTHETIC
PAI-02872,2026-03-01,DOWNGRADED,FUNDING,Synthetic historical analogue: project trajectory associated with downgraded outcome.,SYNTHETIC
PAI-02881,2026-03-01,FROZEN,ENGINEERING_OR_FEASIBILITY,Synthetic historical analogue: project trajectory associated with frozen outcome.,SYNTHETIC
PAI-02884,2026-03-01,DOWNGRADED,LAND_ACQUISITION,Synthetic historical analogue: project trajectory associated with downgraded outcome.,SYNTHETIC
PAI-02886,2026-03-01,DOWNGRADED,BUDGET_OR_APPROVAL,Synthetic historical analogue: project trajectory associated with downgraded outcome.,SYNTHETIC
PAI-02887,2026-03-01,DROPPED,CLEARANCE,Synthetic historical analogue: project trajectory associated with dropped outcome.,SYNTHETIC
PAI-02891,2026-03-01,DOWNGRADED,CLEARANCE,Synthetic historical analogue: project trajectory associated with downgraded outcome.,SYNTHETIC
PAI-02892,2026-03-01,DOWNGRADED,OTHER_OR_UNKNOWN,Synthetic historical analogue: project trajectory associated with downgraded outcome.,SYNTHETIC
PAI-02894,2026-03-01,FROZEN,LAND_ACQUISITION,Synthetic historical analogue: project trajectory associated with frozen outcome.,SYNTHETIC
PAI-02897,2026-03-01,CANCELLED,FUNDING,Synthetic historical analogue: project trajectory associated with cancelled outcome.,SYNTHETIC
PAI-02899,2026-03-01,DOWNGRADED,BUDGET_OR_APPROVAL,Synthetic historical analogue: project trajectory associated with downgraded outcome.,SYNTHETIC
PAI-02911,2026-03-01,TERMINATED,LAND_ACQUISITION,Synthetic historical analogue: project trajectory associated with terminated outcome.,SYNTHETIC
PAI-02925,2026-03-01,FROZEN,PROCUREMENT_OR_CONTRACT,Synthetic historical analogue: project trajectory associated with frozen outcome.,SYNTHETIC
PAI-02933,2026-03-01,DOWNGRADED,OTHER_OR_UNKNOWN,Synthetic historical analogue: project trajectory associated with downgraded outcome.,SYNTHETIC
PAI-02938,2026-03-01,DOWNGRADED,BUDGET_OR_APPROVAL,Synthetic historical analogue: project trajectory associated with downgraded outcome.,SYNTHETIC
PAI-02955,2026-03-01,FROZEN,ENGINEERING_OR_FEASIBILITY,Synthetic historical analogue: project trajectory associated with frozen outcome.,SYNTHETIC
PAI-02958,2026-03-01,FROZEN,PROCUREMENT_OR_CONTRACT,Synthetic historical analogue: project trajectory associated with frozen outcome.,SYNTHETIC
PAI-02961,2026-03-01,DOWNGRADED,FUNDING,Synthetic historical analogue: project trajectory associated with downgraded outcome.,SYNTHETIC
PAI-02963,2026-03-01,FROZEN,PROCUREMENT_OR_CONTRACT,Synthetic historical analogue: project trajectory associated with frozen outcome.,SYNTHETIC
PAI-02969,2026-03-01,TERMINATED,FUNDING,Synthetic historical analogue: project trajectory associated with terminated outcome.,SYNTHETIC
PAI-02975,2026-03-01,TERMINATED,PROCUREMENT_OR_CONTRACT,Synthetic historical analogue: project trajectory associated with terminated outcome.,SYNTHETIC
PAI-02977,2026-03-01,FROZEN,CLEARANCE,Synthetic historical analogue: project trajectory associated with frozen outcome.,SYNTHETIC
PAI-02982,2026-03-01,DROPPED,LEGAL_OR_SOCIAL,Synthetic historical analogue: project trajectory associated with dropped outcome.,SYNTHETIC
PAI-02989,2026-03-01,FROZEN,OTHER_OR_UNKNOWN,Synthetic historical analogue: project trajectory associated with frozen outcome.,SYNTHETIC
PAI-02996,2026-03-01,DOWNGRADED,FUNDING,Synthetic historical analogue: project trajectory associated with downgraded outcome.,SYNTHETIC
PAI-03013,2026-03-01,DROPPED,BUDGET_OR_APPROVAL,Synthetic historical analogue: project trajectory associated with dropped outcome.,SYNTHETIC
PAI-03015,2026-03-01,DROPPED,SCOPE_OR_POLICY,Synthetic historical analogue: project trajectory associated with dropped outcome.,SYNTHETIC
PAI-03021,2026-03-01,TERMINATED,FUNDING,Synthetic historical analogue: project trajectory associated with terminated outcome.,SYNTHETIC
PAI-03023,2026-03-01,DOWNGRADED,OTHER_OR_UNKNOWN,Synthetic historical analogue: project trajectory associated with downgraded outcome.,SYNTHETIC
PAI-03028,2026-03-01,FROZEN,BUDGET_OR_APPROVAL,Synthetic historical analogue: project trajectory associated with frozen outcome.,SYNTHETIC
PAI-03029,2026-03-01,FROZEN,CLEARANCE,Synthetic historical analogue: project trajectory associated with frozen outcome.,SYNTHETIC
PAI-03035,2026-03-01,DOWNGRADED,BUDGET_OR_APPROVAL,Synthetic historical analogue: project trajectory associated with downgraded outcome.,SYNTHETIC
PAI-03046,2026-03-01,CANCELLED,LAND_ACQUISITION,Synthetic historical analogue: project trajectory associated with cancelled outcome.,SYNTHETIC
PAI-03047,2026-03-01,DOWNGRADED,FUNDING,Synthetic historical analogue: project trajectory associated with downgraded outcome.,SYNTHETIC
PAI-03058,2026-03-01,TERMINATED,LEGAL_OR_SOCIAL,Synthetic historical analogue: project trajectory associated with terminated outcome.,SYNTHETIC
PAI-03061,2026-03-01,CANCELLED,CLEARANCE,Synthetic historical analogue: project trajectory associated with cancelled outcome.,SYNTHETIC
PAI-03062,2026-03-01,DOWNGRADED,BUDGET_OR_APPROVAL,Synthetic historical analogue: project trajectory associated with downgraded outcome.,SYNTHETIC
PAI-03068,2026-03-01,DOWNGRADED,PROCUREMENT_OR_CONTRACT,Synthetic historical analogue: project trajectory associated with downgraded outcome.,SYNTHETIC
PAI-03069,2026-03-01,FROZEN,SCOPE_OR_POLICY,Synthetic historical analogue: project trajectory associated with frozen outcome.,SYNTHETIC
PAI-03071,2026-03-01,DOWNGRADED,LAND_ACQUISITION,Synthetic historical analogue: project trajectory associated with downgraded outcome.,SYNTHETIC
PAI-03076,2026-03-01,DOWNGRADED,SCOPE_OR_POLICY,Synthetic historical analogue: project trajectory associated with downgraded outcome.,SYNTHETIC
PAI-03080,2026-03-01,FROZEN,OTHER_OR_UNKNOWN,Synthetic historical analogue: project trajectory associated with frozen outcome.,SYNTHETIC
PAI-03085,2026-03-01,DOWNGRADED,BUDGET_OR_APPROVAL,Synthetic historical analogue: project trajectory associated with downgraded outcome.,SYNTHETIC
PAI-03086,2026-03-01,DOWNGRADED,LAND_ACQUISITION,Synthetic historical analogue: project trajectory associated with downgraded outcome.,SYNTHETIC
PAI-03095,2026-03-01,DROPPED,LEGAL_OR_SOCIAL,Synthetic historical analogue: project trajectory associated with dropped outcome.,SYNTHETIC
PAI-03109,2026-03-01,ABANDONED,FUNDING,Synthetic historical analogue: project trajectory associated with abandoned outcome.,SYNTHETIC
PAI-03111,2026-03-01,FROZEN,CLEARANCE,Synthetic historical analogue: project trajectory associated with frozen outcome.,SYNTHETIC
PAI-03115,2026-03-01,FROZEN,CLEARANCE,Synthetic historical analogue: project trajectory associated with frozen outcome.,SYNTHETIC
PAI-03118,2026-03-01,FROZEN,OTHER_OR_UNKNOWN,Synthetic historical analogue: project trajectory associated with frozen outcome.,SYNTHETIC
PAI-03123,2026-03-01,FROZEN,BUDGET_OR_APPROVAL,Synthetic historical analogue: project trajectory associated with frozen outcome.,SYNTHETIC
PAI-03124,2026-03-01,DOWNGRADED,CLEARANCE,Synthetic historical analogue: project trajectory associated with downgraded outcome.,SYNTHETIC
PAI-03125,2026-03-01,TERMINATED,BUDGET_OR_APPROVAL,Synthetic historical analogue: project trajectory associated with terminated outcome.,SYNTHETIC
PAI-03128,2026-03-01,CANCELLED,LAND_ACQUISITION,Synthetic historical analogue: project trajectory associated with cancelled outcome.,SYNTHETIC
PAI-03131,2026-03-01,DOWNGRADED,OTHER_OR_UNKNOWN,Synthetic historical analogue: project trajectory associated with downgraded outcome.,SYNTHETIC
PAI-03135,2026-03-01,DOWNGRADED,FUNDING,Synthetic historical analogue: project trajectory associated with downgraded outcome.,SYNTHETIC
PAI-03139,2026-03-01,TERMINATED,CLEARANCE,Synthetic historical analogue: project trajectory associated with terminated outcome.,SYNTHETIC
PAI-03149,2026-03-01,CANCELLED,CLEARANCE,Synthetic historical analogue: project trajectory associated with cancelled outcome.,SYNTHETIC
PAI-03152,2026-03-01,TERMINATED,OTHER_OR_UNKNOWN,Synthetic historical analogue: project trajectory associated with terminated outcome.,SYNTHETIC
PAI-03161,2026-03-01,FROZEN,CLEARANCE,Synthetic historical analogue: project trajectory associated with frozen outcome.,SYNTHETIC
PAI-03162,2026-03-01,DOWNGRADED,LAND_ACQUISITION,Synthetic historical analogue: project trajectory associated with downgraded outcome.,SYNTHETIC
PAI-03164,2026-03-01,ABANDONED,OTHER_OR_UNKNOWN,Synthetic historical analogue: project trajectory associated with abandoned outcome.,SYNTHETIC
PAI-03168,2026-03-01,DOWNGRADED,OTHER_OR_UNKNOWN,Synthetic historical analogue: project trajectory associated with downgraded outcome.,SYNTHETIC
PAI-03172,2026-03-01,TERMINATED,SCOPE_OR_POLICY,Synthetic historical analogue: project trajectory associated with terminated outcome.,SYNTHETIC
PAI-03174,2026-03-01,DOWNGRADED,PROCUREMENT_OR_CONTRACT,Synthetic historical analogue: project trajectory associated with downgraded outcome.,SYNTHETIC
PAI-03176,2026-03-01,DOWNGRADED,CLEARANCE,Synthetic historical analogue: project trajectory associated with downgraded outcome.,SYNTHETIC
PAI-03177,2026-03-01,DOWNGRADED,SCOPE_OR_POLICY,Synthetic historical analogue: project trajectory associated with downgraded outcome.,SYNTHETIC
PAI-03180,2026-03-01,TERMINATED,PROCUREMENT_OR_CONTRACT,Synthetic historical analogue: project trajectory associated with terminated outcome.,SYNTHETIC
PAI-03182,2026-03-01,DOWNGRADED,LAND_ACQUISITION,Synthetic historical analogue: project trajectory associated with downgraded outcome.,SYNTHETIC
PAI-03183,2026-03-01,TERMINATED,CLEARANCE,Synthetic historical analogue: project trajectory associated with terminated outcome.,SYNTHETIC
PAI-03189,2026-03-01,FROZEN,OTHER_OR_UNKNOWN,Synthetic historical analogue: project trajectory associated with frozen outcome.,SYNTHETIC
PAI-03197,2026-03-01,FROZEN,SCOPE_OR_POLICY,Synthetic historical analogue: project trajectory associated with frozen outcome.,SYNTHETIC
PAI-03199,2026-03-01,DOWNGRADED,LEGAL_OR_SOCIAL,Synthetic historical analogue: project trajectory associated with downgraded outcome.,SYNTHETIC
PAI-03208,2026-03-01,DROPPED,OTHER_OR_UNKNOWN,Synthetic historical analogue: project trajectory associated with dropped outcome.,SYNTHETIC
PAI-03214,2026-03-01,TERMINATED,OTHER_OR_UNKNOWN,Synthetic historical analogue: project trajectory associated with terminated outcome.,SYNTHETIC
PAI-03218,2026-03-01,FROZEN,LAND_ACQUISITION,Synthetic historical analogue: project trajectory associated with frozen outcome.,SYNTHETIC
PAI-03221,2026-03-01,FROZEN,PROCUREMENT_OR_CONTRACT,Synthetic historical analogue: project trajectory associated with frozen outcome.,SYNTHETIC
PAI-03223,2026-03-01,FROZEN,BUDGET_OR_APPROVAL,Synthetic historical analogue: project trajectory associated with frozen outcome.,SYNTHETIC
PAI-03230,2026-03-01,TERMINATED,OTHER_OR_UNKNOWN,Synthetic historical analogue: project trajectory associated with terminated outcome.,SYNTHETIC
PAI-03236,2026-03-01,DOWNGRADED,ENGINEERING_OR_FEASIBILITY,Synthetic historical analogue: project trajectory associated with downgraded outcome.,SYNTHETIC
PAI-03238,2026-03-01,DROPPED,LEGAL_OR_SOCIAL,Synthetic historical analogue: project trajectory associated with dropped outcome.,SYNTHETIC
PAI-03248,2026-03-01,FROZEN,SCOPE_OR_POLICY,Synthetic historical analogue: project trajectory associated with frozen outcome.,SYNTHETIC
PAI-03260,2026-03-01,TERMINATED,LAND_ACQUISITION,Synthetic historical analogue: project trajectory associated with terminated outcome.,SYNTHETIC
PAI-03263,2026-03-01,TERMINATED,LEGAL_OR_SOCIAL,Synthetic historical analogue: project trajectory associated with terminated outcome.,SYNTHETIC
PAI-03264,2026-03-01,CANCELLED,BUDGET_OR_APPROVAL,Synthetic historical analogue: project trajectory associated with cancelled outcome.,SYNTHETIC
PAI-03265,2026-03-01,CANCELLED,PROCUREMENT_OR_CONTRACT,Synthetic historical analogue: project trajectory associated with cancelled outcome.,SYNTHETIC
PAI-03268,2026-03-01,FROZEN,PROCUREMENT_OR_CONTRACT,Synthetic historical analogue: project trajectory associated with frozen outcome.,SYNTHETIC
PAI-03270,2026-03-01,DOWNGRADED,PROCUREMENT_OR_CONTRACT,Synthetic historical analogue: project trajectory associated with downgraded outcome.,SYNTHETIC
PAI-03273,2026-03-01,DOWNGRADED,PROCUREMENT_OR_CONTRACT,Synthetic historical analogue: project trajectory associated with downgraded outcome.,SYNTHETIC
PAI-03279,2026-03-01,FROZEN,OTHER_OR_UNKNOWN,Synthetic historical analogue: project trajectory associated with frozen outcome.,SYNTHETIC
PAI-03281,2026-03-01,DROPPED,ENGINEERING_OR_FEASIBILITY,Synthetic historical analogue: project trajectory associated with dropped outcome.,SYNTHETIC
PAI-03283,2026-03-01,ABANDONED,LAND_ACQUISITION,Synthetic historical analogue: project trajectory associated with abandoned outcome.,SYNTHETIC
PAI-03286,2026-03-01,DOWNGRADED,CLEARANCE,Synthetic historical analogue: project trajectory associated with downgraded outcome.,SYNTHETIC
PAI-03291,2026-03-01,DOWNGRADED,BUDGET_OR_APPROVAL,Synthetic historical analogue: project trajectory associated with downgraded outcome.,SYNTHETIC
PAI-03299,2026-03-01,ABANDONED,FUNDING,Synthetic historical analogue: project trajectory associated with abandoned outcome.,SYNTHETIC
PAI-03308,2026-03-01,DOWNGRADED,LEGAL_OR_SOCIAL,Synthetic historical analogue: project trajectory associated with downgraded outcome.,SYNTHETIC
PAI-03309,2026-03-01,DOWNGRADED,PROCUREMENT_OR_CONTRACT,Synthetic historical analogue: project trajectory associated with downgraded outcome.,SYNTHETIC
PAI-03310,2026-03-01,FROZEN,ENGINEERING_OR_FEASIBILITY,Synthetic historical analogue: project trajectory associated with frozen outcome.,SYNTHETIC
PAI-03314,2026-03-01,ABANDONED,ENGINEERING_OR_FEASIBILITY,Synthetic historical analogue: project trajectory associated with abandoned outcome.,SYNTHETIC
PAI-03316,2026-03-01,DOWNGRADED,OTHER_OR_UNKNOWN,Synthetic historical analogue: project trajectory associated with downgraded outcome.,SYNTHETIC
PAI-03323,2026-03-01,CANCELLED,ENGINEERING_OR_FEASIBILITY,Synthetic historical analogue: project trajectory associated with cancelled outcome.,SYNTHETIC
PAI-03341,2026-03-01,CANCELLED,LAND_ACQUISITION,Synthetic historical analogue: project trajectory associated with cancelled outcome.,SYNTHETIC
PAI-03343,2026-03-01,TERMINATED,OTHER_OR_UNKNOWN,Synthetic historical analogue: project trajectory associated with terminated outcome.,SYNTHETIC
PAI-03345,2026-03-01,DROPPED,ENGINEERING_OR_FEASIBILITY,Synthetic historical analogue: project trajectory associated with dropped outcome.,SYNTHETIC
PAI-03353,2026-03-01,DOWNGRADED,PROCUREMENT_OR_CONTRACT,Synthetic historical analogue: project trajectory associated with downgraded outcome.,SYNTHETIC
PAI-03355,2026-03-01,TERMINATED,CLEARANCE,Synthetic historical analogue: project trajectory associated with terminated outcome.,SYNTHETIC
PAI-03356,2026-03-01,DOWNGRADED,OTHER_OR_UNKNOWN,Synthetic historical analogue: project trajectory associated with downgraded outcome.,SYNTHETIC
PAI-03361,2026-03-01,TERMINATED,FUNDING,Synthetic historical analogue: project trajectory associated with terminated outcome.,SYNTHETIC
PAI-03363,2026-03-01,ABANDONED,BUDGET_OR_APPROVAL,Synthetic historical analogue: project trajectory associated with abandoned outcome.,SYNTHETIC
PAI-03373,2026-03-01,FROZEN,LAND_ACQUISITION,Synthetic historical analogue: project trajectory associated with frozen outcome.,SYNTHETIC
PAI-03384,2026-03-01,DOWNGRADED,LAND_ACQUISITION,Synthetic historical analogue: project trajectory associated with downgraded outcome.,SYNTHETIC
PAI-03393,2026-03-01,DOWNGRADED,OTHER_OR_UNKNOWN,Synthetic historical analogue: project trajectory associated with downgraded outcome.,SYNTHETIC
PAI-03401,2026-03-01,FROZEN,LAND_ACQUISITION,Synthetic historical analogue: project trajectory associated with frozen outcome.,SYNTHETIC
PAI-03405,2026-03-01,FROZEN,FUNDING,Synthetic historical analogue: project trajectory associated with frozen outcome.,SYNTHETIC
PAI-03412,2026-03-01,FROZEN,OTHER_OR_UNKNOWN,Synthetic historical analogue: project trajectory associated with frozen outcome.,SYNTHETIC
PAI-03413,2026-03-01,FROZEN,LAND_ACQUISITION,Synthetic historical analogue: project trajectory associated with frozen outcome.,SYNTHETIC
PAI-03414,2026-03-01,FROZEN,SCOPE_OR_POLICY,Synthetic historical analogue: project trajectory associated with frozen outcome.,SYNTHETIC
PAI-03427,2026-03-01,ABANDONED,SCOPE_OR_POLICY,Synthetic historical analogue: project trajectory associated with abandoned outcome.,SYNTHETIC
PAI-03438,2026-03-01,DOWNGRADED,LEGAL_OR_SOCIAL,Synthetic historical analogue: project trajectory associated with downgraded outcome.,SYNTHETIC
PAI-03448,2026-03-01,ABANDONED,OTHER_OR_UNKNOWN,Synthetic historical analogue: project trajectory associated with abandoned outcome.,SYNTHETIC
PAI-03452,2026-03-01,DOWNGRADED,ENGINEERING_OR_FEASIBILITY,Synthetic historical analogue: project trajectory associated with downgraded outcome.,SYNTHETIC
PAI-03453,2026-03-01,DOWNGRADED,LEGAL_OR_SOCIAL,Synthetic historical analogue: project trajectory associated with downgraded outcome.,SYNTHETIC
PAI-03456,2026-03-01,FROZEN,ENGINEERING_OR_FEASIBILITY,Synthetic historical analogue: project trajectory associated with frozen outcome.,SYNTHETIC
PAI-03464,2026-03-01,DROPPED,ENGINEERING_OR_FEASIBILITY,Synthetic historical analogue: project trajectory associated with dropped outcome.,SYNTHETIC
PAI-03469,2026-03-01,FROZEN,CLEARANCE,Synthetic historical analogue: project trajectory associated with frozen outcome.,SYNTHETIC
PAI-03470,2026-03-01,DOWNGRADED,CLEARANCE,Synthetic historical analogue: project trajectory associated with downgraded outcome.,SYNTHETIC
PAI-03473,2026-03-01,DOWNGRADED,LEGAL_OR_SOCIAL,Synthetic historical analogue: project trajectory associated with downgraded outcome.,SYNTHETIC
PAI-03481,2026-03-01,FROZEN,CLEARANCE,Synthetic historical analogue: project trajectory associated with frozen outcome.,SYNTHETIC
PAI-03485,2026-03-01,TERMINATED,SCOPE_OR_POLICY,Synthetic historical analogue: project trajectory associated with terminated outcome.,SYNTHETIC
PAI-03487,2026-03-01,TERMINATED,CLEARANCE,Synthetic historical analogue: project trajectory associated with terminated outcome.,SYNTHETIC
PAI-03488,2026-03-01,DOWNGRADED,FUNDING,Synthetic historical analogue: project trajectory associated with downgraded outcome.,SYNTHETIC
PAI-03491,2026-03-01,DOWNGRADED,OTHER_OR_UNKNOWN,Synthetic historical analogue: project trajectory associated with downgraded outcome.,SYNTHETIC
PAI-03504,2026-03-01,DOWNGRADED,LAND_ACQUISITION,Synthetic historical analogue: project trajectory associated with downgraded outcome.,SYNTHETIC
PAI-03507,2026-03-01,FROZEN,OTHER_OR_UNKNOWN,Synthetic historical analogue: project trajectory associated with frozen outcome.,SYNTHETIC
PAI-03512,2026-03-01,FROZEN,SCOPE_OR_POLICY,Synthetic historical analogue: project trajectory associated with frozen outcome.,SYNTHETIC
PAI-03514,2026-03-01,FROZEN,SCOPE_OR_POLICY,Synthetic historical analogue: project trajectory associated with frozen outcome.,SYNTHETIC
PAI-03515,2026-03-01,FROZEN,LAND_ACQUISITION,Synthetic historical analogue: project trajectory associated with frozen outcome.,SYNTHETIC
PAI-03516,2026-03-01,TERMINATED,SCOPE_OR_POLICY,Synthetic historical analogue: project trajectory associated with terminated outcome.,SYNTHETIC
PAI-03526,2026-03-01,FROZEN,CLEARANCE,Synthetic historical analogue: project trajectory associated with frozen outcome.,SYNTHETIC
PAI-03535,2026-03-01,DOWNGRADED,BUDGET_OR_APPROVAL,Synthetic historical analogue: project trajectory associated with downgraded outcome.,SYNTHETIC
PAI-03542,2026-03-01,CANCELLED,BUDGET_OR_APPROVAL,Synthetic historical analogue: project trajectory associated with cancelled outcome.,SYNTHETIC
PAI-03564,2026-03-01,DOWNGRADED,ENGINEERING_OR_FEASIBILITY,Synthetic historical analogue: project trajectory associated with downgraded outcome.,SYNTHETIC
PAI-03565,2026-03-01,FROZEN,LEGAL_OR_SOCIAL,Synthetic historical analogue: project trajectory associated with frozen outcome.,SYNTHETIC
PAI-03569,2026-03-01,FROZEN,CLEARANCE,Synthetic historical analogue: project trajectory associated with frozen outcome.,SYNTHETIC
PAI-03570,2026-03-01,FROZEN,OTHER_OR_UNKNOWN,Synthetic historical analogue: project trajectory associated with frozen outcome.,SYNTHETIC
PAI-03575,2026-03-01,TERMINATED,LEGAL_OR_SOCIAL,Synthetic historical analogue: project trajectory associated with terminated outcome.,SYNTHETIC
PAI-03576,2026-03-01,CANCELLED,OTHER_OR_UNKNOWN,Synthetic historical analogue: project trajectory associated with cancelled outcome.,SYNTHETIC
PAI-03582,2026-03-01,DOWNGRADED,OTHER_OR_UNKNOWN,Synthetic historical analogue: project trajectory associated with downgraded outcome.,SYNTHETIC
PAI-03586,2026-03-01,CANCELLED,ENGINEERING_OR_FEASIBILITY,Synthetic historical analogue: project trajectory associated with cancelled outcome.,SYNTHETIC
PAI-03589,2026-03-01,DOWNGRADED,OTHER_OR_UNKNOWN,Synthetic historical analogue: project trajectory associated with downgraded outcome.,SYNTHETIC
PAI-03590,2026-03-01,DOWNGRADED,CLEARANCE,Synthetic historical analogue: project trajectory associated with downgraded outcome.,SYNTHETIC
PAI-03591,2026-03-01,TERMINATED,OTHER_OR_UNKNOWN,Synthetic historical analogue: project trajectory associated with terminated outcome.,SYNTHETIC
PAI-03592,2026-03-01,DOWNGRADED,LEGAL_OR_SOCIAL,Synthetic historical analogue: project trajectory associated with downgraded outcome.,SYNTHETIC
PAI-03594,2026-03-01,FROZEN,BUDGET_OR_APPROVAL,Synthetic historical analogue: project trajectory associated with frozen outcome.,SYNTHETIC
PAI-03597,2026-03-01,TERMINATED,OTHER_OR_UNKNOWN,Synthetic historical analogue: project trajectory associated with terminated outcome.,SYNTHETIC
PAI-03600,2026-03-01,FROZEN,LAND_ACQUISITION,Synthetic historical analogue: project trajectory associated with frozen outcome.,SYNTHETIC
PAI-03602,2026-03-01,FROZEN,OTHER_OR_UNKNOWN,Synthetic historical analogue: project trajectory associated with frozen outcome.,SYNTHETIC
PAI-03609,2026-03-01,FROZEN,OTHER_OR_UNKNOWN,Synthetic historical analogue: project trajectory associated with frozen outcome.,SYNTHETIC
PAI-03622,2026-03-01,FROZEN,OTHER_OR_UNKNOWN,Synthetic historical analogue: project trajectory associated with frozen outcome.,SYNTHETIC
PAI-03623,2026-03-01,DOWNGRADED,ENGINEERING_OR_FEASIBILITY,Synthetic historical analogue: project trajectory associated with downgraded outcome.,SYNTHETIC
PAI-03625,2026-03-01,FROZEN,ENGINEERING_OR_FEASIBILITY,Synthetic historical analogue: project trajectory associated with frozen outcome.,SYNTHETIC
PAI-03627,2026-03-01,DROPPED,FUNDING,Synthetic historical analogue: project trajectory associated with dropped outcome.,SYNTHETIC
PAI-03642,2026-03-01,TERMINATED,SCOPE_OR_POLICY,Synthetic historical analogue: project trajectory associated with terminated outcome.,SYNTHETIC
PAI-03646,2026-03-01,DOWNGRADED,SCOPE_OR_POLICY,Synthetic historical analogue: project trajectory associated with downgraded outcome.,SYNTHETIC
PAI-03650,2026-03-01,DOWNGRADED,CLEARANCE,Synthetic historical analogue: project trajectory associated with downgraded outcome.,SYNTHETIC
PAI-03656,2026-03-01,DOWNGRADED,BUDGET_OR_APPROVAL,Synthetic historical analogue: project trajectory associated with downgraded outcome.,SYNTHETIC
PAI-03667,2026-03-01,DOWNGRADED,CLEARANCE,Synthetic historical analogue: project trajectory associated with downgraded outcome.,SYNTHETIC
PAI-03671,2026-03-01,CANCELLED,CLEARANCE,Synthetic historical analogue: project trajectory associated with cancelled outcome.,SYNTHETIC
PAI-03674,2026-03-01,DROPPED,PROCUREMENT_OR_CONTRACT,Synthetic historical analogue: project trajectory associated with dropped outcome.,SYNTHETIC
PAI-03675,2026-03-01,DROPPED,ENGINEERING_OR_FEASIBILITY,Synthetic historical analogue: project trajectory associated with dropped outcome.,SYNTHETIC
PAI-03676,2026-03-01,FROZEN,LAND_ACQUISITION,Synthetic historical analogue: project trajectory associated with frozen outcome.,SYNTHETIC
PAI-03678,2026-03-01,FROZEN,SCOPE_OR_POLICY,Synthetic historical analogue: project trajectory associated with frozen outcome.,SYNTHETIC
PAI-03687,2026-03-01,DROPPED,BUDGET_OR_APPROVAL,Synthetic historical analogue: project trajectory associated with dropped outcome.,SYNTHETIC
PAI-03689,2026-03-01,ABANDONED,FUNDING,Synthetic historical analogue: project trajectory associated with abandoned outcome.,SYNTHETIC
PAI-03693,2026-03-01,DOWNGRADED,SCOPE_OR_POLICY,Synthetic historical analogue: project trajectory associated with downgraded outcome.,SYNTHETIC
PAI-03701,2026-03-01,DOWNGRADED,FUNDING,Synthetic historical analogue: project trajectory associated with downgraded outcome.,SYNTHETIC
PAI-03704,2026-03-01,DOWNGRADED,SCOPE_OR_POLICY,Synthetic historical analogue: project trajectory associated with downgraded outcome.,SYNTHETIC
PAI-03706,2026-03-01,CANCELLED,SCOPE_OR_POLICY,Synthetic historical analogue: project trajectory associated with cancelled outcome.,SYNTHETIC
PAI-03716,2026-03-01,TERMINATED,SCOPE_OR_POLICY,Synthetic historical analogue: project trajectory associated with terminated outcome.,SYNTHETIC
PAI-03719,2026-03-01,FROZEN,OTHER_OR_UNKNOWN,Synthetic historical analogue: project trajectory associated with frozen outcome.,SYNTHETIC
PAI-03722,2026-03-01,FROZEN,PROCUREMENT_OR_CONTRACT,Synthetic historical analogue: project trajectory associated with frozen outcome.,SYNTHETIC
PAI-03723,2026-03-01,DOWNGRADED,PROCUREMENT_OR_CONTRACT,Synthetic historical analogue: project trajectory associated with downgraded outcome.,SYNTHETIC
PAI-03729,2026-03-01,DOWNGRADED,OTHER_OR_UNKNOWN,Synthetic historical analogue: project trajectory associated with downgraded outcome.,SYNTHETIC
PAI-03739,2026-03-01,DROPPED,OTHER_OR_UNKNOWN,Synthetic historical analogue: project trajectory associated with dropped outcome.,SYNTHETIC
PAI-03740,2026-03-01,CANCELLED,ENGINEERING_OR_FEASIBILITY,Synthetic historical analogue: project trajectory associated with cancelled outcome.,SYNTHETIC
PAI-03749,2026-03-01,CANCELLED,SCOPE_OR_POLICY,Synthetic historical analogue: project trajectory associated with cancelled outcome.,SYNTHETIC
PAI-03751,2026-03-01,DOWNGRADED,OTHER_OR_UNKNOWN,Synthetic historical analogue: project trajectory associated with downgraded outcome.,SYNTHETIC
PAI-03754,2026-03-01,DROPPED,CLEARANCE,Synthetic historical analogue: project trajectory associated with dropped outcome.,SYNTHETIC
PAI-03755,2026-03-01,TERMINATED,LEGAL_OR_SOCIAL,Synthetic historical analogue: project trajectory associated with terminated outcome.,SYNTHETIC
PAI-03761,2026-03-01,TERMINATED,LEGAL_OR_SOCIAL,Synthetic historical analogue: project trajectory associated with terminated outcome.,SYNTHETIC
PAI-03775,2026-03-01,FROZEN,FUNDING,Synthetic historical analogue: project trajectory associated with frozen outcome.,SYNTHETIC
PAI-03778,2026-03-01,DOWNGRADED,LAND_ACQUISITION,Synthetic historical analogue: project trajectory associated with downgraded outcome.,SYNTHETIC
PAI-03780,2026-03-01,DOWNGRADED,BUDGET_OR_APPROVAL,Synthetic historical analogue: project trajectory associated with downgraded outcome.,SYNTHETIC
PAI-03784,2026-03-01,TERMINATED,BUDGET_OR_APPROVAL,Synthetic historical analogue: project trajectory associated with terminated outcome.,SYNTHETIC
PAI-03792,2026-03-01,FROZEN,LEGAL_OR_SOCIAL,Synthetic historical analogue: project trajectory associated with frozen outcome.,SYNTHETIC
PAI-03795,2026-03-01,TERMINATED,OTHER_OR_UNKNOWN,Synthetic historical analogue: project trajectory associated with terminated outcome.,SYNTHETIC
PAI-03800,2026-03-01,FROZEN,CLEARANCE,Synthetic historical analogue: project trajectory associated with frozen outcome.,SYNTHETIC
PAI-03809,2026-03-01,DOWNGRADED,SCOPE_OR_POLICY,Synthetic historical analogue: project trajectory associated with downgraded outcome.,SYNTHETIC
PAI-03818,2026-03-01,TERMINATED,LEGAL_OR_SOCIAL,Synthetic historical analogue: project trajectory associated with terminated outcome.,SYNTHETIC
PAI-03832,2026-03-01,FROZEN,LEGAL_OR_SOCIAL,Synthetic historical analogue: project trajectory associated with frozen outcome.,SYNTHETIC
PAI-03834,2026-03-01,DOWNGRADED,LEGAL_OR_SOCIAL,Synthetic historical analogue: project trajectory associated with downgraded outcome.,SYNTHETIC
PAI-03836,2026-03-01,CANCELLED,BUDGET_OR_APPROVAL,Synthetic historical analogue: project trajectory associated with cancelled outcome.,SYNTHETIC
PAI-03838,2026-03-01,CANCELLED,PROCUREMENT_OR_CONTRACT,Synthetic historical analogue: project trajectory associated with cancelled outcome.,SYNTHETIC
PAI-03839,2026-03-01,DOWNGRADED,PROCUREMENT_OR_CONTRACT,Synthetic historical analogue: project trajectory associated with downgraded outcome.,SYNTHETIC
PAI-03845,2026-03-01,DROPPED,OTHER_OR_UNKNOWN,Synthetic historical analogue: project trajectory associated with dropped outcome.,SYNTHETIC
PAI-03848,2026-03-01,DROPPED,ENGINEERING_OR_FEASIBILITY,Synthetic historical analogue: project trajectory associated with dropped outcome.,SYNTHETIC
PAI-03849,2026-03-01,FROZEN,PROCUREMENT_OR_CONTRACT,Synthetic historical analogue: project trajectory associated with frozen outcome.,SYNTHETIC
PAI-03850,2026-03-01,FROZEN,SCOPE_OR_POLICY,Synthetic historical analogue: project trajectory associated with frozen outcome.,SYNTHETIC
PAI-03854,2026-03-01,TERMINATED,LAND_ACQUISITION,Synthetic historical analogue: project trajectory associated with terminated outcome.,SYNTHETIC
PAI-03859,2026-03-01,DROPPED,LEGAL_OR_SOCIAL,Synthetic historical analogue: project trajectory associated with dropped outcome.,SYNTHETIC
PAI-03860,2026-03-01,DOWNGRADED,LEGAL_OR_SOCIAL,Synthetic historical analogue: project trajectory associated with downgraded outcome.,SYNTHETIC
PAI-03880,2026-03-01,DOWNGRADED,PROCUREMENT_OR_CONTRACT,Synthetic historical analogue: project trajectory associated with downgraded outcome.,SYNTHETIC
PAI-03881,2026-03-01,DROPPED,LEGAL_OR_SOCIAL,Synthetic historical analogue: project trajectory associated with dropped outcome.,SYNTHETIC
PAI-03884,2026-03-01,CANCELLED,OTHER_OR_UNKNOWN,Synthetic historical analogue: project trajectory associated with cancelled outcome.,SYNTHETIC
PAI-03888,2026-03-01,FROZEN,PROCUREMENT_OR_CONTRACT,Synthetic historical analogue: project trajectory associated with frozen outcome.,SYNTHETIC
PAI-03900,2026-03-01,DOWNGRADED,SCOPE_OR_POLICY,Synthetic historical analogue: project trajectory associated with downgraded outcome.,SYNTHETIC
PAI-03910,2026-03-01,FROZEN,CLEARANCE,Synthetic historical analogue: project trajectory associated with frozen outcome.,SYNTHETIC
PAI-03913,2026-03-01,FROZEN,SCOPE_OR_POLICY,Synthetic historical analogue: project trajectory associated with frozen outcome.,SYNTHETIC
PAI-03914,2026-03-01,DOWNGRADED,BUDGET_OR_APPROVAL,Synthetic historical analogue: project trajectory associated with downgraded outcome.,SYNTHETIC
PAI-03915,2026-03-01,CANCELLED,PROCUREMENT_OR_CONTRACT,Synthetic historical analogue: project trajectory associated with cancelled outcome.,SYNTHETIC
PAI-03925,2026-03-01,CANCELLED,FUNDING,Synthetic historical analogue: project trajectory associated with cancelled outcome.,SYNTHETIC
PAI-03931,2026-03-01,DOWNGRADED,OTHER_OR_UNKNOWN,Synthetic historical analogue: project trajectory associated with downgraded outcome.,SYNTHETIC
PAI-03932,2026-03-01,DOWNGRADED,BUDGET_OR_APPROVAL,Synthetic historical analogue: project trajectory associated with downgraded outcome.,SYNTHETIC
PAI-03937,2026-03-01,DROPPED,LEGAL_OR_SOCIAL,Synthetic historical analogue: project trajectory associated with dropped outcome.,SYNTHETIC
PAI-03938,2026-03-01,FROZEN,SCOPE_OR_POLICY,Synthetic historical analogue: project trajectory associated with frozen outcome.,SYNTHETIC
PAI-03942,2026-03-01,DOWNGRADED,ENGINEERING_OR_FEASIBILITY,Synthetic historical analogue: project trajectory associated with downgraded outcome.,SYNTHETIC
PAI-03943,2026-03-01,CANCELLED,BUDGET_OR_APPROVAL,Synthetic historical analogue: project trajectory associated with cancelled outcome.,SYNTHETIC
PAI-03946,2026-03-01,FROZEN,PROCUREMENT_OR_CONTRACT,Synthetic historical analogue: project trajectory associated with frozen outcome.,SYNTHETIC
PAI-03947,2026-03-01,DOWNGRADED,OTHER_OR_UNKNOWN,Synthetic historical analogue: project trajectory associated with downgraded outcome.,SYNTHETIC
PAI-03951,2026-03-01,DROPPED,LEGAL_OR_SOCIAL,Synthetic historical analogue: project trajectory associated with dropped outcome.,SYNTHETIC
PAI-03953,2026-03-01,FROZEN,PROCUREMENT_OR_CONTRACT,Synthetic historical analogue: project trajectory associated with frozen outcome.,SYNTHETIC
PAI-03955,2026-03-01,DOWNGRADED,BUDGET_OR_APPROVAL,Synthetic historical analogue: project trajectory associated with downgraded outcome.,SYNTHETIC
PAI-03961,2026-03-01,DOWNGRADED,SCOPE_OR_POLICY,Synthetic historical analogue: project trajectory associated with downgraded outcome.,SYNTHETIC
PAI-03968,2026-03-01,ABANDONED,CLEARANCE,Synthetic historical analogue: project trajectory associated with abandoned outcome.,SYNTHETIC
PAI-03973,2026-03-01,FROZEN,SCOPE_OR_POLICY,Synthetic historical analogue: project trajectory associated with frozen outcome.,SYNTHETIC
PAI-03979,2026-03-01,FROZEN,ENGINEERING_OR_FEASIBILITY,Synthetic historical analogue: project trajectory associated with frozen outcome.,SYNTHETIC
PAI-03984,2026-03-01,FROZEN,BUDGET_OR_APPROVAL,Synthetic historical analogue: project trajectory associated with frozen outcome.,SYNTHETIC
PAI-03985,2026-03-01,DROPPED,OTHER_OR_UNKNOWN,Synthetic historical analogue: project trajectory associated with dropped outcome.,SYNTHETIC
PAI-03988,2026-03-01,ABANDONED,BUDGET_OR_APPROVAL,Synthetic historical analogue: project trajectory associated with abandoned outcome.,SYNTHETIC
PAI-03991,2026-03-01,DOWNGRADED,OTHER_OR_UNKNOWN,Synthetic historical analogue: project trajectory associated with downgraded outcome.,SYNTHETIC
PAI-04008,2026-03-01,FROZEN,PROCUREMENT_OR_CONTRACT,Synthetic historical analogue: project trajectory associated with frozen outcome.,SYNTHETIC
PAI-04009,2026-03-01,TERMINATED,PROCUREMENT_OR_CONTRACT,Synthetic historical analogue: project trajectory associated with terminated outcome.,SYNTHETIC
PAI-04014,2026-03-01,DOWNGRADED,PROCUREMENT_OR_CONTRACT,Synthetic historical analogue: project trajectory associated with downgraded outcome.,SYNTHETIC
PAI-04022,2026-03-01,DOWNGRADED,LEGAL_OR_SOCIAL,Synthetic historical analogue: project trajectory associated with downgraded outcome.,SYNTHETIC
PAI-04024,2026-03-01,TERMINATED,BUDGET_OR_APPROVAL,Synthetic historical analogue: project trajectory associated with terminated outcome.,SYNTHETIC
PAI-04025,2026-03-01,TERMINATED,OTHER_OR_UNKNOWN,Synthetic historical analogue: project trajectory associated with terminated outcome.,SYNTHETIC
PAI-04026,2026-03-01,DOWNGRADED,ENGINEERING_OR_FEASIBILITY,Synthetic historical analogue: project trajectory associated with downgraded outcome.,SYNTHETIC
PAI-04033,2026-03-01,DOWNGRADED,ENGINEERING_OR_FEASIBILITY,Synthetic historical analogue: project trajectory associated with downgraded outcome.,SYNTHETIC
PAI-04036,2026-03-01,DOWNGRADED,SCOPE_OR_POLICY,Synthetic historical analogue: project trajectory associated with downgraded outcome.,SYNTHETIC
PAI-04040,2026-03-01,FROZEN,BUDGET_OR_APPROVAL,Synthetic historical analogue: project trajectory associated with frozen outcome.,SYNTHETIC
PAI-04041,2026-03-01,TERMINATED,PROCUREMENT_OR_CONTRACT,Synthetic historical analogue: project trajectory associated with terminated outcome.,SYNTHETIC
PAI-04045,2026-03-01,CANCELLED,OTHER_OR_UNKNOWN,Synthetic historical analogue: project trajectory associated with cancelled outcome.,SYNTHETIC
PAI-04046,2026-03-01,FROZEN,LAND_ACQUISITION,Synthetic historical analogue: project trajectory associated with frozen outcome.,SYNTHETIC
PAI-04048,2026-03-01,CANCELLED,ENGINEERING_OR_FEASIBILITY,Synthetic historical analogue: project trajectory associated with cancelled outcome.,SYNTHETIC
PAI-04056,2026-03-01,DOWNGRADED,LEGAL_OR_SOCIAL,Synthetic historical analogue: project trajectory associated with downgraded outcome.,SYNTHETIC
PAI-04061,2026-03-01,CANCELLED,FUNDING,Synthetic historical analogue: project trajectory associated with cancelled outcome.,SYNTHETIC
PAI-04067,2026-03-01,DOWNGRADED,CLEARANCE,Synthetic historical analogue: project trajectory associated with downgraded outcome.,SYNTHETIC
PAI-04072,2026-03-01,DOWNGRADED,PROCUREMENT_OR_CONTRACT,Synthetic historical analogue: project trajectory associated with downgraded outcome.,SYNTHETIC
PAI-04083,2026-03-01,DOWNGRADED,ENGINEERING_OR_FEASIBILITY,Synthetic historical analogue: project trajectory associated with downgraded outcome.,SYNTHETIC
PAI-04085,2026-03-01,TERMINATED,FUNDING,Synthetic historical analogue: project trajectory associated with terminated outcome.,SYNTHETIC
PAI-04086,2026-03-01,FROZEN,SCOPE_OR_POLICY,Synthetic historical analogue: project trajectory associated with frozen outcome.,SYNTHETIC
PAI-04091,2026-03-01,FROZEN,OTHER_OR_UNKNOWN,Synthetic historical analogue: project trajectory associated with frozen outcome.,SYNTHETIC
PAI-04096,2026-03-01,DROPPED,PROCUREMENT_OR_CONTRACT,Synthetic historical analogue: project trajectory associated with dropped outcome.,SYNTHETIC
PAI-04102,2026-03-01,FROZEN,OTHER_OR_UNKNOWN,Synthetic historical analogue: project trajectory associated with frozen outcome.,SYNTHETIC
PAI-04104,2026-03-01,FROZEN,SCOPE_OR_POLICY,Synthetic historical analogue: project trajectory associated with frozen outcome.,SYNTHETIC
PAI-04105,2026-03-01,CANCELLED,CLEARANCE,Synthetic historical analogue: project trajectory associated with cancelled outcome.,SYNTHETIC
PAI-04117,2026-03-01,DOWNGRADED,PROCUREMENT_OR_CONTRACT,Synthetic historical analogue: project trajectory associated with downgraded outcome.,SYNTHETIC
PAI-04118,2026-03-01,FROZEN,OTHER_OR_UNKNOWN,Synthetic historical analogue: project trajectory associated with frozen outcome.,SYNTHETIC
PAI-04119,2026-03-01,DOWNGRADED,FUNDING,Synthetic historical analogue: project trajectory associated with downgraded outcome.,SYNTHETIC
PAI-04122,2026-03-01,CANCELLED,CLEARANCE,Synthetic historical analogue: project trajectory associated with cancelled outcome.,SYNTHETIC
PAI-04129,2026-03-01,DOWNGRADED,FUNDING,Synthetic historical analogue: project trajectory associated with downgraded outcome.,SYNTHETIC
PAI-04133,2026-03-01,TERMINATED,PROCUREMENT_OR_CONTRACT,Synthetic historical analogue: project trajectory associated with terminated outcome.,SYNTHETIC
PAI-04136,2026-03-01,TERMINATED,OTHER_OR_UNKNOWN,Synthetic historical analogue: project trajectory associated with terminated outcome.,SYNTHETIC
PAI-04140,2026-03-01,DOWNGRADED,PROCUREMENT_OR_CONTRACT,Synthetic historical analogue: project trajectory associated with downgraded outcome.,SYNTHETIC
PAI-04147,2026-03-01,FROZEN,CLEARANCE,Synthetic historical analogue: project trajectory associated with frozen outcome.,SYNTHETIC
PAI-04151,2026-03-01,CANCELLED,SCOPE_OR_POLICY,Synthetic historical analogue: project trajectory associated with cancelled outcome.,SYNTHETIC
PAI-04152,2026-03-01,TERMINATED,LEGAL_OR_SOCIAL,Synthetic historical analogue: project trajectory associated with terminated outcome.,SYNTHETIC
PAI-04154,2026-03-01,TERMINATED,BUDGET_OR_APPROVAL,Synthetic historical analogue: project trajectory associated with terminated outcome.,SYNTHETIC
PAI-04157,2026-03-01,FROZEN,CLEARANCE,Synthetic historical analogue: project trajectory associated with frozen outcome.,SYNTHETIC
PAI-04158,2026-03-01,DOWNGRADED,CLEARANCE,Synthetic historical analogue: project trajectory associated with downgraded outcome.,SYNTHETIC
PAI-04165,2026-03-01,FROZEN,ENGINEERING_OR_FEASIBILITY,Synthetic historical analogue: project trajectory associated with frozen outcome.,SYNTHETIC
PAI-04167,2026-03-01,FROZEN,LAND_ACQUISITION,Synthetic historical analogue: project trajectory associated with frozen outcome.,SYNTHETIC
PAI-04172,2026-03-01,ABANDONED,PROCUREMENT_OR_CONTRACT,Synthetic historical analogue: project trajectory associated with abandoned outcome.,SYNTHETIC
PAI-04181,2026-03-01,DOWNGRADED,SCOPE_OR_POLICY,Synthetic historical analogue: project trajectory associated with downgraded outcome.,SYNTHETIC
PAI-04185,2026-03-01,DOWNGRADED,OTHER_OR_UNKNOWN,Synthetic historical analogue: project trajectory associated with downgraded outcome.,SYNTHETIC
PAI-04189,2026-03-01,DOWNGRADED,CLEARANCE,Synthetic historical analogue: project trajectory associated with downgraded outcome.,SYNTHETIC
PAI-04192,2026-03-01,DOWNGRADED,LEGAL_OR_SOCIAL,Synthetic historical analogue: project trajectory associated with downgraded outcome.,SYNTHETIC
PAI-04195,2026-03-01,CANCELLED,BUDGET_OR_APPROVAL,Synthetic historical analogue: project trajectory associated with cancelled outcome.,SYNTHETIC
PAI-04198,2026-03-01,DOWNGRADED,BUDGET_OR_APPROVAL,Synthetic historical analogue: project trajectory associated with downgraded outcome.,SYNTHETIC
PAI-04201,2026-03-01,CANCELLED,LEGAL_OR_SOCIAL,Synthetic historical analogue: project trajectory associated with cancelled outcome.,SYNTHETIC
PAI-04217,2026-03-01,FROZEN,FUNDING,Synthetic historical analogue: project trajectory associated with frozen outcome.,SYNTHETIC
PAI-04220,2026-03-01,FROZEN,LEGAL_OR_SOCIAL,Synthetic historical analogue: project trajectory associated with frozen outcome.,SYNTHETIC
PAI-04224,2026-03-01,FROZEN,FUNDING,Synthetic historical analogue: project trajectory associated with frozen outcome.,SYNTHETIC
PAI-04231,2026-03-01,CANCELLED,PROCUREMENT_OR_CONTRACT,Synthetic historical analogue: project trajectory associated with cancelled outcome.,SYNTHETIC
PAI-04232,2026-03-01,DOWNGRADED,BUDGET_OR_APPROVAL,Synthetic historical analogue: project trajectory associated with downgraded outcome.,SYNTHETIC
PAI-04233,2026-03-01,CANCELLED,CLEARANCE,Synthetic historical analogue: project trajectory associated with cancelled outcome.,SYNTHETIC
PAI-04251,2026-03-01,CANCELLED,LAND_ACQUISITION,Synthetic historical analogue: project trajectory associated with cancelled outcome.,SYNTHETIC
PAI-04253,2026-03-01,TERMINATED,LEGAL_OR_SOCIAL,Synthetic historical analogue: project trajectory associated with terminated outcome.,SYNTHETIC
PAI-04264,2026-03-01,DOWNGRADED,ENGINEERING_OR_FEASIBILITY,Synthetic historical analogue: project trajectory associated with downgraded outcome.,SYNTHETIC
PAI-04272,2026-03-01,FROZEN,SCOPE_OR_POLICY,Synthetic historical analogue: project trajectory associated with frozen outcome.,SYNTHETIC
PAI-04284,2026-03-01,DOWNGRADED,ENGINEERING_OR_FEASIBILITY,Synthetic historical analogue: project trajectory associated with downgraded outcome.,SYNTHETIC
PAI-04290,2026-03-01,DOWNGRADED,ENGINEERING_OR_FEASIBILITY,Synthetic historical analogue: project trajectory associated with downgraded outcome.,SYNTHETIC
PAI-04294,2026-03-01,ABANDONED,OTHER_OR_UNKNOWN,Synthetic historical analogue: project trajectory associated with abandoned outcome.,SYNTHETIC
PAI-04310,2026-03-01,FROZEN,PROCUREMENT_OR_CONTRACT,Synthetic historical analogue: project trajectory associated with frozen outcome.,SYNTHETIC
PAI-04311,2026-03-01,CANCELLED,CLEARANCE,Synthetic historical analogue: project trajectory associated with cancelled outcome.,SYNTHETIC
PAI-04319,2026-03-01,FROZEN,SCOPE_OR_POLICY,Synthetic historical analogue: project trajectory associated with frozen outcome.,SYNTHETIC
PAI-04323,2026-03-01,FROZEN,SCOPE_OR_POLICY,Synthetic historical analogue: project trajectory associated with frozen outcome.,SYNTHETIC
PAI-04324,2026-03-01,FROZEN,BUDGET_OR_APPROVAL,Synthetic historical analogue: project trajectory associated with frozen outcome.,SYNTHETIC
PAI-04350,2026-03-01,TERMINATED,FUNDING,Synthetic historical analogue: project trajectory associated with terminated outcome.,SYNTHETIC
PAI-04354,2026-03-01,DROPPED,OTHER_OR_UNKNOWN,Synthetic historical analogue: project trajectory associated with dropped outcome.,SYNTHETIC
PAI-04355,2026-03-01,FROZEN,BUDGET_OR_APPROVAL,Synthetic historical analogue: project trajectory associated with frozen outcome.,SYNTHETIC
PAI-04356,2026-03-01,DOWNGRADED,FUNDING,Synthetic historical analogue: project trajectory associated with downgraded outcome.,SYNTHETIC
PAI-04359,2026-03-01,CANCELLED,FUNDING,Synthetic historical analogue: project trajectory associated with cancelled outcome.,SYNTHETIC
PAI-04363,2026-03-01,DROPPED,CLEARANCE,Synthetic historical analogue: project trajectory associated with dropped outcome.,SYNTHETIC
PAI-04365,2026-03-01,TERMINATED,PROCUREMENT_OR_CONTRACT,Synthetic historical analogue: project trajectory associated with terminated outcome.,SYNTHETIC
PAI-04366,2026-03-01,FROZEN,BUDGET_OR_APPROVAL,Synthetic historical analogue: project trajectory associated with frozen outcome.,SYNTHETIC
PAI-04372,2026-03-01,CANCELLED,OTHER_OR_UNKNOWN,Synthetic historical analogue: project trajectory associated with cancelled outcome.,SYNTHETIC
PAI-04383,2026-03-01,FROZEN,ENGINEERING_OR_FEASIBILITY,Synthetic historical analogue: project trajectory associated with frozen outcome.,SYNTHETIC
PAI-04387,2026-03-01,ABANDONED,SCOPE_OR_POLICY,Synthetic historical analogue: project trajectory associated with abandoned outcome.,SYNTHETIC
PAI-04388,2026-03-01,TERMINATED,LAND_ACQUISITION,Synthetic historical analogue: project trajectory associated with terminated outcome.,SYNTHETIC
PAI-04390,2026-03-01,FROZEN,LAND_ACQUISITION,Synthetic historical analogue: project trajectory associated with frozen outcome.,SYNTHETIC
PAI-04397,2026-03-01,TERMINATED,LAND_ACQUISITION,Synthetic historical analogue: project trajectory associated with terminated outcome.,SYNTHETIC
PAI-04398,2026-03-01,DOWNGRADED,LAND_ACQUISITION,Synthetic historical analogue: project trajectory associated with downgraded outcome.,SYNTHETIC
PAI-04400,2026-03-01,DROPPED,FUNDING,Synthetic historical analogue: project trajectory associated with dropped outcome.,SYNTHETIC
PAI-04403,2026-03-01,CANCELLED,OTHER_OR_UNKNOWN,Synthetic historical analogue: project trajectory associated with cancelled outcome.,SYNTHETIC
PAI-04408,2026-03-01,FROZEN,CLEARANCE,Synthetic historical analogue: project trajectory associated with frozen outcome.,SYNTHETIC
PAI-04409,2026-03-01,FROZEN,FUNDING,Synthetic historical analogue: project trajectory associated with frozen outcome.,SYNTHETIC
PAI-04410,2026-03-01,TERMINATED,BUDGET_OR_APPROVAL,Synthetic historical analogue: project trajectory associated with terminated outcome.,SYNTHETIC
PAI-04411,2026-03-01,FROZEN,PROCUREMENT_OR_CONTRACT,Synthetic historical analogue: project trajectory associated with frozen outcome.,SYNTHETIC
PAI-04412,2026-03-01,TERMINATED,LAND_ACQUISITION,Synthetic historical analogue: project trajectory associated with terminated outcome.,SYNTHETIC
PAI-04413,2026-03-01,FROZEN,PROCUREMENT_OR_CONTRACT,Synthetic historical analogue: project trajectory associated with frozen outcome.,SYNTHETIC
PAI-04414,2026-03-01,FROZEN,PROCUREMENT_OR_CONTRACT,Synthetic historical analogue: project trajectory associated with frozen outcome.,SYNTHETIC
PAI-04419,2026-03-01,CANCELLED,SCOPE_OR_POLICY,Synthetic historical analogue: project trajectory associated with cancelled outcome.,SYNTHETIC
PAI-04424,2026-03-01,DOWNGRADED,OTHER_OR_UNKNOWN,Synthetic historical analogue: project trajectory associated with downgraded outcome.,SYNTHETIC
PAI-04427,2026-03-01,CANCELLED,SCOPE_OR_POLICY,Synthetic historical analogue: project trajectory associated with cancelled outcome.,SYNTHETIC
PAI-04440,2026-03-01,DROPPED,BUDGET_OR_APPROVAL,Synthetic historical analogue: project trajectory associated with dropped outcome.,SYNTHETIC
PAI-04447,2026-03-01,DOWNGRADED,SCOPE_OR_POLICY,Synthetic historical analogue: project trajectory associated with downgraded outcome.,SYNTHETIC
PAI-04449,2026-03-01,TERMINATED,BUDGET_OR_APPROVAL,Synthetic historical analogue: project trajectory associated with terminated outcome.,SYNTHETIC
PAI-04451,2026-03-01,CANCELLED,BUDGET_OR_APPROVAL,Synthetic historical analogue: project trajectory associated with cancelled outcome.,SYNTHETIC
PAI-04454,2026-03-01,FROZEN,LEGAL_OR_SOCIAL,Synthetic historical analogue: project trajectory associated with frozen outcome.,SYNTHETIC
PAI-04456,2026-03-01,FROZEN,LEGAL_OR_SOCIAL,Synthetic historical analogue: project trajectory associated with frozen outcome.,SYNTHETIC
PAI-04460,2026-03-01,FROZEN,ENGINEERING_OR_FEASIBILITY,Synthetic historical analogue: project trajectory associated with frozen outcome.,SYNTHETIC
PAI-04462,2026-03-01,FROZEN,ENGINEERING_OR_FEASIBILITY,Synthetic historical analogue: project trajectory associated with frozen outcome.,SYNTHETIC
PAI-04464,2026-03-01,DOWNGRADED,PROCUREMENT_OR_CONTRACT,Synthetic historical analogue: project trajectory associated with downgraded outcome.,SYNTHETIC
PAI-04473,2026-03-01,ABANDONED,OTHER_OR_UNKNOWN,Synthetic historical analogue: project trajectory associated with abandoned outcome.,SYNTHETIC
PAI-04481,2026-03-01,TERMINATED,OTHER_OR_UNKNOWN,Synthetic historical analogue: project trajectory associated with terminated outcome.,SYNTHETIC
PAI-04488,2026-03-01,ABANDONED,PROCUREMENT_OR_CONTRACT,Synthetic historical analogue: project trajectory associated with abandoned outcome.,SYNTHETIC
PAI-04494,2026-03-01,FROZEN,OTHER_OR_UNKNOWN,Synthetic historical analogue: project trajectory associated with frozen outcome.,SYNTHETIC
PAI-04500,2026-03-01,CANCELLED,PROCUREMENT_OR_CONTRACT,Synthetic historical analogue: project trajectory associated with cancelled outcome.,SYNTHETIC
PAI-04507,2026-03-01,CANCELLED,ENGINEERING_OR_FEASIBILITY,Synthetic historical analogue: project trajectory associated with cancelled outcome.,SYNTHETIC
PAI-04510,2026-03-01,DROPPED,FUNDING,Synthetic historical analogue: project trajectory associated with dropped outcome.,SYNTHETIC
PAI-04513,2026-03-01,CANCELLED,SCOPE_OR_POLICY,Synthetic historical analogue: project trajectory associated with cancelled outcome.,SYNTHETIC
PAI-04519,2026-03-01,DROPPED,ENGINEERING_OR_FEASIBILITY,Synthetic historical analogue: project trajectory associated with dropped outcome.,SYNTHETIC
PAI-04520,2026-03-01,FROZEN,LAND_ACQUISITION,Synthetic historical analogue: project trajectory associated with frozen outcome.,SYNTHETIC
PAI-04521,2026-03-01,ABANDONED,PROCUREMENT_OR_CONTRACT,Synthetic historical analogue: project trajectory associated with abandoned outcome.,SYNTHETIC
PAI-04530,2026-03-01,DOWNGRADED,LAND_ACQUISITION,Synthetic historical analogue: project trajectory associated with downgraded outcome.,SYNTHETIC
PAI-04535,2026-03-01,FROZEN,LEGAL_OR_SOCIAL,Synthetic historical analogue: project trajectory associated with frozen outcome.,SYNTHETIC
PAI-04544,2026-03-01,CANCELLED,PROCUREMENT_OR_CONTRACT,Synthetic historical analogue: project trajectory associated with cancelled outcome.,SYNTHETIC
PAI-04559,2026-03-01,CANCELLED,LEGAL_OR_SOCIAL,Synthetic historical analogue: project trajectory associated with cancelled outcome.,SYNTHETIC
PAI-04573,2026-03-01,FROZEN,LEGAL_OR_SOCIAL,Synthetic historical analogue: project trajectory associated with frozen outcome.,SYNTHETIC
PAI-04574,2026-03-01,DOWNGRADED,LEGAL_OR_SOCIAL,Synthetic historical analogue: project trajectory associated with downgraded outcome.,SYNTHETIC
PAI-04577,2026-03-01,DOWNGRADED,OTHER_OR_UNKNOWN,Synthetic historical analogue: project trajectory associated with downgraded outcome.,SYNTHETIC
PAI-04578,2026-03-01,FROZEN,SCOPE_OR_POLICY,Synthetic historical analogue: project trajectory associated with frozen outcome.,SYNTHETIC
PAI-04582,2026-03-01,DOWNGRADED,LEGAL_OR_SOCIAL,Synthetic historical analogue: project trajectory associated with downgraded outcome.,SYNTHETIC
PAI-04584,2026-03-01,DOWNGRADED,SCOPE_OR_POLICY,Synthetic historical analogue: project trajectory associated with downgraded outcome.,SYNTHETIC
PAI-04586,2026-03-01,CANCELLED,SCOPE_OR_POLICY,Synthetic historical analogue: project trajectory associated with cancelled outcome.,SYNTHETIC
PAI-04591,2026-03-01,DOWNGRADED,PROCUREMENT_OR_CONTRACT,Synthetic historical analogue: project trajectory associated with downgraded outcome.,SYNTHETIC
PAI-04593,2026-03-01,DOWNGRADED,BUDGET_OR_APPROVAL,Synthetic historical analogue: project trajectory associated with downgraded outcome.,SYNTHETIC
PAI-04604,2026-03-01,DOWNGRADED,FUNDING,Synthetic historical analogue: project trajectory associated with downgraded outcome.,SYNTHETIC
PAI-04612,2026-03-01,FROZEN,BUDGET_OR_APPROVAL,Synthetic historical analogue: project trajectory associated with frozen outcome.,SYNTHETIC
PAI-04621,2026-03-01,FROZEN,BUDGET_OR_APPROVAL,Synthetic historical analogue: project trajectory associated with frozen outcome.,SYNTHETIC
PAI-04622,2026-03-01,FROZEN,PROCUREMENT_OR_CONTRACT,Synthetic historical analogue: project trajectory associated with frozen outcome.,SYNTHETIC
PAI-04624,2026-03-01,DOWNGRADED,CLEARANCE,Synthetic historical analogue: project trajectory associated with downgraded outcome.,SYNTHETIC
PAI-04626,2026-03-01,DOWNGRADED,CLEARANCE,Synthetic historical analogue: project trajectory associated with downgraded outcome.,SYNTHETIC
PAI-04637,2026-03-01,DOWNGRADED,FUNDING,Synthetic historical analogue: project trajectory associated with downgraded outcome.,SYNTHETIC
PAI-04639,2026-03-01,DROPPED,SCOPE_OR_POLICY,Synthetic historical analogue: project trajectory associated with dropped outcome.,SYNTHETIC
PAI-04641,2026-03-01,FROZEN,ENGINEERING_OR_FEASIBILITY,Synthetic historical analogue: project trajectory associated with frozen outcome.,SYNTHETIC
PAI-04642,2026-03-01,FROZEN,ENGINEERING_OR_FEASIBILITY,Synthetic historical analogue: project trajectory associated with frozen outcome.,SYNTHETIC
PAI-04644,2026-03-01,DOWNGRADED,CLEARANCE,Synthetic historical analogue: project trajectory associated with downgraded outcome.,SYNTHETIC
PAI-04649,2026-03-01,FROZEN,PROCUREMENT_OR_CONTRACT,Synthetic historical analogue: project trajectory associated with frozen outcome.,SYNTHETIC
PAI-04651,2026-03-01,DOWNGRADED,ENGINEERING_OR_FEASIBILITY,Synthetic historical analogue: project trajectory associated with downgraded outcome.,SYNTHETIC
PAI-04657,2026-03-01,TERMINATED,FUNDING,Synthetic historical analogue: project trajectory associated with terminated outcome.,SYNTHETIC
PAI-04667,2026-03-01,DROPPED,LEGAL_OR_SOCIAL,Synthetic historical analogue: project trajectory associated with dropped outcome.,SYNTHETIC
PAI-04678,2026-03-01,DOWNGRADED,LAND_ACQUISITION,Synthetic historical analogue: project trajectory associated with downgraded outcome.,SYNTHETIC
PAI-04680,2026-03-01,FROZEN,OTHER_OR_UNKNOWN,Synthetic historical analogue: project trajectory associated with frozen outcome.,SYNTHETIC
PAI-04683,2026-03-01,FROZEN,LAND_ACQUISITION,Synthetic historical analogue: project trajectory associated with frozen outcome.,SYNTHETIC
PAI-04691,2026-03-01,DOWNGRADED,LAND_ACQUISITION,Synthetic historical analogue: project trajectory associated with downgraded outcome.,SYNTHETIC
PAI-04692,2026-03-01,FROZEN,CLEARANCE,Synthetic historical analogue: project trajectory associated with frozen outcome.,SYNTHETIC
PAI-04705,2026-03-01,DOWNGRADED,LEGAL_OR_SOCIAL,Synthetic historical analogue: project trajectory associated with downgraded outcome.,SYNTHETIC
PAI-04709,2026-03-01,TERMINATED,ENGINEERING_OR_FEASIBILITY,Synthetic historical analogue: project trajectory associated with terminated outcome.,SYNTHETIC
PAI-04716,2026-03-01,DOWNGRADED,BUDGET_OR_APPROVAL,Synthetic historical analogue: project trajectory associated with downgraded outcome.,SYNTHETIC
PAI-04721,2026-03-01,DOWNGRADED,CLEARANCE,Synthetic historical analogue: project trajectory associated with downgraded outcome.,SYNTHETIC
PAI-04724,2026-03-01,FROZEN,PROCUREMENT_OR_CONTRACT,Synthetic historical analogue: project trajectory associated with frozen outcome.,SYNTHETIC
PAI-04733,2026-03-01,FROZEN,LAND_ACQUISITION,Synthetic historical analogue: project trajectory associated with frozen outcome.,SYNTHETIC
PAI-04745,2026-03-01,FROZEN,LAND_ACQUISITION,Synthetic historical analogue: project trajectory associated with frozen outcome.,SYNTHETIC
PAI-04748,2026-03-01,FROZEN,FUNDING,Synthetic historical analogue: project trajectory associated with frozen outcome.,SYNTHETIC
PAI-04749,2026-03-01,DOWNGRADED,PROCUREMENT_OR_CONTRACT,Synthetic historical analogue: project trajectory associated with downgraded outcome.,SYNTHETIC
PAI-04751,2026-03-01,CANCELLED,PROCUREMENT_OR_CONTRACT,Synthetic historical analogue: project trajectory associated with cancelled outcome.,SYNTHETIC
PAI-04761,2026-03-01,FROZEN,CLEARANCE,Synthetic historical analogue: project trajectory associated with frozen outcome.,SYNTHETIC
PAI-04762,2026-03-01,FROZEN,LAND_ACQUISITION,Synthetic historical analogue: project trajectory associated with frozen outcome.,SYNTHETIC
PAI-04769,2026-03-01,DOWNGRADED,ENGINEERING_OR_FEASIBILITY,Synthetic historical analogue: project trajectory associated with downgraded outcome.,SYNTHETIC
PAI-04771,2026-03-01,DOWNGRADED,FUNDING,Synthetic historical analogue: project trajectory associated with downgraded outcome.,SYNTHETIC
PAI-04777,2026-03-01,DOWNGRADED,OTHER_OR_UNKNOWN,Synthetic historical analogue: project trajectory associated with downgraded outcome.,SYNTHETIC
PAI-04779,2026-03-01,FROZEN,FUNDING,Synthetic historical analogue: project trajectory associated with frozen outcome.,SYNTHETIC
PAI-04789,2026-03-01,DOWNGRADED,SCOPE_OR_POLICY,Synthetic historical analogue: project trajectory associated with downgraded outcome.,SYNTHETIC
PAI-04800,2026-03-01,TERMINATED,OTHER_OR_UNKNOWN,Synthetic historical analogue: project trajectory associated with terminated outcome.,SYNTHETIC
PAI-04804,2026-03-01,DOWNGRADED,ENGINEERING_OR_FEASIBILITY,Synthetic historical analogue: project trajectory associated with downgraded outcome.,SYNTHETIC
PAI-04810,2026-03-01,TERMINATED,OTHER_OR_UNKNOWN,Synthetic historical analogue: project trajectory associated with terminated outcome.,SYNTHETIC
PAI-04819,2026-03-01,DROPPED,CLEARANCE,Synthetic historical analogue: project trajectory associated with dropped outcome.,SYNTHETIC
PAI-04822,2026-03-01,FROZEN,PROCUREMENT_OR_CONTRACT,Synthetic historical analogue: project trajectory associated with frozen outcome.,SYNTHETIC
PAI-04825,2026-03-01,CANCELLED,LAND_ACQUISITION,Synthetic historical analogue: project trajectory associated with cancelled outcome.,SYNTHETIC
PAI-04833,2026-03-01,TERMINATED,OTHER_OR_UNKNOWN,Synthetic historical analogue: project trajectory associated with terminated outcome.,SYNTHETIC
PAI-04837,2026-03-01,FROZEN,BUDGET_OR_APPROVAL,Synthetic historical analogue: project trajectory associated with frozen outcome.,SYNTHETIC
PAI-04839,2026-03-01,TERMINATED,SCOPE_OR_POLICY,Synthetic historical analogue: project trajectory associated with terminated outcome.,SYNTHETIC
PAI-04843,2026-03-01,FROZEN,OTHER_OR_UNKNOWN,Synthetic historical analogue: project trajectory associated with frozen outcome.,SYNTHETIC
PAI-04845,2026-03-01,TERMINATED,LEGAL_OR_SOCIAL,Synthetic historical analogue: project trajectory associated with terminated outcome.,SYNTHETIC
PAI-04849,2026-03-01,FROZEN,CLEARANCE,Synthetic historical analogue: project trajectory associated with frozen outcome.,SYNTHETIC
PAI-04855,2026-03-01,CANCELLED,FUNDING,Synthetic historical analogue: project trajectory associated with cancelled outcome.,SYNTHETIC
PAI-04857,2026-03-01,DOWNGRADED,FUNDING,Synthetic historical analogue: project trajectory associated with downgraded outcome.,SYNTHETIC
PAI-04862,2026-03-01,FROZEN,OTHER_OR_UNKNOWN,Synthetic historical analogue: project trajectory associated with frozen outcome.,SYNTHETIC
PAI-04873,2026-03-01,ABANDONED,PROCUREMENT_OR_CONTRACT,Synthetic historical analogue: project trajectory associated with abandoned outcome.,SYNTHETIC
PAI-04875,2026-03-01,FROZEN,SCOPE_OR_POLICY,Synthetic historical analogue: project trajectory associated with frozen outcome.,SYNTHETIC
PAI-04896,2026-03-01,FROZEN,SCOPE_OR_POLICY,Synthetic historical analogue: project trajectory associated with frozen outcome.,SYNTHETIC
PAI-04897,2026-03-01,FROZEN,SCOPE_OR_POLICY,Synthetic historical analogue: project trajectory associated with frozen outcome.,SYNTHETIC
PAI-04900,2026-03-01,FROZEN,ENGINEERING_OR_FEASIBILITY,Synthetic historical analogue: project trajectory associated with frozen outcome.,SYNTHETIC
PAI-04916,2026-03-01,FROZEN,BUDGET_OR_APPROVAL,Synthetic historical analogue: project trajectory associated with frozen outcome.,SYNTHETIC
PAI-04925,2026-03-01,DOWNGRADED,LEGAL_OR_SOCIAL,Synthetic historical analogue: project trajectory associated with downgraded outcome.,SYNTHETIC
PAI-04926,2026-03-01,DOWNGRADED,SCOPE_OR_POLICY,Synthetic historical analogue: project trajectory associated with downgraded outcome.,SYNTHETIC
PAI-04935,2026-03-01,CANCELLED,FUNDING,Synthetic historical analogue: project trajectory associated with cancelled outcome.,SYNTHETIC
PAI-04938,2026-03-01,DOWNGRADED,BUDGET_OR_APPROVAL,Synthetic historical analogue: project trajectory associated with downgraded outcome.,SYNTHETIC
PAI-04940,2026-03-01,FROZEN,ENGINEERING_OR_FEASIBILITY,Synthetic historical analogue: project trajectory associated with frozen outcome.,SYNTHETIC
PAI-04941,2026-03-01,CANCELLED,ENGINEERING_OR_FEASIBILITY,Synthetic historical analogue: project trajectory associated with cancelled outcome.,SYNTHETIC
PAI-04943,2026-03-01,TERMINATED,OTHER_OR_UNKNOWN,Synthetic historical analogue: project trajectory associated with terminated outcome.,SYNTHETIC
PAI-04944,2026-03-01,FROZEN,BUDGET_OR_APPROVAL,Synthetic historical analogue: project trajectory associated with frozen outcome.,SYNTHETIC
PAI-04953,2026-03-01,DROPPED,OTHER_OR_UNKNOWN,Synthetic historical analogue: project trajectory associated with dropped outcome.,SYNTHETIC
PAI-04958,2026-03-01,FROZEN,ENGINEERING_OR_FEASIBILITY,Synthetic historical analogue: project trajectory associated with frozen outcome.,SYNTHETIC
PAI-04964,2026-03-01,DOWNGRADED,ENGINEERING_OR_FEASIBILITY,Synthetic historical analogue: project trajectory associated with downgraded outcome.,SYNTHETIC
PAI-04965,2026-03-01,FROZEN,LAND_ACQUISITION,Synthetic historical analogue: project trajectory associated with frozen outcome.,SYNTHETIC
PAI-04974,2026-03-01,TERMINATED,CLEARANCE,Synthetic historical analogue: project trajectory associated with terminated outcome.,SYNTHETIC
PAI-04976,2026-03-01,DOWNGRADED,LAND_ACQUISITION,Synthetic historical analogue: project trajectory associated with downgraded outcome.,SYNTHETIC
PAI-04988,2026-03-01,TERMINATED,LEGAL_OR_SOCIAL,Synthetic historical analogue: project trajectory associated with terminated outcome.,SYNTHETIC
PAI-04989,2026-03-01,CANCELLED,BUDGET_OR_APPROVAL,Synthetic historical analogue: project trajectory associated with cancelled outcome.,SYNTHETIC
PAI-04991,2026-03-01,TERMINATED,BUDGET_OR_APPROVAL,Synthetic historical analogue: project trajectory associated with terminated outcome.,SYNTHETIC
PAI-04993,2026-03-01,FROZEN,ENGINEERING_OR_FEASIBILITY,Synthetic historical analogue: project trajectory associated with frozen outcome.,SYNTHETIC
PAI-04996,2026-03-01,CANCELLED,LEGAL_OR_SOCIAL,Synthetic historical analogue: project trajectory associated with cancelled outcome.,SYNTHETIC
PAI-04998,2026-03-01,DOWNGRADED,LAND_ACQUISITION,Synthetic historical analogue: project trajectory associated with downgraded outcome.,SYNTHETIC
PAI-04999,2026-03-01,DOWNGRADED,LAND_ACQUISITION,Synthetic historical analogue: project trajectory associated with downgraded outcome.,SYNTHETIC
