internal_project_id,outcome_date,outcome_type,outcome_reason
PAI-00001,2026-03-01,COMPLETED,SYNTHETIC_OUTCOME
PAI-00002,2026-03-01,COMPLETED,SYNTHETIC_OUTCOME
PAI-00003,2026-03-01,COMPLETED,SYNTHETIC_OUTCOME
PAI-00004,2026-03-01,DOWNGRADED,SYNTHETIC_OUTCOME
PAI-00005,2026-03-01,COMPLETED,SYNTHETIC_OUTCOME
PAI-00006,2026-03-01,TERMINATED,SYNTHETIC_OUTCOME
PAI-00007,2026-03-01,COMPLETED,SYNTHETIC_OUTCOME
PAI-00008,2026-03-01,COMPLETED,SYNTHETIC_OUTCOME
PAI-00009,2026-03-01,DOWNGRADED,SYNTHETIC_OUTCOME
PAI-00010,2026-03-01,COMPLETED,SYNTHETIC_OUTCOME
PAI-00011,2026-03-01,COMPLETED,SYNTHETIC_OUTCOME
PAI-00012,2026-03-01,COMPLETED,SYNTHETIC_OUTCOME
PAI-00013,2026-03-01,COMPLETED,SYNTHETIC_OUTCOME
PAI-00014,2026-03-01,COMPLETED,SYNTHETIC_OUTCOME
PAI-00015,2026-03-01,COMPLETED,SYNTHETIC_OUTCOME
PAI-00016,2026-03-01,COMPLETED,SYNTHETIC_OUTCOME
PAI-00017,2026-03-01,FROZEN,SYNTHETIC_OUTCOME
PAI-00018,2026-03-01,COMPLETED,SYNTHETIC_OUTCOME
PAI-00019,2026-03-01,COMPLETED,SYNTHETIC_OUTCOME
PAI-00020,2026-03-01,COMPLETED,SYNTHETIC_OUTCOME
PAI-00021,2026-03-01,COMPLETED,SYNTHETIC_OUTCOME
PAI-00022,2026-03-01,COMPLETED,SYNTHETIC_OUTCOME
PAI-00023,2026-03-01,COMPLETED,SYNTHETIC_OUTCOME
PAI-00024,2026-03-01,COMPLETED,SYNTHETIC_OUTCOME
PAI-00025,2026-03-01,FROZEN,SYNTHETIC_OUTCOME
PAI-00026,2026-03-01,COMPLETED,SYNTHETIC_OUTCOME
PAI-00027,2026-03-01,FROZEN,SYNTHETIC_OUTCOME
PAI-00028,2026-03-01,COMPLETED,SYNTHETIC_OUTCOME
PAI-00029,2026-03-01,COMPLETED,SYNTHETIC_OUTCOME
PAI-00030,2026-03-01,COMPLETED,SYNTHETIC_OUTCOME
PAI-00031,2026-03-01,DOWNGRADED,SYNTHETIC_OUTCOME
PAI-00032,2026-03-01,COMPLETED,SYNTHETIC_OUTCOME
PAI-00033,2026-03-01,DOWNGRADED,SYNTHETIC_OUTCOME
PAI-00034,2026-03-01,COMPLETED,SYNTHETIC_OUTCOME
PAI-00035,2026-03-01,DOWNGRADED,SYNTHETIC_OUTCOME
PAI-00036,2026-03-01,COMPLETED,SYNTHETIC_OUTCOME
PAI-00037,2026-03-01,COMPLETED,SYNTHETIC_OUTCOME
PAI-00038,2026-03-01,FROZEN,SYNTHETIC_OUTCOME
PAI-00039,2026-03-01,COMPLETED,SYNTHETIC_OUTCOME
PAI-00040,2026-03-01,FROZEN,SYNTHETIC_OUTCOME
PAI-00041,2026-03-01,COMPLETED,SYNTHETIC_OUTCOME
PAI-00042,2026-03-01,COMPLETED,SYNTHETIC_OUTCOME
PAI-00043,2026-03-01,COMPLETED,SYNTHETIC_OUTCOME
PAI-00044,2026-03-01,COMPLETED,SYNTHETIC_OUTCOME
PAI-00045,2026-03-01,COMPLETED,SYNTHETIC_OUTCOME
PAI-00046,2026-03-01,FROZEN,SYNTHETIC_OUTCOME
PAI-00047,2026-03-01,COMPLETED,SYNTHETIC_OUTCOME
PAI-00048,2026-03-01,COMPLETED,SYNTHETIC_OUTCOME
PAI-00049,2026-03-01,COMPLETED,SYNTHETIC_OUTCOME
PAI-00050,2026-03-01,COMPLETED,SYNTHETIC_OUTCOME
PAI-00051,2026-03-01,COMPLETED,SYNTHETIC_OUTCOME
PAI-00052,2026-03-01,COMPLETED,SYNTHETIC_OUTCOME
PAI-00053,2026-03-01,COMPLETED,SYNTHETIC_OUTCOME
PAI-00054,2026-03-01,COMPLETED,SYNTHETIC_OUTCOME
PAI-00055,2026-03-01,COMPLETED,SYNTHETIC_OUTCOME
PAI-00056,2026-03-01,COMPLETED,SYNTHETIC_OUTCOME
PAI-00057,2026-03-01,COMPLETED,SYNTHETIC_OUTCOME
PAI-00058,2026-03-01,COMPLETED,SYNTHETIC_OUTCOME
PAI-00059,2026-03-01,TERMINATED,SYNTHETIC_OUTCOME
PAI-00060,2026-03-01,COMPLETED,SYNTHETIC_OUTCOME
PAI-00061,2026-03-01,TERMINATED,SYNTHETIC_OUTCOME
PAI-00062,2026-03-01,COMPLETED,SYNTHETIC_OUTCOME
PAI-00063,2026-03-01,DROPPED,SYNTHETIC_OUTCOME
PAI-00064,2026-03-01,COMPLETED,SYNTHETIC_OUTCOME
PAI-00065,2026-03-01,COMPLETED,SYNTHETIC_OUTCOME
PAI-00066,2026-03-01,DOWNGRADED,SYNTHETIC_OUTCOME
PAI-00067,2026-03-01,CANCELLED,SYNTHETIC_OUTCOME
PAI-00068,2026-03-01,COMPLETED,SYNTHETIC_OUTCOME
PAI-00069,2026-03-01,COMPLETED,SYNTHETIC_OUTCOME
PAI-00070,2026-03-01,ABANDONED,SYNTHETIC_OUTCOME
PAI-00071,2026-03-01,COMPLETED,SYNTHETIC_OUTCOME
PAI-00072,2026-03-01,COMPLETED,SYNTHETIC_OUTCOME
PAI-00073,2026-03-01,COMPLETED,SYNTHETIC_OUTCOME
PAI-00074,2026-03-01,COMPLETED,SYNTHETIC_OUTCOME
PAI-00075,2026-03-01,COMPLETED,SYNTHETIC_OUTCOME
PAI-00076,2026-03-01,DOWNGRADED,SYNTHETIC_OUTCOME
PAI-00077,2026-03-01,COMPLETED,SYNTHETIC_OUTCOME
PAI-00078,2026-03-01,COMPLETED,SYNTHETIC_OUTCOME
PAI-00079,2026-03-01,DOWNGRADED,SYNTHETIC_OUTCOME
PAI-00080,2026-03-01,COMPLETED,SYNTHETIC_OUTCOME
PAI-00081,2026-03-01,COMPLETED,SYNTHETIC_OUTCOME
PAI-00082,2026-03-01,COMPLETED,SYNTHETIC_OUTCOME
PAI-00083,2026-03-01,COMPLETED,SYNTHETIC_OUTCOME
PAI-00084,2026-03-01,DOWNGRADED,SYNTHETIC_OUTCOME
PAI-00085,2026-03-01,COMPLETED,SYNTHETIC_OUTCOME
PAI-00086,2026-03-01,COMPLETED,SYNTHETIC_OUTCOME
PAI-00087,2026-03-01,COMPLETED,SYNTHETIC_OUTCOME
PAI-00088,2026-03-01,COMPLETED,SYNTHETIC_OUTCOME
PAI-00089,2026-03-01,COMPLETED,SYNTHETIC_OUTCOME
PAI-00090,2026-03-01,COMPLETED,SYNTHETIC_OUTCOME
PAI-00091,2026-03-01,COMPLETED,SYNTHETIC_OUTCOME
PAI-00092,2026-03-01,COMPLETED,SYNTHETIC_OUTCOME
PAI-00093,2026-03-01,COMPLETED,SYNTHETIC_OUTCOME
PAI-00094,2026-03-01,COMPLETED,SYNTHETIC_OUTCOME
PAI-00095,2026-03-01,COMPLETED,SYNTHETIC_OUTCOME
PAI-00096,2026-03-01,COMPLETED,SYNTHETIC_OUTCOME
PAI-00097,2026-03-01,COMPLETED,SYNTHETIC_OUTCOME
PAI-00098,2026-03-01,COMPLETED,SYNTHETIC_OUTCOME
PAI-00099,2026-03-01,COMPLETED,SYNTHETIC_OUTCOME
PAI-00100,2026-03-01,ABANDONED,SYNTHETIC_OUTCOME
PAI-00101,2026-03-01,TERMINATED,SYNTHETIC_OUTCOME
PAI-00102,2026-03-01,COMPLETED,SYNTHETIC_OUTCOME
PAI-00103,2026-03-01,COMPLETED,SYNTHETIC_OUTCOME
PAI-00104,2026-03-01,COMPLETED,SYNTHETIC_OUTCOME
PAI-00105,2026-03-01,COMPLETED,SYNTHETIC_OUTCOME
PAI-00106,2026-03-01,COMPLETED,SYNTHETIC_OUTCOME
PAI-00107,2026-03-01,COMPLETED,SYNTHETIC_OUTCOME
PAI-00108,2026-03-01,COMPLETED,SYNTHETIC_OUTCOME
PAI-00109,2026-03-01,COMPLETED,SYNTHETIC_OUTCOME
PAI-00110,2026-03-01,COMPLETED,SYNTHETIC_OUTCOME
PAI-00111,2026-03-01,COMPLETED,SYNTHETIC_OUTCOME
PAI-00112,2026-03-01,COMPLETED,SYNTHETIC_OUTCOME
PAI-00113,2026-03-01,COMPLETED,SYNTHETIC_OUTCOME
PAI-00114,2026-03-01,COMPLETED,SYNTHETIC_OUTCOME
PAI-00115,2026-03-01,DOWNGRADED,SYNTHETIC_OUTCOME
PAI-00116,2026-03-01,CANCELLED,SYNTHETIC_OUTCOME
PAI-00117,2026-03-01,COMPLETED,SYNTHETIC_OUTCOME
PAI-00118,2026-03-01,COMPLETED,SYNTHETIC_OUTCOME
PAI-00119,2026-03-01,DROPPED,SYNTHETIC_OUTCOME
PAI-00120,2026-03-01,COMPLETED,SYNTHETIC_OUTCOME
PAI-00121,2026-03-01,DOWNGRADED,SYNTHETIC_OUTCOME
PAI-00122,2026-03-01,COMPLETED,SYNTHETIC_OUTCOME
PAI-00123,2026-03-01,COMPLETED,SYNTHETIC_OUTCOME
PAI-00124,2026-03-01,COMPLETED,SYNTHETIC_OUTCOME
PAI-00125,2026-03-01,FROZEN,SYNTHETIC_OUTCOME
PAI-00126,2026-03-01,COMPLETED,SYNTHETIC_OUTCOME
PAI-00127,2026-03-01,COMPLETED,SYNTHETIC_OUTCOME
PAI-00128,2026-03-01,COMPLETED,SYNTHETIC_OUTCOME
PAI-00129,2026-03-01,COMPLETED,SYNTHETIC_OUTCOME
PAI-00130,2026-03-01,COMPLETED,SYNTHETIC_OUTCOME
PAI-00131,2026-03-01,COMPLETED,SYNTHETIC_OUTCOME
PAI-00132,2026-03-01,COMPLETED,SYNTHETIC_OUTCOME
PAI-00133,2026-03-01,COMPLETED,SYNTHETIC_OUTCOME
PAI-00134,2026-03-01,COMPLETED,SYNTHETIC_OUTCOME
PAI-00135,2026-03-01,COMPLETED,SYNTHETIC_OUTCOME
PAI-00136,2026-03-01,COMPLETED,SYNTHETIC_OUTCOME
PAI-00137,2026-03-01,COMPLETED,SYNTHETIC_OUTCOME
PAI-00138,2026-03-01,COMPLETED,SYNTHETIC_OUTCOME
PAI-00139,2026-03-01,COMPLETED,SYNTHETIC_OUTCOME
PAI-00140,2026-03-01,COMPLETED,SYNTHETIC_OUTCOME
PAI-00141,2026-03-01,COMPLETED,SYNTHETIC_OUTCOME
PAI-00142,2026-03-01,COMPLETED,SYNTHETIC_OUTCOME
PAI-00143,2026-03-01,COMPLETED,SYNTHETIC_OUTCOME
PAI-00144,2026-03-01,COMPLETED,SYNTHETIC_OUTCOME
PAI-00145,2026-03-01,COMPLETED,SYNTHETIC_OUTCOME
PAI-00146,2026-03-01,COMPLETED,SYNTHETIC_OUTCOME
PAI-00147,2026-03-01,DOWNGRADED,SYNTHETIC_OUTCOME
PAI-00148,2026-03-01,FROZEN,SYNTHETIC_OUTCOME
PAI-00149,2026-03-01,COMPLETED,SYNTHETIC_OUTCOME
PAI-00150,2026-03-01,COMPLETED,SYNTHETIC_OUTCOME
PAI-00151,2026-03-01,COMPLETED,SYNTHETIC_OUTCOME
PAI-00152,2026-03-01,COMPLETED,SYNTHETIC_OUTCOME
PAI-00153,2026-03-01,COMPLETED,SYNTHETIC_OUTCOME
PAI-00154,2026-03-01,COMPLETED,SYNTHETIC_OUTCOME
PAI-00155,2026-03-01,COMPLETED,SYNTHETIC_OUTCOME
PAI-00156,2026-03-01,CANCELLED,SYNTHETIC_OUTCOME
PAI-00157,2026-03-01,COMPLETED,SYNTHETIC_OUTCOME
PAI-00158,2026-03-01,COMPLETED,SYNTHETIC_OUTCOME
PAI-00159,2026-03-01,COMPLETED,SYNTHETIC_OUTCOME
PAI-00160,2026-03-01,COMPLETED,SYNTHETIC_OUTCOME
PAI-00161,2026-03-01,COMPLETED,SYNTHETIC_OUTCOME
PAI-00162,2026-03-01,COMPLETED,SYNTHETIC_OUTCOME
PAI-00163,2026-03-01,DOWNGRADED,SYNTHETIC_OUTCOME
PAI-00164,2026-03-01,DOWNGRADED,SYNTHETIC_OUTCOME
PAI-00165,2026-03-01,COMPLETED,SYNTHETIC_OUTCOME
PAI-00166,2026-03-01,COMPLETED,SYNTHETIC_OUTCOME
PAI-00167,2026-03-01,COMPLETED,SYNTHETIC_OUTCOME
PAI-00168,2026-03-01,COMPLETED,SYNTHETIC_OUTCOME
PAI-00169,2026-03-01,COMPLETED,SYNTHETIC_OUTCOME
PAI-00170,2026-03-01,COMPLETED,SYNTHETIC_OUTCOME
PAI-00171,2026-03-01,COMPLETED,SYNTHETIC_OUTCOME
PAI-00172,2026-03-01,FROZEN,SYNTHETIC_OUTCOME
PAI-00173,2026-03-01,COMPLETED,SYNTHETIC_OUTCOME
PAI-00174,2026-03-01,COMPLETED,SYNTHETIC_OUTCOME
PAI-00175,2026-03-01,COMPLETED,SYNTHETIC_OUTCOME
PAI-00176,2026-03-01,COMPLETED,SYNTHETIC_OUTCOME
PAI-00177,2026-03-01,COMPLETED,SYNTHETIC_OUTCOME
PAI-00178,2026-03-01,COMPLETED,SYNTHETIC_OUTCOME
PAI-00179,2026-03-01,COMPLETED,SYNTHETIC_OUTCOME
PAI-00180,2026-03-01,COMPLETED,SYNTHETIC_OUTCOME
PAI-00181,2026-03-01,COMPLETED,SYNTHETIC_OUTCOME
PAI-00182,2026-03-01,COMPLETED,SYNTHETIC_OUTCOME
PAI-00183,2026-03-01,COMPLETED,SYNTHETIC_OUTCOME
PAI-00184,2026-03-01,FROZEN,SYNTHETIC_OUTCOME
PAI-00185,2026-03-01,COMPLETED,SYNTHETIC_OUTCOME
PAI-00186,2026-03-01,COMPLETED,SYNTHETIC_OUTCOME
PAI-00187,2026-03-01,COMPLETED,SYNTHETIC_OUTCOME
PAI-00188,2026-03-01,FROZEN,SYNTHETIC_OUTCOME
PAI-00189,2026-03-01,COMPLETED,SYNTHETIC_OUTCOME
PAI-00190,2026-03-01,FROZEN,SYNTHETIC_OUTCOME
PAI-00191,2026-03-01,COMPLETED,SYNTHETIC_OUTCOME
PAI-00192,2026-03-01,COMPLETED,SYNTHETIC_OUTCOME
PAI-00193,2026-03-01,COMPLETED,SYNTHETIC_OUTCOME
PAI-00194,2026-03-01,COMPLETED,SYNTHETIC_OUTCOME
PAI-00195,2026-03-01,COMPLETED,SYNTHETIC_OUTCOME
PAI-00196,2026-03-01,DOWNGRADED,SYNTHETIC_OUTCOME
PAI-00197,2026-03-01,COMPLETED,SYNTHETIC_OUTCOME
PAI-00198,2026-03-01,COMPLETED,SYNTHETIC_OUTCOME
PAI-00199,2026-03-01,COMPLETED,SYNTHETIC_OUTCOME
PAI-00200,2026-03-01,COMPLETED,SYNTHETIC_OUTCOME
PAI-00201,2026-03-01,COMPLETED,SYNTHETIC_OUTCOME
PAI-00202,2026-03-01,COMPLETED,SYNTHETIC_OUTCOME
PAI-00203,2026-03-01,COMPLETED,SYNTHETIC_OUTCOME
PAI-00204,2026-03-01,COMPLETED,SYNTHETIC_OUTCOME
PAI-00205,2026-03-01,COMPLETED,SYNTHETIC_OUTCOME
PAI-00206,2026-03-01,COMPLETED,SYNTHETIC_OUTCOME
PAI-00207,2026-03-01,COMPLETED,SYNTHETIC_OUTCOME
PAI-00208,2026-03-01,COMPLETED,SYNTHETIC_OUTCOME
PAI-00209,2026-03-01,COMPLETED,SYNTHETIC_OUTCOME
PAI-00210,2026-03-01,COMPLETED,SYNTHETIC_OUTCOME
PAI-00211,2026-03-01,COMPLETED,SYNTHETIC_OUTCOME
PAI-00212,2026-03-01,CANCELLED,SYNTHETIC_OUTCOME
PAI-00213,2026-03-01,COMPLETED,SYNTHETIC_OUTCOME
PAI-00214,2026-03-01,COMPLETED,SYNTHETIC_OUTCOME
PAI-00215,2026-03-01,COMPLETED,SYNTHETIC_OUTCOME
PAI-00216,2026-03-01,COMPLETED,SYNTHETIC_OUTCOME
PAI-00217,2026-03-01,COMPLETED,SYNTHETIC_OUTCOME
PAI-00218,2026-03-01,COMPLETED,SYNTHETIC_OUTCOME
PAI-00219,2026-03-01,COMPLETED,SYNTHETIC_OUTCOME
PAI-00220,2026-03-01,CANCELLED,SYNTHETIC_OUTCOME
PAI-00221,2026-03-01,COMPLETED,SYNTHETIC_OUTCOME
PAI-00222,2026-03-01,COMPLETED,SYNTHETIC_OUTCOME
PAI-00223,2026-03-01,COMPLETED,SYNTHETIC_OUTCOME
PAI-00224,2026-03-01,COMPLETED,SYNTHETIC_OUTCOME
PAI-00225,2026-03-01,COMPLETED,SYNTHETIC_OUTCOME
PAI-00226,2026-03-01,CANCELLED,SYNTHETIC_OUTCOME
PAI-00227,2026-03-01,COMPLETED,SYNTHETIC_OUTCOME
PAI-00228,2026-03-01,COMPLETED,SYNTHETIC_OUTCOME
PAI-00229,2026-03-01,COMPLETED,SYNTHETIC_OUTCOME
PAI-00230,2026-03-01,COMPLETED,SYNTHETIC_OUTCOME
PAI-00231,2026-03-01,COMPLETED,SYNTHETIC_OUTCOME
PAI-00232,2026-03-01,COMPLETED,SYNTHETIC_OUTCOME
PAI-00233,2026-03-01,COMPLETED,SYNTHETIC_OUTCOME
PAI-00234,2026-03-01,COMPLETED,SYNTHETIC_OUTCOME
PAI-00235,2026-03-01,COMPLETED,SYNTHETIC_OUTCOME
PAI-00236,2026-03-01,COMPLETED,SYNTHETIC_OUTCOME
PAI-00237,2026-03-01,COMPLETED,SYNTHETIC_OUTCOME
PAI-00238,2026-03-01,DROPPED,SYNTHETIC_OUTCOME
PAI-00239,2026-03-01,COMPLETED,SYNTHETIC_OUTCOME
PAI-00240,2026-03-01,TERMINATED,SYNTHETIC_OUTCOME
PAI-00241,2026-03-01,COMPLETED,SYNTHETIC_OUTCOME
PAI-00242,2026-03-01,COMPLETED,SYNTHETIC_OUTCOME
PAI-00243,2026-03-01,COMPLETED,SYNTHETIC_OUTCOME
PAI-00244,2026-03-01,COMPLETED,SYNTHETIC_OUTCOME
PAI-00245,2026-03-01,COMPLETED,SYNTHETIC_OUTCOME
PAI-00246,2026-03-01,COMPLETED,SYNTHETIC_OUTCOME
PAI-00247,2026-03-01,COMPLETED,SYNTHETIC_OUTCOME
PAI-00248,2026-03-01,COMPLETED,SYNTHETIC_OUTCOME
PAI-00249,2026-03-01,COMPLETED,SYNTHETIC_OUTCOME
PAI-00250,2026-03-01,COMPLETED,SYNTHETIC_OUTCOME
PAI-00251,2026-03-01,COMPLETED,SYNTHETIC_OUTCOME
PAI-00252,2026-03-01,COMPLETED,SYNTHETIC_OUTCOME
PAI-00253,2026-03-01,COMPLETED,SYNTHETIC_OUTCOME
PAI-00254,2026-03-01,COMPLETED,SYNTHETIC_OUTCOME
PAI-00255,2026-03-01,COMPLETED,SYNTHETIC_OUTCOME
PAI-00256,2026-03-01,COMPLETED,SYNTHETIC_OUTCOME
PAI-00257,2026-03-01,COMPLETED,SYNTHETIC_OUTCOME
PAI-00258,2026-03-01,COMPLETED,SYNTHETIC_OUTCOME
PAI-00259,2026-03-01,COMPLETED,SYNTHETIC_OUTCOME
PAI-00260,2026-03-01,DOWNGRADED,SYNTHETIC_OUTCOME
PAI-00261,2026-03-01,COMPLETED,SYNTHETIC_OUTCOME
PAI-00262,2026-03-01,COMPLETED,SYNTHETIC_OUTCOME
PAI-00263,2026-03-01,COMPLETED,SYNTHETIC_OUTCOME
PAI-00264,2026-03-01,COMPLETED,SYNTHETIC_OUTCOME
PAI-00265,2026-03-01,COMPLETED,SYNTHETIC_OUTCOME
PAI-00266,2026-03-01,COMPLETED,SYNTHETIC_OUTCOME
PAI-00267,2026-03-01,COMPLETED,SYNTHETIC_OUTCOME
PAI-00268,2026-03-01,COMPLETED,SYNTHETIC_OUTCOME
PAI-00269,2026-03-01,COMPLETED,SYNTHETIC_OUTCOME
PAI-00270,2026-03-01,COMPLETED,SYNTHETIC_OUTCOME
PAI-00271,2026-03-01,COMPLETED,SYNTHETIC_OUTCOME
PAI-00272,2026-03-01,CANCELLED,SYNTHETIC_OUTCOME
PAI-00273,2026-03-01,FROZEN,SYNTHETIC_OUTCOME
PAI-00274,2026-03-01,COMPLETED,SYNTHETIC_OUTCOME
PAI-00275,2026-03-01,COMPLETED,SYNTHETIC_OUTCOME
PAI-00276,2026-03-01,COMPLETED,SYNTHETIC_OUTCOME
PAI-00277,2026-03-01,COMPLETED,SYNTHETIC_OUTCOME
PAI-00278,2026-03-01,COMPLETED,SYNTHETIC_OUTCOME
PAI-00279,2026-03-01,COMPLETED,SYNTHETIC_OUTCOME
PAI-00280,2026-03-01,DOWNGRADED,SYNTHETIC_OUTCOME
PAI-00281,2026-03-01,COMPLETED,SYNTHETIC_OUTCOME
PAI-00282,2026-03-01,COMPLETED,SYNTHETIC_OUTCOME
PAI-00283,2026-03-01,DROPPED,SYNTHETIC_OUTCOME
PAI-00284,2026-03-01,DOWNGRADED,SYNTHETIC_OUTCOME
PAI-00285,2026-03-01,COMPLETED,SYNTHETIC_OUTCOME
PAI-00286,2026-03-01,COMPLETED,SYNTHETIC_OUTCOME
PAI-00287,2026-03-01,COMPLETED,SYNTHETIC_OUTCOME
PAI-00288,2026-03-01,COMPLETED,SYNTHETIC_OUTCOME
PAI-00289,2026-03-01,COMPLETED,SYNTHETIC_OUTCOME
PAI-00290,2026-03-01,COMPLETED,SYNTHETIC_OUTCOME
PAI-00291,2026-03-01,COMPLETED,SYNTHETIC_OUTCOME
PAI-00292,2026-03-01,COMPLETED,SYNTHETIC_OUTCOME
PAI-00293,2026-03-01,TERMINATED,SYNTHETIC_OUTCOME
PAI-00294,2026-03-01,COMPLETED,SYNTHETIC_OUTCOME
PAI-00295,2026-03-01,COMPLETED,SYNTHETIC_OUTCOME
PAI-00296,2026-03-01,DOWNGRADED,SYNTHETIC_OUTCOME
PAI-00297,2026-03-01,COMPLETED,SYNTHETIC_OUTCOME
PAI-00298,2026-03-01,COMPLETED,SYNTHETIC_OUTCOME
PAI-00299,2026-03-01,COMPLETED,SYNTHETIC_OUTCOME
PAI-00300,2026-03-01,COMPLETED,SYNTHETIC_OUTCOME
PAI-00301,2026-03-01,COMPLETED,SYNTHETIC_OUTCOME
PAI-00302,2026-03-01,COMPLETED,SYNTHETIC_OUTCOME
PAI-00303,2026-03-01,COMPLETED,SYNTHETIC_OUTCOME
PAI-00304,2026-03-01,COMPLETED,SYNTHETIC_OUTCOME
PAI-00305,2026-03-01,COMPLETED,SYNTHETIC_OUTCOME
PAI-00306,2026-03-01,COMPLETED,SYNTHETIC_OUTCOME
PAI-00307,2026-03-01,COMPLETED,SYNTHETIC_OUTCOME
PAI-00308,2026-03-01,COMPLETED,SYNTHETIC_OUTCOME
PAI-00309,2026-03-01,COMPLETED,SYNTHETIC_OUTCOME
PAI-00310,2026-03-01,COMPLETED,SYNTHETIC_OUTCOME
PAI-00311,2026-03-01,COMPLETED,SYNTHETIC_OUTCOME
PAI-00312,2026-03-01,DROPPED,SYNTHETIC_OUTCOME
PAI-00313,2026-03-01,COMPLETED,SYNTHETIC_OUTCOME
PAI-00314,2026-03-01,COMPLETED,SYNTHETIC_OUTCOME
PAI-00315,2026-03-01,COMPLETED,SYNTHETIC_OUTCOME
PAI-00316,2026-03-01,COMPLETED,SYNTHETIC_OUTCOME
PAI-00317,2026-03-01,COMPLETED,SYNTHETIC_OUTCOME
PAI-00318,2026-03-01,COMPLETED,SYNTHETIC_OUTCOME
PAI-00319,2026-03-01,COMPLETED,SYNTHETIC_OUTCOME
PAI-00320,2026-03-01,TERMINATED,SYNTHETIC_OUTCOME
PAI-00321,2026-03-01,COMPLETED,SYNTHETIC_OUTCOME
PAI-00322,2026-03-01,DOWNGRADED,SYNTHETIC_OUTCOME
PAI-00323,2026-03-01,COMPLETED,SYNTHETIC_OUTCOME
PAI-00324,2026-03-01,CANCELLED,SYNTHETIC_OUTCOME
PAI-00325,2026-03-01,COMPLETED,SYNTHETIC_OUTCOME
PAI-00326,2026-03-01,COMPLETED,SYNTHETIC_OUTCOME
PAI-00327,2026-03-01,COMPLETED,SYNTHETIC_OUTCOME
PAI-00328,2026-03-01,COMPLETED,SYNTHETIC_OUTCOME
PAI-00329,2026-03-01,COMPLETED,SYNTHETIC_OUTCOME
PAI-00330,2026-03-01,COMPLETED,SYNTHETIC_OUTCOME
PAI-00331,2026-03-01,COMPLETED,SYNTHETIC_OUTCOME
PAI-00332,2026-03-01,COMPLETED,SYNTHETIC_OUTCOME
PAI-00333,2026-03-01,ABANDONED,SYNTHETIC_OUTCOME
PAI-00334,2026-03-01,COMPLETED,SYNTHETIC_OUTCOME
PAI-00335,2026-03-01,COMPLETED,SYNTHETIC_OUTCOME
PAI-00336,2026-03-01,COMPLETED,SYNTHETIC_OUTCOME
PAI-00337,2026-03-01,COMPLETED,SYNTHETIC_OUTCOME
PAI-00338,2026-03-01,COMPLETED,SYNTHETIC_OUTCOME
PAI-00339,2026-03-01,DOWNGRADED,SYNTHETIC_OUTCOME
PAI-00340,2026-03-01,COMPLETED,SYNTHETIC_OUTCOME
PAI-00341,2026-03-01,COMPLETED,SYNTHETIC_OUTCOME
PAI-00342,2026-03-01,COMPLETED,SYNTHETIC_OUTCOME
PAI-00343,2026-03-01,COMPLETED,SYNTHETIC_OUTCOME
PAI-00344,2026-03-01,COMPLETED,SYNTHETIC_OUTCOME
PAI-00345,2026-03-01,COMPLETED,SYNTHETIC_OUTCOME
PAI-00346,2026-03-01,COMPLETED,SYNTHETIC_OUTCOME
PAI-00347,2026-03-01,COMPLETED,SYNTHETIC_OUTCOME
PAI-00348,2026-03-01,COMPLETED,SYNTHETIC_OUTCOME
PAI-00349,2026-03-01,COMPLETED,SYNTHETIC_OUTCOME
PAI-00350,2026-03-01,DOWNGRADED,SYNTHETIC_OUTCOME
PAI-00351,2026-03-01,COMPLETED,SYNTHETIC_OUTCOME
PAI-00352,2026-03-01,COMPLETED,SYNTHETIC_OUTCOME
PAI-00353,2026-03-01,COMPLETED,SYNTHETIC_OUTCOME
PAI-00354,2026-03-01,COMPLETED,SYNTHETIC_OUTCOME
PAI-00355,2026-03-01,COMPLETED,SYNTHETIC_OUTCOME
PAI-00356,2026-03-01,COMPLETED,SYNTHETIC_OUTCOME
PAI-00357,2026-03-01,COMPLETED,SYNTHETIC_OUTCOME
PAI-00358,2026-03-01,COMPLETED,SYNTHETIC_OUTCOME
PAI-00359,2026-03-01,COMPLETED,SYNTHETIC_OUTCOME
PAI-00360,2026-03-01,COMPLETED,SYNTHETIC_OUTCOME
PAI-00361,2026-03-01,COMPLETED,SYNTHETIC_OUTCOME
PAI-00362,2026-03-01,COMPLETED,SYNTHETIC_OUTCOME
PAI-00363,2026-03-01,COMPLETED,SYNTHETIC_OUTCOME
PAI-00364,2026-03-01,COMPLETED,SYNTHETIC_OUTCOME
PAI-00365,2026-03-01,COMPLETED,SYNTHETIC_OUTCOME
PAI-00366,2026-03-01,COMPLETED,SYNTHETIC_OUTCOME
PAI-00367,2026-03-01,COMPLETED,SYNTHETIC_OUTCOME
PAI-00368,2026-03-01,CANCELLED,SYNTHETIC_OUTCOME
PAI-00369,2026-03-01,DOWNGRADED,SYNTHETIC_OUTCOME
PAI-00370,2026-03-01,COMPLETED,SYNTHETIC_OUTCOME
PAI-00371,2026-03-01,COMPLETED,SYNTHETIC_OUTCOME
PAI-00372,2026-03-01,COMPLETED,SYNTHETIC_OUTCOME
PAI-00373,2026-03-01,COMPLETED,SYNTHETIC_OUTCOME
PAI-00374,2026-03-01,COMPLETED,SYNTHETIC_OUTCOME
PAI-00375,2026-03-01,COMPLETED,SYNTHETIC_OUTCOME
PAI-00376,2026-03-01,COMPLETED,SYNTHETIC_OUTCOME
PAI-00377,2026-03-01,COMPLETED,SYNTHETIC_OUTCOME
PAI-00378,2026-03-01,COMPLETED,SYNTHETIC_OUTCOME
PAI-00379,2026-03-01,FROZEN,SYNTHETIC_OUTCOME
PAI-00380,2026-03-01,COMPLETED,SYNTHETIC_OUTCOME
PAI-00381,2026-03-01,COMPLETED,SYNTHETIC_OUTCOME
PAI-00382,2026-03-01,TERMINATED,SYNTHETIC_OUTCOME
PAI-00383,2026-03-01,COMPLETED,SYNTHETIC_OUTCOME
PAI-00384,2026-03-01,COMPLETED,SYNTHETIC_OUTCOME
PAI-00385,2026-03-01,COMPLETED,SYNTHETIC_OUTCOME
PAI-00386,2026-03-01,DOWNGRADED,SYNTHETIC_OUTCOME
PAI-00387,2026-03-01,COMPLETED,SYNTHETIC_OUTCOME
PAI-00388,2026-03-01,COMPLETED,SYNTHETIC_OUTCOME
PAI-00389,2026-03-01,COMPLETED,SYNTHETIC_OUTCOME
PAI-00390,2026-03-01,COMPLETED,SYNTHETIC_OUTCOME
PAI-00391,2026-03-01,DOWNGRADED,SYNTHETIC_OUTCOME
PAI-00392,2026-03-01,COMPLETED,SYNTHETIC_OUTCOME
PAI-00393,2026-03-01,COMPLETED,SYNTHETIC_OUTCOME
PAI-00394,2026-03-01,COMPLETED,SYNTHETIC_OUTCOME
PAI-00395,2026-03-01,COMPLETED,SYNTHETIC_OUTCOME
PAI-00396,2026-03-01,COMPLETED,SYNTHETIC_OUTCOME
PAI-00397,2026-03-01,COMPLETED,SYNTHETIC_OUTCOME
PAI-00398,2026-03-01,DOWNGRADED,SYNTHETIC_OUTCOME
PAI-00399,2026-03-01,DOWNGRADED,SYNTHETIC_OUTCOME
PAI-00400,2026-03-01,DOWNGRADED,SYNTHETIC_OUTCOME
PAI-00401,2026-03-01,COMPLETED,SYNTHETIC_OUTCOME
PAI-00402,2026-03-01,DOWNGRADED,SYNTHETIC_OUTCOME
PAI-00403,2026-03-01,COMPLETED,SYNTHETIC_OUTCOME
PAI-00404,2026-03-01,COMPLETED,SYNTHETIC_OUTCOME
PAI-00405,2026-03-01,COMPLETED,SYNTHETIC_OUTCOME
PAI-00406,2026-03-01,COMPLETED,SYNTHETIC_OUTCOME
PAI-00407,2026-03-01,CANCELLED,SYNTHETIC_OUTCOME
PAI-00408,2026-03-01,COMPLETED,SYNTHETIC_OUTCOME
PAI-00409,2026-03-01,COMPLETED,SYNTHETIC_OUTCOME
PAI-00410,2026-03-01,DOWNGRADED,SYNTHETIC_OUTCOME
PAI-00411,2026-03-01,COMPLETED,SYNTHETIC_OUTCOME
PAI-00412,2026-03-01,COMPLETED,SYNTHETIC_OUTCOME
PAI-00413,2026-03-01,FROZEN,SYNTHETIC_OUTCOME
PAI-00414,2026-03-01,COMPLETED,SYNTHETIC_OUTCOME
PAI-00415,2026-03-01,COMPLETED,SYNTHETIC_OUTCOME
PAI-00416,2026-03-01,COMPLETED,SYNTHETIC_OUTCOME
PAI-00417,2026-03-01,COMPLETED,SYNTHETIC_OUTCOME
PAI-00418,2026-03-01,COMPLETED,SYNTHETIC_OUTCOME
PAI-00419,2026-03-01,COMPLETED,SYNTHETIC_OUTCOME
PAI-00420,2026-03-01,COMPLETED,SYNTHETIC_OUTCOME
PAI-00421,2026-03-01,COMPLETED,SYNTHETIC_OUTCOME
PAI-00422,2026-03-01,COMPLETED,SYNTHETIC_OUTCOME
PAI-00423,2026-03-01,COMPLETED,SYNTHETIC_OUTCOME
PAI-00424,2026-03-01,DOWNGRADED,SYNTHETIC_OUTCOME
PAI-00425,2026-03-01,COMPLETED,SYNTHETIC_OUTCOME
PAI-00426,2026-03-01,COMPLETED,SYNTHETIC_OUTCOME
PAI-00427,2026-03-01,CANCELLED,SYNTHETIC_OUTCOME
PAI-00428,2026-03-01,COMPLETED,SYNTHETIC_OUTCOME
PAI-00429,2026-03-01,COMPLETED,SYNTHETIC_OUTCOME
PAI-00430,2026-03-01,COMPLETED,SYNTHETIC_OUTCOME
PAI-00431,2026-03-01,COMPLETED,SYNTHETIC_OUTCOME
PAI-00432,2026-03-01,COMPLETED,SYNTHETIC_OUTCOME
PAI-00433,2026-03-01,COMPLETED,SYNTHETIC_OUTCOME
PAI-00434,2026-03-01,COMPLETED,SYNTHETIC_OUTCOME
PAI-00435,2026-03-01,COMPLETED,SYNTHETIC_OUTCOME
PAI-00436,2026-03-01,DOWNGRADED,SYNTHETIC_OUTCOME
PAI-00437,2026-03-01,COMPLETED,SYNTHETIC_OUTCOME
PAI-00438,2026-03-01,COMPLETED,SYNTHETIC_OUTCOME
PAI-00439,2026-03-01,CANCELLED,SYNTHETIC_OUTCOME
PAI-00440,2026-03-01,COMPLETED,SYNTHETIC_OUTCOME
PAI-00441,2026-03-01,COMPLETED,SYNTHETIC_OUTCOME
PAI-00442,2026-03-01,COMPLETED,SYNTHETIC_OUTCOME
PAI-00443,2026-03-01,COMPLETED,SYNTHETIC_OUTCOME
PAI-00444,2026-03-01,COMPLETED,SYNTHETIC_OUTCOME
PAI-00445,2026-03-01,COMPLETED,SYNTHETIC_OUTCOME
PAI-00446,2026-03-01,COMPLETED,SYNTHETIC_OUTCOME
PAI-00447,2026-03-01,COMPLETED,SYNTHETIC_OUTCOME
PAI-00448,2026-03-01,TERMINATED,SYNTHETIC_OUTCOME
PAI-00449,2026-03-01,TERMINATED,SYNTHETIC_OUTCOME
PAI-00450,2026-03-01,COMPLETED,SYNTHETIC_OUTCOME
PAI-00451,2026-03-01,COMPLETED,SYNTHETIC_OUTCOME
PAI-00452,2026-03-01,COMPLETED,SYNTHETIC_OUTCOME
PAI-00453,2026-03-01,COMPLETED,SYNTHETIC_OUTCOME
PAI-00454,2026-03-01,COMPLETED,SYNTHETIC_OUTCOME
PAI-00455,2026-03-01,COMPLETED,SYNTHETIC_OUTCOME
PAI-00456,2026-03-01,COMPLETED,SYNTHETIC_OUTCOME
PAI-00457,2026-03-01,COMPLETED,SYNTHETIC_OUTCOME
PAI-00458,2026-03-01,COMPLETED,SYNTHETIC_OUTCOME
PAI-00459,2026-03-01,COMPLETED,SYNTHETIC_OUTCOME
PAI-00460,2026-03-01,DOWNGRADED,SYNTHETIC_OUTCOME
PAI-00461,2026-03-01,COMPLETED,SYNTHETIC_OUTCOME
PAI-00462,2026-03-01,COMPLETED,SYNTHETIC_OUTCOME
PAI-00463,2026-03-01,COMPLETED,SYNTHETIC_OUTCOME
PAI-00464,2026-03-01,ABANDONED,SYNTHETIC_OUTCOME
PAI-00465,2026-03-01,TERMINATED,SYNTHETIC_OUTCOME
PAI-00466,2026-03-01,COMPLETED,SYNTHETIC_OUTCOME
PAI-00467,2026-03-01,COMPLETED,SYNTHETIC_OUTCOME
PAI-00468,2026-03-01,COMPLETED,SYNTHETIC_OUTCOME
PAI-00469,2026-03-01,COMPLETED,SYNTHETIC_OUTCOME
PAI-00470,2026-03-01,COMPLETED,SYNTHETIC_OUTCOME
PAI-00471,2026-03-01,COMPLETED,SYNTHETIC_OUTCOME
PAI-00472,2026-03-01,COMPLETED,SYNTHETIC_OUTCOME
PAI-00473,2026-03-01,COMPLETED,SYNTHETIC_OUTCOME
PAI-00474,2026-03-01,COMPLETED,SYNTHETIC_OUTCOME
PAI-00475,2026-03-01,COMPLETED,SYNTHETIC_OUTCOME
PAI-00476,2026-03-01,COMPLETED,SYNTHETIC_OUTCOME
PAI-00477,2026-03-01,COMPLETED,SYNTHETIC_OUTCOME
PAI-00478,2026-03-01,COMPLETED,SYNTHETIC_OUTCOME
PAI-00479,2026-03-01,COMPLETED,SYNTHETIC_OUTCOME
PAI-00480,2026-03-01,TERMINATED,SYNTHETIC_OUTCOME
PAI-00481,2026-03-01,COMPLETED,SYNTHETIC_OUTCOME
PAI-00482,2026-03-01,FROZEN,SYNTHETIC_OUTCOME
PAI-00483,2026-03-01,COMPLETED,SYNTHETIC_OUTCOME
PAI-00484,2026-03-01,COMPLETED,SYNTHETIC_OUTCOME
PAI-00485,2026-03-01,DOWNGRADED,SYNTHETIC_OUTCOME
PAI-00486,2026-03-01,COMPLETED,SYNTHETIC_OUTCOME
PAI-00487,2026-03-01,COMPLETED,SYNTHETIC_OUTCOME
PAI-00488,2026-03-01,COMPLETED,SYNTHETIC_OUTCOME
PAI-00489,2026-03-01,COMPLETED,SYNTHETIC_OUTCOME
PAI-00490,2026-03-01,COMPLETED,SYNTHETIC_OUTCOME
PAI-00491,2026-03-01,COMPLETED,SYNTHETIC_OUTCOME
PAI-00492,2026-03-01,COMPLETED,SYNTHETIC_OUTCOME
PAI-00493,2026-03-01,COMPLETED,SYNTHETIC_OUTCOME
PAI-00494,2026-03-01,COMPLETED,SYNTHETIC_OUTCOME
PAI-00495,2026-03-01,COMPLETED,SYNTHETIC_OUTCOME
PAI-00496,2026-03-01,COMPLETED,SYNTHETIC_OUTCOME
PAI-00497,2026-03-01,COMPLETED,SYNTHETIC_OUTCOME
PAI-00498,2026-03-01,COMPLETED,SYNTHETIC_OUTCOME
PAI-00499,2026-03-01,DROPPED,SYNTHETIC_OUTCOME
PAI-00500,2026-03-01,COMPLETED,SYNTHETIC_OUTCOME
PAI-00501,2026-03-01,COMPLETED,SYNTHETIC_OUTCOME
PAI-00502,2026-03-01,COMPLETED,SYNTHETIC_OUTCOME
PAI-00503,2026-03-01,TERMINATED,SYNTHETIC_OUTCOME
PAI-00504,2026-03-01,COMPLETED,SYNTHETIC_OUTCOME
PAI-00505,2026-03-01,COMPLETED,SYNTHETIC_OUTCOME
PAI-00506,2026-03-01,COMPLETED,SYNTHETIC_OUTCOME
PAI-00507,2026-03-01,COMPLETED,SYNTHETIC_OUTCOME
PAI-00508,2026-03-01,FROZEN,SYNTHETIC_OUTCOME
PAI-00509,2026-03-01,COMPLETED,SYNTHETIC_OUTCOME
PAI-00510,2026-03-01,COMPLETED,SYNTHETIC_OUTCOME
PAI-00511,2026-03-01,COMPLETED,SYNTHETIC_OUTCOME
PAI-00512,2026-03-01,COMPLETED,SYNTHETIC_OUTCOME
PAI-00513,2026-03-01,COMPLETED,SYNTHETIC_OUTCOME
PAI-00514,2026-03-01,COMPLETED,SYNTHETIC_OUTCOME
PAI-00515,2026-03-01,COMPLETED,SYNTHETIC_OUTCOME
PAI-00516,2026-03-01,DOWNGRADED,SYNTHETIC_OUTCOME
PAI-00517,2026-03-01,COMPLETED,SYNTHETIC_OUTCOME
PAI-00518,2026-03-01,COMPLETED,SYNTHETIC_OUTCOME
PAI-00519,2026-03-01,COMPLETED,SYNTHETIC_OUTCOME
PAI-00520,2026-03-01,TERMINATED,SYNTHETIC_OUTCOME
PAI-00521,2026-03-01,COMPLETED,SYNTHETIC_OUTCOME
PAI-00522,2026-03-01,COMPLETED,SYNTHETIC_OUTCOME
PAI-00523,2026-03-01,COMPLETED,SYNTHETIC_OUTCOME
PAI-00524,2026-03-01,COMPLETED,SYNTHETIC_OUTCOME
PAI-00525,2026-03-01,COMPLETED,SYNTHETIC_OUTCOME
PAI-00526,2026-03-01,COMPLETED,SYNTHETIC_OUTCOME
PAI-00527,2026-03-01,COMPLETED,SYNTHETIC_OUTCOME
PAI-00528,2026-03-01,COMPLETED,SYNTHETIC_OUTCOME
PAI-00529,2026-03-01,COMPLETED,SYNTHETIC_OUTCOME
PAI-00530,2026-03-01,COMPLETED,SYNTHETIC_OUTCOME
PAI-00531,2026-03-01,COMPLETED,SYNTHETIC_OUTCOME
PAI-00532,2026-03-01,COMPLETED,SYNTHETIC_OUTCOME
PAI-00533,2026-03-01,COMPLETED,SYNTHETIC_OUTCOME
PAI-00534,2026-03-01,COMPLETED,SYNTHETIC_OUTCOME
PAI-00535,2026-03-01,TERMINATED,SYNTHETIC_OUTCOME
PAI-00536,2026-03-01,COMPLETED,SYNTHETIC_OUTCOME
PAI-00537,2026-03-01,COMPLETED,SYNTHETIC_OUTCOME
PAI-00538,2026-03-01,FROZEN,SYNTHETIC_OUTCOME
PAI-00539,2026-03-01,COMPLETED,SYNTHETIC_OUTCOME
PAI-00540,2026-03-01,DOWNGRADED,SYNTHETIC_OUTCOME
PAI-00541,2026-03-01,COMPLETED,SYNTHETIC_OUTCOME
PAI-00542,2026-03-01,TERMINATED,SYNTHETIC_OUTCOME
PAI-00543,2026-03-01,COMPLETED,SYNTHETIC_OUTCOME
PAI-00544,2026-03-01,COMPLETED,SYNTHETIC_OUTCOME
PAI-00545,2026-03-01,COMPLETED,SYNTHETIC_OUTCOME
PAI-00546,2026-03-01,COMPLETED,SYNTHETIC_OUTCOME
PAI-00547,2026-03-01,COMPLETED,SYNTHETIC_OUTCOME
PAI-00548,2026-03-01,COMPLETED,SYNTHETIC_OUTCOME
PAI-00549,2026-03-01,TERMINATED,SYNTHETIC_OUTCOME
PAI-00550,2026-03-01,COMPLETED,SYNTHETIC_OUTCOME
PAI-00551,2026-03-01,COMPLETED,SYNTHETIC_OUTCOME
PAI-00552,2026-03-01,COMPLETED,SYNTHETIC_OUTCOME
PAI-00553,2026-03-01,TERMINATED,SYNTHETIC_OUTCOME
PAI-00554,2026-03-01,COMPLETED,SYNTHETIC_OUTCOME
PAI-00555,2026-03-01,COMPLETED,SYNTHETIC_OUTCOME
PAI-00556,2026-03-01,COMPLETED,SYNTHETIC_OUTCOME
PAI-00557,2026-03-01,COMPLETED,SYNTHETIC_OUTCOME
PAI-00558,2026-03-01,COMPLETED,SYNTHETIC_OUTCOME
PAI-00559,2026-03-01,COMPLETED,SYNTHETIC_OUTCOME
PAI-00560,2026-03-01,COMPLETED,SYNTHETIC_OUTCOME
PAI-00561,2026-03-01,COMPLETED,SYNTHETIC_OUTCOME
PAI-00562,2026-03-01,FROZEN,SYNTHETIC_OUTCOME
PAI-00563,2026-03-01,COMPLETED,SYNTHETIC_OUTCOME
PAI-00564,2026-03-01,COMPLETED,SYNTHETIC_OUTCOME
PAI-00565,2026-03-01,COMPLETED,SYNTHETIC_OUTCOME
PAI-00566,2026-03-01,DOWNGRADED,SYNTHETIC_OUTCOME
PAI-00567,2026-03-01,COMPLETED,SYNTHETIC_OUTCOME
PAI-00568,2026-03-01,COMPLETED,SYNTHETIC_OUTCOME
PAI-00569,2026-03-01,COMPLETED,SYNTHETIC_OUTCOME
PAI-00570,2026-03-01,COMPLETED,SYNTHETIC_OUTCOME
PAI-00571,2026-03-01,TERMINATED,SYNTHETIC_OUTCOME
PAI-00572,2026-03-01,COMPLETED,SYNTHETIC_OUTCOME
PAI-00573,2026-03-01,COMPLETED,SYNTHETIC_OUTCOME
PAI-00574,2026-03-01,COMPLETED,SYNTHETIC_OUTCOME
PAI-00575,2026-03-01,COMPLETED,SYNTHETIC_OUTCOME
PAI-00576,2026-03-01,COMPLETED,SYNTHETIC_OUTCOME
PAI-00577,2026-03-01,COMPLETED,SYNTHETIC_OUTCOME
PAI-00578,2026-03-01,COMPLETED,SYNTHETIC_OUTCOME
PAI-00579,2026-03-01,COMPLETED,SYNTHETIC_OUTCOME
PAI-00580,2026-03-01,COMPLETED,SYNTHETIC_OUTCOME
PAI-00581,2026-03-01,COMPLETED,SYNTHETIC_OUTCOME
PAI-00582,2026-03-01,COMPLETED,SYNTHETIC_OUTCOME
PAI-00583,2026-03-01,COMPLETED,SYNTHETIC_OUTCOME
PAI-00584,2026-03-01,COMPLETED,SYNTHETIC_OUTCOME
PAI-00585,2026-03-01,COMPLETED,SYNTHETIC_OUTCOME
PAI-00586,2026-03-01,COMPLETED,SYNTHETIC_OUTCOME
PAI-00587,2026-03-01,CANCELLED,SYNTHETIC_OUTCOME
PAI-00588,2026-03-01,FROZEN,SYNTHETIC_OUTCOME
PAI-00589,2026-03-01,COMPLETED,SYNTHETIC_OUTCOME
PAI-00590,2026-03-01,COMPLETED,SYNTHETIC_OUTCOME
PAI-00591,2026-03-01,COMPLETED,SYNTHETIC_OUTCOME
PAI-00592,2026-03-01,COMPLETED,SYNTHETIC_OUTCOME
PAI-00593,2026-03-01,COMPLETED,SYNTHETIC_OUTCOME
PAI-00594,2026-03-01,COMPLETED,SYNTHETIC_OUTCOME
PAI-00595,2026-03-01,COMPLETED,SYNTHETIC_OUTCOME
PAI-00596,2026-03-01,DROPPED,SYNTHETIC_OUTCOME
PAI-00597,2026-03-01,COMPLETED,SYNTHETIC_OUTCOME
PAI-00598,2026-03-01,COMPLETED,SYNTHETIC_OUTCOME
PAI-00599,2026-03-01,DOWNGRADED,SYNTHETIC_OUTCOME
PAI-00600,2026-03-01,COMPLETED,SYNTHETIC_OUTCOME
PAI-00601,2026-03-01,TERMINATED,SYNTHETIC_OUTCOME
PAI-00602,2026-03-01,COMPLETED,SYNTHETIC_OUTCOME
PAI-00603,2026-03-01,COMPLETED,SYNTHETIC_OUTCOME
PAI-00604,2026-03-01,COMPLETED,SYNTHETIC_OUTCOME
PAI-00605,2026-03-01,DOWNGRADED,SYNTHETIC_OUTCOME
PAI-00606,2026-03-01,COMPLETED,SYNTHETIC_OUTCOME
PAI-00607,2026-03-01,COMPLETED,SYNTHETIC_OUTCOME
PAI-00608,2026-03-01,FROZEN,SYNTHETIC_OUTCOME
PAI-00609,2026-03-01,COMPLETED,SYNTHETIC_OUTCOME
PAI-00610,2026-03-01,COMPLETED,SYNTHETIC_OUTCOME
PAI-00611,2026-03-01,COMPLETED,SYNTHETIC_OUTCOME
PAI-00612,2026-03-01,COMPLETED,SYNTHETIC_OUTCOME
PAI-00613,2026-03-01,COMPLETED,SYNTHETIC_OUTCOME
PAI-00614,2026-03-01,DOWNGRADED,SYNTHETIC_OUTCOME
PAI-00615,2026-03-01,COMPLETED,SYNTHETIC_OUTCOME
PAI-00616,2026-03-01,DOWNGRADED,SYNTHETIC_OUTCOME
PAI-00617,2026-03-01,COMPLETED,SYNTHETIC_OUTCOME
PAI-00618,2026-03-01,COMPLETED,SYNTHETIC_OUTCOME
PAI-00619,2026-03-01,COMPLETED,SYNTHETIC_OUTCOME
PAI-00620,2026-03-01,COMPLETED,SYNTHETIC_OUTCOME
PAI-00621,2026-03-01,COMPLETED,SYNTHETIC_OUTCOME
PAI-00622,2026-03-01,COMPLETED,SYNTHETIC_OUTCOME
PAI-00623,2026-03-01,COMPLETED,SYNTHETIC_OUTCOME
PAI-00624,2026-03-01,COMPLETED,SYNTHETIC_OUTCOME
PAI-00625,2026-03-01,COMPLETED,SYNTHETIC_OUTCOME
PAI-00626,2026-03-01,COMPLETED,SYNTHETIC_OUTCOME
PAI-00627,2026-03-01,COMPLETED,SYNTHETIC_OUTCOME
PAI-00628,2026-03-01,COMPLETED,SYNTHETIC_OUTCOME
PAI-00629,2026-03-01,COMPLETED,SYNTHETIC_OUTCOME
PAI-00630,2026-03-01,DOWNGRADED,SYNTHETIC_OUTCOME
PAI-00631,2026-03-01,COMPLETED,SYNTHETIC_OUTCOME
PAI-00632,2026-03-01,COMPLETED,SYNTHETIC_OUTCOME
PAI-00633,2026-03-01,COMPLETED,SYNTHETIC_OUTCOME
PAI-00634,2026-03-01,FROZEN,SYNTHETIC_OUTCOME
PAI-00635,2026-03-01,COMPLETED,SYNTHETIC_OUTCOME
PAI-00636,2026-03-01,COMPLETED,SYNTHETIC_OUTCOME
PAI-00637,2026-03-01,ABANDONED,SYNTHETIC_OUTCOME
PAI-00638,2026-03-01,COMPLETED,SYNTHETIC_OUTCOME
PAI-00639,2026-03-01,COMPLETED,SYNTHETIC_OUTCOME
PAI-00640,2026-03-01,COMPLETED,SYNTHETIC_OUTCOME
PAI-00641,2026-03-01,COMPLETED,SYNTHETIC_OUTCOME
PAI-00642,2026-03-01,COMPLETED,SYNTHETIC_OUTCOME
PAI-00643,2026-03-01,COMPLETED,SYNTHETIC_OUTCOME
PAI-00644,2026-03-01,COMPLETED,SYNTHETIC_OUTCOME
PAI-00645,2026-03-01,COMPLETED,SYNTHETIC_OUTCOME
PAI-00646,2026-03-01,COMPLETED,SYNTHETIC_OUTCOME
PAI-00647,2026-03-01,FROZEN,SYNTHETIC_OUTCOME
PAI-00648,2026-03-01,COMPLETED,SYNTHETIC_OUTCOME
PAI-00649,2026-03-01,TERMINATED,SYNTHETIC_OUTCOME
PAI-00650,2026-03-01,COMPLETED,SYNTHETIC_OUTCOME
PAI-00651,2026-03-01,COMPLETED,SYNTHETIC_OUTCOME
PAI-00652,2026-03-01,COMPLETED,SYNTHETIC_OUTCOME
PAI-00653,2026-03-01,CANCELLED,SYNTHETIC_OUTCOME
PAI-00654,2026-03-01,COMPLETED,SYNTHETIC_OUTCOME
PAI-00655,2026-03-01,COMPLETED,SYNTHETIC_OUTCOME
PAI-00656,2026-03-01,COMPLETED,SYNTHETIC_OUTCOME
PAI-00657,2026-03-01,COMPLETED,SYNTHETIC_OUTCOME
PAI-00658,2026-03-01,COMPLETED,SYNTHETIC_OUTCOME
PAI-00659,2026-03-01,COMPLETED,SYNTHETIC_OUTCOME
PAI-00660,2026-03-01,COMPLETED,SYNTHETIC_OUTCOME
PAI-00661,2026-03-01,COMPLETED,SYNTHETIC_OUTCOME
PAI-00662,2026-03-01,COMPLETED,SYNTHETIC_OUTCOME
PAI-00663,2026-03-01,COMPLETED,SYNTHETIC_OUTCOME
PAI-00664,2026-03-01,DROPPED,SYNTHETIC_OUTCOME
PAI-00665,2026-03-01,COMPLETED,SYNTHETIC_OUTCOME
PAI-00666,2026-03-01,COMPLETED,SYNTHETIC_OUTCOME
PAI-00667,2026-03-01,COMPLETED,SYNTHETIC_OUTCOME
PAI-00668,2026-03-01,FROZEN,SYNTHETIC_OUTCOME
PAI-00669,2026-03-01,DOWNGRADED,SYNTHETIC_OUTCOME
PAI-00670,2026-03-01,COMPLETED,SYNTHETIC_OUTCOME
PAI-00671,2026-03-01,COMPLETED,SYNTHETIC_OUTCOME
PAI-00672,2026-03-01,COMPLETED,SYNTHETIC_OUTCOME
PAI-00673,2026-03-01,COMPLETED,SYNTHETIC_OUTCOME
PAI-00674,2026-03-01,DROPPED,SYNTHETIC_OUTCOME
PAI-00675,2026-03-01,ABANDONED,SYNTHETIC_OUTCOME
PAI-00676,2026-03-01,DOWNGRADED,SYNTHETIC_OUTCOME
PAI-00677,2026-03-01,COMPLETED,SYNTHETIC_OUTCOME
PAI-00678,2026-03-01,COMPLETED,SYNTHETIC_OUTCOME
PAI-00679,2026-03-01,COMPLETED,SYNTHETIC_OUTCOME
PAI-00680,2026-03-01,COMPLETED,SYNTHETIC_OUTCOME
PAI-00681,2026-03-01,FROZEN,SYNTHETIC_OUTCOME
PAI-00682,2026-03-01,COMPLETED,SYNTHETIC_OUTCOME
PAI-00683,2026-03-01,FROZEN,SYNTHETIC_OUTCOME
PAI-00684,2026-03-01,COMPLETED,SYNTHETIC_OUTCOME
PAI-00685,2026-03-01,COMPLETED,SYNTHETIC_OUTCOME
PAI-00686,2026-03-01,DROPPED,SYNTHETIC_OUTCOME
PAI-00687,2026-03-01,COMPLETED,SYNTHETIC_OUTCOME
PAI-00688,2026-03-01,COMPLETED,SYNTHETIC_OUTCOME
PAI-00689,2026-03-01,COMPLETED,SYNTHETIC_OUTCOME
PAI-00690,2026-03-01,COMPLETED,SYNTHETIC_OUTCOME
PAI-00691,2026-03-01,COMPLETED,SYNTHETIC_OUTCOME
PAI-00692,2026-03-01,DOWNGRADED,SYNTHETIC_OUTCOME
PAI-00693,2026-03-01,COMPLETED,SYNTHETIC_OUTCOME
PAI-00694,2026-03-01,DOWNGRADED,SYNTHETIC_OUTCOME
PAI-00695,2026-03-01,TERMINATED,SYNTHETIC_OUTCOME
PAI-00696,2026-03-01,COMPLETED,SYNTHETIC_OUTCOME
PAI-00697,2026-03-01,FROZEN,SYNTHETIC_OUTCOME
PAI-00698,2026-03-01,DOWNGRADED,SYNTHETIC_OUTCOME
PAI-00699,2026-03-01,COMPLETED,SYNTHETIC_OUTCOME
PAI-00700,2026-03-01,COMPLETED,SYNTHETIC_OUTCOME
PAI-00701,2026-03-01,COMPLETED,SYNTHETIC_OUTCOME
PAI-00702,2026-03-01,COMPLETED,SYNTHETIC_OUTCOME
PAI-00703,2026-03-01,COMPLETED,SYNTHETIC_OUTCOME
PAI-00704,2026-03-01,COMPLETED,SYNTHETIC_OUTCOME
PAI-00705,2026-03-01,COMPLETED,SYNTHETIC_OUTCOME
PAI-00706,2026-03-01,COMPLETED,SYNTHETIC_OUTCOME
PAI-00707,2026-03-01,COMPLETED,SYNTHETIC_OUTCOME
PAI-00708,2026-03-01,COMPLETED,SYNTHETIC_OUTCOME
PAI-00709,2026-03-01,COMPLETED,SYNTHETIC_OUTCOME
PAI-00710,2026-03-01,COMPLETED,SYNTHETIC_OUTCOME
PAI-00711,2026-03-01,COMPLETED,SYNTHETIC_OUTCOME
PAI-00712,2026-03-01,COMPLETED,SYNTHETIC_OUTCOME
PAI-00713,2026-03-01,DOWNGRADED,SYNTHETIC_OUTCOME
PAI-00714,2026-03-01,COMPLETED,SYNTHETIC_OUTCOME
PAI-00715,2026-03-01,COMPLETED,SYNTHETIC_OUTCOME
PAI-00716,2026-03-01,COMPLETED,SYNTHETIC_OUTCOME
PAI-00717,2026-03-01,COMPLETED,SYNTHETIC_OUTCOME
PAI-00718,2026-03-01,COMPLETED,SYNTHETIC_OUTCOME
PAI-00719,2026-03-01,FROZEN,SYNTHETIC_OUTCOME
PAI-00720,2026-03-01,DOWNGRADED,SYNTHETIC_OUTCOME
PAI-00721,2026-03-01,DOWNGRADED,SYNTHETIC_OUTCOME
PAI-00722,2026-03-01,COMPLETED,SYNTHETIC_OUTCOME
PAI-00723,2026-03-01,ABANDONED,SYNTHETIC_OUTCOME
PAI-00724,2026-03-01,COMPLETED,SYNTHETIC_OUTCOME
PAI-00725,2026-03-01,COMPLETED,SYNTHETIC_OUTCOME
PAI-00726,2026-03-01,COMPLETED,SYNTHETIC_OUTCOME
PAI-00727,2026-03-01,COMPLETED,SYNTHETIC_OUTCOME
PAI-00728,2026-03-01,COMPLETED,SYNTHETIC_OUTCOME
PAI-00729,2026-03-01,COMPLETED,SYNTHETIC_OUTCOME
PAI-00730,2026-03-01,COMPLETED,SYNTHETIC_OUTCOME
PAI-00731,2026-03-01,COMPLETED,SYNTHETIC_OUTCOME
PAI-00732,2026-03-01,COMPLETED,SYNTHETIC_OUTCOME
PAI-00733,2026-03-01,COMPLETED,SYNTHETIC_OUTCOME
PAI-00734,2026-03-01,COMPLETED,SYNTHETIC_OUTCOME
PAI-00735,2026-03-01,COMPLETED,SYNTHETIC_OUTCOME
PAI-00736,2026-03-01,COMPLETED,SYNTHETIC_OUTCOME
PAI-00737,2026-03-01,COMPLETED,SYNTHETIC_OUTCOME
PAI-00738,2026-03-01,COMPLETED,SYNTHETIC_OUTCOME
PAI-00739,2026-03-01,COMPLETED,SYNTHETIC_OUTCOME
PAI-00740,2026-03-01,COMPLETED,SYNTHETIC_OUTCOME
PAI-00741,2026-03-01,COMPLETED,SYNTHETIC_OUTCOME
PAI-00742,2026-03-01,COMPLETED,SYNTHETIC_OUTCOME
PAI-00743,2026-03-01,COMPLETED,SYNTHETIC_OUTCOME
PAI-00744,2026-03-01,COMPLETED,SYNTHETIC_OUTCOME
PAI-00745,2026-03-01,COMPLETED,SYNTHETIC_OUTCOME
PAI-00746,2026-03-01,COMPLETED,SYNTHETIC_OUTCOME
PAI-00747,2026-03-01,FROZEN,SYNTHETIC_OUTCOME
PAI-00748,2026-03-01,TERMINATED,SYNTHETIC_OUTCOME
PAI-00749,2026-03-01,COMPLETED,SYNTHETIC_OUTCOME
PAI-00750,2026-03-01,COMPLETED,SYNTHETIC_OUTCOME
PAI-00751,2026-03-01,COMPLETED,SYNTHETIC_OUTCOME
PAI-00752,2026-03-01,COMPLETED,SYNTHETIC_OUTCOME
PAI-00753,2026-03-01,COMPLETED,SYNTHETIC_OUTCOME
PAI-00754,2026-03-01,COMPLETED,SYNTHETIC_OUTCOME
PAI-00755,2026-03-01,DOWNGRADED,SYNTHETIC_OUTCOME
PAI-00756,2026-03-01,COMPLETED,SYNTHETIC_OUTCOME
PAI-00757,2026-03-01,COMPLETED,SYNTHETIC_OUTCOME
PAI-00758,2026-03-01,COMPLETED,SYNTHETIC_OUTCOME
PAI-00759,2026-03-01,COMPLETED,SYNTHETIC_OUTCOME
PAI-00760,2026-03-01,COMPLETED,SYNTHETIC_OUTCOME
PAI-00761,2026-03-01,FROZEN,SYNTHETIC_OUTCOME
PAI-00762,2026-03-01,DOWNGRADED,SYNTHETIC_OUTCOME
PAI-00763,2026-03-01,DOWNGRADED,SYNTHETIC_OUTCOME
PAI-00764,2026-03-01,COMPLETED,SYNTHETIC_OUTCOME
PAI-00765,2026-03-01,COMPLETED,SYNTHETIC_OUTCOME
PAI-00766,2026-03-01,COMPLETED,SYNTHETIC_OUTCOME
PAI-00767,2026-03-01,COMPLETED,SYNTHETIC_OUTCOME
PAI-00768,2026-03-01,COMPLETED,SYNTHETIC_OUTCOME
PAI-00769,2026-03-01,COMPLETED,SYNTHETIC_OUTCOME
PAI-00770,2026-03-01,COMPLETED,SYNTHETIC_OUTCOME
PAI-00771,2026-03-01,FROZEN,SYNTHETIC_OUTCOME
PAI-00772,2026-03-01,COMPLETED,SYNTHETIC_OUTCOME
PAI-00773,2026-03-01,COMPLETED,SYNTHETIC_OUTCOME
PAI-00774,2026-03-01,COMPLETED,SYNTHETIC_OUTCOME
PAI-00775,2026-03-01,COMPLETED,SYNTHETIC_OUTCOME
PAI-00776,2026-03-01,COMPLETED,SYNTHETIC_OUTCOME
PAI-00777,2026-03-01,COMPLETED,SYNTHETIC_OUTCOME
PAI-00778,2026-03-01,COMPLETED,SYNTHETIC_OUTCOME
PAI-00779,2026-03-01,COMPLETED,SYNTHETIC_OUTCOME
PAI-00780,2026-03-01,COMPLETED,SYNTHETIC_OUTCOME
PAI-00781,2026-03-01,COMPLETED,SYNTHETIC_OUTCOME
PAI-00782,2026-03-01,COMPLETED,SYNTHETIC_OUTCOME
PAI-00783,2026-03-01,COMPLETED,SYNTHETIC_OUTCOME
PAI-00784,2026-03-01,COMPLETED,SYNTHETIC_OUTCOME
PAI-00785,2026-03-01,COMPLETED,SYNTHETIC_OUTCOME
PAI-00786,2026-03-01,DOWNGRADED,SYNTHETIC_OUTCOME
PAI-00787,2026-03-01,COMPLETED,SYNTHETIC_OUTCOME
PAI-00788,2026-03-01,COMPLETED,SYNTHETIC_OUTCOME
PAI-00789,2026-03-01,COMPLETED,SYNTHETIC_OUTCOME
PAI-00790,2026-03-01,COMPLETED,SYNTHETIC_OUTCOME
PAI-00791,2026-03-01,COMPLETED,SYNTHETIC_OUTCOME
PAI-00792,2026-03-01,COMPLETED,SYNTHETIC_OUTCOME
PAI-00793,2026-03-01,COMPLETED,SYNTHETIC_OUTCOME
PAI-00794,2026-03-01,DOWNGRADED,SYNTHETIC_OUTCOME
PAI-00795,2026-03-01,COMPLETED,SYNTHETIC_OUTCOME
PAI-00796,2026-03-01,DOWNGRADED,SYNTHETIC_OUTCOME
PAI-00797,2026-03-01,COMPLETED,SYNTHETIC_OUTCOME
PAI-00798,2026-03-01,COMPLETED,SYNTHETIC_OUTCOME
PAI-00799,2026-03-01,COMPLETED,SYNTHETIC_OUTCOME
PAI-00800,2026-03-01,COMPLETED,SYNTHETIC_OUTCOME
PAI-00801,2026-03-01,TERMINATED,SYNTHETIC_OUTCOME
PAI-00802,2026-03-01,COMPLETED,SYNTHETIC_OUTCOME
PAI-00803,2026-03-01,COMPLETED,SYNTHETIC_OUTCOME
PAI-00804,2026-03-01,COMPLETED,SYNTHETIC_OUTCOME
PAI-00805,2026-03-01,COMPLETED,SYNTHETIC_OUTCOME
PAI-00806,2026-03-01,COMPLETED,SYNTHETIC_OUTCOME
PAI-00807,2026-03-01,COMPLETED,SYNTHETIC_OUTCOME
PAI-00808,2026-03-01,COMPLETED,SYNTHETIC_OUTCOME
PAI-00809,2026-03-01,FROZEN,SYNTHETIC_OUTCOME
PAI-00810,2026-03-01,COMPLETED,SYNTHETIC_OUTCOME
PAI-00811,2026-03-01,TERMINATED,SYNTHETIC_OUTCOME
PAI-00812,2026-03-01,COMPLETED,SYNTHETIC_OUTCOME
PAI-00813,2026-03-01,COMPLETED,SYNTHETIC_OUTCOME
PAI-00814,2026-03-01,COMPLETED,SYNTHETIC_OUTCOME
PAI-00815,2026-03-01,COMPLETED,SYNTHETIC_OUTCOME
PAI-00816,2026-03-01,COMPLETED,SYNTHETIC_OUTCOME
PAI-00817,2026-03-01,COMPLETED,SYNTHETIC_OUTCOME
PAI-00818,2026-03-01,COMPLETED,SYNTHETIC_OUTCOME
PAI-00819,2026-03-01,COMPLETED,SYNTHETIC_OUTCOME
PAI-00820,2026-03-01,COMPLETED,SYNTHETIC_OUTCOME
PAI-00821,2026-03-01,COMPLETED,SYNTHETIC_OUTCOME
PAI-00822,2026-03-01,COMPLETED,SYNTHETIC_OUTCOME
PAI-00823,2026-03-01,COMPLETED,SYNTHETIC_OUTCOME
PAI-00824,2026-03-01,COMPLETED,SYNTHETIC_OUTCOME
PAI-00825,2026-03-01,COMPLETED,SYNTHETIC_OUTCOME
PAI-00826,2026-03-01,COMPLETED,SYNTHETIC_OUTCOME
PAI-00827,2026-03-01,COMPLETED,SYNTHETIC_OUTCOME
PAI-00828,2026-03-01,COMPLETED,SYNTHETIC_OUTCOME
PAI-00829,2026-03-01,COMPLETED,SYNTHETIC_OUTCOME
PAI-00830,2026-03-01,COMPLETED,SYNTHETIC_OUTCOME
PAI-00831,2026-03-01,COMPLETED,SYNTHETIC_OUTCOME
PAI-00832,2026-03-01,COMPLETED,SYNTHETIC_OUTCOME
PAI-00833,2026-03-01,COMPLETED,SYNTHETIC_OUTCOME
PAI-00834,2026-03-01,COMPLETED,SYNTHETIC_OUTCOME
PAI-00835,2026-03-01,COMPLETED,SYNTHETIC_OUTCOME
PAI-00836,2026-03-01,DOWNGRADED,SYNTHETIC_OUTCOME
PAI-00837,2026-03-01,COMPLETED,SYNTHETIC_OUTCOME
PAI-00838,2026-03-01,COMPLETED,SYNTHETIC_OUTCOME
PAI-00839,2026-03-01,COMPLETED,SYNTHETIC_OUTCOME
PAI-00840,2026-03-01,DOWNGRADED,SYNTHETIC_OUTCOME
PAI-00841,2026-03-01,COMPLETED,SYNTHETIC_OUTCOME
PAI-00842,2026-03-01,COMPLETED,SYNTHETIC_OUTCOME
PAI-00843,2026-03-01,COMPLETED,SYNTHETIC_OUTCOME
PAI-00844,2026-03-01,COMPLETED,SYNTHETIC_OUTCOME
PAI-00845,2026-03-01,COMPLETED,SYNTHETIC_OUTCOME
PAI-00846,2026-03-01,FROZEN,SYNTHETIC_OUTCOME
PAI-00847,2026-03-01,COMPLETED,SYNTHETIC_OUTCOME
PAI-00848,2026-03-01,COMPLETED,SYNTHETIC_OUTCOME
PAI-00849,2026-03-01,COMPLETED,SYNTHETIC_OUTCOME
PAI-00850,2026-03-01,DOWNGRADED,SYNTHETIC_OUTCOME
PAI-00851,2026-03-01,COMPLETED,SYNTHETIC_OUTCOME
PAI-00852,2026-03-01,COMPLETED,SYNTHETIC_OUTCOME
PAI-00853,2026-03-01,COMPLETED,SYNTHETIC_OUTCOME
PAI-00854,2026-03-01,COMPLETED,SYNTHETIC_OUTCOME
PAI-00855,2026-03-01,COMPLETED,SYNTHETIC_OUTCOME
PAI-00856,2026-03-01,COMPLETED,SYNTHETIC_OUTCOME
PAI-00857,2026-03-01,COMPLETED,SYNTHETIC_OUTCOME
PAI-00858,2026-03-01,DOWNGRADED,SYNTHETIC_OUTCOME
PAI-00859,2026-03-01,COMPLETED,SYNTHETIC_OUTCOME
PAI-00860,2026-03-01,COMPLETED,SYNTHETIC_OUTCOME
PAI-00861,2026-03-01,COMPLETED,SYNTHETIC_OUTCOME
PAI-00862,2026-03-01,DOWNGRADED,SYNTHETIC_OUTCOME
PAI-00863,2026-03-01,COMPLETED,SYNTHETIC_OUTCOME
PAI-00864,2026-03-01,COMPLETED,SYNTHETIC_OUTCOME
PAI-00865,2026-03-01,COMPLETED,SYNTHETIC_OUTCOME
PAI-00866,2026-03-01,CANCELLED,SYNTHETIC_OUTCOME
PAI-00867,2026-03-01,COMPLETED,SYNTHETIC_OUTCOME
PAI-00868,2026-03-01,COMPLETED,SYNTHETIC_OUTCOME
PAI-00869,2026-03-01,COMPLETED,SYNTHETIC_OUTCOME
PAI-00870,2026-03-01,COMPLETED,SYNTHETIC_OUTCOME
PAI-00871,2026-03-01,CANCELLED,SYNTHETIC_OUTCOME
PAI-00872,2026-03-01,COMPLETED,SYNTHETIC_OUTCOME
PAI-00873,2026-03-01,COMPLETED,SYNTHETIC_OUTCOME
PAI-00874,2026-03-01,COMPLETED,SYNTHETIC_OUTCOME
PAI-00875,2026-03-01,DOWNGRADED,SYNTHETIC_OUTCOME
PAI-00876,2026-03-01,COMPLETED,SYNTHETIC_OUTCOME
PAI-00877,2026-03-01,COMPLETED,SYNTHETIC_OUTCOME
PAI-00878,2026-03-01,FROZEN,SYNTHETIC_OUTCOME
PAI-00879,2026-03-01,COMPLETED,SYNTHETIC_OUTCOME
PAI-00880,2026-03-01,COMPLETED,SYNTHETIC_OUTCOME
PAI-00881,2026-03-01,COMPLETED,SYNTHETIC_OUTCOME
PAI-00882,2026-03-01,COMPLETED,SYNTHETIC_OUTCOME
PAI-00883,2026-03-01,COMPLETED,SYNTHETIC_OUTCOME
PAI-00884,2026-03-01,COMPLETED,SYNTHETIC_OUTCOME
PAI-00885,2026-03-01,COMPLETED,SYNTHETIC_OUTCOME
PAI-00886,2026-03-01,COMPLETED,SYNTHETIC_OUTCOME
PAI-00887,2026-03-01,COMPLETED,SYNTHETIC_OUTCOME
PAI-00888,2026-03-01,COMPLETED,SYNTHETIC_OUTCOME
PAI-00889,2026-03-01,COMPLETED,SYNTHETIC_OUTCOME
PAI-00890,2026-03-01,CANCELLED,SYNTHETIC_OUTCOME
PAI-00891,2026-03-01,COMPLETED,SYNTHETIC_OUTCOME
PAI-00892,2026-03-01,FROZEN,SYNTHETIC_OUTCOME
PAI-00893,2026-03-01,TERMINATED,SYNTHETIC_OUTCOME
PAI-00894,2026-03-01,COMPLETED,SYNTHETIC_OUTCOME
PAI-00895,2026-03-01,COMPLETED,SYNTHETIC_OUTCOME
PAI-00896,2026-03-01,COMPLETED,SYNTHETIC_OUTCOME
PAI-00897,2026-03-01,COMPLETED,SYNTHETIC_OUTCOME
PAI-00898,2026-03-01,COMPLETED,SYNTHETIC_OUTCOME
PAI-00899,2026-03-01,COMPLETED,SYNTHETIC_OUTCOME
PAI-00900,2026-03-01,COMPLETED,SYNTHETIC_OUTCOME
PAI-00901,2026-03-01,COMPLETED,SYNTHETIC_OUTCOME
PAI-00902,2026-03-01,DOWNGRADED,SYNTHETIC_OUTCOME
PAI-00903,2026-03-01,COMPLETED,SYNTHETIC_OUTCOME
PAI-00904,2026-03-01,COMPLETED,SYNTHETIC_OUTCOME
PAI-00905,2026-03-01,COMPLETED,SYNTHETIC_OUTCOME
PAI-00906,2026-03-01,COMPLETED,SYNTHETIC_OUTCOME
PAI-00907,2026-03-01,CANCELLED,SYNTHETIC_OUTCOME
PAI-00908,2026-03-01,COMPLETED,SYNTHETIC_OUTCOME
PAI-00909,2026-03-01,COMPLETED,SYNTHETIC_OUTCOME
PAI-00910,2026-03-01,COMPLETED,SYNTHETIC_OUTCOME
PAI-00911,2026-03-01,COMPLETED,SYNTHETIC_OUTCOME
PAI-00912,2026-03-01,COMPLETED,SYNTHETIC_OUTCOME
PAI-00913,2026-03-01,COMPLETED,SYNTHETIC_OUTCOME
PAI-00914,2026-03-01,COMPLETED,SYNTHETIC_OUTCOME
PAI-00915,2026-03-01,COMPLETED,SYNTHETIC_OUTCOME
PAI-00916,2026-03-01,COMPLETED,SYNTHETIC_OUTCOME
PAI-00917,2026-03-01,COMPLETED,SYNTHETIC_OUTCOME
PAI-00918,2026-03-01,COMPLETED,SYNTHETIC_OUTCOME
PAI-00919,2026-03-01,COMPLETED,SYNTHETIC_OUTCOME
PAI-00920,2026-03-01,COMPLETED,SYNTHETIC_OUTCOME
PAI-00921,2026-03-01,COMPLETED,SYNTHETIC_OUTCOME
PAI-00922,2026-03-01,COMPLETED,SYNTHETIC_OUTCOME
PAI-00923,2026-03-01,DOWNGRADED,SYNTHETIC_OUTCOME
PAI-00924,2026-03-01,COMPLETED,SYNTHETIC_OUTCOME
PAI-00925,2026-03-01,COMPLETED,SYNTHETIC_OUTCOME
PAI-00926,2026-03-01,COMPLETED,SYNTHETIC_OUTCOME
PAI-00927,2026-03-01,COMPLETED,SYNTHETIC_OUTCOME
PAI-00928,2026-03-01,COMPLETED,SYNTHETIC_OUTCOME
PAI-00929,2026-03-01,COMPLETED,SYNTHETIC_OUTCOME
PAI-00930,2026-03-01,COMPLETED,SYNTHETIC_OUTCOME
PAI-00931,2026-03-01,COMPLETED,SYNTHETIC_OUTCOME
PAI-00932,2026-03-01,COMPLETED,SYNTHETIC_OUTCOME
PAI-00933,2026-03-01,COMPLETED,SYNTHETIC_OUTCOME
PAI-00934,2026-03-01,CANCELLED,SYNTHETIC_OUTCOME
PAI-00935,2026-03-01,FROZEN,SYNTHETIC_OUTCOME
PAI-00936,2026-03-01,COMPLETED,SYNTHETIC_OUTCOME
PAI-00937,2026-03-01,COMPLETED,SYNTHETIC_OUTCOME
PAI-00938,2026-03-01,DOWNGRADED,SYNTHETIC_OUTCOME
PAI-00939,2026-03-01,COMPLETED,SYNTHETIC_OUTCOME
PAI-00940,2026-03-01,COMPLETED,SYNTHETIC_OUTCOME
PAI-00941,2026-03-01,COMPLETED,SYNTHETIC_OUTCOME
PAI-00942,2026-03-01,COMPLETED,SYNTHETIC_OUTCOME
PAI-00943,2026-03-01,COMPLETED,SYNTHETIC_OUTCOME
PAI-00944,2026-03-01,COMPLETED,SYNTHETIC_OUTCOME
PAI-00945,2026-03-01,CANCELLED,SYNTHETIC_OUTCOME
PAI-00946,2026-03-01,COMPLETED,SYNTHETIC_OUTCOME
PAI-00947,2026-03-01,FROZEN,SYNTHETIC_OUTCOME
PAI-00948,2026-03-01,COMPLETED,SYNTHETIC_OUTCOME
PAI-00949,2026-03-01,COMPLETED,SYNTHETIC_OUTCOME
PAI-00950,2026-03-01,CANCELLED,SYNTHETIC_OUTCOME
PAI-00951,2026-03-01,COMPLETED,SYNTHETIC_OUTCOME
PAI-00952,2026-03-01,CANCELLED,SYNTHETIC_OUTCOME
PAI-00953,2026-03-01,COMPLETED,SYNTHETIC_OUTCOME
PAI-00954,2026-03-01,FROZEN,SYNTHETIC_OUTCOME
PAI-00955,2026-03-01,DOWNGRADED,SYNTHETIC_OUTCOME
PAI-00956,2026-03-01,ABANDONED,SYNTHETIC_OUTCOME
PAI-00957,2026-03-01,DROPPED,SYNTHETIC_OUTCOME
PAI-00958,2026-03-01,COMPLETED,SYNTHETIC_OUTCOME
PAI-00959,2026-03-01,COMPLETED,SYNTHETIC_OUTCOME
PAI-00960,2026-03-01,COMPLETED,SYNTHETIC_OUTCOME
PAI-00961,2026-03-01,COMPLETED,SYNTHETIC_OUTCOME
PAI-00962,2026-03-01,COMPLETED,SYNTHETIC_OUTCOME
PAI-00963,2026-03-01,COMPLETED,SYNTHETIC_OUTCOME
PAI-00964,2026-03-01,TERMINATED,SYNTHETIC_OUTCOME
PAI-00965,2026-03-01,COMPLETED,SYNTHETIC_OUTCOME
PAI-00966,2026-03-01,COMPLETED,SYNTHETIC_OUTCOME
PAI-00967,2026-03-01,COMPLETED,SYNTHETIC_OUTCOME
PAI-00968,2026-03-01,FROZEN,SYNTHETIC_OUTCOME
PAI-00969,2026-03-01,COMPLETED,SYNTHETIC_OUTCOME
PAI-00970,2026-03-01,COMPLETED,SYNTHETIC_OUTCOME
PAI-00971,2026-03-01,COMPLETED,SYNTHETIC_OUTCOME
PAI-00972,2026-03-01,COMPLETED,SYNTHETIC_OUTCOME
PAI-00973,2026-03-01,COMPLETED,SYNTHETIC_OUTCOME
PAI-00974,2026-03-01,COMPLETED,SYNTHETIC_OUTCOME
PAI-00975,2026-03-01,COMPLETED,SYNTHETIC_OUTCOME
PAI-00976,2026-03-01,COMPLETED,SYNTHETIC_OUTCOME
PAI-00977,2026-03-01,COMPLETED,SYNTHETIC_OUTCOME
PAI-00978,2026-03-01,COMPLETED,SYNTHETIC_OUTCOME
PAI-00979,2026-03-01,COMPLETED,SYNTHETIC_OUTCOME
PAI-00980,2026-03-01,COMPLETED,SYNTHETIC_OUTCOME
PAI-00981,2026-03-01,TERMINATED,SYNTHETIC_OUTCOME
PAI-00982,2026-03-01,DROPPED,SYNTHETIC_OUTCOME
PAI-00983,2026-03-01,COMPLETED,SYNTHETIC_OUTCOME
PAI-00984,2026-03-01,COMPLETED,SYNTHETIC_OUTCOME
PAI-00985,2026-03-01,COMPLETED,SYNTHETIC_OUTCOME
PAI-00986,2026-03-01,FROZEN,SYNTHETIC_OUTCOME
PAI-00987,2026-03-01,COMPLETED,SYNTHETIC_OUTCOME
PAI-00988,2026-03-01,DOWNGRADED,SYNTHETIC_OUTCOME
PAI-00989,2026-03-01,COMPLETED,SYNTHETIC_OUTCOME
PAI-00990,2026-03-01,COMPLETED,SYNTHETIC_OUTCOME
PAI-00991,2026-03-01,COMPLETED,SYNTHETIC_OUTCOME
PAI-00992,2026-03-01,COMPLETED,SYNTHETIC_OUTCOME
PAI-00993,2026-03-01,DOWNGRADED,SYNTHETIC_OUTCOME
PAI-00994,2026-03-01,ABANDONED,SYNTHETIC_OUTCOME
PAI-00995,2026-03-01,DOWNGRADED,SYNTHETIC_OUTCOME
PAI-00996,2026-03-01,COMPLETED,SYNTHETIC_OUTCOME
PAI-00997,2026-03-01,COMPLETED,SYNTHETIC_OUTCOME
PAI-00998,2026-03-01,COMPLETED,SYNTHETIC_OUTCOME
PAI-00999,2026-03-01,COMPLETED,SYNTHETIC_OUTCOME
PAI-01000,2026-03-01,COMPLETED,SYNTHETIC_OUTCOME
PAI-01001,2026-03-01,COMPLETED,SYNTHETIC_OUTCOME
PAI-01002,2026-03-01,COMPLETED,SYNTHETIC_OUTCOME
PAI-01003,2026-03-01,DOWNGRADED,SYNTHETIC_OUTCOME
PAI-01004,2026-03-01,COMPLETED,SYNTHETIC_OUTCOME
PAI-01005,2026-03-01,COMPLETED,SYNTHETIC_OUTCOME
PAI-01006,2026-03-01,COMPLETED,SYNTHETIC_OUTCOME
PAI-01007,2026-03-01,COMPLETED,SYNTHETIC_OUTCOME
PAI-01008,2026-03-01,COMPLETED,SYNTHETIC_OUTCOME
PAI-01009,2026-03-01,COMPLETED,SYNTHETIC_OUTCOME
PAI-01010,2026-03-01,COMPLETED,SYNTHETIC_OUTCOME
PAI-01011,2026-03-01,COMPLETED,SYNTHETIC_OUTCOME
PAI-01012,2026-03-01,COMPLETED,SYNTHETIC_OUTCOME
PAI-01013,2026-03-01,DOWNGRADED,SYNTHETIC_OUTCOME
PAI-01014,2026-03-01,COMPLETED,SYNTHETIC_OUTCOME
PAI-01015,2026-03-01,COMPLETED,SYNTHETIC_OUTCOME
PAI-01016,2026-03-01,COMPLETED,SYNTHETIC_OUTCOME
PAI-01017,2026-03-01,COMPLETED,SYNTHETIC_OUTCOME
PAI-01018,2026-03-01,COMPLETED,SYNTHETIC_OUTCOME
PAI-01019,2026-03-01,COMPLETED,SYNTHETIC_OUTCOME
PAI-01020,2026-03-01,COMPLETED,SYNTHETIC_OUTCOME
PAI-01021,2026-03-01,COMPLETED,SYNTHETIC_OUTCOME
PAI-01022,2026-03-01,COMPLETED,SYNTHETIC_OUTCOME
PAI-01023,2026-03-01,COMPLETED,SYNTHETIC_OUTCOME
PAI-01024,2026-03-01,COMPLETED,SYNTHETIC_OUTCOME
PAI-01025,2026-03-01,FROZEN,SYNTHETIC_OUTCOME
PAI-01026,2026-03-01,COMPLETED,SYNTHETIC_OUTCOME
PAI-01027,2026-03-01,COMPLETED,SYNTHETIC_OUTCOME
PAI-01028,2026-03-01,COMPLETED,SYNTHETIC_OUTCOME
PAI-01029,2026-03-01,DOWNGRADED,SYNTHETIC_OUTCOME
PAI-01030,2026-03-01,COMPLETED,SYNTHETIC_OUTCOME
PAI-01031,2026-03-01,COMPLETED,SYNTHETIC_OUTCOME
PAI-01032,2026-03-01,COMPLETED,SYNTHETIC_OUTCOME
PAI-01033,2026-03-01,COMPLETED,SYNTHETIC_OUTCOME
PAI-01034,2026-03-01,COMPLETED,SYNTHETIC_OUTCOME
PAI-01035,2026-03-01,COMPLETED,SYNTHETIC_OUTCOME
PAI-01036,2026-03-01,COMPLETED,SYNTHETIC_OUTCOME
PAI-01037,2026-03-01,COMPLETED,SYNTHETIC_OUTCOME
PAI-01038,2026-03-01,COMPLETED,SYNTHETIC_OUTCOME
PAI-01039,2026-03-01,COMPLETED,SYNTHETIC_OUTCOME
PAI-01040,2026-03-01,COMPLETED,SYNTHETIC_OUTCOME
PAI-01041,2026-03-01,COMPLETED,SYNTHETIC_OUTCOME
PAI-01042,2026-03-01,COMPLETED,SYNTHETIC_OUTCOME
PAI-01043,2026-03-01,COMPLETED,SYNTHETIC_OUTCOME
PAI-01044,2026-03-01,FROZEN,SYNTHETIC_OUTCOME
PAI-01045,2026-03-01,COMPLETED,SYNTHETIC_OUTCOME
PAI-01046,2026-03-01,COMPLETED,SYNTHETIC_OUTCOME
PAI-01047,2026-03-01,COMPLETED,SYNTHETIC_OUTCOME
PAI-01048,2026-03-01,COMPLETED,SYNTHETIC_OUTCOME
PAI-01049,2026-03-01,COMPLETED,SYNTHETIC_OUTCOME
PAI-01050,2026-03-01,FROZEN,SYNTHETIC_OUTCOME
PAI-01051,2026-03-01,COMPLETED,SYNTHETIC_OUTCOME
PAI-01052,2026-03-01,COMPLETED,SYNTHETIC_OUTCOME
PAI-01053,2026-03-01,COMPLETED,SYNTHETIC_OUTCOME
PAI-01054,2026-03-01,COMPLETED,SYNTHETIC_OUTCOME
PAI-01055,2026-03-01,DOWNGRADED,SYNTHETIC_OUTCOME
PAI-01056,2026-03-01,COMPLETED,SYNTHETIC_OUTCOME
PAI-01057,2026-03-01,CANCELLED,SYNTHETIC_OUTCOME
PAI-01058,2026-03-01,COMPLETED,SYNTHETIC_OUTCOME
PAI-01059,2026-03-01,COMPLETED,SYNTHETIC_OUTCOME
PAI-01060,2026-03-01,COMPLETED,SYNTHETIC_OUTCOME
PAI-01061,2026-03-01,COMPLETED,SYNTHETIC_OUTCOME
PAI-01062,2026-03-01,COMPLETED,SYNTHETIC_OUTCOME
PAI-01063,2026-03-01,COMPLETED,SYNTHETIC_OUTCOME
PAI-01064,2026-03-01,COMPLETED,SYNTHETIC_OUTCOME
PAI-01065,2026-03-01,COMPLETED,SYNTHETIC_OUTCOME
PAI-01066,2026-03-01,COMPLETED,SYNTHETIC_OUTCOME
PAI-01067,2026-03-01,COMPLETED,SYNTHETIC_OUTCOME
PAI-01068,2026-03-01,COMPLETED,SYNTHETIC_OUTCOME
PAI-01069,2026-03-01,COMPLETED,SYNTHETIC_OUTCOME
PAI-01070,2026-03-01,COMPLETED,SYNTHETIC_OUTCOME
PAI-01071,2026-03-01,COMPLETED,SYNTHETIC_OUTCOME
PAI-01072,2026-03-01,COMPLETED,SYNTHETIC_OUTCOME
PAI-01073,2026-03-01,COMPLETED,SYNTHETIC_OUTCOME
PAI-01074,2026-03-01,COMPLETED,SYNTHETIC_OUTCOME
PAI-01075,2026-03-01,COMPLETED,SYNTHETIC_OUTCOME
PAI-01076,2026-03-01,FROZEN,SYNTHETIC_OUTCOME
PAI-01077,2026-03-01,FROZEN,SYNTHETIC_OUTCOME
PAI-01078,2026-03-01,COMPLETED,SYNTHETIC_OUTCOME
PAI-01079,2026-03-01,COMPLETED,SYNTHETIC_OUTCOME
PAI-01080,2026-03-01,DOWNGRADED,SYNTHETIC_OUTCOME
PAI-01081,2026-03-01,COMPLETED,SYNTHETIC_OUTCOME
PAI-01082,2026-03-01,DOWNGRADED,SYNTHETIC_OUTCOME
PAI-01083,2026-03-01,COMPLETED,SYNTHETIC_OUTCOME
PAI-01084,2026-03-01,DROPPED,SYNTHETIC_OUTCOME
PAI-01085,2026-03-01,COMPLETED,SYNTHETIC_OUTCOME
PAI-01086,2026-03-01,COMPLETED,SYNTHETIC_OUTCOME
PAI-01087,2026-03-01,COMPLETED,SYNTHETIC_OUTCOME
PAI-01088,2026-03-01,COMPLETED,SYNTHETIC_OUTCOME
PAI-01089,2026-03-01,COMPLETED,SYNTHETIC_OUTCOME
PAI-01090,2026-03-01,COMPLETED,SYNTHETIC_OUTCOME
PAI-01091,2026-03-01,COMPLETED,SYNTHETIC_OUTCOME
PAI-01092,2026-03-01,COMPLETED,SYNTHETIC_OUTCOME
PAI-01093,2026-03-01,DOWNGRADED,SYNTHETIC_OUTCOME
PAI-01094,2026-03-01,COMPLETED,SYNTHETIC_OUTCOME
PAI-01095,2026-03-01,COMPLETED,SYNTHETIC_OUTCOME
PAI-01096,2026-03-01,CANCELLED,SYNTHETIC_OUTCOME
PAI-01097,2026-03-01,DOWNGRADED,SYNTHETIC_OUTCOME
PAI-01098,2026-03-01,COMPLETED,SYNTHETIC_OUTCOME
PAI-01099,2026-03-01,COMPLETED,SYNTHETIC_OUTCOME
PAI-01100,2026-03-01,COMPLETED,SYNTHETIC_OUTCOME
PAI-01101,2026-03-01,COMPLETED,SYNTHETIC_OUTCOME
PAI-01102,2026-03-01,COMPLETED,SYNTHETIC_OUTCOME
PAI-01103,2026-03-01,DOWNGRADED,SYNTHETIC_OUTCOME
PAI-01104,2026-03-01,COMPLETED,SYNTHETIC_OUTCOME
PAI-01105,2026-03-01,COMPLETED,SYNTHETIC_OUTCOME
PAI-01106,2026-03-01,COMPLETED,SYNTHETIC_OUTCOME
PAI-01107,2026-03-01,COMPLETED,SYNTHETIC_OUTCOME
PAI-01108,2026-03-01,COMPLETED,SYNTHETIC_OUTCOME
PAI-01109,2026-03-01,COMPLETED,SYNTHETIC_OUTCOME
PAI-01110,2026-03-01,COMPLETED,SYNTHETIC_OUTCOME
PAI-01111,2026-03-01,COMPLETED,SYNTHETIC_OUTCOME
PAI-01112,2026-03-01,COMPLETED,SYNTHETIC_OUTCOME
PAI-01113,2026-03-01,COMPLETED,SYNTHETIC_OUTCOME
PAI-01114,2026-03-01,COMPLETED,SYNTHETIC_OUTCOME
PAI-01115,2026-03-01,COMPLETED,SYNTHETIC_OUTCOME
PAI-01116,2026-03-01,DOWNGRADED,SYNTHETIC_OUTCOME
PAI-01117,2026-03-01,CANCELLED,SYNTHETIC_OUTCOME
PAI-01118,2026-03-01,COMPLETED,SYNTHETIC_OUTCOME
PAI-01119,2026-03-01,COMPLETED,SYNTHETIC_OUTCOME
PAI-01120,2026-03-01,COMPLETED,SYNTHETIC_OUTCOME
PAI-01121,2026-03-01,TERMINATED,SYNTHETIC_OUTCOME
PAI-01122,2026-03-01,COMPLETED,SYNTHETIC_OUTCOME
PAI-01123,2026-03-01,DROPPED,SYNTHETIC_OUTCOME
PAI-01124,2026-03-01,COMPLETED,SYNTHETIC_OUTCOME
PAI-01125,2026-03-01,COMPLETED,SYNTHETIC_OUTCOME
PAI-01126,2026-03-01,COMPLETED,SYNTHETIC_OUTCOME
PAI-01127,2026-03-01,COMPLETED,SYNTHETIC_OUTCOME
PAI-01128,2026-03-01,ABANDONED,SYNTHETIC_OUTCOME
PAI-01129,2026-03-01,TERMINATED,SYNTHETIC_OUTCOME
PAI-01130,2026-03-01,COMPLETED,SYNTHETIC_OUTCOME
PAI-01131,2026-03-01,COMPLETED,SYNTHETIC_OUTCOME
PAI-01132,2026-03-01,TERMINATED,SYNTHETIC_OUTCOME
PAI-01133,2026-03-01,COMPLETED,SYNTHETIC_OUTCOME
PAI-01134,2026-03-01,COMPLETED,SYNTHETIC_OUTCOME
PAI-01135,2026-03-01,TERMINATED,SYNTHETIC_OUTCOME
PAI-01136,2026-03-01,COMPLETED,SYNTHETIC_OUTCOME
PAI-01137,2026-03-01,COMPLETED,SYNTHETIC_OUTCOME
PAI-01138,2026-03-01,COMPLETED,SYNTHETIC_OUTCOME
PAI-01139,2026-03-01,COMPLETED,SYNTHETIC_OUTCOME
PAI-01140,2026-03-01,COMPLETED,SYNTHETIC_OUTCOME
PAI-01141,2026-03-01,COMPLETED,SYNTHETIC_OUTCOME
PAI-01142,2026-03-01,COMPLETED,SYNTHETIC_OUTCOME
PAI-01143,2026-03-01,COMPLETED,SYNTHETIC_OUTCOME
PAI-01144,2026-03-01,DROPPED,SYNTHETIC_OUTCOME
PAI-01145,2026-03-01,COMPLETED,SYNTHETIC_OUTCOME
PAI-01146,2026-03-01,COMPLETED,SYNTHETIC_OUTCOME
PAI-01147,2026-03-01,COMPLETED,SYNTHETIC_OUTCOME
PAI-01148,2026-03-01,CANCELLED,SYNTHETIC_OUTCOME
PAI-01149,2026-03-01,COMPLETED,SYNTHETIC_OUTCOME
PAI-01150,2026-03-01,COMPLETED,SYNTHETIC_OUTCOME
PAI-01151,2026-03-01,COMPLETED,SYNTHETIC_OUTCOME
PAI-01152,2026-03-01,TERMINATED,SYNTHETIC_OUTCOME
PAI-01153,2026-03-01,COMPLETED,SYNTHETIC_OUTCOME
PAI-01154,2026-03-01,COMPLETED,SYNTHETIC_OUTCOME
PAI-01155,2026-03-01,COMPLETED,SYNTHETIC_OUTCOME
PAI-01156,2026-03-01,COMPLETED,SYNTHETIC_OUTCOME
PAI-01157,2026-03-01,COMPLETED,SYNTHETIC_OUTCOME
PAI-01158,2026-03-01,COMPLETED,SYNTHETIC_OUTCOME
PAI-01159,2026-03-01,FROZEN,SYNTHETIC_OUTCOME
PAI-01160,2026-03-01,COMPLETED,SYNTHETIC_OUTCOME
PAI-01161,2026-03-01,COMPLETED,SYNTHETIC_OUTCOME
PAI-01162,2026-03-01,COMPLETED,SYNTHETIC_OUTCOME
PAI-01163,2026-03-01,COMPLETED,SYNTHETIC_OUTCOME
PAI-01164,2026-03-01,COMPLETED,SYNTHETIC_OUTCOME
PAI-01165,2026-03-01,COMPLETED,SYNTHETIC_OUTCOME
PAI-01166,2026-03-01,COMPLETED,SYNTHETIC_OUTCOME
PAI-01167,2026-03-01,COMPLETED,SYNTHETIC_OUTCOME
PAI-01168,2026-03-01,COMPLETED,SYNTHETIC_OUTCOME
PAI-01169,2026-03-01,COMPLETED,SYNTHETIC_OUTCOME
PAI-01170,2026-03-01,COMPLETED,SYNTHETIC_OUTCOME
PAI-01171,2026-03-01,TERMINATED,SYNTHETIC_OUTCOME
PAI-01172,2026-03-01,COMPLETED,SYNTHETIC_OUTCOME
PAI-01173,2026-03-01,COMPLETED,SYNTHETIC_OUTCOME
PAI-01174,2026-03-01,FROZEN,SYNTHETIC_OUTCOME
PAI-01175,2026-03-01,CANCELLED,SYNTHETIC_OUTCOME
PAI-01176,2026-03-01,COMPLETED,SYNTHETIC_OUTCOME
PAI-01177,2026-03-01,DROPPED,SYNTHETIC_OUTCOME
PAI-01178,2026-03-01,COMPLETED,SYNTHETIC_OUTCOME
PAI-01179,2026-03-01,COMPLETED,SYNTHETIC_OUTCOME
PAI-01180,2026-03-01,DOWNGRADED,SYNTHETIC_OUTCOME
PAI-01181,2026-03-01,FROZEN,SYNTHETIC_OUTCOME
PAI-01182,2026-03-01,COMPLETED,SYNTHETIC_OUTCOME
PAI-01183,2026-03-01,COMPLETED,SYNTHETIC_OUTCOME
PAI-01184,2026-03-01,COMPLETED,SYNTHETIC_OUTCOME
PAI-01185,2026-03-01,COMPLETED,SYNTHETIC_OUTCOME
PAI-01186,2026-03-01,COMPLETED,SYNTHETIC_OUTCOME
PAI-01187,2026-03-01,COMPLETED,SYNTHETIC_OUTCOME
PAI-01188,2026-03-01,COMPLETED,SYNTHETIC_OUTCOME
PAI-01189,2026-03-01,COMPLETED,SYNTHETIC_OUTCOME
PAI-01190,2026-03-01,COMPLETED,SYNTHETIC_OUTCOME
PAI-01191,2026-03-01,COMPLETED,SYNTHETIC_OUTCOME
PAI-01192,2026-03-01,FROZEN,SYNTHETIC_OUTCOME
PAI-01193,2026-03-01,DROPPED,SYNTHETIC_OUTCOME
PAI-01194,2026-03-01,COMPLETED,SYNTHETIC_OUTCOME
PAI-01195,2026-03-01,COMPLETED,SYNTHETIC_OUTCOME
PAI-01196,2026-03-01,CANCELLED,SYNTHETIC_OUTCOME
PAI-01197,2026-03-01,DOWNGRADED,SYNTHETIC_OUTCOME
PAI-01198,2026-03-01,COMPLETED,SYNTHETIC_OUTCOME
PAI-01199,2026-03-01,COMPLETED,SYNTHETIC_OUTCOME
PAI-01200,2026-03-01,COMPLETED,SYNTHETIC_OUTCOME
PAI-01201,2026-03-01,DOWNGRADED,SYNTHETIC_OUTCOME
PAI-01202,2026-03-01,COMPLETED,SYNTHETIC_OUTCOME
PAI-01203,2026-03-01,COMPLETED,SYNTHETIC_OUTCOME
PAI-01204,2026-03-01,COMPLETED,SYNTHETIC_OUTCOME
PAI-01205,2026-03-01,COMPLETED,SYNTHETIC_OUTCOME
PAI-01206,2026-03-01,COMPLETED,SYNTHETIC_OUTCOME
PAI-01207,2026-03-01,COMPLETED,SYNTHETIC_OUTCOME
PAI-01208,2026-03-01,COMPLETED,SYNTHETIC_OUTCOME
PAI-01209,2026-03-01,COMPLETED,SYNTHETIC_OUTCOME
PAI-01210,2026-03-01,COMPLETED,SYNTHETIC_OUTCOME
PAI-01211,2026-03-01,COMPLETED,SYNTHETIC_OUTCOME
PAI-01212,2026-03-01,COMPLETED,SYNTHETIC_OUTCOME
PAI-01213,2026-03-01,COMPLETED,SYNTHETIC_OUTCOME
PAI-01214,2026-03-01,COMPLETED,SYNTHETIC_OUTCOME
PAI-01215,2026-03-01,COMPLETED,SYNTHETIC_OUTCOME
PAI-01216,2026-03-01,CANCELLED,SYNTHETIC_OUTCOME
PAI-01217,2026-03-01,COMPLETED,SYNTHETIC_OUTCOME
PAI-01218,2026-03-01,COMPLETED,SYNTHETIC_OUTCOME
PAI-01219,2026-03-01,COMPLETED,SYNTHETIC_OUTCOME
PAI-01220,2026-03-01,COMPLETED,SYNTHETIC_OUTCOME
PAI-01221,2026-03-01,COMPLETED,SYNTHETIC_OUTCOME
PAI-01222,2026-03-01,COMPLETED,SYNTHETIC_OUTCOME
PAI-01223,2026-03-01,DOWNGRADED,SYNTHETIC_OUTCOME
PAI-01224,2026-03-01,COMPLETED,SYNTHETIC_OUTCOME
PAI-01225,2026-03-01,COMPLETED,SYNTHETIC_OUTCOME
PAI-01226,2026-03-01,COMPLETED,SYNTHETIC_OUTCOME
PAI-01227,2026-03-01,COMPLETED,SYNTHETIC_OUTCOME
PAI-01228,2026-03-01,COMPLETED,SYNTHETIC_OUTCOME
PAI-01229,2026-03-01,FROZEN,SYNTHETIC_OUTCOME
PAI-01230,2026-03-01,COMPLETED,SYNTHETIC_OUTCOME
PAI-01231,2026-03-01,COMPLETED,SYNTHETIC_OUTCOME
PAI-01232,2026-03-01,COMPLETED,SYNTHETIC_OUTCOME
PAI-01233,2026-03-01,COMPLETED,SYNTHETIC_OUTCOME
PAI-01234,2026-03-01,COMPLETED,SYNTHETIC_OUTCOME
PAI-01235,2026-03-01,COMPLETED,SYNTHETIC_OUTCOME
PAI-01236,2026-03-01,COMPLETED,SYNTHETIC_OUTCOME
PAI-01237,2026-03-01,COMPLETED,SYNTHETIC_OUTCOME
PAI-01238,2026-03-01,COMPLETED,SYNTHETIC_OUTCOME
PAI-01239,2026-03-01,COMPLETED,SYNTHETIC_OUTCOME
PAI-01240,2026-03-01,COMPLETED,SYNTHETIC_OUTCOME
PAI-01241,2026-03-01,COMPLETED,SYNTHETIC_OUTCOME
PAI-01242,2026-03-01,COMPLETED,SYNTHETIC_OUTCOME
PAI-01243,2026-03-01,COMPLETED,SYNTHETIC_OUTCOME
PAI-01244,2026-03-01,DOWNGRADED,SYNTHETIC_OUTCOME
PAI-01245,2026-03-01,COMPLETED,SYNTHETIC_OUTCOME
PAI-01246,2026-03-01,COMPLETED,SYNTHETIC_OUTCOME
PAI-01247,2026-03-01,COMPLETED,SYNTHETIC_OUTCOME
PAI-01248,2026-03-01,FROZEN,SYNTHETIC_OUTCOME
PAI-01249,2026-03-01,CANCELLED,SYNTHETIC_OUTCOME
PAI-01250,2026-03-01,FROZEN,SYNTHETIC_OUTCOME
PAI-01251,2026-03-01,COMPLETED,SYNTHETIC_OUTCOME
PAI-01252,2026-03-01,DOWNGRADED,SYNTHETIC_OUTCOME
PAI-01253,2026-03-01,COMPLETED,SYNTHETIC_OUTCOME
PAI-01254,2026-03-01,COMPLETED,SYNTHETIC_OUTCOME
PAI-01255,2026-03-01,COMPLETED,SYNTHETIC_OUTCOME
PAI-01256,2026-03-01,FROZEN,SYNTHETIC_OUTCOME
PAI-01257,2026-03-01,COMPLETED,SYNTHETIC_OUTCOME
PAI-01258,2026-03-01,COMPLETED,SYNTHETIC_OUTCOME
PAI-01259,2026-03-01,COMPLETED,SYNTHETIC_OUTCOME
PAI-01260,2026-03-01,COMPLETED,SYNTHETIC_OUTCOME
PAI-01261,2026-03-01,FROZEN,SYNTHETIC_OUTCOME
PAI-01262,2026-03-01,COMPLETED,SYNTHETIC_OUTCOME
PAI-01263,2026-03-01,COMPLETED,SYNTHETIC_OUTCOME
PAI-01264,2026-03-01,COMPLETED,SYNTHETIC_OUTCOME
PAI-01265,2026-03-01,FROZEN,SYNTHETIC_OUTCOME
PAI-01266,2026-03-01,TERMINATED,SYNTHETIC_OUTCOME
PAI-01267,2026-03-01,COMPLETED,SYNTHETIC_OUTCOME
PAI-01268,2026-03-01,COMPLETED,SYNTHETIC_OUTCOME
PAI-01269,2026-03-01,COMPLETED,SYNTHETIC_OUTCOME
PAI-01270,2026-03-01,COMPLETED,SYNTHETIC_OUTCOME
PAI-01271,2026-03-01,COMPLETED,SYNTHETIC_OUTCOME
PAI-01272,2026-03-01,COMPLETED,SYNTHETIC_OUTCOME
PAI-01273,2026-03-01,COMPLETED,SYNTHETIC_OUTCOME
PAI-01274,2026-03-01,COMPLETED,SYNTHETIC_OUTCOME
PAI-01275,2026-03-01,DOWNGRADED,SYNTHETIC_OUTCOME
PAI-01276,2026-03-01,COMPLETED,SYNTHETIC_OUTCOME
PAI-01277,2026-03-01,FROZEN,SYNTHETIC_OUTCOME
PAI-01278,2026-03-01,COMPLETED,SYNTHETIC_OUTCOME
PAI-01279,2026-03-01,COMPLETED,SYNTHETIC_OUTCOME
PAI-01280,2026-03-01,FROZEN,SYNTHETIC_OUTCOME
PAI-01281,2026-03-01,COMPLETED,SYNTHETIC_OUTCOME
PAI-01282,2026-03-01,COMPLETED,SYNTHETIC_OUTCOME
PAI-01283,2026-03-01,COMPLETED,SYNTHETIC_OUTCOME
PAI-01284,2026-03-01,COMPLETED,SYNTHETIC_OUTCOME
PAI-01285,2026-03-01,COMPLETED,SYNTHETIC_OUTCOME
PAI-01286,2026-03-01,COMPLETED,SYNTHETIC_OUTCOME
PAI-01287,2026-03-01,COMPLETED,SYNTHETIC_OUTCOME
PAI-01288,2026-03-01,COMPLETED,SYNTHETIC_OUTCOME
PAI-01289,2026-03-01,COMPLETED,SYNTHETIC_OUTCOME
PAI-01290,2026-03-01,COMPLETED,SYNTHETIC_OUTCOME
PAI-01291,2026-03-01,COMPLETED,SYNTHETIC_OUTCOME
PAI-01292,2026-03-01,COMPLETED,SYNTHETIC_OUTCOME
PAI-01293,2026-03-01,COMPLETED,SYNTHETIC_OUTCOME
PAI-01294,2026-03-01,COMPLETED,SYNTHETIC_OUTCOME
PAI-01295,2026-03-01,COMPLETED,SYNTHETIC_OUTCOME
PAI-01296,2026-03-01,COMPLETED,SYNTHETIC_OUTCOME
PAI-01297,2026-03-01,COMPLETED,SYNTHETIC_OUTCOME
PAI-01298,2026-03-01,COMPLETED,SYNTHETIC_OUTCOME
PAI-01299,2026-03-01,DOWNGRADED,SYNTHETIC_OUTCOME
PAI-01300,2026-03-01,COMPLETED,SYNTHETIC_OUTCOME
PAI-01301,2026-03-01,COMPLETED,SYNTHETIC_OUTCOME
PAI-01302,2026-03-01,COMPLETED,SYNTHETIC_OUTCOME
PAI-01303,2026-03-01,COMPLETED,SYNTHETIC_OUTCOME
PAI-01304,2026-03-01,COMPLETED,SYNTHETIC_OUTCOME
PAI-01305,2026-03-01,COMPLETED,SYNTHETIC_OUTCOME
PAI-01306,2026-03-01,COMPLETED,SYNTHETIC_OUTCOME
PAI-01307,2026-03-01,COMPLETED,SYNTHETIC_OUTCOME
PAI-01308,2026-03-01,COMPLETED,SYNTHETIC_OUTCOME
PAI-01309,2026-03-01,COMPLETED,SYNTHETIC_OUTCOME
PAI-01310,2026-03-01,DOWNGRADED,SYNTHETIC_OUTCOME
PAI-01311,2026-03-01,COMPLETED,SYNTHETIC_OUTCOME
PAI-01312,2026-03-01,COMPLETED,SYNTHETIC_OUTCOME
PAI-01313,2026-03-01,COMPLETED,SYNTHETIC_OUTCOME
PAI-01314,2026-03-01,COMPLETED,SYNTHETIC_OUTCOME
PAI-01315,2026-03-01,COMPLETED,SYNTHETIC_OUTCOME
PAI-01316,2026-03-01,COMPLETED,SYNTHETIC_OUTCOME
PAI-01317,2026-03-01,COMPLETED,SYNTHETIC_OUTCOME
PAI-01318,2026-03-01,COMPLETED,SYNTHETIC_OUTCOME
PAI-01319,2026-03-01,COMPLETED,SYNTHETIC_OUTCOME
PAI-01320,2026-03-01,COMPLETED,SYNTHETIC_OUTCOME
PAI-01321,2026-03-01,COMPLETED,SYNTHETIC_OUTCOME
PAI-01322,2026-03-01,COMPLETED,SYNTHETIC_OUTCOME
PAI-01323,2026-03-01,FROZEN,SYNTHETIC_OUTCOME
PAI-01324,2026-03-01,COMPLETED,SYNTHETIC_OUTCOME
PAI-01325,2026-03-01,COMPLETED,SYNTHETIC_OUTCOME
PAI-01326,2026-03-01,COMPLETED,SYNTHETIC_OUTCOME
PAI-01327,2026-03-01,COMPLETED,SYNTHETIC_OUTCOME
PAI-01328,2026-03-01,DOWNGRADED,SYNTHETIC_OUTCOME
PAI-01329,2026-03-01,COMPLETED,SYNTHETIC_OUTCOME
PAI-01330,2026-03-01,COMPLETED,SYNTHETIC_OUTCOME
PAI-01331,2026-03-01,TERMINATED,SYNTHETIC_OUTCOME
PAI-01332,2026-03-01,COMPLETED,SYNTHETIC_OUTCOME
PAI-01333,2026-03-01,COMPLETED,SYNTHETIC_OUTCOME
PAI-01334,2026-03-01,COMPLETED,SYNTHETIC_OUTCOME
PAI-01335,2026-03-01,COMPLETED,SYNTHETIC_OUTCOME
PAI-01336,2026-03-01,COMPLETED,SYNTHETIC_OUTCOME
PAI-01337,2026-03-01,FROZEN,SYNTHETIC_OUTCOME
PAI-01338,2026-03-01,COMPLETED,SYNTHETIC_OUTCOME
PAI-01339,2026-03-01,COMPLETED,SYNTHETIC_OUTCOME
PAI-01340,2026-03-01,COMPLETED,SYNTHETIC_OUTCOME
PAI-01341,2026-03-01,COMPLETED,SYNTHETIC_OUTCOME
PAI-01342,2026-03-01,COMPLETED,SYNTHETIC_OUTCOME
PAI-01343,2026-03-01,COMPLETED,SYNTHETIC_OUTCOME
PAI-01344,2026-03-01,FROZEN,SYNTHETIC_OUTCOME
PAI-01345,2026-03-01,COMPLETED,SYNTHETIC_OUTCOME
PAI-01346,2026-03-01,COMPLETED,SYNTHETIC_OUTCOME
PAI-01347,2026-03-01,COMPLETED,SYNTHETIC_OUTCOME
PAI-01348,2026-03-01,COMPLETED,SYNTHETIC_OUTCOME
PAI-01349,2026-03-01,FROZEN,SYNTHETIC_OUTCOME
PAI-01350,2026-03-01,COMPLETED,SYNTHETIC_OUTCOME
PAI-01351,2026-03-01,COMPLETED,SYNTHETIC_OUTCOME
PAI-01352,2026-03-01,COMPLETED,SYNTHETIC_OUTCOME
PAI-01353,2026-03-01,COMPLETED,SYNTHETIC_OUTCOME
PAI-01354,2026-03-01,COMPLETED,SYNTHETIC_OUTCOME
PAI-01355,2026-03-01,TERMINATED,SYNTHETIC_OUTCOME
PAI-01356,2026-03-01,COMPLETED,SYNTHETIC_OUTCOME
PAI-01357,2026-03-01,COMPLETED,SYNTHETIC_OUTCOME
PAI-01358,2026-03-01,COMPLETED,SYNTHETIC_OUTCOME
PAI-01359,2026-03-01,DOWNGRADED,SYNTHETIC_OUTCOME
PAI-01360,2026-03-01,COMPLETED,SYNTHETIC_OUTCOME
PAI-01361,2026-03-01,COMPLETED,SYNTHETIC_OUTCOME
PAI-01362,2026-03-01,COMPLETED,SYNTHETIC_OUTCOME
PAI-01363,2026-03-01,COMPLETED,SYNTHETIC_OUTCOME
PAI-01364,2026-03-01,COMPLETED,SYNTHETIC_OUTCOME
PAI-01365,2026-03-01,COMPLETED,SYNTHETIC_OUTCOME
PAI-01366,2026-03-01,COMPLETED,SYNTHETIC_OUTCOME
PAI-01367,2026-03-01,COMPLETED,SYNTHETIC_OUTCOME
PAI-01368,2026-03-01,COMPLETED,SYNTHETIC_OUTCOME
PAI-01369,2026-03-01,DOWNGRADED,SYNTHETIC_OUTCOME
PAI-01370,2026-03-01,COMPLETED,SYNTHETIC_OUTCOME
PAI-01371,2026-03-01,COMPLETED,SYNTHETIC_OUTCOME
PAI-01372,2026-03-01,COMPLETED,SYNTHETIC_OUTCOME
PAI-01373,2026-03-01,COMPLETED,SYNTHETIC_OUTCOME
PAI-01374,2026-03-01,CANCELLED,SYNTHETIC_OUTCOME
PAI-01375,2026-03-01,DOWNGRADED,SYNTHETIC_OUTCOME
PAI-01376,2026-03-01,COMPLETED,SYNTHETIC_OUTCOME
PAI-01377,2026-03-01,COMPLETED,SYNTHETIC_OUTCOME
PAI-01378,2026-03-01,COMPLETED,SYNTHETIC_OUTCOME
PAI-01379,2026-03-01,COMPLETED,SYNTHETIC_OUTCOME
PAI-01380,2026-03-01,COMPLETED,SYNTHETIC_OUTCOME
PAI-01381,2026-03-01,COMPLETED,SYNTHETIC_OUTCOME
PAI-01382,2026-03-01,COMPLETED,SYNTHETIC_OUTCOME
PAI-01383,2026-03-01,COMPLETED,SYNTHETIC_OUTCOME
PAI-01384,2026-03-01,COMPLETED,SYNTHETIC_OUTCOME
PAI-01385,2026-03-01,COMPLETED,SYNTHETIC_OUTCOME
PAI-01386,2026-03-01,COMPLETED,SYNTHETIC_OUTCOME
PAI-01387,2026-03-01,CANCELLED,SYNTHETIC_OUTCOME
PAI-01388,2026-03-01,COMPLETED,SYNTHETIC_OUTCOME
PAI-01389,2026-03-01,COMPLETED,SYNTHETIC_OUTCOME
PAI-01390,2026-03-01,COMPLETED,SYNTHETIC_OUTCOME
PAI-01391,2026-03-01,COMPLETED,SYNTHETIC_OUTCOME
PAI-01392,2026-03-01,COMPLETED,SYNTHETIC_OUTCOME
PAI-01393,2026-03-01,COMPLETED,SYNTHETIC_OUTCOME
PAI-01394,2026-03-01,COMPLETED,SYNTHETIC_OUTCOME
PAI-01395,2026-03-01,COMPLETED,SYNTHETIC_OUTCOME
PAI-01396,2026-03-01,COMPLETED,SYNTHETIC_OUTCOME
PAI-01397,2026-03-01,COMPLETED,SYNTHETIC_OUTCOME
PAI-01398,2026-03-01,COMPLETED,SYNTHETIC_OUTCOME
PAI-01399,2026-03-01,COMPLETED,SYNTHETIC_OUTCOME
PAI-01400,2026-03-01,COMPLETED,SYNTHETIC_OUTCOME
PAI-01401,2026-03-01,COMPLETED,SYNTHETIC_OUTCOME
PAI-01402,2026-03-01,COMPLETED,SYNTHETIC_OUTCOME
PAI-01403,2026-03-01,FROZEN,SYNTHETIC_OUTCOME
PAI-01404,2026-03-01,COMPLETED,SYNTHETIC_OUTCOME
PAI-01405,2026-03-01,COMPLETED,SYNTHETIC_OUTCOME
PAI-01406,2026-03-01,COMPLETED,SYNTHETIC_OUTCOME
PAI-01407,2026-03-01,DROPPED,SYNTHETIC_OUTCOME
PAI-01408,2026-03-01,FROZEN,SYNTHETIC_OUTCOME
PAI-01409,2026-03-01,COMPLETED,SYNTHETIC_OUTCOME
PAI-01410,2026-03-01,FROZEN,SYNTHETIC_OUTCOME
PAI-01411,2026-03-01,COMPLETED,SYNTHETIC_OUTCOME
PAI-01412,2026-03-01,COMPLETED,SYNTHETIC_OUTCOME
PAI-01413,2026-03-01,COMPLETED,SYNTHETIC_OUTCOME
PAI-01414,2026-03-01,COMPLETED,SYNTHETIC_OUTCOME
PAI-01415,2026-03-01,COMPLETED,SYNTHETIC_OUTCOME
PAI-01416,2026-03-01,COMPLETED,SYNTHETIC_OUTCOME
PAI-01417,2026-03-01,COMPLETED,SYNTHETIC_OUTCOME
PAI-01418,2026-03-01,TERMINATED,SYNTHETIC_OUTCOME
PAI-01419,2026-03-01,COMPLETED,SYNTHETIC_OUTCOME
PAI-01420,2026-03-01,COMPLETED,SYNTHETIC_OUTCOME
PAI-01421,2026-03-01,COMPLETED,SYNTHETIC_OUTCOME
PAI-01422,2026-03-01,COMPLETED,SYNTHETIC_OUTCOME
PAI-01423,2026-03-01,COMPLETED,SYNTHETIC_OUTCOME
PAI-01424,2026-03-01,COMPLETED,SYNTHETIC_OUTCOME
PAI-01425,2026-03-01,COMPLETED,SYNTHETIC_OUTCOME
PAI-01426,2026-03-01,COMPLETED,SYNTHETIC_OUTCOME
PAI-01427,2026-03-01,COMPLETED,SYNTHETIC_OUTCOME
PAI-01428,2026-03-01,COMPLETED,SYNTHETIC_OUTCOME
PAI-01429,2026-03-01,COMPLETED,SYNTHETIC_OUTCOME
PAI-01430,2026-03-01,COMPLETED,SYNTHETIC_OUTCOME
PAI-01431,2026-03-01,COMPLETED,SYNTHETIC_OUTCOME
PAI-01432,2026-03-01,COMPLETED,SYNTHETIC_OUTCOME
PAI-01433,2026-03-01,COMPLETED,SYNTHETIC_OUTCOME
PAI-01434,2026-03-01,COMPLETED,SYNTHETIC_OUTCOME
PAI-01435,2026-03-01,COMPLETED,SYNTHETIC_OUTCOME
PAI-01436,2026-03-01,CANCELLED,SYNTHETIC_OUTCOME
PAI-01437,2026-03-01,COMPLETED,SYNTHETIC_OUTCOME
PAI-01438,2026-03-01,COMPLETED,SYNTHETIC_OUTCOME
PAI-01439,2026-03-01,COMPLETED,SYNTHETIC_OUTCOME
PAI-01440,2026-03-01,COMPLETED,SYNTHETIC_OUTCOME
PAI-01441,2026-03-01,FROZEN,SYNTHETIC_OUTCOME
PAI-01442,2026-03-01,DOWNGRADED,SYNTHETIC_OUTCOME
PAI-01443,2026-03-01,COMPLETED,SYNTHETIC_OUTCOME
PAI-01444,2026-03-01,COMPLETED,SYNTHETIC_OUTCOME
PAI-01445,2026-03-01,COMPLETED,SYNTHETIC_OUTCOME
PAI-01446,2026-03-01,COMPLETED,SYNTHETIC_OUTCOME
PAI-01447,2026-03-01,COMPLETED,SYNTHETIC_OUTCOME
PAI-01448,2026-03-01,COMPLETED,SYNTHETIC_OUTCOME
PAI-01449,2026-03-01,COMPLETED,SYNTHETIC_OUTCOME
PAI-01450,2026-03-01,ABANDONED,SYNTHETIC_OUTCOME
PAI-01451,2026-03-01,COMPLETED,SYNTHETIC_OUTCOME
PAI-01452,2026-03-01,COMPLETED,SYNTHETIC_OUTCOME
PAI-01453,2026-03-01,FROZEN,SYNTHETIC_OUTCOME
PAI-01454,2026-03-01,COMPLETED,SYNTHETIC_OUTCOME
PAI-01455,2026-03-01,DOWNGRADED,SYNTHETIC_OUTCOME
PAI-01456,2026-03-01,COMPLETED,SYNTHETIC_OUTCOME
PAI-01457,2026-03-01,COMPLETED,SYNTHETIC_OUTCOME
PAI-01458,2026-03-01,COMPLETED,SYNTHETIC_OUTCOME
PAI-01459,2026-03-01,TERMINATED,SYNTHETIC_OUTCOME
PAI-01460,2026-03-01,FROZEN,SYNTHETIC_OUTCOME
PAI-01461,2026-03-01,COMPLETED,SYNTHETIC_OUTCOME
PAI-01462,2026-03-01,COMPLETED,SYNTHETIC_OUTCOME
PAI-01463,2026-03-01,DOWNGRADED,SYNTHETIC_OUTCOME
PAI-01464,2026-03-01,COMPLETED,SYNTHETIC_OUTCOME
PAI-01465,2026-03-01,CANCELLED,SYNTHETIC_OUTCOME
PAI-01466,2026-03-01,COMPLETED,SYNTHETIC_OUTCOME
PAI-01467,2026-03-01,COMPLETED,SYNTHETIC_OUTCOME
PAI-01468,2026-03-01,COMPLETED,SYNTHETIC_OUTCOME
PAI-01469,2026-03-01,COMPLETED,SYNTHETIC_OUTCOME
PAI-01470,2026-03-01,COMPLETED,SYNTHETIC_OUTCOME
PAI-01471,2026-03-01,CANCELLED,SYNTHETIC_OUTCOME
PAI-01472,2026-03-01,COMPLETED,SYNTHETIC_OUTCOME
PAI-01473,2026-03-01,COMPLETED,SYNTHETIC_OUTCOME
PAI-01474,2026-03-01,COMPLETED,SYNTHETIC_OUTCOME
PAI-01475,2026-03-01,COMPLETED,SYNTHETIC_OUTCOME
PAI-01476,2026-03-01,COMPLETED,SYNTHETIC_OUTCOME
PAI-01477,2026-03-01,COMPLETED,SYNTHETIC_OUTCOME
PAI-01478,2026-03-01,COMPLETED,SYNTHETIC_OUTCOME
PAI-01479,2026-03-01,FROZEN,SYNTHETIC_OUTCOME
PAI-01480,2026-03-01,TERMINATED,SYNTHETIC_OUTCOME
PAI-01481,2026-03-01,COMPLETED,SYNTHETIC_OUTCOME
PAI-01482,2026-03-01,COMPLETED,SYNTHETIC_OUTCOME
PAI-01483,2026-03-01,COMPLETED,SYNTHETIC_OUTCOME
PAI-01484,2026-03-01,COMPLETED,SYNTHETIC_OUTCOME
PAI-01485,2026-03-01,COMPLETED,SYNTHETIC_OUTCOME
PAI-01486,2026-03-01,FROZEN,SYNTHETIC_OUTCOME
PAI-01487,2026-03-01,COMPLETED,SYNTHETIC_OUTCOME
PAI-01488,2026-03-01,COMPLETED,SYNTHETIC_OUTCOME
PAI-01489,2026-03-01,COMPLETED,SYNTHETIC_OUTCOME
PAI-01490,2026-03-01,COMPLETED,SYNTHETIC_OUTCOME
PAI-01491,2026-03-01,DOWNGRADED,SYNTHETIC_OUTCOME
PAI-01492,2026-03-01,COMPLETED,SYNTHETIC_OUTCOME
PAI-01493,2026-03-01,COMPLETED,SYNTHETIC_OUTCOME
PAI-01494,2026-03-01,DROPPED,SYNTHETIC_OUTCOME
PAI-01495,2026-03-01,COMPLETED,SYNTHETIC_OUTCOME
PAI-01496,2026-03-01,COMPLETED,SYNTHETIC_OUTCOME
PAI-01497,2026-03-01,COMPLETED,SYNTHETIC_OUTCOME
PAI-01498,2026-03-01,COMPLETED,SYNTHETIC_OUTCOME
PAI-01499,2026-03-01,COMPLETED,SYNTHETIC_OUTCOME
PAI-01500,2026-03-01,COMPLETED,SYNTHETIC_OUTCOME
PAI-01501,2026-03-01,COMPLETED,SYNTHETIC_OUTCOME
PAI-01502,2026-03-01,TERMINATED,SYNTHETIC_OUTCOME
PAI-01503,2026-03-01,COMPLETED,SYNTHETIC_OUTCOME
PAI-01504,2026-03-01,COMPLETED,SYNTHETIC_OUTCOME
PAI-01505,2026-03-01,COMPLETED,SYNTHETIC_OUTCOME
PAI-01506,2026-03-01,COMPLETED,SYNTHETIC_OUTCOME
PAI-01507,2026-03-01,FROZEN,SYNTHETIC_OUTCOME
PAI-01508,2026-03-01,COMPLETED,SYNTHETIC_OUTCOME
PAI-01509,2026-03-01,COMPLETED,SYNTHETIC_OUTCOME
PAI-01510,2026-03-01,COMPLETED,SYNTHETIC_OUTCOME
PAI-01511,2026-03-01,TERMINATED,SYNTHETIC_OUTCOME
PAI-01512,2026-03-01,DOWNGRADED,SYNTHETIC_OUTCOME
PAI-01513,2026-03-01,TERMINATED,SYNTHETIC_OUTCOME
PAI-01514,2026-03-01,COMPLETED,SYNTHETIC_OUTCOME
PAI-01515,2026-03-01,COMPLETED,SYNTHETIC_OUTCOME
PAI-01516,2026-03-01,COMPLETED,SYNTHETIC_OUTCOME
PAI-01517,2026-03-01,COMPLETED,SYNTHETIC_OUTCOME
PAI-01518,2026-03-01,COMPLETED,SYNTHETIC_OUTCOME
PAI-01519,2026-03-01,COMPLETED,SYNTHETIC_OUTCOME
PAI-01520,2026-03-01,COMPLETED,SYNTHETIC_OUTCOME
PAI-01521,2026-03-01,COMPLETED,SYNTHETIC_OUTCOME
PAI-01522,2026-03-01,COMPLETED,SYNTHETIC_OUTCOME
PAI-01523,2026-03-01,COMPLETED,SYNTHETIC_OUTCOME
PAI-01524,2026-03-01,COMPLETED,SYNTHETIC_OUTCOME
PAI-01525,2026-03-01,COMPLETED,SYNTHETIC_OUTCOME
PAI-01526,2026-03-01,DOWNGRADED,SYNTHETIC_OUTCOME
PAI-01527,2026-03-01,COMPLETED,SYNTHETIC_OUTCOME
PAI-01528,2026-03-01,COMPLETED,SYNTHETIC_OUTCOME
PAI-01529,2026-03-01,COMPLETED,SYNTHETIC_OUTCOME
PAI-01530,2026-03-01,COMPLETED,SYNTHETIC_OUTCOME
PAI-01531,2026-03-01,COMPLETED,SYNTHETIC_OUTCOME
PAI-01532,2026-03-01,COMPLETED,SYNTHETIC_OUTCOME
PAI-01533,2026-03-01,COMPLETED,SYNTHETIC_OUTCOME
PAI-01534,2026-03-01,COMPLETED,SYNTHETIC_OUTCOME
PAI-01535,2026-03-01,TERMINATED,SYNTHETIC_OUTCOME
PAI-01536,2026-03-01,DOWNGRADED,SYNTHETIC_OUTCOME
PAI-01537,2026-03-01,COMPLETED,SYNTHETIC_OUTCOME
PAI-01538,2026-03-01,COMPLETED,SYNTHETIC_OUTCOME
PAI-01539,2026-03-01,COMPLETED,SYNTHETIC_OUTCOME
PAI-01540,2026-03-01,COMPLETED,SYNTHETIC_OUTCOME
PAI-01541,2026-03-01,COMPLETED,SYNTHETIC_OUTCOME
PAI-01542,2026-03-01,COMPLETED,SYNTHETIC_OUTCOME
PAI-01543,2026-03-01,COMPLETED,SYNTHETIC_OUTCOME
PAI-01544,2026-03-01,COMPLETED,SYNTHETIC_OUTCOME
PAI-01545,2026-03-01,COMPLETED,SYNTHETIC_OUTCOME
PAI-01546,2026-03-01,COMPLETED,SYNTHETIC_OUTCOME
PAI-01547,2026-03-01,COMPLETED,SYNTHETIC_OUTCOME
PAI-01548,2026-03-01,DOWNGRADED,SYNTHETIC_OUTCOME
PAI-01549,2026-03-01,COMPLETED,SYNTHETIC_OUTCOME
PAI-01550,2026-03-01,COMPLETED,SYNTHETIC_OUTCOME
PAI-01551,2026-03-01,COMPLETED,SYNTHETIC_OUTCOME
PAI-01552,2026-03-01,COMPLETED,SYNTHETIC_OUTCOME
PAI-01553,2026-03-01,COMPLETED,SYNTHETIC_OUTCOME
PAI-01554,2026-03-01,COMPLETED,SYNTHETIC_OUTCOME
PAI-01555,2026-03-01,COMPLETED,SYNTHETIC_OUTCOME
PAI-01556,2026-03-01,COMPLETED,SYNTHETIC_OUTCOME
PAI-01557,2026-03-01,FROZEN,SYNTHETIC_OUTCOME
PAI-01558,2026-03-01,COMPLETED,SYNTHETIC_OUTCOME
PAI-01559,2026-03-01,COMPLETED,SYNTHETIC_OUTCOME
PAI-01560,2026-03-01,COMPLETED,SYNTHETIC_OUTCOME
PAI-01561,2026-03-01,COMPLETED,SYNTHETIC_OUTCOME
PAI-01562,2026-03-01,COMPLETED,SYNTHETIC_OUTCOME
PAI-01563,2026-03-01,TERMINATED,SYNTHETIC_OUTCOME
PAI-01564,2026-03-01,COMPLETED,SYNTHETIC_OUTCOME
PAI-01565,2026-03-01,COMPLETED,SYNTHETIC_OUTCOME
PAI-01566,2026-03-01,COMPLETED,SYNTHETIC_OUTCOME
PAI-01567,2026-03-01,COMPLETED,SYNTHETIC_OUTCOME
PAI-01568,2026-03-01,COMPLETED,SYNTHETIC_OUTCOME
PAI-01569,2026-03-01,COMPLETED,SYNTHETIC_OUTCOME
PAI-01570,2026-03-01,COMPLETED,SYNTHETIC_OUTCOME
PAI-01571,2026-03-01,COMPLETED,SYNTHETIC_OUTCOME
PAI-01572,2026-03-01,FROZEN,SYNTHETIC_OUTCOME
PAI-01573,2026-03-01,FROZEN,SYNTHETIC_OUTCOME
PAI-01574,2026-03-01,COMPLETED,SYNTHETIC_OUTCOME
PAI-01575,2026-03-01,COMPLETED,SYNTHETIC_OUTCOME
PAI-01576,2026-03-01,COMPLETED,SYNTHETIC_OUTCOME
PAI-01577,2026-03-01,COMPLETED,SYNTHETIC_OUTCOME
PAI-01578,2026-03-01,COMPLETED,SYNTHETIC_OUTCOME
PAI-01579,2026-03-01,COMPLETED,SYNTHETIC_OUTCOME
PAI-01580,2026-03-01,COMPLETED,SYNTHETIC_OUTCOME
PAI-01581,2026-03-01,CANCELLED,SYNTHETIC_OUTCOME
PAI-01582,2026-03-01,TERMINATED,SYNTHETIC_OUTCOME
PAI-01583,2026-03-01,COMPLETED,SYNTHETIC_OUTCOME
PAI-01584,2026-03-01,COMPLETED,SYNTHETIC_OUTCOME
PAI-01585,2026-03-01,COMPLETED,SYNTHETIC_OUTCOME
PAI-01586,2026-03-01,COMPLETED,SYNTHETIC_OUTCOME
PAI-01587,2026-03-01,DOWNGRADED,SYNTHETIC_OUTCOME
PAI-01588,2026-03-01,COMPLETED,SYNTHETIC_OUTCOME
PAI-01589,2026-03-01,COMPLETED,SYNTHETIC_OUTCOME
PAI-01590,2026-03-01,COMPLETED,SYNTHETIC_OUTCOME
PAI-01591,2026-03-01,COMPLETED,SYNTHETIC_OUTCOME
PAI-01592,2026-03-01,COMPLETED,SYNTHETIC_OUTCOME
PAI-01593,2026-03-01,COMPLETED,SYNTHETIC_OUTCOME
PAI-01594,2026-03-01,COMPLETED,SYNTHETIC_OUTCOME
PAI-01595,2026-03-01,DOWNGRADED,SYNTHETIC_OUTCOME
PAI-01596,2026-03-01,COMPLETED,SYNTHETIC_OUTCOME
PAI-01597,2026-03-01,COMPLETED,SYNTHETIC_OUTCOME
PAI-01598,2026-03-01,COMPLETED,SYNTHETIC_OUTCOME
PAI-01599,2026-03-01,COMPLETED,SYNTHETIC_OUTCOME
PAI-01600,2026-03-01,COMPLETED,SYNTHETIC_OUTCOME
PAI-01601,2026-03-01,COMPLETED,SYNTHETIC_OUTCOME
PAI-01602,2026-03-01,FROZEN,SYNTHETIC_OUTCOME
PAI-01603,2026-03-01,COMPLETED,SYNTHETIC_OUTCOME
PAI-01604,2026-03-01,COMPLETED,SYNTHETIC_OUTCOME
PAI-01605,2026-03-01,COMPLETED,SYNTHETIC_OUTCOME
PAI-01606,2026-03-01,COMPLETED,SYNTHETIC_OUTCOME
PAI-01607,2026-03-01,COMPLETED,SYNTHETIC_OUTCOME
PAI-01608,2026-03-01,COMPLETED,SYNTHETIC_OUTCOME
PAI-01609,2026-03-01,COMPLETED,SYNTHETIC_OUTCOME
PAI-01610,2026-03-01,COMPLETED,SYNTHETIC_OUTCOME
PAI-01611,2026-03-01,COMPLETED,SYNTHETIC_OUTCOME
PAI-01612,2026-03-01,COMPLETED,SYNTHETIC_OUTCOME
PAI-01613,2026-03-01,COMPLETED,SYNTHETIC_OUTCOME
PAI-01614,2026-03-01,COMPLETED,SYNTHETIC_OUTCOME
PAI-01615,2026-03-01,COMPLETED,SYNTHETIC_OUTCOME
PAI-01616,2026-03-01,COMPLETED,SYNTHETIC_OUTCOME
PAI-01617,2026-03-01,COMPLETED,SYNTHETIC_OUTCOME
PAI-01618,2026-03-01,COMPLETED,SYNTHETIC_OUTCOME
PAI-01619,2026-03-01,COMPLETED,SYNTHETIC_OUTCOME
PAI-01620,2026-03-01,COMPLETED,SYNTHETIC_OUTCOME
PAI-01621,2026-03-01,COMPLETED,SYNTHETIC_OUTCOME
PAI-01622,2026-03-01,COMPLETED,SYNTHETIC_OUTCOME
PAI-01623,2026-03-01,DOWNGRADED,SYNTHETIC_OUTCOME
PAI-01624,2026-03-01,ABANDONED,SYNTHETIC_OUTCOME
PAI-01625,2026-03-01,COMPLETED,SYNTHETIC_OUTCOME
PAI-01626,2026-03-01,FROZEN,SYNTHETIC_OUTCOME
PAI-01627,2026-03-01,COMPLETED,SYNTHETIC_OUTCOME
PAI-01628,2026-03-01,COMPLETED,SYNTHETIC_OUTCOME
PAI-01629,2026-03-01,COMPLETED,SYNTHETIC_OUTCOME
PAI-01630,2026-03-01,CANCELLED,SYNTHETIC_OUTCOME
PAI-01631,2026-03-01,COMPLETED,SYNTHETIC_OUTCOME
PAI-01632,2026-03-01,COMPLETED,SYNTHETIC_OUTCOME
PAI-01633,2026-03-01,CANCELLED,SYNTHETIC_OUTCOME
PAI-01634,2026-03-01,COMPLETED,SYNTHETIC_OUTCOME
PAI-01635,2026-03-01,DOWNGRADED,SYNTHETIC_OUTCOME
PAI-01636,2026-03-01,COMPLETED,SYNTHETIC_OUTCOME
PAI-01637,2026-03-01,COMPLETED,SYNTHETIC_OUTCOME
PAI-01638,2026-03-01,DOWNGRADED,SYNTHETIC_OUTCOME
PAI-01639,2026-03-01,COMPLETED,SYNTHETIC_OUTCOME
PAI-01640,2026-03-01,COMPLETED,SYNTHETIC_OUTCOME
PAI-01641,2026-03-01,COMPLETED,SYNTHETIC_OUTCOME
PAI-01642,2026-03-01,TERMINATED,SYNTHETIC_OUTCOME
PAI-01643,2026-03-01,COMPLETED,SYNTHETIC_OUTCOME
PAI-01644,2026-03-01,DOWNGRADED,SYNTHETIC_OUTCOME
PAI-01645,2026-03-01,COMPLETED,SYNTHETIC_OUTCOME
PAI-01646,2026-03-01,COMPLETED,SYNTHETIC_OUTCOME
PAI-01647,2026-03-01,COMPLETED,SYNTHETIC_OUTCOME
PAI-01648,2026-03-01,COMPLETED,SYNTHETIC_OUTCOME
PAI-01649,2026-03-01,COMPLETED,SYNTHETIC_OUTCOME
PAI-01650,2026-03-01,COMPLETED,SYNTHETIC_OUTCOME
PAI-01651,2026-03-01,DOWNGRADED,SYNTHETIC_OUTCOME
PAI-01652,2026-03-01,COMPLETED,SYNTHETIC_OUTCOME
PAI-01653,2026-03-01,COMPLETED,SYNTHETIC_OUTCOME
PAI-01654,2026-03-01,COMPLETED,SYNTHETIC_OUTCOME
PAI-01655,2026-03-01,COMPLETED,SYNTHETIC_OUTCOME
PAI-01656,2026-03-01,COMPLETED,SYNTHETIC_OUTCOME
PAI-01657,2026-03-01,COMPLETED,SYNTHETIC_OUTCOME
PAI-01658,2026-03-01,COMPLETED,SYNTHETIC_OUTCOME
PAI-01659,2026-03-01,COMPLETED,SYNTHETIC_OUTCOME
PAI-01660,2026-03-01,COMPLETED,SYNTHETIC_OUTCOME
PAI-01661,2026-03-01,COMPLETED,SYNTHETIC_OUTCOME
PAI-01662,2026-03-01,COMPLETED,SYNTHETIC_OUTCOME
PAI-01663,2026-03-01,COMPLETED,SYNTHETIC_OUTCOME
PAI-01664,2026-03-01,COMPLETED,SYNTHETIC_OUTCOME
PAI-01665,2026-03-01,COMPLETED,SYNTHETIC_OUTCOME
PAI-01666,2026-03-01,COMPLETED,SYNTHETIC_OUTCOME
PAI-01667,2026-03-01,COMPLETED,SYNTHETIC_OUTCOME
PAI-01668,2026-03-01,FROZEN,SYNTHETIC_OUTCOME
PAI-01669,2026-03-01,COMPLETED,SYNTHETIC_OUTCOME
PAI-01670,2026-03-01,COMPLETED,SYNTHETIC_OUTCOME
PAI-01671,2026-03-01,COMPLETED,SYNTHETIC_OUTCOME
PAI-01672,2026-03-01,COMPLETED,SYNTHETIC_OUTCOME
PAI-01673,2026-03-01,COMPLETED,SYNTHETIC_OUTCOME
PAI-01674,2026-03-01,COMPLETED,SYNTHETIC_OUTCOME
PAI-01675,2026-03-01,ABANDONED,SYNTHETIC_OUTCOME
PAI-01676,2026-03-01,COMPLETED,SYNTHETIC_OUTCOME
PAI-01677,2026-03-01,COMPLETED,SYNTHETIC_OUTCOME
PAI-01678,2026-03-01,COMPLETED,SYNTHETIC_OUTCOME
PAI-01679,2026-03-01,CANCELLED,SYNTHETIC_OUTCOME
PAI-01680,2026-03-01,COMPLETED,SYNTHETIC_OUTCOME
PAI-01681,2026-03-01,COMPLETED,SYNTHETIC_OUTCOME
PAI-01682,2026-03-01,COMPLETED,SYNTHETIC_OUTCOME
PAI-01683,2026-03-01,COMPLETED,SYNTHETIC_OUTCOME
PAI-01684,2026-03-01,COMPLETED,SYNTHETIC_OUTCOME
PAI-01685,2026-03-01,DOWNGRADED,SYNTHETIC_OUTCOME
PAI-01686,2026-03-01,COMPLETED,SYNTHETIC_OUTCOME
PAI-01687,2026-03-01,COMPLETED,SYNTHETIC_OUTCOME
PAI-01688,2026-03-01,COMPLETED,SYNTHETIC_OUTCOME
PAI-01689,2026-03-01,COMPLETED,SYNTHETIC_OUTCOME
PAI-01690,2026-03-01,FROZEN,SYNTHETIC_OUTCOME
PAI-01691,2026-03-01,COMPLETED,SYNTHETIC_OUTCOME
PAI-01692,2026-03-01,CANCELLED,SYNTHETIC_OUTCOME
PAI-01693,2026-03-01,COMPLETED,SYNTHETIC_OUTCOME
PAI-01694,2026-03-01,COMPLETED,SYNTHETIC_OUTCOME
PAI-01695,2026-03-01,COMPLETED,SYNTHETIC_OUTCOME
PAI-01696,2026-03-01,COMPLETED,SYNTHETIC_OUTCOME
PAI-01697,2026-03-01,CANCELLED,SYNTHETIC_OUTCOME
PAI-01698,2026-03-01,COMPLETED,SYNTHETIC_OUTCOME
PAI-01699,2026-03-01,COMPLETED,SYNTHETIC_OUTCOME
PAI-01700,2026-03-01,COMPLETED,SYNTHETIC_OUTCOME
PAI-01701,2026-03-01,COMPLETED,SYNTHETIC_OUTCOME
PAI-01702,2026-03-01,COMPLETED,SYNTHETIC_OUTCOME
PAI-01703,2026-03-01,FROZEN,SYNTHETIC_OUTCOME
PAI-01704,2026-03-01,COMPLETED,SYNTHETIC_OUTCOME
PAI-01705,2026-03-01,COMPLETED,SYNTHETIC_OUTCOME
PAI-01706,2026-03-01,DOWNGRADED,SYNTHETIC_OUTCOME
PAI-01707,2026-03-01,COMPLETED,SYNTHETIC_OUTCOME
PAI-01708,2026-03-01,COMPLETED,SYNTHETIC_OUTCOME
PAI-01709,2026-03-01,COMPLETED,SYNTHETIC_OUTCOME
PAI-01710,2026-03-01,COMPLETED,SYNTHETIC_OUTCOME
PAI-01711,2026-03-01,FROZEN,SYNTHETIC_OUTCOME
PAI-01712,2026-03-01,COMPLETED,SYNTHETIC_OUTCOME
PAI-01713,2026-03-01,COMPLETED,SYNTHETIC_OUTCOME
PAI-01714,2026-03-01,COMPLETED,SYNTHETIC_OUTCOME
PAI-01715,2026-03-01,COMPLETED,SYNTHETIC_OUTCOME
PAI-01716,2026-03-01,COMPLETED,SYNTHETIC_OUTCOME
PAI-01717,2026-03-01,COMPLETED,SYNTHETIC_OUTCOME
PAI-01718,2026-03-01,FROZEN,SYNTHETIC_OUTCOME
PAI-01719,2026-03-01,COMPLETED,SYNTHETIC_OUTCOME
PAI-01720,2026-03-01,COMPLETED,SYNTHETIC_OUTCOME
PAI-01721,2026-03-01,DOWNGRADED,SYNTHETIC_OUTCOME
PAI-01722,2026-03-01,COMPLETED,SYNTHETIC_OUTCOME
PAI-01723,2026-03-01,COMPLETED,SYNTHETIC_OUTCOME
PAI-01724,2026-03-01,COMPLETED,SYNTHETIC_OUTCOME
PAI-01725,2026-03-01,COMPLETED,SYNTHETIC_OUTCOME
PAI-01726,2026-03-01,TERMINATED,SYNTHETIC_OUTCOME
PAI-01727,2026-03-01,CANCELLED,SYNTHETIC_OUTCOME
PAI-01728,2026-03-01,ABANDONED,SYNTHETIC_OUTCOME
PAI-01729,2026-03-01,COMPLETED,SYNTHETIC_OUTCOME
PAI-01730,2026-03-01,COMPLETED,SYNTHETIC_OUTCOME
PAI-01731,2026-03-01,COMPLETED,SYNTHETIC_OUTCOME
PAI-01732,2026-03-01,COMPLETED,SYNTHETIC_OUTCOME
PAI-01733,2026-03-01,COMPLETED,SYNTHETIC_OUTCOME
PAI-01734,2026-03-01,COMPLETED,SYNTHETIC_OUTCOME
PAI-01735,2026-03-01,DOWNGRADED,SYNTHETIC_OUTCOME
PAI-01736,2026-03-01,COMPLETED,SYNTHETIC_OUTCOME
PAI-01737,2026-03-01,COMPLETED,SYNTHETIC_OUTCOME
PAI-01738,2026-03-01,COMPLETED,SYNTHETIC_OUTCOME
PAI-01739,2026-03-01,TERMINATED,SYNTHETIC_OUTCOME
PAI-01740,2026-03-01,COMPLETED,SYNTHETIC_OUTCOME
PAI-01741,2026-03-01,COMPLETED,SYNTHETIC_OUTCOME
PAI-01742,2026-03-01,COMPLETED,SYNTHETIC_OUTCOME
PAI-01743,2026-03-01,COMPLETED,SYNTHETIC_OUTCOME
PAI-01744,2026-03-01,COMPLETED,SYNTHETIC_OUTCOME
PAI-01745,2026-03-01,COMPLETED,SYNTHETIC_OUTCOME
PAI-01746,2026-03-01,FROZEN,SYNTHETIC_OUTCOME
PAI-01747,2026-03-01,COMPLETED,SYNTHETIC_OUTCOME
PAI-01748,2026-03-01,COMPLETED,SYNTHETIC_OUTCOME
PAI-01749,2026-03-01,DOWNGRADED,SYNTHETIC_OUTCOME
PAI-01750,2026-03-01,COMPLETED,SYNTHETIC_OUTCOME
PAI-01751,2026-03-01,COMPLETED,SYNTHETIC_OUTCOME
PAI-01752,2026-03-01,COMPLETED,SYNTHETIC_OUTCOME
PAI-01753,2026-03-01,COMPLETED,SYNTHETIC_OUTCOME
PAI-01754,2026-03-01,COMPLETED,SYNTHETIC_OUTCOME
PAI-01755,2026-03-01,COMPLETED,SYNTHETIC_OUTCOME
PAI-01756,2026-03-01,DOWNGRADED,SYNTHETIC_OUTCOME
PAI-01757,2026-03-01,FROZEN,SYNTHETIC_OUTCOME
PAI-01758,2026-03-01,COMPLETED,SYNTHETIC_OUTCOME
PAI-01759,2026-03-01,COMPLETED,SYNTHETIC_OUTCOME
PAI-01760,2026-03-01,CANCELLED,SYNTHETIC_OUTCOME
PAI-01761,2026-03-01,DOWNGRADED,SYNTHETIC_OUTCOME
PAI-01762,2026-03-01,COMPLETED,SYNTHETIC_OUTCOME
PAI-01763,2026-03-01,COMPLETED,SYNTHETIC_OUTCOME
PAI-01764,2026-03-01,COMPLETED,SYNTHETIC_OUTCOME
PAI-01765,2026-03-01,COMPLETED,SYNTHETIC_OUTCOME
PAI-01766,2026-03-01,COMPLETED,SYNTHETIC_OUTCOME
PAI-01767,2026-03-01,FROZEN,SYNTHETIC_OUTCOME
PAI-01768,2026-03-01,FROZEN,SYNTHETIC_OUTCOME
PAI-01769,2026-03-01,COMPLETED,SYNTHETIC_OUTCOME
PAI-01770,2026-03-01,COMPLETED,SYNTHETIC_OUTCOME
PAI-01771,2026-03-01,COMPLETED,SYNTHETIC_OUTCOME
PAI-01772,2026-03-01,COMPLETED,SYNTHETIC_OUTCOME
PAI-01773,2026-03-01,COMPLETED,SYNTHETIC_OUTCOME
PAI-01774,2026-03-01,COMPLETED,SYNTHETIC_OUTCOME
PAI-01775,2026-03-01,COMPLETED,SYNTHETIC_OUTCOME
PAI-01776,2026-03-01,COMPLETED,SYNTHETIC_OUTCOME
PAI-01777,2026-03-01,COMPLETED,SYNTHETIC_OUTCOME
PAI-01778,2026-03-01,COMPLETED,SYNTHETIC_OUTCOME
PAI-01779,2026-03-01,COMPLETED,SYNTHETIC_OUTCOME
PAI-01780,2026-03-01,COMPLETED,SYNTHETIC_OUTCOME
PAI-01781,2026-03-01,COMPLETED,SYNTHETIC_OUTCOME
PAI-01782,2026-03-01,COMPLETED,SYNTHETIC_OUTCOME
PAI-01783,2026-03-01,DROPPED,SYNTHETIC_OUTCOME
PAI-01784,2026-03-01,COMPLETED,SYNTHETIC_OUTCOME
PAI-01785,2026-03-01,COMPLETED,SYNTHETIC_OUTCOME
PAI-01786,2026-03-01,COMPLETED,SYNTHETIC_OUTCOME
PAI-01787,2026-03-01,COMPLETED,SYNTHETIC_OUTCOME
PAI-01788,2026-03-01,COMPLETED,SYNTHETIC_OUTCOME
PAI-01789,2026-03-01,FROZEN,SYNTHETIC_OUTCOME
PAI-01790,2026-03-01,COMPLETED,SYNTHETIC_OUTCOME
PAI-01791,2026-03-01,DROPPED,SYNTHETIC_OUTCOME
PAI-01792,2026-03-01,COMPLETED,SYNTHETIC_OUTCOME
PAI-01793,2026-03-01,COMPLETED,SYNTHETIC_OUTCOME
PAI-01794,2026-03-01,COMPLETED,SYNTHETIC_OUTCOME
PAI-01795,2026-03-01,COMPLETED,SYNTHETIC_OUTCOME
PAI-01796,2026-03-01,COMPLETED,SYNTHETIC_OUTCOME
PAI-01797,2026-03-01,COMPLETED,SYNTHETIC_OUTCOME
PAI-01798,2026-03-01,DOWNGRADED,SYNTHETIC_OUTCOME
PAI-01799,2026-03-01,COMPLETED,SYNTHETIC_OUTCOME
PAI-01800,2026-03-01,COMPLETED,SYNTHETIC_OUTCOME
PAI-01801,2026-03-01,COMPLETED,SYNTHETIC_OUTCOME
PAI-01802,2026-03-01,COMPLETED,SYNTHETIC_OUTCOME
PAI-01803,2026-03-01,COMPLETED,SYNTHETIC_OUTCOME
PAI-01804,2026-03-01,DROPPED,SYNTHETIC_OUTCOME
PAI-01805,2026-03-01,TERMINATED,SYNTHETIC_OUTCOME
PAI-01806,2026-03-01,COMPLETED,SYNTHETIC_OUTCOME
PAI-01807,2026-03-01,COMPLETED,SYNTHETIC_OUTCOME
PAI-01808,2026-03-01,COMPLETED,SYNTHETIC_OUTCOME
PAI-01809,2026-03-01,COMPLETED,SYNTHETIC_OUTCOME
PAI-01810,2026-03-01,DOWNGRADED,SYNTHETIC_OUTCOME
PAI-01811,2026-03-01,COMPLETED,SYNTHETIC_OUTCOME
PAI-01812,2026-03-01,COMPLETED,SYNTHETIC_OUTCOME
PAI-01813,2026-03-01,COMPLETED,SYNTHETIC_OUTCOME
PAI-01814,2026-03-01,CANCELLED,SYNTHETIC_OUTCOME
PAI-01815,2026-03-01,COMPLETED,SYNTHETIC_OUTCOME
PAI-01816,2026-03-01,COMPLETED,SYNTHETIC_OUTCOME
PAI-01817,2026-03-01,TERMINATED,SYNTHETIC_OUTCOME
PAI-01818,2026-03-01,COMPLETED,SYNTHETIC_OUTCOME
PAI-01819,2026-03-01,COMPLETED,SYNTHETIC_OUTCOME
PAI-01820,2026-03-01,COMPLETED,SYNTHETIC_OUTCOME
PAI-01821,2026-03-01,COMPLETED,SYNTHETIC_OUTCOME
PAI-01822,2026-03-01,FROZEN,SYNTHETIC_OUTCOME
PAI-01823,2026-03-01,COMPLETED,SYNTHETIC_OUTCOME
PAI-01824,2026-03-01,COMPLETED,SYNTHETIC_OUTCOME
PAI-01825,2026-03-01,COMPLETED,SYNTHETIC_OUTCOME
PAI-01826,2026-03-01,COMPLETED,SYNTHETIC_OUTCOME
PAI-01827,2026-03-01,COMPLETED,SYNTHETIC_OUTCOME
PAI-01828,2026-03-01,COMPLETED,SYNTHETIC_OUTCOME
PAI-01829,2026-03-01,COMPLETED,SYNTHETIC_OUTCOME
PAI-01830,2026-03-01,COMPLETED,SYNTHETIC_OUTCOME
PAI-01831,2026-03-01,COMPLETED,SYNTHETIC_OUTCOME
PAI-01832,2026-03-01,COMPLETED,SYNTHETIC_OUTCOME
PAI-01833,2026-03-01,COMPLETED,SYNTHETIC_OUTCOME
PAI-01834,2026-03-01,COMPLETED,SYNTHETIC_OUTCOME
PAI-01835,2026-03-01,COMPLETED,SYNTHETIC_OUTCOME
PAI-01836,2026-03-01,COMPLETED,SYNTHETIC_OUTCOME
PAI-01837,2026-03-01,COMPLETED,SYNTHETIC_OUTCOME
PAI-01838,2026-03-01,COMPLETED,SYNTHETIC_OUTCOME
PAI-01839,2026-03-01,COMPLETED,SYNTHETIC_OUTCOME
PAI-01840,2026-03-01,COMPLETED,SYNTHETIC_OUTCOME
PAI-01841,2026-03-01,COMPLETED,SYNTHETIC_OUTCOME
PAI-01842,2026-03-01,COMPLETED,SYNTHETIC_OUTCOME
PAI-01843,2026-03-01,COMPLETED,SYNTHETIC_OUTCOME
PAI-01844,2026-03-01,COMPLETED,SYNTHETIC_OUTCOME
PAI-01845,2026-03-01,FROZEN,SYNTHETIC_OUTCOME
PAI-01846,2026-03-01,DROPPED,SYNTHETIC_OUTCOME
PAI-01847,2026-03-01,COMPLETED,SYNTHETIC_OUTCOME
PAI-01848,2026-03-01,COMPLETED,SYNTHETIC_OUTCOME
PAI-01849,2026-03-01,COMPLETED,SYNTHETIC_OUTCOME
PAI-01850,2026-03-01,COMPLETED,SYNTHETIC_OUTCOME
PAI-01851,2026-03-01,DOWNGRADED,SYNTHETIC_OUTCOME
PAI-01852,2026-03-01,COMPLETED,SYNTHETIC_OUTCOME
PAI-01853,2026-03-01,COMPLETED,SYNTHETIC_OUTCOME
PAI-01854,2026-03-01,COMPLETED,SYNTHETIC_OUTCOME
PAI-01855,2026-03-01,COMPLETED,SYNTHETIC_OUTCOME
PAI-01856,2026-03-01,COMPLETED,SYNTHETIC_OUTCOME
PAI-01857,2026-03-01,COMPLETED,SYNTHETIC_OUTCOME
PAI-01858,2026-03-01,COMPLETED,SYNTHETIC_OUTCOME
PAI-01859,2026-03-01,DOWNGRADED,SYNTHETIC_OUTCOME
PAI-01860,2026-03-01,COMPLETED,SYNTHETIC_OUTCOME
PAI-01861,2026-03-01,COMPLETED,SYNTHETIC_OUTCOME
PAI-01862,2026-03-01,FROZEN,SYNTHETIC_OUTCOME
PAI-01863,2026-03-01,COMPLETED,SYNTHETIC_OUTCOME
PAI-01864,2026-03-01,COMPLETED,SYNTHETIC_OUTCOME
PAI-01865,2026-03-01,COMPLETED,SYNTHETIC_OUTCOME
PAI-01866,2026-03-01,COMPLETED,SYNTHETIC_OUTCOME
PAI-01867,2026-03-01,COMPLETED,SYNTHETIC_OUTCOME
PAI-01868,2026-03-01,COMPLETED,SYNTHETIC_OUTCOME
PAI-01869,2026-03-01,COMPLETED,SYNTHETIC_OUTCOME
PAI-01870,2026-03-01,COMPLETED,SYNTHETIC_OUTCOME
PAI-01871,2026-03-01,COMPLETED,SYNTHETIC_OUTCOME
PAI-01872,2026-03-01,TERMINATED,SYNTHETIC_OUTCOME
PAI-01873,2026-03-01,COMPLETED,SYNTHETIC_OUTCOME
PAI-01874,2026-03-01,COMPLETED,SYNTHETIC_OUTCOME
PAI-01875,2026-03-01,COMPLETED,SYNTHETIC_OUTCOME
PAI-01876,2026-03-01,COMPLETED,SYNTHETIC_OUTCOME
PAI-01877,2026-03-01,COMPLETED,SYNTHETIC_OUTCOME
PAI-01878,2026-03-01,COMPLETED,SYNTHETIC_OUTCOME
PAI-01879,2026-03-01,COMPLETED,SYNTHETIC_OUTCOME
PAI-01880,2026-03-01,CANCELLED,SYNTHETIC_OUTCOME
PAI-01881,2026-03-01,COMPLETED,SYNTHETIC_OUTCOME
PAI-01882,2026-03-01,CANCELLED,SYNTHETIC_OUTCOME
PAI-01883,2026-03-01,COMPLETED,SYNTHETIC_OUTCOME
PAI-01884,2026-03-01,COMPLETED,SYNTHETIC_OUTCOME
PAI-01885,2026-03-01,COMPLETED,SYNTHETIC_OUTCOME
PAI-01886,2026-03-01,COMPLETED,SYNTHETIC_OUTCOME
PAI-01887,2026-03-01,COMPLETED,SYNTHETIC_OUTCOME
PAI-01888,2026-03-01,DOWNGRADED,SYNTHETIC_OUTCOME
PAI-01889,2026-03-01,COMPLETED,SYNTHETIC_OUTCOME
PAI-01890,2026-03-01,COMPLETED,SYNTHETIC_OUTCOME
PAI-01891,2026-03-01,COMPLETED,SYNTHETIC_OUTCOME
PAI-01892,2026-03-01,COMPLETED,SYNTHETIC_OUTCOME
PAI-01893,2026-03-01,COMPLETED,SYNTHETIC_OUTCOME
PAI-01894,2026-03-01,COMPLETED,SYNTHETIC_OUTCOME
PAI-01895,2026-03-01,COMPLETED,SYNTHETIC_OUTCOME
PAI-01896,2026-03-01,COMPLETED,SYNTHETIC_OUTCOME
PAI-01897,2026-03-01,COMPLETED,SYNTHETIC_OUTCOME
PAI-01898,2026-03-01,COMPLETED,SYNTHETIC_OUTCOME
PAI-01899,2026-03-01,FROZEN,SYNTHETIC_OUTCOME
PAI-01900,2026-03-01,COMPLETED,SYNTHETIC_OUTCOME
PAI-01901,2026-03-01,COMPLETED,SYNTHETIC_OUTCOME
PAI-01902,2026-03-01,COMPLETED,SYNTHETIC_OUTCOME
PAI-01903,2026-03-01,TERMINATED,SYNTHETIC_OUTCOME
PAI-01904,2026-03-01,COMPLETED,SYNTHETIC_OUTCOME
PAI-01905,2026-03-01,COMPLETED,SYNTHETIC_OUTCOME
PAI-01906,2026-03-01,COMPLETED,SYNTHETIC_OUTCOME
PAI-01907,2026-03-01,COMPLETED,SYNTHETIC_OUTCOME
PAI-01908,2026-03-01,COMPLETED,SYNTHETIC_OUTCOME
PAI-01909,2026-03-01,COMPLETED,SYNTHETIC_OUTCOME
PAI-01910,2026-03-01,COMPLETED,SYNTHETIC_OUTCOME
PAI-01911,2026-03-01,COMPLETED,SYNTHETIC_OUTCOME
PAI-01912,2026-03-01,FROZEN,SYNTHETIC_OUTCOME
PAI-01913,2026-03-01,COMPLETED,SYNTHETIC_OUTCOME
PAI-01914,2026-03-01,COMPLETED,SYNTHETIC_OUTCOME
PAI-01915,2026-03-01,COMPLETED,SYNTHETIC_OUTCOME
PAI-01916,2026-03-01,COMPLETED,SYNTHETIC_OUTCOME
PAI-01917,2026-03-01,COMPLETED,SYNTHETIC_OUTCOME
PAI-01918,2026-03-01,COMPLETED,SYNTHETIC_OUTCOME
PAI-01919,2026-03-01,ABANDONED,SYNTHETIC_OUTCOME
PAI-01920,2026-03-01,COMPLETED,SYNTHETIC_OUTCOME
PAI-01921,2026-03-01,COMPLETED,SYNTHETIC_OUTCOME
PAI-01922,2026-03-01,COMPLETED,SYNTHETIC_OUTCOME
PAI-01923,2026-03-01,COMPLETED,SYNTHETIC_OUTCOME
PAI-01924,2026-03-01,COMPLETED,SYNTHETIC_OUTCOME
PAI-01925,2026-03-01,COMPLETED,SYNTHETIC_OUTCOME
PAI-01926,2026-03-01,COMPLETED,SYNTHETIC_OUTCOME
PAI-01927,2026-03-01,TERMINATED,SYNTHETIC_OUTCOME
PAI-01928,2026-03-01,COMPLETED,SYNTHETIC_OUTCOME
PAI-01929,2026-03-01,COMPLETED,SYNTHETIC_OUTCOME
PAI-01930,2026-03-01,COMPLETED,SYNTHETIC_OUTCOME
PAI-01931,2026-03-01,COMPLETED,SYNTHETIC_OUTCOME
PAI-01932,2026-03-01,COMPLETED,SYNTHETIC_OUTCOME
PAI-01933,2026-03-01,COMPLETED,SYNTHETIC_OUTCOME
PAI-01934,2026-03-01,ABANDONED,SYNTHETIC_OUTCOME
PAI-01935,2026-03-01,COMPLETED,SYNTHETIC_OUTCOME
PAI-01936,2026-03-01,DOWNGRADED,SYNTHETIC_OUTCOME
PAI-01937,2026-03-01,COMPLETED,SYNTHETIC_OUTCOME
PAI-01938,2026-03-01,COMPLETED,SYNTHETIC_OUTCOME
PAI-01939,2026-03-01,COMPLETED,SYNTHETIC_OUTCOME
PAI-01940,2026-03-01,COMPLETED,SYNTHETIC_OUTCOME
PAI-01941,2026-03-01,COMPLETED,SYNTHETIC_OUTCOME
PAI-01942,2026-03-01,COMPLETED,SYNTHETIC_OUTCOME
PAI-01943,2026-03-01,COMPLETED,SYNTHETIC_OUTCOME
PAI-01944,2026-03-01,DOWNGRADED,SYNTHETIC_OUTCOME
PAI-01945,2026-03-01,FROZEN,SYNTHETIC_OUTCOME
PAI-01946,2026-03-01,COMPLETED,SYNTHETIC_OUTCOME
PAI-01947,2026-03-01,COMPLETED,SYNTHETIC_OUTCOME
PAI-01948,2026-03-01,COMPLETED,SYNTHETIC_OUTCOME
PAI-01949,2026-03-01,COMPLETED,SYNTHETIC_OUTCOME
PAI-01950,2026-03-01,COMPLETED,SYNTHETIC_OUTCOME
PAI-01951,2026-03-01,COMPLETED,SYNTHETIC_OUTCOME
PAI-01952,2026-03-01,FROZEN,SYNTHETIC_OUTCOME
PAI-01953,2026-03-01,COMPLETED,SYNTHETIC_OUTCOME
PAI-01954,2026-03-01,COMPLETED,SYNTHETIC_OUTCOME
PAI-01955,2026-03-01,COMPLETED,SYNTHETIC_OUTCOME
PAI-01956,2026-03-01,DOWNGRADED,SYNTHETIC_OUTCOME
PAI-01957,2026-03-01,COMPLETED,SYNTHETIC_OUTCOME
PAI-01958,2026-03-01,COMPLETED,SYNTHETIC_OUTCOME
PAI-01959,2026-03-01,COMPLETED,SYNTHETIC_OUTCOME
PAI-01960,2026-03-01,COMPLETED,SYNTHETIC_OUTCOME
PAI-01961,2026-03-01,COMPLETED,SYNTHETIC_OUTCOME
PAI-01962,2026-03-01,COMPLETED,SYNTHETIC_OUTCOME
PAI-01963,2026-03-01,COMPLETED,SYNTHETIC_OUTCOME
PAI-01964,2026-03-01,COMPLETED,SYNTHETIC_OUTCOME
PAI-01965,2026-03-01,COMPLETED,SYNTHETIC_OUTCOME
PAI-01966,2026-03-01,COMPLETED,SYNTHETIC_OUTCOME
PAI-01967,2026-03-01,COMPLETED,SYNTHETIC_OUTCOME
PAI-01968,2026-03-01,COMPLETED,SYNTHETIC_OUTCOME
PAI-01969,2026-03-01,COMPLETED,SYNTHETIC_OUTCOME
PAI-01970,2026-03-01,DOWNGRADED,SYNTHETIC_OUTCOME
PAI-01971,2026-03-01,DOWNGRADED,SYNTHETIC_OUTCOME
PAI-01972,2026-03-01,COMPLETED,SYNTHETIC_OUTCOME
PAI-01973,2026-03-01,COMPLETED,SYNTHETIC_OUTCOME
PAI-01974,2026-03-01,TERMINATED,SYNTHETIC_OUTCOME
PAI-01975,2026-03-01,COMPLETED,SYNTHETIC_OUTCOME
PAI-01976,2026-03-01,COMPLETED,SYNTHETIC_OUTCOME
PAI-01977,2026-03-01,FROZEN,SYNTHETIC_OUTCOME
PAI-01978,2026-03-01,COMPLETED,SYNTHETIC_OUTCOME
PAI-01979,2026-03-01,COMPLETED,SYNTHETIC_OUTCOME
PAI-01980,2026-03-01,COMPLETED,SYNTHETIC_OUTCOME
PAI-01981,2026-03-01,COMPLETED,SYNTHETIC_OUTCOME
PAI-01982,2026-03-01,COMPLETED,SYNTHETIC_OUTCOME
PAI-01983,2026-03-01,COMPLETED,SYNTHETIC_OUTCOME
PAI-01984,2026-03-01,COMPLETED,SYNTHETIC_OUTCOME
PAI-01985,2026-03-01,COMPLETED,SYNTHETIC_OUTCOME
PAI-01986,2026-03-01,COMPLETED,SYNTHETIC_OUTCOME
PAI-01987,2026-03-01,COMPLETED,SYNTHETIC_OUTCOME
PAI-01988,2026-03-01,COMPLETED,SYNTHETIC_OUTCOME
PAI-01989,2026-03-01,FROZEN,SYNTHETIC_OUTCOME
PAI-01990,2026-03-01,COMPLETED,SYNTHETIC_OUTCOME
PAI-01991,2026-03-01,FROZEN,SYNTHETIC_OUTCOME
PAI-01992,2026-03-01,COMPLETED,SYNTHETIC_OUTCOME
PAI-01993,2026-03-01,COMPLETED,SYNTHETIC_OUTCOME
PAI-01994,2026-03-01,COMPLETED,SYNTHETIC_OUTCOME
PAI-01995,2026-03-01,FROZEN,SYNTHETIC_OUTCOME
PAI-01996,2026-03-01,COMPLETED,SYNTHETIC_OUTCOME
PAI-01997,2026-03-01,COMPLETED,SYNTHETIC_OUTCOME
PAI-01998,2026-03-01,CANCELLED,SYNTHETIC_OUTCOME
PAI-01999,2026-03-01,COMPLETED,SYNTHETIC_OUTCOME
PAI-02000,2026-03-01,COMPLETED,SYNTHETIC_OUTCOME
PAI-02001,2026-03-01,FROZEN,SYNTHETIC_OUTCOME
PAI-02002,2026-03-01,COMPLETED,SYNTHETIC_OUTCOME
PAI-02003,2026-03-01,COMPLETED,SYNTHETIC_OUTCOME
PAI-02004,2026-03-01,COMPLETED,SYNTHETIC_OUTCOME
PAI-02005,2026-03-01,COMPLETED,SYNTHETIC_OUTCOME
PAI-02006,2026-03-01,COMPLETED,SYNTHETIC_OUTCOME
PAI-02007,2026-03-01,FROZEN,SYNTHETIC_OUTCOME
PAI-02008,2026-03-01,COMPLETED,SYNTHETIC_OUTCOME
PAI-02009,2026-03-01,COMPLETED,SYNTHETIC_OUTCOME
PAI-02010,2026-03-01,COMPLETED,SYNTHETIC_OUTCOME
PAI-02011,2026-03-01,COMPLETED,SYNTHETIC_OUTCOME
PAI-02012,2026-03-01,COMPLETED,SYNTHETIC_OUTCOME
PAI-02013,2026-03-01,COMPLETED,SYNTHETIC_OUTCOME
PAI-02014,2026-03-01,COMPLETED,SYNTHETIC_OUTCOME
PAI-02015,2026-03-01,COMPLETED,SYNTHETIC_OUTCOME
PAI-02016,2026-03-01,COMPLETED,SYNTHETIC_OUTCOME
PAI-02017,2026-03-01,DOWNGRADED,SYNTHETIC_OUTCOME
PAI-02018,2026-03-01,COMPLETED,SYNTHETIC_OUTCOME
PAI-02019,2026-03-01,FROZEN,SYNTHETIC_OUTCOME
PAI-02020,2026-03-01,COMPLETED,SYNTHETIC_OUTCOME
PAI-02021,2026-03-01,FROZEN,SYNTHETIC_OUTCOME
PAI-02022,2026-03-01,COMPLETED,SYNTHETIC_OUTCOME
PAI-02023,2026-03-01,COMPLETED,SYNTHETIC_OUTCOME
PAI-02024,2026-03-01,COMPLETED,SYNTHETIC_OUTCOME
PAI-02025,2026-03-01,COMPLETED,SYNTHETIC_OUTCOME
PAI-02026,2026-03-01,COMPLETED,SYNTHETIC_OUTCOME
PAI-02027,2026-03-01,ABANDONED,SYNTHETIC_OUTCOME
PAI-02028,2026-03-01,COMPLETED,SYNTHETIC_OUTCOME
PAI-02029,2026-03-01,DOWNGRADED,SYNTHETIC_OUTCOME
PAI-02030,2026-03-01,COMPLETED,SYNTHETIC_OUTCOME
PAI-02031,2026-03-01,COMPLETED,SYNTHETIC_OUTCOME
PAI-02032,2026-03-01,COMPLETED,SYNTHETIC_OUTCOME
PAI-02033,2026-03-01,COMPLETED,SYNTHETIC_OUTCOME
PAI-02034,2026-03-01,COMPLETED,SYNTHETIC_OUTCOME
PAI-02035,2026-03-01,DOWNGRADED,SYNTHETIC_OUTCOME
PAI-02036,2026-03-01,COMPLETED,SYNTHETIC_OUTCOME
PAI-02037,2026-03-01,COMPLETED,SYNTHETIC_OUTCOME
PAI-02038,2026-03-01,COMPLETED,SYNTHETIC_OUTCOME
PAI-02039,2026-03-01,TERMINATED,SYNTHETIC_OUTCOME
PAI-02040,2026-03-01,FROZEN,SYNTHETIC_OUTCOME
PAI-02041,2026-03-01,COMPLETED,SYNTHETIC_OUTCOME
PAI-02042,2026-03-01,DOWNGRADED,SYNTHETIC_OUTCOME
PAI-02043,2026-03-01,COMPLETED,SYNTHETIC_OUTCOME
PAI-02044,2026-03-01,COMPLETED,SYNTHETIC_OUTCOME
PAI-02045,2026-03-01,COMPLETED,SYNTHETIC_OUTCOME
PAI-02046,2026-03-01,DOWNGRADED,SYNTHETIC_OUTCOME
PAI-02047,2026-03-01,FROZEN,SYNTHETIC_OUTCOME
PAI-02048,2026-03-01,FROZEN,SYNTHETIC_OUTCOME
PAI-02049,2026-03-01,FROZEN,SYNTHETIC_OUTCOME
PAI-02050,2026-03-01,DOWNGRADED,SYNTHETIC_OUTCOME
PAI-02051,2026-03-01,COMPLETED,SYNTHETIC_OUTCOME
PAI-02052,2026-03-01,COMPLETED,SYNTHETIC_OUTCOME
PAI-02053,2026-03-01,COMPLETED,SYNTHETIC_OUTCOME
PAI-02054,2026-03-01,FROZEN,SYNTHETIC_OUTCOME
PAI-02055,2026-03-01,COMPLETED,SYNTHETIC_OUTCOME
PAI-02056,2026-03-01,COMPLETED,SYNTHETIC_OUTCOME
PAI-02057,2026-03-01,COMPLETED,SYNTHETIC_OUTCOME
PAI-02058,2026-03-01,CANCELLED,SYNTHETIC_OUTCOME
PAI-02059,2026-03-01,COMPLETED,SYNTHETIC_OUTCOME
PAI-02060,2026-03-01,FROZEN,SYNTHETIC_OUTCOME
PAI-02061,2026-03-01,TERMINATED,SYNTHETIC_OUTCOME
PAI-02062,2026-03-01,COMPLETED,SYNTHETIC_OUTCOME
PAI-02063,2026-03-01,COMPLETED,SYNTHETIC_OUTCOME
PAI-02064,2026-03-01,COMPLETED,SYNTHETIC_OUTCOME
PAI-02065,2026-03-01,COMPLETED,SYNTHETIC_OUTCOME
PAI-02066,2026-03-01,COMPLETED,SYNTHETIC_OUTCOME
PAI-02067,2026-03-01,COMPLETED,SYNTHETIC_OUTCOME
PAI-02068,2026-03-01,COMPLETED,SYNTHETIC_OUTCOME
PAI-02069,2026-03-01,COMPLETED,SYNTHETIC_OUTCOME
PAI-02070,2026-03-01,ABANDONED,SYNTHETIC_OUTCOME
PAI-02071,2026-03-01,FROZEN,SYNTHETIC_OUTCOME
PAI-02072,2026-03-01,COMPLETED,SYNTHETIC_OUTCOME
PAI-02073,2026-03-01,COMPLETED,SYNTHETIC_OUTCOME
PAI-02074,2026-03-01,COMPLETED,SYNTHETIC_OUTCOME
PAI-02075,2026-03-01,FROZEN,SYNTHETIC_OUTCOME
PAI-02076,2026-03-01,COMPLETED,SYNTHETIC_OUTCOME
PAI-02077,2026-03-01,COMPLETED,SYNTHETIC_OUTCOME
PAI-02078,2026-03-01,DOWNGRADED,SYNTHETIC_OUTCOME
PAI-02079,2026-03-01,COMPLETED,SYNTHETIC_OUTCOME
PAI-02080,2026-03-01,COMPLETED,SYNTHETIC_OUTCOME
PAI-02081,2026-03-01,COMPLETED,SYNTHETIC_OUTCOME
PAI-02082,2026-03-01,TERMINATED,SYNTHETIC_OUTCOME
PAI-02083,2026-03-01,DOWNGRADED,SYNTHETIC_OUTCOME
PAI-02084,2026-03-01,FROZEN,SYNTHETIC_OUTCOME
PAI-02085,2026-03-01,COMPLETED,SYNTHETIC_OUTCOME
PAI-02086,2026-03-01,COMPLETED,SYNTHETIC_OUTCOME
PAI-02087,2026-03-01,COMPLETED,SYNTHETIC_OUTCOME
PAI-02088,2026-03-01,COMPLETED,SYNTHETIC_OUTCOME
PAI-02089,2026-03-01,TERMINATED,SYNTHETIC_OUTCOME
PAI-02090,2026-03-01,COMPLETED,SYNTHETIC_OUTCOME
PAI-02091,2026-03-01,ABANDONED,SYNTHETIC_OUTCOME
PAI-02092,2026-03-01,COMPLETED,SYNTHETIC_OUTCOME
PAI-02093,2026-03-01,COMPLETED,SYNTHETIC_OUTCOME
PAI-02094,2026-03-01,COMPLETED,SYNTHETIC_OUTCOME
PAI-02095,2026-03-01,COMPLETED,SYNTHETIC_OUTCOME
PAI-02096,2026-03-01,COMPLETED,SYNTHETIC_OUTCOME
PAI-02097,2026-03-01,TERMINATED,SYNTHETIC_OUTCOME
PAI-02098,2026-03-01,COMPLETED,SYNTHETIC_OUTCOME
PAI-02099,2026-03-01,COMPLETED,SYNTHETIC_OUTCOME
PAI-02100,2026-03-01,COMPLETED,SYNTHETIC_OUTCOME
PAI-02101,2026-03-01,COMPLETED,SYNTHETIC_OUTCOME
PAI-02102,2026-03-01,COMPLETED,SYNTHETIC_OUTCOME
PAI-02103,2026-03-01,COMPLETED,SYNTHETIC_OUTCOME
PAI-02104,2026-03-01,COMPLETED,SYNTHETIC_OUTCOME
PAI-02105,2026-03-01,COMPLETED,SYNTHETIC_OUTCOME
PAI-02106,2026-03-01,COMPLETED,SYNTHETIC_OUTCOME
PAI-02107,2026-03-01,FROZEN,SYNTHETIC_OUTCOME
PAI-02108,2026-03-01,DROPPED,SYNTHETIC_OUTCOME
PAI-02109,2026-03-01,COMPLETED,SYNTHETIC_OUTCOME
PAI-02110,2026-03-01,COMPLETED,SYNTHETIC_OUTCOME
PAI-02111,2026-03-01,COMPLETED,SYNTHETIC_OUTCOME
PAI-02112,2026-03-01,COMPLETED,SYNTHETIC_OUTCOME
PAI-02113,2026-03-01,COMPLETED,SYNTHETIC_OUTCOME
PAI-02114,2026-03-01,TERMINATED,SYNTHETIC_OUTCOME
PAI-02115,2026-03-01,COMPLETED,SYNTHETIC_OUTCOME
PAI-02116,2026-03-01,COMPLETED,SYNTHETIC_OUTCOME
PAI-02117,2026-03-01,COMPLETED,SYNTHETIC_OUTCOME
PAI-02118,2026-03-01,COMPLETED,SYNTHETIC_OUTCOME
PAI-02119,2026-03-01,COMPLETED,SYNTHETIC_OUTCOME
PAI-02120,2026-03-01,COMPLETED,SYNTHETIC_OUTCOME
PAI-02121,2026-03-01,COMPLETED,SYNTHETIC_OUTCOME
PAI-02122,2026-03-01,COMPLETED,SYNTHETIC_OUTCOME
PAI-02123,2026-03-01,COMPLETED,SYNTHETIC_OUTCOME
PAI-02124,2026-03-01,COMPLETED,SYNTHETIC_OUTCOME
PAI-02125,2026-03-01,COMPLETED,SYNTHETIC_OUTCOME
PAI-02126,2026-03-01,COMPLETED,SYNTHETIC_OUTCOME
PAI-02127,2026-03-01,COMPLETED,SYNTHETIC_OUTCOME
PAI-02128,2026-03-01,COMPLETED,SYNTHETIC_OUTCOME
PAI-02129,2026-03-01,COMPLETED,SYNTHETIC_OUTCOME
PAI-02130,2026-03-01,COMPLETED,SYNTHETIC_OUTCOME
PAI-02131,2026-03-01,COMPLETED,SYNTHETIC_OUTCOME
PAI-02132,2026-03-01,COMPLETED,SYNTHETIC_OUTCOME
PAI-02133,2026-03-01,CANCELLED,SYNTHETIC_OUTCOME
PAI-02134,2026-03-01,COMPLETED,SYNTHETIC_OUTCOME
PAI-02135,2026-03-01,TERMINATED,SYNTHETIC_OUTCOME
PAI-02136,2026-03-01,COMPLETED,SYNTHETIC_OUTCOME
PAI-02137,2026-03-01,COMPLETED,SYNTHETIC_OUTCOME
PAI-02138,2026-03-01,COMPLETED,SYNTHETIC_OUTCOME
PAI-02139,2026-03-01,CANCELLED,SYNTHETIC_OUTCOME
PAI-02140,2026-03-01,COMPLETED,SYNTHETIC_OUTCOME
PAI-02141,2026-03-01,DOWNGRADED,SYNTHETIC_OUTCOME
PAI-02142,2026-03-01,COMPLETED,SYNTHETIC_OUTCOME
PAI-02143,2026-03-01,COMPLETED,SYNTHETIC_OUTCOME
PAI-02144,2026-03-01,DOWNGRADED,SYNTHETIC_OUTCOME
PAI-02145,2026-03-01,COMPLETED,SYNTHETIC_OUTCOME
PAI-02146,2026-03-01,CANCELLED,SYNTHETIC_OUTCOME
PAI-02147,2026-03-01,COMPLETED,SYNTHETIC_OUTCOME
PAI-02148,2026-03-01,COMPLETED,SYNTHETIC_OUTCOME
PAI-02149,2026-03-01,COMPLETED,SYNTHETIC_OUTCOME
PAI-02150,2026-03-01,DOWNGRADED,SYNTHETIC_OUTCOME
PAI-02151,2026-03-01,COMPLETED,SYNTHETIC_OUTCOME
PAI-02152,2026-03-01,COMPLETED,SYNTHETIC_OUTCOME
PAI-02153,2026-03-01,COMPLETED,SYNTHETIC_OUTCOME
PAI-02154,2026-03-01,COMPLETED,SYNTHETIC_OUTCOME
PAI-02155,2026-03-01,COMPLETED,SYNTHETIC_OUTCOME
PAI-02156,2026-03-01,COMPLETED,SYNTHETIC_OUTCOME
PAI-02157,2026-03-01,FROZEN,SYNTHETIC_OUTCOME
PAI-02158,2026-03-01,DOWNGRADED,SYNTHETIC_OUTCOME
PAI-02159,2026-03-01,DROPPED,SYNTHETIC_OUTCOME
PAI-02160,2026-03-01,COMPLETED,SYNTHETIC_OUTCOME
PAI-02161,2026-03-01,COMPLETED,SYNTHETIC_OUTCOME
PAI-02162,2026-03-01,COMPLETED,SYNTHETIC_OUTCOME
PAI-02163,2026-03-01,DROPPED,SYNTHETIC_OUTCOME
PAI-02164,2026-03-01,COMPLETED,SYNTHETIC_OUTCOME
PAI-02165,2026-03-01,COMPLETED,SYNTHETIC_OUTCOME
PAI-02166,2026-03-01,COMPLETED,SYNTHETIC_OUTCOME
PAI-02167,2026-03-01,COMPLETED,SYNTHETIC_OUTCOME
PAI-02168,2026-03-01,CANCELLED,SYNTHETIC_OUTCOME
PAI-02169,2026-03-01,COMPLETED,SYNTHETIC_OUTCOME
PAI-02170,2026-03-01,COMPLETED,SYNTHETIC_OUTCOME
PAI-02171,2026-03-01,COMPLETED,SYNTHETIC_OUTCOME
PAI-02172,2026-03-01,COMPLETED,SYNTHETIC_OUTCOME
PAI-02173,2026-03-01,COMPLETED,SYNTHETIC_OUTCOME
PAI-02174,2026-03-01,FROZEN,SYNTHETIC_OUTCOME
PAI-02175,2026-03-01,CANCELLED,SYNTHETIC_OUTCOME
PAI-02176,2026-03-01,COMPLETED,SYNTHETIC_OUTCOME
PAI-02177,2026-03-01,COMPLETED,SYNTHETIC_OUTCOME
PAI-02178,2026-03-01,COMPLETED,SYNTHETIC_OUTCOME
PAI-02179,2026-03-01,COMPLETED,SYNTHETIC_OUTCOME
PAI-02180,2026-03-01,COMPLETED,SYNTHETIC_OUTCOME
PAI-02181,2026-03-01,COMPLETED,SYNTHETIC_OUTCOME
PAI-02182,2026-03-01,COMPLETED,SYNTHETIC_OUTCOME
PAI-02183,2026-03-01,DOWNGRADED,SYNTHETIC_OUTCOME
PAI-02184,2026-03-01,COMPLETED,SYNTHETIC_OUTCOME
PAI-02185,2026-03-01,DROPPED,SYNTHETIC_OUTCOME
PAI-02186,2026-03-01,COMPLETED,SYNTHETIC_OUTCOME
PAI-02187,2026-03-01,COMPLETED,SYNTHETIC_OUTCOME
PAI-02188,2026-03-01,COMPLETED,SYNTHETIC_OUTCOME
PAI-02189,2026-03-01,COMPLETED,SYNTHETIC_OUTCOME
PAI-02190,2026-03-01,FROZEN,SYNTHETIC_OUTCOME
PAI-02191,2026-03-01,FROZEN,SYNTHETIC_OUTCOME
PAI-02192,2026-03-01,DOWNGRADED,SYNTHETIC_OUTCOME
PAI-02193,2026-03-01,COMPLETED,SYNTHETIC_OUTCOME
PAI-02194,2026-03-01,COMPLETED,SYNTHETIC_OUTCOME
PAI-02195,2026-03-01,COMPLETED,SYNTHETIC_OUTCOME
PAI-02196,2026-03-01,COMPLETED,SYNTHETIC_OUTCOME
PAI-02197,2026-03-01,COMPLETED,SYNTHETIC_OUTCOME
PAI-02198,2026-03-01,COMPLETED,SYNTHETIC_OUTCOME
PAI-02199,2026-03-01,FROZEN,SYNTHETIC_OUTCOME
PAI-02200,2026-03-01,COMPLETED,SYNTHETIC_OUTCOME
PAI-02201,2026-03-01,FROZEN,SYNTHETIC_OUTCOME
PAI-02202,2026-03-01,COMPLETED,SYNTHETIC_OUTCOME
PAI-02203,2026-03-01,COMPLETED,SYNTHETIC_OUTCOME
PAI-02204,2026-03-01,COMPLETED,SYNTHETIC_OUTCOME
PAI-02205,2026-03-01,COMPLETED,SYNTHETIC_OUTCOME
PAI-02206,2026-03-01,COMPLETED,SYNTHETIC_OUTCOME
PAI-02207,2026-03-01,COMPLETED,SYNTHETIC_OUTCOME
PAI-02208,2026-03-01,COMPLETED,SYNTHETIC_OUTCOME
PAI-02209,2026-03-01,COMPLETED,SYNTHETIC_OUTCOME
PAI-02210,2026-03-01,COMPLETED,SYNTHETIC_OUTCOME
PAI-02211,2026-03-01,COMPLETED,SYNTHETIC_OUTCOME
PAI-02212,2026-03-01,COMPLETED,SYNTHETIC_OUTCOME
PAI-02213,2026-03-01,COMPLETED,SYNTHETIC_OUTCOME
PAI-02214,2026-03-01,COMPLETED,SYNTHETIC_OUTCOME
PAI-02215,2026-03-01,COMPLETED,SYNTHETIC_OUTCOME
PAI-02216,2026-03-01,COMPLETED,SYNTHETIC_OUTCOME
PAI-02217,2026-03-01,COMPLETED,SYNTHETIC_OUTCOME
PAI-02218,2026-03-01,COMPLETED,SYNTHETIC_OUTCOME
PAI-02219,2026-03-01,COMPLETED,SYNTHETIC_OUTCOME
PAI-02220,2026-03-01,COMPLETED,SYNTHETIC_OUTCOME
PAI-02221,2026-03-01,COMPLETED,SYNTHETIC_OUTCOME
PAI-02222,2026-03-01,COMPLETED,SYNTHETIC_OUTCOME
PAI-02223,2026-03-01,COMPLETED,SYNTHETIC_OUTCOME
PAI-02224,2026-03-01,COMPLETED,SYNTHETIC_OUTCOME
PAI-02225,2026-03-01,COMPLETED,SYNTHETIC_OUTCOME
PAI-02226,2026-03-01,COMPLETED,SYNTHETIC_OUTCOME
PAI-02227,2026-03-01,COMPLETED,SYNTHETIC_OUTCOME
PAI-02228,2026-03-01,CANCELLED,SYNTHETIC_OUTCOME
PAI-02229,2026-03-01,COMPLETED,SYNTHETIC_OUTCOME
PAI-02230,2026-03-01,COMPLETED,SYNTHETIC_OUTCOME
PAI-02231,2026-03-01,COMPLETED,SYNTHETIC_OUTCOME
PAI-02232,2026-03-01,COMPLETED,SYNTHETIC_OUTCOME
PAI-02233,2026-03-01,DOWNGRADED,SYNTHETIC_OUTCOME
PAI-02234,2026-03-01,COMPLETED,SYNTHETIC_OUTCOME
PAI-02235,2026-03-01,COMPLETED,SYNTHETIC_OUTCOME
PAI-02236,2026-03-01,COMPLETED,SYNTHETIC_OUTCOME
PAI-02237,2026-03-01,TERMINATED,SYNTHETIC_OUTCOME
PAI-02238,2026-03-01,COMPLETED,SYNTHETIC_OUTCOME
PAI-02239,2026-03-01,COMPLETED,SYNTHETIC_OUTCOME
PAI-02240,2026-03-01,COMPLETED,SYNTHETIC_OUTCOME
PAI-02241,2026-03-01,COMPLETED,SYNTHETIC_OUTCOME
PAI-02242,2026-03-01,COMPLETED,SYNTHETIC_OUTCOME
PAI-02243,2026-03-01,COMPLETED,SYNTHETIC_OUTCOME
PAI-02244,2026-03-01,COMPLETED,SYNTHETIC_OUTCOME
PAI-02245,2026-03-01,DOWNGRADED,SYNTHETIC_OUTCOME
PAI-02246,2026-03-01,COMPLETED,SYNTHETIC_OUTCOME
PAI-02247,2026-03-01,COMPLETED,SYNTHETIC_OUTCOME
PAI-02248,2026-03-01,COMPLETED,SYNTHETIC_OUTCOME
PAI-02249,2026-03-01,COMPLETED,SYNTHETIC_OUTCOME
PAI-02250,2026-03-01,TERMINATED,SYNTHETIC_OUTCOME
PAI-02251,2026-03-01,FROZEN,SYNTHETIC_OUTCOME
PAI-02252,2026-03-01,COMPLETED,SYNTHETIC_OUTCOME
PAI-02253,2026-03-01,FROZEN,SYNTHETIC_OUTCOME
PAI-02254,2026-03-01,COMPLETED,SYNTHETIC_OUTCOME
PAI-02255,2026-03-01,COMPLETED,SYNTHETIC_OUTCOME
PAI-02256,2026-03-01,COMPLETED,SYNTHETIC_OUTCOME
PAI-02257,2026-03-01,COMPLETED,SYNTHETIC_OUTCOME
PAI-02258,2026-03-01,COMPLETED,SYNTHETIC_OUTCOME
PAI-02259,2026-03-01,COMPLETED,SYNTHETIC_OUTCOME
PAI-02260,2026-03-01,COMPLETED,SYNTHETIC_OUTCOME
PAI-02261,2026-03-01,COMPLETED,SYNTHETIC_OUTCOME
PAI-02262,2026-03-01,COMPLETED,SYNTHETIC_OUTCOME
PAI-02263,2026-03-01,COMPLETED,SYNTHETIC_OUTCOME
PAI-02264,2026-03-01,COMPLETED,SYNTHETIC_OUTCOME
PAI-02265,2026-03-01,COMPLETED,SYNTHETIC_OUTCOME
PAI-02266,2026-03-01,COMPLETED,SYNTHETIC_OUTCOME
PAI-02267,2026-03-01,TERMINATED,SYNTHETIC_OUTCOME
PAI-02268,2026-03-01,COMPLETED,SYNTHETIC_OUTCOME
PAI-02269,2026-03-01,COMPLETED,SYNTHETIC_OUTCOME
PAI-02270,2026-03-01,COMPLETED,SYNTHETIC_OUTCOME
PAI-02271,2026-03-01,COMPLETED,SYNTHETIC_OUTCOME
PAI-02272,2026-03-01,FROZEN,SYNTHETIC_OUTCOME
PAI-02273,2026-03-01,COMPLETED,SYNTHETIC_OUTCOME
PAI-02274,2026-03-01,COMPLETED,SYNTHETIC_OUTCOME
PAI-02275,2026-03-01,TERMINATED,SYNTHETIC_OUTCOME
PAI-02276,2026-03-01,COMPLETED,SYNTHETIC_OUTCOME
PAI-02277,2026-03-01,COMPLETED,SYNTHETIC_OUTCOME
PAI-02278,2026-03-01,COMPLETED,SYNTHETIC_OUTCOME
PAI-02279,2026-03-01,COMPLETED,SYNTHETIC_OUTCOME
PAI-02280,2026-03-01,COMPLETED,SYNTHETIC_OUTCOME
PAI-02281,2026-03-01,COMPLETED,SYNTHETIC_OUTCOME
PAI-02282,2026-03-01,COMPLETED,SYNTHETIC_OUTCOME
PAI-02283,2026-03-01,COMPLETED,SYNTHETIC_OUTCOME
PAI-02284,2026-03-01,COMPLETED,SYNTHETIC_OUTCOME
PAI-02285,2026-03-01,COMPLETED,SYNTHETIC_OUTCOME
PAI-02286,2026-03-01,COMPLETED,SYNTHETIC_OUTCOME
PAI-02287,2026-03-01,DOWNGRADED,SYNTHETIC_OUTCOME
PAI-02288,2026-03-01,COMPLETED,SYNTHETIC_OUTCOME
PAI-02289,2026-03-01,FROZEN,SYNTHETIC_OUTCOME
PAI-02290,2026-03-01,COMPLETED,SYNTHETIC_OUTCOME
PAI-02291,2026-03-01,COMPLETED,SYNTHETIC_OUTCOME
PAI-02292,2026-03-01,COMPLETED,SYNTHETIC_OUTCOME
PAI-02293,2026-03-01,COMPLETED,SYNTHETIC_OUTCOME
PAI-02294,2026-03-01,COMPLETED,SYNTHETIC_OUTCOME
PAI-02295,2026-03-01,COMPLETED,SYNTHETIC_OUTCOME
PAI-02296,2026-03-01,COMPLETED,SYNTHETIC_OUTCOME
PAI-02297,2026-03-01,COMPLETED,SYNTHETIC_OUTCOME
PAI-02298,2026-03-01,CANCELLED,SYNTHETIC_OUTCOME
PAI-02299,2026-03-01,COMPLETED,SYNTHETIC_OUTCOME
PAI-02300,2026-03-01,COMPLETED,SYNTHETIC_OUTCOME
PAI-02301,2026-03-01,COMPLETED,SYNTHETIC_OUTCOME
PAI-02302,2026-03-01,COMPLETED,SYNTHETIC_OUTCOME
PAI-02303,2026-03-01,COMPLETED,SYNTHETIC_OUTCOME
PAI-02304,2026-03-01,COMPLETED,SYNTHETIC_OUTCOME
PAI-02305,2026-03-01,COMPLETED,SYNTHETIC_OUTCOME
PAI-02306,2026-03-01,COMPLETED,SYNTHETIC_OUTCOME
PAI-02307,2026-03-01,COMPLETED,SYNTHETIC_OUTCOME
PAI-02308,2026-03-01,COMPLETED,SYNTHETIC_OUTCOME
PAI-02309,2026-03-01,COMPLETED,SYNTHETIC_OUTCOME
PAI-02310,2026-03-01,COMPLETED,SYNTHETIC_OUTCOME
PAI-02311,2026-03-01,COMPLETED,SYNTHETIC_OUTCOME
PAI-02312,2026-03-01,COMPLETED,SYNTHETIC_OUTCOME
PAI-02313,2026-03-01,CANCELLED,SYNTHETIC_OUTCOME
PAI-02314,2026-03-01,COMPLETED,SYNTHETIC_OUTCOME
PAI-02315,2026-03-01,COMPLETED,SYNTHETIC_OUTCOME
PAI-02316,2026-03-01,COMPLETED,SYNTHETIC_OUTCOME
PAI-02317,2026-03-01,COMPLETED,SYNTHETIC_OUTCOME
PAI-02318,2026-03-01,COMPLETED,SYNTHETIC_OUTCOME
PAI-02319,2026-03-01,COMPLETED,SYNTHETIC_OUTCOME
PAI-02320,2026-03-01,COMPLETED,SYNTHETIC_OUTCOME
PAI-02321,2026-03-01,COMPLETED,SYNTHETIC_OUTCOME
PAI-02322,2026-03-01,COMPLETED,SYNTHETIC_OUTCOME
PAI-02323,2026-03-01,COMPLETED,SYNTHETIC_OUTCOME
PAI-02324,2026-03-01,FROZEN,SYNTHETIC_OUTCOME
PAI-02325,2026-03-01,COMPLETED,SYNTHETIC_OUTCOME
PAI-02326,2026-03-01,FROZEN,SYNTHETIC_OUTCOME
PAI-02327,2026-03-01,DROPPED,SYNTHETIC_OUTCOME
PAI-02328,2026-03-01,COMPLETED,SYNTHETIC_OUTCOME
PAI-02329,2026-03-01,COMPLETED,SYNTHETIC_OUTCOME
PAI-02330,2026-03-01,COMPLETED,SYNTHETIC_OUTCOME
PAI-02331,2026-03-01,COMPLETED,SYNTHETIC_OUTCOME
PAI-02332,2026-03-01,COMPLETED,SYNTHETIC_OUTCOME
PAI-02333,2026-03-01,COMPLETED,SYNTHETIC_OUTCOME
PAI-02334,2026-03-01,FROZEN,SYNTHETIC_OUTCOME
PAI-02335,2026-03-01,DOWNGRADED,SYNTHETIC_OUTCOME
PAI-02336,2026-03-01,COMPLETED,SYNTHETIC_OUTCOME
PAI-02337,2026-03-01,COMPLETED,SYNTHETIC_OUTCOME
PAI-02338,2026-03-01,COMPLETED,SYNTHETIC_OUTCOME
PAI-02339,2026-03-01,COMPLETED,SYNTHETIC_OUTCOME
PAI-02340,2026-03-01,COMPLETED,SYNTHETIC_OUTCOME
PAI-02341,2026-03-01,COMPLETED,SYNTHETIC_OUTCOME
PAI-02342,2026-03-01,COMPLETED,SYNTHETIC_OUTCOME
PAI-02343,2026-03-01,COMPLETED,SYNTHETIC_OUTCOME
PAI-02344,2026-03-01,COMPLETED,SYNTHETIC_OUTCOME
PAI-02345,2026-03-01,COMPLETED,SYNTHETIC_OUTCOME
PAI-02346,2026-03-01,COMPLETED,SYNTHETIC_OUTCOME
PAI-02347,2026-03-01,FROZEN,SYNTHETIC_OUTCOME
PAI-02348,2026-03-01,TERMINATED,SYNTHETIC_OUTCOME
PAI-02349,2026-03-01,COMPLETED,SYNTHETIC_OUTCOME
PAI-02350,2026-03-01,COMPLETED,SYNTHETIC_OUTCOME
PAI-02351,2026-03-01,COMPLETED,SYNTHETIC_OUTCOME
PAI-02352,2026-03-01,COMPLETED,SYNTHETIC_OUTCOME
PAI-02353,2026-03-01,COMPLETED,SYNTHETIC_OUTCOME
PAI-02354,2026-03-01,DOWNGRADED,SYNTHETIC_OUTCOME
PAI-02355,2026-03-01,COMPLETED,SYNTHETIC_OUTCOME
PAI-02356,2026-03-01,COMPLETED,SYNTHETIC_OUTCOME
PAI-02357,2026-03-01,COMPLETED,SYNTHETIC_OUTCOME
PAI-02358,2026-03-01,DOWNGRADED,SYNTHETIC_OUTCOME
PAI-02359,2026-03-01,COMPLETED,SYNTHETIC_OUTCOME
PAI-02360,2026-03-01,COMPLETED,SYNTHETIC_OUTCOME
PAI-02361,2026-03-01,COMPLETED,SYNTHETIC_OUTCOME
PAI-02362,2026-03-01,COMPLETED,SYNTHETIC_OUTCOME
PAI-02363,2026-03-01,FROZEN,SYNTHETIC_OUTCOME
PAI-02364,2026-03-01,COMPLETED,SYNTHETIC_OUTCOME
PAI-02365,2026-03-01,FROZEN,SYNTHETIC_OUTCOME
PAI-02366,2026-03-01,DOWNGRADED,SYNTHETIC_OUTCOME
PAI-02367,2026-03-01,COMPLETED,SYNTHETIC_OUTCOME
PAI-02368,2026-03-01,COMPLETED,SYNTHETIC_OUTCOME
PAI-02369,2026-03-01,COMPLETED,SYNTHETIC_OUTCOME
PAI-02370,2026-03-01,FROZEN,SYNTHETIC_OUTCOME
PAI-02371,2026-03-01,DOWNGRADED,SYNTHETIC_OUTCOME
PAI-02372,2026-03-01,COMPLETED,SYNTHETIC_OUTCOME
PAI-02373,2026-03-01,COMPLETED,SYNTHETIC_OUTCOME
PAI-02374,2026-03-01,COMPLETED,SYNTHETIC_OUTCOME
PAI-02375,2026-03-01,COMPLETED,SYNTHETIC_OUTCOME
PAI-02376,2026-03-01,COMPLETED,SYNTHETIC_OUTCOME
PAI-02377,2026-03-01,COMPLETED,SYNTHETIC_OUTCOME
PAI-02378,2026-03-01,COMPLETED,SYNTHETIC_OUTCOME
PAI-02379,2026-03-01,COMPLETED,SYNTHETIC_OUTCOME
PAI-02380,2026-03-01,COMPLETED,SYNTHETIC_OUTCOME
PAI-02381,2026-03-01,COMPLETED,SYNTHETIC_OUTCOME
PAI-02382,2026-03-01,COMPLETED,SYNTHETIC_OUTCOME
PAI-02383,2026-03-01,COMPLETED,SYNTHETIC_OUTCOME
PAI-02384,2026-03-01,DOWNGRADED,SYNTHETIC_OUTCOME
PAI-02385,2026-03-01,COMPLETED,SYNTHETIC_OUTCOME
PAI-02386,2026-03-01,COMPLETED,SYNTHETIC_OUTCOME
PAI-02387,2026-03-01,COMPLETED,SYNTHETIC_OUTCOME
PAI-02388,2026-03-01,COMPLETED,SYNTHETIC_OUTCOME
PAI-02389,2026-03-01,COMPLETED,SYNTHETIC_OUTCOME
PAI-02390,2026-03-01,COMPLETED,SYNTHETIC_OUTCOME
PAI-02391,2026-03-01,COMPLETED,SYNTHETIC_OUTCOME
PAI-02392,2026-03-01,COMPLETED,SYNTHETIC_OUTCOME
PAI-02393,2026-03-01,FROZEN,SYNTHETIC_OUTCOME
PAI-02394,2026-03-01,COMPLETED,SYNTHETIC_OUTCOME
PAI-02395,2026-03-01,COMPLETED,SYNTHETIC_OUTCOME
PAI-02396,2026-03-01,COMPLETED,SYNTHETIC_OUTCOME
PAI-02397,2026-03-01,COMPLETED,SYNTHETIC_OUTCOME
PAI-02398,2026-03-01,COMPLETED,SYNTHETIC_OUTCOME
PAI-02399,2026-03-01,TERMINATED,SYNTHETIC_OUTCOME
PAI-02400,2026-03-01,COMPLETED,SYNTHETIC_OUTCOME
PAI-02401,2026-03-01,COMPLETED,SYNTHETIC_OUTCOME
PAI-02402,2026-03-01,COMPLETED,SYNTHETIC_OUTCOME
PAI-02403,2026-03-01,CANCELLED,SYNTHETIC_OUTCOME
PAI-02404,2026-03-01,COMPLETED,SYNTHETIC_OUTCOME
PAI-02405,2026-03-01,COMPLETED,SYNTHETIC_OUTCOME
PAI-02406,2026-03-01,COMPLETED,SYNTHETIC_OUTCOME
PAI-02407,2026-03-01,COMPLETED,SYNTHETIC_OUTCOME
PAI-02408,2026-03-01,COMPLETED,SYNTHETIC_OUTCOME
PAI-02409,2026-03-01,COMPLETED,SYNTHETIC_OUTCOME
PAI-02410,2026-03-01,COMPLETED,SYNTHETIC_OUTCOME
PAI-02411,2026-03-01,COMPLETED,SYNTHETIC_OUTCOME
PAI-02412,2026-03-01,COMPLETED,SYNTHETIC_OUTCOME
PAI-02413,2026-03-01,COMPLETED,SYNTHETIC_OUTCOME
PAI-02414,2026-03-01,COMPLETED,SYNTHETIC_OUTCOME
PAI-02415,2026-03-01,COMPLETED,SYNTHETIC_OUTCOME
PAI-02416,2026-03-01,COMPLETED,SYNTHETIC_OUTCOME
PAI-02417,2026-03-01,COMPLETED,SYNTHETIC_OUTCOME
PAI-02418,2026-03-01,COMPLETED,SYNTHETIC_OUTCOME
PAI-02419,2026-03-01,COMPLETED,SYNTHETIC_OUTCOME
PAI-02420,2026-03-01,COMPLETED,SYNTHETIC_OUTCOME
PAI-02421,2026-03-01,FROZEN,SYNTHETIC_OUTCOME
PAI-02422,2026-03-01,COMPLETED,SYNTHETIC_OUTCOME
PAI-02423,2026-03-01,COMPLETED,SYNTHETIC_OUTCOME
PAI-02424,2026-03-01,COMPLETED,SYNTHETIC_OUTCOME
PAI-02425,2026-03-01,COMPLETED,SYNTHETIC_OUTCOME
PAI-02426,2026-03-01,TERMINATED,SYNTHETIC_OUTCOME
PAI-02427,2026-03-01,COMPLETED,SYNTHETIC_OUTCOME
PAI-02428,2026-03-01,COMPLETED,SYNTHETIC_OUTCOME
PAI-02429,2026-03-01,FROZEN,SYNTHETIC_OUTCOME
PAI-02430,2026-03-01,DOWNGRADED,SYNTHETIC_OUTCOME
PAI-02431,2026-03-01,COMPLETED,SYNTHETIC_OUTCOME
PAI-02432,2026-03-01,COMPLETED,SYNTHETIC_OUTCOME
PAI-02433,2026-03-01,COMPLETED,SYNTHETIC_OUTCOME
PAI-02434,2026-03-01,COMPLETED,SYNTHETIC_OUTCOME
PAI-02435,2026-03-01,COMPLETED,SYNTHETIC_OUTCOME
PAI-02436,2026-03-01,COMPLETED,SYNTHETIC_OUTCOME
PAI-02437,2026-03-01,COMPLETED,SYNTHETIC_OUTCOME
PAI-02438,2026-03-01,COMPLETED,SYNTHETIC_OUTCOME
PAI-02439,2026-03-01,ABANDONED,SYNTHETIC_OUTCOME
PAI-02440,2026-03-01,COMPLETED,SYNTHETIC_OUTCOME
PAI-02441,2026-03-01,DOWNGRADED,SYNTHETIC_OUTCOME
PAI-02442,2026-03-01,COMPLETED,SYNTHETIC_OUTCOME
PAI-02443,2026-03-01,COMPLETED,SYNTHETIC_OUTCOME
PAI-02444,2026-03-01,COMPLETED,SYNTHETIC_OUTCOME
PAI-02445,2026-03-01,TERMINATED,SYNTHETIC_OUTCOME
PAI-02446,2026-03-01,COMPLETED,SYNTHETIC_OUTCOME
PAI-02447,2026-03-01,COMPLETED,SYNTHETIC_OUTCOME
PAI-02448,2026-03-01,COMPLETED,SYNTHETIC_OUTCOME
PAI-02449,2026-03-01,DOWNGRADED,SYNTHETIC_OUTCOME
PAI-02450,2026-03-01,COMPLETED,SYNTHETIC_OUTCOME
PAI-02451,2026-03-01,COMPLETED,SYNTHETIC_OUTCOME
PAI-02452,2026-03-01,COMPLETED,SYNTHETIC_OUTCOME
PAI-02453,2026-03-01,FROZEN,SYNTHETIC_OUTCOME
PAI-02454,2026-03-01,COMPLETED,SYNTHETIC_OUTCOME
PAI-02455,2026-03-01,FROZEN,SYNTHETIC_OUTCOME
PAI-02456,2026-03-01,COMPLETED,SYNTHETIC_OUTCOME
PAI-02457,2026-03-01,COMPLETED,SYNTHETIC_OUTCOME
PAI-02458,2026-03-01,COMPLETED,SYNTHETIC_OUTCOME
PAI-02459,2026-03-01,COMPLETED,SYNTHETIC_OUTCOME
PAI-02460,2026-03-01,COMPLETED,SYNTHETIC_OUTCOME
PAI-02461,2026-03-01,COMPLETED,SYNTHETIC_OUTCOME
PAI-02462,2026-03-01,DOWNGRADED,SYNTHETIC_OUTCOME
PAI-02463,2026-03-01,COMPLETED,SYNTHETIC_OUTCOME
PAI-02464,2026-03-01,COMPLETED,SYNTHETIC_OUTCOME
PAI-02465,2026-03-01,COMPLETED,SYNTHETIC_OUTCOME
PAI-02466,2026-03-01,COMPLETED,SYNTHETIC_OUTCOME
PAI-02467,2026-03-01,COMPLETED,SYNTHETIC_OUTCOME
PAI-02468,2026-03-01,COMPLETED,SYNTHETIC_OUTCOME
PAI-02469,2026-03-01,FROZEN,SYNTHETIC_OUTCOME
PAI-02470,2026-03-01,COMPLETED,SYNTHETIC_OUTCOME
PAI-02471,2026-03-01,COMPLETED,SYNTHETIC_OUTCOME
PAI-02472,2026-03-01,COMPLETED,SYNTHETIC_OUTCOME
PAI-02473,2026-03-01,COMPLETED,SYNTHETIC_OUTCOME
PAI-02474,2026-03-01,COMPLETED,SYNTHETIC_OUTCOME
PAI-02475,2026-03-01,COMPLETED,SYNTHETIC_OUTCOME
PAI-02476,2026-03-01,COMPLETED,SYNTHETIC_OUTCOME
PAI-02477,2026-03-01,COMPLETED,SYNTHETIC_OUTCOME
PAI-02478,2026-03-01,COMPLETED,SYNTHETIC_OUTCOME
PAI-02479,2026-03-01,COMPLETED,SYNTHETIC_OUTCOME
PAI-02480,2026-03-01,COMPLETED,SYNTHETIC_OUTCOME
PAI-02481,2026-03-01,COMPLETED,SYNTHETIC_OUTCOME
PAI-02482,2026-03-01,COMPLETED,SYNTHETIC_OUTCOME
PAI-02483,2026-03-01,COMPLETED,SYNTHETIC_OUTCOME
PAI-02484,2026-03-01,COMPLETED,SYNTHETIC_OUTCOME
PAI-02485,2026-03-01,DROPPED,SYNTHETIC_OUTCOME
PAI-02486,2026-03-01,COMPLETED,SYNTHETIC_OUTCOME
PAI-02487,2026-03-01,DROPPED,SYNTHETIC_OUTCOME
PAI-02488,2026-03-01,DROPPED,SYNTHETIC_OUTCOME
PAI-02489,2026-03-01,DROPPED,SYNTHETIC_OUTCOME
PAI-02490,2026-03-01,DOWNGRADED,SYNTHETIC_OUTCOME
PAI-02491,2026-03-01,COMPLETED,SYNTHETIC_OUTCOME
PAI-02492,2026-03-01,DROPPED,SYNTHETIC_OUTCOME
PAI-02493,2026-03-01,COMPLETED,SYNTHETIC_OUTCOME
PAI-02494,2026-03-01,COMPLETED,SYNTHETIC_OUTCOME
PAI-02495,2026-03-01,DROPPED,SYNTHETIC_OUTCOME
PAI-02496,2026-03-01,COMPLETED,SYNTHETIC_OUTCOME
PAI-02497,2026-03-01,ABANDONED,SYNTHETIC_OUTCOME
PAI-02498,2026-03-01,FROZEN,SYNTHETIC_OUTCOME
PAI-02499,2026-03-01,DOWNGRADED,SYNTHETIC_OUTCOME
PAI-02500,2026-03-01,COMPLETED,SYNTHETIC_OUTCOME
PAI-02501,2026-03-01,COMPLETED,SYNTHETIC_OUTCOME
PAI-02502,2026-03-01,DROPPED,SYNTHETIC_OUTCOME
PAI-02503,2026-03-01,COMPLETED,SYNTHETIC_OUTCOME
PAI-02504,2026-03-01,COMPLETED,SYNTHETIC_OUTCOME
PAI-02505,2026-03-01,DROPPED,SYNTHETIC_OUTCOME
PAI-02506,2026-03-01,COMPLETED,SYNTHETIC_OUTCOME
PAI-02507,2026-03-01,COMPLETED,SYNTHETIC_OUTCOME
PAI-02508,2026-03-01,COMPLETED,SYNTHETIC_OUTCOME
PAI-02509,2026-03-01,COMPLETED,SYNTHETIC_OUTCOME
PAI-02510,2026-03-01,COMPLETED,SYNTHETIC_OUTCOME
PAI-02511,2026-03-01,COMPLETED,SYNTHETIC_OUTCOME
PAI-02512,2026-03-01,COMPLETED,SYNTHETIC_OUTCOME
PAI-02513,2026-03-01,DOWNGRADED,SYNTHETIC_OUTCOME
PAI-02514,2026-03-01,COMPLETED,SYNTHETIC_OUTCOME
PAI-02515,2026-03-01,CANCELLED,SYNTHETIC_OUTCOME
PAI-02516,2026-03-01,COMPLETED,SYNTHETIC_OUTCOME
PAI-02517,2026-03-01,COMPLETED,SYNTHETIC_OUTCOME
PAI-02518,2026-03-01,COMPLETED,SYNTHETIC_OUTCOME
PAI-02519,2026-03-01,COMPLETED,SYNTHETIC_OUTCOME
PAI-02520,2026-03-01,COMPLETED,SYNTHETIC_OUTCOME
PAI-02521,2026-03-01,COMPLETED,SYNTHETIC_OUTCOME
PAI-02522,2026-03-01,COMPLETED,SYNTHETIC_OUTCOME
PAI-02523,2026-03-01,COMPLETED,SYNTHETIC_OUTCOME
PAI-02524,2026-03-01,COMPLETED,SYNTHETIC_OUTCOME
PAI-02525,2026-03-01,COMPLETED,SYNTHETIC_OUTCOME
PAI-02526,2026-03-01,COMPLETED,SYNTHETIC_OUTCOME
PAI-02527,2026-03-01,COMPLETED,SYNTHETIC_OUTCOME
PAI-02528,2026-03-01,COMPLETED,SYNTHETIC_OUTCOME
PAI-02529,2026-03-01,DOWNGRADED,SYNTHETIC_OUTCOME
PAI-02530,2026-03-01,COMPLETED,SYNTHETIC_OUTCOME
PAI-02531,2026-03-01,COMPLETED,SYNTHETIC_OUTCOME
PAI-02532,2026-03-01,COMPLETED,SYNTHETIC_OUTCOME
PAI-02533,2026-03-01,FROZEN,SYNTHETIC_OUTCOME
PAI-02534,2026-03-01,COMPLETED,SYNTHETIC_OUTCOME
PAI-02535,2026-03-01,COMPLETED,SYNTHETIC_OUTCOME
PAI-02536,2026-03-01,COMPLETED,SYNTHETIC_OUTCOME
PAI-02537,2026-03-01,COMPLETED,SYNTHETIC_OUTCOME
PAI-02538,2026-03-01,COMPLETED,SYNTHETIC_OUTCOME
PAI-02539,2026-03-01,COMPLETED,SYNTHETIC_OUTCOME
PAI-02540,2026-03-01,COMPLETED,SYNTHETIC_OUTCOME
PAI-02541,2026-03-01,COMPLETED,SYNTHETIC_OUTCOME
PAI-02542,2026-03-01,COMPLETED,SYNTHETIC_OUTCOME
PAI-02543,2026-03-01,DOWNGRADED,SYNTHETIC_OUTCOME
PAI-02544,2026-03-01,COMPLETED,SYNTHETIC_OUTCOME
PAI-02545,2026-03-01,COMPLETED,SYNTHETIC_OUTCOME
PAI-02546,2026-03-01,COMPLETED,SYNTHETIC_OUTCOME
PAI-02547,2026-03-01,TERMINATED,SYNTHETIC_OUTCOME
PAI-02548,2026-03-01,FROZEN,SYNTHETIC_OUTCOME
PAI-02549,2026-03-01,COMPLETED,SYNTHETIC_OUTCOME
PAI-02550,2026-03-01,FROZEN,SYNTHETIC_OUTCOME
PAI-02551,2026-03-01,FROZEN,SYNTHETIC_OUTCOME
PAI-02552,2026-03-01,TERMINATED,SYNTHETIC_OUTCOME
PAI-02553,2026-03-01,COMPLETED,SYNTHETIC_OUTCOME
PAI-02554,2026-03-01,COMPLETED,SYNTHETIC_OUTCOME
PAI-02555,2026-03-01,DOWNGRADED,SYNTHETIC_OUTCOME
PAI-02556,2026-03-01,COMPLETED,SYNTHETIC_OUTCOME
PAI-02557,2026-03-01,COMPLETED,SYNTHETIC_OUTCOME
PAI-02558,2026-03-01,COMPLETED,SYNTHETIC_OUTCOME
PAI-02559,2026-03-01,COMPLETED,SYNTHETIC_OUTCOME
PAI-02560,2026-03-01,DOWNGRADED,SYNTHETIC_OUTCOME
PAI-02561,2026-03-01,COMPLETED,SYNTHETIC_OUTCOME
PAI-02562,2026-03-01,DROPPED,SYNTHETIC_OUTCOME
PAI-02563,2026-03-01,COMPLETED,SYNTHETIC_OUTCOME
PAI-02564,2026-03-01,COMPLETED,SYNTHETIC_OUTCOME
PAI-02565,2026-03-01,COMPLETED,SYNTHETIC_OUTCOME
PAI-02566,2026-03-01,COMPLETED,SYNTHETIC_OUTCOME
PAI-02567,2026-03-01,COMPLETED,SYNTHETIC_OUTCOME
PAI-02568,2026-03-01,COMPLETED,SYNTHETIC_OUTCOME
PAI-02569,2026-03-01,COMPLETED,SYNTHETIC_OUTCOME
PAI-02570,2026-03-01,COMPLETED,SYNTHETIC_OUTCOME
PAI-02571,2026-03-01,COMPLETED,SYNTHETIC_OUTCOME
PAI-02572,2026-03-01,COMPLETED,SYNTHETIC_OUTCOME
PAI-02573,2026-03-01,COMPLETED,SYNTHETIC_OUTCOME
PAI-02574,2026-03-01,FROZEN,SYNTHETIC_OUTCOME
PAI-02575,2026-03-01,COMPLETED,SYNTHETIC_OUTCOME
PAI-02576,2026-03-01,CANCELLED,SYNTHETIC_OUTCOME
PAI-02577,2026-03-01,FROZEN,SYNTHETIC_OUTCOME
PAI-02578,2026-03-01,COMPLETED,SYNTHETIC_OUTCOME
PAI-02579,2026-03-01,COMPLETED,SYNTHETIC_OUTCOME
PAI-02580,2026-03-01,TERMINATED,SYNTHETIC_OUTCOME
PAI-02581,2026-03-01,DOWNGRADED,SYNTHETIC_OUTCOME
PAI-02582,2026-03-01,COMPLETED,SYNTHETIC_OUTCOME
PAI-02583,2026-03-01,COMPLETED,SYNTHETIC_OUTCOME
PAI-02584,2026-03-01,COMPLETED,SYNTHETIC_OUTCOME
PAI-02585,2026-03-01,FROZEN,SYNTHETIC_OUTCOME
PAI-02586,2026-03-01,COMPLETED,SYNTHETIC_OUTCOME
PAI-02587,2026-03-01,COMPLETED,SYNTHETIC_OUTCOME
PAI-02588,2026-03-01,COMPLETED,SYNTHETIC_OUTCOME
PAI-02589,2026-03-01,COMPLETED,SYNTHETIC_OUTCOME
PAI-02590,2026-03-01,COMPLETED,SYNTHETIC_OUTCOME
PAI-02591,2026-03-01,COMPLETED,SYNTHETIC_OUTCOME
PAI-02592,2026-03-01,COMPLETED,SYNTHETIC_OUTCOME
PAI-02593,2026-03-01,COMPLETED,SYNTHETIC_OUTCOME
PAI-02594,2026-03-01,COMPLETED,SYNTHETIC_OUTCOME
PAI-02595,2026-03-01,COMPLETED,SYNTHETIC_OUTCOME
PAI-02596,2026-03-01,COMPLETED,SYNTHETIC_OUTCOME
PAI-02597,2026-03-01,COMPLETED,SYNTHETIC_OUTCOME
PAI-02598,2026-03-01,DOWNGRADED,SYNTHETIC_OUTCOME
PAI-02599,2026-03-01,COMPLETED,SYNTHETIC_OUTCOME
PAI-02600,2026-03-01,COMPLETED,SYNTHETIC_OUTCOME
PAI-02601,2026-03-01,COMPLETED,SYNTHETIC_OUTCOME
PAI-02602,2026-03-01,COMPLETED,SYNTHETIC_OUTCOME
PAI-02603,2026-03-01,COMPLETED,SYNTHETIC_OUTCOME
PAI-02604,2026-03-01,COMPLETED,SYNTHETIC_OUTCOME
PAI-02605,2026-03-01,DOWNGRADED,SYNTHETIC_OUTCOME
PAI-02606,2026-03-01,COMPLETED,SYNTHETIC_OUTCOME
PAI-02607,2026-03-01,COMPLETED,SYNTHETIC_OUTCOME
PAI-02608,2026-03-01,COMPLETED,SYNTHETIC_OUTCOME
PAI-02609,2026-03-01,COMPLETED,SYNTHETIC_OUTCOME
PAI-02610,2026-03-01,COMPLETED,SYNTHETIC_OUTCOME
PAI-02611,2026-03-01,COMPLETED,SYNTHETIC_OUTCOME
PAI-02612,2026-03-01,COMPLETED,SYNTHETIC_OUTCOME
PAI-02613,2026-03-01,COMPLETED,SYNTHETIC_OUTCOME
PAI-02614,2026-03-01,COMPLETED,SYNTHETIC_OUTCOME
PAI-02615,2026-03-01,COMPLETED,SYNTHETIC_OUTCOME
PAI-02616,2026-03-01,COMPLETED,SYNTHETIC_OUTCOME
PAI-02617,2026-03-01,COMPLETED,SYNTHETIC_OUTCOME
PAI-02618,2026-03-01,FROZEN,SYNTHETIC_OUTCOME
PAI-02619,2026-03-01,COMPLETED,SYNTHETIC_OUTCOME
PAI-02620,2026-03-01,COMPLETED,SYNTHETIC_OUTCOME
PAI-02621,2026-03-01,COMPLETED,SYNTHETIC_OUTCOME
PAI-02622,2026-03-01,TERMINATED,SYNTHETIC_OUTCOME
PAI-02623,2026-03-01,FROZEN,SYNTHETIC_OUTCOME
PAI-02624,2026-03-01,COMPLETED,SYNTHETIC_OUTCOME
PAI-02625,2026-03-01,COMPLETED,SYNTHETIC_OUTCOME
PAI-02626,2026-03-01,COMPLETED,SYNTHETIC_OUTCOME
PAI-02627,2026-03-01,COMPLETED,SYNTHETIC_OUTCOME
PAI-02628,2026-03-01,COMPLETED,SYNTHETIC_OUTCOME
PAI-02629,2026-03-01,FROZEN,SYNTHETIC_OUTCOME
PAI-02630,2026-03-01,COMPLETED,SYNTHETIC_OUTCOME
PAI-02631,2026-03-01,FROZEN,SYNTHETIC_OUTCOME
PAI-02632,2026-03-01,COMPLETED,SYNTHETIC_OUTCOME
PAI-02633,2026-03-01,FROZEN,SYNTHETIC_OUTCOME
PAI-02634,2026-03-01,COMPLETED,SYNTHETIC_OUTCOME
PAI-02635,2026-03-01,COMPLETED,SYNTHETIC_OUTCOME
PAI-02636,2026-03-01,COMPLETED,SYNTHETIC_OUTCOME
PAI-02637,2026-03-01,COMPLETED,SYNTHETIC_OUTCOME
PAI-02638,2026-03-01,COMPLETED,SYNTHETIC_OUTCOME
PAI-02639,2026-03-01,COMPLETED,SYNTHETIC_OUTCOME
PAI-02640,2026-03-01,COMPLETED,SYNTHETIC_OUTCOME
PAI-02641,2026-03-01,COMPLETED,SYNTHETIC_OUTCOME
PAI-02642,2026-03-01,COMPLETED,SYNTHETIC_OUTCOME
PAI-02643,2026-03-01,COMPLETED,SYNTHETIC_OUTCOME
PAI-02644,2026-03-01,FROZEN,SYNTHETIC_OUTCOME
PAI-02645,2026-03-01,COMPLETED,SYNTHETIC_OUTCOME
PAI-02646,2026-03-01,COMPLETED,SYNTHETIC_OUTCOME
PAI-02647,2026-03-01,COMPLETED,SYNTHETIC_OUTCOME
PAI-02648,2026-03-01,COMPLETED,SYNTHETIC_OUTCOME
PAI-02649,2026-03-01,COMPLETED,SYNTHETIC_OUTCOME
PAI-02650,2026-03-01,COMPLETED,SYNTHETIC_OUTCOME
PAI-02651,2026-03-01,TERMINATED,SYNTHETIC_OUTCOME
PAI-02652,2026-03-01,COMPLETED,SYNTHETIC_OUTCOME
PAI-02653,2026-03-01,COMPLETED,SYNTHETIC_OUTCOME
PAI-02654,2026-03-01,COMPLETED,SYNTHETIC_OUTCOME
PAI-02655,2026-03-01,COMPLETED,SYNTHETIC_OUTCOME
PAI-02656,2026-03-01,COMPLETED,SYNTHETIC_OUTCOME
PAI-02657,2026-03-01,COMPLETED,SYNTHETIC_OUTCOME
PAI-02658,2026-03-01,COMPLETED,SYNTHETIC_OUTCOME
PAI-02659,2026-03-01,COMPLETED,SYNTHETIC_OUTCOME
PAI-02660,2026-03-01,COMPLETED,SYNTHETIC_OUTCOME
PAI-02661,2026-03-01,FROZEN,SYNTHETIC_OUTCOME
PAI-02662,2026-03-01,COMPLETED,SYNTHETIC_OUTCOME
PAI-02663,2026-03-01,COMPLETED,SYNTHETIC_OUTCOME
PAI-02664,2026-03-01,CANCELLED,SYNTHETIC_OUTCOME
PAI-02665,2026-03-01,COMPLETED,SYNTHETIC_OUTCOME
PAI-02666,2026-03-01,DOWNGRADED,SYNTHETIC_OUTCOME
PAI-02667,2026-03-01,COMPLETED,SYNTHETIC_OUTCOME
PAI-02668,2026-03-01,COMPLETED,SYNTHETIC_OUTCOME
PAI-02669,2026-03-01,COMPLETED,SYNTHETIC_OUTCOME
PAI-02670,2026-03-01,COMPLETED,SYNTHETIC_OUTCOME
PAI-02671,2026-03-01,COMPLETED,SYNTHETIC_OUTCOME
PAI-02672,2026-03-01,COMPLETED,SYNTHETIC_OUTCOME
PAI-02673,2026-03-01,COMPLETED,SYNTHETIC_OUTCOME
PAI-02674,2026-03-01,COMPLETED,SYNTHETIC_OUTCOME
PAI-02675,2026-03-01,COMPLETED,SYNTHETIC_OUTCOME
PAI-02676,2026-03-01,COMPLETED,SYNTHETIC_OUTCOME
PAI-02677,2026-03-01,COMPLETED,SYNTHETIC_OUTCOME
PAI-02678,2026-03-01,COMPLETED,SYNTHETIC_OUTCOME
PAI-02679,2026-03-01,CANCELLED,SYNTHETIC_OUTCOME
PAI-02680,2026-03-01,COMPLETED,SYNTHETIC_OUTCOME
PAI-02681,2026-03-01,COMPLETED,SYNTHETIC_OUTCOME
PAI-02682,2026-03-01,COMPLETED,SYNTHETIC_OUTCOME
PAI-02683,2026-03-01,COMPLETED,SYNTHETIC_OUTCOME
PAI-02684,2026-03-01,COMPLETED,SYNTHETIC_OUTCOME
PAI-02685,2026-03-01,COMPLETED,SYNTHETIC_OUTCOME
PAI-02686,2026-03-01,COMPLETED,SYNTHETIC_OUTCOME
PAI-02687,2026-03-01,COMPLETED,SYNTHETIC_OUTCOME
PAI-02688,2026-03-01,TERMINATED,SYNTHETIC_OUTCOME
PAI-02689,2026-03-01,DOWNGRADED,SYNTHETIC_OUTCOME
PAI-02690,2026-03-01,COMPLETED,SYNTHETIC_OUTCOME
PAI-02691,2026-03-01,COMPLETED,SYNTHETIC_OUTCOME
PAI-02692,2026-03-01,COMPLETED,SYNTHETIC_OUTCOME
PAI-02693,2026-03-01,COMPLETED,SYNTHETIC_OUTCOME
PAI-02694,2026-03-01,TERMINATED,SYNTHETIC_OUTCOME
PAI-02695,2026-03-01,TERMINATED,SYNTHETIC_OUTCOME
PAI-02696,2026-03-01,COMPLETED,SYNTHETIC_OUTCOME
PAI-02697,2026-03-01,TERMINATED,SYNTHETIC_OUTCOME
PAI-02698,2026-03-01,COMPLETED,SYNTHETIC_OUTCOME
PAI-02699,2026-03-01,FROZEN,SYNTHETIC_OUTCOME
PAI-02700,2026-03-01,COMPLETED,SYNTHETIC_OUTCOME
PAI-02701,2026-03-01,CANCELLED,SYNTHETIC_OUTCOME
PAI-02702,2026-03-01,TERMINATED,SYNTHETIC_OUTCOME
PAI-02703,2026-03-01,COMPLETED,SYNTHETIC_OUTCOME
PAI-02704,2026-03-01,COMPLETED,SYNTHETIC_OUTCOME
PAI-02705,2026-03-01,COMPLETED,SYNTHETIC_OUTCOME
PAI-02706,2026-03-01,COMPLETED,SYNTHETIC_OUTCOME
PAI-02707,2026-03-01,COMPLETED,SYNTHETIC_OUTCOME
PAI-02708,2026-03-01,COMPLETED,SYNTHETIC_OUTCOME
PAI-02709,2026-03-01,COMPLETED,SYNTHETIC_OUTCOME
PAI-02710,2026-03-01,COMPLETED,SYNTHETIC_OUTCOME
PAI-02711,2026-03-01,COMPLETED,SYNTHETIC_OUTCOME
PAI-02712,2026-03-01,COMPLETED,SYNTHETIC_OUTCOME
PAI-02713,2026-03-01,COMPLETED,SYNTHETIC_OUTCOME
PAI-02714,2026-03-01,COMPLETED,SYNTHETIC_OUTCOME
PAI-02715,2026-03-01,DOWNGRADED,SYNTHETIC_OUTCOME
PAI-02716,2026-03-01,COMPLETED,SYNTHETIC_OUTCOME
PAI-02717,2026-03-01,COMPLETED,SYNTHETIC_OUTCOME
PAI-02718,2026-03-01,COMPLETED,SYNTHETIC_OUTCOME
PAI-02719,2026-03-01,COMPLETED,SYNTHETIC_OUTCOME
PAI-02720,2026-03-01,COMPLETED,SYNTHETIC_OUTCOME
PAI-02721,2026-03-01,COMPLETED,SYNTHETIC_OUTCOME
PAI-02722,2026-03-01,FROZEN,SYNTHETIC_OUTCOME
PAI-02723,2026-03-01,COMPLETED,SYNTHETIC_OUTCOME
PAI-02724,2026-03-01,COMPLETED,SYNTHETIC_OUTCOME
PAI-02725,2026-03-01,COMPLETED,SYNTHETIC_OUTCOME
PAI-02726,2026-03-01,DROPPED,SYNTHETIC_OUTCOME
PAI-02727,2026-03-01,CANCELLED,SYNTHETIC_OUTCOME
PAI-02728,2026-03-01,COMPLETED,SYNTHETIC_OUTCOME
PAI-02729,2026-03-01,COMPLETED,SYNTHETIC_OUTCOME
PAI-02730,2026-03-01,COMPLETED,SYNTHETIC_OUTCOME
PAI-02731,2026-03-01,COMPLETED,SYNTHETIC_OUTCOME
PAI-02732,2026-03-01,COMPLETED,SYNTHETIC_OUTCOME
PAI-02733,2026-03-01,COMPLETED,SYNTHETIC_OUTCOME
PAI-02734,2026-03-01,COMPLETED,SYNTHETIC_OUTCOME
PAI-02735,2026-03-01,DOWNGRADED,SYNTHETIC_OUTCOME
PAI-02736,2026-03-01,COMPLETED,SYNTHETIC_OUTCOME
PAI-02737,2026-03-01,COMPLETED,SYNTHETIC_OUTCOME
PAI-02738,2026-03-01,COMPLETED,SYNTHETIC_OUTCOME
PAI-02739,2026-03-01,COMPLETED,SYNTHETIC_OUTCOME
PAI-02740,2026-03-01,COMPLETED,SYNTHETIC_OUTCOME
PAI-02741,2026-03-01,COMPLETED,SYNTHETIC_OUTCOME
PAI-02742,2026-03-01,COMPLETED,SYNTHETIC_OUTCOME
PAI-02743,2026-03-01,COMPLETED,SYNTHETIC_OUTCOME
PAI-02744,2026-03-01,COMPLETED,SYNTHETIC_OUTCOME
PAI-02745,2026-03-01,TERMINATED,SYNTHETIC_OUTCOME
PAI-02746,2026-03-01,COMPLETED,SYNTHETIC_OUTCOME
PAI-02747,2026-03-01,COMPLETED,SYNTHETIC_OUTCOME
PAI-02748,2026-03-01,COMPLETED,SYNTHETIC_OUTCOME
PAI-02749,2026-03-01,COMPLETED,SYNTHETIC_OUTCOME
PAI-02750,2026-03-01,DOWNGRADED,SYNTHETIC_OUTCOME
PAI-02751,2026-03-01,COMPLETED,SYNTHETIC_OUTCOME
PAI-02752,2026-03-01,COMPLETED,SYNTHETIC_OUTCOME
PAI-02753,2026-03-01,COMPLETED,SYNTHETIC_OUTCOME
PAI-02754,2026-03-01,COMPLETED,SYNTHETIC_OUTCOME
PAI-02755,2026-03-01,FROZEN,SYNTHETIC_OUTCOME
PAI-02756,2026-03-01,COMPLETED,SYNTHETIC_OUTCOME
PAI-02757,2026-03-01,COMPLETED,SYNTHETIC_OUTCOME
PAI-02758,2026-03-01,COMPLETED,SYNTHETIC_OUTCOME
PAI-02759,2026-03-01,COMPLETED,SYNTHETIC_OUTCOME
PAI-02760,2026-03-01,COMPLETED,SYNTHETIC_OUTCOME
PAI-02761,2026-03-01,COMPLETED,SYNTHETIC_OUTCOME
PAI-02762,2026-03-01,COMPLETED,SYNTHETIC_OUTCOME
PAI-02763,2026-03-01,COMPLETED,SYNTHETIC_OUTCOME
PAI-02764,2026-03-01,COMPLETED,SYNTHETIC_OUTCOME
PAI-02765,2026-03-01,DOWNGRADED,SYNTHETIC_OUTCOME
PAI-02766,2026-03-01,COMPLETED,SYNTHETIC_OUTCOME
PAI-02767,2026-03-01,TERMINATED,SYNTHETIC_OUTCOME
PAI-02768,2026-03-01,COMPLETED,SYNTHETIC_OUTCOME
PAI-02769,2026-03-01,COMPLETED,SYNTHETIC_OUTCOME
PAI-02770,2026-03-01,COMPLETED,SYNTHETIC_OUTCOME
PAI-02771,2026-03-01,COMPLETED,SYNTHETIC_OUTCOME
PAI-02772,2026-03-01,COMPLETED,SYNTHETIC_OUTCOME
PAI-02773,2026-03-01,COMPLETED,SYNTHETIC_OUTCOME
PAI-02774,2026-03-01,DOWNGRADED,SYNTHETIC_OUTCOME
PAI-02775,2026-03-01,COMPLETED,SYNTHETIC_OUTCOME
PAI-02776,2026-03-01,DROPPED,SYNTHETIC_OUTCOME
PAI-02777,2026-03-01,COMPLETED,SYNTHETIC_OUTCOME
PAI-02778,2026-03-01,COMPLETED,SYNTHETIC_OUTCOME
PAI-02779,2026-03-01,COMPLETED,SYNTHETIC_OUTCOME
PAI-02780,2026-03-01,FROZEN,SYNTHETIC_OUTCOME
PAI-02781,2026-03-01,TERMINATED,SYNTHETIC_OUTCOME
PAI-02782,2026-03-01,COMPLETED,SYNTHETIC_OUTCOME
PAI-02783,2026-03-01,COMPLETED,SYNTHETIC_OUTCOME
PAI-02784,2026-03-01,COMPLETED,SYNTHETIC_OUTCOME
PAI-02785,2026-03-01,COMPLETED,SYNTHETIC_OUTCOME
PAI-02786,2026-03-01,COMPLETED,SYNTHETIC_OUTCOME
PAI-02787,2026-03-01,COMPLETED,SYNTHETIC_OUTCOME
PAI-02788,2026-03-01,COMPLETED,SYNTHETIC_OUTCOME
PAI-02789,2026-03-01,COMPLETED,SYNTHETIC_OUTCOME
PAI-02790,2026-03-01,DOWNGRADED,SYNTHETIC_OUTCOME
PAI-02791,2026-03-01,TERMINATED,SYNTHETIC_OUTCOME
PAI-02792,2026-03-01,COMPLETED,SYNTHETIC_OUTCOME
PAI-02793,2026-03-01,COMPLETED,SYNTHETIC_OUTCOME
PAI-02794,2026-03-01,COMPLETED,SYNTHETIC_OUTCOME
PAI-02795,2026-03-01,COMPLETED,SYNTHETIC_OUTCOME
PAI-02796,2026-03-01,FROZEN,SYNTHETIC_OUTCOME
PAI-02797,2026-03-01,COMPLETED,SYNTHETIC_OUTCOME
PAI-02798,2026-03-01,COMPLETED,SYNTHETIC_OUTCOME
PAI-02799,2026-03-01,COMPLETED,SYNTHETIC_OUTCOME
PAI-02800,2026-03-01,COMPLETED,SYNTHETIC_OUTCOME
PAI-02801,2026-03-01,COMPLETED,SYNTHETIC_OUTCOME
PAI-02802,2026-03-01,CANCELLED,SYNTHETIC_OUTCOME
PAI-02803,2026-03-01,COMPLETED,SYNTHETIC_OUTCOME
PAI-02804,2026-03-01,COMPLETED,SYNTHETIC_OUTCOME
PAI-02805,2026-03-01,COMPLETED,SYNTHETIC_OUTCOME
PAI-02806,2026-03-01,COMPLETED,SYNTHETIC_OUTCOME
PAI-02807,2026-03-01,DOWNGRADED,SYNTHETIC_OUTCOME
PAI-02808,2026-03-01,COMPLETED,SYNTHETIC_OUTCOME
PAI-02809,2026-03-01,TERMINATED,SYNTHETIC_OUTCOME
PAI-02810,2026-03-01,COMPLETED,SYNTHETIC_OUTCOME
PAI-02811,2026-03-01,COMPLETED,SYNTHETIC_OUTCOME
PAI-02812,2026-03-01,COMPLETED,SYNTHETIC_OUTCOME
PAI-02813,2026-03-01,COMPLETED,SYNTHETIC_OUTCOME
PAI-02814,2026-03-01,FROZEN,SYNTHETIC_OUTCOME
PAI-02815,2026-03-01,COMPLETED,SYNTHETIC_OUTCOME
PAI-02816,2026-03-01,COMPLETED,SYNTHETIC_OUTCOME
PAI-02817,2026-03-01,COMPLETED,SYNTHETIC_OUTCOME
PAI-02818,2026-03-01,COMPLETED,SYNTHETIC_OUTCOME
PAI-02819,2026-03-01,COMPLETED,SYNTHETIC_OUTCOME
PAI-02820,2026-03-01,DOWNGRADED,SYNTHETIC_OUTCOME
PAI-02821,2026-03-01,FROZEN,SYNTHETIC_OUTCOME
PAI-02822,2026-03-01,COMPLETED,SYNTHETIC_OUTCOME
PAI-02823,2026-03-01,COMPLETED,SYNTHETIC_OUTCOME
PAI-02824,2026-03-01,COMPLETED,SYNTHETIC_OUTCOME
PAI-02825,2026-03-01,COMPLETED,SYNTHETIC_OUTCOME
PAI-02826,2026-03-01,FROZEN,SYNTHETIC_OUTCOME
PAI-02827,2026-03-01,COMPLETED,SYNTHETIC_OUTCOME
PAI-02828,2026-03-01,COMPLETED,SYNTHETIC_OUTCOME
PAI-02829,2026-03-01,DOWNGRADED,SYNTHETIC_OUTCOME
PAI-02830,2026-03-01,COMPLETED,SYNTHETIC_OUTCOME
PAI-02831,2026-03-01,COMPLETED,SYNTHETIC_OUTCOME
PAI-02832,2026-03-01,DOWNGRADED,SYNTHETIC_OUTCOME
PAI-02833,2026-03-01,COMPLETED,SYNTHETIC_OUTCOME
PAI-02834,2026-03-01,DOWNGRADED,SYNTHETIC_OUTCOME
PAI-02835,2026-03-01,COMPLETED,SYNTHETIC_OUTCOME
PAI-02836,2026-03-01,DOWNGRADED,SYNTHETIC_OUTCOME
PAI-02837,2026-03-01,FROZEN,SYNTHETIC_OUTCOME
PAI-02838,2026-03-01,COMPLETED,SYNTHETIC_OUTCOME
PAI-02839,2026-03-01,TERMINATED,SYNTHETIC_OUTCOME
PAI-02840,2026-03-01,COMPLETED,SYNTHETIC_OUTCOME
PAI-02841,2026-03-01,COMPLETED,SYNTHETIC_OUTCOME
PAI-02842,2026-03-01,COMPLETED,SYNTHETIC_OUTCOME
PAI-02843,2026-03-01,COMPLETED,SYNTHETIC_OUTCOME
PAI-02844,2026-03-01,COMPLETED,SYNTHETIC_OUTCOME
PAI-02845,2026-03-01,COMPLETED,SYNTHETIC_OUTCOME
PAI-02846,2026-03-01,COMPLETED,SYNTHETIC_OUTCOME
PAI-02847,2026-03-01,DOWNGRADED,SYNTHETIC_OUTCOME
PAI-02848,2026-03-01,COMPLETED,SYNTHETIC_OUTCOME
PAI-02849,2026-03-01,FROZEN,SYNTHETIC_OUTCOME
PAI-02850,2026-03-01,COMPLETED,SYNTHETIC_OUTCOME
PAI-02851,2026-03-01,DOWNGRADED,SYNTHETIC_OUTCOME
PAI-02852,2026-03-01,COMPLETED,SYNTHETIC_OUTCOME
PAI-02853,2026-03-01,DOWNGRADED,SYNTHETIC_OUTCOME
PAI-02854,2026-03-01,COMPLETED,SYNTHETIC_OUTCOME
PAI-02855,2026-03-01,COMPLETED,SYNTHETIC_OUTCOME
PAI-02856,2026-03-01,COMPLETED,SYNTHETIC_OUTCOME
PAI-02857,2026-03-01,COMPLETED,SYNTHETIC_OUTCOME
PAI-02858,2026-03-01,COMPLETED,SYNTHETIC_OUTCOME
PAI-02859,2026-03-01,FROZEN,SYNTHETIC_OUTCOME
PAI-02860,2026-03-01,COMPLETED,SYNTHETIC_OUTCOME
PAI-02861,2026-03-01,COMPLETED,SYNTHETIC_OUTCOME
PAI-02862,2026-03-01,CANCELLED,SYNTHETIC_OUTCOME
PAI-02863,2026-03-01,COMPLETED,SYNTHETIC_OUTCOME
PAI-02864,2026-03-01,COMPLETED,SYNTHETIC_OUTCOME
PAI-02865,2026-03-01,COMPLETED,SYNTHETIC_OUTCOME
PAI-02866,2026-03-01,FROZEN,SYNTHETIC_OUTCOME
PAI-02867,2026-03-01,COMPLETED,SYNTHETIC_OUTCOME
PAI-02868,2026-03-01,FROZEN,SYNTHETIC_OUTCOME
PAI-02869,2026-03-01,COMPLETED,SYNTHETIC_OUTCOME
PAI-02870,2026-03-01,COMPLETED,SYNTHETIC_OUTCOME
PAI-02871,2026-03-01,COMPLETED,SYNTHETIC_OUTCOME
PAI-02872,2026-03-01,DOWNGRADED,SYNTHETIC_OUTCOME
PAI-02873,2026-03-01,COMPLETED,SYNTHETIC_OUTCOME
PAI-02874,2026-03-01,COMPLETED,SYNTHETIC_OUTCOME
PAI-02875,2026-03-01,COMPLETED,SYNTHETIC_OUTCOME
PAI-02876,2026-03-01,COMPLETED,SYNTHETIC_OUTCOME
PAI-02877,2026-03-01,COMPLETED,SYNTHETIC_OUTCOME
PAI-02878,2026-03-01,COMPLETED,SYNTHETIC_OUTCOME
PAI-02879,2026-03-01,COMPLETED,SYNTHETIC_OUTCOME
PAI-02880,2026-03-01,COMPLETED,SYNTHETIC_OUTCOME
PAI-02881,2026-03-01,FROZEN,SYNTHETIC_OUTCOME
PAI-02882,2026-03-01,COMPLETED,SYNTHETIC_OUTCOME
PAI-02883,2026-03-01,COMPLETED,SYNTHETIC_OUTCOME
PAI-02884,2026-03-01,DOWNGRADED,SYNTHETIC_OUTCOME
PAI-02885,2026-03-01,COMPLETED,SYNTHETIC_OUTCOME
PAI-02886,2026-03-01,DOWNGRADED,SYNTHETIC_OUTCOME
PAI-02887,2026-03-01,DROPPED,SYNTHETIC_OUTCOME
PAI-02888,2026-03-01,COMPLETED,SYNTHETIC_OUTCOME
PAI-02889,2026-03-01,COMPLETED,SYNTHETIC_OUTCOME
PAI-02890,2026-03-01,COMPLETED,SYNTHETIC_OUTCOME
PAI-02891,2026-03-01,DOWNGRADED,SYNTHETIC_OUTCOME
PAI-02892,2026-03-01,DOWNGRADED,SYNTHETIC_OUTCOME
PAI-02893,2026-03-01,COMPLETED,SYNTHETIC_OUTCOME
PAI-02894,2026-03-01,FROZEN,SYNTHETIC_OUTCOME
PAI-02895,2026-03-01,COMPLETED,SYNTHETIC_OUTCOME
PAI-02896,2026-03-01,COMPLETED,SYNTHETIC_OUTCOME
PAI-02897,2026-03-01,CANCELLED,SYNTHETIC_OUTCOME
PAI-02898,2026-03-01,COMPLETED,SYNTHETIC_OUTCOME
PAI-02899,2026-03-01,DOWNGRADED,SYNTHETIC_OUTCOME
PAI-02900,2026-03-01,COMPLETED,SYNTHETIC_OUTCOME
PAI-02901,2026-03-01,COMPLETED,SYNTHETIC_OUTCOME
PAI-02902,2026-03-01,COMPLETED,SYNTHETIC_OUTCOME
PAI-02903,2026-03-01,COMPLETED,SYNTHETIC_OUTCOME
PAI-02904,2026-03-01,COMPLETED,SYNTHETIC_OUTCOME
PAI-02905,2026-03-01,COMPLETED,SYNTHETIC_OUTCOME
PAI-02906,2026-03-01,COMPLETED,SYNTHETIC_OUTCOME
PAI-02907,2026-03-01,COMPLETED,SYNTHETIC_OUTCOME
PAI-02908,2026-03-01,COMPLETED,SYNTHETIC_OUTCOME
PAI-02909,2026-03-01,COMPLETED,SYNTHETIC_OUTCOME
PAI-02910,2026-03-01,COMPLETED,SYNTHETIC_OUTCOME
PAI-02911,2026-03-01,TERMINATED,SYNTHETIC_OUTCOME
PAI-02912,2026-03-01,COMPLETED,SYNTHETIC_OUTCOME
PAI-02913,2026-03-01,COMPLETED,SYNTHETIC_OUTCOME
PAI-02914,2026-03-01,COMPLETED,SYNTHETIC_OUTCOME
PAI-02915,2026-03-01,COMPLETED,SYNTHETIC_OUTCOME
PAI-02916,2026-03-01,COMPLETED,SYNTHETIC_OUTCOME
PAI-02917,2026-03-01,COMPLETED,SYNTHETIC_OUTCOME
PAI-02918,2026-03-01,COMPLETED,SYNTHETIC_OUTCOME
PAI-02919,2026-03-01,COMPLETED,SYNTHETIC_OUTCOME
PAI-02920,2026-03-01,COMPLETED,SYNTHETIC_OUTCOME
PAI-02921,2026-03-01,COMPLETED,SYNTHETIC_OUTCOME
PAI-02922,2026-03-01,COMPLETED,SYNTHETIC_OUTCOME
PAI-02923,2026-03-01,COMPLETED,SYNTHETIC_OUTCOME
PAI-02924,2026-03-01,COMPLETED,SYNTHETIC_OUTCOME
PAI-02925,2026-03-01,FROZEN,SYNTHETIC_OUTCOME
PAI-02926,2026-03-01,COMPLETED,SYNTHETIC_OUTCOME
PAI-02927,2026-03-01,COMPLETED,SYNTHETIC_OUTCOME
PAI-02928,2026-03-01,COMPLETED,SYNTHETIC_OUTCOME
PAI-02929,2026-03-01,COMPLETED,SYNTHETIC_OUTCOME
PAI-02930,2026-03-01,COMPLETED,SYNTHETIC_OUTCOME
PAI-02931,2026-03-01,COMPLETED,SYNTHETIC_OUTCOME
PAI-02932,2026-03-01,COMPLETED,SYNTHETIC_OUTCOME
PAI-02933,2026-03-01,DOWNGRADED,SYNTHETIC_OUTCOME
PAI-02934,2026-03-01,COMPLETED,SYNTHETIC_OUTCOME
PAI-02935,2026-03-01,COMPLETED,SYNTHETIC_OUTCOME
PAI-02936,2026-03-01,COMPLETED,SYNTHETIC_OUTCOME
PAI-02937,2026-03-01,COMPLETED,SYNTHETIC_OUTCOME
PAI-02938,2026-03-01,DOWNGRADED,SYNTHETIC_OUTCOME
PAI-02939,2026-03-01,COMPLETED,SYNTHETIC_OUTCOME
PAI-02940,2026-03-01,COMPLETED,SYNTHETIC_OUTCOME
PAI-02941,2026-03-01,COMPLETED,SYNTHETIC_OUTCOME
PAI-02942,2026-03-01,COMPLETED,SYNTHETIC_OUTCOME
PAI-02943,2026-03-01,COMPLETED,SYNTHETIC_OUTCOME
PAI-02944,2026-03-01,COMPLETED,SYNTHETIC_OUTCOME
PAI-02945,2026-03-01,COMPLETED,SYNTHETIC_OUTCOME
PAI-02946,2026-03-01,COMPLETED,SYNTHETIC_OUTCOME
PAI-02947,2026-03-01,COMPLETED,SYNTHETIC_OUTCOME
PAI-02948,2026-03-01,COMPLETED,SYNTHETIC_OUTCOME
PAI-02949,2026-03-01,COMPLETED,SYNTHETIC_OUTCOME
PAI-02950,2026-03-01,COMPLETED,SYNTHETIC_OUTCOME
PAI-02951,2026-03-01,COMPLETED,SYNTHETIC_OUTCOME
PAI-02952,2026-03-01,COMPLETED,SYNTHETIC_OUTCOME
PAI-02953,2026-03-01,COMPLETED,SYNTHETIC_OUTCOME
PAI-02954,2026-03-01,COMPLETED,SYNTHETIC_OUTCOME
PAI-02955,2026-03-01,FROZEN,SYNTHETIC_OUTCOME
PAI-02956,2026-03-01,COMPLETED,SYNTHETIC_OUTCOME
PAI-02957,2026-03-01,COMPLETED,SYNTHETIC_OUTCOME
PAI-02958,2026-03-01,FROZEN,SYNTHETIC_OUTCOME
PAI-02959,2026-03-01,COMPLETED,SYNTHETIC_OUTCOME
PAI-02960,2026-03-01,COMPLETED,SYNTHETIC_OUTCOME
PAI-02961,2026-03-01,DOWNGRADED,SYNTHETIC_OUTCOME
PAI-02962,2026-03-01,COMPLETED,SYNTHETIC_OUTCOME
PAI-02963,2026-03-01,FROZEN,SYNTHETIC_OUTCOME
PAI-02964,2026-03-01,COMPLETED,SYNTHETIC_OUTCOME
PAI-02965,2026-03-01,COMPLETED,SYNTHETIC_OUTCOME
PAI-02966,2026-03-01,COMPLETED,SYNTHETIC_OUTCOME
PAI-02967,2026-03-01,COMPLETED,SYNTHETIC_OUTCOME
PAI-02968,2026-03-01,COMPLETED,SYNTHETIC_OUTCOME
PAI-02969,2026-03-01,TERMINATED,SYNTHETIC_OUTCOME
PAI-02970,2026-03-01,COMPLETED,SYNTHETIC_OUTCOME
PAI-02971,2026-03-01,COMPLETED,SYNTHETIC_OUTCOME
PAI-02972,2026-03-01,COMPLETED,SYNTHETIC_OUTCOME
PAI-02973,2026-03-01,COMPLETED,SYNTHETIC_OUTCOME
PAI-02974,2026-03-01,COMPLETED,SYNTHETIC_OUTCOME
PAI-02975,2026-03-01,TERMINATED,SYNTHETIC_OUTCOME
PAI-02976,2026-03-01,COMPLETED,SYNTHETIC_OUTCOME
PAI-02977,2026-03-01,FROZEN,SYNTHETIC_OUTCOME
PAI-02978,2026-03-01,COMPLETED,SYNTHETIC_OUTCOME
PAI-02979,2026-03-01,COMPLETED,SYNTHETIC_OUTCOME
PAI-02980,2026-03-01,COMPLETED,SYNTHETIC_OUTCOME
PAI-02981,2026-03-01,COMPLETED,SYNTHETIC_OUTCOME
PAI-02982,2026-03-01,DROPPED,SYNTHETIC_OUTCOME
PAI-02983,2026-03-01,COMPLETED,SYNTHETIC_OUTCOME
PAI-02984,2026-03-01,COMPLETED,SYNTHETIC_OUTCOME
PAI-02985,2026-03-01,COMPLETED,SYNTHETIC_OUTCOME
PAI-02986,2026-03-01,COMPLETED,SYNTHETIC_OUTCOME
PAI-02987,2026-03-01,COMPLETED,SYNTHETIC_OUTCOME
PAI-02988,2026-03-01,COMPLETED,SYNTHETIC_OUTCOME
PAI-02989,2026-03-01,FROZEN,SYNTHETIC_OUTCOME
PAI-02990,2026-03-01,COMPLETED,SYNTHETIC_OUTCOME
PAI-02991,2026-03-01,COMPLETED,SYNTHETIC_OUTCOME
PAI-02992,2026-03-01,COMPLETED,SYNTHETIC_OUTCOME
PAI-02993,2026-03-01,COMPLETED,SYNTHETIC_OUTCOME
PAI-02994,2026-03-01,COMPLETED,SYNTHETIC_OUTCOME
PAI-02995,2026-03-01,COMPLETED,SYNTHETIC_OUTCOME
PAI-02996,2026-03-01,DOWNGRADED,SYNTHETIC_OUTCOME
PAI-02997,2026-03-01,COMPLETED,SYNTHETIC_OUTCOME
PAI-02998,2026-03-01,COMPLETED,SYNTHETIC_OUTCOME
PAI-02999,2026-03-01,COMPLETED,SYNTHETIC_OUTCOME
PAI-03000,2026-03-01,COMPLETED,SYNTHETIC_OUTCOME
PAI-03001,2026-03-01,COMPLETED,SYNTHETIC_OUTCOME
PAI-03002,2026-03-01,COMPLETED,SYNTHETIC_OUTCOME
PAI-03003,2026-03-01,COMPLETED,SYNTHETIC_OUTCOME
PAI-03004,2026-03-01,COMPLETED,SYNTHETIC_OUTCOME
PAI-03005,2026-03-01,COMPLETED,SYNTHETIC_OUTCOME
PAI-03006,2026-03-01,COMPLETED,SYNTHETIC_OUTCOME
PAI-03007,2026-03-01,COMPLETED,SYNTHETIC_OUTCOME
PAI-03008,2026-03-01,COMPLETED,SYNTHETIC_OUTCOME
PAI-03009,2026-03-01,COMPLETED,SYNTHETIC_OUTCOME
PAI-03010,2026-03-01,COMPLETED,SYNTHETIC_OUTCOME
PAI-03011,2026-03-01,COMPLETED,SYNTHETIC_OUTCOME
PAI-03012,2026-03-01,COMPLETED,SYNTHETIC_OUTCOME
PAI-03013,2026-03-01,DROPPED,SYNTHETIC_OUTCOME
PAI-03014,2026-03-01,COMPLETED,SYNTHETIC_OUTCOME
PAI-03015,2026-03-01,DROPPED,SYNTHETIC_OUTCOME
PAI-03016,2026-03-01,COMPLETED,SYNTHETIC_OUTCOME
PAI-03017,2026-03-01,COMPLETED,SYNTHETIC_OUTCOME
PAI-03018,2026-03-01,COMPLETED,SYNTHETIC_OUTCOME
PAI-03019,2026-03-01,COMPLETED,SYNTHETIC_OUTCOME
PAI-03020,2026-03-01,COMPLETED,SYNTHETIC_OUTCOME
PAI-03021,2026-03-01,TERMINATED,SYNTHETIC_OUTCOME
PAI-03022,2026-03-01,COMPLETED,SYNTHETIC_OUTCOME
PAI-03023,2026-03-01,DOWNGRADED,SYNTHETIC_OUTCOME
PAI-03024,2026-03-01,COMPLETED,SYNTHETIC_OUTCOME
PAI-03025,2026-03-01,COMPLETED,SYNTHETIC_OUTCOME
PAI-03026,2026-03-01,COMPLETED,SYNTHETIC_OUTCOME
PAI-03027,2026-03-01,COMPLETED,SYNTHETIC_OUTCOME
PAI-03028,2026-03-01,FROZEN,SYNTHETIC_OUTCOME
PAI-03029,2026-03-01,FROZEN,SYNTHETIC_OUTCOME
PAI-03030,2026-03-01,COMPLETED,SYNTHETIC_OUTCOME
PAI-03031,2026-03-01,COMPLETED,SYNTHETIC_OUTCOME
PAI-03032,2026-03-01,COMPLETED,SYNTHETIC_OUTCOME
PAI-03033,2026-03-01,COMPLETED,SYNTHETIC_OUTCOME
PAI-03034,2026-03-01,COMPLETED,SYNTHETIC_OUTCOME
PAI-03035,2026-03-01,DOWNGRADED,SYNTHETIC_OUTCOME
PAI-03036,2026-03-01,COMPLETED,SYNTHETIC_OUTCOME
PAI-03037,2026-03-01,COMPLETED,SYNTHETIC_OUTCOME
PAI-03038,2026-03-01,COMPLETED,SYNTHETIC_OUTCOME
PAI-03039,2026-03-01,COMPLETED,SYNTHETIC_OUTCOME
PAI-03040,2026-03-01,COMPLETED,SYNTHETIC_OUTCOME
PAI-03041,2026-03-01,COMPLETED,SYNTHETIC_OUTCOME
PAI-03042,2026-03-01,COMPLETED,SYNTHETIC_OUTCOME
PAI-03043,2026-03-01,COMPLETED,SYNTHETIC_OUTCOME
PAI-03044,2026-03-01,COMPLETED,SYNTHETIC_OUTCOME
PAI-03045,2026-03-01,COMPLETED,SYNTHETIC_OUTCOME
PAI-03046,2026-03-01,CANCELLED,SYNTHETIC_OUTCOME
PAI-03047,2026-03-01,DOWNGRADED,SYNTHETIC_OUTCOME
PAI-03048,2026-03-01,COMPLETED,SYNTHETIC_OUTCOME
PAI-03049,2026-03-01,COMPLETED,SYNTHETIC_OUTCOME
PAI-03050,2026-03-01,COMPLETED,SYNTHETIC_OUTCOME
PAI-03051,2026-03-01,COMPLETED,SYNTHETIC_OUTCOME
PAI-03052,2026-03-01,COMPLETED,SYNTHETIC_OUTCOME
PAI-03053,2026-03-01,COMPLETED,SYNTHETIC_OUTCOME
PAI-03054,2026-03-01,COMPLETED,SYNTHETIC_OUTCOME
PAI-03055,2026-03-01,COMPLETED,SYNTHETIC_OUTCOME
PAI-03056,2026-03-01,COMPLETED,SYNTHETIC_OUTCOME
PAI-03057,2026-03-01,COMPLETED,SYNTHETIC_OUTCOME
PAI-03058,2026-03-01,TERMINATED,SYNTHETIC_OUTCOME
PAI-03059,2026-03-01,COMPLETED,SYNTHETIC_OUTCOME
PAI-03060,2026-03-01,COMPLETED,SYNTHETIC_OUTCOME
PAI-03061,2026-03-01,CANCELLED,SYNTHETIC_OUTCOME
PAI-03062,2026-03-01,DOWNGRADED,SYNTHETIC_OUTCOME
PAI-03063,2026-03-01,COMPLETED,SYNTHETIC_OUTCOME
PAI-03064,2026-03-01,COMPLETED,SYNTHETIC_OUTCOME
PAI-03065,2026-03-01,COMPLETED,SYNTHETIC_OUTCOME
PAI-03066,2026-03-01,COMPLETED,SYNTHETIC_OUTCOME
PAI-03067,2026-03-01,COMPLETED,SYNTHETIC_OUTCOME
PAI-03068,2026-03-01,DOWNGRADED,SYNTHETIC_OUTCOME
PAI-03069,2026-03-01,FROZEN,SYNTHETIC_OUTCOME
PAI-03070,2026-03-01,COMPLETED,SYNTHETIC_OUTCOME
PAI-03071,2026-03-01,DOWNGRADED,SYNTHETIC_OUTCOME
PAI-03072,2026-03-01,COMPLETED,SYNTHETIC_OUTCOME
PAI-03073,2026-03-01,COMPLETED,SYNTHETIC_OUTCOME
PAI-03074,2026-03-01,COMPLETED,SYNTHETIC_OUTCOME
PAI-03075,2026-03-01,COMPLETED,SYNTHETIC_OUTCOME
PAI-03076,2026-03-01,DOWNGRADED,SYNTHETIC_OUTCOME
PAI-03077,2026-03-01,COMPLETED,SYNTHETIC_OUTCOME
PAI-03078,2026-03-01,COMPLETED,SYNTHETIC_OUTCOME
PAI-03079,2026-03-01,COMPLETED,SYNTHETIC_OUTCOME
PAI-03080,2026-03-01,FROZEN,SYNTHETIC_OUTCOME
PAI-03081,2026-03-01,COMPLETED,SYNTHETIC_OUTCOME
PAI-03082,2026-03-01,COMPLETED,SYNTHETIC_OUTCOME
PAI-03083,2026-03-01,COMPLETED,SYNTHETIC_OUTCOME
PAI-03084,2026-03-01,COMPLETED,SYNTHETIC_OUTCOME
PAI-03085,2026-03-01,DOWNGRADED,SYNTHETIC_OUTCOME
PAI-03086,2026-03-01,DOWNGRADED,SYNTHETIC_OUTCOME
PAI-03087,2026-03-01,COMPLETED,SYNTHETIC_OUTCOME
PAI-03088,2026-03-01,COMPLETED,SYNTHETIC_OUTCOME
PAI-03089,2026-03-01,COMPLETED,SYNTHETIC_OUTCOME
PAI-03090,2026-03-01,COMPLETED,SYNTHETIC_OUTCOME
PAI-03091,2026-03-01,COMPLETED,SYNTHETIC_OUTCOME
PAI-03092,2026-03-01,COMPLETED,SYNTHETIC_OUTCOME
PAI-03093,2026-03-01,COMPLETED,SYNTHETIC_OUTCOME
PAI-03094,2026-03-01,COMPLETED,SYNTHETIC_OUTCOME
PAI-03095,2026-03-01,DROPPED,SYNTHETIC_OUTCOME
PAI-03096,2026-03-01,COMPLETED,SYNTHETIC_OUTCOME
PAI-03097,2026-03-01,COMPLETED,SYNTHETIC_OUTCOME
PAI-03098,2026-03-01,COMPLETED,SYNTHETIC_OUTCOME
PAI-03099,2026-03-01,COMPLETED,SYNTHETIC_OUTCOME
PAI-03100,2026-03-01,COMPLETED,SYNTHETIC_OUTCOME
PAI-03101,2026-03-01,COMPLETED,SYNTHETIC_OUTCOME
PAI-03102,2026-03-01,COMPLETED,SYNTHETIC_OUTCOME
PAI-03103,2026-03-01,COMPLETED,SYNTHETIC_OUTCOME
PAI-03104,2026-03-01,COMPLETED,SYNTHETIC_OUTCOME
PAI-03105,2026-03-01,COMPLETED,SYNTHETIC_OUTCOME
PAI-03106,2026-03-01,COMPLETED,SYNTHETIC_OUTCOME
PAI-03107,2026-03-01,COMPLETED,SYNTHETIC_OUTCOME
PAI-03108,2026-03-01,COMPLETED,SYNTHETIC_OUTCOME
PAI-03109,2026-03-01,ABANDONED,SYNTHETIC_OUTCOME
PAI-03110,2026-03-01,COMPLETED,SYNTHETIC_OUTCOME
PAI-03111,2026-03-01,FROZEN,SYNTHETIC_OUTCOME
PAI-03112,2026-03-01,COMPLETED,SYNTHETIC_OUTCOME
PAI-03113,2026-03-01,COMPLETED,SYNTHETIC_OUTCOME
PAI-03114,2026-03-01,COMPLETED,SYNTHETIC_OUTCOME
PAI-03115,2026-03-01,FROZEN,SYNTHETIC_OUTCOME
PAI-03116,2026-03-01,COMPLETED,SYNTHETIC_OUTCOME
PAI-03117,2026-03-01,COMPLETED,SYNTHETIC_OUTCOME
PAI-03118,2026-03-01,FROZEN,SYNTHETIC_OUTCOME
PAI-03119,2026-03-01,COMPLETED,SYNTHETIC_OUTCOME
PAI-03120,2026-03-01,COMPLETED,SYNTHETIC_OUTCOME
PAI-03121,2026-03-01,COMPLETED,SYNTHETIC_OUTCOME
PAI-03122,2026-03-01,COMPLETED,SYNTHETIC_OUTCOME
PAI-03123,2026-03-01,FROZEN,SYNTHETIC_OUTCOME
PAI-03124,2026-03-01,DOWNGRADED,SYNTHETIC_OUTCOME
PAI-03125,2026-03-01,TERMINATED,SYNTHETIC_OUTCOME
PAI-03126,2026-03-01,COMPLETED,SYNTHETIC_OUTCOME
PAI-03127,2026-03-01,COMPLETED,SYNTHETIC_OUTCOME
PAI-03128,2026-03-01,CANCELLED,SYNTHETIC_OUTCOME
PAI-03129,2026-03-01,COMPLETED,SYNTHETIC_OUTCOME
PAI-03130,2026-03-01,COMPLETED,SYNTHETIC_OUTCOME
PAI-03131,2026-03-01,DOWNGRADED,SYNTHETIC_OUTCOME
PAI-03132,2026-03-01,COMPLETED,SYNTHETIC_OUTCOME
PAI-03133,2026-03-01,COMPLETED,SYNTHETIC_OUTCOME
PAI-03134,2026-03-01,COMPLETED,SYNTHETIC_OUTCOME
PAI-03135,2026-03-01,DOWNGRADED,SYNTHETIC_OUTCOME
PAI-03136,2026-03-01,COMPLETED,SYNTHETIC_OUTCOME
PAI-03137,2026-03-01,COMPLETED,SYNTHETIC_OUTCOME
PAI-03138,2026-03-01,COMPLETED,SYNTHETIC_OUTCOME
PAI-03139,2026-03-01,TERMINATED,SYNTHETIC_OUTCOME
PAI-03140,2026-03-01,COMPLETED,SYNTHETIC_OUTCOME
PAI-03141,2026-03-01,COMPLETED,SYNTHETIC_OUTCOME
PAI-03142,2026-03-01,COMPLETED,SYNTHETIC_OUTCOME
PAI-03143,2026-03-01,COMPLETED,SYNTHETIC_OUTCOME
PAI-03144,2026-03-01,COMPLETED,SYNTHETIC_OUTCOME
PAI-03145,2026-03-01,COMPLETED,SYNTHETIC_OUTCOME
PAI-03146,2026-03-01,COMPLETED,SYNTHETIC_OUTCOME
PAI-03147,2026-03-01,COMPLETED,SYNTHETIC_OUTCOME
PAI-03148,2026-03-01,COMPLETED,SYNTHETIC_OUTCOME
PAI-03149,2026-03-01,CANCELLED,SYNTHETIC_OUTCOME
PAI-03150,2026-03-01,COMPLETED,SYNTHETIC_OUTCOME
PAI-03151,2026-03-01,COMPLETED,SYNTHETIC_OUTCOME
PAI-03152,2026-03-01,TERMINATED,SYNTHETIC_OUTCOME
PAI-03153,2026-03-01,COMPLETED,SYNTHETIC_OUTCOME
PAI-03154,2026-03-01,COMPLETED,SYNTHETIC_OUTCOME
PAI-03155,2026-03-01,COMPLETED,SYNTHETIC_OUTCOME
PAI-03156,2026-03-01,COMPLETED,SYNTHETIC_OUTCOME
PAI-03157,2026-03-01,COMPLETED,SYNTHETIC_OUTCOME
PAI-03158,2026-03-01,COMPLETED,SYNTHETIC_OUTCOME
PAI-03159,2026-03-01,COMPLETED,SYNTHETIC_OUTCOME
PAI-03160,2026-03-01,COMPLETED,SYNTHETIC_OUTCOME
PAI-03161,2026-03-01,FROZEN,SYNTHETIC_OUTCOME
PAI-03162,2026-03-01,DOWNGRADED,SYNTHETIC_OUTCOME
PAI-03163,2026-03-01,COMPLETED,SYNTHETIC_OUTCOME
PAI-03164,2026-03-01,ABANDONED,SYNTHETIC_OUTCOME
PAI-03165,2026-03-01,COMPLETED,SYNTHETIC_OUTCOME
PAI-03166,2026-03-01,COMPLETED,SYNTHETIC_OUTCOME
PAI-03167,2026-03-01,COMPLETED,SYNTHETIC_OUTCOME
PAI-03168,2026-03-01,DOWNGRADED,SYNTHETIC_OUTCOME
PAI-03169,2026-03-01,COMPLETED,SYNTHETIC_OUTCOME
PAI-03170,2026-03-01,COMPLETED,SYNTHETIC_OUTCOME
PAI-03171,2026-03-01,COMPLETED,SYNTHETIC_OUTCOME
PAI-03172,2026-03-01,TERMINATED,SYNTHETIC_OUTCOME
PAI-03173,2026-03-01,COMPLETED,SYNTHETIC_OUTCOME
PAI-03174,2026-03-01,DOWNGRADED,SYNTHETIC_OUTCOME
PAI-03175,2026-03-01,COMPLETED,SYNTHETIC_OUTCOME
PAI-03176,2026-03-01,DOWNGRADED,SYNTHETIC_OUTCOME
PAI-03177,2026-03-01,DOWNGRADED,SYNTHETIC_OUTCOME
PAI-03178,2026-03-01,COMPLETED,SYNTHETIC_OUTCOME
PAI-03179,2026-03-01,COMPLETED,SYNTHETIC_OUTCOME
PAI-03180,2026-03-01,TERMINATED,SYNTHETIC_OUTCOME
PAI-03181,2026-03-01,COMPLETED,SYNTHETIC_OUTCOME
PAI-03182,2026-03-01,DOWNGRADED,SYNTHETIC_OUTCOME
PAI-03183,2026-03-01,TERMINATED,SYNTHETIC_OUTCOME
PAI-03184,2026-03-01,COMPLETED,SYNTHETIC_OUTCOME
PAI-03185,2026-03-01,COMPLETED,SYNTHETIC_OUTCOME
PAI-03186,2026-03-01,COMPLETED,SYNTHETIC_OUTCOME
PAI-03187,2026-03-01,COMPLETED,SYNTHETIC_OUTCOME
PAI-03188,2026-03-01,COMPLETED,SYNTHETIC_OUTCOME
PAI-03189,2026-03-01,FROZEN,SYNTHETIC_OUTCOME
PAI-03190,2026-03-01,COMPLETED,SYNTHETIC_OUTCOME
PAI-03191,2026-03-01,COMPLETED,SYNTHETIC_OUTCOME
PAI-03192,2026-03-01,COMPLETED,SYNTHETIC_OUTCOME
PAI-03193,2026-03-01,COMPLETED,SYNTHETIC_OUTCOME
PAI-03194,2026-03-01,COMPLETED,SYNTHETIC_OUTCOME
PAI-03195,2026-03-01,COMPLETED,SYNTHETIC_OUTCOME
PAI-03196,2026-03-01,COMPLETED,SYNTHETIC_OUTCOME
PAI-03197,2026-03-01,FROZEN,SYNTHETIC_OUTCOME
PAI-03198,2026-03-01,COMPLETED,SYNTHETIC_OUTCOME
PAI-03199,2026-03-01,DOWNGRADED,SYNTHETIC_OUTCOME
PAI-03200,2026-03-01,COMPLETED,SYNTHETIC_OUTCOME
PAI-03201,2026-03-01,COMPLETED,SYNTHETIC_OUTCOME
PAI-03202,2026-03-01,COMPLETED,SYNTHETIC_OUTCOME
PAI-03203,2026-03-01,COMPLETED,SYNTHETIC_OUTCOME
PAI-03204,2026-03-01,COMPLETED,SYNTHETIC_OUTCOME
PAI-03205,2026-03-01,COMPLETED,SYNTHETIC_OUTCOME
PAI-03206,2026-03-01,COMPLETED,SYNTHETIC_OUTCOME
PAI-03207,2026-03-01,COMPLETED,SYNTHETIC_OUTCOME
PAI-03208,2026-03-01,DROPPED,SYNTHETIC_OUTCOME
PAI-03209,2026-03-01,COMPLETED,SYNTHETIC_OUTCOME
PAI-03210,2026-03-01,COMPLETED,SYNTHETIC_OUTCOME
PAI-03211,2026-03-01,COMPLETED,SYNTHETIC_OUTCOME
PAI-03212,2026-03-01,COMPLETED,SYNTHETIC_OUTCOME
PAI-03213,2026-03-01,COMPLETED,SYNTHETIC_OUTCOME
PAI-03214,2026-03-01,TERMINATED,SYNTHETIC_OUTCOME
PAI-03215,2026-03-01,COMPLETED,SYNTHETIC_OUTCOME
PAI-03216,2026-03-01,COMPLETED,SYNTHETIC_OUTCOME
PAI-03217,2026-03-01,COMPLETED,SYNTHETIC_OUTCOME
PAI-03218,2026-03-01,FROZEN,SYNTHETIC_OUTCOME
PAI-03219,2026-03-01,COMPLETED,SYNTHETIC_OUTCOME
PAI-03220,2026-03-01,COMPLETED,SYNTHETIC_OUTCOME
PAI-03221,2026-03-01,FROZEN,SYNTHETIC_OUTCOME
PAI-03222,2026-03-01,COMPLETED,SYNTHETIC_OUTCOME
PAI-03223,2026-03-01,FROZEN,SYNTHETIC_OUTCOME
PAI-03224,2026-03-01,COMPLETED,SYNTHETIC_OUTCOME
PAI-03225,2026-03-01,COMPLETED,SYNTHETIC_OUTCOME
PAI-03226,2026-03-01,COMPLETED,SYNTHETIC_OUTCOME
PAI-03227,2026-03-01,COMPLETED,SYNTHETIC_OUTCOME
PAI-03228,2026-03-01,COMPLETED,SYNTHETIC_OUTCOME
PAI-03229,2026-03-01,COMPLETED,SYNTHETIC_OUTCOME
PAI-03230,2026-03-01,TERMINATED,SYNTHETIC_OUTCOME
PAI-03231,2026-03-01,COMPLETED,SYNTHETIC_OUTCOME
PAI-03232,2026-03-01,COMPLETED,SYNTHETIC_OUTCOME
PAI-03233,2026-03-01,COMPLETED,SYNTHETIC_OUTCOME
PAI-03234,2026-03-01,COMPLETED,SYNTHETIC_OUTCOME
PAI-03235,2026-03-01,COMPLETED,SYNTHETIC_OUTCOME
PAI-03236,2026-03-01,DOWNGRADED,SYNTHETIC_OUTCOME
PAI-03237,2026-03-01,COMPLETED,SYNTHETIC_OUTCOME
PAI-03238,2026-03-01,DROPPED,SYNTHETIC_OUTCOME
PAI-03239,2026-03-01,COMPLETED,SYNTHETIC_OUTCOME
PAI-03240,2026-03-01,COMPLETED,SYNTHETIC_OUTCOME
PAI-03241,2026-03-01,COMPLETED,SYNTHETIC_OUTCOME
PAI-03242,2026-03-01,COMPLETED,SYNTHETIC_OUTCOME
PAI-03243,2026-03-01,COMPLETED,SYNTHETIC_OUTCOME
PAI-03244,2026-03-01,COMPLETED,SYNTHETIC_OUTCOME
PAI-03245,2026-03-01,COMPLETED,SYNTHETIC_OUTCOME
PAI-03246,2026-03-01,COMPLETED,SYNTHETIC_OUTCOME
PAI-03247,2026-03-01,COMPLETED,SYNTHETIC_OUTCOME
PAI-03248,2026-03-01,FROZEN,SYNTHETIC_OUTCOME
PAI-03249,2026-03-01,COMPLETED,SYNTHETIC_OUTCOME
PAI-03250,2026-03-01,COMPLETED,SYNTHETIC_OUTCOME
PAI-03251,2026-03-01,COMPLETED,SYNTHETIC_OUTCOME
PAI-03252,2026-03-01,COMPLETED,SYNTHETIC_OUTCOME
PAI-03253,2026-03-01,COMPLETED,SYNTHETIC_OUTCOME
PAI-03254,2026-03-01,COMPLETED,SYNTHETIC_OUTCOME
PAI-03255,2026-03-01,COMPLETED,SYNTHETIC_OUTCOME
PAI-03256,2026-03-01,COMPLETED,SYNTHETIC_OUTCOME
PAI-03257,2026-03-01,COMPLETED,SYNTHETIC_OUTCOME
PAI-03258,2026-03-01,COMPLETED,SYNTHETIC_OUTCOME
PAI-03259,2026-03-01,COMPLETED,SYNTHETIC_OUTCOME
PAI-03260,2026-03-01,TERMINATED,SYNTHETIC_OUTCOME
PAI-03261,2026-03-01,COMPLETED,SYNTHETIC_OUTCOME
PAI-03262,2026-03-01,COMPLETED,SYNTHETIC_OUTCOME
PAI-03263,2026-03-01,TERMINATED,SYNTHETIC_OUTCOME
PAI-03264,2026-03-01,CANCELLED,SYNTHETIC_OUTCOME
PAI-03265,2026-03-01,CANCELLED,SYNTHETIC_OUTCOME
PAI-03266,2026-03-01,COMPLETED,SYNTHETIC_OUTCOME
PAI-03267,2026-03-01,COMPLETED,SYNTHETIC_OUTCOME
PAI-03268,2026-03-01,FROZEN,SYNTHETIC_OUTCOME
PAI-03269,2026-03-01,COMPLETED,SYNTHETIC_OUTCOME
PAI-03270,2026-03-01,DOWNGRADED,SYNTHETIC_OUTCOME
PAI-03271,2026-03-01,COMPLETED,SYNTHETIC_OUTCOME
PAI-03272,2026-03-01,COMPLETED,SYNTHETIC_OUTCOME
PAI-03273,2026-03-01,DOWNGRADED,SYNTHETIC_OUTCOME
PAI-03274,2026-03-01,COMPLETED,SYNTHETIC_OUTCOME
PAI-03275,2026-03-01,COMPLETED,SYNTHETIC_OUTCOME
PAI-03276,2026-03-01,COMPLETED,SYNTHETIC_OUTCOME
PAI-03277,2026-03-01,COMPLETED,SYNTHETIC_OUTCOME
PAI-03278,2026-03-01,COMPLETED,SYNTHETIC_OUTCOME
PAI-03279,2026-03-01,FROZEN,SYNTHETIC_OUTCOME
PAI-03280,2026-03-01,COMPLETED,SYNTHETIC_OUTCOME
PAI-03281,2026-03-01,DROPPED,SYNTHETIC_OUTCOME
PAI-03282,2026-03-01,COMPLETED,SYNTHETIC_OUTCOME
PAI-03283,2026-03-01,ABANDONED,SYNTHETIC_OUTCOME
PAI-03284,2026-03-01,COMPLETED,SYNTHETIC_OUTCOME
PAI-03285,2026-03-01,COMPLETED,SYNTHETIC_OUTCOME
PAI-03286,2026-03-01,DOWNGRADED,SYNTHETIC_OUTCOME
PAI-03287,2026-03-01,COMPLETED,SYNTHETIC_OUTCOME
PAI-03288,2026-03-01,COMPLETED,SYNTHETIC_OUTCOME
PAI-03289,2026-03-01,COMPLETED,SYNTHETIC_OUTCOME
PAI-03290,2026-03-01,COMPLETED,SYNTHETIC_OUTCOME
PAI-03291,2026-03-01,DOWNGRADED,SYNTHETIC_OUTCOME
PAI-03292,2026-03-01,COMPLETED,SYNTHETIC_OUTCOME
PAI-03293,2026-03-01,COMPLETED,SYNTHETIC_OUTCOME
PAI-03294,2026-03-01,COMPLETED,SYNTHETIC_OUTCOME
PAI-03295,2026-03-01,COMPLETED,SYNTHETIC_OUTCOME
PAI-03296,2026-03-01,COMPLETED,SYNTHETIC_OUTCOME
PAI-03297,2026-03-01,COMPLETED,SYNTHETIC_OUTCOME
PAI-03298,2026-03-01,COMPLETED,SYNTHETIC_OUTCOME
PAI-03299,2026-03-01,ABANDONED,SYNTHETIC_OUTCOME
PAI-03300,2026-03-01,COMPLETED,SYNTHETIC_OUTCOME
PAI-03301,2026-03-01,COMPLETED,SYNTHETIC_OUTCOME
PAI-03302,2026-03-01,COMPLETED,SYNTHETIC_OUTCOME
PAI-03303,2026-03-01,COMPLETED,SYNTHETIC_OUTCOME
PAI-03304,2026-03-01,COMPLETED,SYNTHETIC_OUTCOME
PAI-03305,2026-03-01,COMPLETED,SYNTHETIC_OUTCOME
PAI-03306,2026-03-01,COMPLETED,SYNTHETIC_OUTCOME
PAI-03307,2026-03-01,COMPLETED,SYNTHETIC_OUTCOME
PAI-03308,2026-03-01,DOWNGRADED,SYNTHETIC_OUTCOME
PAI-03309,2026-03-01,DOWNGRADED,SYNTHETIC_OUTCOME
PAI-03310,2026-03-01,FROZEN,SYNTHETIC_OUTCOME
PAI-03311,2026-03-01,COMPLETED,SYNTHETIC_OUTCOME
PAI-03312,2026-03-01,COMPLETED,SYNTHETIC_OUTCOME
PAI-03313,2026-03-01,COMPLETED,SYNTHETIC_OUTCOME
PAI-03314,2026-03-01,ABANDONED,SYNTHETIC_OUTCOME
PAI-03315,2026-03-01,COMPLETED,SYNTHETIC_OUTCOME
PAI-03316,2026-03-01,DOWNGRADED,SYNTHETIC_OUTCOME
PAI-03317,2026-03-01,COMPLETED,SYNTHETIC_OUTCOME
PAI-03318,2026-03-01,COMPLETED,SYNTHETIC_OUTCOME
PAI-03319,2026-03-01,COMPLETED,SYNTHETIC_OUTCOME
PAI-03320,2026-03-01,COMPLETED,SYNTHETIC_OUTCOME
PAI-03321,2026-03-01,COMPLETED,SYNTHETIC_OUTCOME
PAI-03322,2026-03-01,COMPLETED,SYNTHETIC_OUTCOME
PAI-03323,2026-03-01,CANCELLED,SYNTHETIC_OUTCOME
PAI-03324,2026-03-01,COMPLETED,SYNTHETIC_OUTCOME
PAI-03325,2026-03-01,COMPLETED,SYNTHETIC_OUTCOME
PAI-03326,2026-03-01,COMPLETED,SYNTHETIC_OUTCOME
PAI-03327,2026-03-01,COMPLETED,SYNTHETIC_OUTCOME
PAI-03328,2026-03-01,COMPLETED,SYNTHETIC_OUTCOME
PAI-03329,2026-03-01,COMPLETED,SYNTHETIC_OUTCOME
PAI-03330,2026-03-01,COMPLETED,SYNTHETIC_OUTCOME
PAI-03331,2026-03-01,COMPLETED,SYNTHETIC_OUTCOME
PAI-03332,2026-03-01,COMPLETED,SYNTHETIC_OUTCOME
PAI-03333,2026-03-01,COMPLETED,SYNTHETIC_OUTCOME
PAI-03334,2026-03-01,COMPLETED,SYNTHETIC_OUTCOME
PAI-03335,2026-03-01,COMPLETED,SYNTHETIC_OUTCOME
PAI-03336,2026-03-01,COMPLETED,SYNTHETIC_OUTCOME
PAI-03337,2026-03-01,COMPLETED,SYNTHETIC_OUTCOME
PAI-03338,2026-03-01,COMPLETED,SYNTHETIC_OUTCOME
PAI-03339,2026-03-01,COMPLETED,SYNTHETIC_OUTCOME
PAI-03340,2026-03-01,COMPLETED,SYNTHETIC_OUTCOME
PAI-03341,2026-03-01,CANCELLED,SYNTHETIC_OUTCOME
PAI-03342,2026-03-01,COMPLETED,SYNTHETIC_OUTCOME
PAI-03343,2026-03-01,TERMINATED,SYNTHETIC_OUTCOME
PAI-03344,2026-03-01,COMPLETED,SYNTHETIC_OUTCOME
PAI-03345,2026-03-01,DROPPED,SYNTHETIC_OUTCOME
PAI-03346,2026-03-01,COMPLETED,SYNTHETIC_OUTCOME
PAI-03347,2026-03-01,COMPLETED,SYNTHETIC_OUTCOME
PAI-03348,2026-03-01,COMPLETED,SYNTHETIC_OUTCOME
PAI-03349,2026-03-01,COMPLETED,SYNTHETIC_OUTCOME
PAI-03350,2026-03-01,COMPLETED,SYNTHETIC_OUTCOME
PAI-03351,2026-03-01,COMPLETED,SYNTHETIC_OUTCOME
PAI-03352,2026-03-01,COMPLETED,SYNTHETIC_OUTCOME
PAI-03353,2026-03-01,DOWNGRADED,SYNTHETIC_OUTCOME
PAI-03354,2026-03-01,COMPLETED,SYNTHETIC_OUTCOME
PAI-03355,2026-03-01,TERMINATED,SYNTHETIC_OUTCOME
PAI-03356,2026-03-01,DOWNGRADED,SYNTHETIC_OUTCOME
PAI-03357,2026-03-01,COMPLETED,SYNTHETIC_OUTCOME
PAI-03358,2026-03-01,COMPLETED,SYNTHETIC_OUTCOME
PAI-03359,2026-03-01,COMPLETED,SYNTHETIC_OUTCOME
PAI-03360,2026-03-01,COMPLETED,SYNTHETIC_OUTCOME
PAI-03361,2026-03-01,TERMINATED,SYNTHETIC_OUTCOME
PAI-03362,2026-03-01,COMPLETED,SYNTHETIC_OUTCOME
PAI-03363,2026-03-01,ABANDONED,SYNTHETIC_OUTCOME
PAI-03364,2026-03-01,COMPLETED,SYNTHETIC_OUTCOME
PAI-03365,2026-03-01,COMPLETED,SYNTHETIC_OUTCOME
PAI-03366,2026-03-01,COMPLETED,SYNTHETIC_OUTCOME
PAI-03367,2026-03-01,COMPLETED,SYNTHETIC_OUTCOME
PAI-03368,2026-03-01,COMPLETED,SYNTHETIC_OUTCOME
PAI-03369,2026-03-01,COMPLETED,SYNTHETIC_OUTCOME
PAI-03370,2026-03-01,COMPLETED,SYNTHETIC_OUTCOME
PAI-03371,2026-03-01,COMPLETED,SYNTHETIC_OUTCOME
PAI-03372,2026-03-01,COMPLETED,SYNTHETIC_OUTCOME
PAI-03373,2026-03-01,FROZEN,SYNTHETIC_OUTCOME
PAI-03374,2026-03-01,COMPLETED,SYNTHETIC_OUTCOME
PAI-03375,2026-03-01,COMPLETED,SYNTHETIC_OUTCOME
PAI-03376,2026-03-01,COMPLETED,SYNTHETIC_OUTCOME
PAI-03377,2026-03-01,COMPLETED,SYNTHETIC_OUTCOME
PAI-03378,2026-03-01,COMPLETED,SYNTHETIC_OUTCOME
PAI-03379,2026-03-01,COMPLETED,SYNTHETIC_OUTCOME
PAI-03380,2026-03-01,COMPLETED,SYNTHETIC_OUTCOME
PAI-03381,2026-03-01,COMPLETED,SYNTHETIC_OUTCOME
PAI-03382,2026-03-01,COMPLETED,SYNTHETIC_OUTCOME
PAI-03383,2026-03-01,COMPLETED,SYNTHETIC_OUTCOME
PAI-03384,2026-03-01,DOWNGRADED,SYNTHETIC_OUTCOME
PAI-03385,2026-03-01,COMPLETED,SYNTHETIC_OUTCOME
PAI-03386,2026-03-01,COMPLETED,SYNTHETIC_OUTCOME
PAI-03387,2026-03-01,COMPLETED,SYNTHETIC_OUTCOME
PAI-03388,2026-03-01,COMPLETED,SYNTHETIC_OUTCOME
PAI-03389,2026-03-01,COMPLETED,SYNTHETIC_OUTCOME
PAI-03390,2026-03-01,COMPLETED,SYNTHETIC_OUTCOME
PAI-03391,2026-03-01,COMPLETED,SYNTHETIC_OUTCOME
PAI-03392,2026-03-01,COMPLETED,SYNTHETIC_OUTCOME
PAI-03393,2026-03-01,DOWNGRADED,SYNTHETIC_OUTCOME
PAI-03394,2026-03-01,COMPLETED,SYNTHETIC_OUTCOME
PAI-03395,2026-03-01,COMPLETED,SYNTHETIC_OUTCOME
PAI-03396,2026-03-01,COMPLETED,SYNTHETIC_OUTCOME
PAI-03397,2026-03-01,COMPLETED,SYNTHETIC_OUTCOME
PAI-03398,2026-03-01,COMPLETED,SYNTHETIC_OUTCOME
PAI-03399,2026-03-01,COMPLETED,SYNTHETIC_OUTCOME
PAI-03400,2026-03-01,COMPLETED,SYNTHETIC_OUTCOME
PAI-03401,2026-03-01,FROZEN,SYNTHETIC_OUTCOME
PAI-03402,2026-03-01,COMPLETED,SYNTHETIC_OUTCOME
PAI-03403,2026-03-01,COMPLETED,SYNTHETIC_OUTCOME
PAI-03404,2026-03-01,COMPLETED,SYNTHETIC_OUTCOME
PAI-03405,2026-03-01,FROZEN,SYNTHETIC_OUTCOME
PAI-03406,2026-03-01,COMPLETED,SYNTHETIC_OUTCOME
PAI-03407,2026-03-01,COMPLETED,SYNTHETIC_OUTCOME
PAI-03408,2026-03-01,COMPLETED,SYNTHETIC_OUTCOME
PAI-03409,2026-03-01,COMPLETED,SYNTHETIC_OUTCOME
PAI-03410,2026-03-01,COMPLETED,SYNTHETIC_OUTCOME
PAI-03411,2026-03-01,COMPLETED,SYNTHETIC_OUTCOME
PAI-03412,2026-03-01,FROZEN,SYNTHETIC_OUTCOME
PAI-03413,2026-03-01,FROZEN,SYNTHETIC_OUTCOME
PAI-03414,2026-03-01,FROZEN,SYNTHETIC_OUTCOME
PAI-03415,2026-03-01,COMPLETED,SYNTHETIC_OUTCOME
PAI-03416,2026-03-01,COMPLETED,SYNTHETIC_OUTCOME
PAI-03417,2026-03-01,COMPLETED,SYNTHETIC_OUTCOME
PAI-03418,2026-03-01,COMPLETED,SYNTHETIC_OUTCOME
PAI-03419,2026-03-01,COMPLETED,SYNTHETIC_OUTCOME
PAI-03420,2026-03-01,COMPLETED,SYNTHETIC_OUTCOME
PAI-03421,2026-03-01,COMPLETED,SYNTHETIC_OUTCOME
PAI-03422,2026-03-01,COMPLETED,SYNTHETIC_OUTCOME
PAI-03423,2026-03-01,COMPLETED,SYNTHETIC_OUTCOME
PAI-03424,2026-03-01,COMPLETED,SYNTHETIC_OUTCOME
PAI-03425,2026-03-01,COMPLETED,SYNTHETIC_OUTCOME
PAI-03426,2026-03-01,COMPLETED,SYNTHETIC_OUTCOME
PAI-03427,2026-03-01,ABANDONED,SYNTHETIC_OUTCOME
PAI-03428,2026-03-01,COMPLETED,SYNTHETIC_OUTCOME
PAI-03429,2026-03-01,COMPLETED,SYNTHETIC_OUTCOME
PAI-03430,2026-03-01,COMPLETED,SYNTHETIC_OUTCOME
PAI-03431,2026-03-01,COMPLETED,SYNTHETIC_OUTCOME
PAI-03432,2026-03-01,COMPLETED,SYNTHETIC_OUTCOME
PAI-03433,2026-03-01,COMPLETED,SYNTHETIC_OUTCOME
PAI-03434,2026-03-01,COMPLETED,SYNTHETIC_OUTCOME
PAI-03435,2026-03-01,COMPLETED,SYNTHETIC_OUTCOME
PAI-03436,2026-03-01,COMPLETED,SYNTHETIC_OUTCOME
PAI-03437,2026-03-01,COMPLETED,SYNTHETIC_OUTCOME
PAI-03438,2026-03-01,DOWNGRADED,SYNTHETIC_OUTCOME
PAI-03439,2026-03-01,COMPLETED,SYNTHETIC_OUTCOME
PAI-03440,2026-03-01,COMPLETED,SYNTHETIC_OUTCOME
PAI-03441,2026-03-01,COMPLETED,SYNTHETIC_OUTCOME
PAI-03442,2026-03-01,COMPLETED,SYNTHETIC_OUTCOME
PAI-03443,2026-03-01,COMPLETED,SYNTHETIC_OUTCOME
PAI-03444,2026-03-01,COMPLETED,SYNTHETIC_OUTCOME
PAI-03445,2026-03-01,COMPLETED,SYNTHETIC_OUTCOME
PAI-03446,2026-03-01,COMPLETED,SYNTHETIC_OUTCOME
PAI-03447,2026-03-01,COMPLETED,SYNTHETIC_OUTCOME
PAI-03448,2026-03-01,ABANDONED,SYNTHETIC_OUTCOME
PAI-03449,2026-03-01,COMPLETED,SYNTHETIC_OUTCOME
PAI-03450,2026-03-01,COMPLETED,SYNTHETIC_OUTCOME
PAI-03451,2026-03-01,COMPLETED,SYNTHETIC_OUTCOME
PAI-03452,2026-03-01,DOWNGRADED,SYNTHETIC_OUTCOME
PAI-03453,2026-03-01,DOWNGRADED,SYNTHETIC_OUTCOME
PAI-03454,2026-03-01,COMPLETED,SYNTHETIC_OUTCOME
PAI-03455,2026-03-01,COMPLETED,SYNTHETIC_OUTCOME
PAI-03456,2026-03-01,FROZEN,SYNTHETIC_OUTCOME
PAI-03457,2026-03-01,COMPLETED,SYNTHETIC_OUTCOME
PAI-03458,2026-03-01,COMPLETED,SYNTHETIC_OUTCOME
PAI-03459,2026-03-01,COMPLETED,SYNTHETIC_OUTCOME
PAI-03460,2026-03-01,COMPLETED,SYNTHETIC_OUTCOME
PAI-03461,2026-03-01,COMPLETED,SYNTHETIC_OUTCOME
PAI-03462,2026-03-01,COMPLETED,SYNTHETIC_OUTCOME
PAI-03463,2026-03-01,COMPLETED,SYNTHETIC_OUTCOME
PAI-03464,2026-03-01,DROPPED,SYNTHETIC_OUTCOME
PAI-03465,2026-03-01,COMPLETED,SYNTHETIC_OUTCOME
PAI-03466,2026-03-01,COMPLETED,SYNTHETIC_OUTCOME
PAI-03467,2026-03-01,COMPLETED,SYNTHETIC_OUTCOME
PAI-03468,2026-03-01,COMPLETED,SYNTHETIC_OUTCOME
PAI-03469,2026-03-01,FROZEN,SYNTHETIC_OUTCOME
PAI-03470,2026-03-01,DOWNGRADED,SYNTHETIC_OUTCOME
PAI-03471,2026-03-01,COMPLETED,SYNTHETIC_OUTCOME
PAI-03472,2026-03-01,COMPLETED,SYNTHETIC_OUTCOME
PAI-03473,2026-03-01,DOWNGRADED,SYNTHETIC_OUTCOME
PAI-03474,2026-03-01,COMPLETED,SYNTHETIC_OUTCOME
PAI-03475,2026-03-01,COMPLETED,SYNTHETIC_OUTCOME
PAI-03476,2026-03-01,COMPLETED,SYNTHETIC_OUTCOME
PAI-03477,2026-03-01,COMPLETED,SYNTHETIC_OUTCOME
PAI-03478,2026-03-01,COMPLETED,SYNTHETIC_OUTCOME
PAI-03479,2026-03-01,COMPLETED,SYNTHETIC_OUTCOME
PAI-03480,2026-03-01,COMPLETED,SYNTHETIC_OUTCOME
PAI-03481,2026-03-01,FROZEN,SYNTHETIC_OUTCOME
PAI-03482,2026-03-01,COMPLETED,SYNTHETIC_OUTCOME
PAI-03483,2026-03-01,COMPLETED,SYNTHETIC_OUTCOME
PAI-03484,2026-03-01,COMPLETED,SYNTHETIC_OUTCOME
PAI-03485,2026-03-01,TERMINATED,SYNTHETIC_OUTCOME
PAI-03486,2026-03-01,COMPLETED,SYNTHETIC_OUTCOME
PAI-03487,2026-03-01,TERMINATED,SYNTHETIC_OUTCOME
PAI-03488,2026-03-01,DOWNGRADED,SYNTHETIC_OUTCOME
PAI-03489,2026-03-01,COMPLETED,SYNTHETIC_OUTCOME
PAI-03490,2026-03-01,COMPLETED,SYNTHETIC_OUTCOME
PAI-03491,2026-03-01,DOWNGRADED,SYNTHETIC_OUTCOME
PAI-03492,2026-03-01,COMPLETED,SYNTHETIC_OUTCOME
PAI-03493,2026-03-01,COMPLETED,SYNTHETIC_OUTCOME
PAI-03494,2026-03-01,COMPLETED,SYNTHETIC_OUTCOME
PAI-03495,2026-03-01,COMPLETED,SYNTHETIC_OUTCOME
PAI-03496,2026-03-01,COMPLETED,SYNTHETIC_OUTCOME
PAI-03497,2026-03-01,COMPLETED,SYNTHETIC_OUTCOME
PAI-03498,2026-03-01,COMPLETED,SYNTHETIC_OUTCOME
PAI-03499,2026-03-01,COMPLETED,SYNTHETIC_OUTCOME
PAI-03500,2026-03-01,COMPLETED,SYNTHETIC_OUTCOME
PAI-03501,2026-03-01,COMPLETED,SYNTHETIC_OUTCOME
PAI-03502,2026-03-01,COMPLETED,SYNTHETIC_OUTCOME
PAI-03503,2026-03-01,COMPLETED,SYNTHETIC_OUTCOME
PAI-03504,2026-03-01,DOWNGRADED,SYNTHETIC_OUTCOME
PAI-03505,2026-03-01,COMPLETED,SYNTHETIC_OUTCOME
PAI-03506,2026-03-01,COMPLETED,SYNTHETIC_OUTCOME
PAI-03507,2026-03-01,FROZEN,SYNTHETIC_OUTCOME
PAI-03508,2026-03-01,COMPLETED,SYNTHETIC_OUTCOME
PAI-03509,2026-03-01,COMPLETED,SYNTHETIC_OUTCOME
PAI-03510,2026-03-01,COMPLETED,SYNTHETIC_OUTCOME
PAI-03511,2026-03-01,COMPLETED,SYNTHETIC_OUTCOME
PAI-03512,2026-03-01,FROZEN,SYNTHETIC_OUTCOME
PAI-03513,2026-03-01,COMPLETED,SYNTHETIC_OUTCOME
PAI-03514,2026-03-01,FROZEN,SYNTHETIC_OUTCOME
PAI-03515,2026-03-01,FROZEN,SYNTHETIC_OUTCOME
PAI-03516,2026-03-01,TERMINATED,SYNTHETIC_OUTCOME
PAI-03517,2026-03-01,COMPLETED,SYNTHETIC_OUTCOME
PAI-03518,2026-03-01,COMPLETED,SYNTHETIC_OUTCOME
PAI-03519,2026-03-01,COMPLETED,SYNTHETIC_OUTCOME
PAI-03520,2026-03-01,COMPLETED,SYNTHETIC_OUTCOME
PAI-03521,2026-03-01,COMPLETED,SYNTHETIC_OUTCOME
PAI-03522,2026-03-01,COMPLETED,SYNTHETIC_OUTCOME
PAI-03523,2026-03-01,COMPLETED,SYNTHETIC_OUTCOME
PAI-03524,2026-03-01,COMPLETED,SYNTHETIC_OUTCOME
PAI-03525,2026-03-01,COMPLETED,SYNTHETIC_OUTCOME
PAI-03526,2026-03-01,FROZEN,SYNTHETIC_OUTCOME
PAI-03527,2026-03-01,COMPLETED,SYNTHETIC_OUTCOME
PAI-03528,2026-03-01,COMPLETED,SYNTHETIC_OUTCOME
PAI-03529,2026-03-01,COMPLETED,SYNTHETIC_OUTCOME
PAI-03530,2026-03-01,COMPLETED,SYNTHETIC_OUTCOME
PAI-03531,2026-03-01,COMPLETED,SYNTHETIC_OUTCOME
PAI-03532,2026-03-01,COMPLETED,SYNTHETIC_OUTCOME
PAI-03533,2026-03-01,COMPLETED,SYNTHETIC_OUTCOME
PAI-03534,2026-03-01,COMPLETED,SYNTHETIC_OUTCOME
PAI-03535,2026-03-01,DOWNGRADED,SYNTHETIC_OUTCOME
PAI-03536,2026-03-01,COMPLETED,SYNTHETIC_OUTCOME
PAI-03537,2026-03-01,COMPLETED,SYNTHETIC_OUTCOME
PAI-03538,2026-03-01,COMPLETED,SYNTHETIC_OUTCOME
PAI-03539,2026-03-01,COMPLETED,SYNTHETIC_OUTCOME
PAI-03540,2026-03-01,COMPLETED,SYNTHETIC_OUTCOME
PAI-03541,2026-03-01,COMPLETED,SYNTHETIC_OUTCOME
PAI-03542,2026-03-01,CANCELLED,SYNTHETIC_OUTCOME
PAI-03543,2026-03-01,COMPLETED,SYNTHETIC_OUTCOME
PAI-03544,2026-03-01,COMPLETED,SYNTHETIC_OUTCOME
PAI-03545,2026-03-01,COMPLETED,SYNTHETIC_OUTCOME
PAI-03546,2026-03-01,COMPLETED,SYNTHETIC_OUTCOME
PAI-03547,2026-03-01,COMPLETED,SYNTHETIC_OUTCOME
PAI-03548,2026-03-01,COMPLETED,SYNTHETIC_OUTCOME
PAI-03549,2026-03-01,COMPLETED,SYNTHETIC_OUTCOME
PAI-03550,2026-03-01,COMPLETED,SYNTHETIC_OUTCOME
PAI-03551,2026-03-01,COMPLETED,SYNTHETIC_OUTCOME
PAI-03552,2026-03-01,COMPLETED,SYNTHETIC_OUTCOME
PAI-03553,2026-03-01,COMPLETED,SYNTHETIC_OUTCOME
PAI-03554,2026-03-01,COMPLETED,SYNTHETIC_OUTCOME
PAI-03555,2026-03-01,COMPLETED,SYNTHETIC_OUTCOME
PAI-03556,2026-03-01,COMPLETED,SYNTHETIC_OUTCOME
PAI-03557,2026-03-01,COMPLETED,SYNTHETIC_OUTCOME
PAI-03558,2026-03-01,COMPLETED,SYNTHETIC_OUTCOME
PAI-03559,2026-03-01,COMPLETED,SYNTHETIC_OUTCOME
PAI-03560,2026-03-01,COMPLETED,SYNTHETIC_OUTCOME
PAI-03561,2026-03-01,COMPLETED,SYNTHETIC_OUTCOME
PAI-03562,2026-03-01,COMPLETED,SYNTHETIC_OUTCOME
PAI-03563,2026-03-01,COMPLETED,SYNTHETIC_OUTCOME
PAI-03564,2026-03-01,DOWNGRADED,SYNTHETIC_OUTCOME
PAI-03565,2026-03-01,FROZEN,SYNTHETIC_OUTCOME
PAI-03566,2026-03-01,COMPLETED,SYNTHETIC_OUTCOME
PAI-03567,2026-03-01,COMPLETED,SYNTHETIC_OUTCOME
PAI-03568,2026-03-01,COMPLETED,SYNTHETIC_OUTCOME
PAI-03569,2026-03-01,FROZEN,SYNTHETIC_OUTCOME
PAI-03570,2026-03-01,FROZEN,SYNTHETIC_OUTCOME
PAI-03571,2026-03-01,COMPLETED,SYNTHETIC_OUTCOME
PAI-03572,2026-03-01,COMPLETED,SYNTHETIC_OUTCOME
PAI-03573,2026-03-01,COMPLETED,SYNTHETIC_OUTCOME
PAI-03574,2026-03-01,COMPLETED,SYNTHETIC_OUTCOME
PAI-03575,2026-03-01,TERMINATED,SYNTHETIC_OUTCOME
PAI-03576,2026-03-01,CANCELLED,SYNTHETIC_OUTCOME
PAI-03577,2026-03-01,COMPLETED,SYNTHETIC_OUTCOME
PAI-03578,2026-03-01,COMPLETED,SYNTHETIC_OUTCOME
PAI-03579,2026-03-01,COMPLETED,SYNTHETIC_OUTCOME
PAI-03580,2026-03-01,COMPLETED,SYNTHETIC_OUTCOME
PAI-03581,2026-03-01,COMPLETED,SYNTHETIC_OUTCOME
PAI-03582,2026-03-01,DOWNGRADED,SYNTHETIC_OUTCOME
PAI-03583,2026-03-01,COMPLETED,SYNTHETIC_OUTCOME
PAI-03584,2026-03-01,COMPLETED,SYNTHETIC_OUTCOME
PAI-03585,2026-03-01,COMPLETED,SYNTHETIC_OUTCOME
PAI-03586,2026-03-01,CANCELLED,SYNTHETIC_OUTCOME
PAI-03587,2026-03-01,COMPLETED,SYNTHETIC_OUTCOME
PAI-03588,2026-03-01,COMPLETED,SYNTHETIC_OUTCOME
PAI-03589,2026-03-01,DOWNGRADED,SYNTHETIC_OUTCOME
PAI-03590,2026-03-01,DOWNGRADED,SYNTHETIC_OUTCOME
PAI-03591,2026-03-01,TERMINATED,SYNTHETIC_OUTCOME
PAI-03592,2026-03-01,DOWNGRADED,SYNTHETIC_OUTCOME
PAI-03593,2026-03-01,COMPLETED,SYNTHETIC_OUTCOME
PAI-03594,2026-03-01,FROZEN,SYNTHETIC_OUTCOME
PAI-03595,2026-03-01,COMPLETED,SYNTHETIC_OUTCOME
PAI-03596,2026-03-01,COMPLETED,SYNTHETIC_OUTCOME
PAI-03597,2026-03-01,TERMINATED,SYNTHETIC_OUTCOME
PAI-03598,2026-03-01,COMPLETED,SYNTHETIC_OUTCOME
PAI-03599,2026-03-01,COMPLETED,SYNTHETIC_OUTCOME
PAI-03600,2026-03-01,FROZEN,SYNTHETIC_OUTCOME
PAI-03601,2026-03-01,COMPLETED,SYNTHETIC_OUTCOME
PAI-03602,2026-03-01,FROZEN,SYNTHETIC_OUTCOME
PAI-03603,2026-03-01,COMPLETED,SYNTHETIC_OUTCOME
PAI-03604,2026-03-01,COMPLETED,SYNTHETIC_OUTCOME
PAI-03605,2026-03-01,COMPLETED,SYNTHETIC_OUTCOME
PAI-03606,2026-03-01,COMPLETED,SYNTHETIC_OUTCOME
PAI-03607,2026-03-01,COMPLETED,SYNTHETIC_OUTCOME
PAI-03608,2026-03-01,COMPLETED,SYNTHETIC_OUTCOME
PAI-03609,2026-03-01,FROZEN,SYNTHETIC_OUTCOME
PAI-03610,2026-03-01,COMPLETED,SYNTHETIC_OUTCOME
PAI-03611,2026-03-01,COMPLETED,SYNTHETIC_OUTCOME
PAI-03612,2026-03-01,COMPLETED,SYNTHETIC_OUTCOME
PAI-03613,2026-03-01,COMPLETED,SYNTHETIC_OUTCOME
PAI-03614,2026-03-01,COMPLETED,SYNTHETIC_OUTCOME
PAI-03615,2026-03-01,COMPLETED,SYNTHETIC_OUTCOME
PAI-03616,2026-03-01,COMPLETED,SYNTHETIC_OUTCOME
PAI-03617,2026-03-01,COMPLETED,SYNTHETIC_OUTCOME
PAI-03618,2026-03-01,COMPLETED,SYNTHETIC_OUTCOME
PAI-03619,2026-03-01,COMPLETED,SYNTHETIC_OUTCOME
PAI-03620,2026-03-01,COMPLETED,SYNTHETIC_OUTCOME
PAI-03621,2026-03-01,COMPLETED,SYNTHETIC_OUTCOME
PAI-03622,2026-03-01,FROZEN,SYNTHETIC_OUTCOME
PAI-03623,2026-03-01,DOWNGRADED,SYNTHETIC_OUTCOME
PAI-03624,2026-03-01,COMPLETED,SYNTHETIC_OUTCOME
PAI-03625,2026-03-01,FROZEN,SYNTHETIC_OUTCOME
PAI-03626,2026-03-01,COMPLETED,SYNTHETIC_OUTCOME
PAI-03627,2026-03-01,DROPPED,SYNTHETIC_OUTCOME
PAI-03628,2026-03-01,COMPLETED,SYNTHETIC_OUTCOME
PAI-03629,2026-03-01,COMPLETED,SYNTHETIC_OUTCOME
PAI-03630,2026-03-01,COMPLETED,SYNTHETIC_OUTCOME
PAI-03631,2026-03-01,COMPLETED,SYNTHETIC_OUTCOME
PAI-03632,2026-03-01,COMPLETED,SYNTHETIC_OUTCOME
PAI-03633,2026-03-01,COMPLETED,SYNTHETIC_OUTCOME
PAI-03634,2026-03-01,COMPLETED,SYNTHETIC_OUTCOME
PAI-03635,2026-03-01,COMPLETED,SYNTHETIC_OUTCOME
PAI-03636,2026-03-01,COMPLETED,SYNTHETIC_OUTCOME
PAI-03637,2026-03-01,COMPLETED,SYNTHETIC_OUTCOME
PAI-03638,2026-03-01,COMPLETED,SYNTHETIC_OUTCOME
PAI-03639,2026-03-01,COMPLETED,SYNTHETIC_OUTCOME
PAI-03640,2026-03-01,COMPLETED,SYNTHETIC_OUTCOME
PAI-03641,2026-03-01,COMPLETED,SYNTHETIC_OUTCOME
PAI-03642,2026-03-01,TERMINATED,SYNTHETIC_OUTCOME
PAI-03643,2026-03-01,COMPLETED,SYNTHETIC_OUTCOME
PAI-03644,2026-03-01,COMPLETED,SYNTHETIC_OUTCOME
PAI-03645,2026-03-01,COMPLETED,SYNTHETIC_OUTCOME
PAI-03646,2026-03-01,DOWNGRADED,SYNTHETIC_OUTCOME
PAI-03647,2026-03-01,COMPLETED,SYNTHETIC_OUTCOME
PAI-03648,2026-03-01,COMPLETED,SYNTHETIC_OUTCOME
PAI-03649,2026-03-01,COMPLETED,SYNTHETIC_OUTCOME
PAI-03650,2026-03-01,DOWNGRADED,SYNTHETIC_OUTCOME
PAI-03651,2026-03-01,COMPLETED,SYNTHETIC_OUTCOME
PAI-03652,2026-03-01,COMPLETED,SYNTHETIC_OUTCOME
PAI-03653,2026-03-01,COMPLETED,SYNTHETIC_OUTCOME
PAI-03654,2026-03-01,COMPLETED,SYNTHETIC_OUTCOME
PAI-03655,2026-03-01,COMPLETED,SYNTHETIC_OUTCOME
PAI-03656,2026-03-01,DOWNGRADED,SYNTHETIC_OUTCOME
PAI-03657,2026-03-01,COMPLETED,SYNTHETIC_OUTCOME
PAI-03658,2026-03-01,COMPLETED,SYNTHETIC_OUTCOME
PAI-03659,2026-03-01,COMPLETED,SYNTHETIC_OUTCOME
PAI-03660,2026-03-01,COMPLETED,SYNTHETIC_OUTCOME
PAI-03661,2026-03-01,COMPLETED,SYNTHETIC_OUTCOME
PAI-03662,2026-03-01,COMPLETED,SYNTHETIC_OUTCOME
PAI-03663,2026-03-01,COMPLETED,SYNTHETIC_OUTCOME
PAI-03664,2026-03-01,COMPLETED,SYNTHETIC_OUTCOME
PAI-03665,2026-03-01,COMPLETED,SYNTHETIC_OUTCOME
PAI-03666,2026-03-01,COMPLETED,SYNTHETIC_OUTCOME
PAI-03667,2026-03-01,DOWNGRADED,SYNTHETIC_OUTCOME
PAI-03668,2026-03-01,COMPLETED,SYNTHETIC_OUTCOME
PAI-03669,2026-03-01,COMPLETED,SYNTHETIC_OUTCOME
PAI-03670,2026-03-01,COMPLETED,SYNTHETIC_OUTCOME
PAI-03671,2026-03-01,CANCELLED,SYNTHETIC_OUTCOME
PAI-03672,2026-03-01,COMPLETED,SYNTHETIC_OUTCOME
PAI-03673,2026-03-01,COMPLETED,SYNTHETIC_OUTCOME
PAI-03674,2026-03-01,DROPPED,SYNTHETIC_OUTCOME
PAI-03675,2026-03-01,DROPPED,SYNTHETIC_OUTCOME
PAI-03676,2026-03-01,FROZEN,SYNTHETIC_OUTCOME
PAI-03677,2026-03-01,COMPLETED,SYNTHETIC_OUTCOME
PAI-03678,2026-03-01,FROZEN,SYNTHETIC_OUTCOME
PAI-03679,2026-03-01,COMPLETED,SYNTHETIC_OUTCOME
PAI-03680,2026-03-01,COMPLETED,SYNTHETIC_OUTCOME
PAI-03681,2026-03-01,COMPLETED,SYNTHETIC_OUTCOME
PAI-03682,2026-03-01,COMPLETED,SYNTHETIC_OUTCOME
PAI-03683,2026-03-01,COMPLETED,SYNTHETIC_OUTCOME
PAI-03684,2026-03-01,COMPLETED,SYNTHETIC_OUTCOME
PAI-03685,2026-03-01,COMPLETED,SYNTHETIC_OUTCOME
PAI-03686,2026-03-01,COMPLETED,SYNTHETIC_OUTCOME
PAI-03687,2026-03-01,DROPPED,SYNTHETIC_OUTCOME
PAI-03688,2026-03-01,COMPLETED,SYNTHETIC_OUTCOME
PAI-03689,2026-03-01,ABANDONED,SYNTHETIC_OUTCOME
PAI-03690,2026-03-01,COMPLETED,SYNTHETIC_OUTCOME
PAI-03691,2026-03-01,COMPLETED,SYNTHETIC_OUTCOME
PAI-03692,2026-03-01,COMPLETED,SYNTHETIC_OUTCOME
PAI-03693,2026-03-01,DOWNGRADED,SYNTHETIC_OUTCOME
PAI-03694,2026-03-01,COMPLETED,SYNTHETIC_OUTCOME
PAI-03695,2026-03-01,COMPLETED,SYNTHETIC_OUTCOME
PAI-03696,2026-03-01,COMPLETED,SYNTHETIC_OUTCOME
PAI-03697,2026-03-01,COMPLETED,SYNTHETIC_OUTCOME
PAI-03698,2026-03-01,COMPLETED,SYNTHETIC_OUTCOME
PAI-03699,2026-03-01,COMPLETED,SYNTHETIC_OUTCOME
PAI-03700,2026-03-01,COMPLETED,SYNTHETIC_OUTCOME
PAI-03701,2026-03-01,DOWNGRADED,SYNTHETIC_OUTCOME
PAI-03702,2026-03-01,COMPLETED,SYNTHETIC_OUTCOME
PAI-03703,2026-03-01,COMPLETED,SYNTHETIC_OUTCOME
PAI-03704,2026-03-01,DOWNGRADED,SYNTHETIC_OUTCOME
PAI-03705,2026-03-01,COMPLETED,SYNTHETIC_OUTCOME
PAI-03706,2026-03-01,CANCELLED,SYNTHETIC_OUTCOME
PAI-03707,2026-03-01,COMPLETED,SYNTHETIC_OUTCOME
PAI-03708,2026-03-01,COMPLETED,SYNTHETIC_OUTCOME
PAI-03709,2026-03-01,COMPLETED,SYNTHETIC_OUTCOME
PAI-03710,2026-03-01,COMPLETED,SYNTHETIC_OUTCOME
PAI-03711,2026-03-01,COMPLETED,SYNTHETIC_OUTCOME
PAI-03712,2026-03-01,COMPLETED,SYNTHETIC_OUTCOME
PAI-03713,2026-03-01,COMPLETED,SYNTHETIC_OUTCOME
PAI-03714,2026-03-01,COMPLETED,SYNTHETIC_OUTCOME
PAI-03715,2026-03-01,COMPLETED,SYNTHETIC_OUTCOME
PAI-03716,2026-03-01,TERMINATED,SYNTHETIC_OUTCOME
PAI-03717,2026-03-01,COMPLETED,SYNTHETIC_OUTCOME
PAI-03718,2026-03-01,COMPLETED,SYNTHETIC_OUTCOME
PAI-03719,2026-03-01,FROZEN,SYNTHETIC_OUTCOME
PAI-03720,2026-03-01,COMPLETED,SYNTHETIC_OUTCOME
PAI-03721,2026-03-01,COMPLETED,SYNTHETIC_OUTCOME
PAI-03722,2026-03-01,FROZEN,SYNTHETIC_OUTCOME
PAI-03723,2026-03-01,DOWNGRADED,SYNTHETIC_OUTCOME
PAI-03724,2026-03-01,COMPLETED,SYNTHETIC_OUTCOME
PAI-03725,2026-03-01,COMPLETED,SYNTHETIC_OUTCOME
PAI-03726,2026-03-01,COMPLETED,SYNTHETIC_OUTCOME
PAI-03727,2026-03-01,COMPLETED,SYNTHETIC_OUTCOME
PAI-03728,2026-03-01,COMPLETED,SYNTHETIC_OUTCOME
PAI-03729,2026-03-01,DOWNGRADED,SYNTHETIC_OUTCOME
PAI-03730,2026-03-01,COMPLETED,SYNTHETIC_OUTCOME
PAI-03731,2026-03-01,COMPLETED,SYNTHETIC_OUTCOME
PAI-03732,2026-03-01,COMPLETED,SYNTHETIC_OUTCOME
PAI-03733,2026-03-01,COMPLETED,SYNTHETIC_OUTCOME
PAI-03734,2026-03-01,COMPLETED,SYNTHETIC_OUTCOME
PAI-03735,2026-03-01,COMPLETED,SYNTHETIC_OUTCOME
PAI-03736,2026-03-01,COMPLETED,SYNTHETIC_OUTCOME
PAI-03737,2026-03-01,COMPLETED,SYNTHETIC_OUTCOME
PAI-03738,2026-03-01,COMPLETED,SYNTHETIC_OUTCOME
PAI-03739,2026-03-01,DROPPED,SYNTHETIC_OUTCOME
PAI-03740,2026-03-01,CANCELLED,SYNTHETIC_OUTCOME
PAI-03741,2026-03-01,COMPLETED,SYNTHETIC_OUTCOME
PAI-03742,2026-03-01,COMPLETED,SYNTHETIC_OUTCOME
PAI-03743,2026-03-01,COMPLETED,SYNTHETIC_OUTCOME
PAI-03744,2026-03-01,COMPLETED,SYNTHETIC_OUTCOME
PAI-03745,2026-03-01,COMPLETED,SYNTHETIC_OUTCOME
PAI-03746,2026-03-01,COMPLETED,SYNTHETIC_OUTCOME
PAI-03747,2026-03-01,COMPLETED,SYNTHETIC_OUTCOME
PAI-03748,2026-03-01,COMPLETED,SYNTHETIC_OUTCOME
PAI-03749,2026-03-01,CANCELLED,SYNTHETIC_OUTCOME
PAI-03750,2026-03-01,COMPLETED,SYNTHETIC_OUTCOME
PAI-03751,2026-03-01,DOWNGRADED,SYNTHETIC_OUTCOME
PAI-03752,2026-03-01,COMPLETED,SYNTHETIC_OUTCOME
PAI-03753,2026-03-01,COMPLETED,SYNTHETIC_OUTCOME
PAI-03754,2026-03-01,DROPPED,SYNTHETIC_OUTCOME
PAI-03755,2026-03-01,TERMINATED,SYNTHETIC_OUTCOME
PAI-03756,2026-03-01,COMPLETED,SYNTHETIC_OUTCOME
PAI-03757,2026-03-01,COMPLETED,SYNTHETIC_OUTCOME
PAI-03758,2026-03-01,COMPLETED,SYNTHETIC_OUTCOME
PAI-03759,2026-03-01,COMPLETED,SYNTHETIC_OUTCOME
PAI-03760,2026-03-01,COMPLETED,SYNTHETIC_OUTCOME
PAI-03761,2026-03-01,TERMINATED,SYNTHETIC_OUTCOME
PAI-03762,2026-03-01,COMPLETED,SYNTHETIC_OUTCOME
PAI-03763,2026-03-01,COMPLETED,SYNTHETIC_OUTCOME
PAI-03764,2026-03-01,COMPLETED,SYNTHETIC_OUTCOME
PAI-03765,2026-03-01,COMPLETED,SYNTHETIC_OUTCOME
PAI-03766,2026-03-01,COMPLETED,SYNTHETIC_OUTCOME
PAI-03767,2026-03-01,COMPLETED,SYNTHETIC_OUTCOME
PAI-03768,2026-03-01,COMPLETED,SYNTHETIC_OUTCOME
PAI-03769,2026-03-01,COMPLETED,SYNTHETIC_OUTCOME
PAI-03770,2026-03-01,COMPLETED,SYNTHETIC_OUTCOME
PAI-03771,2026-03-01,COMPLETED,SYNTHETIC_OUTCOME
PAI-03772,2026-03-01,COMPLETED,SYNTHETIC_OUTCOME
PAI-03773,2026-03-01,COMPLETED,SYNTHETIC_OUTCOME
PAI-03774,2026-03-01,COMPLETED,SYNTHETIC_OUTCOME
PAI-03775,2026-03-01,FROZEN,SYNTHETIC_OUTCOME
PAI-03776,2026-03-01,COMPLETED,SYNTHETIC_OUTCOME
PAI-03777,2026-03-01,COMPLETED,SYNTHETIC_OUTCOME
PAI-03778,2026-03-01,DOWNGRADED,SYNTHETIC_OUTCOME
PAI-03779,2026-03-01,COMPLETED,SYNTHETIC_OUTCOME
PAI-03780,2026-03-01,DOWNGRADED,SYNTHETIC_OUTCOME
PAI-03781,2026-03-01,COMPLETED,SYNTHETIC_OUTCOME
PAI-03782,2026-03-01,COMPLETED,SYNTHETIC_OUTCOME
PAI-03783,2026-03-01,COMPLETED,SYNTHETIC_OUTCOME
PAI-03784,2026-03-01,TERMINATED,SYNTHETIC_OUTCOME
PAI-03785,2026-03-01,COMPLETED,SYNTHETIC_OUTCOME
PAI-03786,2026-03-01,COMPLETED,SYNTHETIC_OUTCOME
PAI-03787,2026-03-01,COMPLETED,SYNTHETIC_OUTCOME
PAI-03788,2026-03-01,COMPLETED,SYNTHETIC_OUTCOME
PAI-03789,2026-03-01,COMPLETED,SYNTHETIC_OUTCOME
PAI-03790,2026-03-01,COMPLETED,SYNTHETIC_OUTCOME
PAI-03791,2026-03-01,COMPLETED,SYNTHETIC_OUTCOME
PAI-03792,2026-03-01,FROZEN,SYNTHETIC_OUTCOME
PAI-03793,2026-03-01,COMPLETED,SYNTHETIC_OUTCOME
PAI-03794,2026-03-01,COMPLETED,SYNTHETIC_OUTCOME
PAI-03795,2026-03-01,TERMINATED,SYNTHETIC_OUTCOME
PAI-03796,2026-03-01,COMPLETED,SYNTHETIC_OUTCOME
PAI-03797,2026-03-01,COMPLETED,SYNTHETIC_OUTCOME
PAI-03798,2026-03-01,COMPLETED,SYNTHETIC_OUTCOME
PAI-03799,2026-03-01,COMPLETED,SYNTHETIC_OUTCOME
PAI-03800,2026-03-01,FROZEN,SYNTHETIC_OUTCOME
PAI-03801,2026-03-01,COMPLETED,SYNTHETIC_OUTCOME
PAI-03802,2026-03-01,COMPLETED,SYNTHETIC_OUTCOME
PAI-03803,2026-03-01,COMPLETED,SYNTHETIC_OUTCOME
PAI-03804,2026-03-01,COMPLETED,SYNTHETIC_OUTCOME
PAI-03805,2026-03-01,COMPLETED,SYNTHETIC_OUTCOME
PAI-03806,2026-03-01,COMPLETED,SYNTHETIC_OUTCOME
PAI-03807,2026-03-01,COMPLETED,SYNTHETIC_OUTCOME
PAI-03808,2026-03-01,COMPLETED,SYNTHETIC_OUTCOME
PAI-03809,2026-03-01,DOWNGRADED,SYNTHETIC_OUTCOME
PAI-03810,2026-03-01,COMPLETED,SYNTHETIC_OUTCOME
PAI-03811,2026-03-01,COMPLETED,SYNTHETIC_OUTCOME
PAI-03812,2026-03-01,COMPLETED,SYNTHETIC_OUTCOME
PAI-03813,2026-03-01,COMPLETED,SYNTHETIC_OUTCOME
PAI-03814,2026-03-01,COMPLETED,SYNTHETIC_OUTCOME
PAI-03815,2026-03-01,COMPLETED,SYNTHETIC_OUTCOME
PAI-03816,2026-03-01,COMPLETED,SYNTHETIC_OUTCOME
PAI-03817,2026-03-01,COMPLETED,SYNTHETIC_OUTCOME
PAI-03818,2026-03-01,TERMINATED,SYNTHETIC_OUTCOME
PAI-03819,2026-03-01,COMPLETED,SYNTHETIC_OUTCOME
PAI-03820,2026-03-01,COMPLETED,SYNTHETIC_OUTCOME
PAI-03821,2026-03-01,COMPLETED,SYNTHETIC_OUTCOME
PAI-03822,2026-03-01,COMPLETED,SYNTHETIC_OUTCOME
PAI-03823,2026-03-01,COMPLETED,SYNTHETIC_OUTCOME
PAI-03824,2026-03-01,COMPLETED,SYNTHETIC_OUTCOME
PAI-03825,2026-03-01,COMPLETED,SYNTHETIC_OUTCOME
PAI-03826,2026-03-01,COMPLETED,SYNTHETIC_OUTCOME
PAI-03827,2026-03-01,COMPLETED,SYNTHETIC_OUTCOME
PAI-03828,2026-03-01,COMPLETED,SYNTHETIC_OUTCOME
PAI-03829,2026-03-01,COMPLETED,SYNTHETIC_OUTCOME
PAI-03830,2026-03-01,COMPLETED,SYNTHETIC_OUTCOME
PAI-03831,2026-03-01,COMPLETED,SYNTHETIC_OUTCOME
PAI-03832,2026-03-01,FROZEN,SYNTHETIC_OUTCOME
PAI-03833,2026-03-01,COMPLETED,SYNTHETIC_OUTCOME
PAI-03834,2026-03-01,DOWNGRADED,SYNTHETIC_OUTCOME
PAI-03835,2026-03-01,COMPLETED,SYNTHETIC_OUTCOME
PAI-03836,2026-03-01,CANCELLED,SYNTHETIC_OUTCOME
PAI-03837,2026-03-01,COMPLETED,SYNTHETIC_OUTCOME
PAI-03838,2026-03-01,CANCELLED,SYNTHETIC_OUTCOME
PAI-03839,2026-03-01,DOWNGRADED,SYNTHETIC_OUTCOME
PAI-03840,2026-03-01,COMPLETED,SYNTHETIC_OUTCOME
PAI-03841,2026-03-01,COMPLETED,SYNTHETIC_OUTCOME
PAI-03842,2026-03-01,COMPLETED,SYNTHETIC_OUTCOME
PAI-03843,2026-03-01,COMPLETED,SYNTHETIC_OUTCOME
PAI-03844,2026-03-01,COMPLETED,SYNTHETIC_OUTCOME
PAI-03845,2026-03-01,DROPPED,SYNTHETIC_OUTCOME
PAI-03846,2026-03-01,COMPLETED,SYNTHETIC_OUTCOME
PAI-03847,2026-03-01,COMPLETED,SYNTHETIC_OUTCOME
PAI-03848,2026-03-01,DROPPED,SYNTHETIC_OUTCOME
PAI-03849,2026-03-01,FROZEN,SYNTHETIC_OUTCOME
PAI-03850,2026-03-01,FROZEN,SYNTHETIC_OUTCOME
PAI-03851,2026-03-01,COMPLETED,SYNTHETIC_OUTCOME
PAI-03852,2026-03-01,COMPLETED,SYNTHETIC_OUTCOME
PAI-03853,2026-03-01,COMPLETED,SYNTHETIC_OUTCOME
PAI-03854,2026-03-01,TERMINATED,SYNTHETIC_OUTCOME
PAI-03855,2026-03-01,COMPLETED,SYNTHETIC_OUTCOME
PAI-03856,2026-03-01,COMPLETED,SYNTHETIC_OUTCOME
PAI-03857,2026-03-01,COMPLETED,SYNTHETIC_OUTCOME
PAI-03858,2026-03-01,COMPLETED,SYNTHETIC_OUTCOME
PAI-03859,2026-03-01,DROPPED,SYNTHETIC_OUTCOME
PAI-03860,2026-03-01,DOWNGRADED,SYNTHETIC_OUTCOME
PAI-03861,2026-03-01,COMPLETED,SYNTHETIC_OUTCOME
PAI-03862,2026-03-01,COMPLETED,SYNTHETIC_OUTCOME
PAI-03863,2026-03-01,COMPLETED,SYNTHETIC_OUTCOME
PAI-03864,2026-03-01,COMPLETED,SYNTHETIC_OUTCOME
PAI-03865,2026-03-01,COMPLETED,SYNTHETIC_OUTCOME
PAI-03866,2026-03-01,COMPLETED,SYNTHETIC_OUTCOME
PAI-03867,2026-03-01,COMPLETED,SYNTHETIC_OUTCOME
PAI-03868,2026-03-01,COMPLETED,SYNTHETIC_OUTCOME
PAI-03869,2026-03-01,COMPLETED,SYNTHETIC_OUTCOME
PAI-03870,2026-03-01,COMPLETED,SYNTHETIC_OUTCOME
PAI-03871,2026-03-01,COMPLETED,SYNTHETIC_OUTCOME
PAI-03872,2026-03-01,COMPLETED,SYNTHETIC_OUTCOME
PAI-03873,2026-03-01,COMPLETED,SYNTHETIC_OUTCOME
PAI-03874,2026-03-01,COMPLETED,SYNTHETIC_OUTCOME
PAI-03875,2026-03-01,COMPLETED,SYNTHETIC_OUTCOME
PAI-03876,2026-03-01,COMPLETED,SYNTHETIC_OUTCOME
PAI-03877,2026-03-01,COMPLETED,SYNTHETIC_OUTCOME
PAI-03878,2026-03-01,COMPLETED,SYNTHETIC_OUTCOME
PAI-03879,2026-03-01,COMPLETED,SYNTHETIC_OUTCOME
PAI-03880,2026-03-01,DOWNGRADED,SYNTHETIC_OUTCOME
PAI-03881,2026-03-01,DROPPED,SYNTHETIC_OUTCOME
PAI-03882,2026-03-01,COMPLETED,SYNTHETIC_OUTCOME
PAI-03883,2026-03-01,COMPLETED,SYNTHETIC_OUTCOME
PAI-03884,2026-03-01,CANCELLED,SYNTHETIC_OUTCOME
PAI-03885,2026-03-01,COMPLETED,SYNTHETIC_OUTCOME
PAI-03886,2026-03-01,COMPLETED,SYNTHETIC_OUTCOME
PAI-03887,2026-03-01,COMPLETED,SYNTHETIC_OUTCOME
PAI-03888,2026-03-01,FROZEN,SYNTHETIC_OUTCOME
PAI-03889,2026-03-01,COMPLETED,SYNTHETIC_OUTCOME
PAI-03890,2026-03-01,COMPLETED,SYNTHETIC_OUTCOME
PAI-03891,2026-03-01,COMPLETED,SYNTHETIC_OUTCOME
PAI-03892,2026-03-01,COMPLETED,SYNTHETIC_OUTCOME
PAI-03893,2026-03-01,COMPLETED,SYNTHETIC_OUTCOME
PAI-03894,2026-03-01,COMPLETED,SYNTHETIC_OUTCOME
PAI-03895,2026-03-01,COMPLETED,SYNTHETIC_OUTCOME
PAI-03896,2026-03-01,COMPLETED,SYNTHETIC_OUTCOME
PAI-03897,2026-03-01,COMPLETED,SYNTHETIC_OUTCOME
PAI-03898,2026-03-01,COMPLETED,SYNTHETIC_OUTCOME
PAI-03899,2026-03-01,COMPLETED,SYNTHETIC_OUTCOME
PAI-03900,2026-03-01,DOWNGRADED,SYNTHETIC_OUTCOME
PAI-03901,2026-03-01,COMPLETED,SYNTHETIC_OUTCOME
PAI-03902,2026-03-01,COMPLETED,SYNTHETIC_OUTCOME
PAI-03903,2026-03-01,COMPLETED,SYNTHETIC_OUTCOME
PAI-03904,2026-03-01,COMPLETED,SYNTHETIC_OUTCOME
PAI-03905,2026-03-01,COMPLETED,SYNTHETIC_OUTCOME
PAI-03906,2026-03-01,COMPLETED,SYNTHETIC_OUTCOME
PAI-03907,2026-03-01,COMPLETED,SYNTHETIC_OUTCOME
PAI-03908,2026-03-01,COMPLETED,SYNTHETIC_OUTCOME
PAI-03909,2026-03-01,COMPLETED,SYNTHETIC_OUTCOME
PAI-03910,2026-03-01,FROZEN,SYNTHETIC_OUTCOME
PAI-03911,2026-03-01,COMPLETED,SYNTHETIC_OUTCOME
PAI-03912,2026-03-01,COMPLETED,SYNTHETIC_OUTCOME
PAI-03913,2026-03-01,FROZEN,SYNTHETIC_OUTCOME
PAI-03914,2026-03-01,DOWNGRADED,SYNTHETIC_OUTCOME
PAI-03915,2026-03-01,CANCELLED,SYNTHETIC_OUTCOME
PAI-03916,2026-03-01,COMPLETED,SYNTHETIC_OUTCOME
PAI-03917,2026-03-01,COMPLETED,SYNTHETIC_OUTCOME
PAI-03918,2026-03-01,COMPLETED,SYNTHETIC_OUTCOME
PAI-03919,2026-03-01,COMPLETED,SYNTHETIC_OUTCOME
PAI-03920,2026-03-01,COMPLETED,SYNTHETIC_OUTCOME
PAI-03921,2026-03-01,COMPLETED,SYNTHETIC_OUTCOME
PAI-03922,2026-03-01,COMPLETED,SYNTHETIC_OUTCOME
PAI-03923,2026-03-01,COMPLETED,SYNTHETIC_OUTCOME
PAI-03924,2026-03-01,COMPLETED,SYNTHETIC_OUTCOME
PAI-03925,2026-03-01,CANCELLED,SYNTHETIC_OUTCOME
PAI-03926,2026-03-01,COMPLETED,SYNTHETIC_OUTCOME
PAI-03927,2026-03-01,COMPLETED,SYNTHETIC_OUTCOME
PAI-03928,2026-03-01,COMPLETED,SYNTHETIC_OUTCOME
PAI-03929,2026-03-01,COMPLETED,SYNTHETIC_OUTCOME
PAI-03930,2026-03-01,COMPLETED,SYNTHETIC_OUTCOME
PAI-03931,2026-03-01,DOWNGRADED,SYNTHETIC_OUTCOME
PAI-03932,2026-03-01,DOWNGRADED,SYNTHETIC_OUTCOME
PAI-03933,2026-03-01,COMPLETED,SYNTHETIC_OUTCOME
PAI-03934,2026-03-01,COMPLETED,SYNTHETIC_OUTCOME
PAI-03935,2026-03-01,COMPLETED,SYNTHETIC_OUTCOME
PAI-03936,2026-03-01,COMPLETED,SYNTHETIC_OUTCOME
PAI-03937,2026-03-01,DROPPED,SYNTHETIC_OUTCOME
PAI-03938,2026-03-01,FROZEN,SYNTHETIC_OUTCOME
PAI-03939,2026-03-01,COMPLETED,SYNTHETIC_OUTCOME
PAI-03940,2026-03-01,COMPLETED,SYNTHETIC_OUTCOME
PAI-03941,2026-03-01,COMPLETED,SYNTHETIC_OUTCOME
PAI-03942,2026-03-01,DOWNGRADED,SYNTHETIC_OUTCOME
PAI-03943,2026-03-01,CANCELLED,SYNTHETIC_OUTCOME
PAI-03944,2026-03-01,COMPLETED,SYNTHETIC_OUTCOME
PAI-03945,2026-03-01,COMPLETED,SYNTHETIC_OUTCOME
PAI-03946,2026-03-01,FROZEN,SYNTHETIC_OUTCOME
PAI-03947,2026-03-01,DOWNGRADED,SYNTHETIC_OUTCOME
PAI-03948,2026-03-01,COMPLETED,SYNTHETIC_OUTCOME
PAI-03949,2026-03-01,COMPLETED,SYNTHETIC_OUTCOME
PAI-03950,2026-03-01,COMPLETED,SYNTHETIC_OUTCOME
PAI-03951,2026-03-01,DROPPED,SYNTHETIC_OUTCOME
PAI-03952,2026-03-01,COMPLETED,SYNTHETIC_OUTCOME
PAI-03953,2026-03-01,FROZEN,SYNTHETIC_OUTCOME
PAI-03954,2026-03-01,COMPLETED,SYNTHETIC_OUTCOME
PAI-03955,2026-03-01,DOWNGRADED,SYNTHETIC_OUTCOME
PAI-03956,2026-03-01,COMPLETED,SYNTHETIC_OUTCOME
PAI-03957,2026-03-01,COMPLETED,SYNTHETIC_OUTCOME
PAI-03958,2026-03-01,COMPLETED,SYNTHETIC_OUTCOME
PAI-03959,2026-03-01,COMPLETED,SYNTHETIC_OUTCOME
PAI-03960,2026-03-01,COMPLETED,SYNTHETIC_OUTCOME
PAI-03961,2026-03-01,DOWNGRADED,SYNTHETIC_OUTCOME
PAI-03962,2026-03-01,COMPLETED,SYNTHETIC_OUTCOME
PAI-03963,2026-03-01,COMPLETED,SYNTHETIC_OUTCOME
PAI-03964,2026-03-01,COMPLETED,SYNTHETIC_OUTCOME
PAI-03965,2026-03-01,COMPLETED,SYNTHETIC_OUTCOME
PAI-03966,2026-03-01,COMPLETED,SYNTHETIC_OUTCOME
PAI-03967,2026-03-01,COMPLETED,SYNTHETIC_OUTCOME
PAI-03968,2026-03-01,ABANDONED,SYNTHETIC_OUTCOME
PAI-03969,2026-03-01,COMPLETED,SYNTHETIC_OUTCOME
PAI-03970,2026-03-01,COMPLETED,SYNTHETIC_OUTCOME
PAI-03971,2026-03-01,COMPLETED,SYNTHETIC_OUTCOME
PAI-03972,2026-03-01,COMPLETED,SYNTHETIC_OUTCOME
PAI-03973,2026-03-01,FROZEN,SYNTHETIC_OUTCOME
PAI-03974,2026-03-01,COMPLETED,SYNTHETIC_OUTCOME
PAI-03975,2026-03-01,COMPLETED,SYNTHETIC_OUTCOME
PAI-03976,2026-03-01,COMPLETED,SYNTHETIC_OUTCOME
PAI-03977,2026-03-01,COMPLETED,SYNTHETIC_OUTCOME
PAI-03978,2026-03-01,COMPLETED,SYNTHETIC_OUTCOME
PAI-03979,2026-03-01,FROZEN,SYNTHETIC_OUTCOME
PAI-03980,2026-03-01,COMPLETED,SYNTHETIC_OUTCOME
PAI-03981,2026-03-01,COMPLETED,SYNTHETIC_OUTCOME
PAI-03982,2026-03-01,COMPLETED,SYNTHETIC_OUTCOME
PAI-03983,2026-03-01,COMPLETED,SYNTHETIC_OUTCOME
PAI-03984,2026-03-01,FROZEN,SYNTHETIC_OUTCOME
PAI-03985,2026-03-01,DROPPED,SYNTHETIC_OUTCOME
PAI-03986,2026-03-01,COMPLETED,SYNTHETIC_OUTCOME
PAI-03987,2026-03-01,COMPLETED,SYNTHETIC_OUTCOME
PAI-03988,2026-03-01,ABANDONED,SYNTHETIC_OUTCOME
PAI-03989,2026-03-01,COMPLETED,SYNTHETIC_OUTCOME
PAI-03990,2026-03-01,COMPLETED,SYNTHETIC_OUTCOME
PAI-03991,2026-03-01,DOWNGRADED,SYNTHETIC_OUTCOME
PAI-03992,2026-03-01,COMPLETED,SYNTHETIC_OUTCOME
PAI-03993,2026-03-01,COMPLETED,SYNTHETIC_OUTCOME
PAI-03994,2026-03-01,COMPLETED,SYNTHETIC_OUTCOME
PAI-03995,2026-03-01,COMPLETED,SYNTHETIC_OUTCOME
PAI-03996,2026-03-01,COMPLETED,SYNTHETIC_OUTCOME
PAI-03997,2026-03-01,COMPLETED,SYNTHETIC_OUTCOME
PAI-03998,2026-03-01,COMPLETED,SYNTHETIC_OUTCOME
PAI-03999,2026-03-01,COMPLETED,SYNTHETIC_OUTCOME
PAI-04000,2026-03-01,COMPLETED,SYNTHETIC_OUTCOME
PAI-04001,2026-03-01,COMPLETED,SYNTHETIC_OUTCOME
PAI-04002,2026-03-01,COMPLETED,SYNTHETIC_OUTCOME
PAI-04003,2026-03-01,COMPLETED,SYNTHETIC_OUTCOME
PAI-04004,2026-03-01,COMPLETED,SYNTHETIC_OUTCOME
PAI-04005,2026-03-01,COMPLETED,SYNTHETIC_OUTCOME
PAI-04006,2026-03-01,COMPLETED,SYNTHETIC_OUTCOME
PAI-04007,2026-03-01,COMPLETED,SYNTHETIC_OUTCOME
PAI-04008,2026-03-01,FROZEN,SYNTHETIC_OUTCOME
PAI-04009,2026-03-01,TERMINATED,SYNTHETIC_OUTCOME
PAI-04010,2026-03-01,COMPLETED,SYNTHETIC_OUTCOME
PAI-04011,2026-03-01,COMPLETED,SYNTHETIC_OUTCOME
PAI-04012,2026-03-01,COMPLETED,SYNTHETIC_OUTCOME
PAI-04013,2026-03-01,COMPLETED,SYNTHETIC_OUTCOME
PAI-04014,2026-03-01,DOWNGRADED,SYNTHETIC_OUTCOME
PAI-04015,2026-03-01,COMPLETED,SYNTHETIC_OUTCOME
PAI-04016,2026-03-01,COMPLETED,SYNTHETIC_OUTCOME
PAI-04017,2026-03-01,COMPLETED,SYNTHETIC_OUTCOME
PAI-04018,2026-03-01,COMPLETED,SYNTHETIC_OUTCOME
PAI-04019,2026-03-01,COMPLETED,SYNTHETIC_OUTCOME
PAI-04020,2026-03-01,COMPLETED,SYNTHETIC_OUTCOME
PAI-04021,2026-03-01,COMPLETED,SYNTHETIC_OUTCOME
PAI-04022,2026-03-01,DOWNGRADED,SYNTHETIC_OUTCOME
PAI-04023,2026-03-01,COMPLETED,SYNTHETIC_OUTCOME
PAI-04024,2026-03-01,TERMINATED,SYNTHETIC_OUTCOME
PAI-04025,2026-03-01,TERMINATED,SYNTHETIC_OUTCOME
PAI-04026,2026-03-01,DOWNGRADED,SYNTHETIC_OUTCOME
PAI-04027,2026-03-01,COMPLETED,SYNTHETIC_OUTCOME
PAI-04028,2026-03-01,COMPLETED,SYNTHETIC_OUTCOME
PAI-04029,2026-03-01,COMPLETED,SYNTHETIC_OUTCOME
PAI-04030,2026-03-01,COMPLETED,SYNTHETIC_OUTCOME
PAI-04031,2026-03-01,COMPLETED,SYNTHETIC_OUTCOME
PAI-04032,2026-03-01,COMPLETED,SYNTHETIC_OUTCOME
PAI-04033,2026-03-01,DOWNGRADED,SYNTHETIC_OUTCOME
PAI-04034,2026-03-01,COMPLETED,SYNTHETIC_OUTCOME
PAI-04035,2026-03-01,COMPLETED,SYNTHETIC_OUTCOME
PAI-04036,2026-03-01,DOWNGRADED,SYNTHETIC_OUTCOME
PAI-04037,2026-03-01,COMPLETED,SYNTHETIC_OUTCOME
PAI-04038,2026-03-01,COMPLETED,SYNTHETIC_OUTCOME
PAI-04039,2026-03-01,COMPLETED,SYNTHETIC_OUTCOME
PAI-04040,2026-03-01,FROZEN,SYNTHETIC_OUTCOME
PAI-04041,2026-03-01,TERMINATED,SYNTHETIC_OUTCOME
PAI-04042,2026-03-01,COMPLETED,SYNTHETIC_OUTCOME
PAI-04043,2026-03-01,COMPLETED,SYNTHETIC_OUTCOME
PAI-04044,2026-03-01,COMPLETED,SYNTHETIC_OUTCOME
PAI-04045,2026-03-01,CANCELLED,SYNTHETIC_OUTCOME
PAI-04046,2026-03-01,FROZEN,SYNTHETIC_OUTCOME
PAI-04047,2026-03-01,COMPLETED,SYNTHETIC_OUTCOME
PAI-04048,2026-03-01,CANCELLED,SYNTHETIC_OUTCOME
PAI-04049,2026-03-01,COMPLETED,SYNTHETIC_OUTCOME
PAI-04050,2026-03-01,COMPLETED,SYNTHETIC_OUTCOME
PAI-04051,2026-03-01,COMPLETED,SYNTHETIC_OUTCOME
PAI-04052,2026-03-01,COMPLETED,SYNTHETIC_OUTCOME
PAI-04053,2026-03-01,COMPLETED,SYNTHETIC_OUTCOME
PAI-04054,2026-03-01,COMPLETED,SYNTHETIC_OUTCOME
PAI-04055,2026-03-01,COMPLETED,SYNTHETIC_OUTCOME
PAI-04056,2026-03-01,DOWNGRADED,SYNTHETIC_OUTCOME
PAI-04057,2026-03-01,COMPLETED,SYNTHETIC_OUTCOME
PAI-04058,2026-03-01,COMPLETED,SYNTHETIC_OUTCOME
PAI-04059,2026-03-01,COMPLETED,SYNTHETIC_OUTCOME
PAI-04060,2026-03-01,COMPLETED,SYNTHETIC_OUTCOME
PAI-04061,2026-03-01,CANCELLED,SYNTHETIC_OUTCOME
PAI-04062,2026-03-01,COMPLETED,SYNTHETIC_OUTCOME
PAI-04063,2026-03-01,COMPLETED,SYNTHETIC_OUTCOME
PAI-04064,2026-03-01,COMPLETED,SYNTHETIC_OUTCOME
PAI-04065,2026-03-01,COMPLETED,SYNTHETIC_OUTCOME
PAI-04066,2026-03-01,COMPLETED,SYNTHETIC_OUTCOME
PAI-04067,2026-03-01,DOWNGRADED,SYNTHETIC_OUTCOME
PAI-04068,2026-03-01,COMPLETED,SYNTHETIC_OUTCOME
PAI-04069,2026-03-01,COMPLETED,SYNTHETIC_OUTCOME
PAI-04070,2026-03-01,COMPLETED,SYNTHETIC_OUTCOME
PAI-04071,2026-03-01,COMPLETED,SYNTHETIC_OUTCOME
PAI-04072,2026-03-01,DOWNGRADED,SYNTHETIC_OUTCOME
PAI-04073,2026-03-01,COMPLETED,SYNTHETIC_OUTCOME
PAI-04074,2026-03-01,COMPLETED,SYNTHETIC_OUTCOME
PAI-04075,2026-03-01,COMPLETED,SYNTHETIC_OUTCOME
PAI-04076,2026-03-01,COMPLETED,SYNTHETIC_OUTCOME
PAI-04077,2026-03-01,COMPLETED,SYNTHETIC_OUTCOME
PAI-04078,2026-03-01,COMPLETED,SYNTHETIC_OUTCOME
PAI-04079,2026-03-01,COMPLETED,SYNTHETIC_OUTCOME
PAI-04080,2026-03-01,COMPLETED,SYNTHETIC_OUTCOME
PAI-04081,2026-03-01,COMPLETED,SYNTHETIC_OUTCOME
PAI-04082,2026-03-01,COMPLETED,SYNTHETIC_OUTCOME
PAI-04083,2026-03-01,DOWNGRADED,SYNTHETIC_OUTCOME
PAI-04084,2026-03-01,COMPLETED,SYNTHETIC_OUTCOME
PAI-04085,2026-03-01,TERMINATED,SYNTHETIC_OUTCOME
PAI-04086,2026-03-01,FROZEN,SYNTHETIC_OUTCOME
PAI-04087,2026-03-01,COMPLETED,SYNTHETIC_OUTCOME
PAI-04088,2026-03-01,COMPLETED,SYNTHETIC_OUTCOME
PAI-04089,2026-03-01,COMPLETED,SYNTHETIC_OUTCOME
PAI-04090,2026-03-01,COMPLETED,SYNTHETIC_OUTCOME
PAI-04091,2026-03-01,FROZEN,SYNTHETIC_OUTCOME
PAI-04092,2026-03-01,COMPLETED,SYNTHETIC_OUTCOME
PAI-04093,2026-03-01,COMPLETED,SYNTHETIC_OUTCOME
PAI-04094,2026-03-01,COMPLETED,SYNTHETIC_OUTCOME
PAI-04095,2026-03-01,COMPLETED,SYNTHETIC_OUTCOME
PAI-04096,2026-03-01,DROPPED,SYNTHETIC_OUTCOME
PAI-04097,2026-03-01,COMPLETED,SYNTHETIC_OUTCOME
PAI-04098,2026-03-01,COMPLETED,SYNTHETIC_OUTCOME
PAI-04099,2026-03-01,COMPLETED,SYNTHETIC_OUTCOME
PAI-04100,2026-03-01,COMPLETED,SYNTHETIC_OUTCOME
PAI-04101,2026-03-01,COMPLETED,SYNTHETIC_OUTCOME
PAI-04102,2026-03-01,FROZEN,SYNTHETIC_OUTCOME
PAI-04103,2026-03-01,COMPLETED,SYNTHETIC_OUTCOME
PAI-04104,2026-03-01,FROZEN,SYNTHETIC_OUTCOME
PAI-04105,2026-03-01,CANCELLED,SYNTHETIC_OUTCOME
PAI-04106,2026-03-01,COMPLETED,SYNTHETIC_OUTCOME
PAI-04107,2026-03-01,COMPLETED,SYNTHETIC_OUTCOME
PAI-04108,2026-03-01,COMPLETED,SYNTHETIC_OUTCOME
PAI-04109,2026-03-01,COMPLETED,SYNTHETIC_OUTCOME
PAI-04110,2026-03-01,COMPLETED,SYNTHETIC_OUTCOME
PAI-04111,2026-03-01,COMPLETED,SYNTHETIC_OUTCOME
PAI-04112,2026-03-01,COMPLETED,SYNTHETIC_OUTCOME
PAI-04113,2026-03-01,COMPLETED,SYNTHETIC_OUTCOME
PAI-04114,2026-03-01,COMPLETED,SYNTHETIC_OUTCOME
PAI-04115,2026-03-01,COMPLETED,SYNTHETIC_OUTCOME
PAI-04116,2026-03-01,COMPLETED,SYNTHETIC_OUTCOME
PAI-04117,2026-03-01,DOWNGRADED,SYNTHETIC_OUTCOME
PAI-04118,2026-03-01,FROZEN,SYNTHETIC_OUTCOME
PAI-04119,2026-03-01,DOWNGRADED,SYNTHETIC_OUTCOME
PAI-04120,2026-03-01,COMPLETED,SYNTHETIC_OUTCOME
PAI-04121,2026-03-01,COMPLETED,SYNTHETIC_OUTCOME
PAI-04122,2026-03-01,CANCELLED,SYNTHETIC_OUTCOME
PAI-04123,2026-03-01,COMPLETED,SYNTHETIC_OUTCOME
PAI-04124,2026-03-01,COMPLETED,SYNTHETIC_OUTCOME
PAI-04125,2026-03-01,COMPLETED,SYNTHETIC_OUTCOME
PAI-04126,2026-03-01,COMPLETED,SYNTHETIC_OUTCOME
PAI-04127,2026-03-01,COMPLETED,SYNTHETIC_OUTCOME
PAI-04128,2026-03-01,COMPLETED,SYNTHETIC_OUTCOME
PAI-04129,2026-03-01,DOWNGRADED,SYNTHETIC_OUTCOME
PAI-04130,2026-03-01,COMPLETED,SYNTHETIC_OUTCOME
PAI-04131,2026-03-01,COMPLETED,SYNTHETIC_OUTCOME
PAI-04132,2026-03-01,COMPLETED,SYNTHETIC_OUTCOME
PAI-04133,2026-03-01,TERMINATED,SYNTHETIC_OUTCOME
PAI-04134,2026-03-01,COMPLETED,SYNTHETIC_OUTCOME
PAI-04135,2026-03-01,COMPLETED,SYNTHETIC_OUTCOME
PAI-04136,2026-03-01,TERMINATED,SYNTHETIC_OUTCOME
PAI-04137,2026-03-01,COMPLETED,SYNTHETIC_OUTCOME
PAI-04138,2026-03-01,COMPLETED,SYNTHETIC_OUTCOME
PAI-04139,2026-03-01,COMPLETED,SYNTHETIC_OUTCOME
PAI-04140,2026-03-01,DOWNGRADED,SYNTHETIC_OUTCOME
PAI-04141,2026-03-01,COMPLETED,SYNTHETIC_OUTCOME
PAI-04142,2026-03-01,COMPLETED,SYNTHETIC_OUTCOME
PAI-04143,2026-03-01,COMPLETED,SYNTHETIC_OUTCOME
PAI-04144,2026-03-01,COMPLETED,SYNTHETIC_OUTCOME
PAI-04145,2026-03-01,COMPLETED,SYNTHETIC_OUTCOME
PAI-04146,2026-03-01,COMPLETED,SYNTHETIC_OUTCOME
PAI-04147,2026-03-01,FROZEN,SYNTHETIC_OUTCOME
PAI-04148,2026-03-01,COMPLETED,SYNTHETIC_OUTCOME
PAI-04149,2026-03-01,COMPLETED,SYNTHETIC_OUTCOME
PAI-04150,2026-03-01,COMPLETED,SYNTHETIC_OUTCOME
PAI-04151,2026-03-01,CANCELLED,SYNTHETIC_OUTCOME
PAI-04152,2026-03-01,TERMINATED,SYNTHETIC_OUTCOME
PAI-04153,2026-03-01,COMPLETED,SYNTHETIC_OUTCOME
PAI-04154,2026-03-01,TERMINATED,SYNTHETIC_OUTCOME
PAI-04155,2026-03-01,COMPLETED,SYNTHETIC_OUTCOME
PAI-04156,2026-03-01,COMPLETED,SYNTHETIC_OUTCOME
PAI-04157,2026-03-01,FROZEN,SYNTHETIC_OUTCOME
PAI-04158,2026-03-01,DOWNGRADED,SYNTHETIC_OUTCOME
PAI-04159,2026-03-01,COMPLETED,SYNTHETIC_OUTCOME
PAI-04160,2026-03-01,COMPLETED,SYNTHETIC_OUTCOME
PAI-04161,2026-03-01,COMPLETED,SYNTHETIC_OUTCOME
PAI-04162,2026-03-01,COMPLETED,SYNTHETIC_OUTCOME
PAI-04163,2026-03-01,COMPLETED,SYNTHETIC_OUTCOME
PAI-04164,2026-03-01,COMPLETED,SYNTHETIC_OUTCOME
PAI-04165,2026-03-01,FROZEN,SYNTHETIC_OUTCOME
PAI-04166,2026-03-01,COMPLETED,SYNTHETIC_OUTCOME
PAI-04167,2026-03-01,FROZEN,SYNTHETIC_OUTCOME
PAI-04168,2026-03-01,COMPLETED,SYNTHETIC_OUTCOME
PAI-04169,2026-03-01,COMPLETED,SYNTHETIC_OUTCOME
PAI-04170,2026-03-01,COMPLETED,SYNTHETIC_OUTCOME
PAI-04171,2026-03-01,COMPLETED,SYNTHETIC_OUTCOME
PAI-04172,2026-03-01,ABANDONED,SYNTHETIC_OUTCOME
PAI-04173,2026-03-01,COMPLETED,SYNTHETIC_OUTCOME
PAI-04174,2026-03-01,COMPLETED,SYNTHETIC_OUTCOME
PAI-04175,2026-03-01,COMPLETED,SYNTHETIC_OUTCOME
PAI-04176,2026-03-01,COMPLETED,SYNTHETIC_OUTCOME
PAI-04177,2026-03-01,COMPLETED,SYNTHETIC_OUTCOME
PAI-04178,2026-03-01,COMPLETED,SYNTHETIC_OUTCOME
PAI-04179,2026-03-01,COMPLETED,SYNTHETIC_OUTCOME
PAI-04180,2026-03-01,COMPLETED,SYNTHETIC_OUTCOME
PAI-04181,2026-03-01,DOWNGRADED,SYNTHETIC_OUTCOME
PAI-04182,2026-03-01,COMPLETED,SYNTHETIC_OUTCOME
PAI-04183,2026-03-01,COMPLETED,SYNTHETIC_OUTCOME
PAI-04184,2026-03-01,COMPLETED,SYNTHETIC_OUTCOME
PAI-04185,2026-03-01,DOWNGRADED,SYNTHETIC_OUTCOME
PAI-04186,2026-03-01,COMPLETED,SYNTHETIC_OUTCOME
PAI-04187,2026-03-01,COMPLETED,SYNTHETIC_OUTCOME
PAI-04188,2026-03-01,COMPLETED,SYNTHETIC_OUTCOME
PAI-04189,2026-03-01,DOWNGRADED,SYNTHETIC_OUTCOME
PAI-04190,2026-03-01,COMPLETED,SYNTHETIC_OUTCOME
PAI-04191,2026-03-01,COMPLETED,SYNTHETIC_OUTCOME
PAI-04192,2026-03-01,DOWNGRADED,SYNTHETIC_OUTCOME
PAI-04193,2026-03-01,COMPLETED,SYNTHETIC_OUTCOME
PAI-04194,2026-03-01,COMPLETED,SYNTHETIC_OUTCOME
PAI-04195,2026-03-01,CANCELLED,SYNTHETIC_OUTCOME
PAI-04196,2026-03-01,COMPLETED,SYNTHETIC_OUTCOME
PAI-04197,2026-03-01,COMPLETED,SYNTHETIC_OUTCOME
PAI-04198,2026-03-01,DOWNGRADED,SYNTHETIC_OUTCOME
PAI-04199,2026-03-01,COMPLETED,SYNTHETIC_OUTCOME
PAI-04200,2026-03-01,COMPLETED,SYNTHETIC_OUTCOME
PAI-04201,2026-03-01,CANCELLED,SYNTHETIC_OUTCOME
PAI-04202,2026-03-01,COMPLETED,SYNTHETIC_OUTCOME
PAI-04203,2026-03-01,COMPLETED,SYNTHETIC_OUTCOME
PAI-04204,2026-03-01,COMPLETED,SYNTHETIC_OUTCOME
PAI-04205,2026-03-01,COMPLETED,SYNTHETIC_OUTCOME
PAI-04206,2026-03-01,COMPLETED,SYNTHETIC_OUTCOME
PAI-04207,2026-03-01,COMPLETED,SYNTHETIC_OUTCOME
PAI-04208,2026-03-01,COMPLETED,SYNTHETIC_OUTCOME
PAI-04209,2026-03-01,COMPLETED,SYNTHETIC_OUTCOME
PAI-04210,2026-03-01,COMPLETED,SYNTHETIC_OUTCOME
PAI-04211,2026-03-01,COMPLETED,SYNTHETIC_OUTCOME
PAI-04212,2026-03-01,COMPLETED,SYNTHETIC_OUTCOME
PAI-04213,2026-03-01,COMPLETED,SYNTHETIC_OUTCOME
PAI-04214,2026-03-01,COMPLETED,SYNTHETIC_OUTCOME
PAI-04215,2026-03-01,COMPLETED,SYNTHETIC_OUTCOME
PAI-04216,2026-03-01,COMPLETED,SYNTHETIC_OUTCOME
PAI-04217,2026-03-01,FROZEN,SYNTHETIC_OUTCOME
PAI-04218,2026-03-01,COMPLETED,SYNTHETIC_OUTCOME
PAI-04219,2026-03-01,COMPLETED,SYNTHETIC_OUTCOME
PAI-04220,2026-03-01,FROZEN,SYNTHETIC_OUTCOME
PAI-04221,2026-03-01,COMPLETED,SYNTHETIC_OUTCOME
PAI-04222,2026-03-01,COMPLETED,SYNTHETIC_OUTCOME
PAI-04223,2026-03-01,COMPLETED,SYNTHETIC_OUTCOME
PAI-04224,2026-03-01,FROZEN,SYNTHETIC_OUTCOME
PAI-04225,2026-03-01,COMPLETED,SYNTHETIC_OUTCOME
PAI-04226,2026-03-01,COMPLETED,SYNTHETIC_OUTCOME
PAI-04227,2026-03-01,COMPLETED,SYNTHETIC_OUTCOME
PAI-04228,2026-03-01,COMPLETED,SYNTHETIC_OUTCOME
PAI-04229,2026-03-01,COMPLETED,SYNTHETIC_OUTCOME
PAI-04230,2026-03-01,COMPLETED,SYNTHETIC_OUTCOME
PAI-04231,2026-03-01,CANCELLED,SYNTHETIC_OUTCOME
PAI-04232,2026-03-01,DOWNGRADED,SYNTHETIC_OUTCOME
PAI-04233,2026-03-01,CANCELLED,SYNTHETIC_OUTCOME
PAI-04234,2026-03-01,COMPLETED,SYNTHETIC_OUTCOME
PAI-04235,2026-03-01,COMPLETED,SYNTHETIC_OUTCOME
PAI-04236,2026-03-01,COMPLETED,SYNTHETIC_OUTCOME
PAI-04237,2026-03-01,COMPLETED,SYNTHETIC_OUTCOME
PAI-04238,2026-03-01,COMPLETED,SYNTHETIC_OUTCOME
PAI-04239,2026-03-01,COMPLETED,SYNTHETIC_OUTCOME
PAI-04240,2026-03-01,COMPLETED,SYNTHETIC_OUTCOME
PAI-04241,2026-03-01,COMPLETED,SYNTHETIC_OUTCOME
PAI-04242,2026-03-01,COMPLETED,SYNTHETIC_OUTCOME
PAI-04243,2026-03-01,COMPLETED,SYNTHETIC_OUTCOME
PAI-04244,2026-03-01,COMPLETED,SYNTHETIC_OUTCOME
PAI-04245,2026-03-01,COMPLETED,SYNTHETIC_OUTCOME
PAI-04246,2026-03-01,COMPLETED,SYNTHETIC_OUTCOME
PAI-04247,2026-03-01,COMPLETED,SYNTHETIC_OUTCOME
PAI-04248,2026-03-01,COMPLETED,SYNTHETIC_OUTCOME
PAI-04249,2026-03-01,COMPLETED,SYNTHETIC_OUTCOME
PAI-04250,2026-03-01,COMPLETED,SYNTHETIC_OUTCOME
PAI-04251,2026-03-01,CANCELLED,SYNTHETIC_OUTCOME
PAI-04252,2026-03-01,COMPLETED,SYNTHETIC_OUTCOME
PAI-04253,2026-03-01,TERMINATED,SYNTHETIC_OUTCOME
PAI-04254,2026-03-01,COMPLETED,SYNTHETIC_OUTCOME
PAI-04255,2026-03-01,COMPLETED,SYNTHETIC_OUTCOME
PAI-04256,2026-03-01,COMPLETED,SYNTHETIC_OUTCOME
PAI-04257,2026-03-01,COMPLETED,SYNTHETIC_OUTCOME
PAI-04258,2026-03-01,COMPLETED,SYNTHETIC_OUTCOME
PAI-04259,2026-03-01,COMPLETED,SYNTHETIC_OUTCOME
PAI-04260,2026-03-01,COMPLETED,SYNTHETIC_OUTCOME
PAI-04261,2026-03-01,COMPLETED,SYNTHETIC_OUTCOME
PAI-04262,2026-03-01,COMPLETED,SYNTHETIC_OUTCOME
PAI-04263,2026-03-01,COMPLETED,SYNTHETIC_OUTCOME
PAI-04264,2026-03-01,DOWNGRADED,SYNTHETIC_OUTCOME
PAI-04265,2026-03-01,COMPLETED,SYNTHETIC_OUTCOME
PAI-04266,2026-03-01,COMPLETED,SYNTHETIC_OUTCOME
PAI-04267,2026-03-01,COMPLETED,SYNTHETIC_OUTCOME
PAI-04268,2026-03-01,COMPLETED,SYNTHETIC_OUTCOME
PAI-04269,2026-03-01,COMPLETED,SYNTHETIC_OUTCOME
PAI-04270,2026-03-01,COMPLETED,SYNTHETIC_OUTCOME
PAI-04271,2026-03-01,COMPLETED,SYNTHETIC_OUTCOME
PAI-04272,2026-03-01,FROZEN,SYNTHETIC_OUTCOME
PAI-04273,2026-03-01,COMPLETED,SYNTHETIC_OUTCOME
PAI-04274,2026-03-01,COMPLETED,SYNTHETIC_OUTCOME
PAI-04275,2026-03-01,COMPLETED,SYNTHETIC_OUTCOME
PAI-04276,2026-03-01,COMPLETED,SYNTHETIC_OUTCOME
PAI-04277,2026-03-01,COMPLETED,SYNTHETIC_OUTCOME
PAI-04278,2026-03-01,COMPLETED,SYNTHETIC_OUTCOME
PAI-04279,2026-03-01,COMPLETED,SYNTHETIC_OUTCOME
PAI-04280,2026-03-01,COMPLETED,SYNTHETIC_OUTCOME
PAI-04281,2026-03-01,COMPLETED,SYNTHETIC_OUTCOME
PAI-04282,2026-03-01,COMPLETED,SYNTHETIC_OUTCOME
PAI-04283,2026-03-01,COMPLETED,SYNTHETIC_OUTCOME
PAI-04284,2026-03-01,DOWNGRADED,SYNTHETIC_OUTCOME
PAI-04285,2026-03-01,COMPLETED,SYNTHETIC_OUTCOME
PAI-04286,2026-03-01,COMPLETED,SYNTHETIC_OUTCOME
PAI-04287,2026-03-01,COMPLETED,SYNTHETIC_OUTCOME
PAI-04288,2026-03-01,COMPLETED,SYNTHETIC_OUTCOME
PAI-04289,2026-03-01,COMPLETED,SYNTHETIC_OUTCOME
PAI-04290,2026-03-01,DOWNGRADED,SYNTHETIC_OUTCOME
PAI-04291,2026-03-01,COMPLETED,SYNTHETIC_OUTCOME
PAI-04292,2026-03-01,COMPLETED,SYNTHETIC_OUTCOME
PAI-04293,2026-03-01,COMPLETED,SYNTHETIC_OUTCOME
PAI-04294,2026-03-01,ABANDONED,SYNTHETIC_OUTCOME
PAI-04295,2026-03-01,COMPLETED,SYNTHETIC_OUTCOME
PAI-04296,2026-03-01,COMPLETED,SYNTHETIC_OUTCOME
PAI-04297,2026-03-01,COMPLETED,SYNTHETIC_OUTCOME
PAI-04298,2026-03-01,COMPLETED,SYNTHETIC_OUTCOME
PAI-04299,2026-03-01,COMPLETED,SYNTHETIC_OUTCOME
PAI-04300,2026-03-01,COMPLETED,SYNTHETIC_OUTCOME
PAI-04301,2026-03-01,COMPLETED,SYNTHETIC_OUTCOME
PAI-04302,2026-03-01,COMPLETED,SYNTHETIC_OUTCOME
PAI-04303,2026-03-01,COMPLETED,SYNTHETIC_OUTCOME
PAI-04304,2026-03-01,COMPLETED,SYNTHETIC_OUTCOME
PAI-04305,2026-03-01,COMPLETED,SYNTHETIC_OUTCOME
PAI-04306,2026-03-01,COMPLETED,SYNTHETIC_OUTCOME
PAI-04307,2026-03-01,COMPLETED,SYNTHETIC_OUTCOME
PAI-04308,2026-03-01,COMPLETED,SYNTHETIC_OUTCOME
PAI-04309,2026-03-01,COMPLETED,SYNTHETIC_OUTCOME
PAI-04310,2026-03-01,FROZEN,SYNTHETIC_OUTCOME
PAI-04311,2026-03-01,CANCELLED,SYNTHETIC_OUTCOME
PAI-04312,2026-03-01,COMPLETED,SYNTHETIC_OUTCOME
PAI-04313,2026-03-01,COMPLETED,SYNTHETIC_OUTCOME
PAI-04314,2026-03-01,COMPLETED,SYNTHETIC_OUTCOME
PAI-04315,2026-03-01,COMPLETED,SYNTHETIC_OUTCOME
PAI-04316,2026-03-01,COMPLETED,SYNTHETIC_OUTCOME
PAI-04317,2026-03-01,COMPLETED,SYNTHETIC_OUTCOME
PAI-04318,2026-03-01,COMPLETED,SYNTHETIC_OUTCOME
PAI-04319,2026-03-01,FROZEN,SYNTHETIC_OUTCOME
PAI-04320,2026-03-01,COMPLETED,SYNTHETIC_OUTCOME
PAI-04321,2026-03-01,COMPLETED,SYNTHETIC_OUTCOME
PAI-04322,2026-03-01,COMPLETED,SYNTHETIC_OUTCOME
PAI-04323,2026-03-01,FROZEN,SYNTHETIC_OUTCOME
PAI-04324,2026-03-01,FROZEN,SYNTHETIC_OUTCOME
PAI-04325,2026-03-01,COMPLETED,SYNTHETIC_OUTCOME
PAI-04326,2026-03-01,COMPLETED,SYNTHETIC_OUTCOME
PAI-04327,2026-03-01,COMPLETED,SYNTHETIC_OUTCOME
PAI-04328,2026-03-01,COMPLETED,SYNTHETIC_OUTCOME
PAI-04329,2026-03-01,COMPLETED,SYNTHETIC_OUTCOME
PAI-04330,2026-03-01,COMPLETED,SYNTHETIC_OUTCOME
PAI-04331,2026-03-01,COMPLETED,SYNTHETIC_OUTCOME
PAI-04332,2026-03-01,COMPLETED,SYNTHETIC_OUTCOME
PAI-04333,2026-03-01,COMPLETED,SYNTHETIC_OUTCOME
PAI-04334,2026-03-01,COMPLETED,SYNTHETIC_OUTCOME
PAI-04335,2026-03-01,COMPLETED,SYNTHETIC_OUTCOME
PAI-04336,2026-03-01,COMPLETED,SYNTHETIC_OUTCOME
PAI-04337,2026-03-01,COMPLETED,SYNTHETIC_OUTCOME
PAI-04338,2026-03-01,COMPLETED,SYNTHETIC_OUTCOME
PAI-04339,2026-03-01,COMPLETED,SYNTHETIC_OUTCOME
PAI-04340,2026-03-01,COMPLETED,SYNTHETIC_OUTCOME
PAI-04341,2026-03-01,COMPLETED,SYNTHETIC_OUTCOME
PAI-04342,2026-03-01,COMPLETED,SYNTHETIC_OUTCOME
PAI-04343,2026-03-01,COMPLETED,SYNTHETIC_OUTCOME
PAI-04344,2026-03-01,COMPLETED,SYNTHETIC_OUTCOME
PAI-04345,2026-03-01,COMPLETED,SYNTHETIC_OUTCOME
PAI-04346,2026-03-01,COMPLETED,SYNTHETIC_OUTCOME
PAI-04347,2026-03-01,COMPLETED,SYNTHETIC_OUTCOME
PAI-04348,2026-03-01,COMPLETED,SYNTHETIC_OUTCOME
PAI-04349,2026-03-01,COMPLETED,SYNTHETIC_OUTCOME
PAI-04350,2026-03-01,TERMINATED,SYNTHETIC_OUTCOME
PAI-04351,2026-03-01,COMPLETED,SYNTHETIC_OUTCOME
PAI-04352,2026-03-01,COMPLETED,SYNTHETIC_OUTCOME
PAI-04353,2026-03-01,COMPLETED,SYNTHETIC_OUTCOME
PAI-04354,2026-03-01,DROPPED,SYNTHETIC_OUTCOME
PAI-04355,2026-03-01,FROZEN,SYNTHETIC_OUTCOME
PAI-04356,2026-03-01,DOWNGRADED,SYNTHETIC_OUTCOME
PAI-04357,2026-03-01,COMPLETED,SYNTHETIC_OUTCOME
PAI-04358,2026-03-01,COMPLETED,SYNTHETIC_OUTCOME
PAI-04359,2026-03-01,CANCELLED,SYNTHETIC_OUTCOME
PAI-04360,2026-03-01,COMPLETED,SYNTHETIC_OUTCOME
PAI-04361,2026-03-01,COMPLETED,SYNTHETIC_OUTCOME
PAI-04362,2026-03-01,COMPLETED,SYNTHETIC_OUTCOME
PAI-04363,2026-03-01,DROPPED,SYNTHETIC_OUTCOME
PAI-04364,2026-03-01,COMPLETED,SYNTHETIC_OUTCOME
PAI-04365,2026-03-01,TERMINATED,SYNTHETIC_OUTCOME
PAI-04366,2026-03-01,FROZEN,SYNTHETIC_OUTCOME
PAI-04367,2026-03-01,COMPLETED,SYNTHETIC_OUTCOME
PAI-04368,2026-03-01,COMPLETED,SYNTHETIC_OUTCOME
PAI-04369,2026-03-01,COMPLETED,SYNTHETIC_OUTCOME
PAI-04370,2026-03-01,COMPLETED,SYNTHETIC_OUTCOME
PAI-04371,2026-03-01,COMPLETED,SYNTHETIC_OUTCOME
PAI-04372,2026-03-01,CANCELLED,SYNTHETIC_OUTCOME
PAI-04373,2026-03-01,COMPLETED,SYNTHETIC_OUTCOME
PAI-04374,2026-03-01,COMPLETED,SYNTHETIC_OUTCOME
PAI-04375,2026-03-01,COMPLETED,SYNTHETIC_OUTCOME
PAI-04376,2026-03-01,COMPLETED,SYNTHETIC_OUTCOME
PAI-04377,2026-03-01,COMPLETED,SYNTHETIC_OUTCOME
PAI-04378,2026-03-01,COMPLETED,SYNTHETIC_OUTCOME
PAI-04379,2026-03-01,COMPLETED,SYNTHETIC_OUTCOME
PAI-04380,2026-03-01,COMPLETED,SYNTHETIC_OUTCOME
PAI-04381,2026-03-01,COMPLETED,SYNTHETIC_OUTCOME
PAI-04382,2026-03-01,COMPLETED,SYNTHETIC_OUTCOME
PAI-04383,2026-03-01,FROZEN,SYNTHETIC_OUTCOME
PAI-04384,2026-03-01,COMPLETED,SYNTHETIC_OUTCOME
PAI-04385,2026-03-01,COMPLETED,SYNTHETIC_OUTCOME
PAI-04386,2026-03-01,COMPLETED,SYNTHETIC_OUTCOME
PAI-04387,2026-03-01,ABANDONED,SYNTHETIC_OUTCOME
PAI-04388,2026-03-01,TERMINATED,SYNTHETIC_OUTCOME
PAI-04389,2026-03-01,COMPLETED,SYNTHETIC_OUTCOME
PAI-04390,2026-03-01,FROZEN,SYNTHETIC_OUTCOME
PAI-04391,2026-03-01,COMPLETED,SYNTHETIC_OUTCOME
PAI-04392,2026-03-01,COMPLETED,SYNTHETIC_OUTCOME
PAI-04393,2026-03-01,COMPLETED,SYNTHETIC_OUTCOME
PAI-04394,2026-03-01,COMPLETED,SYNTHETIC_OUTCOME
PAI-04395,2026-03-01,COMPLETED,SYNTHETIC_OUTCOME
PAI-04396,2026-03-01,COMPLETED,SYNTHETIC_OUTCOME
PAI-04397,2026-03-01,TERMINATED,SYNTHETIC_OUTCOME
PAI-04398,2026-03-01,DOWNGRADED,SYNTHETIC_OUTCOME
PAI-04399,2026-03-01,COMPLETED,SYNTHETIC_OUTCOME
PAI-04400,2026-03-01,DROPPED,SYNTHETIC_OUTCOME
PAI-04401,2026-03-01,COMPLETED,SYNTHETIC_OUTCOME
PAI-04402,2026-03-01,COMPLETED,SYNTHETIC_OUTCOME
PAI-04403,2026-03-01,CANCELLED,SYNTHETIC_OUTCOME
PAI-04404,2026-03-01,COMPLETED,SYNTHETIC_OUTCOME
PAI-04405,2026-03-01,COMPLETED,SYNTHETIC_OUTCOME
PAI-04406,2026-03-01,COMPLETED,SYNTHETIC_OUTCOME
PAI-04407,2026-03-01,COMPLETED,SYNTHETIC_OUTCOME
PAI-04408,2026-03-01,FROZEN,SYNTHETIC_OUTCOME
PAI-04409,2026-03-01,FROZEN,SYNTHETIC_OUTCOME
PAI-04410,2026-03-01,TERMINATED,SYNTHETIC_OUTCOME
PAI-04411,2026-03-01,FROZEN,SYNTHETIC_OUTCOME
PAI-04412,2026-03-01,TERMINATED,SYNTHETIC_OUTCOME
PAI-04413,2026-03-01,FROZEN,SYNTHETIC_OUTCOME
PAI-04414,2026-03-01,FROZEN,SYNTHETIC_OUTCOME
PAI-04415,2026-03-01,COMPLETED,SYNTHETIC_OUTCOME
PAI-04416,2026-03-01,COMPLETED,SYNTHETIC_OUTCOME
PAI-04417,2026-03-01,COMPLETED,SYNTHETIC_OUTCOME
PAI-04418,2026-03-01,COMPLETED,SYNTHETIC_OUTCOME
PAI-04419,2026-03-01,CANCELLED,SYNTHETIC_OUTCOME
PAI-04420,2026-03-01,COMPLETED,SYNTHETIC_OUTCOME
PAI-04421,2026-03-01,COMPLETED,SYNTHETIC_OUTCOME
PAI-04422,2026-03-01,COMPLETED,SYNTHETIC_OUTCOME
PAI-04423,2026-03-01,COMPLETED,SYNTHETIC_OUTCOME
PAI-04424,2026-03-01,DOWNGRADED,SYNTHETIC_OUTCOME
PAI-04425,2026-03-01,COMPLETED,SYNTHETIC_OUTCOME
PAI-04426,2026-03-01,COMPLETED,SYNTHETIC_OUTCOME
PAI-04427,2026-03-01,CANCELLED,SYNTHETIC_OUTCOME
PAI-04428,2026-03-01,COMPLETED,SYNTHETIC_OUTCOME
PAI-04429,2026-03-01,COMPLETED,SYNTHETIC_OUTCOME
PAI-04430,2026-03-01,COMPLETED,SYNTHETIC_OUTCOME
PAI-04431,2026-03-01,COMPLETED,SYNTHETIC_OUTCOME
PAI-04432,2026-03-01,COMPLETED,SYNTHETIC_OUTCOME
PAI-04433,2026-03-01,COMPLETED,SYNTHETIC_OUTCOME
PAI-04434,2026-03-01,COMPLETED,SYNTHETIC_OUTCOME
PAI-04435,2026-03-01,COMPLETED,SYNTHETIC_OUTCOME
PAI-04436,2026-03-01,COMPLETED,SYNTHETIC_OUTCOME
PAI-04437,2026-03-01,COMPLETED,SYNTHETIC_OUTCOME
PAI-04438,2026-03-01,COMPLETED,SYNTHETIC_OUTCOME
PAI-04439,2026-03-01,COMPLETED,SYNTHETIC_OUTCOME
PAI-04440,2026-03-01,DROPPED,SYNTHETIC_OUTCOME
PAI-04441,2026-03-01,COMPLETED,SYNTHETIC_OUTCOME
PAI-04442,2026-03-01,COMPLETED,SYNTHETIC_OUTCOME
PAI-04443,2026-03-01,COMPLETED,SYNTHETIC_OUTCOME
PAI-04444,2026-03-01,COMPLETED,SYNTHETIC_OUTCOME
PAI-04445,2026-03-01,COMPLETED,SYNTHETIC_OUTCOME
PAI-04446,2026-03-01,COMPLETED,SYNTHETIC_OUTCOME
PAI-04447,2026-03-01,DOWNGRADED,SYNTHETIC_OUTCOME
PAI-04448,2026-03-01,COMPLETED,SYNTHETIC_OUTCOME
PAI-04449,2026-03-01,TERMINATED,SYNTHETIC_OUTCOME
PAI-04450,2026-03-01,COMPLETED,SYNTHETIC_OUTCOME
PAI-04451,2026-03-01,CANCELLED,SYNTHETIC_OUTCOME
PAI-04452,2026-03-01,COMPLETED,SYNTHETIC_OUTCOME
PAI-04453,2026-03-01,COMPLETED,SYNTHETIC_OUTCOME
PAI-04454,2026-03-01,FROZEN,SYNTHETIC_OUTCOME
PAI-04455,2026-03-01,COMPLETED,SYNTHETIC_OUTCOME
PAI-04456,2026-03-01,FROZEN,SYNTHETIC_OUTCOME
PAI-04457,2026-03-01,COMPLETED,SYNTHETIC_OUTCOME
PAI-04458,2026-03-01,COMPLETED,SYNTHETIC_OUTCOME
PAI-04459,2026-03-01,COMPLETED,SYNTHETIC_OUTCOME
PAI-04460,2026-03-01,FROZEN,SYNTHETIC_OUTCOME
PAI-04461,2026-03-01,COMPLETED,SYNTHETIC_OUTCOME
PAI-04462,2026-03-01,FROZEN,SYNTHETIC_OUTCOME
PAI-04463,2026-03-01,COMPLETED,SYNTHETIC_OUTCOME
PAI-04464,2026-03-01,DOWNGRADED,SYNTHETIC_OUTCOME
PAI-04465,2026-03-01,COMPLETED,SYNTHETIC_OUTCOME
PAI-04466,2026-03-01,COMPLETED,SYNTHETIC_OUTCOME
PAI-04467,2026-03-01,COMPLETED,SYNTHETIC_OUTCOME
PAI-04468,2026-03-01,COMPLETED,SYNTHETIC_OUTCOME
PAI-04469,2026-03-01,COMPLETED,SYNTHETIC_OUTCOME
PAI-04470,2026-03-01,COMPLETED,SYNTHETIC_OUTCOME
PAI-04471,2026-03-01,COMPLETED,SYNTHETIC_OUTCOME
PAI-04472,2026-03-01,COMPLETED,SYNTHETIC_OUTCOME
PAI-04473,2026-03-01,ABANDONED,SYNTHETIC_OUTCOME
PAI-04474,2026-03-01,COMPLETED,SYNTHETIC_OUTCOME
PAI-04475,2026-03-01,COMPLETED,SYNTHETIC_OUTCOME
PAI-04476,2026-03-01,COMPLETED,SYNTHETIC_OUTCOME
PAI-04477,2026-03-01,COMPLETED,SYNTHETIC_OUTCOME
PAI-04478,2026-03-01,COMPLETED,SYNTHETIC_OUTCOME
PAI-04479,2026-03-01,COMPLETED,SYNTHETIC_OUTCOME
PAI-04480,2026-03-01,COMPLETED,SYNTHETIC_OUTCOME
PAI-04481,2026-03-01,TERMINATED,SYNTHETIC_OUTCOME
PAI-04482,2026-03-01,COMPLETED,SYNTHETIC_OUTCOME
PAI-04483,2026-03-01,COMPLETED,SYNTHETIC_OUTCOME
PAI-04484,2026-03-01,COMPLETED,SYNTHETIC_OUTCOME
PAI-04485,2026-03-01,COMPLETED,SYNTHETIC_OUTCOME
PAI-04486,2026-03-01,COMPLETED,SYNTHETIC_OUTCOME
PAI-04487,2026-03-01,COMPLETED,SYNTHETIC_OUTCOME
PAI-04488,2026-03-01,ABANDONED,SYNTHETIC_OUTCOME
PAI-04489,2026-03-01,COMPLETED,SYNTHETIC_OUTCOME
PAI-04490,2026-03-01,COMPLETED,SYNTHETIC_OUTCOME
PAI-04491,2026-03-01,COMPLETED,SYNTHETIC_OUTCOME
PAI-04492,2026-03-01,COMPLETED,SYNTHETIC_OUTCOME
PAI-04493,2026-03-01,COMPLETED,SYNTHETIC_OUTCOME
PAI-04494,2026-03-01,FROZEN,SYNTHETIC_OUTCOME
PAI-04495,2026-03-01,COMPLETED,SYNTHETIC_OUTCOME
PAI-04496,2026-03-01,COMPLETED,SYNTHETIC_OUTCOME
PAI-04497,2026-03-01,COMPLETED,SYNTHETIC_OUTCOME
PAI-04498,2026-03-01,COMPLETED,SYNTHETIC_OUTCOME
PAI-04499,2026-03-01,COMPLETED,SYNTHETIC_OUTCOME
PAI-04500,2026-03-01,CANCELLED,SYNTHETIC_OUTCOME
PAI-04501,2026-03-01,COMPLETED,SYNTHETIC_OUTCOME
PAI-04502,2026-03-01,COMPLETED,SYNTHETIC_OUTCOME
PAI-04503,2026-03-01,COMPLETED,SYNTHETIC_OUTCOME
PAI-04504,2026-03-01,COMPLETED,SYNTHETIC_OUTCOME
PAI-04505,2026-03-01,COMPLETED,SYNTHETIC_OUTCOME
PAI-04506,2026-03-01,COMPLETED,SYNTHETIC_OUTCOME
PAI-04507,2026-03-01,CANCELLED,SYNTHETIC_OUTCOME
PAI-04508,2026-03-01,COMPLETED,SYNTHETIC_OUTCOME
PAI-04509,2026-03-01,COMPLETED,SYNTHETIC_OUTCOME
PAI-04510,2026-03-01,DROPPED,SYNTHETIC_OUTCOME
PAI-04511,2026-03-01,COMPLETED,SYNTHETIC_OUTCOME
PAI-04512,2026-03-01,COMPLETED,SYNTHETIC_OUTCOME
PAI-04513,2026-03-01,CANCELLED,SYNTHETIC_OUTCOME
PAI-04514,2026-03-01,COMPLETED,SYNTHETIC_OUTCOME
PAI-04515,2026-03-01,COMPLETED,SYNTHETIC_OUTCOME
PAI-04516,2026-03-01,COMPLETED,SYNTHETIC_OUTCOME
PAI-04517,2026-03-01,COMPLETED,SYNTHETIC_OUTCOME
PAI-04518,2026-03-01,COMPLETED,SYNTHETIC_OUTCOME
PAI-04519,2026-03-01,DROPPED,SYNTHETIC_OUTCOME
PAI-04520,2026-03-01,FROZEN,SYNTHETIC_OUTCOME
PAI-04521,2026-03-01,ABANDONED,SYNTHETIC_OUTCOME
PAI-04522,2026-03-01,COMPLETED,SYNTHETIC_OUTCOME
PAI-04523,2026-03-01,COMPLETED,SYNTHETIC_OUTCOME
PAI-04524,2026-03-01,COMPLETED,SYNTHETIC_OUTCOME
PAI-04525,2026-03-01,COMPLETED,SYNTHETIC_OUTCOME
PAI-04526,2026-03-01,COMPLETED,SYNTHETIC_OUTCOME
PAI-04527,2026-03-01,COMPLETED,SYNTHETIC_OUTCOME
PAI-04528,2026-03-01,COMPLETED,SYNTHETIC_OUTCOME
PAI-04529,2026-03-01,COMPLETED,SYNTHETIC_OUTCOME
PAI-04530,2026-03-01,DOWNGRADED,SYNTHETIC_OUTCOME
PAI-04531,2026-03-01,COMPLETED,SYNTHETIC_OUTCOME
PAI-04532,2026-03-01,COMPLETED,SYNTHETIC_OUTCOME
PAI-04533,2026-03-01,COMPLETED,SYNTHETIC_OUTCOME
PAI-04534,2026-03-01,COMPLETED,SYNTHETIC_OUTCOME
PAI-04535,2026-03-01,FROZEN,SYNTHETIC_OUTCOME
PAI-04536,2026-03-01,COMPLETED,SYNTHETIC_OUTCOME
PAI-04537,2026-03-01,COMPLETED,SYNTHETIC_OUTCOME
PAI-04538,2026-03-01,COMPLETED,SYNTHETIC_OUTCOME
PAI-04539,2026-03-01,COMPLETED,SYNTHETIC_OUTCOME
PAI-04540,2026-03-01,COMPLETED,SYNTHETIC_OUTCOME
PAI-04541,2026-03-01,COMPLETED,SYNTHETIC_OUTCOME
PAI-04542,2026-03-01,COMPLETED,SYNTHETIC_OUTCOME
PAI-04543,2026-03-01,COMPLETED,SYNTHETIC_OUTCOME
PAI-04544,2026-03-01,CANCELLED,SYNTHETIC_OUTCOME
PAI-04545,2026-03-01,COMPLETED,SYNTHETIC_OUTCOME
PAI-04546,2026-03-01,COMPLETED,SYNTHETIC_OUTCOME
PAI-04547,2026-03-01,COMPLETED,SYNTHETIC_OUTCOME
PAI-04548,2026-03-01,COMPLETED,SYNTHETIC_OUTCOME
PAI-04549,2026-03-01,COMPLETED,SYNTHETIC_OUTCOME
PAI-04550,2026-03-01,COMPLETED,SYNTHETIC_OUTCOME
PAI-04551,2026-03-01,COMPLETED,SYNTHETIC_OUTCOME
PAI-04552,2026-03-01,COMPLETED,SYNTHETIC_OUTCOME
PAI-04553,2026-03-01,COMPLETED,SYNTHETIC_OUTCOME
PAI-04554,2026-03-01,COMPLETED,SYNTHETIC_OUTCOME
PAI-04555,2026-03-01,COMPLETED,SYNTHETIC_OUTCOME
PAI-04556,2026-03-01,COMPLETED,SYNTHETIC_OUTCOME
PAI-04557,2026-03-01,COMPLETED,SYNTHETIC_OUTCOME
PAI-04558,2026-03-01,COMPLETED,SYNTHETIC_OUTCOME
PAI-04559,2026-03-01,CANCELLED,SYNTHETIC_OUTCOME
PAI-04560,2026-03-01,COMPLETED,SYNTHETIC_OUTCOME
PAI-04561,2026-03-01,COMPLETED,SYNTHETIC_OUTCOME
PAI-04562,2026-03-01,COMPLETED,SYNTHETIC_OUTCOME
PAI-04563,2026-03-01,COMPLETED,SYNTHETIC_OUTCOME
PAI-04564,2026-03-01,COMPLETED,SYNTHETIC_OUTCOME
PAI-04565,2026-03-01,COMPLETED,SYNTHETIC_OUTCOME
PAI-04566,2026-03-01,COMPLETED,SYNTHETIC_OUTCOME
PAI-04567,2026-03-01,COMPLETED,SYNTHETIC_OUTCOME
PAI-04568,2026-03-01,COMPLETED,SYNTHETIC_OUTCOME
PAI-04569,2026-03-01,COMPLETED,SYNTHETIC_OUTCOME
PAI-04570,2026-03-01,COMPLETED,SYNTHETIC_OUTCOME
PAI-04571,2026-03-01,COMPLETED,SYNTHETIC_OUTCOME
PAI-04572,2026-03-01,COMPLETED,SYNTHETIC_OUTCOME
PAI-04573,2026-03-01,FROZEN,SYNTHETIC_OUTCOME
PAI-04574,2026-03-01,DOWNGRADED,SYNTHETIC_OUTCOME
PAI-04575,2026-03-01,COMPLETED,SYNTHETIC_OUTCOME
PAI-04576,2026-03-01,COMPLETED,SYNTHETIC_OUTCOME
PAI-04577,2026-03-01,DOWNGRADED,SYNTHETIC_OUTCOME
PAI-04578,2026-03-01,FROZEN,SYNTHETIC_OUTCOME
PAI-04579,2026-03-01,COMPLETED,SYNTHETIC_OUTCOME
PAI-04580,2026-03-01,COMPLETED,SYNTHETIC_OUTCOME
PAI-04581,2026-03-01,COMPLETED,SYNTHETIC_OUTCOME
PAI-04582,2026-03-01,DOWNGRADED,SYNTHETIC_OUTCOME
PAI-04583,2026-03-01,COMPLETED,SYNTHETIC_OUTCOME
PAI-04584,2026-03-01,DOWNGRADED,SYNTHETIC_OUTCOME
PAI-04585,2026-03-01,COMPLETED,SYNTHETIC_OUTCOME
PAI-04586,2026-03-01,CANCELLED,SYNTHETIC_OUTCOME
PAI-04587,2026-03-01,COMPLETED,SYNTHETIC_OUTCOME
PAI-04588,2026-03-01,COMPLETED,SYNTHETIC_OUTCOME
PAI-04589,2026-03-01,COMPLETED,SYNTHETIC_OUTCOME
PAI-04590,2026-03-01,COMPLETED,SYNTHETIC_OUTCOME
PAI-04591,2026-03-01,DOWNGRADED,SYNTHETIC_OUTCOME
PAI-04592,2026-03-01,COMPLETED,SYNTHETIC_OUTCOME
PAI-04593,2026-03-01,DOWNGRADED,SYNTHETIC_OUTCOME
PAI-04594,2026-03-01,COMPLETED,SYNTHETIC_OUTCOME
PAI-04595,2026-03-01,COMPLETED,SYNTHETIC_OUTCOME
PAI-04596,2026-03-01,COMPLETED,SYNTHETIC_OUTCOME
PAI-04597,2026-03-01,COMPLETED,SYNTHETIC_OUTCOME
PAI-04598,2026-03-01,COMPLETED,SYNTHETIC_OUTCOME
PAI-04599,2026-03-01,COMPLETED,SYNTHETIC_OUTCOME
PAI-04600,2026-03-01,COMPLETED,SYNTHETIC_OUTCOME
PAI-04601,2026-03-01,COMPLETED,SYNTHETIC_OUTCOME
PAI-04602,2026-03-01,COMPLETED,SYNTHETIC_OUTCOME
PAI-04603,2026-03-01,COMPLETED,SYNTHETIC_OUTCOME
PAI-04604,2026-03-01,DOWNGRADED,SYNTHETIC_OUTCOME
PAI-04605,2026-03-01,COMPLETED,SYNTHETIC_OUTCOME
PAI-04606,2026-03-01,COMPLETED,SYNTHETIC_OUTCOME
PAI-04607,2026-03-01,COMPLETED,SYNTHETIC_OUTCOME
PAI-04608,2026-03-01,COMPLETED,SYNTHETIC_OUTCOME
PAI-04609,2026-03-01,COMPLETED,SYNTHETIC_OUTCOME
PAI-04610,2026-03-01,COMPLETED,SYNTHETIC_OUTCOME
PAI-04611,2026-03-01,COMPLETED,SYNTHETIC_OUTCOME
PAI-04612,2026-03-01,FROZEN,SYNTHETIC_OUTCOME
PAI-04613,2026-03-01,COMPLETED,SYNTHETIC_OUTCOME
PAI-04614,2026-03-01,COMPLETED,SYNTHETIC_OUTCOME
PAI-04615,2026-03-01,COMPLETED,SYNTHETIC_OUTCOME
PAI-04616,2026-03-01,COMPLETED,SYNTHETIC_OUTCOME
PAI-04617,2026-03-01,COMPLETED,SYNTHETIC_OUTCOME
PAI-04618,2026-03-01,COMPLETED,SYNTHETIC_OUTCOME
PAI-04619,2026-03-01,COMPLETED,SYNTHETIC_OUTCOME
PAI-04620,2026-03-01,COMPLETED,SYNTHETIC_OUTCOME
PAI-04621,2026-03-01,FROZEN,SYNTHETIC_OUTCOME
PAI-04622,2026-03-01,FROZEN,SYNTHETIC_OUTCOME
PAI-04623,2026-03-01,COMPLETED,SYNTHETIC_OUTCOME
PAI-04624,2026-03-01,DOWNGRADED,SYNTHETIC_OUTCOME
PAI-04625,2026-03-01,COMPLETED,SYNTHETIC_OUTCOME
PAI-04626,2026-03-01,DOWNGRADED,SYNTHETIC_OUTCOME
PAI-04627,2026-03-01,COMPLETED,SYNTHETIC_OUTCOME
PAI-04628,2026-03-01,COMPLETED,SYNTHETIC_OUTCOME
PAI-04629,2026-03-01,COMPLETED,SYNTHETIC_OUTCOME
PAI-04630,2026-03-01,COMPLETED,SYNTHETIC_OUTCOME
PAI-04631,2026-03-01,COMPLETED,SYNTHETIC_OUTCOME
PAI-04632,2026-03-01,COMPLETED,SYNTHETIC_OUTCOME
PAI-04633,2026-03-01,COMPLETED,SYNTHETIC_OUTCOME
PAI-04634,2026-03-01,COMPLETED,SYNTHETIC_OUTCOME
PAI-04635,2026-03-01,COMPLETED,SYNTHETIC_OUTCOME
PAI-04636,2026-03-01,COMPLETED,SYNTHETIC_OUTCOME
PAI-04637,2026-03-01,DOWNGRADED,SYNTHETIC_OUTCOME
PAI-04638,2026-03-01,COMPLETED,SYNTHETIC_OUTCOME
PAI-04639,2026-03-01,DROPPED,SYNTHETIC_OUTCOME
PAI-04640,2026-03-01,COMPLETED,SYNTHETIC_OUTCOME
PAI-04641,2026-03-01,FROZEN,SYNTHETIC_OUTCOME
PAI-04642,2026-03-01,FROZEN,SYNTHETIC_OUTCOME
PAI-04643,2026-03-01,COMPLETED,SYNTHETIC_OUTCOME
PAI-04644,2026-03-01,DOWNGRADED,SYNTHETIC_OUTCOME
PAI-04645,2026-03-01,COMPLETED,SYNTHETIC_OUTCOME
PAI-04646,2026-03-01,COMPLETED,SYNTHETIC_OUTCOME
PAI-04647,2026-03-01,COMPLETED,SYNTHETIC_OUTCOME
PAI-04648,2026-03-01,COMPLETED,SYNTHETIC_OUTCOME
PAI-04649,2026-03-01,FROZEN,SYNTHETIC_OUTCOME
PAI-04650,2026-03-01,COMPLETED,SYNTHETIC_OUTCOME
PAI-04651,2026-03-01,DOWNGRADED,SYNTHETIC_OUTCOME
PAI-04652,2026-03-01,COMPLETED,SYNTHETIC_OUTCOME
PAI-04653,2026-03-01,COMPLETED,SYNTHETIC_OUTCOME
PAI-04654,2026-03-01,COMPLETED,SYNTHETIC_OUTCOME
PAI-04655,2026-03-01,COMPLETED,SYNTHETIC_OUTCOME
PAI-04656,2026-03-01,COMPLETED,SYNTHETIC_OUTCOME
PAI-04657,2026-03-01,TERMINATED,SYNTHETIC_OUTCOME
PAI-04658,2026-03-01,COMPLETED,SYNTHETIC_OUTCOME
PAI-04659,2026-03-01,COMPLETED,SYNTHETIC_OUTCOME
PAI-04660,2026-03-01,COMPLETED,SYNTHETIC_OUTCOME
PAI-04661,2026-03-01,COMPLETED,SYNTHETIC_OUTCOME
PAI-04662,2026-03-01,COMPLETED,SYNTHETIC_OUTCOME
PAI-04663,2026-03-01,COMPLETED,SYNTHETIC_OUTCOME
PAI-04664,2026-03-01,COMPLETED,SYNTHETIC_OUTCOME
PAI-04665,2026-03-01,COMPLETED,SYNTHETIC_OUTCOME
PAI-04666,2026-03-01,COMPLETED,SYNTHETIC_OUTCOME
PAI-04667,2026-03-01,DROPPED,SYNTHETIC_OUTCOME
PAI-04668,2026-03-01,COMPLETED,SYNTHETIC_OUTCOME
PAI-04669,2026-03-01,COMPLETED,SYNTHETIC_OUTCOME
PAI-04670,2026-03-01,COMPLETED,SYNTHETIC_OUTCOME
PAI-04671,2026-03-01,COMPLETED,SYNTHETIC_OUTCOME
PAI-04672,2026-03-01,COMPLETED,SYNTHETIC_OUTCOME
PAI-04673,2026-03-01,COMPLETED,SYNTHETIC_OUTCOME
PAI-04674,2026-03-01,COMPLETED,SYNTHETIC_OUTCOME
PAI-04675,2026-03-01,COMPLETED,SYNTHETIC_OUTCOME
PAI-04676,2026-03-01,COMPLETED,SYNTHETIC_OUTCOME
PAI-04677,2026-03-01,COMPLETED,SYNTHETIC_OUTCOME
PAI-04678,2026-03-01,DOWNGRADED,SYNTHETIC_OUTCOME
PAI-04679,2026-03-01,COMPLETED,SYNTHETIC_OUTCOME
PAI-04680,2026-03-01,FROZEN,SYNTHETIC_OUTCOME
PAI-04681,2026-03-01,COMPLETED,SYNTHETIC_OUTCOME
PAI-04682,2026-03-01,COMPLETED,SYNTHETIC_OUTCOME
PAI-04683,2026-03-01,FROZEN,SYNTHETIC_OUTCOME
PAI-04684,2026-03-01,COMPLETED,SYNTHETIC_OUTCOME
PAI-04685,2026-03-01,COMPLETED,SYNTHETIC_OUTCOME
PAI-04686,2026-03-01,COMPLETED,SYNTHETIC_OUTCOME
PAI-04687,2026-03-01,COMPLETED,SYNTHETIC_OUTCOME
PAI-04688,2026-03-01,COMPLETED,SYNTHETIC_OUTCOME
PAI-04689,2026-03-01,COMPLETED,SYNTHETIC_OUTCOME
PAI-04690,2026-03-01,COMPLETED,SYNTHETIC_OUTCOME
PAI-04691,2026-03-01,DOWNGRADED,SYNTHETIC_OUTCOME
PAI-04692,2026-03-01,FROZEN,SYNTHETIC_OUTCOME
PAI-04693,2026-03-01,COMPLETED,SYNTHETIC_OUTCOME
PAI-04694,2026-03-01,COMPLETED,SYNTHETIC_OUTCOME
PAI-04695,2026-03-01,COMPLETED,SYNTHETIC_OUTCOME
PAI-04696,2026-03-01,COMPLETED,SYNTHETIC_OUTCOME
PAI-04697,2026-03-01,COMPLETED,SYNTHETIC_OUTCOME
PAI-04698,2026-03-01,COMPLETED,SYNTHETIC_OUTCOME
PAI-04699,2026-03-01,COMPLETED,SYNTHETIC_OUTCOME
PAI-04700,2026-03-01,COMPLETED,SYNTHETIC_OUTCOME
PAI-04701,2026-03-01,COMPLETED,SYNTHETIC_OUTCOME
PAI-04702,2026-03-01,COMPLETED,SYNTHETIC_OUTCOME
PAI-04703,2026-03-01,COMPLETED,SYNTHETIC_OUTCOME
PAI-04704,2026-03-01,COMPLETED,SYNTHETIC_OUTCOME
PAI-04705,2026-03-01,DOWNGRADED,SYNTHETIC_OUTCOME
PAI-04706,2026-03-01,COMPLETED,SYNTHETIC_OUTCOME
PAI-04707,2026-03-01,COMPLETED,SYNTHETIC_OUTCOME
PAI-04708,2026-03-01,COMPLETED,SYNTHETIC_OUTCOME
PAI-04709,2026-03-01,TERMINATED,SYNTHETIC_OUTCOME
PAI-04710,2026-03-01,COMPLETED,SYNTHETIC_OUTCOME
PAI-04711,2026-03-01,COMPLETED,SYNTHETIC_OUTCOME
PAI-04712,2026-03-01,COMPLETED,SYNTHETIC_OUTCOME
PAI-04713,2026-03-01,COMPLETED,SYNTHETIC_OUTCOME
PAI-04714,2026-03-01,COMPLETED,SYNTHETIC_OUTCOME
PAI-04715,2026-03-01,COMPLETED,SYNTHETIC_OUTCOME
PAI-04716,2026-03-01,DOWNGRADED,SYNTHETIC_OUTCOME
PAI-04717,2026-03-01,COMPLETED,SYNTHETIC_OUTCOME
PAI-04718,2026-03-01,COMPLETED,SYNTHETIC_OUTCOME
PAI-04719,2026-03-01,COMPLETED,SYNTHETIC_OUTCOME
PAI-04720,2026-03-01,COMPLETED,SYNTHETIC_OUTCOME
PAI-04721,2026-03-01,DOWNGRADED,SYNTHETIC_OUTCOME
PAI-04722,2026-03-01,COMPLETED,SYNTHETIC_OUTCOME
PAI-04723,2026-03-01,COMPLETED,SYNTHETIC_OUTCOME
PAI-04724,2026-03-01,FROZEN,SYNTHETIC_OUTCOME
PAI-04725,2026-03-01,COMPLETED,SYNTHETIC_OUTCOME
PAI-04726,2026-03-01,COMPLETED,SYNTHETIC_OUTCOME
PAI-04727,2026-03-01,COMPLETED,SYNTHETIC_OUTCOME
PAI-04728,2026-03-01,COMPLETED,SYNTHETIC_OUTCOME
PAI-04729,2026-03-01,COMPLETED,SYNTHETIC_OUTCOME
PAI-04730,2026-03-01,COMPLETED,SYNTHETIC_OUTCOME
PAI-04731,2026-03-01,COMPLETED,SYNTHETIC_OUTCOME
PAI-04732,2026-03-01,COMPLETED,SYNTHETIC_OUTCOME
PAI-04733,2026-03-01,FROZEN,SYNTHETIC_OUTCOME
PAI-04734,2026-03-01,COMPLETED,SYNTHETIC_OUTCOME
PAI-04735,2026-03-01,COMPLETED,SYNTHETIC_OUTCOME
PAI-04736,2026-03-01,COMPLETED,SYNTHETIC_OUTCOME
PAI-04737,2026-03-01,COMPLETED,SYNTHETIC_OUTCOME
PAI-04738,2026-03-01,COMPLETED,SYNTHETIC_OUTCOME
PAI-04739,2026-03-01,COMPLETED,SYNTHETIC_OUTCOME
PAI-04740,2026-03-01,COMPLETED,SYNTHETIC_OUTCOME
PAI-04741,2026-03-01,COMPLETED,SYNTHETIC_OUTCOME
PAI-04742,2026-03-01,COMPLETED,SYNTHETIC_OUTCOME
PAI-04743,2026-03-01,COMPLETED,SYNTHETIC_OUTCOME
PAI-04744,2026-03-01,COMPLETED,SYNTHETIC_OUTCOME
PAI-04745,2026-03-01,FROZEN,SYNTHETIC_OUTCOME
PAI-04746,2026-03-01,COMPLETED,SYNTHETIC_OUTCOME
PAI-04747,2026-03-01,COMPLETED,SYNTHETIC_OUTCOME
PAI-04748,2026-03-01,FROZEN,SYNTHETIC_OUTCOME
PAI-04749,2026-03-01,DOWNGRADED,SYNTHETIC_OUTCOME
PAI-04750,2026-03-01,COMPLETED,SYNTHETIC_OUTCOME
PAI-04751,2026-03-01,CANCELLED,SYNTHETIC_OUTCOME
PAI-04752,2026-03-01,COMPLETED,SYNTHETIC_OUTCOME
PAI-04753,2026-03-01,COMPLETED,SYNTHETIC_OUTCOME
PAI-04754,2026-03-01,COMPLETED,SYNTHETIC_OUTCOME
PAI-04755,2026-03-01,COMPLETED,SYNTHETIC_OUTCOME
PAI-04756,2026-03-01,COMPLETED,SYNTHETIC_OUTCOME
PAI-04757,2026-03-01,COMPLETED,SYNTHETIC_OUTCOME
PAI-04758,2026-03-01,COMPLETED,SYNTHETIC_OUTCOME
PAI-04759,2026-03-01,COMPLETED,SYNTHETIC_OUTCOME
PAI-04760,2026-03-01,COMPLETED,SYNTHETIC_OUTCOME
PAI-04761,2026-03-01,FROZEN,SYNTHETIC_OUTCOME
PAI-04762,2026-03-01,FROZEN,SYNTHETIC_OUTCOME
PAI-04763,2026-03-01,COMPLETED,SYNTHETIC_OUTCOME
PAI-04764,2026-03-01,COMPLETED,SYNTHETIC_OUTCOME
PAI-04765,2026-03-01,COMPLETED,SYNTHETIC_OUTCOME
PAI-04766,2026-03-01,COMPLETED,SYNTHETIC_OUTCOME
PAI-04767,2026-03-01,COMPLETED,SYNTHETIC_OUTCOME
PAI-04768,2026-03-01,COMPLETED,SYNTHETIC_OUTCOME
PAI-04769,2026-03-01,DOWNGRADED,SYNTHETIC_OUTCOME
PAI-04770,2026-03-01,COMPLETED,SYNTHETIC_OUTCOME
PAI-04771,2026-03-01,DOWNGRADED,SYNTHETIC_OUTCOME
PAI-04772,2026-03-01,COMPLETED,SYNTHETIC_OUTCOME
PAI-04773,2026-03-01,COMPLETED,SYNTHETIC_OUTCOME
PAI-04774,2026-03-01,COMPLETED,SYNTHETIC_OUTCOME
PAI-04775,2026-03-01,COMPLETED,SYNTHETIC_OUTCOME
PAI-04776,2026-03-01,COMPLETED,SYNTHETIC_OUTCOME
PAI-04777,2026-03-01,DOWNGRADED,SYNTHETIC_OUTCOME
PAI-04778,2026-03-01,COMPLETED,SYNTHETIC_OUTCOME
PAI-04779,2026-03-01,FROZEN,SYNTHETIC_OUTCOME
PAI-04780,2026-03-01,COMPLETED,SYNTHETIC_OUTCOME
PAI-04781,2026-03-01,COMPLETED,SYNTHETIC_OUTCOME
PAI-04782,2026-03-01,COMPLETED,SYNTHETIC_OUTCOME
PAI-04783,2026-03-01,COMPLETED,SYNTHETIC_OUTCOME
PAI-04784,2026-03-01,COMPLETED,SYNTHETIC_OUTCOME
PAI-04785,2026-03-01,COMPLETED,SYNTHETIC_OUTCOME
PAI-04786,2026-03-01,COMPLETED,SYNTHETIC_OUTCOME
PAI-04787,2026-03-01,COMPLETED,SYNTHETIC_OUTCOME
PAI-04788,2026-03-01,COMPLETED,SYNTHETIC_OUTCOME
PAI-04789,2026-03-01,DOWNGRADED,SYNTHETIC_OUTCOME
PAI-04790,2026-03-01,COMPLETED,SYNTHETIC_OUTCOME
PAI-04791,2026-03-01,COMPLETED,SYNTHETIC_OUTCOME
PAI-04792,2026-03-01,COMPLETED,SYNTHETIC_OUTCOME
PAI-04793,2026-03-01,COMPLETED,SYNTHETIC_OUTCOME
PAI-04794,2026-03-01,COMPLETED,SYNTHETIC_OUTCOME
PAI-04795,2026-03-01,COMPLETED,SYNTHETIC_OUTCOME
PAI-04796,2026-03-01,COMPLETED,SYNTHETIC_OUTCOME
PAI-04797,2026-03-01,COMPLETED,SYNTHETIC_OUTCOME
PAI-04798,2026-03-01,COMPLETED,SYNTHETIC_OUTCOME
PAI-04799,2026-03-01,COMPLETED,SYNTHETIC_OUTCOME
PAI-04800,2026-03-01,TERMINATED,SYNTHETIC_OUTCOME
PAI-04801,2026-03-01,COMPLETED,SYNTHETIC_OUTCOME
PAI-04802,2026-03-01,COMPLETED,SYNTHETIC_OUTCOME
PAI-04803,2026-03-01,COMPLETED,SYNTHETIC_OUTCOME
PAI-04804,2026-03-01,DOWNGRADED,SYNTHETIC_OUTCOME
PAI-04805,2026-03-01,COMPLETED,SYNTHETIC_OUTCOME
PAI-04806,2026-03-01,COMPLETED,SYNTHETIC_OUTCOME
PAI-04807,2026-03-01,COMPLETED,SYNTHETIC_OUTCOME
PAI-04808,2026-03-01,COMPLETED,SYNTHETIC_OUTCOME
PAI-04809,2026-03-01,COMPLETED,SYNTHETIC_OUTCOME
PAI-04810,2026-03-01,TERMINATED,SYNTHETIC_OUTCOME
PAI-04811,2026-03-01,COMPLETED,SYNTHETIC_OUTCOME
PAI-04812,2026-03-01,COMPLETED,SYNTHETIC_OUTCOME
PAI-04813,2026-03-01,COMPLETED,SYNTHETIC_OUTCOME
PAI-04814,2026-03-01,COMPLETED,SYNTHETIC_OUTCOME
PAI-04815,2026-03-01,COMPLETED,SYNTHETIC_OUTCOME
PAI-04816,2026-03-01,COMPLETED,SYNTHETIC_OUTCOME
PAI-04817,2026-03-01,COMPLETED,SYNTHETIC_OUTCOME
PAI-04818,2026-03-01,COMPLETED,SYNTHETIC_OUTCOME
PAI-04819,2026-03-01,DROPPED,SYNTHETIC_OUTCOME
PAI-04820,2026-03-01,COMPLETED,SYNTHETIC_OUTCOME
PAI-04821,2026-03-01,COMPLETED,SYNTHETIC_OUTCOME
PAI-04822,2026-03-01,FROZEN,SYNTHETIC_OUTCOME
PAI-04823,2026-03-01,COMPLETED,SYNTHETIC_OUTCOME
PAI-04824,2026-03-01,COMPLETED,SYNTHETIC_OUTCOME
PAI-04825,2026-03-01,CANCELLED,SYNTHETIC_OUTCOME
PAI-04826,2026-03-01,COMPLETED,SYNTHETIC_OUTCOME
PAI-04827,2026-03-01,COMPLETED,SYNTHETIC_OUTCOME
PAI-04828,2026-03-01,COMPLETED,SYNTHETIC_OUTCOME
PAI-04829,2026-03-01,COMPLETED,SYNTHETIC_OUTCOME
PAI-04830,2026-03-01,COMPLETED,SYNTHETIC_OUTCOME
PAI-04831,2026-03-01,COMPLETED,SYNTHETIC_OUTCOME
PAI-04832,2026-03-01,COMPLETED,SYNTHETIC_OUTCOME
PAI-04833,2026-03-01,TERMINATED,SYNTHETIC_OUTCOME
PAI-04834,2026-03-01,COMPLETED,SYNTHETIC_OUTCOME
PAI-04835,2026-03-01,COMPLETED,SYNTHETIC_OUTCOME
PAI-04836,2026-03-01,COMPLETED,SYNTHETIC_OUTCOME
PAI-04837,2026-03-01,FROZEN,SYNTHETIC_OUTCOME
PAI-04838,2026-03-01,COMPLETED,SYNTHETIC_OUTCOME
PAI-04839,2026-03-01,TERMINATED,SYNTHETIC_OUTCOME
PAI-04840,2026-03-01,COMPLETED,SYNTHETIC_OUTCOME
PAI-04841,2026-03-01,COMPLETED,SYNTHETIC_OUTCOME
PAI-04842,2026-03-01,COMPLETED,SYNTHETIC_OUTCOME
PAI-04843,2026-03-01,FROZEN,SYNTHETIC_OUTCOME
PAI-04844,2026-03-01,COMPLETED,SYNTHETIC_OUTCOME
PAI-04845,2026-03-01,TERMINATED,SYNTHETIC_OUTCOME
PAI-04846,2026-03-01,COMPLETED,SYNTHETIC_OUTCOME
PAI-04847,2026-03-01,COMPLETED,SYNTHETIC_OUTCOME
PAI-04848,2026-03-01,COMPLETED,SYNTHETIC_OUTCOME
PAI-04849,2026-03-01,FROZEN,SYNTHETIC_OUTCOME
PAI-04850,2026-03-01,COMPLETED,SYNTHETIC_OUTCOME
PAI-04851,2026-03-01,COMPLETED,SYNTHETIC_OUTCOME
PAI-04852,2026-03-01,COMPLETED,SYNTHETIC_OUTCOME
PAI-04853,2026-03-01,COMPLETED,SYNTHETIC_OUTCOME
PAI-04854,2026-03-01,COMPLETED,SYNTHETIC_OUTCOME
PAI-04855,2026-03-01,CANCELLED,SYNTHETIC_OUTCOME
PAI-04856,2026-03-01,COMPLETED,SYNTHETIC_OUTCOME
PAI-04857,2026-03-01,DOWNGRADED,SYNTHETIC_OUTCOME
PAI-04858,2026-03-01,COMPLETED,SYNTHETIC_OUTCOME
PAI-04859,2026-03-01,COMPLETED,SYNTHETIC_OUTCOME
PAI-04860,2026-03-01,COMPLETED,SYNTHETIC_OUTCOME
PAI-04861,2026-03-01,COMPLETED,SYNTHETIC_OUTCOME
PAI-04862,2026-03-01,FROZEN,SYNTHETIC_OUTCOME
PAI-04863,2026-03-01,COMPLETED,SYNTHETIC_OUTCOME
PAI-04864,2026-03-01,COMPLETED,SYNTHETIC_OUTCOME
PAI-04865,2026-03-01,COMPLETED,SYNTHETIC_OUTCOME
PAI-04866,2026-03-01,COMPLETED,SYNTHETIC_OUTCOME
PAI-04867,2026-03-01,COMPLETED,SYNTHETIC_OUTCOME
PAI-04868,2026-03-01,COMPLETED,SYNTHETIC_OUTCOME
PAI-04869,2026-03-01,COMPLETED,SYNTHETIC_OUTCOME
PAI-04870,2026-03-01,COMPLETED,SYNTHETIC_OUTCOME
PAI-04871,2026-03-01,COMPLETED,SYNTHETIC_OUTCOME
PAI-04872,2026-03-01,COMPLETED,SYNTHETIC_OUTCOME
PAI-04873,2026-03-01,ABANDONED,SYNTHETIC_OUTCOME
PAI-04874,2026-03-01,COMPLETED,SYNTHETIC_OUTCOME
PAI-04875,2026-03-01,FROZEN,SYNTHETIC_OUTCOME
PAI-04876,2026-03-01,COMPLETED,SYNTHETIC_OUTCOME
PAI-04877,2026-03-01,COMPLETED,SYNTHETIC_OUTCOME
PAI-04878,2026-03-01,COMPLETED,SYNTHETIC_OUTCOME
PAI-04879,2026-03-01,COMPLETED,SYNTHETIC_OUTCOME
PAI-04880,2026-03-01,COMPLETED,SYNTHETIC_OUTCOME
PAI-04881,2026-03-01,COMPLETED,SYNTHETIC_OUTCOME
PAI-04882,2026-03-01,COMPLETED,SYNTHETIC_OUTCOME
PAI-04883,2026-03-01,COMPLETED,SYNTHETIC_OUTCOME
PAI-04884,2026-03-01,COMPLETED,SYNTHETIC_OUTCOME
PAI-04885,2026-03-01,COMPLETED,SYNTHETIC_OUTCOME
PAI-04886,2026-03-01,COMPLETED,SYNTHETIC_OUTCOME
PAI-04887,2026-03-01,COMPLETED,SYNTHETIC_OUTCOME
PAI-04888,2026-03-01,COMPLETED,SYNTHETIC_OUTCOME
PAI-04889,2026-03-01,COMPLETED,SYNTHETIC_OUTCOME
PAI-04890,2026-03-01,COMPLETED,SYNTHETIC_OUTCOME
PAI-04891,2026-03-01,COMPLETED,SYNTHETIC_OUTCOME
PAI-04892,2026-03-01,COMPLETED,SYNTHETIC_OUTCOME
PAI-04893,2026-03-01,COMPLETED,SYNTHETIC_OUTCOME
PAI-04894,2026-03-01,COMPLETED,SYNTHETIC_OUTCOME
PAI-04895,2026-03-01,COMPLETED,SYNTHETIC_OUTCOME
PAI-04896,2026-03-01,FROZEN,SYNTHETIC_OUTCOME
PAI-04897,2026-03-01,FROZEN,SYNTHETIC_OUTCOME
PAI-04898,2026-03-01,COMPLETED,SYNTHETIC_OUTCOME
PAI-04899,2026-03-01,COMPLETED,SYNTHETIC_OUTCOME
PAI-04900,2026-03-01,FROZEN,SYNTHETIC_OUTCOME
PAI-04901,2026-03-01,COMPLETED,SYNTHETIC_OUTCOME
PAI-04902,2026-03-01,COMPLETED,SYNTHETIC_OUTCOME
PAI-04903,2026-03-01,COMPLETED,SYNTHETIC_OUTCOME
PAI-04904,2026-03-01,COMPLETED,SYNTHETIC_OUTCOME
PAI-04905,2026-03-01,COMPLETED,SYNTHETIC_OUTCOME
PAI-04906,2026-03-01,COMPLETED,SYNTHETIC_OUTCOME
PAI-04907,2026-03-01,COMPLETED,SYNTHETIC_OUTCOME
PAI-04908,2026-03-01,COMPLETED,SYNTHETIC_OUTCOME
PAI-04909,2026-03-01,COMPLETED,SYNTHETIC_OUTCOME
PAI-04910,2026-03-01,COMPLETED,SYNTHETIC_OUTCOME
PAI-04911,2026-03-01,COMPLETED,SYNTHETIC_OUTCOME
PAI-04912,2026-03-01,COMPLETED,SYNTHETIC_OUTCOME
PAI-04913,2026-03-01,COMPLETED,SYNTHETIC_OUTCOME
PAI-04914,2026-03-01,COMPLETED,SYNTHETIC_OUTCOME
PAI-04915,2026-03-01,COMPLETED,SYNTHETIC_OUTCOME
PAI-04916,2026-03-01,FROZEN,SYNTHETIC_OUTCOME
PAI-04917,2026-03-01,COMPLETED,SYNTHETIC_OUTCOME
PAI-04918,2026-03-01,COMPLETED,SYNTHETIC_OUTCOME
PAI-04919,2026-03-01,COMPLETED,SYNTHETIC_OUTCOME
PAI-04920,2026-03-01,COMPLETED,SYNTHETIC_OUTCOME
PAI-04921,2026-03-01,COMPLETED,SYNTHETIC_OUTCOME
PAI-04922,2026-03-01,COMPLETED,SYNTHETIC_OUTCOME
PAI-04923,2026-03-01,COMPLETED,SYNTHETIC_OUTCOME
PAI-04924,2026-03-01,COMPLETED,SYNTHETIC_OUTCOME
PAI-04925,2026-03-01,DOWNGRADED,SYNTHETIC_OUTCOME
PAI-04926,2026-03-01,DOWNGRADED,SYNTHETIC_OUTCOME
PAI-04927,2026-03-01,COMPLETED,SYNTHETIC_OUTCOME
PAI-04928,2026-03-01,COMPLETED,SYNTHETIC_OUTCOME
PAI-04929,2026-03-01,COMPLETED,SYNTHETIC_OUTCOME
PAI-04930,2026-03-01,COMPLETED,SYNTHETIC_OUTCOME
PAI-04931,2026-03-01,COMPLETED,SYNTHETIC_OUTCOME
PAI-04932,2026-03-01,COMPLETED,SYNTHETIC_OUTCOME
PAI-04933,2026-03-01,COMPLETED,SYNTHETIC_OUTCOME
PAI-04934,2026-03-01,COMPLETED,SYNTHETIC_OUTCOME
PAI-04935,2026-03-01,CANCELLED,SYNTHETIC_OUTCOME
PAI-04936,2026-03-01,COMPLETED,SYNTHETIC_OUTCOME
PAI-04937,2026-03-01,COMPLETED,SYNTHETIC_OUTCOME
PAI-04938,2026-03-01,DOWNGRADED,SYNTHETIC_OUTCOME
PAI-04939,2026-03-01,COMPLETED,SYNTHETIC_OUTCOME
PAI-04940,2026-03-01,FROZEN,SYNTHETIC_OUTCOME
PAI-04941,2026-03-01,CANCELLED,SYNTHETIC_OUTCOME
PAI-04942,2026-03-01,COMPLETED,SYNTHETIC_OUTCOME
PAI-04943,2026-03-01,TERMINATED,SYNTHETIC_OUTCOME
PAI-04944,2026-03-01,FROZEN,SYNTHETIC_OUTCOME
PAI-04945,2026-03-01,COMPLETED,SYNTHETIC_OUTCOME
PAI-04946,2026-03-01,COMPLETED,SYNTHETIC_OUTCOME
PAI-04947,2026-03-01,COMPLETED,SYNTHETIC_OUTCOME
PAI-04948,2026-03-01,COMPLETED,SYNTHETIC_OUTCOME
PAI-04949,2026-03-01,COMPLETED,SYNTHETIC_OUTCOME
PAI-04950,2026-03-01,COMPLETED,SYNTHETIC_OUTCOME
PAI-04951,2026-03-01,COMPLETED,SYNTHETIC_OUTCOME
PAI-04952,2026-03-01,COMPLETED,SYNTHETIC_OUTCOME
PAI-04953,2026-03-01,DROPPED,SYNTHETIC_OUTCOME
PAI-04954,2026-03-01,COMPLETED,SYNTHETIC_OUTCOME
PAI-04955,2026-03-01,COMPLETED,SYNTHETIC_OUTCOME
PAI-04956,2026-03-01,COMPLETED,SYNTHETIC_OUTCOME
PAI-04957,2026-03-01,COMPLETED,SYNTHETIC_OUTCOME
PAI-04958,2026-03-01,FROZEN,SYNTHETIC_OUTCOME
PAI-04959,2026-03-01,COMPLETED,SYNTHETIC_OUTCOME
PAI-04960,2026-03-01,COMPLETED,SYNTHETIC_OUTCOME
PAI-04961,2026-03-01,COMPLETED,SYNTHETIC_OUTCOME
PAI-04962,2026-03-01,COMPLETED,SYNTHETIC_OUTCOME
PAI-04963,2026-03-01,COMPLETED,SYNTHETIC_OUTCOME
PAI-04964,2026-03-01,DOWNGRADED,SYNTHETIC_OUTCOME
PAI-04965,2026-03-01,FROZEN,SYNTHETIC_OUTCOME
PAI-04966,2026-03-01,COMPLETED,SYNTHETIC_OUTCOME
PAI-04967,2026-03-01,COMPLETED,SYNTHETIC_OUTCOME
PAI-04968,2026-03-01,COMPLETED,SYNTHETIC_OUTCOME
PAI-04969,2026-03-01,COMPLETED,SYNTHETIC_OUTCOME
PAI-04970,2026-03-01,COMPLETED,SYNTHETIC_OUTCOME
PAI-04971,2026-03-01,COMPLETED,SYNTHETIC_OUTCOME
PAI-04972,2026-03-01,COMPLETED,SYNTHETIC_OUTCOME
PAI-04973,2026-03-01,COMPLETED,SYNTHETIC_OUTCOME
PAI-04974,2026-03-01,TERMINATED,SYNTHETIC_OUTCOME
PAI-04975,2026-03-01,COMPLETED,SYNTHETIC_OUTCOME
PAI-04976,2026-03-01,DOWNGRADED,SYNTHETIC_OUTCOME
PAI-04977,2026-03-01,COMPLETED,SYNTHETIC_OUTCOME
PAI-04978,2026-03-01,COMPLETED,SYNTHETIC_OUTCOME
PAI-04979,2026-03-01,COMPLETED,SYNTHETIC_OUTCOME
PAI-04980,2026-03-01,COMPLETED,SYNTHETIC_OUTCOME
PAI-04981,2026-03-01,COMPLETED,SYNTHETIC_OUTCOME
PAI-04982,2026-03-01,COMPLETED,SYNTHETIC_OUTCOME
PAI-04983,2026-03-01,COMPLETED,SYNTHETIC_OUTCOME
PAI-04984,2026-03-01,COMPLETED,SYNTHETIC_OUTCOME
PAI-04985,2026-03-01,COMPLETED,SYNTHETIC_OUTCOME
PAI-04986,2026-03-01,COMPLETED,SYNTHETIC_OUTCOME
PAI-04987,2026-03-01,COMPLETED,SYNTHETIC_OUTCOME
PAI-04988,2026-03-01,TERMINATED,SYNTHETIC_OUTCOME
PAI-04989,2026-03-01,CANCELLED,SYNTHETIC_OUTCOME
PAI-04990,2026-03-01,COMPLETED,SYNTHETIC_OUTCOME
PAI-04991,2026-03-01,TERMINATED,SYNTHETIC_OUTCOME
PAI-04992,2026-03-01,COMPLETED,SYNTHETIC_OUTCOME
PAI-04993,2026-03-01,FROZEN,SYNTHETIC_OUTCOME
PAI-04994,2026-03-01,COMPLETED,SYNTHETIC_OUTCOME
PAI-04995,2026-03-01,COMPLETED,SYNTHETIC_OUTCOME
PAI-04996,2026-03-01,CANCELLED,SYNTHETIC_OUTCOME
PAI-04997,2026-03-01,COMPLETED,SYNTHETIC_OUTCOME
PAI-04998,2026-03-01,DOWNGRADED,SYNTHETIC_OUTCOME
PAI-04999,2026-03-01,DOWNGRADED,SYNTHETIC_OUTCOME
PAI-05000,2026-03-01,COMPLETED,SYNTHETIC_OUTCOME
