internal_project_id,project_code,legacy_ocms_code,pmgid,mapping_method,mapping_confidence
PAI-00001,PRJ-361471,OCMS-672225,PM-6714326,synthetic_direct_mapping,0.963
PAI-00002,PRJ-966509,OCMS-616829,PM-9865927,synthetic_direct_mapping,0.952
PAI-00003,PRJ-920946,OCMS-217802,PM-2806488,synthetic_direct_mapping,0.973
PAI-00004,PRJ-198367,OCMS-649066,PM-9496730,synthetic_direct_mapping,0.95
PAI-00005,PRJ-905574,OCMS-707373,PM-4789311,synthetic_direct_mapping,0.977
PAI-00006,PRJ-230713,OCMS-531234,PM-7520765,synthetic_direct_mapping,0.963
PAI-00007,PRJ-104797,OCMS-337468,PM-3590732,synthetic_direct_mapping,0.984
PAI-00008,PRJ-203966,OCMS-326306,PM-3419427,synthetic_direct_mapping,0.963
PAI-00009,PRJ-212569,OCMS-409859,PM-8037128,synthetic_direct_mapping,0.979
PAI-00010,PRJ-536706,OCMS-886219,PM-8406282,synthetic_direct_mapping,0.944
PAI-00011,PRJ-611275,OCMS-756923,PM-7082791,synthetic_direct_mapping,0.963
PAI-00012,PRJ-861136,OCMS-613180,PM-2526366,synthetic_direct_mapping,0.989
PAI-00013,PRJ-650344,OCMS-771698,PM-7399859,synthetic_direct_mapping,0.961
PAI-00014,PRJ-296584,OCMS-599904,PM-9370599,synthetic_direct_mapping,0.96
PAI-00015,PRJ-415294,OCMS-593839,PM-2586510,synthetic_direct_mapping,0.999
PAI-00016,PRJ-695455,OCMS-978286,PM-9047853,synthetic_direct_mapping,0.945
PAI-00017,PRJ-555069,OCMS-117533,PM-2508806,synthetic_direct_mapping,0.945
PAI-00018,PRJ-488146,OCMS-360463,PM-8448092,synthetic_direct_mapping,0.994
PAI-00019,PRJ-519503,OCMS-256944,PM-4693591,synthetic_direct_mapping,0.977
PAI-00020,PRJ-123450,OCMS-273693,PM-9852498,synthetic_direct_mapping,0.959
PAI-00021,PRJ-595690,OCMS-200681,PM-6678328,synthetic_direct_mapping,0.994
PAI-00022,PRJ-812443,OCMS-116975,PM-6138630,synthetic_direct_mapping,0.976
PAI-00023,PRJ-404460,OCMS-788872,PM-2899680,synthetic_direct_mapping,0.943
PAI-00024,PRJ-216125,OCMS-701437,PM-5717719,synthetic_direct_mapping,0.98
PAI-00025,PRJ-518836,OCMS-392808,PM-4647105,synthetic_direct_mapping,0.988
PAI-00026,PRJ-593920,OCMS-163643,PM-3535751,synthetic_direct_mapping,0.958
PAI-00027,PRJ-980944,OCMS-172063,PM-1792832,synthetic_direct_mapping,0.954
PAI-00028,PRJ-569259,OCMS-720009,PM-2185194,synthetic_direct_mapping,0.988
PAI-00029,PRJ-132076,OCMS-749768,PM-4679661,synthetic_direct_mapping,0.988
PAI-00030,PRJ-553740,OCMS-631013,PM-8989484,synthetic_direct_mapping,0.977
PAI-00031,PRJ-616937,OCMS-140065,PM-3019460,synthetic_direct_mapping,0.941
PAI-00032,PRJ-106738,OCMS-863827,PM-3223131,synthetic_direct_mapping,0.97
PAI-00033,PRJ-827784,OCMS-520522,PM-5404215,synthetic_direct_mapping,0.95
PAI-00034,PRJ-665602,OCMS-738437,PM-7026869,synthetic_direct_mapping,0.977
PAI-00035,PRJ-316697,OCMS-178724,PM-7659858,synthetic_direct_mapping,0.994
PAI-00036,PRJ-719338,OCMS-627470,PM-4855061,synthetic_direct_mapping,0.991
PAI-00037,PRJ-578383,OCMS-349733,PM-9697733,synthetic_direct_mapping,0.952
PAI-00038,PRJ-808755,OCMS-395132,PM-1088126,synthetic_direct_mapping,0.971
PAI-00039,PRJ-603687,OCMS-379301,PM-9480730,synthetic_direct_mapping,0.943
PAI-00040,PRJ-115465,OCMS-240991,PM-7523862,synthetic_direct_mapping,0.959
PAI-00041,PRJ-597937,OCMS-504289,PM-3853885,synthetic_direct_mapping,0.993
PAI-00042,PRJ-780970,OCMS-124508,PM-8099756,synthetic_direct_mapping,0.963
PAI-00043,PRJ-938395,OCMS-628967,PM-2004750,synthetic_direct_mapping,0.965
PAI-00044,PRJ-710137,OCMS-819414,PM-9244384,synthetic_direct_mapping,0.988
PAI-00045,PRJ-191156,OCMS-229178,PM-8947336,synthetic_direct_mapping,0.958
PAI-00046,PRJ-889381,OCMS-348792,PM-3063152,synthetic_direct_mapping,0.946
PAI-00047,PRJ-853481,OCMS-332765,PM-2709732,synthetic_direct_mapping,0.991
PAI-00048,PRJ-528219,OCMS-631546,PM-9378807,synthetic_direct_mapping,0.996
PAI-00049,PRJ-769243,OCMS-148447,PM-2220644,synthetic_direct_mapping,0.988
PAI-00050,PRJ-734443,OCMS-485690,PM-5609640,synthetic_direct_mapping,0.954
PAI-00051,PRJ-965252,OCMS-535204,PM-9855804,synthetic_direct_mapping,0.99
PAI-00052,PRJ-215216,OCMS-628104,PM-7803727,synthetic_direct_mapping,0.994
PAI-00053,PRJ-109321,OCMS-973478,PM-4025919,synthetic_direct_mapping,0.992
PAI-00054,PRJ-116224,OCMS-120978,PM-3986460,synthetic_direct_mapping,0.964
PAI-00055,PRJ-638769,OCMS-628008,PM-1183087,synthetic_direct_mapping,0.95
PAI-00056,PRJ-439434,OCMS-767528,PM-2260465,synthetic_direct_mapping,0.997
PAI-00057,PRJ-191297,OCMS-175771,PM-4789715,synthetic_direct_mapping,0.974
PAI-00058,PRJ-742036,OCMS-364288,PM-5533369,synthetic_direct_mapping,0.998
PAI-00059,PRJ-264239,OCMS-628063,PM-6099252,synthetic_direct_mapping,0.947
PAI-00060,PRJ-203198,OCMS-209313,PM-7283787,synthetic_direct_mapping,0.985
PAI-00061,PRJ-296829,OCMS-966346,PM-9072167,synthetic_direct_mapping,0.96
PAI-00062,PRJ-239170,OCMS-277737,PM-1960446,synthetic_direct_mapping,0.954
PAI-00063,PRJ-647621,OCMS-589294,PM-4834192,synthetic_direct_mapping,0.984
PAI-00064,PRJ-670591,OCMS-629707,PM-1434453,synthetic_direct_mapping,0.976
PAI-00065,PRJ-664444,OCMS-832147,PM-8412081,synthetic_direct_mapping,0.963
PAI-00066,PRJ-259695,OCMS-351792,PM-4947735,synthetic_direct_mapping,0.98
PAI-00067,PRJ-549785,OCMS-667237,PM-6982764,synthetic_direct_mapping,0.945
PAI-00068,PRJ-777081,OCMS-282671,PM-8603659,synthetic_direct_mapping,0.995
PAI-00069,PRJ-159217,OCMS-599330,PM-6845604,synthetic_direct_mapping,0.943
PAI-00070,PRJ-746544,OCMS-844656,PM-5458877,synthetic_direct_mapping,0.972
PAI-00071,PRJ-933422,OCMS-830744,PM-2087698,synthetic_direct_mapping,0.972
PAI-00072,PRJ-949250,OCMS-443563,PM-4785713,synthetic_direct_mapping,0.968
PAI-00073,PRJ-938504,OCMS-737291,PM-6514195,synthetic_direct_mapping,0.947
PAI-00074,PRJ-119123,OCMS-537508,PM-1159386,synthetic_direct_mapping,0.946
PAI-00075,PRJ-293455,OCMS-197333,PM-8298432,synthetic_direct_mapping,0.962
PAI-00076,PRJ-253662,OCMS-528421,PM-3464049,synthetic_direct_mapping,0.989
PAI-00077,PRJ-704065,OCMS-477000,PM-1223309,synthetic_direct_mapping,0.978
PAI-00078,PRJ-843846,OCMS-734563,PM-6139327,synthetic_direct_mapping,0.977
PAI-00079,PRJ-413137,OCMS-875252,PM-8052319,synthetic_direct_mapping,0.975
PAI-00080,PRJ-389413,OCMS-249570,PM-4505727,synthetic_direct_mapping,0.964
PAI-00081,PRJ-455244,OCMS-249261,PM-4909388,synthetic_direct_mapping,0.956
PAI-00082,PRJ-809288,OCMS-208869,PM-7689953,synthetic_direct_mapping,0.97
PAI-00083,PRJ-302780,OCMS-129188,PM-3945547,synthetic_direct_mapping,0.95
PAI-00084,PRJ-337256,OCMS-165369,PM-7140823,synthetic_direct_mapping,0.979
PAI-00085,PRJ-477521,OCMS-337646,PM-8034354,synthetic_direct_mapping,0.951
PAI-00086,PRJ-680619,OCMS-934134,PM-9123059,synthetic_direct_mapping,0.959
PAI-00087,PRJ-445224,OCMS-908301,PM-5839050,synthetic_direct_mapping,0.945
PAI-00088,PRJ-343712,OCMS-443820,PM-1232677,synthetic_direct_mapping,0.958
PAI-00089,PRJ-830239,OCMS-614179,PM-7858852,synthetic_direct_mapping,0.981
PAI-00090,PRJ-995492,OCMS-530838,PM-1600388,synthetic_direct_mapping,0.951
PAI-00091,PRJ-592911,OCMS-968146,PM-2742575,synthetic_direct_mapping,0.986
PAI-00092,PRJ-617164,OCMS-808153,PM-1577391,synthetic_direct_mapping,0.946
PAI-00093,PRJ-933599,OCMS-387729,PM-5631119,synthetic_direct_mapping,0.982
PAI-00094,PRJ-944121,OCMS-223722,PM-3955645,synthetic_direct_mapping,0.984
PAI-00095,PRJ-582490,OCMS-205155,PM-6975786,synthetic_direct_mapping,0.97
PAI-00096,PRJ-995322,OCMS-363397,PM-9282094,synthetic_direct_mapping,0.98
PAI-00097,PRJ-833670,OCMS-220427,PM-4897668,synthetic_direct_mapping,0.964
PAI-00098,PRJ-633786,OCMS-509292,PM-8425166,synthetic_direct_mapping,0.96
PAI-00099,PRJ-808403,OCMS-153123,PM-9675789,synthetic_direct_mapping,0.989
PAI-00100,PRJ-596167,OCMS-399890,PM-1611277,synthetic_direct_mapping,0.973
PAI-00101,PRJ-265112,OCMS-385061,PM-5815546,synthetic_direct_mapping,0.986
PAI-00102,PRJ-500100,OCMS-865452,PM-8452840,synthetic_direct_mapping,0.942
PAI-00103,PRJ-283041,OCMS-446468,PM-1401178,synthetic_direct_mapping,0.954
PAI-00104,PRJ-736707,OCMS-601470,PM-8885196,synthetic_direct_mapping,0.961
PAI-00105,PRJ-109257,OCMS-739638,PM-2240310,synthetic_direct_mapping,0.983
PAI-00106,PRJ-338521,OCMS-221949,PM-5667212,synthetic_direct_mapping,0.944
PAI-00107,PRJ-378832,OCMS-105341,PM-1987054,synthetic_direct_mapping,0.99
PAI-00108,PRJ-155784,OCMS-543702,PM-4777638,synthetic_direct_mapping,0.954
PAI-00109,PRJ-940101,OCMS-170341,PM-4792645,synthetic_direct_mapping,0.993
PAI-00110,PRJ-598230,OCMS-526938,PM-8788333,synthetic_direct_mapping,0.964
PAI-00111,PRJ-392849,OCMS-593097,PM-8458927,synthetic_direct_mapping,0.968
PAI-00112,PRJ-553336,OCMS-278257,PM-9381613,synthetic_direct_mapping,0.97
PAI-00113,PRJ-876268,OCMS-310311,PM-1432459,synthetic_direct_mapping,0.951
PAI-00114,PRJ-937648,OCMS-894670,PM-1727341,synthetic_direct_mapping,0.972
PAI-00115,PRJ-134229,OCMS-972047,PM-1067753,synthetic_direct_mapping,0.966
PAI-00116,PRJ-362133,OCMS-823751,PM-1002536,synthetic_direct_mapping,0.978
PAI-00117,PRJ-831556,OCMS-867833,PM-4715219,synthetic_direct_mapping,0.955
PAI-00118,PRJ-105482,OCMS-870897,PM-1547761,synthetic_direct_mapping,0.972
PAI-00119,PRJ-422661,OCMS-995969,PM-9666379,synthetic_direct_mapping,0.943
PAI-00120,PRJ-790748,OCMS-829041,PM-3259275,synthetic_direct_mapping,0.985
PAI-00121,PRJ-455059,OCMS-207098,PM-4750413,synthetic_direct_mapping,0.987
PAI-00122,PRJ-694874,OCMS-326353,PM-7257423,synthetic_direct_mapping,0.987
PAI-00123,PRJ-897825,OCMS-513702,PM-2616419,synthetic_direct_mapping,0.964
PAI-00124,PRJ-439255,OCMS-761308,PM-6330814,synthetic_direct_mapping,0.945
PAI-00125,PRJ-350132,OCMS-209432,PM-3896705,synthetic_direct_mapping,0.953
PAI-00126,PRJ-804169,OCMS-695680,PM-9355008,synthetic_direct_mapping,0.96
PAI-00127,PRJ-109037,OCMS-889096,PM-2227003,synthetic_direct_mapping,0.95
PAI-00128,PRJ-749548,OCMS-839855,PM-6232216,synthetic_direct_mapping,0.972
PAI-00129,PRJ-898513,OCMS-950327,PM-3938432,synthetic_direct_mapping,0.982
PAI-00130,PRJ-289134,OCMS-618037,PM-3110692,synthetic_direct_mapping,0.957
PAI-00131,PRJ-400849,OCMS-640891,PM-6362697,synthetic_direct_mapping,0.996
PAI-00132,PRJ-868490,OCMS-141596,PM-4012302,synthetic_direct_mapping,0.948
PAI-00133,PRJ-514959,OCMS-113444,PM-9196192,synthetic_direct_mapping,0.992
PAI-00134,PRJ-148916,OCMS-756106,PM-2262185,synthetic_direct_mapping,0.969
PAI-00135,PRJ-942638,OCMS-686026,PM-8593986,synthetic_direct_mapping,0.944
PAI-00136,PRJ-662854,OCMS-896615,PM-4432940,synthetic_direct_mapping,0.973
PAI-00137,PRJ-536819,OCMS-787484,PM-1676176,synthetic_direct_mapping,0.942
PAI-00138,PRJ-300415,OCMS-808987,PM-9653280,synthetic_direct_mapping,0.947
PAI-00139,PRJ-957961,OCMS-313731,PM-8426556,synthetic_direct_mapping,0.98
PAI-00140,PRJ-520909,OCMS-385869,PM-9105913,synthetic_direct_mapping,0.993
PAI-00141,PRJ-366203,OCMS-223922,PM-5610190,synthetic_direct_mapping,0.965
PAI-00142,PRJ-904717,OCMS-274938,PM-5725029,synthetic_direct_mapping,0.971
PAI-00143,PRJ-854343,OCMS-434005,PM-4326863,synthetic_direct_mapping,0.99
PAI-00144,PRJ-186558,OCMS-314661,PM-2042514,synthetic_direct_mapping,0.965
PAI-00145,PRJ-412115,OCMS-435899,PM-3403962,synthetic_direct_mapping,0.957
PAI-00146,PRJ-904590,OCMS-358122,PM-4763108,synthetic_direct_mapping,0.997
PAI-00147,PRJ-556678,OCMS-516056,PM-3368928,synthetic_direct_mapping,0.992
PAI-00148,PRJ-159806,OCMS-373103,PM-2842322,synthetic_direct_mapping,0.998
PAI-00149,PRJ-186618,OCMS-654627,PM-7850309,synthetic_direct_mapping,0.964
PAI-00150,PRJ-194922,OCMS-109646,PM-1975409,synthetic_direct_mapping,0.946
PAI-00151,PRJ-479571,OCMS-398997,PM-8183557,synthetic_direct_mapping,0.96
PAI-00152,PRJ-269696,OCMS-508463,PM-4411306,synthetic_direct_mapping,0.987
PAI-00153,PRJ-103271,OCMS-759449,PM-8265056,synthetic_direct_mapping,0.954
PAI-00154,PRJ-260773,OCMS-935265,PM-4245958,synthetic_direct_mapping,0.961
PAI-00155,PRJ-492450,OCMS-856672,PM-7711739,synthetic_direct_mapping,0.981
PAI-00156,PRJ-179986,OCMS-768375,PM-6763950,synthetic_direct_mapping,0.992
PAI-00157,PRJ-706623,OCMS-822036,PM-8250845,synthetic_direct_mapping,0.953
PAI-00158,PRJ-227208,OCMS-848126,PM-6512529,synthetic_direct_mapping,0.986
PAI-00159,PRJ-523091,OCMS-545055,PM-7794704,synthetic_direct_mapping,0.962
PAI-00160,PRJ-327274,OCMS-144260,PM-7863877,synthetic_direct_mapping,0.983
PAI-00161,PRJ-789851,OCMS-270957,PM-6181289,synthetic_direct_mapping,0.962
PAI-00162,PRJ-308830,OCMS-826006,PM-4391730,synthetic_direct_mapping,0.976
PAI-00163,PRJ-535846,OCMS-409795,PM-4613315,synthetic_direct_mapping,0.999
PAI-00164,PRJ-279917,OCMS-163734,PM-7397705,synthetic_direct_mapping,0.983
PAI-00165,PRJ-429577,OCMS-314951,PM-3251093,synthetic_direct_mapping,0.988
PAI-00166,PRJ-904855,OCMS-263070,PM-6226862,synthetic_direct_mapping,0.97
PAI-00167,PRJ-169821,OCMS-419780,PM-6720308,synthetic_direct_mapping,0.998
PAI-00168,PRJ-304163,OCMS-555332,PM-3612014,synthetic_direct_mapping,0.968
PAI-00169,PRJ-554624,OCMS-818255,PM-9425416,synthetic_direct_mapping,0.993
PAI-00170,PRJ-542905,OCMS-166490,PM-4157599,synthetic_direct_mapping,0.956
PAI-00171,PRJ-144464,OCMS-215538,PM-4020198,synthetic_direct_mapping,0.981
PAI-00172,PRJ-693666,OCMS-226963,PM-8718320,synthetic_direct_mapping,0.96
PAI-00173,PRJ-461849,OCMS-172861,PM-7227836,synthetic_direct_mapping,0.978
PAI-00174,PRJ-750545,OCMS-780574,PM-1744178,synthetic_direct_mapping,0.981
PAI-00175,PRJ-127799,OCMS-548566,PM-8322762,synthetic_direct_mapping,0.959
PAI-00176,PRJ-216930,OCMS-875203,PM-3258601,synthetic_direct_mapping,0.99
PAI-00177,PRJ-780248,OCMS-593313,PM-7637666,synthetic_direct_mapping,0.978
PAI-00178,PRJ-445612,OCMS-316660,PM-7335322,synthetic_direct_mapping,0.95
PAI-00179,PRJ-344219,OCMS-102811,PM-4434308,synthetic_direct_mapping,0.957
PAI-00180,PRJ-392054,OCMS-253552,PM-5651678,synthetic_direct_mapping,0.979
PAI-00181,PRJ-980505,OCMS-428637,PM-7727189,synthetic_direct_mapping,0.98
PAI-00182,PRJ-940920,OCMS-264674,PM-2915276,synthetic_direct_mapping,0.956
PAI-00183,PRJ-679798,OCMS-303321,PM-4569813,synthetic_direct_mapping,0.956
PAI-00184,PRJ-517577,OCMS-861549,PM-8270750,synthetic_direct_mapping,0.966
PAI-00185,PRJ-108835,OCMS-304430,PM-9359613,synthetic_direct_mapping,0.95
PAI-00186,PRJ-691806,OCMS-531497,PM-7719563,synthetic_direct_mapping,0.949
PAI-00187,PRJ-286462,OCMS-239153,PM-1007437,synthetic_direct_mapping,0.994
PAI-00188,PRJ-124406,OCMS-343026,PM-6339242,synthetic_direct_mapping,0.989
PAI-00189,PRJ-102415,OCMS-852473,PM-5902318,synthetic_direct_mapping,0.966
PAI-00190,PRJ-227391,OCMS-973483,PM-3580925,synthetic_direct_mapping,0.964
PAI-00191,PRJ-379916,OCMS-553341,PM-5838413,synthetic_direct_mapping,0.972
PAI-00192,PRJ-923466,OCMS-239311,PM-2175420,synthetic_direct_mapping,0.993
PAI-00193,PRJ-776784,OCMS-538488,PM-5762872,synthetic_direct_mapping,0.95
PAI-00194,PRJ-385901,OCMS-649855,PM-6381586,synthetic_direct_mapping,0.965
PAI-00195,PRJ-500319,OCMS-114172,PM-3005181,synthetic_direct_mapping,0.946
PAI-00196,PRJ-971819,OCMS-184558,PM-3336315,synthetic_direct_mapping,0.955
PAI-00197,PRJ-817145,OCMS-658022,PM-8555394,synthetic_direct_mapping,0.967
PAI-00198,PRJ-312607,OCMS-565598,PM-1287091,synthetic_direct_mapping,0.949
PAI-00199,PRJ-765742,OCMS-283574,PM-5817373,synthetic_direct_mapping,0.983
PAI-00200,PRJ-974732,OCMS-326113,PM-9205509,synthetic_direct_mapping,0.946
PAI-00201,PRJ-534118,OCMS-411861,PM-3263892,synthetic_direct_mapping,0.966
PAI-00202,PRJ-320505,OCMS-731097,PM-4442736,synthetic_direct_mapping,0.942
PAI-00203,PRJ-363549,OCMS-602537,PM-5105554,synthetic_direct_mapping,0.972
PAI-00204,PRJ-747120,OCMS-265447,PM-5699689,synthetic_direct_mapping,0.987
PAI-00205,PRJ-149633,OCMS-121013,PM-9373438,synthetic_direct_mapping,0.943
PAI-00206,PRJ-468320,OCMS-812510,PM-4226089,synthetic_direct_mapping,0.976
PAI-00207,PRJ-592361,OCMS-536316,PM-7691245,synthetic_direct_mapping,0.988
PAI-00208,PRJ-522141,OCMS-344243,PM-7220269,synthetic_direct_mapping,0.952
PAI-00209,PRJ-762689,OCMS-576220,PM-9031307,synthetic_direct_mapping,0.943
PAI-00210,PRJ-707185,OCMS-639700,PM-9520910,synthetic_direct_mapping,0.971
PAI-00211,PRJ-599994,OCMS-141116,PM-1163648,synthetic_direct_mapping,0.958
PAI-00212,PRJ-261464,OCMS-965297,PM-5491434,synthetic_direct_mapping,0.963
PAI-00213,PRJ-219610,OCMS-242810,PM-4332052,synthetic_direct_mapping,0.998
PAI-00214,PRJ-960770,OCMS-488983,PM-7805899,synthetic_direct_mapping,0.956
PAI-00215,PRJ-106782,OCMS-767501,PM-3504493,synthetic_direct_mapping,0.964
PAI-00216,PRJ-918391,OCMS-980340,PM-2268313,synthetic_direct_mapping,0.983
PAI-00217,PRJ-329932,OCMS-423889,PM-4592765,synthetic_direct_mapping,0.998
PAI-00218,PRJ-284607,OCMS-820546,PM-3413254,synthetic_direct_mapping,0.942
PAI-00219,PRJ-172410,OCMS-989093,PM-4767982,synthetic_direct_mapping,0.963
PAI-00220,PRJ-721077,OCMS-841911,PM-5789990,synthetic_direct_mapping,0.947
PAI-00221,PRJ-266759,OCMS-455070,PM-4296567,synthetic_direct_mapping,0.961
PAI-00222,PRJ-513438,OCMS-113895,PM-2123358,synthetic_direct_mapping,0.973
PAI-00223,PRJ-697275,OCMS-358914,PM-9248958,synthetic_direct_mapping,0.951
PAI-00224,PRJ-813058,OCMS-499450,PM-4633616,synthetic_direct_mapping,0.968
PAI-00225,PRJ-897088,OCMS-369121,PM-9632808,synthetic_direct_mapping,0.965
PAI-00226,PRJ-712624,OCMS-893641,PM-2427058,synthetic_direct_mapping,0.975
PAI-00227,PRJ-107909,OCMS-156057,PM-4857402,synthetic_direct_mapping,0.94
PAI-00228,PRJ-766966,OCMS-774741,PM-9662476,synthetic_direct_mapping,0.984
PAI-00229,PRJ-150470,OCMS-765015,PM-1988088,synthetic_direct_mapping,0.955
PAI-00230,PRJ-700891,OCMS-136402,PM-5793727,synthetic_direct_mapping,0.95
PAI-00231,PRJ-744170,OCMS-666807,PM-9906324,synthetic_direct_mapping,0.974
PAI-00232,PRJ-182856,OCMS-167422,PM-2144706,synthetic_direct_mapping,0.949
PAI-00233,PRJ-451145,OCMS-452284,PM-3672546,synthetic_direct_mapping,0.981
PAI-00234,PRJ-363300,OCMS-639731,PM-6851213,synthetic_direct_mapping,0.956
PAI-00235,PRJ-304604,OCMS-739819,PM-2126358,synthetic_direct_mapping,0.979
PAI-00236,PRJ-102953,OCMS-781762,PM-1795266,synthetic_direct_mapping,0.968
PAI-00237,PRJ-786575,OCMS-257014,PM-5616683,synthetic_direct_mapping,0.941
PAI-00238,PRJ-538970,OCMS-442629,PM-9929247,synthetic_direct_mapping,0.962
PAI-00239,PRJ-516377,OCMS-638483,PM-6903679,synthetic_direct_mapping,0.966
PAI-00240,PRJ-223054,OCMS-418342,PM-4111239,synthetic_direct_mapping,0.977
PAI-00241,PRJ-519097,OCMS-865780,PM-1213230,synthetic_direct_mapping,0.998
PAI-00242,PRJ-496667,OCMS-654129,PM-8062308,synthetic_direct_mapping,0.98
PAI-00243,PRJ-193594,OCMS-216244,PM-6194039,synthetic_direct_mapping,0.995
PAI-00244,PRJ-508015,OCMS-120197,PM-4053968,synthetic_direct_mapping,0.97
PAI-00245,PRJ-435832,OCMS-537607,PM-1826698,synthetic_direct_mapping,0.991
PAI-00246,PRJ-221691,OCMS-765851,PM-6855374,synthetic_direct_mapping,0.962
PAI-00247,PRJ-648021,OCMS-607911,PM-8610505,synthetic_direct_mapping,0.974
PAI-00248,PRJ-274751,OCMS-812796,PM-9502613,synthetic_direct_mapping,0.996
PAI-00249,PRJ-876371,OCMS-856581,PM-9639445,synthetic_direct_mapping,0.964
PAI-00250,PRJ-202906,OCMS-730479,PM-9576317,synthetic_direct_mapping,0.942
PAI-00251,PRJ-455417,OCMS-761668,PM-3359289,synthetic_direct_mapping,0.989
PAI-00252,PRJ-325593,OCMS-126511,PM-6905248,synthetic_direct_mapping,0.988
PAI-00253,PRJ-742064,OCMS-589428,PM-4850317,synthetic_direct_mapping,0.941
PAI-00254,PRJ-593813,OCMS-691416,PM-4270330,synthetic_direct_mapping,0.948
PAI-00255,PRJ-855720,OCMS-232943,PM-6995733,synthetic_direct_mapping,0.946
PAI-00256,PRJ-254324,OCMS-569520,PM-7339014,synthetic_direct_mapping,0.943
PAI-00257,PRJ-786744,OCMS-967761,PM-6734472,synthetic_direct_mapping,0.952
PAI-00258,PRJ-121149,OCMS-505565,PM-4958324,synthetic_direct_mapping,0.942
PAI-00259,PRJ-971877,OCMS-401305,PM-5466549,synthetic_direct_mapping,0.968
PAI-00260,PRJ-677345,OCMS-572632,PM-1272920,synthetic_direct_mapping,0.985
PAI-00261,PRJ-592354,OCMS-858759,PM-2791057,synthetic_direct_mapping,0.982
PAI-00262,PRJ-151511,OCMS-137589,PM-6714446,synthetic_direct_mapping,0.996
PAI-00263,PRJ-392037,OCMS-161404,PM-2946920,synthetic_direct_mapping,0.963
PAI-00264,PRJ-406292,OCMS-418810,PM-5025741,synthetic_direct_mapping,0.967
PAI-00265,PRJ-886126,OCMS-946203,PM-1457506,synthetic_direct_mapping,0.977
PAI-00266,PRJ-563792,OCMS-530638,PM-2671267,synthetic_direct_mapping,0.963
PAI-00267,PRJ-794300,OCMS-402400,PM-1286862,synthetic_direct_mapping,0.997
PAI-00268,PRJ-749058,OCMS-973783,PM-9135468,synthetic_direct_mapping,0.989
PAI-00269,PRJ-711148,OCMS-806268,PM-2175748,synthetic_direct_mapping,0.944
PAI-00270,PRJ-678876,OCMS-286338,PM-4875684,synthetic_direct_mapping,0.99
PAI-00271,PRJ-511712,OCMS-709698,PM-4037170,synthetic_direct_mapping,0.974
PAI-00272,PRJ-395843,OCMS-218848,PM-8923122,synthetic_direct_mapping,0.996
PAI-00273,PRJ-495651,OCMS-514090,PM-6590517,synthetic_direct_mapping,0.969
PAI-00274,PRJ-513380,OCMS-879246,PM-7915327,synthetic_direct_mapping,0.95
PAI-00275,PRJ-291667,OCMS-377207,PM-7255213,synthetic_direct_mapping,0.95
PAI-00276,PRJ-295258,OCMS-123392,PM-7677423,synthetic_direct_mapping,0.962
PAI-00277,PRJ-488945,OCMS-503891,PM-9207884,synthetic_direct_mapping,0.965
PAI-00278,PRJ-691960,OCMS-836825,PM-7580698,synthetic_direct_mapping,0.942
PAI-00279,PRJ-578546,OCMS-801746,PM-6568622,synthetic_direct_mapping,0.965
PAI-00280,PRJ-987676,OCMS-802783,PM-8882000,synthetic_direct_mapping,0.993
PAI-00281,PRJ-288487,OCMS-361674,PM-1631948,synthetic_direct_mapping,0.97
PAI-00282,PRJ-458422,OCMS-581557,PM-4295913,synthetic_direct_mapping,0.987
PAI-00283,PRJ-230987,OCMS-182849,PM-1184867,synthetic_direct_mapping,0.952
PAI-00284,PRJ-811884,OCMS-162613,PM-5106337,synthetic_direct_mapping,0.963
PAI-00285,PRJ-730499,OCMS-743372,PM-8635343,synthetic_direct_mapping,0.952
PAI-00286,PRJ-316835,OCMS-300250,PM-1881454,synthetic_direct_mapping,0.965
PAI-00287,PRJ-798229,OCMS-518660,PM-1019222,synthetic_direct_mapping,0.946
PAI-00288,PRJ-280487,OCMS-996044,PM-3563910,synthetic_direct_mapping,0.963
PAI-00289,PRJ-535827,OCMS-429766,PM-3731351,synthetic_direct_mapping,0.946
PAI-00290,PRJ-609098,OCMS-424416,PM-3727245,synthetic_direct_mapping,0.957
PAI-00291,PRJ-106900,OCMS-229467,PM-2782765,synthetic_direct_mapping,0.97
PAI-00292,PRJ-732159,OCMS-416486,PM-5250540,synthetic_direct_mapping,0.941
PAI-00293,PRJ-407812,OCMS-163710,PM-2866065,synthetic_direct_mapping,0.941
PAI-00294,PRJ-108721,OCMS-331678,PM-6450202,synthetic_direct_mapping,0.997
PAI-00295,PRJ-700152,OCMS-793588,PM-4944258,synthetic_direct_mapping,0.988
PAI-00296,PRJ-753625,OCMS-368172,PM-5720756,synthetic_direct_mapping,0.952
PAI-00297,PRJ-488050,OCMS-767069,PM-6032993,synthetic_direct_mapping,0.95
PAI-00298,PRJ-527029,OCMS-414280,PM-7319422,synthetic_direct_mapping,0.997
PAI-00299,PRJ-957638,OCMS-390520,PM-5661403,synthetic_direct_mapping,0.953
PAI-00300,PRJ-940075,OCMS-847282,PM-2217728,synthetic_direct_mapping,0.987
PAI-00301,PRJ-718925,OCMS-482634,PM-9843848,synthetic_direct_mapping,0.992
PAI-00302,PRJ-993800,OCMS-931615,PM-6951573,synthetic_direct_mapping,0.945
PAI-00303,PRJ-369713,OCMS-699778,PM-1126138,synthetic_direct_mapping,0.981
PAI-00304,PRJ-577338,OCMS-727490,PM-6157786,synthetic_direct_mapping,0.97
PAI-00305,PRJ-727640,OCMS-336339,PM-6886881,synthetic_direct_mapping,0.971
PAI-00306,PRJ-564833,OCMS-294607,PM-7924070,synthetic_direct_mapping,0.941
PAI-00307,PRJ-967832,OCMS-373763,PM-6116873,synthetic_direct_mapping,0.956
PAI-00308,PRJ-672951,OCMS-131628,PM-1113964,synthetic_direct_mapping,0.941
PAI-00309,PRJ-183063,OCMS-759243,PM-7809177,synthetic_direct_mapping,0.984
PAI-00310,PRJ-713498,OCMS-963446,PM-4437721,synthetic_direct_mapping,0.95
PAI-00311,PRJ-210062,OCMS-730351,PM-5310814,synthetic_direct_mapping,0.956
PAI-00312,PRJ-533642,OCMS-827794,PM-5500337,synthetic_direct_mapping,0.958
PAI-00313,PRJ-864542,OCMS-699112,PM-3057560,synthetic_direct_mapping,0.954
PAI-00314,PRJ-957012,OCMS-406333,PM-1845682,synthetic_direct_mapping,0.948
PAI-00315,PRJ-565381,OCMS-108339,PM-2371864,synthetic_direct_mapping,0.944
PAI-00316,PRJ-272596,OCMS-461099,PM-4758200,synthetic_direct_mapping,0.946
PAI-00317,PRJ-279166,OCMS-135619,PM-8561114,synthetic_direct_mapping,0.98
PAI-00318,PRJ-445215,OCMS-460222,PM-3308478,synthetic_direct_mapping,0.987
PAI-00319,PRJ-953353,OCMS-719130,PM-4603296,synthetic_direct_mapping,0.978
PAI-00320,PRJ-621303,OCMS-622141,PM-9565013,synthetic_direct_mapping,0.963
PAI-00321,PRJ-967162,OCMS-931253,PM-5696304,synthetic_direct_mapping,0.941
PAI-00322,PRJ-465693,OCMS-809255,PM-6789733,synthetic_direct_mapping,0.971
PAI-00323,PRJ-349187,OCMS-506353,PM-2128552,synthetic_direct_mapping,0.975
PAI-00324,PRJ-872205,OCMS-564392,PM-5898991,synthetic_direct_mapping,0.952
PAI-00325,PRJ-993707,OCMS-894367,PM-1186294,synthetic_direct_mapping,0.993
PAI-00326,PRJ-142663,OCMS-512578,PM-9444939,synthetic_direct_mapping,0.973
PAI-00327,PRJ-128596,OCMS-134896,PM-2098100,synthetic_direct_mapping,0.966
PAI-00328,PRJ-814772,OCMS-536775,PM-3258599,synthetic_direct_mapping,0.95
PAI-00329,PRJ-934401,OCMS-949557,PM-8944456,synthetic_direct_mapping,0.988
PAI-00330,PRJ-189073,OCMS-186117,PM-9721030,synthetic_direct_mapping,0.949
PAI-00331,PRJ-690890,OCMS-535503,PM-2961432,synthetic_direct_mapping,0.964
PAI-00332,PRJ-697247,OCMS-527271,PM-6833370,synthetic_direct_mapping,0.969
PAI-00333,PRJ-635466,OCMS-531918,PM-3927185,synthetic_direct_mapping,0.948
PAI-00334,PRJ-936013,OCMS-293568,PM-2615627,synthetic_direct_mapping,0.949
PAI-00335,PRJ-535494,OCMS-473685,PM-1649890,synthetic_direct_mapping,0.957
PAI-00336,PRJ-822959,OCMS-413921,PM-9758203,synthetic_direct_mapping,0.96
PAI-00337,PRJ-193795,OCMS-979597,PM-9309873,synthetic_direct_mapping,0.954
PAI-00338,PRJ-436341,OCMS-441773,PM-9855196,synthetic_direct_mapping,0.978
PAI-00339,PRJ-183058,OCMS-597062,PM-9709282,synthetic_direct_mapping,0.954
PAI-00340,PRJ-386954,OCMS-725147,PM-2138529,synthetic_direct_mapping,0.995
PAI-00341,PRJ-585715,OCMS-289257,PM-9972595,synthetic_direct_mapping,0.946
PAI-00342,PRJ-128704,OCMS-127045,PM-3881208,synthetic_direct_mapping,0.985
PAI-00343,PRJ-272655,OCMS-876168,PM-2630140,synthetic_direct_mapping,0.986
PAI-00344,PRJ-517195,OCMS-830052,PM-7425083,synthetic_direct_mapping,0.984
PAI-00345,PRJ-677680,OCMS-279093,PM-5433192,synthetic_direct_mapping,0.978
PAI-00346,PRJ-435534,OCMS-943781,PM-7774664,synthetic_direct_mapping,0.98
PAI-00347,PRJ-360556,OCMS-938395,PM-5412068,synthetic_direct_mapping,0.952
PAI-00348,PRJ-352426,OCMS-938574,PM-5754753,synthetic_direct_mapping,0.984
PAI-00349,PRJ-654996,OCMS-996610,PM-6685578,synthetic_direct_mapping,0.968
PAI-00350,PRJ-753935,OCMS-980709,PM-5963861,synthetic_direct_mapping,0.967
PAI-00351,PRJ-395489,OCMS-960269,PM-7031836,synthetic_direct_mapping,0.992
PAI-00352,PRJ-522652,OCMS-425136,PM-3103658,synthetic_direct_mapping,0.958
PAI-00353,PRJ-553307,OCMS-556031,PM-8263388,synthetic_direct_mapping,0.994
PAI-00354,PRJ-608370,OCMS-506054,PM-6967026,synthetic_direct_mapping,0.99
PAI-00355,PRJ-557022,OCMS-679759,PM-7707676,synthetic_direct_mapping,0.969
PAI-00356,PRJ-785690,OCMS-307220,PM-1336494,synthetic_direct_mapping,0.952
PAI-00357,PRJ-565849,OCMS-685045,PM-3047572,synthetic_direct_mapping,0.989
PAI-00358,PRJ-397743,OCMS-214144,PM-2675584,synthetic_direct_mapping,0.994
PAI-00359,PRJ-687470,OCMS-100141,PM-9229292,synthetic_direct_mapping,0.94
PAI-00360,PRJ-790818,OCMS-257016,PM-3319675,synthetic_direct_mapping,0.958
PAI-00361,PRJ-119722,OCMS-953691,PM-4029529,synthetic_direct_mapping,0.979
PAI-00362,PRJ-494319,OCMS-636519,PM-9007398,synthetic_direct_mapping,0.942
PAI-00363,PRJ-635881,OCMS-536892,PM-3650116,synthetic_direct_mapping,0.969
PAI-00364,PRJ-755217,OCMS-751191,PM-2921980,synthetic_direct_mapping,0.985
PAI-00365,PRJ-649448,OCMS-204741,PM-2204617,synthetic_direct_mapping,0.997
PAI-00366,PRJ-509663,OCMS-793109,PM-4884996,synthetic_direct_mapping,0.945
PAI-00367,PRJ-510880,OCMS-217767,PM-1874364,synthetic_direct_mapping,0.995
PAI-00368,PRJ-826851,OCMS-732939,PM-7674618,synthetic_direct_mapping,0.94
PAI-00369,PRJ-504334,OCMS-880500,PM-9237822,synthetic_direct_mapping,0.997
PAI-00370,PRJ-349908,OCMS-935563,PM-9126195,synthetic_direct_mapping,0.966
PAI-00371,PRJ-379787,OCMS-467115,PM-1535140,synthetic_direct_mapping,0.972
PAI-00372,PRJ-481588,OCMS-204812,PM-5136751,synthetic_direct_mapping,0.968
PAI-00373,PRJ-878301,OCMS-438850,PM-7675452,synthetic_direct_mapping,0.979
PAI-00374,PRJ-436618,OCMS-741617,PM-8621315,synthetic_direct_mapping,0.965
PAI-00375,PRJ-698909,OCMS-223485,PM-2729426,synthetic_direct_mapping,0.963
PAI-00376,PRJ-490694,OCMS-601443,PM-1177623,synthetic_direct_mapping,0.987
PAI-00377,PRJ-134559,OCMS-547945,PM-8082181,synthetic_direct_mapping,0.957
PAI-00378,PRJ-728678,OCMS-891569,PM-7995842,synthetic_direct_mapping,0.969
PAI-00379,PRJ-475382,OCMS-444311,PM-4301701,synthetic_direct_mapping,0.962
PAI-00380,PRJ-511282,OCMS-762590,PM-2559178,synthetic_direct_mapping,0.976
PAI-00381,PRJ-314198,OCMS-685329,PM-9669427,synthetic_direct_mapping,0.978
PAI-00382,PRJ-714808,OCMS-878062,PM-6763543,synthetic_direct_mapping,0.956
PAI-00383,PRJ-391781,OCMS-321753,PM-3126387,synthetic_direct_mapping,0.97
PAI-00384,PRJ-134682,OCMS-899258,PM-7465689,synthetic_direct_mapping,0.981
PAI-00385,PRJ-900329,OCMS-228887,PM-4411870,synthetic_direct_mapping,0.961
PAI-00386,PRJ-322438,OCMS-961237,PM-3697567,synthetic_direct_mapping,0.998
PAI-00387,PRJ-701519,OCMS-986010,PM-6429355,synthetic_direct_mapping,0.964
PAI-00388,PRJ-208865,OCMS-278731,PM-6874415,synthetic_direct_mapping,0.948
PAI-00389,PRJ-868230,OCMS-561223,PM-5592232,synthetic_direct_mapping,0.971
PAI-00390,PRJ-554922,OCMS-689784,PM-9875441,synthetic_direct_mapping,0.956
PAI-00391,PRJ-660785,OCMS-529057,PM-2263248,synthetic_direct_mapping,0.979
PAI-00392,PRJ-357268,OCMS-330009,PM-3329639,synthetic_direct_mapping,0.948
PAI-00393,PRJ-143348,OCMS-749825,PM-3274863,synthetic_direct_mapping,0.988
PAI-00394,PRJ-890413,OCMS-902426,PM-7186968,synthetic_direct_mapping,0.994
PAI-00395,PRJ-841479,OCMS-198255,PM-9570344,synthetic_direct_mapping,0.975
PAI-00396,PRJ-174711,OCMS-608070,PM-7493895,synthetic_direct_mapping,0.991
PAI-00397,PRJ-699031,OCMS-967762,PM-7280441,synthetic_direct_mapping,0.955
PAI-00398,PRJ-403515,OCMS-971331,PM-6573584,synthetic_direct_mapping,0.977
PAI-00399,PRJ-906053,OCMS-106971,PM-5781954,synthetic_direct_mapping,0.961
PAI-00400,PRJ-968836,OCMS-822953,PM-5463830,synthetic_direct_mapping,0.966
PAI-00401,PRJ-138306,OCMS-916097,PM-9869519,synthetic_direct_mapping,0.96
PAI-00402,PRJ-695376,OCMS-744309,PM-9888660,synthetic_direct_mapping,0.946
PAI-00403,PRJ-667297,OCMS-523530,PM-2072265,synthetic_direct_mapping,0.975
PAI-00404,PRJ-309030,OCMS-526059,PM-6984487,synthetic_direct_mapping,0.983
PAI-00405,PRJ-624275,OCMS-706120,PM-9782263,synthetic_direct_mapping,0.989
PAI-00406,PRJ-806533,OCMS-117206,PM-3875788,synthetic_direct_mapping,0.945
PAI-00407,PRJ-529936,OCMS-343080,PM-2858173,synthetic_direct_mapping,0.997
PAI-00408,PRJ-948280,OCMS-326713,PM-2009294,synthetic_direct_mapping,0.968
PAI-00409,PRJ-403050,OCMS-615547,PM-5485554,synthetic_direct_mapping,0.952
PAI-00410,PRJ-726175,OCMS-649720,PM-9871830,synthetic_direct_mapping,0.945
PAI-00411,PRJ-763381,OCMS-952542,PM-2334390,synthetic_direct_mapping,0.959
PAI-00412,PRJ-127411,OCMS-764846,PM-4330587,synthetic_direct_mapping,0.994
PAI-00413,PRJ-562380,OCMS-370174,PM-5600637,synthetic_direct_mapping,0.949
PAI-00414,PRJ-211370,OCMS-934459,PM-8188964,synthetic_direct_mapping,0.956
PAI-00415,PRJ-490893,OCMS-581182,PM-1713992,synthetic_direct_mapping,0.947
PAI-00416,PRJ-830137,OCMS-979241,PM-6792514,synthetic_direct_mapping,0.977
PAI-00417,PRJ-316978,OCMS-883029,PM-7199896,synthetic_direct_mapping,0.961
PAI-00418,PRJ-635756,OCMS-415385,PM-9616475,synthetic_direct_mapping,0.98
PAI-00419,PRJ-852708,OCMS-297500,PM-7124094,synthetic_direct_mapping,0.952
PAI-00420,PRJ-190838,OCMS-220265,PM-6549789,synthetic_direct_mapping,0.972
PAI-00421,PRJ-415096,OCMS-609181,PM-5316875,synthetic_direct_mapping,0.985
PAI-00422,PRJ-500555,OCMS-926979,PM-8347221,synthetic_direct_mapping,0.963
PAI-00423,PRJ-637554,OCMS-110631,PM-6117609,synthetic_direct_mapping,0.947
PAI-00424,PRJ-706351,OCMS-964909,PM-8345026,synthetic_direct_mapping,0.968
PAI-00425,PRJ-761897,OCMS-890963,PM-6527102,synthetic_direct_mapping,0.952
PAI-00426,PRJ-468908,OCMS-816460,PM-6460698,synthetic_direct_mapping,0.987
PAI-00427,PRJ-164037,OCMS-232787,PM-4706976,synthetic_direct_mapping,0.975
PAI-00428,PRJ-688180,OCMS-728981,PM-8813750,synthetic_direct_mapping,0.947
PAI-00429,PRJ-130303,OCMS-739595,PM-4967122,synthetic_direct_mapping,0.979
PAI-00430,PRJ-671743,OCMS-972423,PM-5046200,synthetic_direct_mapping,0.957
PAI-00431,PRJ-928883,OCMS-971470,PM-4616052,synthetic_direct_mapping,0.99
PAI-00432,PRJ-352162,OCMS-184165,PM-7340818,synthetic_direct_mapping,0.982
PAI-00433,PRJ-344521,OCMS-432291,PM-5515740,synthetic_direct_mapping,0.949
PAI-00434,PRJ-586463,OCMS-994603,PM-7217935,synthetic_direct_mapping,0.945
PAI-00435,PRJ-577475,OCMS-736546,PM-8338648,synthetic_direct_mapping,0.951
PAI-00436,PRJ-641526,OCMS-313077,PM-1485566,synthetic_direct_mapping,0.945
PAI-00437,PRJ-392402,OCMS-362570,PM-6750916,synthetic_direct_mapping,0.993
PAI-00438,PRJ-390795,OCMS-822362,PM-3998651,synthetic_direct_mapping,0.995
PAI-00439,PRJ-344670,OCMS-332019,PM-3892735,synthetic_direct_mapping,0.951
PAI-00440,PRJ-946961,OCMS-369755,PM-5046486,synthetic_direct_mapping,0.987
PAI-00441,PRJ-495615,OCMS-785614,PM-7850915,synthetic_direct_mapping,0.988
PAI-00442,PRJ-842025,OCMS-947295,PM-6993381,synthetic_direct_mapping,0.951
PAI-00443,PRJ-474223,OCMS-532690,PM-6523567,synthetic_direct_mapping,0.967
PAI-00444,PRJ-528891,OCMS-153516,PM-3965297,synthetic_direct_mapping,0.989
PAI-00445,PRJ-364786,OCMS-895489,PM-3204914,synthetic_direct_mapping,0.969
PAI-00446,PRJ-273021,OCMS-963309,PM-3840339,synthetic_direct_mapping,0.968
PAI-00447,PRJ-867106,OCMS-468225,PM-2756760,synthetic_direct_mapping,0.991
PAI-00448,PRJ-539015,OCMS-286112,PM-4027986,synthetic_direct_mapping,0.986
PAI-00449,PRJ-676140,OCMS-889277,PM-4279850,synthetic_direct_mapping,0.983
PAI-00450,PRJ-536925,OCMS-345000,PM-3264925,synthetic_direct_mapping,0.997
PAI-00451,PRJ-981668,OCMS-467974,PM-3872035,synthetic_direct_mapping,0.976
PAI-00452,PRJ-225036,OCMS-851504,PM-4035247,synthetic_direct_mapping,0.946
PAI-00453,PRJ-620537,OCMS-179719,PM-5392031,synthetic_direct_mapping,0.972
PAI-00454,PRJ-802283,OCMS-202356,PM-6197443,synthetic_direct_mapping,0.968
PAI-00455,PRJ-156937,OCMS-166196,PM-6272990,synthetic_direct_mapping,0.974
PAI-00456,PRJ-741917,OCMS-504393,PM-1222317,synthetic_direct_mapping,0.973
PAI-00457,PRJ-282720,OCMS-198932,PM-8558161,synthetic_direct_mapping,0.987
PAI-00458,PRJ-543983,OCMS-635235,PM-2513368,synthetic_direct_mapping,0.981
PAI-00459,PRJ-615797,OCMS-888456,PM-4153083,synthetic_direct_mapping,0.974
PAI-00460,PRJ-289538,OCMS-986461,PM-5282804,synthetic_direct_mapping,0.952
PAI-00461,PRJ-386487,OCMS-500130,PM-1136841,synthetic_direct_mapping,0.969
PAI-00462,PRJ-156785,OCMS-818235,PM-7705999,synthetic_direct_mapping,0.968
PAI-00463,PRJ-747260,OCMS-407326,PM-1326377,synthetic_direct_mapping,0.975
PAI-00464,PRJ-840743,OCMS-554603,PM-2166876,synthetic_direct_mapping,0.961
PAI-00465,PRJ-364982,OCMS-385297,PM-9641906,synthetic_direct_mapping,0.951
PAI-00466,PRJ-461491,OCMS-937058,PM-5873134,synthetic_direct_mapping,0.983
PAI-00467,PRJ-675894,OCMS-295397,PM-6810578,synthetic_direct_mapping,0.965
PAI-00468,PRJ-728065,OCMS-919165,PM-6219738,synthetic_direct_mapping,0.986
PAI-00469,PRJ-336076,OCMS-567674,PM-4558849,synthetic_direct_mapping,0.973
PAI-00470,PRJ-416262,OCMS-501638,PM-8272266,synthetic_direct_mapping,0.962
PAI-00471,PRJ-896326,OCMS-505134,PM-2919834,synthetic_direct_mapping,0.95
PAI-00472,PRJ-855604,OCMS-551030,PM-1454891,synthetic_direct_mapping,0.943
PAI-00473,PRJ-445814,OCMS-285192,PM-9161776,synthetic_direct_mapping,0.951
PAI-00474,PRJ-627960,OCMS-627104,PM-5242410,synthetic_direct_mapping,0.993
PAI-00475,PRJ-830855,OCMS-150224,PM-8559464,synthetic_direct_mapping,0.978
PAI-00476,PRJ-643639,OCMS-805715,PM-5687444,synthetic_direct_mapping,0.996
PAI-00477,PRJ-115266,OCMS-697028,PM-6738283,synthetic_direct_mapping,0.963
PAI-00478,PRJ-791954,OCMS-389412,PM-7731086,synthetic_direct_mapping,0.987
PAI-00479,PRJ-808581,OCMS-848328,PM-6892911,synthetic_direct_mapping,0.973
PAI-00480,PRJ-746876,OCMS-887943,PM-7243040,synthetic_direct_mapping,0.945
PAI-00481,PRJ-892397,OCMS-166192,PM-1699263,synthetic_direct_mapping,0.982
PAI-00482,PRJ-236790,OCMS-534094,PM-9217104,synthetic_direct_mapping,0.963
PAI-00483,PRJ-281799,OCMS-867644,PM-9097675,synthetic_direct_mapping,0.982
PAI-00484,PRJ-446233,OCMS-650945,PM-4049753,synthetic_direct_mapping,0.994
PAI-00485,PRJ-444926,OCMS-863245,PM-6284249,synthetic_direct_mapping,0.997
PAI-00486,PRJ-107135,OCMS-492412,PM-5157044,synthetic_direct_mapping,0.97
PAI-00487,PRJ-434935,OCMS-899744,PM-5477250,synthetic_direct_mapping,0.954
PAI-00488,PRJ-717152,OCMS-135884,PM-9539455,synthetic_direct_mapping,0.996
PAI-00489,PRJ-823673,OCMS-138511,PM-2629621,synthetic_direct_mapping,0.993
PAI-00490,PRJ-236647,OCMS-746556,PM-1629034,synthetic_direct_mapping,0.948
PAI-00491,PRJ-936006,OCMS-533695,PM-5918171,synthetic_direct_mapping,0.983
PAI-00492,PRJ-384446,OCMS-559481,PM-1992279,synthetic_direct_mapping,0.946
PAI-00493,PRJ-781484,OCMS-854856,PM-6109705,synthetic_direct_mapping,0.993
PAI-00494,PRJ-589488,OCMS-177718,PM-9736408,synthetic_direct_mapping,0.977
PAI-00495,PRJ-436710,OCMS-188490,PM-8757454,synthetic_direct_mapping,0.961
PAI-00496,PRJ-843273,OCMS-592809,PM-8529066,synthetic_direct_mapping,0.996
PAI-00497,PRJ-476465,OCMS-527779,PM-7996766,synthetic_direct_mapping,0.993
PAI-00498,PRJ-739283,OCMS-372260,PM-4843186,synthetic_direct_mapping,0.983
PAI-00499,PRJ-472131,OCMS-928459,PM-2227784,synthetic_direct_mapping,0.991
PAI-00500,PRJ-188282,OCMS-352326,PM-2025909,synthetic_direct_mapping,0.948
PAI-00501,PRJ-534549,OCMS-807293,PM-1804385,synthetic_direct_mapping,0.992
PAI-00502,PRJ-616063,OCMS-958945,PM-2114531,synthetic_direct_mapping,0.99
PAI-00503,PRJ-672602,OCMS-224683,PM-7234384,synthetic_direct_mapping,0.989
PAI-00504,PRJ-495827,OCMS-115730,PM-6449426,synthetic_direct_mapping,0.96
PAI-00505,PRJ-491336,OCMS-920881,PM-3983694,synthetic_direct_mapping,0.981
PAI-00506,PRJ-131502,OCMS-746790,PM-3481603,synthetic_direct_mapping,0.986
PAI-00507,PRJ-456590,OCMS-890946,PM-4335386,synthetic_direct_mapping,0.941
PAI-00508,PRJ-693877,OCMS-284691,PM-5378078,synthetic_direct_mapping,0.958
PAI-00509,PRJ-155669,OCMS-188762,PM-1004329,synthetic_direct_mapping,0.996
PAI-00510,PRJ-519755,OCMS-257902,PM-5824861,synthetic_direct_mapping,0.97
PAI-00511,PRJ-230904,OCMS-461244,PM-4416146,synthetic_direct_mapping,0.947
PAI-00512,PRJ-824092,OCMS-359290,PM-1723436,synthetic_direct_mapping,0.979
PAI-00513,PRJ-916528,OCMS-323587,PM-7714800,synthetic_direct_mapping,0.969
PAI-00514,PRJ-971118,OCMS-885584,PM-7761262,synthetic_direct_mapping,0.972
PAI-00515,PRJ-223443,OCMS-709496,PM-1777566,synthetic_direct_mapping,0.984
PAI-00516,PRJ-199125,OCMS-187215,PM-8315478,synthetic_direct_mapping,0.982
PAI-00517,PRJ-622483,OCMS-954080,PM-8230765,synthetic_direct_mapping,0.967
PAI-00518,PRJ-218807,OCMS-828692,PM-2407649,synthetic_direct_mapping,0.963
PAI-00519,PRJ-399053,OCMS-589980,PM-8560774,synthetic_direct_mapping,0.979
PAI-00520,PRJ-696716,OCMS-541214,PM-8889809,synthetic_direct_mapping,0.983
PAI-00521,PRJ-835985,OCMS-591230,PM-8425001,synthetic_direct_mapping,0.95
PAI-00522,PRJ-662612,OCMS-608855,PM-4876171,synthetic_direct_mapping,0.995
PAI-00523,PRJ-600481,OCMS-990590,PM-9889498,synthetic_direct_mapping,0.988
PAI-00524,PRJ-184213,OCMS-150836,PM-7600124,synthetic_direct_mapping,0.977
PAI-00525,PRJ-258127,OCMS-733033,PM-3059940,synthetic_direct_mapping,0.962
PAI-00526,PRJ-882170,OCMS-732613,PM-9337364,synthetic_direct_mapping,0.998
PAI-00527,PRJ-438007,OCMS-580099,PM-3667894,synthetic_direct_mapping,0.991
PAI-00528,PRJ-147278,OCMS-363902,PM-7918888,synthetic_direct_mapping,0.978
PAI-00529,PRJ-905928,OCMS-718726,PM-5952558,synthetic_direct_mapping,0.952
PAI-00530,PRJ-690140,OCMS-528956,PM-2732069,synthetic_direct_mapping,0.958
PAI-00531,PRJ-170282,OCMS-248974,PM-4292801,synthetic_direct_mapping,0.989
PAI-00532,PRJ-733698,OCMS-854883,PM-8274669,synthetic_direct_mapping,0.996
PAI-00533,PRJ-926215,OCMS-730248,PM-2154541,synthetic_direct_mapping,0.985
PAI-00534,PRJ-482267,OCMS-283382,PM-5531115,synthetic_direct_mapping,0.953
PAI-00535,PRJ-747038,OCMS-838737,PM-9057649,synthetic_direct_mapping,0.992
PAI-00536,PRJ-275982,OCMS-219080,PM-7428731,synthetic_direct_mapping,0.964
PAI-00537,PRJ-480996,OCMS-819143,PM-8261724,synthetic_direct_mapping,0.951
PAI-00538,PRJ-614300,OCMS-284347,PM-1049979,synthetic_direct_mapping,0.969
PAI-00539,PRJ-710363,OCMS-340951,PM-8027595,synthetic_direct_mapping,0.99
PAI-00540,PRJ-892242,OCMS-129748,PM-4496131,synthetic_direct_mapping,0.957
PAI-00541,PRJ-438893,OCMS-943449,PM-2590471,synthetic_direct_mapping,0.982
PAI-00542,PRJ-592468,OCMS-444606,PM-2198650,synthetic_direct_mapping,0.942
PAI-00543,PRJ-435482,OCMS-504536,PM-8163803,synthetic_direct_mapping,0.969
PAI-00544,PRJ-353151,OCMS-830941,PM-9292164,synthetic_direct_mapping,0.989
PAI-00545,PRJ-976012,OCMS-953839,PM-3984691,synthetic_direct_mapping,0.984
PAI-00546,PRJ-509322,OCMS-106761,PM-2540542,synthetic_direct_mapping,0.984
PAI-00547,PRJ-872801,OCMS-388791,PM-4592510,synthetic_direct_mapping,0.99
PAI-00548,PRJ-771170,OCMS-960070,PM-7315274,synthetic_direct_mapping,0.967
PAI-00549,PRJ-822993,OCMS-504189,PM-6702107,synthetic_direct_mapping,0.975
PAI-00550,PRJ-693613,OCMS-446968,PM-5451854,synthetic_direct_mapping,0.979
PAI-00551,PRJ-957078,OCMS-674760,PM-9350259,synthetic_direct_mapping,0.994
PAI-00552,PRJ-898709,OCMS-486685,PM-1539318,synthetic_direct_mapping,0.993
PAI-00553,PRJ-153136,OCMS-885012,PM-2962709,synthetic_direct_mapping,0.948
PAI-00554,PRJ-654071,OCMS-877899,PM-1810284,synthetic_direct_mapping,0.949
PAI-00555,PRJ-700639,OCMS-574527,PM-9863954,synthetic_direct_mapping,0.994
PAI-00556,PRJ-430559,OCMS-950937,PM-9393175,synthetic_direct_mapping,0.967
PAI-00557,PRJ-685952,OCMS-864384,PM-2293454,synthetic_direct_mapping,0.969
PAI-00558,PRJ-705815,OCMS-283000,PM-2970795,synthetic_direct_mapping,0.975
PAI-00559,PRJ-715684,OCMS-265173,PM-4830559,synthetic_direct_mapping,0.987
PAI-00560,PRJ-124784,OCMS-559190,PM-2023251,synthetic_direct_mapping,0.987
PAI-00561,PRJ-501310,OCMS-380444,PM-7517369,synthetic_direct_mapping,0.966
PAI-00562,PRJ-522501,OCMS-522520,PM-8956161,synthetic_direct_mapping,0.98
PAI-00563,PRJ-540902,OCMS-247907,PM-3657799,synthetic_direct_mapping,0.966
PAI-00564,PRJ-193970,OCMS-683134,PM-7006144,synthetic_direct_mapping,0.958
PAI-00565,PRJ-594237,OCMS-286025,PM-7712844,synthetic_direct_mapping,0.953
PAI-00566,PRJ-498816,OCMS-765327,PM-3175842,synthetic_direct_mapping,0.978
PAI-00567,PRJ-618769,OCMS-310833,PM-9355348,synthetic_direct_mapping,0.954
PAI-00568,PRJ-393990,OCMS-142646,PM-8317963,synthetic_direct_mapping,0.973
PAI-00569,PRJ-909068,OCMS-491324,PM-7586780,synthetic_direct_mapping,0.989
PAI-00570,PRJ-665008,OCMS-510631,PM-1454835,synthetic_direct_mapping,0.979
PAI-00571,PRJ-722778,OCMS-247230,PM-1433070,synthetic_direct_mapping,0.998
PAI-00572,PRJ-154941,OCMS-353904,PM-8081594,synthetic_direct_mapping,0.993
PAI-00573,PRJ-365121,OCMS-252057,PM-8148117,synthetic_direct_mapping,0.96
PAI-00574,PRJ-151882,OCMS-840788,PM-7203648,synthetic_direct_mapping,0.962
PAI-00575,PRJ-804537,OCMS-213164,PM-7489758,synthetic_direct_mapping,0.952
PAI-00576,PRJ-472121,OCMS-389384,PM-5746912,synthetic_direct_mapping,0.947
PAI-00577,PRJ-385195,OCMS-514607,PM-5063894,synthetic_direct_mapping,0.963
PAI-00578,PRJ-440529,OCMS-597077,PM-9026112,synthetic_direct_mapping,0.998
PAI-00579,PRJ-716953,OCMS-169798,PM-8853600,synthetic_direct_mapping,0.979
PAI-00580,PRJ-300570,OCMS-838953,PM-8251095,synthetic_direct_mapping,0.959
PAI-00581,PRJ-817637,OCMS-838184,PM-9321776,synthetic_direct_mapping,0.979
PAI-00582,PRJ-470416,OCMS-354258,PM-2476566,synthetic_direct_mapping,0.972
PAI-00583,PRJ-223146,OCMS-707724,PM-5981313,synthetic_direct_mapping,0.951
PAI-00584,PRJ-397493,OCMS-758123,PM-4192287,synthetic_direct_mapping,0.984
PAI-00585,PRJ-469877,OCMS-114795,PM-1440805,synthetic_direct_mapping,0.949
PAI-00586,PRJ-937545,OCMS-255376,PM-9029604,synthetic_direct_mapping,0.956
PAI-00587,PRJ-474102,OCMS-936400,PM-9289636,synthetic_direct_mapping,0.978
PAI-00588,PRJ-235650,OCMS-839570,PM-5452109,synthetic_direct_mapping,0.997
PAI-00589,PRJ-614039,OCMS-118486,PM-1309770,synthetic_direct_mapping,0.958
PAI-00590,PRJ-594162,OCMS-775367,PM-7804809,synthetic_direct_mapping,0.956
PAI-00591,PRJ-915340,OCMS-460321,PM-4952809,synthetic_direct_mapping,0.945
PAI-00592,PRJ-609214,OCMS-181593,PM-4023479,synthetic_direct_mapping,0.981
PAI-00593,PRJ-671496,OCMS-827792,PM-7921956,synthetic_direct_mapping,0.967
PAI-00594,PRJ-577449,OCMS-776110,PM-5394922,synthetic_direct_mapping,0.962
PAI-00595,PRJ-545387,OCMS-342005,PM-6810504,synthetic_direct_mapping,0.981
PAI-00596,PRJ-296837,OCMS-528088,PM-8316565,synthetic_direct_mapping,0.952
PAI-00597,PRJ-773038,OCMS-398804,PM-4169717,synthetic_direct_mapping,0.96
PAI-00598,PRJ-294735,OCMS-453478,PM-6620866,synthetic_direct_mapping,0.954
PAI-00599,PRJ-810038,OCMS-186485,PM-7960084,synthetic_direct_mapping,0.99
PAI-00600,PRJ-929494,OCMS-253766,PM-2675413,synthetic_direct_mapping,0.981
PAI-00601,PRJ-793192,OCMS-642313,PM-6150504,synthetic_direct_mapping,0.941
PAI-00602,PRJ-703752,OCMS-760909,PM-3113513,synthetic_direct_mapping,0.948
PAI-00603,PRJ-486447,OCMS-760436,PM-5024132,synthetic_direct_mapping,0.964
PAI-00604,PRJ-410699,OCMS-824434,PM-3919154,synthetic_direct_mapping,0.96
PAI-00605,PRJ-819662,OCMS-462416,PM-5053239,synthetic_direct_mapping,0.951
PAI-00606,PRJ-635802,OCMS-874830,PM-9162813,synthetic_direct_mapping,0.984
PAI-00607,PRJ-639337,OCMS-461355,PM-7606558,synthetic_direct_mapping,0.97
PAI-00608,PRJ-443548,OCMS-153572,PM-6646150,synthetic_direct_mapping,0.959
PAI-00609,PRJ-234146,OCMS-971626,PM-4310545,synthetic_direct_mapping,0.945
PAI-00610,PRJ-981826,OCMS-909010,PM-8592223,synthetic_direct_mapping,0.968
PAI-00611,PRJ-880716,OCMS-549913,PM-3604349,synthetic_direct_mapping,0.988
PAI-00612,PRJ-165192,OCMS-829560,PM-4693462,synthetic_direct_mapping,0.993
PAI-00613,PRJ-666763,OCMS-641635,PM-3906072,synthetic_direct_mapping,0.983
PAI-00614,PRJ-586356,OCMS-683005,PM-6250167,synthetic_direct_mapping,0.954
PAI-00615,PRJ-357889,OCMS-483740,PM-1734388,synthetic_direct_mapping,0.943
PAI-00616,PRJ-365282,OCMS-620667,PM-9037852,synthetic_direct_mapping,0.981
PAI-00617,PRJ-805980,OCMS-851226,PM-5775516,synthetic_direct_mapping,0.97
PAI-00618,PRJ-308110,OCMS-462656,PM-9439957,synthetic_direct_mapping,0.968
PAI-00619,PRJ-822280,OCMS-748789,PM-4717917,synthetic_direct_mapping,0.979
PAI-00620,PRJ-867938,OCMS-691060,PM-6585490,synthetic_direct_mapping,0.942
PAI-00621,PRJ-665466,OCMS-793910,PM-5219232,synthetic_direct_mapping,0.986
PAI-00622,PRJ-438123,OCMS-183692,PM-2067085,synthetic_direct_mapping,0.999
PAI-00623,PRJ-951131,OCMS-746143,PM-9895572,synthetic_direct_mapping,0.944
PAI-00624,PRJ-663738,OCMS-153611,PM-1345189,synthetic_direct_mapping,0.991
PAI-00625,PRJ-746585,OCMS-230214,PM-5435489,synthetic_direct_mapping,0.959
PAI-00626,PRJ-964229,OCMS-982805,PM-5014144,synthetic_direct_mapping,0.977
PAI-00627,PRJ-208322,OCMS-281244,PM-9269225,synthetic_direct_mapping,0.975
PAI-00628,PRJ-214090,OCMS-861494,PM-3972024,synthetic_direct_mapping,0.965
PAI-00629,PRJ-775035,OCMS-396468,PM-6153335,synthetic_direct_mapping,0.949
PAI-00630,PRJ-729363,OCMS-138408,PM-7932066,synthetic_direct_mapping,0.967
PAI-00631,PRJ-881185,OCMS-199199,PM-5831235,synthetic_direct_mapping,0.972
PAI-00632,PRJ-644559,OCMS-701127,PM-4583279,synthetic_direct_mapping,0.954
PAI-00633,PRJ-304510,OCMS-435571,PM-7592960,synthetic_direct_mapping,0.997
PAI-00634,PRJ-297998,OCMS-662471,PM-3440276,synthetic_direct_mapping,0.979
PAI-00635,PRJ-206959,OCMS-635640,PM-8205189,synthetic_direct_mapping,0.995
PAI-00636,PRJ-566200,OCMS-891404,PM-4166709,synthetic_direct_mapping,0.959
PAI-00637,PRJ-676736,OCMS-150068,PM-3765318,synthetic_direct_mapping,0.965
PAI-00638,PRJ-419604,OCMS-969518,PM-2007179,synthetic_direct_mapping,0.98
PAI-00639,PRJ-771627,OCMS-126704,PM-4027955,synthetic_direct_mapping,0.987
PAI-00640,PRJ-371852,OCMS-964769,PM-6795146,synthetic_direct_mapping,0.996
PAI-00641,PRJ-925932,OCMS-562559,PM-8880018,synthetic_direct_mapping,0.959
PAI-00642,PRJ-915696,OCMS-973263,PM-7326925,synthetic_direct_mapping,0.959
PAI-00643,PRJ-244696,OCMS-689308,PM-4626701,synthetic_direct_mapping,0.954
PAI-00644,PRJ-685635,OCMS-263900,PM-1203523,synthetic_direct_mapping,0.944
PAI-00645,PRJ-147950,OCMS-457376,PM-9919973,synthetic_direct_mapping,0.952
PAI-00646,PRJ-384046,OCMS-921958,PM-1798197,synthetic_direct_mapping,0.964
PAI-00647,PRJ-804802,OCMS-126820,PM-4104490,synthetic_direct_mapping,0.944
PAI-00648,PRJ-544844,OCMS-851568,PM-6784154,synthetic_direct_mapping,0.944
PAI-00649,PRJ-876871,OCMS-106335,PM-3746747,synthetic_direct_mapping,0.993
PAI-00650,PRJ-710035,OCMS-641415,PM-3313556,synthetic_direct_mapping,0.984
PAI-00651,PRJ-909174,OCMS-368825,PM-6114560,synthetic_direct_mapping,0.953
PAI-00652,PRJ-155477,OCMS-557582,PM-6920863,synthetic_direct_mapping,0.952
PAI-00653,PRJ-603602,OCMS-508365,PM-1251650,synthetic_direct_mapping,0.945
PAI-00654,PRJ-681850,OCMS-678789,PM-8521248,synthetic_direct_mapping,0.954
PAI-00655,PRJ-926509,OCMS-949948,PM-5857237,synthetic_direct_mapping,0.957
PAI-00656,PRJ-660823,OCMS-461440,PM-7150330,synthetic_direct_mapping,0.957
PAI-00657,PRJ-992591,OCMS-510068,PM-6520084,synthetic_direct_mapping,0.945
PAI-00658,PRJ-477754,OCMS-582730,PM-5590798,synthetic_direct_mapping,0.965
PAI-00659,PRJ-182658,OCMS-651561,PM-5882575,synthetic_direct_mapping,0.942
PAI-00660,PRJ-754685,OCMS-342425,PM-4685038,synthetic_direct_mapping,0.954
PAI-00661,PRJ-541042,OCMS-131320,PM-7247854,synthetic_direct_mapping,0.967
PAI-00662,PRJ-705576,OCMS-913444,PM-6709721,synthetic_direct_mapping,0.984
PAI-00663,PRJ-172890,OCMS-719329,PM-4217963,synthetic_direct_mapping,0.953
PAI-00664,PRJ-294996,OCMS-695531,PM-7864578,synthetic_direct_mapping,0.954
PAI-00665,PRJ-978621,OCMS-176901,PM-6744584,synthetic_direct_mapping,0.961
PAI-00666,PRJ-786747,OCMS-789780,PM-7182726,synthetic_direct_mapping,0.941
PAI-00667,PRJ-218807,OCMS-175431,PM-9027384,synthetic_direct_mapping,0.966
PAI-00668,PRJ-918272,OCMS-415824,PM-6613026,synthetic_direct_mapping,0.975
PAI-00669,PRJ-578989,OCMS-618768,PM-6547780,synthetic_direct_mapping,0.946
PAI-00670,PRJ-708803,OCMS-217454,PM-7313205,synthetic_direct_mapping,0.958
PAI-00671,PRJ-152067,OCMS-777905,PM-9466519,synthetic_direct_mapping,0.956
PAI-00672,PRJ-868806,OCMS-116576,PM-6916747,synthetic_direct_mapping,0.963
PAI-00673,PRJ-157573,OCMS-178886,PM-8423047,synthetic_direct_mapping,0.978
PAI-00674,PRJ-222085,OCMS-417148,PM-9557830,synthetic_direct_mapping,0.958
PAI-00675,PRJ-826345,OCMS-895913,PM-9381966,synthetic_direct_mapping,0.969
PAI-00676,PRJ-499090,OCMS-577226,PM-5887727,synthetic_direct_mapping,0.962
PAI-00677,PRJ-239447,OCMS-986488,PM-8227832,synthetic_direct_mapping,0.989
PAI-00678,PRJ-712196,OCMS-225824,PM-2110299,synthetic_direct_mapping,0.994
PAI-00679,PRJ-616756,OCMS-490968,PM-1682788,synthetic_direct_mapping,0.951
PAI-00680,PRJ-358660,OCMS-149416,PM-3447775,synthetic_direct_mapping,0.953
PAI-00681,PRJ-162335,OCMS-734515,PM-6309546,synthetic_direct_mapping,0.987
PAI-00682,PRJ-222821,OCMS-399899,PM-9597678,synthetic_direct_mapping,0.951
PAI-00683,PRJ-625585,OCMS-873627,PM-3059013,synthetic_direct_mapping,0.963
PAI-00684,PRJ-102044,OCMS-559557,PM-6350693,synthetic_direct_mapping,0.967
PAI-00685,PRJ-433563,OCMS-135729,PM-7893579,synthetic_direct_mapping,0.985
PAI-00686,PRJ-141384,OCMS-455781,PM-6880385,synthetic_direct_mapping,0.967
PAI-00687,PRJ-283715,OCMS-978386,PM-8466919,synthetic_direct_mapping,0.989
PAI-00688,PRJ-241187,OCMS-590827,PM-8115372,synthetic_direct_mapping,0.966
PAI-00689,PRJ-992687,OCMS-166949,PM-8248570,synthetic_direct_mapping,0.983
PAI-00690,PRJ-518108,OCMS-409670,PM-5960784,synthetic_direct_mapping,0.981
PAI-00691,PRJ-921384,OCMS-799210,PM-9899480,synthetic_direct_mapping,0.971
PAI-00692,PRJ-847941,OCMS-735867,PM-7713903,synthetic_direct_mapping,0.948
PAI-00693,PRJ-223152,OCMS-913481,PM-3580153,synthetic_direct_mapping,0.978
PAI-00694,PRJ-711302,OCMS-658284,PM-1212838,synthetic_direct_mapping,0.978
PAI-00695,PRJ-740015,OCMS-138505,PM-2196501,synthetic_direct_mapping,0.99
PAI-00696,PRJ-805412,OCMS-972878,PM-6778876,synthetic_direct_mapping,0.952
PAI-00697,PRJ-818253,OCMS-543732,PM-1449590,synthetic_direct_mapping,0.984
PAI-00698,PRJ-836460,OCMS-576521,PM-2443927,synthetic_direct_mapping,0.996
PAI-00699,PRJ-513064,OCMS-794693,PM-3719006,synthetic_direct_mapping,0.98
PAI-00700,PRJ-289924,OCMS-795677,PM-4105608,synthetic_direct_mapping,0.965
PAI-00701,PRJ-691544,OCMS-747366,PM-1830430,synthetic_direct_mapping,0.943
PAI-00702,PRJ-438454,OCMS-712213,PM-5427192,synthetic_direct_mapping,0.955
PAI-00703,PRJ-155153,OCMS-272012,PM-9398438,synthetic_direct_mapping,0.959
PAI-00704,PRJ-854075,OCMS-354171,PM-3601741,synthetic_direct_mapping,0.975
PAI-00705,PRJ-695324,OCMS-731388,PM-4097284,synthetic_direct_mapping,0.966
PAI-00706,PRJ-632936,OCMS-922469,PM-1682467,synthetic_direct_mapping,0.981
PAI-00707,PRJ-119029,OCMS-439468,PM-7180787,synthetic_direct_mapping,0.967
PAI-00708,PRJ-333535,OCMS-670138,PM-7478559,synthetic_direct_mapping,0.999
PAI-00709,PRJ-745603,OCMS-920989,PM-9685361,synthetic_direct_mapping,0.951
PAI-00710,PRJ-226556,OCMS-423630,PM-8868442,synthetic_direct_mapping,0.972
PAI-00711,PRJ-418127,OCMS-532209,PM-2443869,synthetic_direct_mapping,0.994
PAI-00712,PRJ-953674,OCMS-235770,PM-3418085,synthetic_direct_mapping,0.954
PAI-00713,PRJ-912821,OCMS-604450,PM-1997491,synthetic_direct_mapping,0.944
PAI-00714,PRJ-900925,OCMS-569827,PM-1961585,synthetic_direct_mapping,0.967
PAI-00715,PRJ-407522,OCMS-510694,PM-4751006,synthetic_direct_mapping,0.966
PAI-00716,PRJ-911301,OCMS-779822,PM-5458184,synthetic_direct_mapping,0.959
PAI-00717,PRJ-288713,OCMS-363568,PM-4841756,synthetic_direct_mapping,0.983
PAI-00718,PRJ-264783,OCMS-307639,PM-2551279,synthetic_direct_mapping,0.954
PAI-00719,PRJ-607816,OCMS-436900,PM-1303823,synthetic_direct_mapping,0.943
PAI-00720,PRJ-295702,OCMS-150608,PM-2483994,synthetic_direct_mapping,0.983
PAI-00721,PRJ-454156,OCMS-916460,PM-3235455,synthetic_direct_mapping,0.989
PAI-00722,PRJ-563187,OCMS-443250,PM-1827821,synthetic_direct_mapping,0.954
PAI-00723,PRJ-244127,OCMS-327257,PM-5175399,synthetic_direct_mapping,0.956
PAI-00724,PRJ-695782,OCMS-884134,PM-3417914,synthetic_direct_mapping,0.996
PAI-00725,PRJ-166364,OCMS-289193,PM-3632354,synthetic_direct_mapping,0.949
PAI-00726,PRJ-274296,OCMS-767363,PM-4268871,synthetic_direct_mapping,0.959
PAI-00727,PRJ-335106,OCMS-226794,PM-6915159,synthetic_direct_mapping,0.965
PAI-00728,PRJ-652713,OCMS-997844,PM-9214873,synthetic_direct_mapping,0.947
PAI-00729,PRJ-423381,OCMS-982073,PM-8829915,synthetic_direct_mapping,0.968
PAI-00730,PRJ-707495,OCMS-260659,PM-3361298,synthetic_direct_mapping,0.994
PAI-00731,PRJ-898945,OCMS-776882,PM-2017290,synthetic_direct_mapping,0.954
PAI-00732,PRJ-420407,OCMS-482877,PM-5369483,synthetic_direct_mapping,0.997
PAI-00733,PRJ-701925,OCMS-866013,PM-8587252,synthetic_direct_mapping,0.975
PAI-00734,PRJ-429281,OCMS-564908,PM-4389355,synthetic_direct_mapping,0.997
PAI-00735,PRJ-815286,OCMS-577642,PM-9822535,synthetic_direct_mapping,0.962
PAI-00736,PRJ-501248,OCMS-278847,PM-5595885,synthetic_direct_mapping,0.958
PAI-00737,PRJ-882499,OCMS-904462,PM-9741137,synthetic_direct_mapping,0.976
PAI-00738,PRJ-303685,OCMS-458745,PM-1042940,synthetic_direct_mapping,0.994
PAI-00739,PRJ-502248,OCMS-820091,PM-7539994,synthetic_direct_mapping,0.979
PAI-00740,PRJ-455165,OCMS-845560,PM-1974252,synthetic_direct_mapping,0.966
PAI-00741,PRJ-211982,OCMS-618601,PM-1394483,synthetic_direct_mapping,0.966
PAI-00742,PRJ-861826,OCMS-866994,PM-1569070,synthetic_direct_mapping,0.974
PAI-00743,PRJ-358666,OCMS-104504,PM-8329583,synthetic_direct_mapping,0.982
PAI-00744,PRJ-614652,OCMS-978957,PM-8838699,synthetic_direct_mapping,0.951
PAI-00745,PRJ-821415,OCMS-828408,PM-4134642,synthetic_direct_mapping,0.982
PAI-00746,PRJ-667286,OCMS-370495,PM-6891951,synthetic_direct_mapping,0.942
PAI-00747,PRJ-608105,OCMS-323841,PM-2104454,synthetic_direct_mapping,0.989
PAI-00748,PRJ-154739,OCMS-714722,PM-4689889,synthetic_direct_mapping,0.96
PAI-00749,PRJ-400131,OCMS-541313,PM-7050196,synthetic_direct_mapping,0.988
PAI-00750,PRJ-521850,OCMS-771819,PM-3958547,synthetic_direct_mapping,0.961
PAI-00751,PRJ-477269,OCMS-777638,PM-3764850,synthetic_direct_mapping,0.972
PAI-00752,PRJ-333393,OCMS-583725,PM-5613060,synthetic_direct_mapping,0.96
PAI-00753,PRJ-915622,OCMS-807986,PM-4007286,synthetic_direct_mapping,0.953
PAI-00754,PRJ-472888,OCMS-676665,PM-3589139,synthetic_direct_mapping,0.968
PAI-00755,PRJ-361389,OCMS-333053,PM-6622352,synthetic_direct_mapping,0.978
PAI-00756,PRJ-486959,OCMS-523807,PM-2422329,synthetic_direct_mapping,0.95
PAI-00757,PRJ-449452,OCMS-401757,PM-3706724,synthetic_direct_mapping,0.968
PAI-00758,PRJ-751279,OCMS-482381,PM-4313884,synthetic_direct_mapping,0.947
PAI-00759,PRJ-203352,OCMS-167694,PM-6426546,synthetic_direct_mapping,0.952
PAI-00760,PRJ-861028,OCMS-947226,PM-5071535,synthetic_direct_mapping,0.959
PAI-00761,PRJ-789984,OCMS-955846,PM-8644026,synthetic_direct_mapping,0.978
PAI-00762,PRJ-105284,OCMS-552960,PM-8031349,synthetic_direct_mapping,0.96
PAI-00763,PRJ-434146,OCMS-799702,PM-6602822,synthetic_direct_mapping,0.961
PAI-00764,PRJ-974115,OCMS-191838,PM-9457907,synthetic_direct_mapping,0.969
PAI-00765,PRJ-261605,OCMS-952365,PM-7829539,synthetic_direct_mapping,0.968
PAI-00766,PRJ-832842,OCMS-348906,PM-8163428,synthetic_direct_mapping,0.966
PAI-00767,PRJ-390087,OCMS-560773,PM-7028366,synthetic_direct_mapping,0.944
PAI-00768,PRJ-168502,OCMS-484617,PM-3041376,synthetic_direct_mapping,0.979
PAI-00769,PRJ-358182,OCMS-896125,PM-3399567,synthetic_direct_mapping,0.946
PAI-00770,PRJ-624545,OCMS-830171,PM-5043918,synthetic_direct_mapping,0.958
PAI-00771,PRJ-331483,OCMS-592687,PM-2236176,synthetic_direct_mapping,0.945
PAI-00772,PRJ-174164,OCMS-404393,PM-4908151,synthetic_direct_mapping,0.945
PAI-00773,PRJ-207311,OCMS-477079,PM-3955048,synthetic_direct_mapping,0.966
PAI-00774,PRJ-701450,OCMS-169725,PM-1090021,synthetic_direct_mapping,0.981
PAI-00775,PRJ-617753,OCMS-671077,PM-2050300,synthetic_direct_mapping,0.946
PAI-00776,PRJ-395478,OCMS-752282,PM-1400183,synthetic_direct_mapping,0.979
PAI-00777,PRJ-929595,OCMS-122540,PM-1271837,synthetic_direct_mapping,0.953
PAI-00778,PRJ-364286,OCMS-955432,PM-5001008,synthetic_direct_mapping,0.997
PAI-00779,PRJ-625728,OCMS-242313,PM-5112990,synthetic_direct_mapping,0.957
PAI-00780,PRJ-765501,OCMS-761511,PM-9769536,synthetic_direct_mapping,0.958
PAI-00781,PRJ-841681,OCMS-334504,PM-9954098,synthetic_direct_mapping,0.946
PAI-00782,PRJ-776051,OCMS-210928,PM-4251507,synthetic_direct_mapping,0.957
PAI-00783,PRJ-181009,OCMS-651170,PM-5148363,synthetic_direct_mapping,0.997
PAI-00784,PRJ-473594,OCMS-564287,PM-9783821,synthetic_direct_mapping,0.982
PAI-00785,PRJ-961297,OCMS-623451,PM-5188387,synthetic_direct_mapping,0.949
PAI-00786,PRJ-770386,OCMS-611496,PM-6295237,synthetic_direct_mapping,0.963
PAI-00787,PRJ-191811,OCMS-104350,PM-1634619,synthetic_direct_mapping,0.967
PAI-00788,PRJ-117207,OCMS-420397,PM-3432406,synthetic_direct_mapping,0.97
PAI-00789,PRJ-823725,OCMS-284416,PM-7746731,synthetic_direct_mapping,0.985
PAI-00790,PRJ-175301,OCMS-770713,PM-2630767,synthetic_direct_mapping,0.982
PAI-00791,PRJ-287206,OCMS-920459,PM-6986463,synthetic_direct_mapping,0.99
PAI-00792,PRJ-994364,OCMS-475385,PM-3018300,synthetic_direct_mapping,0.987
PAI-00793,PRJ-373595,OCMS-495295,PM-1451033,synthetic_direct_mapping,0.965
PAI-00794,PRJ-559560,OCMS-293225,PM-5929153,synthetic_direct_mapping,0.979
PAI-00795,PRJ-773449,OCMS-570948,PM-2674511,synthetic_direct_mapping,0.982
PAI-00796,PRJ-342404,OCMS-936103,PM-7273169,synthetic_direct_mapping,0.97
PAI-00797,PRJ-637069,OCMS-278752,PM-9682602,synthetic_direct_mapping,0.966
PAI-00798,PRJ-540572,OCMS-710762,PM-9700692,synthetic_direct_mapping,0.972
PAI-00799,PRJ-138772,OCMS-761322,PM-3558639,synthetic_direct_mapping,0.949
PAI-00800,PRJ-536080,OCMS-429189,PM-7648498,synthetic_direct_mapping,0.96
PAI-00801,PRJ-709533,OCMS-768135,PM-7472160,synthetic_direct_mapping,0.972
PAI-00802,PRJ-911270,OCMS-599998,PM-4695221,synthetic_direct_mapping,0.999
PAI-00803,PRJ-744089,OCMS-952329,PM-4819827,synthetic_direct_mapping,0.984
PAI-00804,PRJ-394951,OCMS-584160,PM-3010443,synthetic_direct_mapping,0.982
PAI-00805,PRJ-772050,OCMS-751224,PM-4166642,synthetic_direct_mapping,0.946
PAI-00806,PRJ-427816,OCMS-219658,PM-1271915,synthetic_direct_mapping,0.972
PAI-00807,PRJ-515657,OCMS-133312,PM-3631359,synthetic_direct_mapping,0.97
PAI-00808,PRJ-723240,OCMS-841355,PM-3663095,synthetic_direct_mapping,0.946
PAI-00809,PRJ-787819,OCMS-184181,PM-5102262,synthetic_direct_mapping,0.962
PAI-00810,PRJ-971556,OCMS-422181,PM-8933416,synthetic_direct_mapping,0.988
PAI-00811,PRJ-415947,OCMS-221383,PM-5197135,synthetic_direct_mapping,0.997
PAI-00812,PRJ-970989,OCMS-751859,PM-8898735,synthetic_direct_mapping,0.943
PAI-00813,PRJ-544281,OCMS-546846,PM-2599969,synthetic_direct_mapping,0.952
PAI-00814,PRJ-633023,OCMS-202090,PM-8578603,synthetic_direct_mapping,0.987
PAI-00815,PRJ-519428,OCMS-921082,PM-1354324,synthetic_direct_mapping,0.98
PAI-00816,PRJ-103434,OCMS-700310,PM-3389705,synthetic_direct_mapping,0.959
PAI-00817,PRJ-842343,OCMS-386643,PM-4676209,synthetic_direct_mapping,0.981
PAI-00818,PRJ-388641,OCMS-432086,PM-4006769,synthetic_direct_mapping,0.958
PAI-00819,PRJ-222003,OCMS-996994,PM-5770273,synthetic_direct_mapping,0.947
PAI-00820,PRJ-604155,OCMS-292987,PM-7553981,synthetic_direct_mapping,0.977
PAI-00821,PRJ-299847,OCMS-945200,PM-4105459,synthetic_direct_mapping,0.975
PAI-00822,PRJ-526032,OCMS-638558,PM-7210834,synthetic_direct_mapping,0.962
PAI-00823,PRJ-988911,OCMS-504891,PM-8663018,synthetic_direct_mapping,0.992
PAI-00824,PRJ-821945,OCMS-578894,PM-3800843,synthetic_direct_mapping,0.966
PAI-00825,PRJ-183398,OCMS-278345,PM-9304703,synthetic_direct_mapping,0.984
PAI-00826,PRJ-497834,OCMS-976512,PM-2071060,synthetic_direct_mapping,0.981
PAI-00827,PRJ-551646,OCMS-392122,PM-8506618,synthetic_direct_mapping,0.966
PAI-00828,PRJ-303352,OCMS-991370,PM-6679268,synthetic_direct_mapping,0.986
PAI-00829,PRJ-987621,OCMS-412140,PM-3389917,synthetic_direct_mapping,0.97
PAI-00830,PRJ-854011,OCMS-628988,PM-9299755,synthetic_direct_mapping,0.993
PAI-00831,PRJ-550251,OCMS-702743,PM-4534224,synthetic_direct_mapping,0.967
PAI-00832,PRJ-614105,OCMS-857598,PM-2199075,synthetic_direct_mapping,0.959
PAI-00833,PRJ-403750,OCMS-244489,PM-5266868,synthetic_direct_mapping,0.948
PAI-00834,PRJ-613141,OCMS-229403,PM-6537017,synthetic_direct_mapping,0.949
PAI-00835,PRJ-177212,OCMS-506629,PM-8296773,synthetic_direct_mapping,0.963
PAI-00836,PRJ-150648,OCMS-794208,PM-4019527,synthetic_direct_mapping,0.997
PAI-00837,PRJ-803964,OCMS-991286,PM-4016242,synthetic_direct_mapping,0.957
PAI-00838,PRJ-311924,OCMS-647761,PM-4522987,synthetic_direct_mapping,0.944
PAI-00839,PRJ-284470,OCMS-399057,PM-7476525,synthetic_direct_mapping,0.943
PAI-00840,PRJ-660173,OCMS-381897,PM-1193663,synthetic_direct_mapping,0.99
PAI-00841,PRJ-202667,OCMS-415848,PM-7127171,synthetic_direct_mapping,0.977
PAI-00842,PRJ-742365,OCMS-294769,PM-1598618,synthetic_direct_mapping,0.982
PAI-00843,PRJ-639769,OCMS-150927,PM-7369849,synthetic_direct_mapping,0.973
PAI-00844,PRJ-845350,OCMS-911813,PM-2000483,synthetic_direct_mapping,0.959
PAI-00845,PRJ-364351,OCMS-557497,PM-1563372,synthetic_direct_mapping,0.996
PAI-00846,PRJ-464170,OCMS-766641,PM-3696843,synthetic_direct_mapping,0.944
PAI-00847,PRJ-741379,OCMS-573368,PM-5057149,synthetic_direct_mapping,0.946
PAI-00848,PRJ-187778,OCMS-790785,PM-3246392,synthetic_direct_mapping,0.966
PAI-00849,PRJ-993577,OCMS-974969,PM-2646181,synthetic_direct_mapping,0.958
PAI-00850,PRJ-255748,OCMS-134265,PM-5314217,synthetic_direct_mapping,0.992
PAI-00851,PRJ-667191,OCMS-330597,PM-6650273,synthetic_direct_mapping,0.951
PAI-00852,PRJ-287327,OCMS-776262,PM-2399798,synthetic_direct_mapping,0.981
PAI-00853,PRJ-750014,OCMS-769390,PM-3310878,synthetic_direct_mapping,0.967
PAI-00854,PRJ-240970,OCMS-758001,PM-4417211,synthetic_direct_mapping,0.979
PAI-00855,PRJ-199414,OCMS-524753,PM-6268152,synthetic_direct_mapping,0.953
PAI-00856,PRJ-672919,OCMS-117966,PM-3183149,synthetic_direct_mapping,0.99
PAI-00857,PRJ-903043,OCMS-896851,PM-9424338,synthetic_direct_mapping,0.981
PAI-00858,PRJ-809528,OCMS-414987,PM-4487028,synthetic_direct_mapping,0.953
PAI-00859,PRJ-733894,OCMS-421669,PM-8528833,synthetic_direct_mapping,0.971
PAI-00860,PRJ-298505,OCMS-216051,PM-7273714,synthetic_direct_mapping,0.943
PAI-00861,PRJ-659658,OCMS-445412,PM-9564975,synthetic_direct_mapping,0.994
PAI-00862,PRJ-240551,OCMS-701804,PM-4173594,synthetic_direct_mapping,0.992
PAI-00863,PRJ-128669,OCMS-457842,PM-3922609,synthetic_direct_mapping,0.993
PAI-00864,PRJ-995850,OCMS-514202,PM-3134675,synthetic_direct_mapping,0.973
PAI-00865,PRJ-363456,OCMS-552761,PM-8630699,synthetic_direct_mapping,0.995
PAI-00866,PRJ-987418,OCMS-827820,PM-8372019,synthetic_direct_mapping,0.986
PAI-00867,PRJ-546157,OCMS-991906,PM-5524485,synthetic_direct_mapping,0.953
PAI-00868,PRJ-549127,OCMS-893041,PM-9444804,synthetic_direct_mapping,0.974
PAI-00869,PRJ-973930,OCMS-815692,PM-4197659,synthetic_direct_mapping,0.976
PAI-00870,PRJ-225191,OCMS-361019,PM-2581247,synthetic_direct_mapping,0.946
PAI-00871,PRJ-526400,OCMS-742707,PM-1019700,synthetic_direct_mapping,0.949
PAI-00872,PRJ-106726,OCMS-992613,PM-7101792,synthetic_direct_mapping,0.949
PAI-00873,PRJ-660470,OCMS-397464,PM-5279953,synthetic_direct_mapping,0.967
PAI-00874,PRJ-231941,OCMS-501144,PM-1388476,synthetic_direct_mapping,0.985
PAI-00875,PRJ-438403,OCMS-726499,PM-8170244,synthetic_direct_mapping,0.942
PAI-00876,PRJ-296720,OCMS-823586,PM-1573095,synthetic_direct_mapping,0.996
PAI-00877,PRJ-779002,OCMS-356403,PM-8250993,synthetic_direct_mapping,0.947
PAI-00878,PRJ-875904,OCMS-385986,PM-4267482,synthetic_direct_mapping,0.951
PAI-00879,PRJ-980789,OCMS-985247,PM-1232108,synthetic_direct_mapping,0.964
PAI-00880,PRJ-571330,OCMS-498585,PM-5380060,synthetic_direct_mapping,0.969
PAI-00881,PRJ-115939,OCMS-169642,PM-9469918,synthetic_direct_mapping,0.947
PAI-00882,PRJ-853239,OCMS-599965,PM-5617098,synthetic_direct_mapping,0.95
PAI-00883,PRJ-572981,OCMS-407842,PM-8940160,synthetic_direct_mapping,0.951
PAI-00884,PRJ-473155,OCMS-411761,PM-1545564,synthetic_direct_mapping,0.969
PAI-00885,PRJ-861634,OCMS-649781,PM-8794824,synthetic_direct_mapping,0.948
PAI-00886,PRJ-221926,OCMS-275499,PM-4048228,synthetic_direct_mapping,0.977
PAI-00887,PRJ-246801,OCMS-185749,PM-8930264,synthetic_direct_mapping,0.982
PAI-00888,PRJ-627940,OCMS-468741,PM-7330189,synthetic_direct_mapping,0.988
PAI-00889,PRJ-813609,OCMS-213547,PM-1468865,synthetic_direct_mapping,0.973
PAI-00890,PRJ-363311,OCMS-911983,PM-9366932,synthetic_direct_mapping,0.996
PAI-00891,PRJ-179841,OCMS-123617,PM-3581697,synthetic_direct_mapping,0.984
PAI-00892,PRJ-705640,OCMS-189320,PM-4861241,synthetic_direct_mapping,0.979
PAI-00893,PRJ-793501,OCMS-163289,PM-8902958,synthetic_direct_mapping,0.957
PAI-00894,PRJ-347401,OCMS-273771,PM-1471543,synthetic_direct_mapping,0.998
PAI-00895,PRJ-530071,OCMS-100365,PM-4735424,synthetic_direct_mapping,0.968
PAI-00896,PRJ-230151,OCMS-149717,PM-9800399,synthetic_direct_mapping,0.964
PAI-00897,PRJ-180571,OCMS-768139,PM-2901005,synthetic_direct_mapping,0.959
PAI-00898,PRJ-442572,OCMS-309027,PM-9379382,synthetic_direct_mapping,0.943
PAI-00899,PRJ-692775,OCMS-826668,PM-2144556,synthetic_direct_mapping,0.999
PAI-00900,PRJ-479230,OCMS-451897,PM-3531859,synthetic_direct_mapping,0.962
PAI-00901,PRJ-421556,OCMS-586299,PM-9137507,synthetic_direct_mapping,0.967
PAI-00902,PRJ-213497,OCMS-237993,PM-8935323,synthetic_direct_mapping,0.976
PAI-00903,PRJ-999025,OCMS-825372,PM-6320052,synthetic_direct_mapping,0.946
PAI-00904,PRJ-936114,OCMS-129527,PM-9969979,synthetic_direct_mapping,0.97
PAI-00905,PRJ-393610,OCMS-151599,PM-5743271,synthetic_direct_mapping,0.978
PAI-00906,PRJ-840486,OCMS-553095,PM-3241540,synthetic_direct_mapping,0.969
PAI-00907,PRJ-616430,OCMS-168679,PM-4544017,synthetic_direct_mapping,0.996
PAI-00908,PRJ-992937,OCMS-625307,PM-7465739,synthetic_direct_mapping,0.982
PAI-00909,PRJ-928313,OCMS-435003,PM-3580964,synthetic_direct_mapping,0.958
PAI-00910,PRJ-125177,OCMS-394594,PM-3646230,synthetic_direct_mapping,0.997
PAI-00911,PRJ-126333,OCMS-895953,PM-3002966,synthetic_direct_mapping,0.98
PAI-00912,PRJ-409372,OCMS-547928,PM-2454332,synthetic_direct_mapping,0.969
PAI-00913,PRJ-188029,OCMS-727926,PM-7197355,synthetic_direct_mapping,0.973
PAI-00914,PRJ-239501,OCMS-568827,PM-3589432,synthetic_direct_mapping,0.991
PAI-00915,PRJ-564230,OCMS-168481,PM-1174824,synthetic_direct_mapping,0.953
PAI-00916,PRJ-649231,OCMS-526595,PM-3375620,synthetic_direct_mapping,0.998
PAI-00917,PRJ-900935,OCMS-180190,PM-9264942,synthetic_direct_mapping,0.96
PAI-00918,PRJ-738404,OCMS-331168,PM-1520581,synthetic_direct_mapping,0.945
PAI-00919,PRJ-412896,OCMS-754763,PM-1326804,synthetic_direct_mapping,0.952
PAI-00920,PRJ-381679,OCMS-567453,PM-7018804,synthetic_direct_mapping,0.952
PAI-00921,PRJ-471831,OCMS-602264,PM-9778461,synthetic_direct_mapping,0.974
PAI-00922,PRJ-271598,OCMS-397668,PM-2175228,synthetic_direct_mapping,0.983
PAI-00923,PRJ-797923,OCMS-417973,PM-5931299,synthetic_direct_mapping,0.955
PAI-00924,PRJ-296288,OCMS-335681,PM-6604009,synthetic_direct_mapping,0.972
PAI-00925,PRJ-323967,OCMS-422100,PM-6135629,synthetic_direct_mapping,0.984
PAI-00926,PRJ-949784,OCMS-902712,PM-1114211,synthetic_direct_mapping,0.953
PAI-00927,PRJ-125808,OCMS-899508,PM-9331832,synthetic_direct_mapping,0.959
PAI-00928,PRJ-317655,OCMS-363490,PM-2718553,synthetic_direct_mapping,0.99
PAI-00929,PRJ-897382,OCMS-866729,PM-9815079,synthetic_direct_mapping,0.97
PAI-00930,PRJ-664120,OCMS-776289,PM-5918716,synthetic_direct_mapping,0.958
PAI-00931,PRJ-262745,OCMS-826199,PM-2681213,synthetic_direct_mapping,0.99
PAI-00932,PRJ-847468,OCMS-211624,PM-4887281,synthetic_direct_mapping,0.964
PAI-00933,PRJ-614257,OCMS-439119,PM-4528635,synthetic_direct_mapping,0.993
PAI-00934,PRJ-713070,OCMS-986382,PM-2719601,synthetic_direct_mapping,0.955
PAI-00935,PRJ-389317,OCMS-114607,PM-1939996,synthetic_direct_mapping,0.968
PAI-00936,PRJ-464429,OCMS-766434,PM-1811739,synthetic_direct_mapping,0.947
PAI-00937,PRJ-914999,OCMS-898255,PM-5898170,synthetic_direct_mapping,0.967
PAI-00938,PRJ-907500,OCMS-859501,PM-1395125,synthetic_direct_mapping,0.978
PAI-00939,PRJ-533067,OCMS-941714,PM-5207335,synthetic_direct_mapping,0.963
PAI-00940,PRJ-394906,OCMS-336635,PM-9862160,synthetic_direct_mapping,0.993
PAI-00941,PRJ-814680,OCMS-531678,PM-3862352,synthetic_direct_mapping,0.941
PAI-00942,PRJ-853152,OCMS-395264,PM-7785263,synthetic_direct_mapping,0.963
PAI-00943,PRJ-213671,OCMS-661722,PM-1402231,synthetic_direct_mapping,0.994
PAI-00944,PRJ-752289,OCMS-896257,PM-9906406,synthetic_direct_mapping,0.962
PAI-00945,PRJ-824451,OCMS-803045,PM-7097906,synthetic_direct_mapping,0.944
PAI-00946,PRJ-485413,OCMS-685247,PM-2389303,synthetic_direct_mapping,0.941
PAI-00947,PRJ-799363,OCMS-473432,PM-8532081,synthetic_direct_mapping,0.97
PAI-00948,PRJ-692524,OCMS-906091,PM-9889448,synthetic_direct_mapping,0.948
PAI-00949,PRJ-119637,OCMS-750697,PM-3594328,synthetic_direct_mapping,0.968
PAI-00950,PRJ-525634,OCMS-237455,PM-3857545,synthetic_direct_mapping,0.986
PAI-00951,PRJ-410441,OCMS-338165,PM-4082121,synthetic_direct_mapping,0.964
PAI-00952,PRJ-847456,OCMS-440682,PM-3822992,synthetic_direct_mapping,0.995
PAI-00953,PRJ-431199,OCMS-318075,PM-9861674,synthetic_direct_mapping,0.965
PAI-00954,PRJ-321508,OCMS-609523,PM-5372845,synthetic_direct_mapping,0.993
PAI-00955,PRJ-866294,OCMS-753193,PM-8410005,synthetic_direct_mapping,0.958
PAI-00956,PRJ-713642,OCMS-434673,PM-1609316,synthetic_direct_mapping,0.98
PAI-00957,PRJ-569951,OCMS-348450,PM-3232239,synthetic_direct_mapping,0.959
PAI-00958,PRJ-719354,OCMS-865193,PM-6427727,synthetic_direct_mapping,0.944
PAI-00959,PRJ-634309,OCMS-190122,PM-3996538,synthetic_direct_mapping,0.956
PAI-00960,PRJ-435498,OCMS-313179,PM-6973602,synthetic_direct_mapping,0.945
PAI-00961,PRJ-510528,OCMS-735383,PM-8428561,synthetic_direct_mapping,0.966
PAI-00962,PRJ-251918,OCMS-903490,PM-8312354,synthetic_direct_mapping,0.977
PAI-00963,PRJ-316797,OCMS-478447,PM-1704608,synthetic_direct_mapping,0.952
PAI-00964,PRJ-813707,OCMS-450279,PM-2749777,synthetic_direct_mapping,0.977
PAI-00965,PRJ-758078,OCMS-134751,PM-2793369,synthetic_direct_mapping,0.998
PAI-00966,PRJ-264425,OCMS-921311,PM-7706114,synthetic_direct_mapping,0.953
PAI-00967,PRJ-284653,OCMS-171749,PM-9465739,synthetic_direct_mapping,0.988
PAI-00968,PRJ-990595,OCMS-517598,PM-8715928,synthetic_direct_mapping,0.988
PAI-00969,PRJ-254961,OCMS-610064,PM-3819717,synthetic_direct_mapping,0.995
PAI-00970,PRJ-985473,OCMS-313459,PM-8539991,synthetic_direct_mapping,0.948
PAI-00971,PRJ-719975,OCMS-133317,PM-2069191,synthetic_direct_mapping,0.978
PAI-00972,PRJ-634221,OCMS-253357,PM-9122435,synthetic_direct_mapping,0.953
PAI-00973,PRJ-509351,OCMS-400719,PM-4348630,synthetic_direct_mapping,0.971
PAI-00974,PRJ-543760,OCMS-458502,PM-6250177,synthetic_direct_mapping,0.966
PAI-00975,PRJ-128686,OCMS-925212,PM-6576550,synthetic_direct_mapping,0.943
PAI-00976,PRJ-775776,OCMS-181988,PM-9873978,synthetic_direct_mapping,0.963
PAI-00977,PRJ-802651,OCMS-849061,PM-8890363,synthetic_direct_mapping,0.995
PAI-00978,PRJ-172996,OCMS-688008,PM-6981059,synthetic_direct_mapping,0.961
PAI-00979,PRJ-318690,OCMS-835407,PM-4672808,synthetic_direct_mapping,0.99
PAI-00980,PRJ-486352,OCMS-992901,PM-3002384,synthetic_direct_mapping,0.995
PAI-00981,PRJ-890691,OCMS-304408,PM-9413823,synthetic_direct_mapping,0.978
PAI-00982,PRJ-410935,OCMS-981103,PM-9018197,synthetic_direct_mapping,0.995
PAI-00983,PRJ-299407,OCMS-307851,PM-9366809,synthetic_direct_mapping,0.993
PAI-00984,PRJ-662279,OCMS-168321,PM-4883345,synthetic_direct_mapping,0.977
PAI-00985,PRJ-553624,OCMS-476978,PM-5905063,synthetic_direct_mapping,0.986
PAI-00986,PRJ-994484,OCMS-496093,PM-8880910,synthetic_direct_mapping,0.989
PAI-00987,PRJ-792461,OCMS-515159,PM-6935443,synthetic_direct_mapping,0.952
PAI-00988,PRJ-178430,OCMS-465545,PM-4413377,synthetic_direct_mapping,0.982
PAI-00989,PRJ-698983,OCMS-995042,PM-6071089,synthetic_direct_mapping,0.989
PAI-00990,PRJ-305299,OCMS-449731,PM-5916302,synthetic_direct_mapping,0.98
PAI-00991,PRJ-381184,OCMS-767761,PM-5737338,synthetic_direct_mapping,0.989
PAI-00992,PRJ-216897,OCMS-367747,PM-9832669,synthetic_direct_mapping,0.941
PAI-00993,PRJ-220357,OCMS-582948,PM-6671064,synthetic_direct_mapping,0.988
PAI-00994,PRJ-124809,OCMS-190788,PM-2889515,synthetic_direct_mapping,0.947
PAI-00995,PRJ-471448,OCMS-243647,PM-4981684,synthetic_direct_mapping,0.961
PAI-00996,PRJ-530303,OCMS-884338,PM-9251028,synthetic_direct_mapping,0.996
PAI-00997,PRJ-657262,OCMS-118559,PM-1266936,synthetic_direct_mapping,0.964
PAI-00998,PRJ-334678,OCMS-609766,PM-9649136,synthetic_direct_mapping,0.963
PAI-00999,PRJ-279315,OCMS-415807,PM-9653755,synthetic_direct_mapping,0.961
PAI-01000,PRJ-344694,OCMS-961860,PM-1524114,synthetic_direct_mapping,0.968
PAI-01001,PRJ-860054,OCMS-449896,PM-2758282,synthetic_direct_mapping,0.986
PAI-01002,PRJ-526456,OCMS-134876,PM-6482057,synthetic_direct_mapping,0.949
PAI-01003,PRJ-362081,OCMS-928485,PM-3700727,synthetic_direct_mapping,0.982
PAI-01004,PRJ-219529,OCMS-543070,PM-3757508,synthetic_direct_mapping,0.942
PAI-01005,PRJ-796542,OCMS-730000,PM-1820281,synthetic_direct_mapping,0.956
PAI-01006,PRJ-346322,OCMS-806836,PM-8159014,synthetic_direct_mapping,0.943
PAI-01007,PRJ-760890,OCMS-508320,PM-9880635,synthetic_direct_mapping,0.996
PAI-01008,PRJ-480393,OCMS-246482,PM-3892885,synthetic_direct_mapping,0.958
PAI-01009,PRJ-430645,OCMS-399023,PM-5063177,synthetic_direct_mapping,0.969
PAI-01010,PRJ-508924,OCMS-879187,PM-8081230,synthetic_direct_mapping,0.946
PAI-01011,PRJ-941839,OCMS-977220,PM-3864693,synthetic_direct_mapping,0.946
PAI-01012,PRJ-718678,OCMS-984816,PM-6458533,synthetic_direct_mapping,0.974
PAI-01013,PRJ-713007,OCMS-603988,PM-4123571,synthetic_direct_mapping,0.969
PAI-01014,PRJ-896457,OCMS-241108,PM-8962026,synthetic_direct_mapping,0.956
PAI-01015,PRJ-758356,OCMS-426118,PM-9192091,synthetic_direct_mapping,0.988
PAI-01016,PRJ-172166,OCMS-423217,PM-9040521,synthetic_direct_mapping,0.942
PAI-01017,PRJ-963502,OCMS-992964,PM-3097446,synthetic_direct_mapping,0.983
PAI-01018,PRJ-404404,OCMS-845087,PM-5712067,synthetic_direct_mapping,0.984
PAI-01019,PRJ-647414,OCMS-674716,PM-9912835,synthetic_direct_mapping,0.957
PAI-01020,PRJ-209963,OCMS-146716,PM-2642466,synthetic_direct_mapping,0.969
PAI-01021,PRJ-557051,OCMS-699113,PM-4674260,synthetic_direct_mapping,0.944
PAI-01022,PRJ-980835,OCMS-473185,PM-7860908,synthetic_direct_mapping,0.984
PAI-01023,PRJ-151800,OCMS-105187,PM-1221508,synthetic_direct_mapping,0.983
PAI-01024,PRJ-787653,OCMS-980362,PM-7181229,synthetic_direct_mapping,0.967
PAI-01025,PRJ-613197,OCMS-336680,PM-7153446,synthetic_direct_mapping,0.981
PAI-01026,PRJ-299039,OCMS-515603,PM-7944273,synthetic_direct_mapping,0.985
PAI-01027,PRJ-604874,OCMS-230204,PM-1624093,synthetic_direct_mapping,0.985
PAI-01028,PRJ-615977,OCMS-355305,PM-4615167,synthetic_direct_mapping,0.967
PAI-01029,PRJ-218623,OCMS-890999,PM-6571799,synthetic_direct_mapping,0.978
PAI-01030,PRJ-691397,OCMS-631476,PM-6282035,synthetic_direct_mapping,0.94
PAI-01031,PRJ-324299,OCMS-453556,PM-5868812,synthetic_direct_mapping,0.973
PAI-01032,PRJ-927317,OCMS-365070,PM-4013630,synthetic_direct_mapping,0.998
PAI-01033,PRJ-812628,OCMS-641092,PM-6563043,synthetic_direct_mapping,0.955
PAI-01034,PRJ-318602,OCMS-917525,PM-1875810,synthetic_direct_mapping,0.972
PAI-01035,PRJ-230606,OCMS-828436,PM-3321519,synthetic_direct_mapping,0.993
PAI-01036,PRJ-832708,OCMS-182060,PM-1156645,synthetic_direct_mapping,0.981
PAI-01037,PRJ-646314,OCMS-309972,PM-8775778,synthetic_direct_mapping,0.974
PAI-01038,PRJ-938166,OCMS-229630,PM-8521217,synthetic_direct_mapping,0.947
PAI-01039,PRJ-743420,OCMS-824262,PM-4945693,synthetic_direct_mapping,0.946
PAI-01040,PRJ-978804,OCMS-677112,PM-9632856,synthetic_direct_mapping,0.955
PAI-01041,PRJ-521605,OCMS-637451,PM-1115394,synthetic_direct_mapping,0.963
PAI-01042,PRJ-571730,OCMS-782027,PM-3980337,synthetic_direct_mapping,0.951
PAI-01043,PRJ-865639,OCMS-408003,PM-1914661,synthetic_direct_mapping,0.978
PAI-01044,PRJ-473375,OCMS-537958,PM-9225733,synthetic_direct_mapping,0.967
PAI-01045,PRJ-273822,OCMS-653524,PM-9124621,synthetic_direct_mapping,0.95
PAI-01046,PRJ-631231,OCMS-678137,PM-5675774,synthetic_direct_mapping,0.994
PAI-01047,PRJ-674450,OCMS-848596,PM-7625388,synthetic_direct_mapping,0.995
PAI-01048,PRJ-428883,OCMS-256049,PM-7307071,synthetic_direct_mapping,0.973
PAI-01049,PRJ-902581,OCMS-964304,PM-1747073,synthetic_direct_mapping,0.95
PAI-01050,PRJ-585334,OCMS-135458,PM-5994338,synthetic_direct_mapping,0.99
PAI-01051,PRJ-468323,OCMS-432994,PM-1835968,synthetic_direct_mapping,0.971
PAI-01052,PRJ-862187,OCMS-539693,PM-6804819,synthetic_direct_mapping,0.978
PAI-01053,PRJ-699254,OCMS-892632,PM-2255808,synthetic_direct_mapping,0.962
PAI-01054,PRJ-519719,OCMS-726632,PM-4227258,synthetic_direct_mapping,0.999
PAI-01055,PRJ-180728,OCMS-758401,PM-3164349,synthetic_direct_mapping,0.973
PAI-01056,PRJ-204418,OCMS-638404,PM-6033015,synthetic_direct_mapping,0.993
PAI-01057,PRJ-995272,OCMS-473010,PM-7795329,synthetic_direct_mapping,0.96
PAI-01058,PRJ-977826,OCMS-330141,PM-6300790,synthetic_direct_mapping,0.955
PAI-01059,PRJ-837415,OCMS-485816,PM-5778719,synthetic_direct_mapping,0.99
PAI-01060,PRJ-978343,OCMS-648481,PM-2803992,synthetic_direct_mapping,0.959
PAI-01061,PRJ-211402,OCMS-439358,PM-1432595,synthetic_direct_mapping,0.985
PAI-01062,PRJ-974827,OCMS-248086,PM-7144402,synthetic_direct_mapping,0.991
PAI-01063,PRJ-568328,OCMS-288031,PM-5781330,synthetic_direct_mapping,0.984
PAI-01064,PRJ-416120,OCMS-400542,PM-6551829,synthetic_direct_mapping,0.971
PAI-01065,PRJ-766451,OCMS-283618,PM-2356227,synthetic_direct_mapping,0.988
PAI-01066,PRJ-900183,OCMS-576610,PM-9991241,synthetic_direct_mapping,0.958
PAI-01067,PRJ-811844,OCMS-837269,PM-3825749,synthetic_direct_mapping,0.956
PAI-01068,PRJ-436156,OCMS-164944,PM-7178642,synthetic_direct_mapping,0.982
PAI-01069,PRJ-894594,OCMS-818180,PM-9320339,synthetic_direct_mapping,0.98
PAI-01070,PRJ-117790,OCMS-371920,PM-7683803,synthetic_direct_mapping,0.958
PAI-01071,PRJ-907314,OCMS-365900,PM-6430723,synthetic_direct_mapping,0.997
PAI-01072,PRJ-250854,OCMS-640329,PM-7321329,synthetic_direct_mapping,0.998
PAI-01073,PRJ-442184,OCMS-464241,PM-9096174,synthetic_direct_mapping,0.973
PAI-01074,PRJ-730735,OCMS-651573,PM-6622419,synthetic_direct_mapping,0.993
PAI-01075,PRJ-580120,OCMS-604341,PM-4190175,synthetic_direct_mapping,0.946
PAI-01076,PRJ-719560,OCMS-648821,PM-2791960,synthetic_direct_mapping,0.965
PAI-01077,PRJ-342096,OCMS-895667,PM-6097927,synthetic_direct_mapping,0.94
PAI-01078,PRJ-152818,OCMS-663708,PM-5059722,synthetic_direct_mapping,0.99
PAI-01079,PRJ-500452,OCMS-170009,PM-4152904,synthetic_direct_mapping,0.974
PAI-01080,PRJ-508797,OCMS-995977,PM-1971805,synthetic_direct_mapping,0.955
PAI-01081,PRJ-876437,OCMS-637319,PM-6437665,synthetic_direct_mapping,0.947
PAI-01082,PRJ-302422,OCMS-966890,PM-9372551,synthetic_direct_mapping,0.956
PAI-01083,PRJ-880437,OCMS-512508,PM-5548346,synthetic_direct_mapping,0.96
PAI-01084,PRJ-363248,OCMS-542956,PM-2395501,synthetic_direct_mapping,0.973
PAI-01085,PRJ-188818,OCMS-233843,PM-3394975,synthetic_direct_mapping,0.987
PAI-01086,PRJ-224484,OCMS-904125,PM-5304331,synthetic_direct_mapping,0.995
PAI-01087,PRJ-432575,OCMS-136929,PM-3717565,synthetic_direct_mapping,0.964
PAI-01088,PRJ-874211,OCMS-947123,PM-9386425,synthetic_direct_mapping,0.988
PAI-01089,PRJ-603829,OCMS-595081,PM-6683695,synthetic_direct_mapping,0.996
PAI-01090,PRJ-335520,OCMS-419811,PM-1667663,synthetic_direct_mapping,0.983
PAI-01091,PRJ-257257,OCMS-231316,PM-1452140,synthetic_direct_mapping,0.956
PAI-01092,PRJ-938176,OCMS-711393,PM-5760842,synthetic_direct_mapping,0.972
PAI-01093,PRJ-472283,OCMS-760418,PM-6882551,synthetic_direct_mapping,0.969
PAI-01094,PRJ-960714,OCMS-448989,PM-6801209,synthetic_direct_mapping,0.974
PAI-01095,PRJ-658873,OCMS-222439,PM-5153145,synthetic_direct_mapping,0.945
PAI-01096,PRJ-252006,OCMS-318145,PM-6550771,synthetic_direct_mapping,0.96
PAI-01097,PRJ-847729,OCMS-733826,PM-7096071,synthetic_direct_mapping,0.998
PAI-01098,PRJ-945835,OCMS-661938,PM-2304059,synthetic_direct_mapping,0.987
PAI-01099,PRJ-501237,OCMS-646936,PM-7731040,synthetic_direct_mapping,0.971
PAI-01100,PRJ-688610,OCMS-376646,PM-4640064,synthetic_direct_mapping,0.987
PAI-01101,PRJ-984663,OCMS-108581,PM-4302578,synthetic_direct_mapping,0.944
PAI-01102,PRJ-606418,OCMS-137269,PM-2970332,synthetic_direct_mapping,0.965
PAI-01103,PRJ-472639,OCMS-358845,PM-1091340,synthetic_direct_mapping,0.951
PAI-01104,PRJ-168285,OCMS-511148,PM-2127950,synthetic_direct_mapping,0.986
PAI-01105,PRJ-733215,OCMS-785824,PM-5295893,synthetic_direct_mapping,0.942
PAI-01106,PRJ-808563,OCMS-905583,PM-4885482,synthetic_direct_mapping,0.994
PAI-01107,PRJ-929037,OCMS-791417,PM-1170657,synthetic_direct_mapping,0.982
PAI-01108,PRJ-517335,OCMS-933946,PM-2193986,synthetic_direct_mapping,0.948
PAI-01109,PRJ-904094,OCMS-384182,PM-3635740,synthetic_direct_mapping,0.975
PAI-01110,PRJ-540536,OCMS-822752,PM-2259491,synthetic_direct_mapping,0.965
PAI-01111,PRJ-594355,OCMS-216235,PM-1909342,synthetic_direct_mapping,0.96
PAI-01112,PRJ-542571,OCMS-856616,PM-3696579,synthetic_direct_mapping,0.996
PAI-01113,PRJ-749514,OCMS-358489,PM-7220646,synthetic_direct_mapping,0.992
PAI-01114,PRJ-775415,OCMS-548741,PM-5550066,synthetic_direct_mapping,0.987
PAI-01115,PRJ-604774,OCMS-773580,PM-2032671,synthetic_direct_mapping,0.949
PAI-01116,PRJ-807413,OCMS-215409,PM-9273252,synthetic_direct_mapping,0.951
PAI-01117,PRJ-375224,OCMS-452972,PM-4610703,synthetic_direct_mapping,0.994
PAI-01118,PRJ-191978,OCMS-220287,PM-7655253,synthetic_direct_mapping,0.974
PAI-01119,PRJ-910987,OCMS-728304,PM-2349094,synthetic_direct_mapping,0.957
PAI-01120,PRJ-142320,OCMS-888464,PM-2401178,synthetic_direct_mapping,0.985
PAI-01121,PRJ-583039,OCMS-338439,PM-1343550,synthetic_direct_mapping,0.97
PAI-01122,PRJ-630581,OCMS-705547,PM-8289155,synthetic_direct_mapping,0.993
PAI-01123,PRJ-436517,OCMS-363655,PM-6735747,synthetic_direct_mapping,0.974
PAI-01124,PRJ-170066,OCMS-143946,PM-2485204,synthetic_direct_mapping,0.973
PAI-01125,PRJ-269685,OCMS-723811,PM-7777719,synthetic_direct_mapping,0.969
PAI-01126,PRJ-180226,OCMS-460928,PM-6738757,synthetic_direct_mapping,0.945
PAI-01127,PRJ-120361,OCMS-375722,PM-3917045,synthetic_direct_mapping,0.941
PAI-01128,PRJ-391038,OCMS-532655,PM-5963259,synthetic_direct_mapping,0.992
PAI-01129,PRJ-864807,OCMS-972504,PM-9374523,synthetic_direct_mapping,0.958
PAI-01130,PRJ-167958,OCMS-255661,PM-2968068,synthetic_direct_mapping,0.941
PAI-01131,PRJ-282405,OCMS-577542,PM-1364826,synthetic_direct_mapping,0.966
PAI-01132,PRJ-260468,OCMS-591623,PM-7912049,synthetic_direct_mapping,0.95
PAI-01133,PRJ-794663,OCMS-347396,PM-9159460,synthetic_direct_mapping,0.948
PAI-01134,PRJ-583755,OCMS-754422,PM-5676008,synthetic_direct_mapping,0.992
PAI-01135,PRJ-738552,OCMS-988645,PM-9836513,synthetic_direct_mapping,0.953
PAI-01136,PRJ-345706,OCMS-102922,PM-9222688,synthetic_direct_mapping,0.998
PAI-01137,PRJ-139163,OCMS-273762,PM-7982468,synthetic_direct_mapping,0.971
PAI-01138,PRJ-899411,OCMS-369781,PM-1874955,synthetic_direct_mapping,0.977
PAI-01139,PRJ-580091,OCMS-641063,PM-3225741,synthetic_direct_mapping,0.998
PAI-01140,PRJ-283823,OCMS-480969,PM-8306704,synthetic_direct_mapping,0.957
PAI-01141,PRJ-363936,OCMS-815371,PM-2756768,synthetic_direct_mapping,0.983
PAI-01142,PRJ-391494,OCMS-870713,PM-7040583,synthetic_direct_mapping,0.986
PAI-01143,PRJ-977375,OCMS-892277,PM-4436384,synthetic_direct_mapping,0.955
PAI-01144,PRJ-780473,OCMS-105936,PM-6698530,synthetic_direct_mapping,0.947
PAI-01145,PRJ-762577,OCMS-105378,PM-6378327,synthetic_direct_mapping,0.962
PAI-01146,PRJ-665445,OCMS-258117,PM-4577233,synthetic_direct_mapping,0.972
PAI-01147,PRJ-763068,OCMS-790333,PM-7686027,synthetic_direct_mapping,0.995
PAI-01148,PRJ-194923,OCMS-647792,PM-6976031,synthetic_direct_mapping,0.992
PAI-01149,PRJ-643347,OCMS-227399,PM-9229403,synthetic_direct_mapping,0.962
PAI-01150,PRJ-687528,OCMS-678456,PM-7602329,synthetic_direct_mapping,0.966
PAI-01151,PRJ-725822,OCMS-179068,PM-8157260,synthetic_direct_mapping,0.994
PAI-01152,PRJ-306597,OCMS-164021,PM-3695291,synthetic_direct_mapping,0.986
PAI-01153,PRJ-774173,OCMS-533359,PM-2068139,synthetic_direct_mapping,0.995
PAI-01154,PRJ-419604,OCMS-413874,PM-6042166,synthetic_direct_mapping,0.981
PAI-01155,PRJ-154073,OCMS-278812,PM-6661950,synthetic_direct_mapping,0.964
PAI-01156,PRJ-588735,OCMS-691941,PM-2795736,synthetic_direct_mapping,0.986
PAI-01157,PRJ-123600,OCMS-761243,PM-5631945,synthetic_direct_mapping,0.942
PAI-01158,PRJ-189529,OCMS-945631,PM-8476165,synthetic_direct_mapping,0.971
PAI-01159,PRJ-158578,OCMS-977622,PM-4038828,synthetic_direct_mapping,0.972
PAI-01160,PRJ-652002,OCMS-672687,PM-5574122,synthetic_direct_mapping,0.988
PAI-01161,PRJ-542421,OCMS-487539,PM-6589286,synthetic_direct_mapping,0.94
PAI-01162,PRJ-913051,OCMS-259098,PM-8823595,synthetic_direct_mapping,0.987
PAI-01163,PRJ-980251,OCMS-222678,PM-8940675,synthetic_direct_mapping,0.943
PAI-01164,PRJ-290497,OCMS-344438,PM-7381716,synthetic_direct_mapping,0.988
PAI-01165,PRJ-522678,OCMS-722077,PM-6604480,synthetic_direct_mapping,0.952
PAI-01166,PRJ-614945,OCMS-732599,PM-7364599,synthetic_direct_mapping,0.994
PAI-01167,PRJ-770379,OCMS-824074,PM-2117823,synthetic_direct_mapping,0.991
PAI-01168,PRJ-947480,OCMS-799945,PM-1060605,synthetic_direct_mapping,0.995
PAI-01169,PRJ-160560,OCMS-392796,PM-1130938,synthetic_direct_mapping,0.964
PAI-01170,PRJ-776366,OCMS-327919,PM-3152311,synthetic_direct_mapping,0.994
PAI-01171,PRJ-313312,OCMS-253392,PM-9626403,synthetic_direct_mapping,0.992
PAI-01172,PRJ-887586,OCMS-234177,PM-9481898,synthetic_direct_mapping,0.972
PAI-01173,PRJ-530763,OCMS-830643,PM-3342826,synthetic_direct_mapping,0.974
PAI-01174,PRJ-250412,OCMS-442131,PM-6833128,synthetic_direct_mapping,0.965
PAI-01175,PRJ-255094,OCMS-614887,PM-7159582,synthetic_direct_mapping,0.951
PAI-01176,PRJ-904627,OCMS-361930,PM-2059027,synthetic_direct_mapping,0.996
PAI-01177,PRJ-359804,OCMS-542516,PM-1421150,synthetic_direct_mapping,0.942
PAI-01178,PRJ-429856,OCMS-857515,PM-7775765,synthetic_direct_mapping,0.959
PAI-01179,PRJ-652200,OCMS-672089,PM-8924828,synthetic_direct_mapping,0.941
PAI-01180,PRJ-575404,OCMS-852997,PM-1624969,synthetic_direct_mapping,0.982
PAI-01181,PRJ-260997,OCMS-683225,PM-3972538,synthetic_direct_mapping,0.952
PAI-01182,PRJ-171797,OCMS-416765,PM-9739799,synthetic_direct_mapping,0.972
PAI-01183,PRJ-422446,OCMS-555279,PM-8801849,synthetic_direct_mapping,0.997
PAI-01184,PRJ-249038,OCMS-576000,PM-8612237,synthetic_direct_mapping,0.981
PAI-01185,PRJ-118793,OCMS-252343,PM-7014907,synthetic_direct_mapping,0.969
PAI-01186,PRJ-622459,OCMS-704136,PM-9800457,synthetic_direct_mapping,0.996
PAI-01187,PRJ-120902,OCMS-188621,PM-9020626,synthetic_direct_mapping,0.975
PAI-01188,PRJ-109655,OCMS-518659,PM-4009179,synthetic_direct_mapping,0.945
PAI-01189,PRJ-992653,OCMS-412245,PM-8784150,synthetic_direct_mapping,0.993
PAI-01190,PRJ-287523,OCMS-995722,PM-4273936,synthetic_direct_mapping,0.986
PAI-01191,PRJ-394154,OCMS-530966,PM-5574886,synthetic_direct_mapping,0.975
PAI-01192,PRJ-891425,OCMS-556536,PM-1928494,synthetic_direct_mapping,0.945
PAI-01193,PRJ-583756,OCMS-261958,PM-5797701,synthetic_direct_mapping,0.953
PAI-01194,PRJ-120346,OCMS-455949,PM-2904821,synthetic_direct_mapping,0.975
PAI-01195,PRJ-178051,OCMS-175457,PM-2159372,synthetic_direct_mapping,0.942
PAI-01196,PRJ-249717,OCMS-855189,PM-3526877,synthetic_direct_mapping,0.978
PAI-01197,PRJ-847271,OCMS-533443,PM-3075979,synthetic_direct_mapping,0.964
PAI-01198,PRJ-146670,OCMS-366074,PM-5166434,synthetic_direct_mapping,0.959
PAI-01199,PRJ-106608,OCMS-272968,PM-7199390,synthetic_direct_mapping,0.953
PAI-01200,PRJ-926470,OCMS-311157,PM-2783319,synthetic_direct_mapping,0.954
PAI-01201,PRJ-522044,OCMS-923733,PM-1273643,synthetic_direct_mapping,0.943
PAI-01202,PRJ-479392,OCMS-170509,PM-4063580,synthetic_direct_mapping,0.953
PAI-01203,PRJ-379714,OCMS-283856,PM-2157838,synthetic_direct_mapping,0.961
PAI-01204,PRJ-538852,OCMS-875350,PM-5987020,synthetic_direct_mapping,0.95
PAI-01205,PRJ-550122,OCMS-284881,PM-1463058,synthetic_direct_mapping,0.961
PAI-01206,PRJ-211019,OCMS-735182,PM-4794688,synthetic_direct_mapping,0.949
PAI-01207,PRJ-583275,OCMS-693281,PM-8488322,synthetic_direct_mapping,0.999
PAI-01208,PRJ-614268,OCMS-613421,PM-4097319,synthetic_direct_mapping,0.962
PAI-01209,PRJ-486867,OCMS-120380,PM-8793993,synthetic_direct_mapping,0.967
PAI-01210,PRJ-315926,OCMS-609792,PM-1440810,synthetic_direct_mapping,0.946
PAI-01211,PRJ-810215,OCMS-706906,PM-9466971,synthetic_direct_mapping,0.983
PAI-01212,PRJ-376162,OCMS-113063,PM-4358635,synthetic_direct_mapping,0.973
PAI-01213,PRJ-703762,OCMS-491858,PM-7706211,synthetic_direct_mapping,0.95
PAI-01214,PRJ-581446,OCMS-484335,PM-3049521,synthetic_direct_mapping,0.988
PAI-01215,PRJ-737785,OCMS-753210,PM-6695292,synthetic_direct_mapping,0.982
PAI-01216,PRJ-176771,OCMS-630773,PM-7587075,synthetic_direct_mapping,0.966
PAI-01217,PRJ-834660,OCMS-732429,PM-5078315,synthetic_direct_mapping,0.961
PAI-01218,PRJ-487951,OCMS-894552,PM-4787279,synthetic_direct_mapping,0.99
PAI-01219,PRJ-569506,OCMS-722593,PM-4106033,synthetic_direct_mapping,0.988
PAI-01220,PRJ-574474,OCMS-635573,PM-5498170,synthetic_direct_mapping,0.992
PAI-01221,PRJ-604135,OCMS-651792,PM-6325739,synthetic_direct_mapping,0.944
PAI-01222,PRJ-889520,OCMS-657528,PM-8409588,synthetic_direct_mapping,0.979
PAI-01223,PRJ-751822,OCMS-918334,PM-9784650,synthetic_direct_mapping,0.981
PAI-01224,PRJ-759404,OCMS-120203,PM-3857419,synthetic_direct_mapping,0.953
PAI-01225,PRJ-377012,OCMS-950241,PM-5666378,synthetic_direct_mapping,0.986
PAI-01226,PRJ-812903,OCMS-129029,PM-8627271,synthetic_direct_mapping,0.985
PAI-01227,PRJ-691002,OCMS-267862,PM-9286976,synthetic_direct_mapping,0.998
PAI-01228,PRJ-442654,OCMS-499359,PM-4775939,synthetic_direct_mapping,0.94
PAI-01229,PRJ-549882,OCMS-602731,PM-3296626,synthetic_direct_mapping,0.979
PAI-01230,PRJ-311855,OCMS-458460,PM-7718303,synthetic_direct_mapping,0.96
PAI-01231,PRJ-690203,OCMS-623179,PM-1613132,synthetic_direct_mapping,0.942
PAI-01232,PRJ-684764,OCMS-766468,PM-9215858,synthetic_direct_mapping,0.95
PAI-01233,PRJ-378747,OCMS-774337,PM-1211071,synthetic_direct_mapping,0.992
PAI-01234,PRJ-383267,OCMS-550518,PM-7371200,synthetic_direct_mapping,0.995
PAI-01235,PRJ-999496,OCMS-228188,PM-9243260,synthetic_direct_mapping,0.96
PAI-01236,PRJ-639620,OCMS-625714,PM-3704827,synthetic_direct_mapping,0.953
PAI-01237,PRJ-145755,OCMS-253615,PM-3252126,synthetic_direct_mapping,0.949
PAI-01238,PRJ-839563,OCMS-479624,PM-9075253,synthetic_direct_mapping,0.957
PAI-01239,PRJ-228670,OCMS-849844,PM-3557407,synthetic_direct_mapping,0.968
PAI-01240,PRJ-434766,OCMS-124473,PM-5704999,synthetic_direct_mapping,0.958
PAI-01241,PRJ-667895,OCMS-922667,PM-3293348,synthetic_direct_mapping,0.993
PAI-01242,PRJ-974157,OCMS-317107,PM-6145609,synthetic_direct_mapping,0.963
PAI-01243,PRJ-176319,OCMS-468810,PM-7517232,synthetic_direct_mapping,0.996
PAI-01244,PRJ-485850,OCMS-225325,PM-3961278,synthetic_direct_mapping,0.987
PAI-01245,PRJ-448700,OCMS-429211,PM-5698944,synthetic_direct_mapping,0.968
PAI-01246,PRJ-594856,OCMS-506729,PM-8842887,synthetic_direct_mapping,0.952
PAI-01247,PRJ-600273,OCMS-254180,PM-3750369,synthetic_direct_mapping,0.977
PAI-01248,PRJ-837455,OCMS-916299,PM-2936824,synthetic_direct_mapping,0.978
PAI-01249,PRJ-204692,OCMS-412965,PM-7387768,synthetic_direct_mapping,0.944
PAI-01250,PRJ-464851,OCMS-247454,PM-1516209,synthetic_direct_mapping,0.941
PAI-01251,PRJ-438215,OCMS-335550,PM-2264609,synthetic_direct_mapping,0.943
PAI-01252,PRJ-334977,OCMS-213229,PM-4482174,synthetic_direct_mapping,0.954
PAI-01253,PRJ-285316,OCMS-237464,PM-2842432,synthetic_direct_mapping,0.949
PAI-01254,PRJ-365198,OCMS-225555,PM-9594912,synthetic_direct_mapping,0.99
PAI-01255,PRJ-647779,OCMS-590624,PM-4761589,synthetic_direct_mapping,0.987
PAI-01256,PRJ-420606,OCMS-686649,PM-1158317,synthetic_direct_mapping,0.996
PAI-01257,PRJ-259782,OCMS-968352,PM-9812845,synthetic_direct_mapping,0.986
PAI-01258,PRJ-755249,OCMS-560215,PM-4765127,synthetic_direct_mapping,0.974
PAI-01259,PRJ-409564,OCMS-994028,PM-2644867,synthetic_direct_mapping,0.962
PAI-01260,PRJ-372639,OCMS-737838,PM-8516415,synthetic_direct_mapping,0.962
PAI-01261,PRJ-774896,OCMS-369993,PM-1129304,synthetic_direct_mapping,0.967
PAI-01262,PRJ-530933,OCMS-649780,PM-3847088,synthetic_direct_mapping,0.978
PAI-01263,PRJ-824041,OCMS-596247,PM-4427761,synthetic_direct_mapping,0.972
PAI-01264,PRJ-705700,OCMS-977207,PM-5811300,synthetic_direct_mapping,0.945
PAI-01265,PRJ-661571,OCMS-540115,PM-7599889,synthetic_direct_mapping,0.979
PAI-01266,PRJ-852176,OCMS-322092,PM-6363427,synthetic_direct_mapping,0.976
PAI-01267,PRJ-171012,OCMS-683629,PM-3942096,synthetic_direct_mapping,0.945
PAI-01268,PRJ-600687,OCMS-221540,PM-8049542,synthetic_direct_mapping,0.987
PAI-01269,PRJ-617111,OCMS-643585,PM-1248797,synthetic_direct_mapping,0.951
PAI-01270,PRJ-969880,OCMS-291998,PM-1666463,synthetic_direct_mapping,0.968
PAI-01271,PRJ-757574,OCMS-867177,PM-5686455,synthetic_direct_mapping,0.959
PAI-01272,PRJ-555416,OCMS-364015,PM-3911138,synthetic_direct_mapping,0.96
PAI-01273,PRJ-924106,OCMS-668973,PM-2513484,synthetic_direct_mapping,0.988
PAI-01274,PRJ-478607,OCMS-941354,PM-9908616,synthetic_direct_mapping,0.954
PAI-01275,PRJ-942423,OCMS-270368,PM-2970454,synthetic_direct_mapping,0.946
PAI-01276,PRJ-122021,OCMS-361000,PM-2533043,synthetic_direct_mapping,0.982
PAI-01277,PRJ-107140,OCMS-606834,PM-4047172,synthetic_direct_mapping,0.971
PAI-01278,PRJ-705315,OCMS-241203,PM-9205132,synthetic_direct_mapping,0.958
PAI-01279,PRJ-886616,OCMS-145421,PM-8167106,synthetic_direct_mapping,0.984
PAI-01280,PRJ-877770,OCMS-251619,PM-1160413,synthetic_direct_mapping,0.94
PAI-01281,PRJ-318886,OCMS-474463,PM-6683776,synthetic_direct_mapping,0.992
PAI-01282,PRJ-982419,OCMS-186908,PM-9368230,synthetic_direct_mapping,0.968
PAI-01283,PRJ-688736,OCMS-542734,PM-4545103,synthetic_direct_mapping,0.967
PAI-01284,PRJ-774617,OCMS-437239,PM-4845137,synthetic_direct_mapping,0.954
PAI-01285,PRJ-707088,OCMS-168067,PM-1755633,synthetic_direct_mapping,0.985
PAI-01286,PRJ-998732,OCMS-984584,PM-3504731,synthetic_direct_mapping,0.99
PAI-01287,PRJ-982829,OCMS-734270,PM-6697265,synthetic_direct_mapping,0.966
PAI-01288,PRJ-615721,OCMS-518376,PM-3462381,synthetic_direct_mapping,0.992
PAI-01289,PRJ-796910,OCMS-570946,PM-7012780,synthetic_direct_mapping,0.978
PAI-01290,PRJ-273636,OCMS-839595,PM-8414252,synthetic_direct_mapping,0.944
PAI-01291,PRJ-734426,OCMS-183227,PM-7004399,synthetic_direct_mapping,0.94
PAI-01292,PRJ-346983,OCMS-910826,PM-1238729,synthetic_direct_mapping,0.968
PAI-01293,PRJ-159363,OCMS-703131,PM-8507804,synthetic_direct_mapping,0.99
PAI-01294,PRJ-727362,OCMS-829765,PM-1544343,synthetic_direct_mapping,0.957
PAI-01295,PRJ-561075,OCMS-906621,PM-6042534,synthetic_direct_mapping,0.957
PAI-01296,PRJ-761475,OCMS-265692,PM-4747975,synthetic_direct_mapping,0.993
PAI-01297,PRJ-448407,OCMS-917276,PM-6049167,synthetic_direct_mapping,0.969
PAI-01298,PRJ-364664,OCMS-271235,PM-5745109,synthetic_direct_mapping,0.956
PAI-01299,PRJ-642467,OCMS-883304,PM-2194868,synthetic_direct_mapping,0.947
PAI-01300,PRJ-177549,OCMS-173658,PM-7753365,synthetic_direct_mapping,0.945
PAI-01301,PRJ-353219,OCMS-472077,PM-6364062,synthetic_direct_mapping,0.964
PAI-01302,PRJ-312361,OCMS-699927,PM-9688967,synthetic_direct_mapping,0.943
PAI-01303,PRJ-578357,OCMS-534149,PM-6356661,synthetic_direct_mapping,0.986
PAI-01304,PRJ-572761,OCMS-911333,PM-4264561,synthetic_direct_mapping,0.948
PAI-01305,PRJ-744340,OCMS-686113,PM-7864481,synthetic_direct_mapping,0.94
PAI-01306,PRJ-470956,OCMS-295691,PM-5555221,synthetic_direct_mapping,0.962
PAI-01307,PRJ-814341,OCMS-124480,PM-9066940,synthetic_direct_mapping,0.975
PAI-01308,PRJ-563268,OCMS-465692,PM-1906782,synthetic_direct_mapping,0.961
PAI-01309,PRJ-478078,OCMS-399172,PM-4825093,synthetic_direct_mapping,0.973
PAI-01310,PRJ-497050,OCMS-463427,PM-2601209,synthetic_direct_mapping,0.952
PAI-01311,PRJ-194864,OCMS-238021,PM-8811673,synthetic_direct_mapping,0.942
PAI-01312,PRJ-635520,OCMS-884232,PM-5831406,synthetic_direct_mapping,0.988
PAI-01313,PRJ-713078,OCMS-332157,PM-6600767,synthetic_direct_mapping,0.946
PAI-01314,PRJ-934112,OCMS-259277,PM-6703486,synthetic_direct_mapping,0.983
PAI-01315,PRJ-680677,OCMS-159120,PM-6541450,synthetic_direct_mapping,0.943
PAI-01316,PRJ-309846,OCMS-763495,PM-7549734,synthetic_direct_mapping,0.94
PAI-01317,PRJ-511372,OCMS-732254,PM-9556600,synthetic_direct_mapping,0.955
PAI-01318,PRJ-942879,OCMS-692088,PM-6141598,synthetic_direct_mapping,0.943
PAI-01319,PRJ-296823,OCMS-312102,PM-8524966,synthetic_direct_mapping,0.978
PAI-01320,PRJ-571381,OCMS-141069,PM-8787871,synthetic_direct_mapping,0.96
PAI-01321,PRJ-193386,OCMS-838445,PM-9895666,synthetic_direct_mapping,0.988
PAI-01322,PRJ-970565,OCMS-870676,PM-5047091,synthetic_direct_mapping,0.991
PAI-01323,PRJ-848387,OCMS-574666,PM-3838777,synthetic_direct_mapping,0.991
PAI-01324,PRJ-444763,OCMS-785251,PM-8432950,synthetic_direct_mapping,0.977
PAI-01325,PRJ-612753,OCMS-590821,PM-6294753,synthetic_direct_mapping,0.957
PAI-01326,PRJ-751664,OCMS-286781,PM-3592242,synthetic_direct_mapping,0.944
PAI-01327,PRJ-558412,OCMS-507632,PM-8084234,synthetic_direct_mapping,0.957
PAI-01328,PRJ-617213,OCMS-100884,PM-9363412,synthetic_direct_mapping,0.978
PAI-01329,PRJ-953440,OCMS-798451,PM-8972000,synthetic_direct_mapping,0.955
PAI-01330,PRJ-719530,OCMS-835911,PM-8565630,synthetic_direct_mapping,0.958
PAI-01331,PRJ-521584,OCMS-914298,PM-8495114,synthetic_direct_mapping,0.997
PAI-01332,PRJ-578637,OCMS-628554,PM-2735379,synthetic_direct_mapping,0.968
PAI-01333,PRJ-160352,OCMS-190231,PM-1918433,synthetic_direct_mapping,0.957
PAI-01334,PRJ-491211,OCMS-831177,PM-3577830,synthetic_direct_mapping,0.972
PAI-01335,PRJ-634631,OCMS-585350,PM-3125431,synthetic_direct_mapping,0.953
PAI-01336,PRJ-368844,OCMS-777877,PM-7715329,synthetic_direct_mapping,0.987
PAI-01337,PRJ-246284,OCMS-887946,PM-4629599,synthetic_direct_mapping,0.983
PAI-01338,PRJ-130915,OCMS-946394,PM-7887016,synthetic_direct_mapping,0.986
PAI-01339,PRJ-528741,OCMS-633433,PM-5315775,synthetic_direct_mapping,0.974
PAI-01340,PRJ-215572,OCMS-403786,PM-2660808,synthetic_direct_mapping,0.947
PAI-01341,PRJ-225311,OCMS-752476,PM-4226678,synthetic_direct_mapping,0.99
PAI-01342,PRJ-503236,OCMS-727487,PM-8292825,synthetic_direct_mapping,0.968
PAI-01343,PRJ-564445,OCMS-367052,PM-2975473,synthetic_direct_mapping,0.998
PAI-01344,PRJ-568144,OCMS-381661,PM-2290171,synthetic_direct_mapping,0.984
PAI-01345,PRJ-257660,OCMS-423581,PM-6468668,synthetic_direct_mapping,0.946
PAI-01346,PRJ-796287,OCMS-128809,PM-7617580,synthetic_direct_mapping,0.991
PAI-01347,PRJ-173946,OCMS-952281,PM-9769749,synthetic_direct_mapping,0.991
PAI-01348,PRJ-987492,OCMS-961769,PM-3248769,synthetic_direct_mapping,0.98
PAI-01349,PRJ-729228,OCMS-709087,PM-5017050,synthetic_direct_mapping,0.957
PAI-01350,PRJ-189928,OCMS-986343,PM-8264032,synthetic_direct_mapping,0.995
PAI-01351,PRJ-147899,OCMS-641179,PM-8797249,synthetic_direct_mapping,0.952
PAI-01352,PRJ-627688,OCMS-655922,PM-3501580,synthetic_direct_mapping,0.994
PAI-01353,PRJ-974214,OCMS-202364,PM-1881353,synthetic_direct_mapping,0.967
PAI-01354,PRJ-631780,OCMS-132919,PM-6451956,synthetic_direct_mapping,0.987
PAI-01355,PRJ-344096,OCMS-429112,PM-1623766,synthetic_direct_mapping,0.944
PAI-01356,PRJ-251418,OCMS-346948,PM-5765277,synthetic_direct_mapping,0.983
PAI-01357,PRJ-132561,OCMS-445663,PM-1381914,synthetic_direct_mapping,0.994
PAI-01358,PRJ-870533,OCMS-500170,PM-6903302,synthetic_direct_mapping,0.968
PAI-01359,PRJ-593503,OCMS-737875,PM-2762845,synthetic_direct_mapping,0.968
PAI-01360,PRJ-449821,OCMS-693522,PM-5367172,synthetic_direct_mapping,0.98
PAI-01361,PRJ-938206,OCMS-691603,PM-9800766,synthetic_direct_mapping,0.958
PAI-01362,PRJ-394054,OCMS-313863,PM-8781613,synthetic_direct_mapping,0.949
PAI-01363,PRJ-697705,OCMS-847562,PM-5023674,synthetic_direct_mapping,0.951
PAI-01364,PRJ-944880,OCMS-388220,PM-5176580,synthetic_direct_mapping,0.997
PAI-01365,PRJ-170327,OCMS-885277,PM-4332211,synthetic_direct_mapping,0.958
PAI-01366,PRJ-694161,OCMS-464389,PM-5853911,synthetic_direct_mapping,0.948
PAI-01367,PRJ-181023,OCMS-743401,PM-1146697,synthetic_direct_mapping,0.977
PAI-01368,PRJ-919221,OCMS-208104,PM-6165249,synthetic_direct_mapping,0.989
PAI-01369,PRJ-387401,OCMS-715664,PM-5058053,synthetic_direct_mapping,0.973
PAI-01370,PRJ-198578,OCMS-743183,PM-3314041,synthetic_direct_mapping,0.962
PAI-01371,PRJ-802375,OCMS-917010,PM-3128405,synthetic_direct_mapping,0.959
PAI-01372,PRJ-300427,OCMS-479700,PM-9300984,synthetic_direct_mapping,0.97
PAI-01373,PRJ-820135,OCMS-788253,PM-8510704,synthetic_direct_mapping,0.972
PAI-01374,PRJ-861907,OCMS-158053,PM-1205731,synthetic_direct_mapping,0.992
PAI-01375,PRJ-526160,OCMS-132804,PM-4344047,synthetic_direct_mapping,0.979
PAI-01376,PRJ-730788,OCMS-532435,PM-8855864,synthetic_direct_mapping,0.958
PAI-01377,PRJ-624512,OCMS-675547,PM-3201413,synthetic_direct_mapping,0.958
PAI-01378,PRJ-667743,OCMS-639541,PM-1175638,synthetic_direct_mapping,0.987
PAI-01379,PRJ-906798,OCMS-618597,PM-3971737,synthetic_direct_mapping,0.945
PAI-01380,PRJ-134237,OCMS-213248,PM-2675860,synthetic_direct_mapping,0.946
PAI-01381,PRJ-941288,OCMS-680009,PM-6787162,synthetic_direct_mapping,0.972
PAI-01382,PRJ-675495,OCMS-594850,PM-8763727,synthetic_direct_mapping,0.976
PAI-01383,PRJ-247325,OCMS-938295,PM-4746965,synthetic_direct_mapping,0.96
PAI-01384,PRJ-658800,OCMS-362256,PM-1061906,synthetic_direct_mapping,0.995
PAI-01385,PRJ-953043,OCMS-353973,PM-3722308,synthetic_direct_mapping,0.943
PAI-01386,PRJ-296696,OCMS-247557,PM-2604789,synthetic_direct_mapping,0.951
PAI-01387,PRJ-116966,OCMS-994047,PM-5984999,synthetic_direct_mapping,0.99
PAI-01388,PRJ-555887,OCMS-420864,PM-4898592,synthetic_direct_mapping,0.955
PAI-01389,PRJ-287582,OCMS-858666,PM-6217578,synthetic_direct_mapping,0.958
PAI-01390,PRJ-507270,OCMS-391743,PM-2489752,synthetic_direct_mapping,0.97
PAI-01391,PRJ-808121,OCMS-393972,PM-5629088,synthetic_direct_mapping,0.953
PAI-01392,PRJ-475241,OCMS-372616,PM-6070065,synthetic_direct_mapping,0.955
PAI-01393,PRJ-263568,OCMS-686019,PM-7919249,synthetic_direct_mapping,0.965
PAI-01394,PRJ-178357,OCMS-177557,PM-5751418,synthetic_direct_mapping,0.997
PAI-01395,PRJ-920535,OCMS-248980,PM-1645250,synthetic_direct_mapping,0.998
PAI-01396,PRJ-513434,OCMS-574405,PM-4017937,synthetic_direct_mapping,0.972
PAI-01397,PRJ-735407,OCMS-668737,PM-9083226,synthetic_direct_mapping,0.994
PAI-01398,PRJ-801448,OCMS-133626,PM-8304423,synthetic_direct_mapping,0.982
PAI-01399,PRJ-241996,OCMS-567788,PM-9608443,synthetic_direct_mapping,0.955
PAI-01400,PRJ-977080,OCMS-504529,PM-6834529,synthetic_direct_mapping,0.957
PAI-01401,PRJ-222842,OCMS-304957,PM-1737135,synthetic_direct_mapping,0.982
PAI-01402,PRJ-391951,OCMS-455964,PM-6142783,synthetic_direct_mapping,0.941
PAI-01403,PRJ-997502,OCMS-841877,PM-1041062,synthetic_direct_mapping,0.979
PAI-01404,PRJ-367033,OCMS-296435,PM-6279432,synthetic_direct_mapping,0.944
PAI-01405,PRJ-581487,OCMS-609089,PM-9680007,synthetic_direct_mapping,0.951
PAI-01406,PRJ-892005,OCMS-774877,PM-8970200,synthetic_direct_mapping,0.982
PAI-01407,PRJ-668471,OCMS-560074,PM-6639647,synthetic_direct_mapping,0.986
PAI-01408,PRJ-921772,OCMS-929187,PM-3266454,synthetic_direct_mapping,0.975
PAI-01409,PRJ-183722,OCMS-349246,PM-8654531,synthetic_direct_mapping,0.992
PAI-01410,PRJ-264322,OCMS-658493,PM-7720880,synthetic_direct_mapping,0.975
PAI-01411,PRJ-119613,OCMS-205608,PM-6061334,synthetic_direct_mapping,0.954
PAI-01412,PRJ-917918,OCMS-758521,PM-4445531,synthetic_direct_mapping,0.965
PAI-01413,PRJ-187372,OCMS-252913,PM-4354467,synthetic_direct_mapping,0.984
PAI-01414,PRJ-329014,OCMS-677313,PM-3585105,synthetic_direct_mapping,0.98
PAI-01415,PRJ-751588,OCMS-468235,PM-4688084,synthetic_direct_mapping,0.99
PAI-01416,PRJ-386886,OCMS-801876,PM-1527388,synthetic_direct_mapping,0.944
PAI-01417,PRJ-291166,OCMS-865773,PM-5729429,synthetic_direct_mapping,0.998
PAI-01418,PRJ-169551,OCMS-510276,PM-8918642,synthetic_direct_mapping,0.948
PAI-01419,PRJ-601539,OCMS-333355,PM-2665706,synthetic_direct_mapping,0.967
PAI-01420,PRJ-704217,OCMS-666187,PM-2719836,synthetic_direct_mapping,0.986
PAI-01421,PRJ-201558,OCMS-668727,PM-2117076,synthetic_direct_mapping,0.971
PAI-01422,PRJ-594550,OCMS-803699,PM-2443437,synthetic_direct_mapping,0.963
PAI-01423,PRJ-154071,OCMS-432899,PM-8776880,synthetic_direct_mapping,0.967
PAI-01424,PRJ-663872,OCMS-683156,PM-3356902,synthetic_direct_mapping,0.95
PAI-01425,PRJ-677805,OCMS-106036,PM-7667309,synthetic_direct_mapping,0.96
PAI-01426,PRJ-927352,OCMS-160345,PM-8964123,synthetic_direct_mapping,0.94
PAI-01427,PRJ-544196,OCMS-693503,PM-4929903,synthetic_direct_mapping,0.992
PAI-01428,PRJ-269531,OCMS-754396,PM-1545524,synthetic_direct_mapping,0.992
PAI-01429,PRJ-894017,OCMS-889204,PM-4410933,synthetic_direct_mapping,0.996
PAI-01430,PRJ-261857,OCMS-563968,PM-8613132,synthetic_direct_mapping,0.984
PAI-01431,PRJ-984135,OCMS-963649,PM-1169839,synthetic_direct_mapping,0.972
PAI-01432,PRJ-566969,OCMS-719971,PM-2947084,synthetic_direct_mapping,0.984
PAI-01433,PRJ-261830,OCMS-899285,PM-1154755,synthetic_direct_mapping,0.958
PAI-01434,PRJ-945335,OCMS-774903,PM-2768624,synthetic_direct_mapping,0.941
PAI-01435,PRJ-251937,OCMS-211342,PM-1800228,synthetic_direct_mapping,0.987
PAI-01436,PRJ-678056,OCMS-651378,PM-4098306,synthetic_direct_mapping,0.942
PAI-01437,PRJ-566497,OCMS-554580,PM-7801578,synthetic_direct_mapping,0.999
PAI-01438,PRJ-339203,OCMS-355054,PM-9652277,synthetic_direct_mapping,0.982
PAI-01439,PRJ-870199,OCMS-301950,PM-3779919,synthetic_direct_mapping,0.948
PAI-01440,PRJ-474843,OCMS-476109,PM-4135537,synthetic_direct_mapping,0.972
PAI-01441,PRJ-598316,OCMS-494766,PM-6091627,synthetic_direct_mapping,0.998
PAI-01442,PRJ-535108,OCMS-130386,PM-6636316,synthetic_direct_mapping,0.946
PAI-01443,PRJ-595403,OCMS-470770,PM-5173396,synthetic_direct_mapping,0.951
PAI-01444,PRJ-760903,OCMS-102142,PM-1057596,synthetic_direct_mapping,0.997
PAI-01445,PRJ-807730,OCMS-157085,PM-1893128,synthetic_direct_mapping,0.942
PAI-01446,PRJ-478182,OCMS-895192,PM-2030570,synthetic_direct_mapping,0.976
PAI-01447,PRJ-582951,OCMS-141668,PM-2520181,synthetic_direct_mapping,0.959
PAI-01448,PRJ-635701,OCMS-511131,PM-2525122,synthetic_direct_mapping,0.981
PAI-01449,PRJ-889650,OCMS-584682,PM-5542611,synthetic_direct_mapping,0.959
PAI-01450,PRJ-177152,OCMS-553477,PM-8057885,synthetic_direct_mapping,0.987
PAI-01451,PRJ-605730,OCMS-579514,PM-1112452,synthetic_direct_mapping,0.979
PAI-01452,PRJ-266832,OCMS-837316,PM-6738145,synthetic_direct_mapping,0.999
PAI-01453,PRJ-926185,OCMS-142584,PM-9476368,synthetic_direct_mapping,0.958
PAI-01454,PRJ-557538,OCMS-793280,PM-8370013,synthetic_direct_mapping,0.955
PAI-01455,PRJ-993081,OCMS-634999,PM-6604296,synthetic_direct_mapping,0.954
PAI-01456,PRJ-122790,OCMS-118108,PM-9975990,synthetic_direct_mapping,0.976
PAI-01457,PRJ-651302,OCMS-263994,PM-7705109,synthetic_direct_mapping,0.944
PAI-01458,PRJ-874353,OCMS-824185,PM-1264543,synthetic_direct_mapping,0.963
PAI-01459,PRJ-175744,OCMS-291592,PM-6196181,synthetic_direct_mapping,0.967
PAI-01460,PRJ-559514,OCMS-567041,PM-2294925,synthetic_direct_mapping,0.977
PAI-01461,PRJ-528234,OCMS-326559,PM-4132751,synthetic_direct_mapping,0.971
PAI-01462,PRJ-249070,OCMS-641278,PM-8805868,synthetic_direct_mapping,0.944
PAI-01463,PRJ-589041,OCMS-362521,PM-9372120,synthetic_direct_mapping,0.995
PAI-01464,PRJ-834348,OCMS-457181,PM-4354237,synthetic_direct_mapping,0.96
PAI-01465,PRJ-631961,OCMS-182415,PM-3885099,synthetic_direct_mapping,0.963
PAI-01466,PRJ-109469,OCMS-664109,PM-9264505,synthetic_direct_mapping,0.97
PAI-01467,PRJ-681403,OCMS-940848,PM-3900175,synthetic_direct_mapping,0.978
PAI-01468,PRJ-923059,OCMS-261555,PM-2883459,synthetic_direct_mapping,0.994
PAI-01469,PRJ-974274,OCMS-664104,PM-6723818,synthetic_direct_mapping,0.97
PAI-01470,PRJ-161556,OCMS-427355,PM-7724585,synthetic_direct_mapping,0.963
PAI-01471,PRJ-656822,OCMS-713481,PM-7520543,synthetic_direct_mapping,0.986
PAI-01472,PRJ-820480,OCMS-468336,PM-7917891,synthetic_direct_mapping,0.958
PAI-01473,PRJ-491221,OCMS-113312,PM-2035853,synthetic_direct_mapping,0.99
PAI-01474,PRJ-424576,OCMS-544539,PM-5324035,synthetic_direct_mapping,0.943
PAI-01475,PRJ-221091,OCMS-796102,PM-7384210,synthetic_direct_mapping,0.959
PAI-01476,PRJ-199557,OCMS-827658,PM-7634305,synthetic_direct_mapping,0.952
PAI-01477,PRJ-485340,OCMS-626483,PM-3919622,synthetic_direct_mapping,0.951
PAI-01478,PRJ-608643,OCMS-759426,PM-6157130,synthetic_direct_mapping,0.981
PAI-01479,PRJ-777810,OCMS-886563,PM-5440209,synthetic_direct_mapping,0.967
PAI-01480,PRJ-495050,OCMS-389988,PM-2233238,synthetic_direct_mapping,0.997
PAI-01481,PRJ-419043,OCMS-920106,PM-6496781,synthetic_direct_mapping,0.987
PAI-01482,PRJ-107310,OCMS-310446,PM-2543404,synthetic_direct_mapping,0.968
PAI-01483,PRJ-830925,OCMS-401389,PM-6489149,synthetic_direct_mapping,0.95
PAI-01484,PRJ-595067,OCMS-331493,PM-9030094,synthetic_direct_mapping,0.962
PAI-01485,PRJ-912582,OCMS-418419,PM-8460312,synthetic_direct_mapping,0.976
PAI-01486,PRJ-451676,OCMS-116241,PM-3564232,synthetic_direct_mapping,0.976
PAI-01487,PRJ-598415,OCMS-624061,PM-5363994,synthetic_direct_mapping,0.945
PAI-01488,PRJ-903813,OCMS-715875,PM-8117826,synthetic_direct_mapping,0.975
PAI-01489,PRJ-151601,OCMS-143579,PM-3255556,synthetic_direct_mapping,0.995
PAI-01490,PRJ-661440,OCMS-689740,PM-8968400,synthetic_direct_mapping,0.974
PAI-01491,PRJ-127355,OCMS-916378,PM-5444886,synthetic_direct_mapping,0.99
PAI-01492,PRJ-845242,OCMS-165268,PM-9603865,synthetic_direct_mapping,0.949
PAI-01493,PRJ-537641,OCMS-440422,PM-8133428,synthetic_direct_mapping,0.982
PAI-01494,PRJ-744122,OCMS-396186,PM-4403337,synthetic_direct_mapping,0.975
PAI-01495,PRJ-860301,OCMS-534809,PM-4217850,synthetic_direct_mapping,0.987
PAI-01496,PRJ-733065,OCMS-913617,PM-3118913,synthetic_direct_mapping,0.973
PAI-01497,PRJ-696027,OCMS-298446,PM-5418573,synthetic_direct_mapping,0.98
PAI-01498,PRJ-201704,OCMS-534261,PM-5630972,synthetic_direct_mapping,0.981
PAI-01499,PRJ-229487,OCMS-769971,PM-5098054,synthetic_direct_mapping,0.965
PAI-01500,PRJ-439880,OCMS-986161,PM-3458936,synthetic_direct_mapping,0.96
PAI-01501,PRJ-851258,OCMS-110292,PM-5316071,synthetic_direct_mapping,0.943
PAI-01502,PRJ-458013,OCMS-412805,PM-1972360,synthetic_direct_mapping,0.944
PAI-01503,PRJ-289093,OCMS-806047,PM-8131636,synthetic_direct_mapping,0.979
PAI-01504,PRJ-193537,OCMS-133892,PM-9882634,synthetic_direct_mapping,0.976
PAI-01505,PRJ-716704,OCMS-319810,PM-2546606,synthetic_direct_mapping,0.977
PAI-01506,PRJ-351392,OCMS-297377,PM-6083363,synthetic_direct_mapping,0.987
PAI-01507,PRJ-970233,OCMS-275642,PM-4411696,synthetic_direct_mapping,0.948
PAI-01508,PRJ-202916,OCMS-548244,PM-4392331,synthetic_direct_mapping,0.967
PAI-01509,PRJ-269728,OCMS-659118,PM-3110887,synthetic_direct_mapping,0.991
PAI-01510,PRJ-461438,OCMS-293431,PM-6854347,synthetic_direct_mapping,0.969
PAI-01511,PRJ-798471,OCMS-805639,PM-9903449,synthetic_direct_mapping,0.968
PAI-01512,PRJ-513953,OCMS-852137,PM-3895003,synthetic_direct_mapping,0.943
PAI-01513,PRJ-573120,OCMS-390638,PM-4655092,synthetic_direct_mapping,0.994
PAI-01514,PRJ-429485,OCMS-718716,PM-1618446,synthetic_direct_mapping,0.987
PAI-01515,PRJ-410459,OCMS-907723,PM-1762332,synthetic_direct_mapping,0.948
PAI-01516,PRJ-211076,OCMS-692410,PM-9399530,synthetic_direct_mapping,0.984
PAI-01517,PRJ-460991,OCMS-866966,PM-8626833,synthetic_direct_mapping,0.943
PAI-01518,PRJ-792082,OCMS-146970,PM-8814602,synthetic_direct_mapping,0.941
PAI-01519,PRJ-800297,OCMS-364533,PM-9394536,synthetic_direct_mapping,0.956
PAI-01520,PRJ-163449,OCMS-915371,PM-2428242,synthetic_direct_mapping,0.965
PAI-01521,PRJ-205544,OCMS-544373,PM-9890190,synthetic_direct_mapping,0.966
PAI-01522,PRJ-217826,OCMS-235509,PM-2748096,synthetic_direct_mapping,0.953
PAI-01523,PRJ-506913,OCMS-897279,PM-7515487,synthetic_direct_mapping,0.946
PAI-01524,PRJ-790976,OCMS-242406,PM-8733651,synthetic_direct_mapping,0.988
PAI-01525,PRJ-566027,OCMS-635921,PM-4097855,synthetic_direct_mapping,0.966
PAI-01526,PRJ-838228,OCMS-117625,PM-7533093,synthetic_direct_mapping,0.984
PAI-01527,PRJ-632546,OCMS-316604,PM-5430928,synthetic_direct_mapping,0.99
PAI-01528,PRJ-363212,OCMS-230260,PM-4457920,synthetic_direct_mapping,0.953
PAI-01529,PRJ-593830,OCMS-475663,PM-8738047,synthetic_direct_mapping,0.961
PAI-01530,PRJ-469741,OCMS-112850,PM-6415834,synthetic_direct_mapping,0.973
PAI-01531,PRJ-363480,OCMS-268981,PM-9956399,synthetic_direct_mapping,0.972
PAI-01532,PRJ-233222,OCMS-907597,PM-7106102,synthetic_direct_mapping,0.967
PAI-01533,PRJ-259923,OCMS-958405,PM-9000830,synthetic_direct_mapping,0.978
PAI-01534,PRJ-842615,OCMS-126217,PM-3567837,synthetic_direct_mapping,0.983
PAI-01535,PRJ-801579,OCMS-716701,PM-4980837,synthetic_direct_mapping,0.945
PAI-01536,PRJ-460502,OCMS-872814,PM-9934165,synthetic_direct_mapping,0.98
PAI-01537,PRJ-525662,OCMS-742393,PM-4041993,synthetic_direct_mapping,0.947
PAI-01538,PRJ-305150,OCMS-738650,PM-5373346,synthetic_direct_mapping,0.968
PAI-01539,PRJ-170824,OCMS-485424,PM-9929486,synthetic_direct_mapping,0.971
PAI-01540,PRJ-469357,OCMS-283361,PM-5694844,synthetic_direct_mapping,0.995
PAI-01541,PRJ-767880,OCMS-390981,PM-5249497,synthetic_direct_mapping,0.972
PAI-01542,PRJ-282547,OCMS-724511,PM-2033269,synthetic_direct_mapping,0.998
PAI-01543,PRJ-460134,OCMS-375265,PM-4077904,synthetic_direct_mapping,0.997
PAI-01544,PRJ-891198,OCMS-127933,PM-2569188,synthetic_direct_mapping,0.969
PAI-01545,PRJ-893589,OCMS-732298,PM-9471338,synthetic_direct_mapping,0.984
PAI-01546,PRJ-315840,OCMS-891120,PM-1104456,synthetic_direct_mapping,0.945
PAI-01547,PRJ-235344,OCMS-341014,PM-7144015,synthetic_direct_mapping,0.958
PAI-01548,PRJ-315518,OCMS-160822,PM-6999761,synthetic_direct_mapping,0.942
PAI-01549,PRJ-431166,OCMS-330230,PM-4500514,synthetic_direct_mapping,0.977
PAI-01550,PRJ-703435,OCMS-394636,PM-8167470,synthetic_direct_mapping,0.952
PAI-01551,PRJ-324794,OCMS-980623,PM-6923629,synthetic_direct_mapping,0.988
PAI-01552,PRJ-612509,OCMS-813661,PM-6106959,synthetic_direct_mapping,0.952
PAI-01553,PRJ-114573,OCMS-390045,PM-9785442,synthetic_direct_mapping,0.949
PAI-01554,PRJ-526272,OCMS-873524,PM-8162136,synthetic_direct_mapping,0.94
PAI-01555,PRJ-644832,OCMS-191782,PM-3850574,synthetic_direct_mapping,0.945
PAI-01556,PRJ-189078,OCMS-199330,PM-5750560,synthetic_direct_mapping,0.967
PAI-01557,PRJ-248482,OCMS-685772,PM-7735470,synthetic_direct_mapping,0.956
PAI-01558,PRJ-911134,OCMS-345029,PM-7008756,synthetic_direct_mapping,0.981
PAI-01559,PRJ-977049,OCMS-578123,PM-5166518,synthetic_direct_mapping,0.994
PAI-01560,PRJ-194788,OCMS-433005,PM-9984049,synthetic_direct_mapping,0.945
PAI-01561,PRJ-653023,OCMS-996858,PM-6827391,synthetic_direct_mapping,0.971
PAI-01562,PRJ-888176,OCMS-815428,PM-2068336,synthetic_direct_mapping,0.999
PAI-01563,PRJ-151103,OCMS-722862,PM-2431708,synthetic_direct_mapping,0.996
PAI-01564,PRJ-439728,OCMS-930849,PM-6441887,synthetic_direct_mapping,0.981
PAI-01565,PRJ-839995,OCMS-322169,PM-7080795,synthetic_direct_mapping,0.943
PAI-01566,PRJ-504938,OCMS-134908,PM-4433537,synthetic_direct_mapping,0.975
PAI-01567,PRJ-249559,OCMS-101213,PM-5708682,synthetic_direct_mapping,0.986
PAI-01568,PRJ-232873,OCMS-464646,PM-1406817,synthetic_direct_mapping,0.954
PAI-01569,PRJ-815083,OCMS-149700,PM-1296366,synthetic_direct_mapping,0.969
PAI-01570,PRJ-619597,OCMS-256448,PM-1347289,synthetic_direct_mapping,0.966
PAI-01571,PRJ-921565,OCMS-712214,PM-5951327,synthetic_direct_mapping,0.972
PAI-01572,PRJ-954659,OCMS-404476,PM-4048799,synthetic_direct_mapping,0.944
PAI-01573,PRJ-858813,OCMS-879189,PM-1900042,synthetic_direct_mapping,0.975
PAI-01574,PRJ-852311,OCMS-166710,PM-6623855,synthetic_direct_mapping,0.949
PAI-01575,PRJ-207000,OCMS-913938,PM-2887143,synthetic_direct_mapping,0.989
PAI-01576,PRJ-127403,OCMS-922429,PM-8678421,synthetic_direct_mapping,0.966
PAI-01577,PRJ-358753,OCMS-560622,PM-2259081,synthetic_direct_mapping,0.966
PAI-01578,PRJ-695406,OCMS-200687,PM-6063991,synthetic_direct_mapping,0.98
PAI-01579,PRJ-924793,OCMS-389768,PM-5802309,synthetic_direct_mapping,0.97
PAI-01580,PRJ-502665,OCMS-767698,PM-8778941,synthetic_direct_mapping,0.969
PAI-01581,PRJ-394535,OCMS-853809,PM-5326048,synthetic_direct_mapping,0.967
PAI-01582,PRJ-811705,OCMS-624661,PM-3131657,synthetic_direct_mapping,0.979
PAI-01583,PRJ-383347,OCMS-840137,PM-3948886,synthetic_direct_mapping,0.975
PAI-01584,PRJ-180375,OCMS-348834,PM-5313960,synthetic_direct_mapping,0.978
PAI-01585,PRJ-686027,OCMS-396000,PM-5817147,synthetic_direct_mapping,0.963
PAI-01586,PRJ-475722,OCMS-768606,PM-9777303,synthetic_direct_mapping,0.972
PAI-01587,PRJ-526813,OCMS-467886,PM-6733880,synthetic_direct_mapping,0.949
PAI-01588,PRJ-668508,OCMS-149068,PM-9601221,synthetic_direct_mapping,0.954
PAI-01589,PRJ-270574,OCMS-963075,PM-3502916,synthetic_direct_mapping,0.971
PAI-01590,PRJ-816398,OCMS-906929,PM-2331905,synthetic_direct_mapping,0.985
PAI-01591,PRJ-575626,OCMS-352815,PM-7754419,synthetic_direct_mapping,0.962
PAI-01592,PRJ-452541,OCMS-395249,PM-5760147,synthetic_direct_mapping,0.995
PAI-01593,PRJ-260049,OCMS-239705,PM-4686208,synthetic_direct_mapping,0.978
PAI-01594,PRJ-958478,OCMS-495891,PM-8980905,synthetic_direct_mapping,0.947
PAI-01595,PRJ-238811,OCMS-526242,PM-1676253,synthetic_direct_mapping,0.974
PAI-01596,PRJ-783015,OCMS-376741,PM-3945654,synthetic_direct_mapping,0.968
PAI-01597,PRJ-683872,OCMS-703907,PM-6443817,synthetic_direct_mapping,0.964
PAI-01598,PRJ-785184,OCMS-186721,PM-6668162,synthetic_direct_mapping,0.95
PAI-01599,PRJ-194785,OCMS-902052,PM-8896040,synthetic_direct_mapping,0.973
PAI-01600,PRJ-309500,OCMS-371700,PM-3032348,synthetic_direct_mapping,0.986
PAI-01601,PRJ-118403,OCMS-984597,PM-3283057,synthetic_direct_mapping,0.957
PAI-01602,PRJ-206692,OCMS-176751,PM-8481810,synthetic_direct_mapping,0.987
PAI-01603,PRJ-926283,OCMS-937449,PM-5301089,synthetic_direct_mapping,0.958
PAI-01604,PRJ-215019,OCMS-919467,PM-4184047,synthetic_direct_mapping,0.992
PAI-01605,PRJ-941635,OCMS-676997,PM-7806759,synthetic_direct_mapping,0.953
PAI-01606,PRJ-855917,OCMS-673887,PM-8800493,synthetic_direct_mapping,0.943
PAI-01607,PRJ-213341,OCMS-307885,PM-7926431,synthetic_direct_mapping,0.948
PAI-01608,PRJ-876945,OCMS-276369,PM-5576938,synthetic_direct_mapping,0.949
PAI-01609,PRJ-246930,OCMS-820852,PM-3026351,synthetic_direct_mapping,0.955
PAI-01610,PRJ-509647,OCMS-749546,PM-5093399,synthetic_direct_mapping,0.973
PAI-01611,PRJ-585280,OCMS-240971,PM-1215004,synthetic_direct_mapping,0.995
PAI-01612,PRJ-809251,OCMS-126060,PM-9389943,synthetic_direct_mapping,0.96
PAI-01613,PRJ-201670,OCMS-290631,PM-7598683,synthetic_direct_mapping,0.944
PAI-01614,PRJ-570937,OCMS-267734,PM-9743653,synthetic_direct_mapping,0.947
PAI-01615,PRJ-590570,OCMS-761683,PM-1237466,synthetic_direct_mapping,0.964
PAI-01616,PRJ-111589,OCMS-524599,PM-4881662,synthetic_direct_mapping,0.956
PAI-01617,PRJ-758576,OCMS-836212,PM-3651977,synthetic_direct_mapping,0.97
PAI-01618,PRJ-227801,OCMS-570219,PM-4582943,synthetic_direct_mapping,0.968
PAI-01619,PRJ-548600,OCMS-987356,PM-6481581,synthetic_direct_mapping,0.978
PAI-01620,PRJ-860635,OCMS-295360,PM-7838927,synthetic_direct_mapping,0.947
PAI-01621,PRJ-972104,OCMS-150766,PM-5282513,synthetic_direct_mapping,0.988
PAI-01622,PRJ-817498,OCMS-819020,PM-7634648,synthetic_direct_mapping,0.995
PAI-01623,PRJ-348553,OCMS-202920,PM-5988486,synthetic_direct_mapping,0.941
PAI-01624,PRJ-896500,OCMS-141377,PM-6811461,synthetic_direct_mapping,0.978
PAI-01625,PRJ-949499,OCMS-825134,PM-8309662,synthetic_direct_mapping,0.988
PAI-01626,PRJ-303489,OCMS-356326,PM-6319090,synthetic_direct_mapping,0.943
PAI-01627,PRJ-762582,OCMS-588078,PM-3326228,synthetic_direct_mapping,0.962
PAI-01628,PRJ-104762,OCMS-845298,PM-8303216,synthetic_direct_mapping,0.946
PAI-01629,PRJ-204834,OCMS-337892,PM-8782252,synthetic_direct_mapping,0.994
PAI-01630,PRJ-172184,OCMS-430595,PM-3208088,synthetic_direct_mapping,0.968
PAI-01631,PRJ-729451,OCMS-165805,PM-4396593,synthetic_direct_mapping,0.982
PAI-01632,PRJ-873839,OCMS-828987,PM-5338640,synthetic_direct_mapping,0.952
PAI-01633,PRJ-434453,OCMS-785570,PM-7711832,synthetic_direct_mapping,0.966
PAI-01634,PRJ-429018,OCMS-336853,PM-2464041,synthetic_direct_mapping,0.953
PAI-01635,PRJ-774221,OCMS-135669,PM-1756519,synthetic_direct_mapping,0.96
PAI-01636,PRJ-317840,OCMS-974768,PM-4367084,synthetic_direct_mapping,0.981
PAI-01637,PRJ-620089,OCMS-593390,PM-9055415,synthetic_direct_mapping,0.956
PAI-01638,PRJ-442374,OCMS-219030,PM-1051581,synthetic_direct_mapping,0.955
PAI-01639,PRJ-954298,OCMS-178197,PM-3189384,synthetic_direct_mapping,0.966
PAI-01640,PRJ-872054,OCMS-525264,PM-8824696,synthetic_direct_mapping,0.953
PAI-01641,PRJ-801965,OCMS-620785,PM-3697291,synthetic_direct_mapping,0.979
PAI-01642,PRJ-808129,OCMS-267544,PM-2102619,synthetic_direct_mapping,0.949
PAI-01643,PRJ-144131,OCMS-689959,PM-4204612,synthetic_direct_mapping,0.941
PAI-01644,PRJ-928532,OCMS-951428,PM-3686791,synthetic_direct_mapping,0.983
PAI-01645,PRJ-905339,OCMS-461767,PM-5877443,synthetic_direct_mapping,0.98
PAI-01646,PRJ-662232,OCMS-913352,PM-2837725,synthetic_direct_mapping,0.969
PAI-01647,PRJ-687604,OCMS-366537,PM-9033456,synthetic_direct_mapping,0.986
PAI-01648,PRJ-560134,OCMS-406995,PM-7323508,synthetic_direct_mapping,0.946
PAI-01649,PRJ-153592,OCMS-909662,PM-9924429,synthetic_direct_mapping,0.989
PAI-01650,PRJ-681906,OCMS-185291,PM-8858825,synthetic_direct_mapping,0.962
PAI-01651,PRJ-243662,OCMS-854916,PM-1276533,synthetic_direct_mapping,0.992
PAI-01652,PRJ-601466,OCMS-968688,PM-8378382,synthetic_direct_mapping,0.977
PAI-01653,PRJ-269220,OCMS-475897,PM-5657020,synthetic_direct_mapping,0.951
PAI-01654,PRJ-619095,OCMS-151530,PM-3768490,synthetic_direct_mapping,0.941
PAI-01655,PRJ-508570,OCMS-236031,PM-4776723,synthetic_direct_mapping,0.959
PAI-01656,PRJ-739891,OCMS-678507,PM-7234572,synthetic_direct_mapping,0.952
PAI-01657,PRJ-547722,OCMS-154619,PM-5064519,synthetic_direct_mapping,0.986
PAI-01658,PRJ-511878,OCMS-772455,PM-9738436,synthetic_direct_mapping,0.985
PAI-01659,PRJ-826973,OCMS-896269,PM-7381612,synthetic_direct_mapping,0.949
PAI-01660,PRJ-546121,OCMS-955786,PM-3370658,synthetic_direct_mapping,0.94
PAI-01661,PRJ-328848,OCMS-712660,PM-9029138,synthetic_direct_mapping,0.944
PAI-01662,PRJ-915595,OCMS-564761,PM-2198208,synthetic_direct_mapping,0.952
PAI-01663,PRJ-718234,OCMS-124857,PM-1709954,synthetic_direct_mapping,0.996
PAI-01664,PRJ-110108,OCMS-736342,PM-2281621,synthetic_direct_mapping,0.946
PAI-01665,PRJ-510740,OCMS-144510,PM-7001550,synthetic_direct_mapping,0.994
PAI-01666,PRJ-954487,OCMS-848290,PM-7574241,synthetic_direct_mapping,0.984
PAI-01667,PRJ-210289,OCMS-923782,PM-9803991,synthetic_direct_mapping,0.958
PAI-01668,PRJ-728447,OCMS-207906,PM-1278479,synthetic_direct_mapping,0.968
PAI-01669,PRJ-707374,OCMS-170804,PM-6825183,synthetic_direct_mapping,0.983
PAI-01670,PRJ-788731,OCMS-145289,PM-8218882,synthetic_direct_mapping,0.954
PAI-01671,PRJ-224203,OCMS-608308,PM-9109753,synthetic_direct_mapping,0.982
PAI-01672,PRJ-613612,OCMS-573663,PM-4704951,synthetic_direct_mapping,0.952
PAI-01673,PRJ-557959,OCMS-129375,PM-3142469,synthetic_direct_mapping,0.994
PAI-01674,PRJ-992279,OCMS-712478,PM-4896759,synthetic_direct_mapping,0.949
PAI-01675,PRJ-117197,OCMS-159951,PM-9015381,synthetic_direct_mapping,0.958
PAI-01676,PRJ-674342,OCMS-529819,PM-4155687,synthetic_direct_mapping,0.95
PAI-01677,PRJ-308802,OCMS-186744,PM-8515313,synthetic_direct_mapping,0.988
PAI-01678,PRJ-743777,OCMS-968544,PM-5978597,synthetic_direct_mapping,0.962
PAI-01679,PRJ-629791,OCMS-175087,PM-4273433,synthetic_direct_mapping,0.987
PAI-01680,PRJ-878897,OCMS-139675,PM-5833242,synthetic_direct_mapping,0.952
PAI-01681,PRJ-648898,OCMS-635339,PM-3368784,synthetic_direct_mapping,0.994
PAI-01682,PRJ-836552,OCMS-945063,PM-3125732,synthetic_direct_mapping,0.958
PAI-01683,PRJ-626137,OCMS-498745,PM-2538643,synthetic_direct_mapping,0.988
PAI-01684,PRJ-997227,OCMS-272070,PM-5975596,synthetic_direct_mapping,0.959
PAI-01685,PRJ-769821,OCMS-140147,PM-4447318,synthetic_direct_mapping,0.968
PAI-01686,PRJ-597592,OCMS-763110,PM-3400674,synthetic_direct_mapping,0.977
PAI-01687,PRJ-885841,OCMS-262598,PM-1896343,synthetic_direct_mapping,0.948
PAI-01688,PRJ-223337,OCMS-456290,PM-9692491,synthetic_direct_mapping,0.978
PAI-01689,PRJ-538850,OCMS-516546,PM-9926333,synthetic_direct_mapping,0.946
PAI-01690,PRJ-798163,OCMS-364134,PM-1829596,synthetic_direct_mapping,0.962
PAI-01691,PRJ-407995,OCMS-965075,PM-3848303,synthetic_direct_mapping,0.99
PAI-01692,PRJ-109579,OCMS-849433,PM-4278296,synthetic_direct_mapping,0.966
PAI-01693,PRJ-179933,OCMS-982882,PM-4130641,synthetic_direct_mapping,0.983
PAI-01694,PRJ-490677,OCMS-549979,PM-2616657,synthetic_direct_mapping,0.956
PAI-01695,PRJ-792305,OCMS-461857,PM-4529146,synthetic_direct_mapping,0.958
PAI-01696,PRJ-297085,OCMS-992286,PM-1561527,synthetic_direct_mapping,0.949
PAI-01697,PRJ-179657,OCMS-734669,PM-1412164,synthetic_direct_mapping,0.949
PAI-01698,PRJ-660716,OCMS-821091,PM-2941784,synthetic_direct_mapping,0.942
PAI-01699,PRJ-177943,OCMS-466205,PM-7922186,synthetic_direct_mapping,0.956
PAI-01700,PRJ-273867,OCMS-378235,PM-9891670,synthetic_direct_mapping,0.966
PAI-01701,PRJ-518121,OCMS-794929,PM-6105956,synthetic_direct_mapping,0.966
PAI-01702,PRJ-836009,OCMS-725513,PM-8908515,synthetic_direct_mapping,0.971
PAI-01703,PRJ-270143,OCMS-207268,PM-3106203,synthetic_direct_mapping,0.995
PAI-01704,PRJ-502013,OCMS-565311,PM-1746160,synthetic_direct_mapping,0.991
PAI-01705,PRJ-459019,OCMS-945374,PM-6052526,synthetic_direct_mapping,0.963
PAI-01706,PRJ-606954,OCMS-111785,PM-2180654,synthetic_direct_mapping,0.988
PAI-01707,PRJ-840797,OCMS-489988,PM-1004070,synthetic_direct_mapping,0.995
PAI-01708,PRJ-680703,OCMS-215172,PM-3969238,synthetic_direct_mapping,0.99
PAI-01709,PRJ-454265,OCMS-584267,PM-2159150,synthetic_direct_mapping,0.949
PAI-01710,PRJ-613906,OCMS-712719,PM-7231236,synthetic_direct_mapping,0.991
PAI-01711,PRJ-950999,OCMS-566510,PM-4699270,synthetic_direct_mapping,0.994
PAI-01712,PRJ-589653,OCMS-862913,PM-6691894,synthetic_direct_mapping,0.981
PAI-01713,PRJ-395765,OCMS-352907,PM-7238874,synthetic_direct_mapping,0.962
PAI-01714,PRJ-354624,OCMS-473324,PM-3568512,synthetic_direct_mapping,0.953
PAI-01715,PRJ-257585,OCMS-973495,PM-1481734,synthetic_direct_mapping,0.94
PAI-01716,PRJ-765152,OCMS-948377,PM-2463728,synthetic_direct_mapping,0.946
PAI-01717,PRJ-839606,OCMS-807681,PM-7916208,synthetic_direct_mapping,0.957
PAI-01718,PRJ-131616,OCMS-252442,PM-4766537,synthetic_direct_mapping,0.982
PAI-01719,PRJ-171076,OCMS-259895,PM-3547745,synthetic_direct_mapping,0.944
PAI-01720,PRJ-793551,OCMS-158022,PM-6896365,synthetic_direct_mapping,0.991
PAI-01721,PRJ-413667,OCMS-450687,PM-4245075,synthetic_direct_mapping,0.956
PAI-01722,PRJ-294396,OCMS-458899,PM-1890569,synthetic_direct_mapping,0.972
PAI-01723,PRJ-679753,OCMS-950929,PM-9039952,synthetic_direct_mapping,0.982
PAI-01724,PRJ-745670,OCMS-942920,PM-6400665,synthetic_direct_mapping,0.944
PAI-01725,PRJ-465517,OCMS-451705,PM-3794827,synthetic_direct_mapping,0.963
PAI-01726,PRJ-698586,OCMS-165805,PM-5926956,synthetic_direct_mapping,0.94
PAI-01727,PRJ-255431,OCMS-821031,PM-1718686,synthetic_direct_mapping,0.973
PAI-01728,PRJ-960589,OCMS-722360,PM-6838138,synthetic_direct_mapping,0.985
PAI-01729,PRJ-281375,OCMS-519686,PM-2200233,synthetic_direct_mapping,0.96
PAI-01730,PRJ-596835,OCMS-637811,PM-5089139,synthetic_direct_mapping,0.963
PAI-01731,PRJ-947348,OCMS-187122,PM-5165051,synthetic_direct_mapping,0.973
PAI-01732,PRJ-500188,OCMS-487205,PM-1706208,synthetic_direct_mapping,0.979
PAI-01733,PRJ-957336,OCMS-801343,PM-7350057,synthetic_direct_mapping,0.994
PAI-01734,PRJ-719857,OCMS-131749,PM-1528099,synthetic_direct_mapping,0.949
PAI-01735,PRJ-787558,OCMS-326857,PM-9556269,synthetic_direct_mapping,0.972
PAI-01736,PRJ-321100,OCMS-270211,PM-2396947,synthetic_direct_mapping,0.993
PAI-01737,PRJ-162928,OCMS-484108,PM-3346105,synthetic_direct_mapping,0.988
PAI-01738,PRJ-710349,OCMS-140151,PM-8040545,synthetic_direct_mapping,0.999
PAI-01739,PRJ-557753,OCMS-590974,PM-8903614,synthetic_direct_mapping,0.967
PAI-01740,PRJ-351753,OCMS-349975,PM-8955648,synthetic_direct_mapping,0.946
PAI-01741,PRJ-934018,OCMS-113345,PM-4753560,synthetic_direct_mapping,0.99
PAI-01742,PRJ-604319,OCMS-494673,PM-4013352,synthetic_direct_mapping,0.959
PAI-01743,PRJ-128901,OCMS-608380,PM-4839870,synthetic_direct_mapping,0.95
PAI-01744,PRJ-545401,OCMS-852699,PM-3003409,synthetic_direct_mapping,0.962
PAI-01745,PRJ-100946,OCMS-807269,PM-6082365,synthetic_direct_mapping,0.993
PAI-01746,PRJ-272657,OCMS-344021,PM-5124597,synthetic_direct_mapping,0.995
PAI-01747,PRJ-548361,OCMS-923539,PM-6351267,synthetic_direct_mapping,0.978
PAI-01748,PRJ-326248,OCMS-174120,PM-6392893,synthetic_direct_mapping,0.943
PAI-01749,PRJ-892654,OCMS-674532,PM-1522699,synthetic_direct_mapping,0.99
PAI-01750,PRJ-121640,OCMS-447880,PM-8083899,synthetic_direct_mapping,0.966
PAI-01751,PRJ-251795,OCMS-857893,PM-5610081,synthetic_direct_mapping,0.958
PAI-01752,PRJ-216650,OCMS-972344,PM-9600436,synthetic_direct_mapping,0.983
PAI-01753,PRJ-719682,OCMS-891071,PM-6705065,synthetic_direct_mapping,0.962
PAI-01754,PRJ-584692,OCMS-897195,PM-7621217,synthetic_direct_mapping,0.951
PAI-01755,PRJ-333357,OCMS-592505,PM-8906931,synthetic_direct_mapping,0.997
PAI-01756,PRJ-711806,OCMS-667094,PM-7392373,synthetic_direct_mapping,0.986
PAI-01757,PRJ-794587,OCMS-717632,PM-4460249,synthetic_direct_mapping,0.982
PAI-01758,PRJ-830954,OCMS-613964,PM-9625131,synthetic_direct_mapping,0.992
PAI-01759,PRJ-440700,OCMS-323911,PM-2249990,synthetic_direct_mapping,0.941
PAI-01760,PRJ-623660,OCMS-169535,PM-2428970,synthetic_direct_mapping,0.98
PAI-01761,PRJ-892858,OCMS-427493,PM-7515908,synthetic_direct_mapping,0.997
PAI-01762,PRJ-372154,OCMS-953077,PM-4349915,synthetic_direct_mapping,0.962
PAI-01763,PRJ-205019,OCMS-749328,PM-8194242,synthetic_direct_mapping,0.957
PAI-01764,PRJ-963865,OCMS-480046,PM-4599248,synthetic_direct_mapping,0.972
PAI-01765,PRJ-898838,OCMS-215518,PM-4631316,synthetic_direct_mapping,0.988
PAI-01766,PRJ-834590,OCMS-858562,PM-7503425,synthetic_direct_mapping,0.958
PAI-01767,PRJ-246899,OCMS-733683,PM-8167773,synthetic_direct_mapping,0.999
PAI-01768,PRJ-526261,OCMS-166397,PM-2037472,synthetic_direct_mapping,0.961
PAI-01769,PRJ-370270,OCMS-123703,PM-8634391,synthetic_direct_mapping,0.959
PAI-01770,PRJ-805773,OCMS-910912,PM-6698509,synthetic_direct_mapping,0.973
PAI-01771,PRJ-681838,OCMS-506792,PM-7532525,synthetic_direct_mapping,0.944
PAI-01772,PRJ-818115,OCMS-622556,PM-7242965,synthetic_direct_mapping,0.946
PAI-01773,PRJ-973364,OCMS-394943,PM-7096185,synthetic_direct_mapping,0.954
PAI-01774,PRJ-228037,OCMS-670609,PM-3655205,synthetic_direct_mapping,0.992
PAI-01775,PRJ-335645,OCMS-901755,PM-6447176,synthetic_direct_mapping,0.958
PAI-01776,PRJ-659875,OCMS-713059,PM-5609987,synthetic_direct_mapping,0.997
PAI-01777,PRJ-264436,OCMS-235610,PM-2386318,synthetic_direct_mapping,0.998
PAI-01778,PRJ-207210,OCMS-348115,PM-1717672,synthetic_direct_mapping,0.947
PAI-01779,PRJ-941344,OCMS-240209,PM-6010707,synthetic_direct_mapping,0.977
PAI-01780,PRJ-910891,OCMS-701934,PM-6481406,synthetic_direct_mapping,0.971
PAI-01781,PRJ-224460,OCMS-711241,PM-1110781,synthetic_direct_mapping,0.948
PAI-01782,PRJ-626915,OCMS-278348,PM-1557278,synthetic_direct_mapping,0.975
PAI-01783,PRJ-504156,OCMS-708603,PM-2589628,synthetic_direct_mapping,0.978
PAI-01784,PRJ-655775,OCMS-742847,PM-1287631,synthetic_direct_mapping,0.995
PAI-01785,PRJ-987102,OCMS-891164,PM-4533552,synthetic_direct_mapping,0.946
PAI-01786,PRJ-572015,OCMS-957446,PM-7933262,synthetic_direct_mapping,0.959
PAI-01787,PRJ-798286,OCMS-816696,PM-6545654,synthetic_direct_mapping,0.968
PAI-01788,PRJ-186406,OCMS-474343,PM-4343024,synthetic_direct_mapping,0.978
PAI-01789,PRJ-741092,OCMS-816854,PM-2282736,synthetic_direct_mapping,0.971
PAI-01790,PRJ-661661,OCMS-706171,PM-9501684,synthetic_direct_mapping,0.944
PAI-01791,PRJ-293642,OCMS-864110,PM-4040725,synthetic_direct_mapping,0.971
PAI-01792,PRJ-428776,OCMS-940990,PM-7326416,synthetic_direct_mapping,0.98
PAI-01793,PRJ-484895,OCMS-626227,PM-8945190,synthetic_direct_mapping,0.952
PAI-01794,PRJ-991687,OCMS-102693,PM-9485969,synthetic_direct_mapping,0.959
PAI-01795,PRJ-504444,OCMS-635616,PM-1525511,synthetic_direct_mapping,0.989
PAI-01796,PRJ-794790,OCMS-710655,PM-4239401,synthetic_direct_mapping,0.99
PAI-01797,PRJ-650684,OCMS-674573,PM-7668612,synthetic_direct_mapping,0.948
PAI-01798,PRJ-433121,OCMS-499296,PM-3754571,synthetic_direct_mapping,0.974
PAI-01799,PRJ-859747,OCMS-388975,PM-7100372,synthetic_direct_mapping,0.972
PAI-01800,PRJ-414408,OCMS-267215,PM-2256419,synthetic_direct_mapping,0.988
PAI-01801,PRJ-371845,OCMS-386877,PM-2969022,synthetic_direct_mapping,0.992
PAI-01802,PRJ-987794,OCMS-110310,PM-9768639,synthetic_direct_mapping,0.954
PAI-01803,PRJ-918443,OCMS-402368,PM-7137317,synthetic_direct_mapping,0.946
PAI-01804,PRJ-221672,OCMS-278914,PM-1225766,synthetic_direct_mapping,0.996
PAI-01805,PRJ-305416,OCMS-990400,PM-4512366,synthetic_direct_mapping,0.964
PAI-01806,PRJ-550950,OCMS-641596,PM-7084031,synthetic_direct_mapping,0.977
PAI-01807,PRJ-269231,OCMS-387387,PM-3551219,synthetic_direct_mapping,0.96
PAI-01808,PRJ-744750,OCMS-425464,PM-4699743,synthetic_direct_mapping,0.989
PAI-01809,PRJ-136911,OCMS-147121,PM-9982278,synthetic_direct_mapping,0.985
PAI-01810,PRJ-437070,OCMS-248087,PM-8860029,synthetic_direct_mapping,0.976
PAI-01811,PRJ-374918,OCMS-427098,PM-7977631,synthetic_direct_mapping,0.981
PAI-01812,PRJ-547956,OCMS-844946,PM-4768683,synthetic_direct_mapping,0.98
PAI-01813,PRJ-569369,OCMS-755312,PM-9828262,synthetic_direct_mapping,0.982
PAI-01814,PRJ-272035,OCMS-851926,PM-7574030,synthetic_direct_mapping,0.957
PAI-01815,PRJ-253516,OCMS-359680,PM-9116878,synthetic_direct_mapping,0.964
PAI-01816,PRJ-777889,OCMS-176610,PM-4928593,synthetic_direct_mapping,0.97
PAI-01817,PRJ-202744,OCMS-372416,PM-8587780,synthetic_direct_mapping,0.981
PAI-01818,PRJ-902275,OCMS-838354,PM-3136696,synthetic_direct_mapping,0.968
PAI-01819,PRJ-810925,OCMS-201593,PM-6352667,synthetic_direct_mapping,0.945
PAI-01820,PRJ-312959,OCMS-623798,PM-7261154,synthetic_direct_mapping,0.964
PAI-01821,PRJ-826561,OCMS-452584,PM-2338381,synthetic_direct_mapping,0.967
PAI-01822,PRJ-918619,OCMS-723902,PM-6443942,synthetic_direct_mapping,0.982
PAI-01823,PRJ-687590,OCMS-807965,PM-7677631,synthetic_direct_mapping,0.956
PAI-01824,PRJ-890459,OCMS-701606,PM-5350690,synthetic_direct_mapping,0.989
PAI-01825,PRJ-425746,OCMS-959177,PM-4312682,synthetic_direct_mapping,0.943
PAI-01826,PRJ-614731,OCMS-662634,PM-3050125,synthetic_direct_mapping,0.98
PAI-01827,PRJ-420013,OCMS-966950,PM-9756501,synthetic_direct_mapping,0.95
PAI-01828,PRJ-534237,OCMS-844437,PM-8803835,synthetic_direct_mapping,0.982
PAI-01829,PRJ-388343,OCMS-195725,PM-5595029,synthetic_direct_mapping,0.961
PAI-01830,PRJ-200500,OCMS-563376,PM-8039213,synthetic_direct_mapping,0.972
PAI-01831,PRJ-445360,OCMS-283408,PM-9079322,synthetic_direct_mapping,0.973
PAI-01832,PRJ-755811,OCMS-529644,PM-7058919,synthetic_direct_mapping,0.992
PAI-01833,PRJ-151445,OCMS-792779,PM-8511626,synthetic_direct_mapping,0.969
PAI-01834,PRJ-122826,OCMS-347819,PM-5631925,synthetic_direct_mapping,0.995
PAI-01835,PRJ-828270,OCMS-681151,PM-6018659,synthetic_direct_mapping,0.973
PAI-01836,PRJ-383171,OCMS-480012,PM-5625479,synthetic_direct_mapping,0.974
PAI-01837,PRJ-214939,OCMS-397263,PM-8787289,synthetic_direct_mapping,0.979
PAI-01838,PRJ-327715,OCMS-639415,PM-8414030,synthetic_direct_mapping,0.942
PAI-01839,PRJ-625562,OCMS-765774,PM-6231207,synthetic_direct_mapping,0.962
PAI-01840,PRJ-867952,OCMS-234465,PM-8983156,synthetic_direct_mapping,0.954
PAI-01841,PRJ-651925,OCMS-120521,PM-2941767,synthetic_direct_mapping,0.96
PAI-01842,PRJ-238221,OCMS-141583,PM-2794724,synthetic_direct_mapping,0.949
PAI-01843,PRJ-798880,OCMS-516630,PM-4349485,synthetic_direct_mapping,0.981
PAI-01844,PRJ-113092,OCMS-452378,PM-6070290,synthetic_direct_mapping,0.973
PAI-01845,PRJ-865107,OCMS-279745,PM-1584772,synthetic_direct_mapping,0.971
PAI-01846,PRJ-757134,OCMS-429413,PM-2351379,synthetic_direct_mapping,0.947
PAI-01847,PRJ-453532,OCMS-272103,PM-7881722,synthetic_direct_mapping,0.965
PAI-01848,PRJ-941213,OCMS-932445,PM-9251514,synthetic_direct_mapping,0.988
PAI-01849,PRJ-512594,OCMS-264320,PM-4837615,synthetic_direct_mapping,0.998
PAI-01850,PRJ-341130,OCMS-760837,PM-1967288,synthetic_direct_mapping,0.989
PAI-01851,PRJ-959667,OCMS-607359,PM-5601741,synthetic_direct_mapping,0.989
PAI-01852,PRJ-474250,OCMS-989833,PM-5617567,synthetic_direct_mapping,0.979
PAI-01853,PRJ-633034,OCMS-769602,PM-2144337,synthetic_direct_mapping,0.942
PAI-01854,PRJ-559429,OCMS-310234,PM-5495372,synthetic_direct_mapping,0.987
PAI-01855,PRJ-754766,OCMS-190665,PM-8356504,synthetic_direct_mapping,0.954
PAI-01856,PRJ-353206,OCMS-923122,PM-2747756,synthetic_direct_mapping,0.954
PAI-01857,PRJ-779244,OCMS-661060,PM-9434229,synthetic_direct_mapping,0.95
PAI-01858,PRJ-699600,OCMS-975371,PM-6854867,synthetic_direct_mapping,0.961
PAI-01859,PRJ-920111,OCMS-478842,PM-2764772,synthetic_direct_mapping,0.954
PAI-01860,PRJ-611162,OCMS-365951,PM-1437544,synthetic_direct_mapping,0.986
PAI-01861,PRJ-257194,OCMS-918984,PM-6174861,synthetic_direct_mapping,0.942
PAI-01862,PRJ-246129,OCMS-427892,PM-5827391,synthetic_direct_mapping,0.967
PAI-01863,PRJ-821293,OCMS-514422,PM-4621780,synthetic_direct_mapping,0.947
PAI-01864,PRJ-572132,OCMS-105436,PM-8001006,synthetic_direct_mapping,0.975
PAI-01865,PRJ-943137,OCMS-787647,PM-1533183,synthetic_direct_mapping,0.964
PAI-01866,PRJ-577743,OCMS-241041,PM-1594138,synthetic_direct_mapping,0.971
PAI-01867,PRJ-633340,OCMS-995867,PM-7794294,synthetic_direct_mapping,0.985
PAI-01868,PRJ-350995,OCMS-320707,PM-1109351,synthetic_direct_mapping,0.955
PAI-01869,PRJ-344554,OCMS-973544,PM-4717704,synthetic_direct_mapping,0.963
PAI-01870,PRJ-289919,OCMS-805580,PM-9472371,synthetic_direct_mapping,0.946
PAI-01871,PRJ-198870,OCMS-752220,PM-9709393,synthetic_direct_mapping,0.985
PAI-01872,PRJ-344234,OCMS-553959,PM-5967856,synthetic_direct_mapping,0.967
PAI-01873,PRJ-436595,OCMS-365951,PM-2397055,synthetic_direct_mapping,0.985
PAI-01874,PRJ-439823,OCMS-198298,PM-3937385,synthetic_direct_mapping,0.987
PAI-01875,PRJ-901579,OCMS-119210,PM-9663489,synthetic_direct_mapping,0.963
PAI-01876,PRJ-482189,OCMS-712749,PM-7881902,synthetic_direct_mapping,0.992
PAI-01877,PRJ-412399,OCMS-843833,PM-3657808,synthetic_direct_mapping,0.946
PAI-01878,PRJ-160529,OCMS-441628,PM-1701863,synthetic_direct_mapping,0.992
PAI-01879,PRJ-466164,OCMS-524168,PM-2630069,synthetic_direct_mapping,0.942
PAI-01880,PRJ-246388,OCMS-293694,PM-6934866,synthetic_direct_mapping,0.945
PAI-01881,PRJ-595992,OCMS-831180,PM-3454791,synthetic_direct_mapping,0.962
PAI-01882,PRJ-292400,OCMS-441568,PM-9334899,synthetic_direct_mapping,0.949
PAI-01883,PRJ-552225,OCMS-933064,PM-1435849,synthetic_direct_mapping,0.991
PAI-01884,PRJ-680941,OCMS-329230,PM-8852881,synthetic_direct_mapping,0.979
PAI-01885,PRJ-828972,OCMS-817418,PM-1042353,synthetic_direct_mapping,0.978
PAI-01886,PRJ-136946,OCMS-266155,PM-6438570,synthetic_direct_mapping,0.955
PAI-01887,PRJ-941697,OCMS-465163,PM-9557884,synthetic_direct_mapping,0.981
PAI-01888,PRJ-636866,OCMS-213075,PM-4067732,synthetic_direct_mapping,0.96
PAI-01889,PRJ-127691,OCMS-657110,PM-9757066,synthetic_direct_mapping,0.955
PAI-01890,PRJ-956658,OCMS-334994,PM-3200188,synthetic_direct_mapping,0.978
PAI-01891,PRJ-891832,OCMS-450542,PM-9765640,synthetic_direct_mapping,0.943
PAI-01892,PRJ-961213,OCMS-491031,PM-7123435,synthetic_direct_mapping,0.956
PAI-01893,PRJ-481021,OCMS-196218,PM-3431891,synthetic_direct_mapping,0.991
PAI-01894,PRJ-772083,OCMS-986359,PM-1317957,synthetic_direct_mapping,0.978
PAI-01895,PRJ-542312,OCMS-710381,PM-6676311,synthetic_direct_mapping,0.986
PAI-01896,PRJ-593130,OCMS-527056,PM-1235977,synthetic_direct_mapping,0.991
PAI-01897,PRJ-620760,OCMS-231161,PM-1801163,synthetic_direct_mapping,0.991
PAI-01898,PRJ-795654,OCMS-693668,PM-5346993,synthetic_direct_mapping,0.944
PAI-01899,PRJ-696599,OCMS-774278,PM-4627215,synthetic_direct_mapping,0.965
PAI-01900,PRJ-750107,OCMS-427648,PM-4073273,synthetic_direct_mapping,0.991
PAI-01901,PRJ-486601,OCMS-526943,PM-4981086,synthetic_direct_mapping,0.961
PAI-01902,PRJ-111683,OCMS-793587,PM-8728713,synthetic_direct_mapping,0.952
PAI-01903,PRJ-333082,OCMS-874511,PM-3690635,synthetic_direct_mapping,0.994
PAI-01904,PRJ-422959,OCMS-616181,PM-1784293,synthetic_direct_mapping,0.958
PAI-01905,PRJ-646642,OCMS-642978,PM-8437791,synthetic_direct_mapping,0.985
PAI-01906,PRJ-550467,OCMS-598323,PM-7214924,synthetic_direct_mapping,0.977
PAI-01907,PRJ-887346,OCMS-315833,PM-3001235,synthetic_direct_mapping,0.993
PAI-01908,PRJ-519777,OCMS-981298,PM-6314375,synthetic_direct_mapping,0.984
PAI-01909,PRJ-765927,OCMS-695921,PM-7762074,synthetic_direct_mapping,0.96
PAI-01910,PRJ-778095,OCMS-840809,PM-6177971,synthetic_direct_mapping,0.997
PAI-01911,PRJ-634787,OCMS-791851,PM-5336412,synthetic_direct_mapping,0.995
PAI-01912,PRJ-772701,OCMS-223746,PM-1810258,synthetic_direct_mapping,0.956
PAI-01913,PRJ-706495,OCMS-803116,PM-9376519,synthetic_direct_mapping,0.956
PAI-01914,PRJ-963593,OCMS-523674,PM-2062239,synthetic_direct_mapping,0.948
PAI-01915,PRJ-376456,OCMS-953962,PM-1304853,synthetic_direct_mapping,0.979
PAI-01916,PRJ-554261,OCMS-447334,PM-4417528,synthetic_direct_mapping,0.957
PAI-01917,PRJ-923118,OCMS-608240,PM-6548536,synthetic_direct_mapping,0.98
PAI-01918,PRJ-232046,OCMS-758751,PM-7266755,synthetic_direct_mapping,0.993
PAI-01919,PRJ-587267,OCMS-381709,PM-2336350,synthetic_direct_mapping,0.962
PAI-01920,PRJ-652913,OCMS-791146,PM-8690877,synthetic_direct_mapping,0.955
PAI-01921,PRJ-341479,OCMS-992615,PM-5527606,synthetic_direct_mapping,0.979
PAI-01922,PRJ-920505,OCMS-926912,PM-3365110,synthetic_direct_mapping,0.97
PAI-01923,PRJ-651778,OCMS-488365,PM-2786971,synthetic_direct_mapping,0.948
PAI-01924,PRJ-116513,OCMS-242679,PM-9817210,synthetic_direct_mapping,0.947
PAI-01925,PRJ-595166,OCMS-709363,PM-9441156,synthetic_direct_mapping,0.962
PAI-01926,PRJ-635708,OCMS-925469,PM-9130205,synthetic_direct_mapping,0.971
PAI-01927,PRJ-425451,OCMS-484188,PM-1544244,synthetic_direct_mapping,0.969
PAI-01928,PRJ-166174,OCMS-708329,PM-1165122,synthetic_direct_mapping,0.965
PAI-01929,PRJ-239689,OCMS-207989,PM-1875094,synthetic_direct_mapping,0.947
PAI-01930,PRJ-913000,OCMS-516337,PM-4860889,synthetic_direct_mapping,0.979
PAI-01931,PRJ-240705,OCMS-914464,PM-9008607,synthetic_direct_mapping,0.967
PAI-01932,PRJ-727413,OCMS-738596,PM-7244985,synthetic_direct_mapping,0.945
PAI-01933,PRJ-917891,OCMS-884120,PM-3260682,synthetic_direct_mapping,0.941
PAI-01934,PRJ-503331,OCMS-224513,PM-4031526,synthetic_direct_mapping,0.984
PAI-01935,PRJ-796515,OCMS-929571,PM-1431746,synthetic_direct_mapping,0.969
PAI-01936,PRJ-385514,OCMS-880601,PM-6046742,synthetic_direct_mapping,0.946
PAI-01937,PRJ-132704,OCMS-568141,PM-4087413,synthetic_direct_mapping,0.973
PAI-01938,PRJ-790163,OCMS-570616,PM-2478418,synthetic_direct_mapping,0.954
PAI-01939,PRJ-358649,OCMS-214046,PM-6986748,synthetic_direct_mapping,0.941
PAI-01940,PRJ-836469,OCMS-648923,PM-8721966,synthetic_direct_mapping,0.979
PAI-01941,PRJ-744987,OCMS-972992,PM-7470449,synthetic_direct_mapping,0.989
PAI-01942,PRJ-856199,OCMS-193527,PM-3465958,synthetic_direct_mapping,0.967
PAI-01943,PRJ-342404,OCMS-513423,PM-7242307,synthetic_direct_mapping,0.969
PAI-01944,PRJ-893456,OCMS-665103,PM-9292566,synthetic_direct_mapping,0.967
PAI-01945,PRJ-651329,OCMS-640603,PM-4973150,synthetic_direct_mapping,0.954
PAI-01946,PRJ-823906,OCMS-849645,PM-2508463,synthetic_direct_mapping,0.966
PAI-01947,PRJ-329559,OCMS-631450,PM-8324194,synthetic_direct_mapping,0.986
PAI-01948,PRJ-287401,OCMS-125885,PM-1582800,synthetic_direct_mapping,0.967
PAI-01949,PRJ-455245,OCMS-433060,PM-7235363,synthetic_direct_mapping,0.949
PAI-01950,PRJ-646542,OCMS-143018,PM-4714233,synthetic_direct_mapping,0.973
PAI-01951,PRJ-620596,OCMS-127992,PM-9982878,synthetic_direct_mapping,0.941
PAI-01952,PRJ-272912,OCMS-288272,PM-7117312,synthetic_direct_mapping,0.956
PAI-01953,PRJ-933946,OCMS-148723,PM-2809622,synthetic_direct_mapping,0.983
PAI-01954,PRJ-747523,OCMS-841119,PM-7506489,synthetic_direct_mapping,0.955
PAI-01955,PRJ-432838,OCMS-521481,PM-4295221,synthetic_direct_mapping,0.945
PAI-01956,PRJ-653851,OCMS-951481,PM-8009411,synthetic_direct_mapping,0.962
PAI-01957,PRJ-970761,OCMS-509959,PM-2442087,synthetic_direct_mapping,0.955
PAI-01958,PRJ-225942,OCMS-552577,PM-6228596,synthetic_direct_mapping,0.95
PAI-01959,PRJ-768205,OCMS-627008,PM-6049992,synthetic_direct_mapping,0.992
PAI-01960,PRJ-351377,OCMS-573961,PM-7118770,synthetic_direct_mapping,0.977
PAI-01961,PRJ-161212,OCMS-214513,PM-7854280,synthetic_direct_mapping,0.997
PAI-01962,PRJ-708323,OCMS-562738,PM-8835362,synthetic_direct_mapping,0.95
PAI-01963,PRJ-816621,OCMS-427140,PM-5490572,synthetic_direct_mapping,0.972
PAI-01964,PRJ-160176,OCMS-614201,PM-7183239,synthetic_direct_mapping,0.998
PAI-01965,PRJ-902120,OCMS-611387,PM-3685329,synthetic_direct_mapping,0.968
PAI-01966,PRJ-176349,OCMS-529235,PM-6064522,synthetic_direct_mapping,0.965
PAI-01967,PRJ-706943,OCMS-402527,PM-9987889,synthetic_direct_mapping,0.973
PAI-01968,PRJ-308450,OCMS-679481,PM-3259921,synthetic_direct_mapping,0.948
PAI-01969,PRJ-172804,OCMS-997966,PM-4814597,synthetic_direct_mapping,0.949
PAI-01970,PRJ-656560,OCMS-295050,PM-8399383,synthetic_direct_mapping,0.962
PAI-01971,PRJ-500346,OCMS-237602,PM-8422666,synthetic_direct_mapping,0.977
PAI-01972,PRJ-314285,OCMS-305881,PM-6630788,synthetic_direct_mapping,0.96
PAI-01973,PRJ-248385,OCMS-981207,PM-5376277,synthetic_direct_mapping,0.953
PAI-01974,PRJ-630058,OCMS-248637,PM-6459606,synthetic_direct_mapping,0.941
PAI-01975,PRJ-690723,OCMS-217406,PM-8556081,synthetic_direct_mapping,0.982
PAI-01976,PRJ-337282,OCMS-607039,PM-1388678,synthetic_direct_mapping,0.999
PAI-01977,PRJ-466580,OCMS-321215,PM-3235498,synthetic_direct_mapping,0.974
PAI-01978,PRJ-210665,OCMS-312706,PM-8295360,synthetic_direct_mapping,0.945
PAI-01979,PRJ-717285,OCMS-818040,PM-6895501,synthetic_direct_mapping,0.98
PAI-01980,PRJ-227519,OCMS-697505,PM-3163838,synthetic_direct_mapping,0.964
PAI-01981,PRJ-541914,OCMS-867816,PM-2501702,synthetic_direct_mapping,0.979
PAI-01982,PRJ-765351,OCMS-937358,PM-2974997,synthetic_direct_mapping,0.964
PAI-01983,PRJ-988319,OCMS-182715,PM-4699298,synthetic_direct_mapping,0.955
PAI-01984,PRJ-862093,OCMS-672144,PM-6123334,synthetic_direct_mapping,0.942
PAI-01985,PRJ-167768,OCMS-362844,PM-3761255,synthetic_direct_mapping,0.95
PAI-01986,PRJ-505797,OCMS-669927,PM-9528477,synthetic_direct_mapping,0.993
PAI-01987,PRJ-463858,OCMS-162909,PM-8173504,synthetic_direct_mapping,0.99
PAI-01988,PRJ-185108,OCMS-258922,PM-5597703,synthetic_direct_mapping,0.976
PAI-01989,PRJ-506638,OCMS-308778,PM-8693149,synthetic_direct_mapping,0.99
PAI-01990,PRJ-274763,OCMS-174183,PM-8989738,synthetic_direct_mapping,0.962
PAI-01991,PRJ-503322,OCMS-166577,PM-7122411,synthetic_direct_mapping,0.946
PAI-01992,PRJ-375814,OCMS-142674,PM-5374995,synthetic_direct_mapping,0.991
PAI-01993,PRJ-206978,OCMS-671869,PM-9674546,synthetic_direct_mapping,0.958
PAI-01994,PRJ-649375,OCMS-535907,PM-5710634,synthetic_direct_mapping,0.943
PAI-01995,PRJ-348332,OCMS-620044,PM-5406984,synthetic_direct_mapping,0.949
PAI-01996,PRJ-875533,OCMS-351038,PM-3780022,synthetic_direct_mapping,0.967
PAI-01997,PRJ-457981,OCMS-845883,PM-6820354,synthetic_direct_mapping,0.94
PAI-01998,PRJ-118322,OCMS-516214,PM-7224457,synthetic_direct_mapping,0.989
PAI-01999,PRJ-269299,OCMS-119577,PM-4840892,synthetic_direct_mapping,0.98
PAI-02000,PRJ-900871,OCMS-298344,PM-8758728,synthetic_direct_mapping,0.948
PAI-02001,PRJ-384266,OCMS-964244,PM-6222408,synthetic_direct_mapping,0.978
PAI-02002,PRJ-902192,OCMS-108998,PM-7588636,synthetic_direct_mapping,0.957
PAI-02003,PRJ-634076,OCMS-610646,PM-3385165,synthetic_direct_mapping,0.98
PAI-02004,PRJ-582495,OCMS-356899,PM-2196975,synthetic_direct_mapping,0.984
PAI-02005,PRJ-562932,OCMS-533340,PM-9096634,synthetic_direct_mapping,0.977
PAI-02006,PRJ-575443,OCMS-580338,PM-6888870,synthetic_direct_mapping,0.948
PAI-02007,PRJ-371526,OCMS-912022,PM-2514925,synthetic_direct_mapping,0.962
PAI-02008,PRJ-274012,OCMS-127337,PM-4086801,synthetic_direct_mapping,0.983
PAI-02009,PRJ-715239,OCMS-268670,PM-8261708,synthetic_direct_mapping,0.971
PAI-02010,PRJ-880891,OCMS-832853,PM-5234733,synthetic_direct_mapping,0.981
PAI-02011,PRJ-496120,OCMS-658483,PM-6466960,synthetic_direct_mapping,0.941
PAI-02012,PRJ-919642,OCMS-972291,PM-7246131,synthetic_direct_mapping,0.993
PAI-02013,PRJ-423441,OCMS-521152,PM-4036942,synthetic_direct_mapping,0.946
PAI-02014,PRJ-876590,OCMS-576882,PM-9317240,synthetic_direct_mapping,0.965
PAI-02015,PRJ-679567,OCMS-553363,PM-8593841,synthetic_direct_mapping,0.998
PAI-02016,PRJ-285407,OCMS-669018,PM-4819131,synthetic_direct_mapping,0.956
PAI-02017,PRJ-262459,OCMS-759727,PM-7409004,synthetic_direct_mapping,0.993
PAI-02018,PRJ-189577,OCMS-588538,PM-1993634,synthetic_direct_mapping,0.987
PAI-02019,PRJ-842034,OCMS-334842,PM-2127360,synthetic_direct_mapping,0.95
PAI-02020,PRJ-724606,OCMS-885447,PM-6491910,synthetic_direct_mapping,0.99
PAI-02021,PRJ-923805,OCMS-495774,PM-8132819,synthetic_direct_mapping,0.997
PAI-02022,PRJ-298544,OCMS-516469,PM-5304733,synthetic_direct_mapping,0.975
PAI-02023,PRJ-290277,OCMS-841596,PM-6300170,synthetic_direct_mapping,0.968
PAI-02024,PRJ-287664,OCMS-620916,PM-6014312,synthetic_direct_mapping,0.976
PAI-02025,PRJ-509196,OCMS-527770,PM-7092851,synthetic_direct_mapping,0.987
PAI-02026,PRJ-783060,OCMS-177889,PM-4543036,synthetic_direct_mapping,0.997
PAI-02027,PRJ-551917,OCMS-593077,PM-5033967,synthetic_direct_mapping,0.979
PAI-02028,PRJ-510213,OCMS-966214,PM-6833217,synthetic_direct_mapping,0.978
PAI-02029,PRJ-827858,OCMS-199796,PM-2896363,synthetic_direct_mapping,0.959
PAI-02030,PRJ-639333,OCMS-775090,PM-2337345,synthetic_direct_mapping,0.963
PAI-02031,PRJ-562704,OCMS-287414,PM-3686199,synthetic_direct_mapping,0.974
PAI-02032,PRJ-838775,OCMS-964977,PM-6771939,synthetic_direct_mapping,0.996
PAI-02033,PRJ-191279,OCMS-294689,PM-1203713,synthetic_direct_mapping,0.991
PAI-02034,PRJ-662293,OCMS-900850,PM-9754992,synthetic_direct_mapping,0.991
PAI-02035,PRJ-720805,OCMS-366492,PM-7903356,synthetic_direct_mapping,0.953
PAI-02036,PRJ-417692,OCMS-906639,PM-5037358,synthetic_direct_mapping,0.992
PAI-02037,PRJ-818050,OCMS-477697,PM-2157187,synthetic_direct_mapping,0.999
PAI-02038,PRJ-788866,OCMS-455667,PM-8916537,synthetic_direct_mapping,0.969
PAI-02039,PRJ-690933,OCMS-353683,PM-6616985,synthetic_direct_mapping,0.956
PAI-02040,PRJ-238194,OCMS-935100,PM-6302523,synthetic_direct_mapping,0.972
PAI-02041,PRJ-389486,OCMS-325065,PM-6923543,synthetic_direct_mapping,0.98
PAI-02042,PRJ-642328,OCMS-480276,PM-9578698,synthetic_direct_mapping,0.989
PAI-02043,PRJ-598635,OCMS-232289,PM-5782435,synthetic_direct_mapping,0.983
PAI-02044,PRJ-221722,OCMS-810016,PM-4544366,synthetic_direct_mapping,0.982
PAI-02045,PRJ-535811,OCMS-371368,PM-4594767,synthetic_direct_mapping,0.973
PAI-02046,PRJ-352051,OCMS-706514,PM-2698100,synthetic_direct_mapping,0.966
PAI-02047,PRJ-655288,OCMS-632001,PM-5388416,synthetic_direct_mapping,0.95
PAI-02048,PRJ-509128,OCMS-638912,PM-6845132,synthetic_direct_mapping,0.994
PAI-02049,PRJ-198651,OCMS-276953,PM-3201333,synthetic_direct_mapping,0.948
PAI-02050,PRJ-114882,OCMS-667287,PM-5273503,synthetic_direct_mapping,0.965
PAI-02051,PRJ-660197,OCMS-930247,PM-7465083,synthetic_direct_mapping,0.998
PAI-02052,PRJ-240655,OCMS-853845,PM-2413695,synthetic_direct_mapping,0.949
PAI-02053,PRJ-407320,OCMS-843478,PM-2750595,synthetic_direct_mapping,0.957
PAI-02054,PRJ-638136,OCMS-616457,PM-9151842,synthetic_direct_mapping,0.975
PAI-02055,PRJ-624286,OCMS-362448,PM-4596180,synthetic_direct_mapping,0.999
PAI-02056,PRJ-171542,OCMS-448465,PM-4124713,synthetic_direct_mapping,0.978
PAI-02057,PRJ-397414,OCMS-213001,PM-8028543,synthetic_direct_mapping,0.985
PAI-02058,PRJ-749540,OCMS-198466,PM-2402181,synthetic_direct_mapping,0.959
PAI-02059,PRJ-894467,OCMS-552732,PM-6601041,synthetic_direct_mapping,0.972
PAI-02060,PRJ-539631,OCMS-624810,PM-2565841,synthetic_direct_mapping,0.985
PAI-02061,PRJ-187087,OCMS-186456,PM-3466365,synthetic_direct_mapping,0.985
PAI-02062,PRJ-441478,OCMS-145630,PM-9687380,synthetic_direct_mapping,0.965
PAI-02063,PRJ-444220,OCMS-294322,PM-8107456,synthetic_direct_mapping,0.987
PAI-02064,PRJ-778034,OCMS-384263,PM-1026817,synthetic_direct_mapping,0.994
PAI-02065,PRJ-379487,OCMS-592863,PM-1810548,synthetic_direct_mapping,0.957
PAI-02066,PRJ-495665,OCMS-347523,PM-7370568,synthetic_direct_mapping,0.959
PAI-02067,PRJ-903486,OCMS-268337,PM-8899262,synthetic_direct_mapping,0.988
PAI-02068,PRJ-329564,OCMS-505257,PM-1213390,synthetic_direct_mapping,0.974
PAI-02069,PRJ-448183,OCMS-493167,PM-8644521,synthetic_direct_mapping,0.961
PAI-02070,PRJ-599769,OCMS-857797,PM-7495329,synthetic_direct_mapping,0.953
PAI-02071,PRJ-170441,OCMS-236051,PM-9513046,synthetic_direct_mapping,0.967
PAI-02072,PRJ-876474,OCMS-111736,PM-9678304,synthetic_direct_mapping,0.958
PAI-02073,PRJ-801596,OCMS-218426,PM-5519420,synthetic_direct_mapping,0.945
PAI-02074,PRJ-240740,OCMS-359363,PM-3648759,synthetic_direct_mapping,0.992
PAI-02075,PRJ-250159,OCMS-476379,PM-4751176,synthetic_direct_mapping,0.958
PAI-02076,PRJ-900160,OCMS-243953,PM-9788067,synthetic_direct_mapping,0.97
PAI-02077,PRJ-119359,OCMS-716896,PM-6560511,synthetic_direct_mapping,0.984
PAI-02078,PRJ-812227,OCMS-288228,PM-4772166,synthetic_direct_mapping,0.967
PAI-02079,PRJ-814019,OCMS-976304,PM-9186717,synthetic_direct_mapping,0.946
PAI-02080,PRJ-549874,OCMS-963750,PM-4053597,synthetic_direct_mapping,0.957
PAI-02081,PRJ-859602,OCMS-553577,PM-4317993,synthetic_direct_mapping,0.989
PAI-02082,PRJ-763655,OCMS-413033,PM-1278516,synthetic_direct_mapping,0.945
PAI-02083,PRJ-275562,OCMS-286140,PM-7012037,synthetic_direct_mapping,0.982
PAI-02084,PRJ-518340,OCMS-296795,PM-4443903,synthetic_direct_mapping,0.991
PAI-02085,PRJ-547635,OCMS-219028,PM-8990619,synthetic_direct_mapping,0.974
PAI-02086,PRJ-139780,OCMS-566700,PM-1793706,synthetic_direct_mapping,0.96
PAI-02087,PRJ-760907,OCMS-516066,PM-5843940,synthetic_direct_mapping,0.987
PAI-02088,PRJ-689302,OCMS-139457,PM-1708196,synthetic_direct_mapping,0.991
PAI-02089,PRJ-287838,OCMS-630468,PM-4460202,synthetic_direct_mapping,0.959
PAI-02090,PRJ-675976,OCMS-968939,PM-8665189,synthetic_direct_mapping,0.949
PAI-02091,PRJ-150657,OCMS-691965,PM-7176512,synthetic_direct_mapping,0.991
PAI-02092,PRJ-417473,OCMS-675547,PM-6648313,synthetic_direct_mapping,0.99
PAI-02093,PRJ-745428,OCMS-251660,PM-7403718,synthetic_direct_mapping,0.976
PAI-02094,PRJ-234194,OCMS-233610,PM-6780367,synthetic_direct_mapping,0.98
PAI-02095,PRJ-700566,OCMS-350570,PM-6730761,synthetic_direct_mapping,0.952
PAI-02096,PRJ-313938,OCMS-224685,PM-6290919,synthetic_direct_mapping,0.956
PAI-02097,PRJ-874895,OCMS-385446,PM-6403128,synthetic_direct_mapping,0.956
PAI-02098,PRJ-893193,OCMS-467113,PM-3880016,synthetic_direct_mapping,0.988
PAI-02099,PRJ-996647,OCMS-385738,PM-4123930,synthetic_direct_mapping,0.943
PAI-02100,PRJ-569616,OCMS-485997,PM-6038402,synthetic_direct_mapping,0.967
PAI-02101,PRJ-357351,OCMS-828664,PM-5605668,synthetic_direct_mapping,0.958
PAI-02102,PRJ-302191,OCMS-542739,PM-3334233,synthetic_direct_mapping,0.988
PAI-02103,PRJ-294480,OCMS-977830,PM-9378046,synthetic_direct_mapping,0.98
PAI-02104,PRJ-961891,OCMS-231814,PM-4540383,synthetic_direct_mapping,0.973
PAI-02105,PRJ-658229,OCMS-931275,PM-7480133,synthetic_direct_mapping,0.974
PAI-02106,PRJ-460563,OCMS-762345,PM-1180815,synthetic_direct_mapping,0.942
PAI-02107,PRJ-737950,OCMS-328474,PM-9858765,synthetic_direct_mapping,0.971
PAI-02108,PRJ-785465,OCMS-913066,PM-6835917,synthetic_direct_mapping,0.943
PAI-02109,PRJ-835672,OCMS-523773,PM-9430215,synthetic_direct_mapping,0.957
PAI-02110,PRJ-250932,OCMS-654483,PM-6002986,synthetic_direct_mapping,0.991
PAI-02111,PRJ-593048,OCMS-334883,PM-4852689,synthetic_direct_mapping,0.958
PAI-02112,PRJ-493829,OCMS-863036,PM-9993975,synthetic_direct_mapping,0.978
PAI-02113,PRJ-336820,OCMS-118316,PM-5280950,synthetic_direct_mapping,0.965
PAI-02114,PRJ-615759,OCMS-918343,PM-6377867,synthetic_direct_mapping,0.988
PAI-02115,PRJ-395212,OCMS-326248,PM-8769685,synthetic_direct_mapping,0.995
PAI-02116,PRJ-257419,OCMS-740967,PM-3958351,synthetic_direct_mapping,0.998
PAI-02117,PRJ-489541,OCMS-538314,PM-3075105,synthetic_direct_mapping,0.975
PAI-02118,PRJ-942116,OCMS-527204,PM-6019608,synthetic_direct_mapping,0.971
PAI-02119,PRJ-158931,OCMS-813749,PM-4493689,synthetic_direct_mapping,0.942
PAI-02120,PRJ-514520,OCMS-974999,PM-6576517,synthetic_direct_mapping,0.957
PAI-02121,PRJ-987423,OCMS-710380,PM-3725536,synthetic_direct_mapping,0.969
PAI-02122,PRJ-236675,OCMS-760435,PM-3011495,synthetic_direct_mapping,0.954
PAI-02123,PRJ-645291,OCMS-249824,PM-2072597,synthetic_direct_mapping,0.975
PAI-02124,PRJ-826878,OCMS-825292,PM-6980280,synthetic_direct_mapping,0.978
PAI-02125,PRJ-512071,OCMS-276324,PM-7677757,synthetic_direct_mapping,0.985
PAI-02126,PRJ-671971,OCMS-484645,PM-3765833,synthetic_direct_mapping,0.997
PAI-02127,PRJ-304424,OCMS-628637,PM-1773731,synthetic_direct_mapping,0.942
PAI-02128,PRJ-949293,OCMS-404355,PM-1048079,synthetic_direct_mapping,0.966
PAI-02129,PRJ-514822,OCMS-657387,PM-7280040,synthetic_direct_mapping,0.976
PAI-02130,PRJ-563958,OCMS-407843,PM-9577371,synthetic_direct_mapping,0.979
PAI-02131,PRJ-305511,OCMS-995922,PM-1972125,synthetic_direct_mapping,0.944
PAI-02132,PRJ-657611,OCMS-796140,PM-1434848,synthetic_direct_mapping,0.96
PAI-02133,PRJ-398388,OCMS-136083,PM-2762826,synthetic_direct_mapping,0.971
PAI-02134,PRJ-540622,OCMS-993306,PM-8828918,synthetic_direct_mapping,0.984
PAI-02135,PRJ-406585,OCMS-478654,PM-5216095,synthetic_direct_mapping,0.978
PAI-02136,PRJ-486269,OCMS-938171,PM-1265687,synthetic_direct_mapping,0.946
PAI-02137,PRJ-427097,OCMS-141969,PM-7929279,synthetic_direct_mapping,0.953
PAI-02138,PRJ-472332,OCMS-111768,PM-3060207,synthetic_direct_mapping,0.947
PAI-02139,PRJ-671577,OCMS-271915,PM-1344199,synthetic_direct_mapping,0.982
PAI-02140,PRJ-703264,OCMS-740465,PM-8591332,synthetic_direct_mapping,0.972
PAI-02141,PRJ-244221,OCMS-188319,PM-5592523,synthetic_direct_mapping,0.962
PAI-02142,PRJ-296200,OCMS-462123,PM-8090512,synthetic_direct_mapping,0.96
PAI-02143,PRJ-434140,OCMS-488876,PM-6336816,synthetic_direct_mapping,0.989
PAI-02144,PRJ-596064,OCMS-512298,PM-7913052,synthetic_direct_mapping,0.946
PAI-02145,PRJ-898506,OCMS-115831,PM-5093282,synthetic_direct_mapping,0.976
PAI-02146,PRJ-688621,OCMS-901218,PM-7421301,synthetic_direct_mapping,0.958
PAI-02147,PRJ-465266,OCMS-461468,PM-5469909,synthetic_direct_mapping,0.99
PAI-02148,PRJ-412290,OCMS-978537,PM-5584360,synthetic_direct_mapping,0.973
PAI-02149,PRJ-257619,OCMS-714585,PM-9631725,synthetic_direct_mapping,0.994
PAI-02150,PRJ-926482,OCMS-587049,PM-8407761,synthetic_direct_mapping,0.961
PAI-02151,PRJ-848539,OCMS-914141,PM-9572031,synthetic_direct_mapping,0.995
PAI-02152,PRJ-349536,OCMS-637186,PM-3322103,synthetic_direct_mapping,0.992
PAI-02153,PRJ-174444,OCMS-789799,PM-3737664,synthetic_direct_mapping,0.964
PAI-02154,PRJ-334022,OCMS-864292,PM-1306793,synthetic_direct_mapping,0.991
PAI-02155,PRJ-506683,OCMS-456698,PM-7149760,synthetic_direct_mapping,0.96
PAI-02156,PRJ-202798,OCMS-954873,PM-9915791,synthetic_direct_mapping,0.986
PAI-02157,PRJ-618637,OCMS-948242,PM-6488783,synthetic_direct_mapping,0.956
PAI-02158,PRJ-572182,OCMS-542014,PM-3666043,synthetic_direct_mapping,0.95
PAI-02159,PRJ-340998,OCMS-311261,PM-8670395,synthetic_direct_mapping,0.946
PAI-02160,PRJ-255756,OCMS-348629,PM-7625554,synthetic_direct_mapping,0.949
PAI-02161,PRJ-280729,OCMS-585387,PM-8952930,synthetic_direct_mapping,0.965
PAI-02162,PRJ-898126,OCMS-479913,PM-8239055,synthetic_direct_mapping,0.979
PAI-02163,PRJ-150555,OCMS-725374,PM-8308749,synthetic_direct_mapping,0.997
PAI-02164,PRJ-903672,OCMS-619738,PM-4083659,synthetic_direct_mapping,0.99
PAI-02165,PRJ-475540,OCMS-946764,PM-8528621,synthetic_direct_mapping,0.981
PAI-02166,PRJ-529967,OCMS-677562,PM-2485221,synthetic_direct_mapping,0.995
PAI-02167,PRJ-224079,OCMS-676303,PM-2839323,synthetic_direct_mapping,0.944
PAI-02168,PRJ-451445,OCMS-868516,PM-2234661,synthetic_direct_mapping,0.962
PAI-02169,PRJ-507099,OCMS-598483,PM-7735493,synthetic_direct_mapping,0.969
PAI-02170,PRJ-654951,OCMS-115632,PM-5580901,synthetic_direct_mapping,0.969
PAI-02171,PRJ-975642,OCMS-901620,PM-6372118,synthetic_direct_mapping,0.949
PAI-02172,PRJ-151752,OCMS-161816,PM-4333511,synthetic_direct_mapping,0.96
PAI-02173,PRJ-282889,OCMS-177900,PM-2157506,synthetic_direct_mapping,0.966
PAI-02174,PRJ-183357,OCMS-259576,PM-1709432,synthetic_direct_mapping,0.978
PAI-02175,PRJ-134281,OCMS-304364,PM-7732339,synthetic_direct_mapping,0.983
PAI-02176,PRJ-971917,OCMS-670802,PM-2596805,synthetic_direct_mapping,0.942
PAI-02177,PRJ-992628,OCMS-624118,PM-4192753,synthetic_direct_mapping,0.948
PAI-02178,PRJ-129353,OCMS-909642,PM-9632116,synthetic_direct_mapping,0.94
PAI-02179,PRJ-699455,OCMS-800895,PM-4447287,synthetic_direct_mapping,0.992
PAI-02180,PRJ-681060,OCMS-194617,PM-9439064,synthetic_direct_mapping,0.966
PAI-02181,PRJ-951098,OCMS-330815,PM-3001856,synthetic_direct_mapping,0.953
PAI-02182,PRJ-384699,OCMS-884159,PM-7188658,synthetic_direct_mapping,0.968
PAI-02183,PRJ-359125,OCMS-859914,PM-2699991,synthetic_direct_mapping,0.986
PAI-02184,PRJ-835863,OCMS-391816,PM-5381865,synthetic_direct_mapping,0.964
PAI-02185,PRJ-163851,OCMS-314897,PM-6193462,synthetic_direct_mapping,0.947
PAI-02186,PRJ-518167,OCMS-207910,PM-9568124,synthetic_direct_mapping,0.998
PAI-02187,PRJ-431968,OCMS-218443,PM-7961523,synthetic_direct_mapping,0.942
PAI-02188,PRJ-190761,OCMS-365286,PM-5982521,synthetic_direct_mapping,0.954
PAI-02189,PRJ-222328,OCMS-555913,PM-8830709,synthetic_direct_mapping,0.944
PAI-02190,PRJ-438240,OCMS-794713,PM-3960945,synthetic_direct_mapping,0.941
PAI-02191,PRJ-292036,OCMS-931170,PM-2339014,synthetic_direct_mapping,0.988
PAI-02192,PRJ-967949,OCMS-309368,PM-7186610,synthetic_direct_mapping,0.958
PAI-02193,PRJ-182599,OCMS-414821,PM-3872341,synthetic_direct_mapping,0.976
PAI-02194,PRJ-811868,OCMS-607806,PM-2618088,synthetic_direct_mapping,0.947
PAI-02195,PRJ-206780,OCMS-712034,PM-9836185,synthetic_direct_mapping,0.956
PAI-02196,PRJ-127619,OCMS-511848,PM-1102329,synthetic_direct_mapping,0.963
PAI-02197,PRJ-206339,OCMS-913584,PM-6926063,synthetic_direct_mapping,0.975
PAI-02198,PRJ-384171,OCMS-178565,PM-2586437,synthetic_direct_mapping,0.961
PAI-02199,PRJ-139162,OCMS-260681,PM-4458377,synthetic_direct_mapping,0.98
PAI-02200,PRJ-238523,OCMS-670731,PM-6548783,synthetic_direct_mapping,0.995
PAI-02201,PRJ-405625,OCMS-776095,PM-6325223,synthetic_direct_mapping,0.943
PAI-02202,PRJ-124682,OCMS-873744,PM-3055308,synthetic_direct_mapping,0.953
PAI-02203,PRJ-442812,OCMS-736281,PM-6961438,synthetic_direct_mapping,0.956
PAI-02204,PRJ-641889,OCMS-787227,PM-7060530,synthetic_direct_mapping,0.976
PAI-02205,PRJ-817314,OCMS-565939,PM-9202862,synthetic_direct_mapping,0.99
PAI-02206,PRJ-299772,OCMS-388271,PM-5278792,synthetic_direct_mapping,0.961
PAI-02207,PRJ-166467,OCMS-729544,PM-6250929,synthetic_direct_mapping,0.972
PAI-02208,PRJ-768756,OCMS-694224,PM-1646546,synthetic_direct_mapping,0.961
PAI-02209,PRJ-880462,OCMS-824487,PM-2809764,synthetic_direct_mapping,0.963
PAI-02210,PRJ-354170,OCMS-146211,PM-8330521,synthetic_direct_mapping,0.955
PAI-02211,PRJ-100479,OCMS-624819,PM-1405579,synthetic_direct_mapping,0.97
PAI-02212,PRJ-561519,OCMS-459554,PM-5925781,synthetic_direct_mapping,0.942
PAI-02213,PRJ-682499,OCMS-749400,PM-8593631,synthetic_direct_mapping,0.946
PAI-02214,PRJ-794009,OCMS-859539,PM-9849211,synthetic_direct_mapping,0.967
PAI-02215,PRJ-751324,OCMS-760249,PM-9944071,synthetic_direct_mapping,0.954
PAI-02216,PRJ-335735,OCMS-214132,PM-7258140,synthetic_direct_mapping,0.97
PAI-02217,PRJ-350591,OCMS-358230,PM-6199499,synthetic_direct_mapping,0.956
PAI-02218,PRJ-746590,OCMS-972898,PM-1591541,synthetic_direct_mapping,0.98
PAI-02219,PRJ-489505,OCMS-141423,PM-9512583,synthetic_direct_mapping,0.977
PAI-02220,PRJ-568690,OCMS-122892,PM-4953381,synthetic_direct_mapping,0.981
PAI-02221,PRJ-369386,OCMS-301787,PM-8155237,synthetic_direct_mapping,0.949
PAI-02222,PRJ-919321,OCMS-276882,PM-1566397,synthetic_direct_mapping,0.968
PAI-02223,PRJ-704623,OCMS-535853,PM-9483810,synthetic_direct_mapping,0.979
PAI-02224,PRJ-285415,OCMS-276295,PM-6812698,synthetic_direct_mapping,0.965
PAI-02225,PRJ-392791,OCMS-298497,PM-5376342,synthetic_direct_mapping,0.964
PAI-02226,PRJ-990406,OCMS-181069,PM-5055638,synthetic_direct_mapping,0.991
PAI-02227,PRJ-723024,OCMS-702760,PM-1785694,synthetic_direct_mapping,0.957
PAI-02228,PRJ-672195,OCMS-597755,PM-2199531,synthetic_direct_mapping,0.989
PAI-02229,PRJ-562623,OCMS-276690,PM-5918409,synthetic_direct_mapping,0.965
PAI-02230,PRJ-695668,OCMS-358896,PM-2934322,synthetic_direct_mapping,0.957
PAI-02231,PRJ-613772,OCMS-243032,PM-3714141,synthetic_direct_mapping,0.986
PAI-02232,PRJ-852665,OCMS-561488,PM-4202353,synthetic_direct_mapping,0.968
PAI-02233,PRJ-801788,OCMS-338582,PM-4784912,synthetic_direct_mapping,0.968
PAI-02234,PRJ-741316,OCMS-181734,PM-5007494,synthetic_direct_mapping,0.978
PAI-02235,PRJ-865558,OCMS-284121,PM-2283527,synthetic_direct_mapping,0.973
PAI-02236,PRJ-942163,OCMS-592916,PM-2467464,synthetic_direct_mapping,0.986
PAI-02237,PRJ-842562,OCMS-955297,PM-1747362,synthetic_direct_mapping,0.976
PAI-02238,PRJ-409353,OCMS-563007,PM-7667274,synthetic_direct_mapping,0.964
PAI-02239,PRJ-648470,OCMS-292134,PM-6167028,synthetic_direct_mapping,0.987
PAI-02240,PRJ-191264,OCMS-939059,PM-7851085,synthetic_direct_mapping,0.985
PAI-02241,PRJ-699985,OCMS-198816,PM-4949579,synthetic_direct_mapping,0.974
PAI-02242,PRJ-213161,OCMS-438237,PM-3648753,synthetic_direct_mapping,0.945
PAI-02243,PRJ-642626,OCMS-753668,PM-4325818,synthetic_direct_mapping,0.982
PAI-02244,PRJ-764982,OCMS-588178,PM-6068207,synthetic_direct_mapping,0.991
PAI-02245,PRJ-967161,OCMS-284394,PM-2167232,synthetic_direct_mapping,0.955
PAI-02246,PRJ-899256,OCMS-600067,PM-7874058,synthetic_direct_mapping,0.957
PAI-02247,PRJ-588150,OCMS-455216,PM-3027636,synthetic_direct_mapping,0.985
PAI-02248,PRJ-427786,OCMS-488677,PM-2111602,synthetic_direct_mapping,0.96
PAI-02249,PRJ-282444,OCMS-957718,PM-3483633,synthetic_direct_mapping,0.986
PAI-02250,PRJ-247132,OCMS-718391,PM-2244804,synthetic_direct_mapping,0.948
PAI-02251,PRJ-302011,OCMS-482182,PM-6913952,synthetic_direct_mapping,0.979
PAI-02252,PRJ-380053,OCMS-678488,PM-2986636,synthetic_direct_mapping,0.966
PAI-02253,PRJ-810656,OCMS-926919,PM-6297522,synthetic_direct_mapping,0.979
PAI-02254,PRJ-556655,OCMS-791188,PM-8945140,synthetic_direct_mapping,0.992
PAI-02255,PRJ-351183,OCMS-792204,PM-1006652,synthetic_direct_mapping,0.988
PAI-02256,PRJ-791082,OCMS-169486,PM-2317567,synthetic_direct_mapping,0.94
PAI-02257,PRJ-391769,OCMS-697321,PM-1794744,synthetic_direct_mapping,0.983
PAI-02258,PRJ-917882,OCMS-148123,PM-1787333,synthetic_direct_mapping,0.94
PAI-02259,PRJ-127078,OCMS-697206,PM-2676041,synthetic_direct_mapping,0.958
PAI-02260,PRJ-730501,OCMS-470075,PM-2311319,synthetic_direct_mapping,0.994
PAI-02261,PRJ-708241,OCMS-650125,PM-6264157,synthetic_direct_mapping,0.989
PAI-02262,PRJ-778948,OCMS-399602,PM-8137616,synthetic_direct_mapping,0.998
PAI-02263,PRJ-373402,OCMS-551625,PM-2470782,synthetic_direct_mapping,0.964
PAI-02264,PRJ-528235,OCMS-957467,PM-8779926,synthetic_direct_mapping,0.963
PAI-02265,PRJ-472088,OCMS-609784,PM-1569349,synthetic_direct_mapping,0.956
PAI-02266,PRJ-719716,OCMS-560200,PM-5546322,synthetic_direct_mapping,0.947
PAI-02267,PRJ-156577,OCMS-704073,PM-9750188,synthetic_direct_mapping,0.991
PAI-02268,PRJ-368452,OCMS-245386,PM-5295576,synthetic_direct_mapping,0.983
PAI-02269,PRJ-902849,OCMS-760683,PM-7065002,synthetic_direct_mapping,0.942
PAI-02270,PRJ-525791,OCMS-139876,PM-7907872,synthetic_direct_mapping,0.998
PAI-02271,PRJ-203269,OCMS-448982,PM-1625681,synthetic_direct_mapping,0.974
PAI-02272,PRJ-170836,OCMS-137644,PM-6668085,synthetic_direct_mapping,0.983
PAI-02273,PRJ-345209,OCMS-994324,PM-2616854,synthetic_direct_mapping,0.976
PAI-02274,PRJ-462018,OCMS-309798,PM-8720612,synthetic_direct_mapping,0.942
PAI-02275,PRJ-627170,OCMS-649165,PM-3411696,synthetic_direct_mapping,0.99
PAI-02276,PRJ-663269,OCMS-381543,PM-9098514,synthetic_direct_mapping,0.965
PAI-02277,PRJ-441615,OCMS-864058,PM-5895124,synthetic_direct_mapping,0.967
PAI-02278,PRJ-109770,OCMS-943039,PM-2809960,synthetic_direct_mapping,0.988
PAI-02279,PRJ-165791,OCMS-476175,PM-4032510,synthetic_direct_mapping,0.994
PAI-02280,PRJ-885171,OCMS-970050,PM-4685636,synthetic_direct_mapping,0.957
PAI-02281,PRJ-990953,OCMS-246963,PM-9306802,synthetic_direct_mapping,0.957
PAI-02282,PRJ-397015,OCMS-684308,PM-1651201,synthetic_direct_mapping,0.953
PAI-02283,PRJ-975551,OCMS-522852,PM-7599379,synthetic_direct_mapping,0.942
PAI-02284,PRJ-753014,OCMS-109442,PM-3779206,synthetic_direct_mapping,0.942
PAI-02285,PRJ-614727,OCMS-275001,PM-9957209,synthetic_direct_mapping,0.941
PAI-02286,PRJ-454502,OCMS-143530,PM-1530064,synthetic_direct_mapping,0.987
PAI-02287,PRJ-941966,OCMS-881332,PM-3555685,synthetic_direct_mapping,0.969
PAI-02288,PRJ-471036,OCMS-302494,PM-3269236,synthetic_direct_mapping,0.965
PAI-02289,PRJ-222392,OCMS-388696,PM-5162131,synthetic_direct_mapping,0.949
PAI-02290,PRJ-618449,OCMS-835797,PM-9604151,synthetic_direct_mapping,0.998
PAI-02291,PRJ-467610,OCMS-571719,PM-5502972,synthetic_direct_mapping,0.956
PAI-02292,PRJ-124991,OCMS-712244,PM-9712126,synthetic_direct_mapping,0.946
PAI-02293,PRJ-397156,OCMS-657918,PM-2014307,synthetic_direct_mapping,0.959
PAI-02294,PRJ-590013,OCMS-668618,PM-1082246,synthetic_direct_mapping,0.947
PAI-02295,PRJ-665323,OCMS-474701,PM-7787347,synthetic_direct_mapping,0.961
PAI-02296,PRJ-955113,OCMS-838661,PM-4556839,synthetic_direct_mapping,0.99
PAI-02297,PRJ-765592,OCMS-259375,PM-4239842,synthetic_direct_mapping,0.974
PAI-02298,PRJ-157170,OCMS-527209,PM-4288482,synthetic_direct_mapping,0.949
PAI-02299,PRJ-553187,OCMS-710803,PM-4774249,synthetic_direct_mapping,0.995
PAI-02300,PRJ-566775,OCMS-684662,PM-3399194,synthetic_direct_mapping,0.99
PAI-02301,PRJ-639557,OCMS-583139,PM-4632841,synthetic_direct_mapping,0.943
PAI-02302,PRJ-998451,OCMS-733818,PM-8810321,synthetic_direct_mapping,0.985
PAI-02303,PRJ-334111,OCMS-462853,PM-9682599,synthetic_direct_mapping,0.983
PAI-02304,PRJ-442110,OCMS-358865,PM-9346245,synthetic_direct_mapping,0.991
PAI-02305,PRJ-597486,OCMS-502228,PM-2639827,synthetic_direct_mapping,0.98
PAI-02306,PRJ-238106,OCMS-395880,PM-8822186,synthetic_direct_mapping,0.953
PAI-02307,PRJ-292277,OCMS-544242,PM-6258052,synthetic_direct_mapping,0.976
PAI-02308,PRJ-125668,OCMS-213382,PM-2093495,synthetic_direct_mapping,0.959
PAI-02309,PRJ-171292,OCMS-165133,PM-9434634,synthetic_direct_mapping,0.947
PAI-02310,PRJ-739717,OCMS-403914,PM-9195645,synthetic_direct_mapping,0.944
PAI-02311,PRJ-787396,OCMS-321518,PM-8116005,synthetic_direct_mapping,0.941
PAI-02312,PRJ-356031,OCMS-268446,PM-3106378,synthetic_direct_mapping,0.988
PAI-02313,PRJ-566295,OCMS-792651,PM-9147916,synthetic_direct_mapping,0.989
PAI-02314,PRJ-553022,OCMS-828841,PM-3245896,synthetic_direct_mapping,0.946
PAI-02315,PRJ-406929,OCMS-515483,PM-4374491,synthetic_direct_mapping,0.955
PAI-02316,PRJ-851476,OCMS-140724,PM-3035208,synthetic_direct_mapping,0.981
PAI-02317,PRJ-648726,OCMS-890259,PM-7557880,synthetic_direct_mapping,0.951
PAI-02318,PRJ-952474,OCMS-470406,PM-1445266,synthetic_direct_mapping,0.963
PAI-02319,PRJ-395620,OCMS-418518,PM-8872765,synthetic_direct_mapping,0.955
PAI-02320,PRJ-789834,OCMS-707870,PM-2152708,synthetic_direct_mapping,0.971
PAI-02321,PRJ-427715,OCMS-755806,PM-3077101,synthetic_direct_mapping,0.955
PAI-02322,PRJ-347058,OCMS-424756,PM-4168461,synthetic_direct_mapping,0.968
PAI-02323,PRJ-590543,OCMS-508291,PM-7346073,synthetic_direct_mapping,0.952
PAI-02324,PRJ-710580,OCMS-166402,PM-2516036,synthetic_direct_mapping,0.989
PAI-02325,PRJ-746347,OCMS-955794,PM-3478244,synthetic_direct_mapping,0.981
PAI-02326,PRJ-107920,OCMS-967754,PM-3507727,synthetic_direct_mapping,0.965
PAI-02327,PRJ-356409,OCMS-671509,PM-2612390,synthetic_direct_mapping,0.988
PAI-02328,PRJ-623971,OCMS-959895,PM-5140904,synthetic_direct_mapping,0.958
PAI-02329,PRJ-859963,OCMS-828156,PM-7107687,synthetic_direct_mapping,0.988
PAI-02330,PRJ-164138,OCMS-439570,PM-4254535,synthetic_direct_mapping,0.977
PAI-02331,PRJ-208910,OCMS-199151,PM-7984627,synthetic_direct_mapping,0.998
PAI-02332,PRJ-390654,OCMS-214379,PM-7257020,synthetic_direct_mapping,0.957
PAI-02333,PRJ-594283,OCMS-151600,PM-3002302,synthetic_direct_mapping,0.993
PAI-02334,PRJ-590026,OCMS-166705,PM-3574239,synthetic_direct_mapping,0.953
PAI-02335,PRJ-406876,OCMS-899073,PM-3014662,synthetic_direct_mapping,0.944
PAI-02336,PRJ-934011,OCMS-135826,PM-9133610,synthetic_direct_mapping,0.972
PAI-02337,PRJ-994968,OCMS-927693,PM-1795014,synthetic_direct_mapping,0.961
PAI-02338,PRJ-176901,OCMS-595120,PM-4420790,synthetic_direct_mapping,0.944
PAI-02339,PRJ-283526,OCMS-196012,PM-3874632,synthetic_direct_mapping,0.982
PAI-02340,PRJ-223668,OCMS-160146,PM-6257716,synthetic_direct_mapping,0.984
PAI-02341,PRJ-902465,OCMS-121128,PM-3581121,synthetic_direct_mapping,0.979
PAI-02342,PRJ-478398,OCMS-487285,PM-3926838,synthetic_direct_mapping,0.985
PAI-02343,PRJ-687863,OCMS-661163,PM-9827370,synthetic_direct_mapping,0.967
PAI-02344,PRJ-163472,OCMS-310363,PM-1435368,synthetic_direct_mapping,0.994
PAI-02345,PRJ-689191,OCMS-965042,PM-9016344,synthetic_direct_mapping,0.999
PAI-02346,PRJ-316293,OCMS-806802,PM-7740451,synthetic_direct_mapping,0.984
PAI-02347,PRJ-410940,OCMS-346209,PM-9889293,synthetic_direct_mapping,0.945
PAI-02348,PRJ-446404,OCMS-508757,PM-5302791,synthetic_direct_mapping,0.967
PAI-02349,PRJ-990617,OCMS-496628,PM-6896606,synthetic_direct_mapping,0.949
PAI-02350,PRJ-241993,OCMS-906003,PM-9435664,synthetic_direct_mapping,0.956
PAI-02351,PRJ-732819,OCMS-717995,PM-8693981,synthetic_direct_mapping,0.96
PAI-02352,PRJ-969130,OCMS-258447,PM-9474635,synthetic_direct_mapping,0.98
PAI-02353,PRJ-720107,OCMS-478861,PM-4164567,synthetic_direct_mapping,0.962
PAI-02354,PRJ-670397,OCMS-655722,PM-7642597,synthetic_direct_mapping,0.99
PAI-02355,PRJ-100888,OCMS-313207,PM-6034126,synthetic_direct_mapping,0.978
PAI-02356,PRJ-734530,OCMS-738784,PM-5511426,synthetic_direct_mapping,0.949
PAI-02357,PRJ-827664,OCMS-417004,PM-6069243,synthetic_direct_mapping,0.999
PAI-02358,PRJ-982044,OCMS-927943,PM-6504721,synthetic_direct_mapping,0.981
PAI-02359,PRJ-405326,OCMS-772108,PM-9671333,synthetic_direct_mapping,0.986
PAI-02360,PRJ-403189,OCMS-742951,PM-1758773,synthetic_direct_mapping,0.998
PAI-02361,PRJ-511394,OCMS-576427,PM-6302533,synthetic_direct_mapping,0.96
PAI-02362,PRJ-786191,OCMS-701713,PM-5565792,synthetic_direct_mapping,0.94
PAI-02363,PRJ-352629,OCMS-868878,PM-2012111,synthetic_direct_mapping,0.95
PAI-02364,PRJ-502424,OCMS-882023,PM-7806955,synthetic_direct_mapping,0.998
PAI-02365,PRJ-616866,OCMS-466724,PM-1943281,synthetic_direct_mapping,0.965
PAI-02366,PRJ-447886,OCMS-507135,PM-6261561,synthetic_direct_mapping,0.991
PAI-02367,PRJ-397506,OCMS-990770,PM-8480029,synthetic_direct_mapping,0.959
PAI-02368,PRJ-778466,OCMS-479323,PM-9093882,synthetic_direct_mapping,0.954
PAI-02369,PRJ-659789,OCMS-334165,PM-2239855,synthetic_direct_mapping,0.975
PAI-02370,PRJ-499837,OCMS-253821,PM-7117697,synthetic_direct_mapping,0.975
PAI-02371,PRJ-213038,OCMS-813344,PM-5077665,synthetic_direct_mapping,0.95
PAI-02372,PRJ-921251,OCMS-949982,PM-3548869,synthetic_direct_mapping,0.966
PAI-02373,PRJ-376227,OCMS-237222,PM-4821438,synthetic_direct_mapping,0.987
PAI-02374,PRJ-734672,OCMS-206876,PM-4943063,synthetic_direct_mapping,0.97
PAI-02375,PRJ-132945,OCMS-477628,PM-9252054,synthetic_direct_mapping,0.964
PAI-02376,PRJ-132924,OCMS-983178,PM-9662836,synthetic_direct_mapping,0.964
PAI-02377,PRJ-516273,OCMS-501311,PM-3414729,synthetic_direct_mapping,0.945
PAI-02378,PRJ-696267,OCMS-791776,PM-3040962,synthetic_direct_mapping,0.97
PAI-02379,PRJ-665819,OCMS-549720,PM-1456900,synthetic_direct_mapping,0.955
PAI-02380,PRJ-543885,OCMS-247972,PM-2483318,synthetic_direct_mapping,0.964
PAI-02381,PRJ-762332,OCMS-426163,PM-1704278,synthetic_direct_mapping,0.978
PAI-02382,PRJ-293851,OCMS-715495,PM-4147630,synthetic_direct_mapping,0.972
PAI-02383,PRJ-609420,OCMS-564263,PM-4875585,synthetic_direct_mapping,0.963
PAI-02384,PRJ-440859,OCMS-914978,PM-1178505,synthetic_direct_mapping,0.976
PAI-02385,PRJ-239125,OCMS-599532,PM-1640302,synthetic_direct_mapping,0.952
PAI-02386,PRJ-697323,OCMS-820461,PM-9650096,synthetic_direct_mapping,0.995
PAI-02387,PRJ-208897,OCMS-828772,PM-7150042,synthetic_direct_mapping,0.98
PAI-02388,PRJ-124891,OCMS-333760,PM-8604746,synthetic_direct_mapping,0.948
PAI-02389,PRJ-841711,OCMS-439858,PM-6585672,synthetic_direct_mapping,0.951
PAI-02390,PRJ-746612,OCMS-403555,PM-2992789,synthetic_direct_mapping,0.994
PAI-02391,PRJ-539472,OCMS-630467,PM-3595459,synthetic_direct_mapping,0.973
PAI-02392,PRJ-825403,OCMS-383737,PM-4910144,synthetic_direct_mapping,0.969
PAI-02393,PRJ-868797,OCMS-473370,PM-2392773,synthetic_direct_mapping,0.96
PAI-02394,PRJ-350898,OCMS-628977,PM-4056627,synthetic_direct_mapping,0.979
PAI-02395,PRJ-577935,OCMS-323994,PM-5234928,synthetic_direct_mapping,0.963
PAI-02396,PRJ-535219,OCMS-933596,PM-8645304,synthetic_direct_mapping,0.992
PAI-02397,PRJ-260158,OCMS-929797,PM-7631193,synthetic_direct_mapping,0.974
PAI-02398,PRJ-578677,OCMS-265493,PM-8538615,synthetic_direct_mapping,0.994
PAI-02399,PRJ-478887,OCMS-727889,PM-8551495,synthetic_direct_mapping,0.958
PAI-02400,PRJ-287010,OCMS-236136,PM-8200057,synthetic_direct_mapping,0.992
PAI-02401,PRJ-230662,OCMS-361354,PM-4943993,synthetic_direct_mapping,0.957
PAI-02402,PRJ-334697,OCMS-407512,PM-7750322,synthetic_direct_mapping,0.957
PAI-02403,PRJ-942533,OCMS-195397,PM-1329640,synthetic_direct_mapping,0.99
PAI-02404,PRJ-103636,OCMS-610917,PM-1265957,synthetic_direct_mapping,0.949
PAI-02405,PRJ-655655,OCMS-143138,PM-9423215,synthetic_direct_mapping,0.992
PAI-02406,PRJ-553311,OCMS-697484,PM-2040332,synthetic_direct_mapping,0.962
PAI-02407,PRJ-744952,OCMS-384631,PM-7200651,synthetic_direct_mapping,0.969
PAI-02408,PRJ-611114,OCMS-570905,PM-5448730,synthetic_direct_mapping,0.942
PAI-02409,PRJ-299499,OCMS-819913,PM-3738139,synthetic_direct_mapping,0.984
PAI-02410,PRJ-225019,OCMS-177209,PM-1417748,synthetic_direct_mapping,0.978
PAI-02411,PRJ-135365,OCMS-317174,PM-8038472,synthetic_direct_mapping,0.973
PAI-02412,PRJ-449726,OCMS-823726,PM-1372796,synthetic_direct_mapping,0.954
PAI-02413,PRJ-655481,OCMS-826830,PM-4662379,synthetic_direct_mapping,0.979
PAI-02414,PRJ-418488,OCMS-831024,PM-3024737,synthetic_direct_mapping,0.968
PAI-02415,PRJ-971450,OCMS-256458,PM-4842285,synthetic_direct_mapping,0.986
PAI-02416,PRJ-165465,OCMS-574091,PM-2144930,synthetic_direct_mapping,0.944
PAI-02417,PRJ-450214,OCMS-204424,PM-2202549,synthetic_direct_mapping,0.974
PAI-02418,PRJ-788128,OCMS-791560,PM-8835007,synthetic_direct_mapping,0.974
PAI-02419,PRJ-397366,OCMS-687707,PM-6221142,synthetic_direct_mapping,0.954
PAI-02420,PRJ-847260,OCMS-456518,PM-4882308,synthetic_direct_mapping,0.961
PAI-02421,PRJ-982223,OCMS-772510,PM-1124504,synthetic_direct_mapping,0.971
PAI-02422,PRJ-973011,OCMS-874941,PM-9795992,synthetic_direct_mapping,0.956
PAI-02423,PRJ-893035,OCMS-280064,PM-3715437,synthetic_direct_mapping,0.988
PAI-02424,PRJ-490961,OCMS-486659,PM-6741841,synthetic_direct_mapping,0.948
PAI-02425,PRJ-132263,OCMS-331806,PM-2458012,synthetic_direct_mapping,0.994
PAI-02426,PRJ-853222,OCMS-754143,PM-6533259,synthetic_direct_mapping,0.978
PAI-02427,PRJ-188264,OCMS-390157,PM-4425348,synthetic_direct_mapping,0.978
PAI-02428,PRJ-810707,OCMS-718559,PM-2416080,synthetic_direct_mapping,0.959
PAI-02429,PRJ-243097,OCMS-488706,PM-5741401,synthetic_direct_mapping,0.975
PAI-02430,PRJ-784768,OCMS-546437,PM-4268983,synthetic_direct_mapping,0.942
PAI-02431,PRJ-150288,OCMS-518463,PM-6799004,synthetic_direct_mapping,0.959
PAI-02432,PRJ-141936,OCMS-230449,PM-5836356,synthetic_direct_mapping,0.946
PAI-02433,PRJ-797669,OCMS-295270,PM-1603735,synthetic_direct_mapping,0.952
PAI-02434,PRJ-215085,OCMS-178272,PM-9797900,synthetic_direct_mapping,0.969
PAI-02435,PRJ-460041,OCMS-468046,PM-6853021,synthetic_direct_mapping,0.998
PAI-02436,PRJ-129625,OCMS-422015,PM-6325078,synthetic_direct_mapping,0.985
PAI-02437,PRJ-944693,OCMS-483651,PM-2820812,synthetic_direct_mapping,0.994
PAI-02438,PRJ-987350,OCMS-807784,PM-3463633,synthetic_direct_mapping,0.961
PAI-02439,PRJ-302503,OCMS-285379,PM-6830793,synthetic_direct_mapping,0.971
PAI-02440,PRJ-271602,OCMS-659974,PM-5870193,synthetic_direct_mapping,0.96
PAI-02441,PRJ-492575,OCMS-783922,PM-1001270,synthetic_direct_mapping,0.99
PAI-02442,PRJ-990822,OCMS-373195,PM-9707981,synthetic_direct_mapping,0.956
PAI-02443,PRJ-529131,OCMS-537052,PM-6247200,synthetic_direct_mapping,0.968
PAI-02444,PRJ-482545,OCMS-629220,PM-5708931,synthetic_direct_mapping,0.959
PAI-02445,PRJ-104955,OCMS-157112,PM-7543282,synthetic_direct_mapping,0.954
PAI-02446,PRJ-270900,OCMS-224663,PM-9840370,synthetic_direct_mapping,0.975
PAI-02447,PRJ-701506,OCMS-600881,PM-9156878,synthetic_direct_mapping,0.974
PAI-02448,PRJ-283513,OCMS-309870,PM-4920564,synthetic_direct_mapping,0.986
PAI-02449,PRJ-580742,OCMS-901607,PM-3990742,synthetic_direct_mapping,0.983
PAI-02450,PRJ-295596,OCMS-353624,PM-2461902,synthetic_direct_mapping,0.942
PAI-02451,PRJ-311497,OCMS-709383,PM-9432386,synthetic_direct_mapping,0.96
PAI-02452,PRJ-789546,OCMS-595058,PM-1127738,synthetic_direct_mapping,0.947
PAI-02453,PRJ-303317,OCMS-772123,PM-1631007,synthetic_direct_mapping,0.948
PAI-02454,PRJ-767028,OCMS-645318,PM-1354012,synthetic_direct_mapping,0.994
PAI-02455,PRJ-622440,OCMS-259194,PM-6630109,synthetic_direct_mapping,0.944
PAI-02456,PRJ-199998,OCMS-912503,PM-8657140,synthetic_direct_mapping,0.992
PAI-02457,PRJ-865235,OCMS-897504,PM-2379022,synthetic_direct_mapping,0.971
PAI-02458,PRJ-994248,OCMS-585852,PM-1086894,synthetic_direct_mapping,0.997
PAI-02459,PRJ-832660,OCMS-837433,PM-3325841,synthetic_direct_mapping,0.965
PAI-02460,PRJ-111241,OCMS-476313,PM-2009920,synthetic_direct_mapping,0.961
PAI-02461,PRJ-840842,OCMS-706395,PM-9558073,synthetic_direct_mapping,0.956
PAI-02462,PRJ-806501,OCMS-718381,PM-6376951,synthetic_direct_mapping,0.987
PAI-02463,PRJ-228659,OCMS-622422,PM-6017496,synthetic_direct_mapping,0.965
PAI-02464,PRJ-866312,OCMS-601617,PM-1864746,synthetic_direct_mapping,0.966
PAI-02465,PRJ-502318,OCMS-769374,PM-4508157,synthetic_direct_mapping,0.979
PAI-02466,PRJ-663457,OCMS-896455,PM-5294547,synthetic_direct_mapping,0.99
PAI-02467,PRJ-846577,OCMS-657400,PM-7798709,synthetic_direct_mapping,0.979
PAI-02468,PRJ-177253,OCMS-153202,PM-4361844,synthetic_direct_mapping,0.969
PAI-02469,PRJ-599759,OCMS-217690,PM-2465811,synthetic_direct_mapping,0.993
PAI-02470,PRJ-291195,OCMS-313471,PM-1162308,synthetic_direct_mapping,0.946
PAI-02471,PRJ-158845,OCMS-735094,PM-9248212,synthetic_direct_mapping,0.99
PAI-02472,PRJ-712431,OCMS-346850,PM-2549239,synthetic_direct_mapping,0.941
PAI-02473,PRJ-310428,OCMS-947142,PM-4225095,synthetic_direct_mapping,0.962
PAI-02474,PRJ-131496,OCMS-346056,PM-5316613,synthetic_direct_mapping,0.964
PAI-02475,PRJ-248410,OCMS-141654,PM-2353765,synthetic_direct_mapping,0.975
PAI-02476,PRJ-213684,OCMS-797674,PM-2467625,synthetic_direct_mapping,0.942
PAI-02477,PRJ-589595,OCMS-115038,PM-3473135,synthetic_direct_mapping,0.997
PAI-02478,PRJ-962860,OCMS-990357,PM-5372958,synthetic_direct_mapping,0.966
PAI-02479,PRJ-133919,OCMS-729371,PM-4482869,synthetic_direct_mapping,0.97
PAI-02480,PRJ-185187,OCMS-965494,PM-2778813,synthetic_direct_mapping,0.991
PAI-02481,PRJ-671654,OCMS-622774,PM-3872252,synthetic_direct_mapping,0.984
PAI-02482,PRJ-365419,OCMS-182154,PM-7340339,synthetic_direct_mapping,0.964
PAI-02483,PRJ-962232,OCMS-488746,PM-3786708,synthetic_direct_mapping,0.964
PAI-02484,PRJ-998960,OCMS-648571,PM-8367530,synthetic_direct_mapping,0.973
PAI-02485,PRJ-372065,OCMS-198190,PM-1708420,synthetic_direct_mapping,0.995
PAI-02486,PRJ-180427,OCMS-710825,PM-9123502,synthetic_direct_mapping,0.971
PAI-02487,PRJ-417063,OCMS-760651,PM-7306605,synthetic_direct_mapping,0.961
PAI-02488,PRJ-492604,OCMS-448021,PM-2645176,synthetic_direct_mapping,0.982
PAI-02489,PRJ-988384,OCMS-429859,PM-7808041,synthetic_direct_mapping,0.959
PAI-02490,PRJ-608896,OCMS-608091,PM-5623381,synthetic_direct_mapping,0.941
PAI-02491,PRJ-116408,OCMS-523346,PM-6563030,synthetic_direct_mapping,0.941
PAI-02492,PRJ-369436,OCMS-581763,PM-8896229,synthetic_direct_mapping,0.984
PAI-02493,PRJ-519746,OCMS-282017,PM-7630395,synthetic_direct_mapping,0.981
PAI-02494,PRJ-714586,OCMS-126805,PM-7366359,synthetic_direct_mapping,0.978
PAI-02495,PRJ-522848,OCMS-146960,PM-2604600,synthetic_direct_mapping,0.944
PAI-02496,PRJ-814770,OCMS-617446,PM-7287719,synthetic_direct_mapping,0.992
PAI-02497,PRJ-684296,OCMS-904833,PM-2262130,synthetic_direct_mapping,0.94
PAI-02498,PRJ-548220,OCMS-537401,PM-4671897,synthetic_direct_mapping,0.94
PAI-02499,PRJ-101145,OCMS-200236,PM-8345498,synthetic_direct_mapping,0.999
PAI-02500,PRJ-976062,OCMS-212560,PM-9369697,synthetic_direct_mapping,0.957
PAI-02501,PRJ-511463,OCMS-212877,PM-5699240,synthetic_direct_mapping,0.983
PAI-02502,PRJ-434994,OCMS-483489,PM-8868787,synthetic_direct_mapping,0.986
PAI-02503,PRJ-211584,OCMS-676785,PM-4870087,synthetic_direct_mapping,0.995
PAI-02504,PRJ-339930,OCMS-106203,PM-5745443,synthetic_direct_mapping,0.961
PAI-02505,PRJ-979680,OCMS-986518,PM-3957370,synthetic_direct_mapping,0.972
PAI-02506,PRJ-801150,OCMS-347977,PM-1286801,synthetic_direct_mapping,0.985
PAI-02507,PRJ-733505,OCMS-678635,PM-9417812,synthetic_direct_mapping,0.993
PAI-02508,PRJ-863942,OCMS-155102,PM-9683218,synthetic_direct_mapping,0.956
PAI-02509,PRJ-414909,OCMS-237874,PM-2313590,synthetic_direct_mapping,0.971
PAI-02510,PRJ-727645,OCMS-802338,PM-2911978,synthetic_direct_mapping,0.961
PAI-02511,PRJ-492918,OCMS-128861,PM-4538687,synthetic_direct_mapping,0.972
PAI-02512,PRJ-155013,OCMS-574671,PM-8658059,synthetic_direct_mapping,0.969
PAI-02513,PRJ-206843,OCMS-134999,PM-1863861,synthetic_direct_mapping,0.994
PAI-02514,PRJ-233004,OCMS-548702,PM-3164343,synthetic_direct_mapping,0.979
PAI-02515,PRJ-791927,OCMS-484250,PM-9556993,synthetic_direct_mapping,0.956
PAI-02516,PRJ-379840,OCMS-633235,PM-7558755,synthetic_direct_mapping,0.965
PAI-02517,PRJ-122443,OCMS-584055,PM-8174269,synthetic_direct_mapping,0.95
PAI-02518,PRJ-931855,OCMS-686763,PM-7089683,synthetic_direct_mapping,0.974
PAI-02519,PRJ-486667,OCMS-454088,PM-9238095,synthetic_direct_mapping,0.997
PAI-02520,PRJ-260249,OCMS-745275,PM-1003210,synthetic_direct_mapping,0.973
PAI-02521,PRJ-150343,OCMS-608515,PM-6978122,synthetic_direct_mapping,0.999
PAI-02522,PRJ-400407,OCMS-618258,PM-4433782,synthetic_direct_mapping,0.994
PAI-02523,PRJ-673859,OCMS-373332,PM-4460349,synthetic_direct_mapping,0.964
PAI-02524,PRJ-303976,OCMS-125696,PM-8412379,synthetic_direct_mapping,0.992
PAI-02525,PRJ-504775,OCMS-373812,PM-1009886,synthetic_direct_mapping,0.943
PAI-02526,PRJ-304588,OCMS-363087,PM-2040324,synthetic_direct_mapping,0.976
PAI-02527,PRJ-392073,OCMS-724617,PM-1115001,synthetic_direct_mapping,0.957
PAI-02528,PRJ-495200,OCMS-155766,PM-9804445,synthetic_direct_mapping,0.958
PAI-02529,PRJ-667007,OCMS-318462,PM-8658097,synthetic_direct_mapping,0.992
PAI-02530,PRJ-392113,OCMS-700526,PM-8195723,synthetic_direct_mapping,0.973
PAI-02531,PRJ-439837,OCMS-744634,PM-2025450,synthetic_direct_mapping,0.98
PAI-02532,PRJ-301517,OCMS-607027,PM-3440630,synthetic_direct_mapping,0.977
PAI-02533,PRJ-377783,OCMS-240459,PM-4450363,synthetic_direct_mapping,0.952
PAI-02534,PRJ-772376,OCMS-315114,PM-8155430,synthetic_direct_mapping,0.969
PAI-02535,PRJ-535710,OCMS-747647,PM-3272030,synthetic_direct_mapping,0.984
PAI-02536,PRJ-153777,OCMS-495406,PM-3320458,synthetic_direct_mapping,0.992
PAI-02537,PRJ-602366,OCMS-339106,PM-8356074,synthetic_direct_mapping,0.972
PAI-02538,PRJ-109526,OCMS-903127,PM-6285071,synthetic_direct_mapping,0.941
PAI-02539,PRJ-706972,OCMS-915501,PM-4931371,synthetic_direct_mapping,0.961
PAI-02540,PRJ-184477,OCMS-250989,PM-3082443,synthetic_direct_mapping,0.96
PAI-02541,PRJ-114365,OCMS-577854,PM-8549135,synthetic_direct_mapping,0.986
PAI-02542,PRJ-472158,OCMS-205378,PM-1735538,synthetic_direct_mapping,0.967
PAI-02543,PRJ-956466,OCMS-441947,PM-5656405,synthetic_direct_mapping,0.991
PAI-02544,PRJ-289400,OCMS-444551,PM-7128936,synthetic_direct_mapping,0.946
PAI-02545,PRJ-378968,OCMS-857006,PM-2237986,synthetic_direct_mapping,0.981
PAI-02546,PRJ-192266,OCMS-781820,PM-7473599,synthetic_direct_mapping,0.963
PAI-02547,PRJ-989347,OCMS-380757,PM-4223286,synthetic_direct_mapping,0.998
PAI-02548,PRJ-939396,OCMS-375687,PM-8930435,synthetic_direct_mapping,0.953
PAI-02549,PRJ-116775,OCMS-351826,PM-8605788,synthetic_direct_mapping,0.947
PAI-02550,PRJ-814276,OCMS-518533,PM-1431279,synthetic_direct_mapping,0.949
PAI-02551,PRJ-572297,OCMS-309654,PM-6384150,synthetic_direct_mapping,0.945
PAI-02552,PRJ-363237,OCMS-476812,PM-9322783,synthetic_direct_mapping,0.973
PAI-02553,PRJ-995174,OCMS-663358,PM-7147126,synthetic_direct_mapping,0.941
PAI-02554,PRJ-943086,OCMS-292953,PM-4023275,synthetic_direct_mapping,0.941
PAI-02555,PRJ-385874,OCMS-212837,PM-8766530,synthetic_direct_mapping,0.977
PAI-02556,PRJ-706012,OCMS-178644,PM-2339134,synthetic_direct_mapping,0.987
PAI-02557,PRJ-269582,OCMS-243845,PM-7381653,synthetic_direct_mapping,0.952
PAI-02558,PRJ-910207,OCMS-460075,PM-5618585,synthetic_direct_mapping,0.958
PAI-02559,PRJ-667934,OCMS-319766,PM-1464202,synthetic_direct_mapping,0.986
PAI-02560,PRJ-622025,OCMS-660342,PM-2730108,synthetic_direct_mapping,0.996
PAI-02561,PRJ-633378,OCMS-530889,PM-6636216,synthetic_direct_mapping,0.942
PAI-02562,PRJ-910423,OCMS-107601,PM-1539021,synthetic_direct_mapping,0.976
PAI-02563,PRJ-862122,OCMS-625324,PM-7774100,synthetic_direct_mapping,0.977
PAI-02564,PRJ-203851,OCMS-181677,PM-4004310,synthetic_direct_mapping,0.978
PAI-02565,PRJ-733271,OCMS-611691,PM-1679254,synthetic_direct_mapping,0.958
PAI-02566,PRJ-899337,OCMS-601506,PM-3097407,synthetic_direct_mapping,0.973
PAI-02567,PRJ-913824,OCMS-577055,PM-4739552,synthetic_direct_mapping,0.941
PAI-02568,PRJ-839723,OCMS-295890,PM-5402389,synthetic_direct_mapping,0.972
PAI-02569,PRJ-575117,OCMS-999565,PM-3913282,synthetic_direct_mapping,0.941
PAI-02570,PRJ-628779,OCMS-933115,PM-3586284,synthetic_direct_mapping,0.97
PAI-02571,PRJ-721266,OCMS-168694,PM-7518732,synthetic_direct_mapping,0.967
PAI-02572,PRJ-709723,OCMS-528620,PM-3910647,synthetic_direct_mapping,0.974
PAI-02573,PRJ-310722,OCMS-910227,PM-1908412,synthetic_direct_mapping,0.99
PAI-02574,PRJ-295329,OCMS-138955,PM-6510057,synthetic_direct_mapping,0.951
PAI-02575,PRJ-973119,OCMS-585221,PM-5220641,synthetic_direct_mapping,0.949
PAI-02576,PRJ-384601,OCMS-707330,PM-2845314,synthetic_direct_mapping,0.978
PAI-02577,PRJ-278909,OCMS-828128,PM-4685861,synthetic_direct_mapping,0.988
PAI-02578,PRJ-120707,OCMS-583164,PM-5838667,synthetic_direct_mapping,0.982
PAI-02579,PRJ-377638,OCMS-601091,PM-9560256,synthetic_direct_mapping,0.977
PAI-02580,PRJ-339479,OCMS-165675,PM-9161102,synthetic_direct_mapping,0.974
PAI-02581,PRJ-860328,OCMS-841487,PM-7460635,synthetic_direct_mapping,0.971
PAI-02582,PRJ-450913,OCMS-498731,PM-4318477,synthetic_direct_mapping,0.941
PAI-02583,PRJ-176833,OCMS-747651,PM-2169844,synthetic_direct_mapping,0.947
PAI-02584,PRJ-471467,OCMS-501121,PM-1119741,synthetic_direct_mapping,0.942
PAI-02585,PRJ-536354,OCMS-209166,PM-9371714,synthetic_direct_mapping,0.942
PAI-02586,PRJ-761365,OCMS-712412,PM-5359252,synthetic_direct_mapping,0.978
PAI-02587,PRJ-895122,OCMS-263840,PM-6687364,synthetic_direct_mapping,0.965
PAI-02588,PRJ-646600,OCMS-720407,PM-4091031,synthetic_direct_mapping,0.971
PAI-02589,PRJ-111872,OCMS-673438,PM-5273957,synthetic_direct_mapping,0.944
PAI-02590,PRJ-748195,OCMS-687258,PM-9108401,synthetic_direct_mapping,0.951
PAI-02591,PRJ-306798,OCMS-517951,PM-1301607,synthetic_direct_mapping,0.958
PAI-02592,PRJ-680768,OCMS-473075,PM-9515578,synthetic_direct_mapping,0.99
PAI-02593,PRJ-558155,OCMS-946454,PM-2399100,synthetic_direct_mapping,0.977
PAI-02594,PRJ-157972,OCMS-499458,PM-4968939,synthetic_direct_mapping,0.945
PAI-02595,PRJ-187335,OCMS-432580,PM-7354296,synthetic_direct_mapping,0.976
PAI-02596,PRJ-831964,OCMS-734397,PM-1551298,synthetic_direct_mapping,0.975
PAI-02597,PRJ-275104,OCMS-578448,PM-4673193,synthetic_direct_mapping,0.962
PAI-02598,PRJ-768215,OCMS-543970,PM-7271552,synthetic_direct_mapping,0.97
PAI-02599,PRJ-252764,OCMS-812536,PM-6215459,synthetic_direct_mapping,0.95
PAI-02600,PRJ-743415,OCMS-114388,PM-9858236,synthetic_direct_mapping,0.993
PAI-02601,PRJ-630433,OCMS-621749,PM-5979461,synthetic_direct_mapping,0.973
PAI-02602,PRJ-801562,OCMS-749654,PM-4025025,synthetic_direct_mapping,0.956
PAI-02603,PRJ-298664,OCMS-389483,PM-9858967,synthetic_direct_mapping,0.967
PAI-02604,PRJ-400256,OCMS-341067,PM-1727895,synthetic_direct_mapping,0.965
PAI-02605,PRJ-568615,OCMS-145023,PM-9483960,synthetic_direct_mapping,0.995
PAI-02606,PRJ-578289,OCMS-901561,PM-6221031,synthetic_direct_mapping,0.945
PAI-02607,PRJ-310791,OCMS-896713,PM-7662496,synthetic_direct_mapping,0.985
PAI-02608,PRJ-384069,OCMS-113726,PM-9533583,synthetic_direct_mapping,0.943
PAI-02609,PRJ-323576,OCMS-500374,PM-3447729,synthetic_direct_mapping,0.974
PAI-02610,PRJ-187984,OCMS-921334,PM-2426794,synthetic_direct_mapping,0.958
PAI-02611,PRJ-150958,OCMS-750969,PM-7019711,synthetic_direct_mapping,0.947
PAI-02612,PRJ-981591,OCMS-989261,PM-7764936,synthetic_direct_mapping,0.995
PAI-02613,PRJ-646640,OCMS-548047,PM-6818661,synthetic_direct_mapping,0.965
PAI-02614,PRJ-946532,OCMS-629251,PM-3207416,synthetic_direct_mapping,0.962
PAI-02615,PRJ-114432,OCMS-523813,PM-2598114,synthetic_direct_mapping,0.989
PAI-02616,PRJ-570966,OCMS-991428,PM-4064451,synthetic_direct_mapping,0.998
PAI-02617,PRJ-192396,OCMS-361692,PM-9289294,synthetic_direct_mapping,0.965
PAI-02618,PRJ-178005,OCMS-956220,PM-9305675,synthetic_direct_mapping,0.98
PAI-02619,PRJ-674339,OCMS-125512,PM-2695846,synthetic_direct_mapping,0.962
PAI-02620,PRJ-222995,OCMS-201878,PM-7550418,synthetic_direct_mapping,0.959
PAI-02621,PRJ-796335,OCMS-137541,PM-8433729,synthetic_direct_mapping,0.989
PAI-02622,PRJ-717615,OCMS-371333,PM-8040995,synthetic_direct_mapping,0.992
PAI-02623,PRJ-938453,OCMS-714461,PM-2480451,synthetic_direct_mapping,0.951
PAI-02624,PRJ-712554,OCMS-875846,PM-9479132,synthetic_direct_mapping,0.943
PAI-02625,PRJ-850456,OCMS-883879,PM-8996300,synthetic_direct_mapping,0.965
PAI-02626,PRJ-722368,OCMS-843088,PM-7422596,synthetic_direct_mapping,0.961
PAI-02627,PRJ-870480,OCMS-433937,PM-5413126,synthetic_direct_mapping,0.953
PAI-02628,PRJ-280648,OCMS-913613,PM-2109566,synthetic_direct_mapping,0.987
PAI-02629,PRJ-923270,OCMS-348181,PM-5901622,synthetic_direct_mapping,0.947
PAI-02630,PRJ-668167,OCMS-165392,PM-7620563,synthetic_direct_mapping,0.947
PAI-02631,PRJ-593332,OCMS-263819,PM-2544588,synthetic_direct_mapping,0.947
PAI-02632,PRJ-342826,OCMS-501679,PM-9982787,synthetic_direct_mapping,0.988
PAI-02633,PRJ-570791,OCMS-116158,PM-9572576,synthetic_direct_mapping,0.989
PAI-02634,PRJ-152892,OCMS-367324,PM-9016518,synthetic_direct_mapping,0.997
PAI-02635,PRJ-536006,OCMS-181809,PM-7559728,synthetic_direct_mapping,0.989
PAI-02636,PRJ-643780,OCMS-419902,PM-2376813,synthetic_direct_mapping,0.993
PAI-02637,PRJ-610313,OCMS-839929,PM-3944401,synthetic_direct_mapping,0.967
PAI-02638,PRJ-614187,OCMS-568717,PM-4002706,synthetic_direct_mapping,0.999
PAI-02639,PRJ-812818,OCMS-783076,PM-9280461,synthetic_direct_mapping,0.982
PAI-02640,PRJ-806409,OCMS-817619,PM-4401897,synthetic_direct_mapping,0.966
PAI-02641,PRJ-644006,OCMS-925864,PM-9474581,synthetic_direct_mapping,0.946
PAI-02642,PRJ-804919,OCMS-256474,PM-5245324,synthetic_direct_mapping,0.952
PAI-02643,PRJ-600234,OCMS-228258,PM-8804899,synthetic_direct_mapping,0.992
PAI-02644,PRJ-917449,OCMS-324790,PM-3157343,synthetic_direct_mapping,0.955
PAI-02645,PRJ-826084,OCMS-212695,PM-5531565,synthetic_direct_mapping,0.966
PAI-02646,PRJ-592825,OCMS-199699,PM-8234777,synthetic_direct_mapping,0.987
PAI-02647,PRJ-160754,OCMS-745331,PM-6692646,synthetic_direct_mapping,0.97
PAI-02648,PRJ-667367,OCMS-328229,PM-7110556,synthetic_direct_mapping,0.992
PAI-02649,PRJ-405396,OCMS-607405,PM-4759862,synthetic_direct_mapping,0.951
PAI-02650,PRJ-229189,OCMS-361446,PM-2734260,synthetic_direct_mapping,0.957
PAI-02651,PRJ-966359,OCMS-890989,PM-7390178,synthetic_direct_mapping,0.941
PAI-02652,PRJ-108625,OCMS-553033,PM-8943384,synthetic_direct_mapping,0.994
PAI-02653,PRJ-420272,OCMS-468896,PM-4688005,synthetic_direct_mapping,0.947
PAI-02654,PRJ-256471,OCMS-369059,PM-7784855,synthetic_direct_mapping,0.964
PAI-02655,PRJ-877664,OCMS-873246,PM-1392049,synthetic_direct_mapping,0.983
PAI-02656,PRJ-978795,OCMS-906338,PM-5558350,synthetic_direct_mapping,0.951
PAI-02657,PRJ-833499,OCMS-132228,PM-2169682,synthetic_direct_mapping,0.942
PAI-02658,PRJ-119522,OCMS-660856,PM-7844371,synthetic_direct_mapping,0.987
PAI-02659,PRJ-289612,OCMS-677122,PM-6498441,synthetic_direct_mapping,0.972
PAI-02660,PRJ-497073,OCMS-449496,PM-1617978,synthetic_direct_mapping,0.945
PAI-02661,PRJ-787607,OCMS-439900,PM-6492082,synthetic_direct_mapping,0.965
PAI-02662,PRJ-247767,OCMS-968000,PM-6628799,synthetic_direct_mapping,0.952
PAI-02663,PRJ-282316,OCMS-975756,PM-6274596,synthetic_direct_mapping,0.96
PAI-02664,PRJ-691833,OCMS-205357,PM-3831451,synthetic_direct_mapping,0.972
PAI-02665,PRJ-582206,OCMS-854219,PM-1488729,synthetic_direct_mapping,0.984
PAI-02666,PRJ-128544,OCMS-890282,PM-3482824,synthetic_direct_mapping,0.978
PAI-02667,PRJ-399835,OCMS-977021,PM-9374106,synthetic_direct_mapping,0.952
PAI-02668,PRJ-971278,OCMS-120477,PM-6175498,synthetic_direct_mapping,0.942
PAI-02669,PRJ-354615,OCMS-828329,PM-1732272,synthetic_direct_mapping,0.967
PAI-02670,PRJ-442038,OCMS-649053,PM-5771746,synthetic_direct_mapping,0.948
PAI-02671,PRJ-265888,OCMS-458944,PM-8245530,synthetic_direct_mapping,0.963
PAI-02672,PRJ-806807,OCMS-569790,PM-4245698,synthetic_direct_mapping,0.961
PAI-02673,PRJ-337010,OCMS-781542,PM-7221372,synthetic_direct_mapping,0.95
PAI-02674,PRJ-197462,OCMS-328042,PM-9537022,synthetic_direct_mapping,0.973
PAI-02675,PRJ-464976,OCMS-175910,PM-8912372,synthetic_direct_mapping,0.962
PAI-02676,PRJ-901441,OCMS-714568,PM-6124781,synthetic_direct_mapping,0.993
PAI-02677,PRJ-603509,OCMS-393093,PM-8402508,synthetic_direct_mapping,0.955
PAI-02678,PRJ-606438,OCMS-715128,PM-7777239,synthetic_direct_mapping,0.978
PAI-02679,PRJ-695906,OCMS-782876,PM-3089753,synthetic_direct_mapping,0.957
PAI-02680,PRJ-477957,OCMS-197702,PM-5324174,synthetic_direct_mapping,0.969
PAI-02681,PRJ-785401,OCMS-431439,PM-2236545,synthetic_direct_mapping,0.999
PAI-02682,PRJ-762763,OCMS-559144,PM-1846770,synthetic_direct_mapping,0.994
PAI-02683,PRJ-425828,OCMS-386056,PM-7103683,synthetic_direct_mapping,0.976
PAI-02684,PRJ-902813,OCMS-257407,PM-2500160,synthetic_direct_mapping,0.962
PAI-02685,PRJ-405601,OCMS-383374,PM-2827947,synthetic_direct_mapping,0.957
PAI-02686,PRJ-604066,OCMS-859640,PM-1796171,synthetic_direct_mapping,0.965
PAI-02687,PRJ-411445,OCMS-410995,PM-8867672,synthetic_direct_mapping,0.96
PAI-02688,PRJ-573689,OCMS-277812,PM-9705742,synthetic_direct_mapping,0.988
PAI-02689,PRJ-184394,OCMS-601828,PM-6939933,synthetic_direct_mapping,0.997
PAI-02690,PRJ-792572,OCMS-572556,PM-9677755,synthetic_direct_mapping,0.998
PAI-02691,PRJ-636103,OCMS-275309,PM-3631562,synthetic_direct_mapping,0.978
PAI-02692,PRJ-240913,OCMS-603115,PM-4548426,synthetic_direct_mapping,0.956
PAI-02693,PRJ-577971,OCMS-801749,PM-4128580,synthetic_direct_mapping,0.97
PAI-02694,PRJ-101781,OCMS-854266,PM-1763889,synthetic_direct_mapping,0.962
PAI-02695,PRJ-415848,OCMS-887731,PM-1330485,synthetic_direct_mapping,0.941
PAI-02696,PRJ-330317,OCMS-811617,PM-5379891,synthetic_direct_mapping,0.996
PAI-02697,PRJ-697128,OCMS-213474,PM-2439838,synthetic_direct_mapping,0.971
PAI-02698,PRJ-461779,OCMS-298532,PM-8478662,synthetic_direct_mapping,0.945
PAI-02699,PRJ-475740,OCMS-607946,PM-3514061,synthetic_direct_mapping,0.989
PAI-02700,PRJ-370469,OCMS-802925,PM-1255893,synthetic_direct_mapping,0.967
PAI-02701,PRJ-552086,OCMS-340243,PM-9550242,synthetic_direct_mapping,0.95
PAI-02702,PRJ-930112,OCMS-863438,PM-3081321,synthetic_direct_mapping,0.957
PAI-02703,PRJ-529421,OCMS-202234,PM-6633694,synthetic_direct_mapping,0.989
PAI-02704,PRJ-376259,OCMS-891069,PM-7812613,synthetic_direct_mapping,0.973
PAI-02705,PRJ-254561,OCMS-932526,PM-1130328,synthetic_direct_mapping,0.98
PAI-02706,PRJ-943769,OCMS-962279,PM-9631320,synthetic_direct_mapping,0.959
PAI-02707,PRJ-311114,OCMS-115206,PM-5819715,synthetic_direct_mapping,0.943
PAI-02708,PRJ-391451,OCMS-467550,PM-4484044,synthetic_direct_mapping,0.947
PAI-02709,PRJ-548689,OCMS-598563,PM-8658862,synthetic_direct_mapping,0.99
PAI-02710,PRJ-307987,OCMS-897125,PM-1348360,synthetic_direct_mapping,0.998
PAI-02711,PRJ-562126,OCMS-878647,PM-3860190,synthetic_direct_mapping,0.975
PAI-02712,PRJ-215257,OCMS-597048,PM-6863429,synthetic_direct_mapping,0.997
PAI-02713,PRJ-493825,OCMS-351720,PM-4032801,synthetic_direct_mapping,0.98
PAI-02714,PRJ-368384,OCMS-103700,PM-3216868,synthetic_direct_mapping,0.967
PAI-02715,PRJ-835685,OCMS-936624,PM-3441115,synthetic_direct_mapping,0.941
PAI-02716,PRJ-126905,OCMS-628084,PM-1295550,synthetic_direct_mapping,0.96
PAI-02717,PRJ-142765,OCMS-136860,PM-4194599,synthetic_direct_mapping,0.967
PAI-02718,PRJ-854453,OCMS-560655,PM-8361272,synthetic_direct_mapping,0.967
PAI-02719,PRJ-907768,OCMS-658135,PM-5608000,synthetic_direct_mapping,0.952
PAI-02720,PRJ-140419,OCMS-703272,PM-1251354,synthetic_direct_mapping,0.947
PAI-02721,PRJ-324455,OCMS-344831,PM-6473639,synthetic_direct_mapping,0.962
PAI-02722,PRJ-939936,OCMS-429833,PM-3806003,synthetic_direct_mapping,0.981
PAI-02723,PRJ-406904,OCMS-899433,PM-2995989,synthetic_direct_mapping,0.956
PAI-02724,PRJ-170777,OCMS-933817,PM-4723154,synthetic_direct_mapping,0.953
PAI-02725,PRJ-783995,OCMS-146543,PM-3764346,synthetic_direct_mapping,0.956
PAI-02726,PRJ-636347,OCMS-507183,PM-6389306,synthetic_direct_mapping,0.956
PAI-02727,PRJ-348412,OCMS-720577,PM-2304423,synthetic_direct_mapping,0.971
PAI-02728,PRJ-275213,OCMS-590638,PM-9787223,synthetic_direct_mapping,0.957
PAI-02729,PRJ-964482,OCMS-250861,PM-1019319,synthetic_direct_mapping,0.997
PAI-02730,PRJ-360982,OCMS-767197,PM-4219972,synthetic_direct_mapping,0.949
PAI-02731,PRJ-146754,OCMS-363901,PM-8823261,synthetic_direct_mapping,0.949
PAI-02732,PRJ-993622,OCMS-241755,PM-8276962,synthetic_direct_mapping,0.964
PAI-02733,PRJ-811087,OCMS-533712,PM-6351690,synthetic_direct_mapping,0.963
PAI-02734,PRJ-833823,OCMS-456496,PM-4096817,synthetic_direct_mapping,0.945
PAI-02735,PRJ-767722,OCMS-795640,PM-2934680,synthetic_direct_mapping,0.965
PAI-02736,PRJ-763295,OCMS-161964,PM-1287806,synthetic_direct_mapping,0.949
PAI-02737,PRJ-772104,OCMS-726338,PM-3799687,synthetic_direct_mapping,0.952
PAI-02738,PRJ-508211,OCMS-804601,PM-3586477,synthetic_direct_mapping,0.96
PAI-02739,PRJ-298555,OCMS-862884,PM-4920092,synthetic_direct_mapping,0.992
PAI-02740,PRJ-791231,OCMS-739344,PM-6919164,synthetic_direct_mapping,0.941
PAI-02741,PRJ-740371,OCMS-973765,PM-8790353,synthetic_direct_mapping,0.965
PAI-02742,PRJ-407328,OCMS-967977,PM-4145096,synthetic_direct_mapping,0.989
PAI-02743,PRJ-677814,OCMS-466435,PM-8437543,synthetic_direct_mapping,0.97
PAI-02744,PRJ-355010,OCMS-147849,PM-2837524,synthetic_direct_mapping,0.98
PAI-02745,PRJ-942721,OCMS-684628,PM-8539621,synthetic_direct_mapping,0.992
PAI-02746,PRJ-890697,OCMS-747048,PM-8917734,synthetic_direct_mapping,0.944
PAI-02747,PRJ-118287,OCMS-310849,PM-2394253,synthetic_direct_mapping,0.993
PAI-02748,PRJ-512905,OCMS-685677,PM-6263710,synthetic_direct_mapping,0.981
PAI-02749,PRJ-482497,OCMS-350416,PM-8905502,synthetic_direct_mapping,0.945
PAI-02750,PRJ-685133,OCMS-452938,PM-8953199,synthetic_direct_mapping,0.941
PAI-02751,PRJ-693737,OCMS-668336,PM-2654634,synthetic_direct_mapping,0.956
PAI-02752,PRJ-441480,OCMS-489771,PM-9022121,synthetic_direct_mapping,0.98
PAI-02753,PRJ-491477,OCMS-240866,PM-9783540,synthetic_direct_mapping,0.962
PAI-02754,PRJ-422778,OCMS-418970,PM-1781885,synthetic_direct_mapping,0.958
PAI-02755,PRJ-718102,OCMS-356224,PM-3564528,synthetic_direct_mapping,0.975
PAI-02756,PRJ-621070,OCMS-697193,PM-9153061,synthetic_direct_mapping,0.958
PAI-02757,PRJ-578622,OCMS-763039,PM-3392435,synthetic_direct_mapping,0.965
PAI-02758,PRJ-435717,OCMS-671662,PM-6736610,synthetic_direct_mapping,0.981
PAI-02759,PRJ-755108,OCMS-831080,PM-6973041,synthetic_direct_mapping,0.952
PAI-02760,PRJ-990417,OCMS-647205,PM-6809731,synthetic_direct_mapping,0.996
PAI-02761,PRJ-229880,OCMS-150815,PM-1917139,synthetic_direct_mapping,0.981
PAI-02762,PRJ-965580,OCMS-195201,PM-9192976,synthetic_direct_mapping,0.962
PAI-02763,PRJ-762214,OCMS-844641,PM-1353204,synthetic_direct_mapping,0.99
PAI-02764,PRJ-511956,OCMS-913551,PM-3616339,synthetic_direct_mapping,0.987
PAI-02765,PRJ-753487,OCMS-709244,PM-6732227,synthetic_direct_mapping,0.944
PAI-02766,PRJ-163052,OCMS-486772,PM-6971813,synthetic_direct_mapping,0.976
PAI-02767,PRJ-502026,OCMS-938515,PM-7652065,synthetic_direct_mapping,0.982
PAI-02768,PRJ-138325,OCMS-455287,PM-1787211,synthetic_direct_mapping,0.952
PAI-02769,PRJ-505846,OCMS-145631,PM-3119950,synthetic_direct_mapping,0.958
PAI-02770,PRJ-442628,OCMS-398874,PM-8185765,synthetic_direct_mapping,0.964
PAI-02771,PRJ-921489,OCMS-243798,PM-6063166,synthetic_direct_mapping,0.98
PAI-02772,PRJ-928436,OCMS-142478,PM-4506519,synthetic_direct_mapping,0.979
PAI-02773,PRJ-354632,OCMS-940183,PM-9421268,synthetic_direct_mapping,0.971
PAI-02774,PRJ-819538,OCMS-626067,PM-9587178,synthetic_direct_mapping,0.952
PAI-02775,PRJ-551322,OCMS-536369,PM-1833966,synthetic_direct_mapping,0.974
PAI-02776,PRJ-769995,OCMS-166388,PM-4070546,synthetic_direct_mapping,0.947
PAI-02777,PRJ-772019,OCMS-764255,PM-7353260,synthetic_direct_mapping,0.98
PAI-02778,PRJ-693290,OCMS-340811,PM-7077809,synthetic_direct_mapping,0.985
PAI-02779,PRJ-521201,OCMS-850265,PM-2069158,synthetic_direct_mapping,0.942
PAI-02780,PRJ-491091,OCMS-246668,PM-5506112,synthetic_direct_mapping,0.941
PAI-02781,PRJ-447703,OCMS-689300,PM-6880685,synthetic_direct_mapping,0.944
PAI-02782,PRJ-887195,OCMS-576497,PM-1024598,synthetic_direct_mapping,0.962
PAI-02783,PRJ-332178,OCMS-986616,PM-9554461,synthetic_direct_mapping,0.956
PAI-02784,PRJ-553307,OCMS-293188,PM-1933459,synthetic_direct_mapping,0.947
PAI-02785,PRJ-564308,OCMS-167875,PM-8079849,synthetic_direct_mapping,0.987
PAI-02786,PRJ-472513,OCMS-850069,PM-7718400,synthetic_direct_mapping,0.95
PAI-02787,PRJ-821314,OCMS-563868,PM-6029082,synthetic_direct_mapping,0.943
PAI-02788,PRJ-567331,OCMS-628456,PM-5331407,synthetic_direct_mapping,0.948
PAI-02789,PRJ-159418,OCMS-994039,PM-8143544,synthetic_direct_mapping,0.957
PAI-02790,PRJ-447943,OCMS-613783,PM-7207393,synthetic_direct_mapping,0.949
PAI-02791,PRJ-730250,OCMS-876468,PM-3387567,synthetic_direct_mapping,0.982
PAI-02792,PRJ-832269,OCMS-103104,PM-9991808,synthetic_direct_mapping,0.994
PAI-02793,PRJ-920875,OCMS-740932,PM-7675098,synthetic_direct_mapping,0.974
PAI-02794,PRJ-842922,OCMS-895765,PM-4634383,synthetic_direct_mapping,0.965
PAI-02795,PRJ-153087,OCMS-481768,PM-7729677,synthetic_direct_mapping,0.96
PAI-02796,PRJ-993890,OCMS-427121,PM-6611364,synthetic_direct_mapping,0.996
PAI-02797,PRJ-873266,OCMS-201589,PM-5242222,synthetic_direct_mapping,0.997
PAI-02798,PRJ-652056,OCMS-456087,PM-7390917,synthetic_direct_mapping,0.997
PAI-02799,PRJ-456059,OCMS-553421,PM-9643225,synthetic_direct_mapping,0.973
PAI-02800,PRJ-883068,OCMS-927352,PM-7959490,synthetic_direct_mapping,0.942
PAI-02801,PRJ-391970,OCMS-885142,PM-9108815,synthetic_direct_mapping,0.983
PAI-02802,PRJ-345755,OCMS-335188,PM-6513950,synthetic_direct_mapping,0.993
PAI-02803,PRJ-184304,OCMS-344918,PM-8102006,synthetic_direct_mapping,0.944
PAI-02804,PRJ-892509,OCMS-975831,PM-1048522,synthetic_direct_mapping,0.996
PAI-02805,PRJ-573507,OCMS-678141,PM-3941196,synthetic_direct_mapping,0.967
PAI-02806,PRJ-965825,OCMS-350743,PM-7255209,synthetic_direct_mapping,0.996
PAI-02807,PRJ-980479,OCMS-863169,PM-8433309,synthetic_direct_mapping,0.981
PAI-02808,PRJ-547407,OCMS-166641,PM-5871890,synthetic_direct_mapping,0.966
PAI-02809,PRJ-258466,OCMS-125930,PM-3323623,synthetic_direct_mapping,0.951
PAI-02810,PRJ-901002,OCMS-511693,PM-5978224,synthetic_direct_mapping,0.976
PAI-02811,PRJ-647656,OCMS-976787,PM-3033730,synthetic_direct_mapping,0.94
PAI-02812,PRJ-278975,OCMS-385507,PM-1190140,synthetic_direct_mapping,0.984
PAI-02813,PRJ-596512,OCMS-607393,PM-6359509,synthetic_direct_mapping,0.946
PAI-02814,PRJ-953571,OCMS-569538,PM-4925939,synthetic_direct_mapping,0.973
PAI-02815,PRJ-489143,OCMS-573441,PM-8043773,synthetic_direct_mapping,0.996
PAI-02816,PRJ-575779,OCMS-593920,PM-8568642,synthetic_direct_mapping,0.981
PAI-02817,PRJ-573407,OCMS-506574,PM-4445355,synthetic_direct_mapping,0.967
PAI-02818,PRJ-435529,OCMS-743982,PM-8803698,synthetic_direct_mapping,0.946
PAI-02819,PRJ-811783,OCMS-678611,PM-4376247,synthetic_direct_mapping,0.973
PAI-02820,PRJ-755958,OCMS-928806,PM-5811166,synthetic_direct_mapping,0.962
PAI-02821,PRJ-250923,OCMS-621425,PM-5402367,synthetic_direct_mapping,0.943
PAI-02822,PRJ-440965,OCMS-155232,PM-9331563,synthetic_direct_mapping,0.949
PAI-02823,PRJ-712717,OCMS-180436,PM-8421914,synthetic_direct_mapping,0.975
PAI-02824,PRJ-771002,OCMS-940417,PM-8515630,synthetic_direct_mapping,0.98
PAI-02825,PRJ-204806,OCMS-304583,PM-5029381,synthetic_direct_mapping,0.956
PAI-02826,PRJ-566648,OCMS-604018,PM-9789318,synthetic_direct_mapping,0.95
PAI-02827,PRJ-891052,OCMS-409792,PM-7212259,synthetic_direct_mapping,0.99
PAI-02828,PRJ-335941,OCMS-657195,PM-9286698,synthetic_direct_mapping,0.989
PAI-02829,PRJ-454601,OCMS-951055,PM-6811620,synthetic_direct_mapping,0.985
PAI-02830,PRJ-234633,OCMS-733546,PM-2903349,synthetic_direct_mapping,0.965
PAI-02831,PRJ-631709,OCMS-603338,PM-6774029,synthetic_direct_mapping,0.952
PAI-02832,PRJ-335958,OCMS-397022,PM-7240387,synthetic_direct_mapping,0.99
PAI-02833,PRJ-202037,OCMS-856916,PM-1266950,synthetic_direct_mapping,0.995
PAI-02834,PRJ-738191,OCMS-318815,PM-9520797,synthetic_direct_mapping,0.978
PAI-02835,PRJ-697423,OCMS-967288,PM-5999067,synthetic_direct_mapping,0.992
PAI-02836,PRJ-812625,OCMS-846195,PM-2607290,synthetic_direct_mapping,0.943
PAI-02837,PRJ-585862,OCMS-599683,PM-3380853,synthetic_direct_mapping,0.943
PAI-02838,PRJ-995879,OCMS-374370,PM-3514912,synthetic_direct_mapping,0.941
PAI-02839,PRJ-835040,OCMS-191964,PM-5374637,synthetic_direct_mapping,0.989
PAI-02840,PRJ-973054,OCMS-112482,PM-6664658,synthetic_direct_mapping,0.991
PAI-02841,PRJ-570057,OCMS-878992,PM-9247643,synthetic_direct_mapping,0.999
PAI-02842,PRJ-476593,OCMS-613953,PM-8311222,synthetic_direct_mapping,0.982
PAI-02843,PRJ-135761,OCMS-962412,PM-3575828,synthetic_direct_mapping,0.971
PAI-02844,PRJ-881553,OCMS-197715,PM-4680190,synthetic_direct_mapping,0.94
PAI-02845,PRJ-305106,OCMS-475747,PM-2236941,synthetic_direct_mapping,0.965
PAI-02846,PRJ-144900,OCMS-130100,PM-9154098,synthetic_direct_mapping,0.987
PAI-02847,PRJ-925641,OCMS-802271,PM-3393497,synthetic_direct_mapping,0.946
PAI-02848,PRJ-684610,OCMS-490573,PM-8721487,synthetic_direct_mapping,0.996
PAI-02849,PRJ-392535,OCMS-416977,PM-6725053,synthetic_direct_mapping,0.98
PAI-02850,PRJ-598612,OCMS-962152,PM-1156427,synthetic_direct_mapping,0.965
PAI-02851,PRJ-555966,OCMS-283401,PM-8893576,synthetic_direct_mapping,0.948
PAI-02852,PRJ-868104,OCMS-342373,PM-8963203,synthetic_direct_mapping,0.985
PAI-02853,PRJ-533362,OCMS-409943,PM-5073649,synthetic_direct_mapping,0.991
PAI-02854,PRJ-951906,OCMS-670643,PM-7855832,synthetic_direct_mapping,0.988
PAI-02855,PRJ-616371,OCMS-462606,PM-1817866,synthetic_direct_mapping,0.998
PAI-02856,PRJ-592371,OCMS-953507,PM-6757328,synthetic_direct_mapping,0.985
PAI-02857,PRJ-104861,OCMS-513245,PM-3764437,synthetic_direct_mapping,0.991
PAI-02858,PRJ-777895,OCMS-312157,PM-1405109,synthetic_direct_mapping,0.941
PAI-02859,PRJ-931667,OCMS-406426,PM-8130461,synthetic_direct_mapping,0.958
PAI-02860,PRJ-202768,OCMS-363343,PM-9058508,synthetic_direct_mapping,0.943
PAI-02861,PRJ-420515,OCMS-591705,PM-6203568,synthetic_direct_mapping,0.96
PAI-02862,PRJ-743854,OCMS-927531,PM-5022704,synthetic_direct_mapping,0.942
PAI-02863,PRJ-577361,OCMS-262427,PM-5419815,synthetic_direct_mapping,0.948
PAI-02864,PRJ-140300,OCMS-596858,PM-6724190,synthetic_direct_mapping,0.998
PAI-02865,PRJ-697554,OCMS-397857,PM-8216887,synthetic_direct_mapping,0.996
PAI-02866,PRJ-511227,OCMS-252283,PM-6162598,synthetic_direct_mapping,0.967
PAI-02867,PRJ-227298,OCMS-524067,PM-2179660,synthetic_direct_mapping,0.975
PAI-02868,PRJ-464689,OCMS-347619,PM-6425905,synthetic_direct_mapping,0.966
PAI-02869,PRJ-545957,OCMS-449505,PM-8637766,synthetic_direct_mapping,0.998
PAI-02870,PRJ-654201,OCMS-790079,PM-8011017,synthetic_direct_mapping,0.992
PAI-02871,PRJ-126854,OCMS-373575,PM-5692244,synthetic_direct_mapping,0.997
PAI-02872,PRJ-154597,OCMS-531331,PM-1849509,synthetic_direct_mapping,0.982
PAI-02873,PRJ-145125,OCMS-740575,PM-3817930,synthetic_direct_mapping,0.984
PAI-02874,PRJ-208215,OCMS-943399,PM-8475403,synthetic_direct_mapping,0.98
PAI-02875,PRJ-933893,OCMS-529433,PM-5338891,synthetic_direct_mapping,0.982
PAI-02876,PRJ-621486,OCMS-501227,PM-1851813,synthetic_direct_mapping,0.961
PAI-02877,PRJ-341116,OCMS-797709,PM-8999432,synthetic_direct_mapping,0.95
PAI-02878,PRJ-466639,OCMS-968823,PM-9218988,synthetic_direct_mapping,0.953
PAI-02879,PRJ-404499,OCMS-511621,PM-2026025,synthetic_direct_mapping,0.988
PAI-02880,PRJ-621465,OCMS-359913,PM-4903888,synthetic_direct_mapping,0.944
PAI-02881,PRJ-719444,OCMS-929290,PM-7847462,synthetic_direct_mapping,0.976
PAI-02882,PRJ-875103,OCMS-750581,PM-2969217,synthetic_direct_mapping,0.954
PAI-02883,PRJ-380703,OCMS-728472,PM-5401083,synthetic_direct_mapping,0.953
PAI-02884,PRJ-152265,OCMS-862307,PM-9916983,synthetic_direct_mapping,0.991
PAI-02885,PRJ-115627,OCMS-274714,PM-4380215,synthetic_direct_mapping,0.998
PAI-02886,PRJ-909655,OCMS-781034,PM-4785233,synthetic_direct_mapping,0.941
PAI-02887,PRJ-566804,OCMS-542728,PM-2101810,synthetic_direct_mapping,0.99
PAI-02888,PRJ-512222,OCMS-248564,PM-6497988,synthetic_direct_mapping,0.97
PAI-02889,PRJ-747466,OCMS-744061,PM-8708808,synthetic_direct_mapping,0.975
PAI-02890,PRJ-584814,OCMS-384761,PM-2167538,synthetic_direct_mapping,0.977
PAI-02891,PRJ-630396,OCMS-642246,PM-3935685,synthetic_direct_mapping,0.946
PAI-02892,PRJ-502826,OCMS-787262,PM-2609709,synthetic_direct_mapping,0.996
PAI-02893,PRJ-667160,OCMS-568915,PM-7933277,synthetic_direct_mapping,0.964
PAI-02894,PRJ-224803,OCMS-662282,PM-4061480,synthetic_direct_mapping,0.955
PAI-02895,PRJ-245665,OCMS-230799,PM-3572380,synthetic_direct_mapping,0.987
PAI-02896,PRJ-515416,OCMS-584306,PM-5702965,synthetic_direct_mapping,0.99
PAI-02897,PRJ-877048,OCMS-736838,PM-9533976,synthetic_direct_mapping,0.991
PAI-02898,PRJ-232440,OCMS-156807,PM-5299454,synthetic_direct_mapping,0.969
PAI-02899,PRJ-304496,OCMS-318654,PM-1789658,synthetic_direct_mapping,0.941
PAI-02900,PRJ-312440,OCMS-990882,PM-4334999,synthetic_direct_mapping,0.993
PAI-02901,PRJ-682480,OCMS-598691,PM-7058853,synthetic_direct_mapping,0.956
PAI-02902,PRJ-980441,OCMS-506807,PM-2580372,synthetic_direct_mapping,0.976
PAI-02903,PRJ-191532,OCMS-270661,PM-9272637,synthetic_direct_mapping,0.955
PAI-02904,PRJ-401275,OCMS-432099,PM-7870477,synthetic_direct_mapping,0.991
PAI-02905,PRJ-910222,OCMS-447923,PM-8615676,synthetic_direct_mapping,0.968
PAI-02906,PRJ-538006,OCMS-892968,PM-1466583,synthetic_direct_mapping,0.976
PAI-02907,PRJ-932125,OCMS-723824,PM-3528191,synthetic_direct_mapping,0.956
PAI-02908,PRJ-306129,OCMS-886491,PM-7081107,synthetic_direct_mapping,0.958
PAI-02909,PRJ-741112,OCMS-138657,PM-2547097,synthetic_direct_mapping,0.959
PAI-02910,PRJ-548463,OCMS-902711,PM-7030070,synthetic_direct_mapping,0.981
PAI-02911,PRJ-869731,OCMS-295272,PM-6940996,synthetic_direct_mapping,0.987
PAI-02912,PRJ-378055,OCMS-594818,PM-2774582,synthetic_direct_mapping,0.989
PAI-02913,PRJ-406705,OCMS-243924,PM-8665103,synthetic_direct_mapping,0.956
PAI-02914,PRJ-827468,OCMS-311830,PM-5744835,synthetic_direct_mapping,0.989
PAI-02915,PRJ-170899,OCMS-830974,PM-4526371,synthetic_direct_mapping,0.991
PAI-02916,PRJ-885929,OCMS-433007,PM-6287667,synthetic_direct_mapping,0.944
PAI-02917,PRJ-809511,OCMS-617751,PM-7418907,synthetic_direct_mapping,0.975
PAI-02918,PRJ-640122,OCMS-895500,PM-2589666,synthetic_direct_mapping,0.999
PAI-02919,PRJ-355807,OCMS-431319,PM-3340427,synthetic_direct_mapping,0.963
PAI-02920,PRJ-893444,OCMS-552993,PM-8129365,synthetic_direct_mapping,0.991
PAI-02921,PRJ-443290,OCMS-169762,PM-3829317,synthetic_direct_mapping,0.962
PAI-02922,PRJ-561131,OCMS-977394,PM-2927423,synthetic_direct_mapping,0.949
PAI-02923,PRJ-949795,OCMS-479418,PM-2129203,synthetic_direct_mapping,0.975
PAI-02924,PRJ-848783,OCMS-879073,PM-5159440,synthetic_direct_mapping,0.998
PAI-02925,PRJ-713828,OCMS-284852,PM-3115865,synthetic_direct_mapping,0.97
PAI-02926,PRJ-750448,OCMS-551717,PM-6057236,synthetic_direct_mapping,0.981
PAI-02927,PRJ-343709,OCMS-540356,PM-9383515,synthetic_direct_mapping,0.983
PAI-02928,PRJ-893273,OCMS-904139,PM-1840976,synthetic_direct_mapping,0.942
PAI-02929,PRJ-846046,OCMS-644912,PM-8618498,synthetic_direct_mapping,0.94
PAI-02930,PRJ-461782,OCMS-249300,PM-6870662,synthetic_direct_mapping,0.974
PAI-02931,PRJ-189153,OCMS-496774,PM-3527987,synthetic_direct_mapping,0.959
PAI-02932,PRJ-744213,OCMS-772838,PM-9869077,synthetic_direct_mapping,0.943
PAI-02933,PRJ-970850,OCMS-315341,PM-1020219,synthetic_direct_mapping,0.982
PAI-02934,PRJ-349598,OCMS-312301,PM-7678441,synthetic_direct_mapping,0.989
PAI-02935,PRJ-569419,OCMS-119526,PM-9045332,synthetic_direct_mapping,0.98
PAI-02936,PRJ-442992,OCMS-546918,PM-7279305,synthetic_direct_mapping,0.978
PAI-02937,PRJ-151353,OCMS-730259,PM-4594323,synthetic_direct_mapping,0.975
PAI-02938,PRJ-756369,OCMS-536188,PM-2629250,synthetic_direct_mapping,0.996
PAI-02939,PRJ-809966,OCMS-371196,PM-1167407,synthetic_direct_mapping,0.962
PAI-02940,PRJ-393025,OCMS-102736,PM-7514777,synthetic_direct_mapping,0.958
PAI-02941,PRJ-266288,OCMS-496408,PM-3113348,synthetic_direct_mapping,0.994
PAI-02942,PRJ-638781,OCMS-301010,PM-9568164,synthetic_direct_mapping,0.964
PAI-02943,PRJ-539817,OCMS-327061,PM-2527298,synthetic_direct_mapping,0.948
PAI-02944,PRJ-959072,OCMS-816860,PM-8696527,synthetic_direct_mapping,0.998
PAI-02945,PRJ-491961,OCMS-331619,PM-9597186,synthetic_direct_mapping,0.968
PAI-02946,PRJ-166379,OCMS-134594,PM-8554177,synthetic_direct_mapping,0.971
PAI-02947,PRJ-769690,OCMS-398465,PM-6466350,synthetic_direct_mapping,0.996
PAI-02948,PRJ-571556,OCMS-482253,PM-7299222,synthetic_direct_mapping,0.947
PAI-02949,PRJ-973776,OCMS-412325,PM-4252855,synthetic_direct_mapping,0.968
PAI-02950,PRJ-432055,OCMS-363799,PM-6455076,synthetic_direct_mapping,0.981
PAI-02951,PRJ-107059,OCMS-211206,PM-9810157,synthetic_direct_mapping,0.973
PAI-02952,PRJ-100402,OCMS-569381,PM-4135295,synthetic_direct_mapping,0.982
PAI-02953,PRJ-224789,OCMS-726968,PM-8553321,synthetic_direct_mapping,0.98
PAI-02954,PRJ-762369,OCMS-817357,PM-2507213,synthetic_direct_mapping,0.953
PAI-02955,PRJ-232369,OCMS-484818,PM-8270655,synthetic_direct_mapping,0.96
PAI-02956,PRJ-164811,OCMS-981131,PM-8723372,synthetic_direct_mapping,0.942
PAI-02957,PRJ-606995,OCMS-555629,PM-3472032,synthetic_direct_mapping,0.963
PAI-02958,PRJ-946650,OCMS-123899,PM-1662097,synthetic_direct_mapping,0.975
PAI-02959,PRJ-483590,OCMS-701844,PM-4334917,synthetic_direct_mapping,0.964
PAI-02960,PRJ-740467,OCMS-412142,PM-4724556,synthetic_direct_mapping,0.993
PAI-02961,PRJ-422490,OCMS-812315,PM-5317919,synthetic_direct_mapping,0.961
PAI-02962,PRJ-935600,OCMS-935750,PM-6591358,synthetic_direct_mapping,0.969
PAI-02963,PRJ-144312,OCMS-788778,PM-7587900,synthetic_direct_mapping,0.942
PAI-02964,PRJ-930837,OCMS-633772,PM-7736546,synthetic_direct_mapping,0.992
PAI-02965,PRJ-391613,OCMS-383284,PM-1963675,synthetic_direct_mapping,0.995
PAI-02966,PRJ-988515,OCMS-676825,PM-1211569,synthetic_direct_mapping,0.955
PAI-02967,PRJ-100944,OCMS-120039,PM-3914171,synthetic_direct_mapping,0.945
PAI-02968,PRJ-725674,OCMS-714908,PM-8079905,synthetic_direct_mapping,0.96
PAI-02969,PRJ-276515,OCMS-854346,PM-1096126,synthetic_direct_mapping,0.957
PAI-02970,PRJ-685484,OCMS-149786,PM-5534477,synthetic_direct_mapping,0.956
PAI-02971,PRJ-366430,OCMS-311427,PM-4992268,synthetic_direct_mapping,0.987
PAI-02972,PRJ-783092,OCMS-832476,PM-9489250,synthetic_direct_mapping,0.979
PAI-02973,PRJ-797019,OCMS-387849,PM-6237356,synthetic_direct_mapping,0.972
PAI-02974,PRJ-424285,OCMS-588091,PM-4175550,synthetic_direct_mapping,0.945
PAI-02975,PRJ-520854,OCMS-400814,PM-3939402,synthetic_direct_mapping,0.981
PAI-02976,PRJ-711716,OCMS-607615,PM-1144760,synthetic_direct_mapping,0.99
PAI-02977,PRJ-346213,OCMS-130551,PM-5551591,synthetic_direct_mapping,0.986
PAI-02978,PRJ-419109,OCMS-926665,PM-3260500,synthetic_direct_mapping,0.966
PAI-02979,PRJ-728998,OCMS-986487,PM-5770384,synthetic_direct_mapping,0.972
PAI-02980,PRJ-928241,OCMS-125073,PM-1668477,synthetic_direct_mapping,0.968
PAI-02981,PRJ-441097,OCMS-648836,PM-1240607,synthetic_direct_mapping,0.977
PAI-02982,PRJ-416147,OCMS-806889,PM-9767654,synthetic_direct_mapping,0.98
PAI-02983,PRJ-199732,OCMS-179683,PM-5489698,synthetic_direct_mapping,0.979
PAI-02984,PRJ-790971,OCMS-455737,PM-8843635,synthetic_direct_mapping,0.962
PAI-02985,PRJ-859002,OCMS-596333,PM-7112898,synthetic_direct_mapping,0.948
PAI-02986,PRJ-608021,OCMS-118323,PM-8562972,synthetic_direct_mapping,0.953
PAI-02987,PRJ-218250,OCMS-530085,PM-6377806,synthetic_direct_mapping,0.984
PAI-02988,PRJ-770957,OCMS-860339,PM-6779734,synthetic_direct_mapping,0.945
PAI-02989,PRJ-872930,OCMS-465352,PM-4713599,synthetic_direct_mapping,0.981
PAI-02990,PRJ-433539,OCMS-253361,PM-1330254,synthetic_direct_mapping,0.978
PAI-02991,PRJ-191462,OCMS-264731,PM-4056481,synthetic_direct_mapping,0.952
PAI-02992,PRJ-401451,OCMS-133150,PM-7308166,synthetic_direct_mapping,0.958
PAI-02993,PRJ-351871,OCMS-374242,PM-1902696,synthetic_direct_mapping,0.942
PAI-02994,PRJ-751197,OCMS-601073,PM-3484970,synthetic_direct_mapping,0.95
PAI-02995,PRJ-682928,OCMS-910653,PM-4281168,synthetic_direct_mapping,0.954
PAI-02996,PRJ-565481,OCMS-438181,PM-7763301,synthetic_direct_mapping,0.993
PAI-02997,PRJ-797681,OCMS-946628,PM-1170040,synthetic_direct_mapping,0.961
PAI-02998,PRJ-406895,OCMS-795702,PM-9436855,synthetic_direct_mapping,0.95
PAI-02999,PRJ-480485,OCMS-146984,PM-4342888,synthetic_direct_mapping,0.941
PAI-03000,PRJ-633069,OCMS-399343,PM-7503824,synthetic_direct_mapping,0.941
PAI-03001,PRJ-479009,OCMS-943949,PM-1853788,synthetic_direct_mapping,0.966
PAI-03002,PRJ-648277,OCMS-276913,PM-9672366,synthetic_direct_mapping,0.963
PAI-03003,PRJ-523351,OCMS-304007,PM-1338027,synthetic_direct_mapping,0.951
PAI-03004,PRJ-140361,OCMS-681378,PM-5907029,synthetic_direct_mapping,0.984
PAI-03005,PRJ-997089,OCMS-104290,PM-9288024,synthetic_direct_mapping,0.988
PAI-03006,PRJ-509032,OCMS-841551,PM-7903268,synthetic_direct_mapping,0.965
PAI-03007,PRJ-656419,OCMS-181883,PM-3645703,synthetic_direct_mapping,0.956
PAI-03008,PRJ-125571,OCMS-636604,PM-5901652,synthetic_direct_mapping,0.949
PAI-03009,PRJ-135241,OCMS-800607,PM-4098824,synthetic_direct_mapping,0.991
PAI-03010,PRJ-352067,OCMS-738432,PM-8779077,synthetic_direct_mapping,0.94
PAI-03011,PRJ-492650,OCMS-923380,PM-5634723,synthetic_direct_mapping,0.976
PAI-03012,PRJ-969947,OCMS-452848,PM-2958636,synthetic_direct_mapping,0.987
PAI-03013,PRJ-279581,OCMS-610805,PM-9295565,synthetic_direct_mapping,0.943
PAI-03014,PRJ-329039,OCMS-546844,PM-6261043,synthetic_direct_mapping,0.997
PAI-03015,PRJ-751496,OCMS-987868,PM-7592829,synthetic_direct_mapping,0.967
PAI-03016,PRJ-794154,OCMS-485140,PM-5850337,synthetic_direct_mapping,0.975
PAI-03017,PRJ-981918,OCMS-714958,PM-8775176,synthetic_direct_mapping,0.989
PAI-03018,PRJ-883121,OCMS-169075,PM-8698810,synthetic_direct_mapping,0.966
PAI-03019,PRJ-856180,OCMS-561976,PM-7578813,synthetic_direct_mapping,0.949
PAI-03020,PRJ-730946,OCMS-848581,PM-8255229,synthetic_direct_mapping,0.968
PAI-03021,PRJ-239257,OCMS-870766,PM-6222155,synthetic_direct_mapping,0.99
PAI-03022,PRJ-586637,OCMS-996460,PM-1226496,synthetic_direct_mapping,0.942
PAI-03023,PRJ-422754,OCMS-887855,PM-6077025,synthetic_direct_mapping,0.954
PAI-03024,PRJ-810329,OCMS-991730,PM-2336404,synthetic_direct_mapping,0.963
PAI-03025,PRJ-670910,OCMS-216291,PM-6012192,synthetic_direct_mapping,0.986
PAI-03026,PRJ-131411,OCMS-392482,PM-1244692,synthetic_direct_mapping,0.974
PAI-03027,PRJ-554986,OCMS-840185,PM-2503100,synthetic_direct_mapping,0.969
PAI-03028,PRJ-867099,OCMS-732261,PM-8326045,synthetic_direct_mapping,0.997
PAI-03029,PRJ-408610,OCMS-164075,PM-9697008,synthetic_direct_mapping,0.967
PAI-03030,PRJ-605783,OCMS-339137,PM-9490489,synthetic_direct_mapping,0.974
PAI-03031,PRJ-677782,OCMS-731646,PM-9878253,synthetic_direct_mapping,0.987
PAI-03032,PRJ-763740,OCMS-172664,PM-9609926,synthetic_direct_mapping,0.988
PAI-03033,PRJ-326037,OCMS-662101,PM-9042778,synthetic_direct_mapping,0.94
PAI-03034,PRJ-883911,OCMS-900640,PM-1083852,synthetic_direct_mapping,0.981
PAI-03035,PRJ-153574,OCMS-418217,PM-6863295,synthetic_direct_mapping,0.987
PAI-03036,PRJ-964199,OCMS-304080,PM-7398128,synthetic_direct_mapping,0.998
PAI-03037,PRJ-257326,OCMS-116540,PM-6843499,synthetic_direct_mapping,0.96
PAI-03038,PRJ-344861,OCMS-371805,PM-9275263,synthetic_direct_mapping,0.982
PAI-03039,PRJ-920790,OCMS-566851,PM-6218413,synthetic_direct_mapping,0.951
PAI-03040,PRJ-164358,OCMS-678143,PM-2981392,synthetic_direct_mapping,0.997
PAI-03041,PRJ-351079,OCMS-812706,PM-7733745,synthetic_direct_mapping,0.998
PAI-03042,PRJ-874036,OCMS-156543,PM-5585905,synthetic_direct_mapping,0.941
PAI-03043,PRJ-571964,OCMS-920110,PM-9832306,synthetic_direct_mapping,0.994
PAI-03044,PRJ-807687,OCMS-514164,PM-1636599,synthetic_direct_mapping,0.962
PAI-03045,PRJ-782887,OCMS-587710,PM-1095571,synthetic_direct_mapping,0.968
PAI-03046,PRJ-792856,OCMS-550028,PM-8877057,synthetic_direct_mapping,0.971
PAI-03047,PRJ-830120,OCMS-562419,PM-9831150,synthetic_direct_mapping,0.977
PAI-03048,PRJ-861127,OCMS-215445,PM-4442545,synthetic_direct_mapping,0.994
PAI-03049,PRJ-744060,OCMS-706088,PM-2561173,synthetic_direct_mapping,0.988
PAI-03050,PRJ-765364,OCMS-551817,PM-1586137,synthetic_direct_mapping,0.986
PAI-03051,PRJ-217096,OCMS-852498,PM-8608113,synthetic_direct_mapping,0.953
PAI-03052,PRJ-551549,OCMS-729376,PM-5037133,synthetic_direct_mapping,0.981
PAI-03053,PRJ-660463,OCMS-402933,PM-4167490,synthetic_direct_mapping,0.982
PAI-03054,PRJ-591428,OCMS-841201,PM-1494389,synthetic_direct_mapping,0.979
PAI-03055,PRJ-954103,OCMS-498192,PM-7784768,synthetic_direct_mapping,0.965
PAI-03056,PRJ-193427,OCMS-503835,PM-4882752,synthetic_direct_mapping,0.957
PAI-03057,PRJ-848996,OCMS-499017,PM-7104941,synthetic_direct_mapping,0.994
PAI-03058,PRJ-923432,OCMS-223428,PM-8354571,synthetic_direct_mapping,0.987
PAI-03059,PRJ-512056,OCMS-990104,PM-1372081,synthetic_direct_mapping,0.992
PAI-03060,PRJ-611102,OCMS-261182,PM-1694652,synthetic_direct_mapping,0.96
PAI-03061,PRJ-204596,OCMS-319914,PM-4756047,synthetic_direct_mapping,0.953
PAI-03062,PRJ-296769,OCMS-389794,PM-8628148,synthetic_direct_mapping,0.989
PAI-03063,PRJ-874473,OCMS-564269,PM-2421432,synthetic_direct_mapping,0.977
PAI-03064,PRJ-666762,OCMS-800499,PM-2651511,synthetic_direct_mapping,0.986
PAI-03065,PRJ-542654,OCMS-169322,PM-5922491,synthetic_direct_mapping,0.966
PAI-03066,PRJ-470206,OCMS-279568,PM-2064334,synthetic_direct_mapping,0.962
PAI-03067,PRJ-105345,OCMS-551340,PM-7122063,synthetic_direct_mapping,0.957
PAI-03068,PRJ-570465,OCMS-980190,PM-8701845,synthetic_direct_mapping,0.962
PAI-03069,PRJ-147478,OCMS-980798,PM-3849041,synthetic_direct_mapping,0.965
PAI-03070,PRJ-123356,OCMS-941254,PM-3396531,synthetic_direct_mapping,0.96
PAI-03071,PRJ-463124,OCMS-668789,PM-2216050,synthetic_direct_mapping,0.945
PAI-03072,PRJ-610424,OCMS-820095,PM-3237750,synthetic_direct_mapping,0.95
PAI-03073,PRJ-555255,OCMS-557155,PM-2638074,synthetic_direct_mapping,0.964
PAI-03074,PRJ-898974,OCMS-670390,PM-8325132,synthetic_direct_mapping,0.952
PAI-03075,PRJ-665140,OCMS-105077,PM-5841953,synthetic_direct_mapping,0.972
PAI-03076,PRJ-793641,OCMS-194986,PM-5186069,synthetic_direct_mapping,0.993
PAI-03077,PRJ-589317,OCMS-102121,PM-8321356,synthetic_direct_mapping,0.979
PAI-03078,PRJ-486602,OCMS-485009,PM-4620914,synthetic_direct_mapping,0.986
PAI-03079,PRJ-472444,OCMS-665147,PM-2132585,synthetic_direct_mapping,0.958
PAI-03080,PRJ-683657,OCMS-999394,PM-6241601,synthetic_direct_mapping,0.972
PAI-03081,PRJ-900305,OCMS-641317,PM-9116888,synthetic_direct_mapping,0.99
PAI-03082,PRJ-543228,OCMS-357594,PM-3611281,synthetic_direct_mapping,0.972
PAI-03083,PRJ-510773,OCMS-633298,PM-3140333,synthetic_direct_mapping,0.961
PAI-03084,PRJ-437127,OCMS-727867,PM-8723688,synthetic_direct_mapping,0.947
PAI-03085,PRJ-657768,OCMS-611903,PM-9741081,synthetic_direct_mapping,0.974
PAI-03086,PRJ-914497,OCMS-554810,PM-7788901,synthetic_direct_mapping,0.974
PAI-03087,PRJ-606318,OCMS-590637,PM-6815297,synthetic_direct_mapping,0.962
PAI-03088,PRJ-135554,OCMS-367791,PM-6061995,synthetic_direct_mapping,0.983
PAI-03089,PRJ-583077,OCMS-623523,PM-8733068,synthetic_direct_mapping,0.959
PAI-03090,PRJ-939394,OCMS-904619,PM-7687970,synthetic_direct_mapping,0.98
PAI-03091,PRJ-969626,OCMS-851556,PM-5555105,synthetic_direct_mapping,0.946
PAI-03092,PRJ-600301,OCMS-289971,PM-5548687,synthetic_direct_mapping,0.983
PAI-03093,PRJ-450246,OCMS-902100,PM-1877827,synthetic_direct_mapping,0.951
PAI-03094,PRJ-948336,OCMS-235310,PM-8600735,synthetic_direct_mapping,0.993
PAI-03095,PRJ-386357,OCMS-919362,PM-9380315,synthetic_direct_mapping,0.977
PAI-03096,PRJ-797844,OCMS-804587,PM-8288064,synthetic_direct_mapping,0.962
PAI-03097,PRJ-989942,OCMS-979693,PM-2190283,synthetic_direct_mapping,0.996
PAI-03098,PRJ-302362,OCMS-359273,PM-7917151,synthetic_direct_mapping,0.976
PAI-03099,PRJ-222418,OCMS-225102,PM-8414348,synthetic_direct_mapping,0.953
PAI-03100,PRJ-799054,OCMS-334664,PM-1695374,synthetic_direct_mapping,0.978
PAI-03101,PRJ-204618,OCMS-459826,PM-3636147,synthetic_direct_mapping,0.976
PAI-03102,PRJ-979389,OCMS-993010,PM-7361908,synthetic_direct_mapping,0.979
PAI-03103,PRJ-845220,OCMS-714717,PM-1198556,synthetic_direct_mapping,0.952
PAI-03104,PRJ-349515,OCMS-182296,PM-6867483,synthetic_direct_mapping,0.986
PAI-03105,PRJ-177420,OCMS-471839,PM-6157085,synthetic_direct_mapping,0.981
PAI-03106,PRJ-196793,OCMS-325870,PM-9447408,synthetic_direct_mapping,0.985
PAI-03107,PRJ-938678,OCMS-417262,PM-1424029,synthetic_direct_mapping,0.99
PAI-03108,PRJ-282837,OCMS-350547,PM-3078137,synthetic_direct_mapping,0.988
PAI-03109,PRJ-448123,OCMS-352112,PM-5161793,synthetic_direct_mapping,0.965
PAI-03110,PRJ-707480,OCMS-205545,PM-7943112,synthetic_direct_mapping,0.962
PAI-03111,PRJ-299102,OCMS-830844,PM-7939930,synthetic_direct_mapping,0.991
PAI-03112,PRJ-165910,OCMS-369606,PM-1725409,synthetic_direct_mapping,0.99
PAI-03113,PRJ-152324,OCMS-512631,PM-1820911,synthetic_direct_mapping,0.963
PAI-03114,PRJ-247332,OCMS-901381,PM-2290688,synthetic_direct_mapping,0.986
PAI-03115,PRJ-394841,OCMS-394746,PM-2677555,synthetic_direct_mapping,0.952
PAI-03116,PRJ-922064,OCMS-760765,PM-2858566,synthetic_direct_mapping,0.996
PAI-03117,PRJ-809990,OCMS-997480,PM-7423112,synthetic_direct_mapping,0.952
PAI-03118,PRJ-890263,OCMS-115943,PM-5192467,synthetic_direct_mapping,0.998
PAI-03119,PRJ-598194,OCMS-707255,PM-8738803,synthetic_direct_mapping,0.951
PAI-03120,PRJ-768550,OCMS-347401,PM-5246230,synthetic_direct_mapping,0.999
PAI-03121,PRJ-272303,OCMS-433587,PM-9036950,synthetic_direct_mapping,0.995
PAI-03122,PRJ-809185,OCMS-848463,PM-1710879,synthetic_direct_mapping,0.997
PAI-03123,PRJ-260184,OCMS-506681,PM-5321750,synthetic_direct_mapping,0.976
PAI-03124,PRJ-659661,OCMS-219167,PM-9672089,synthetic_direct_mapping,0.979
PAI-03125,PRJ-178622,OCMS-336446,PM-1460847,synthetic_direct_mapping,0.955
PAI-03126,PRJ-940389,OCMS-382122,PM-8370974,synthetic_direct_mapping,0.982
PAI-03127,PRJ-461275,OCMS-213299,PM-1124192,synthetic_direct_mapping,0.971
PAI-03128,PRJ-964407,OCMS-704654,PM-7907399,synthetic_direct_mapping,0.952
PAI-03129,PRJ-628136,OCMS-209056,PM-9699255,synthetic_direct_mapping,0.941
PAI-03130,PRJ-795077,OCMS-593233,PM-8341128,synthetic_direct_mapping,0.942
PAI-03131,PRJ-897979,OCMS-646032,PM-4796989,synthetic_direct_mapping,0.998
PAI-03132,PRJ-756655,OCMS-143053,PM-2597804,synthetic_direct_mapping,0.965
PAI-03133,PRJ-935408,OCMS-558590,PM-3457484,synthetic_direct_mapping,0.966
PAI-03134,PRJ-577915,OCMS-430704,PM-8916024,synthetic_direct_mapping,0.96
PAI-03135,PRJ-235660,OCMS-324722,PM-6831911,synthetic_direct_mapping,0.976
PAI-03136,PRJ-601681,OCMS-440617,PM-4964316,synthetic_direct_mapping,0.97
PAI-03137,PRJ-871265,OCMS-632026,PM-3582289,synthetic_direct_mapping,0.954
PAI-03138,PRJ-187807,OCMS-264864,PM-5585871,synthetic_direct_mapping,0.996
PAI-03139,PRJ-506014,OCMS-139635,PM-6637260,synthetic_direct_mapping,0.943
PAI-03140,PRJ-720786,OCMS-433510,PM-3417436,synthetic_direct_mapping,0.99
PAI-03141,PRJ-843966,OCMS-390880,PM-5328672,synthetic_direct_mapping,0.97
PAI-03142,PRJ-194966,OCMS-802108,PM-4258471,synthetic_direct_mapping,0.961
PAI-03143,PRJ-523758,OCMS-306367,PM-6034689,synthetic_direct_mapping,0.942
PAI-03144,PRJ-973518,OCMS-690411,PM-7633630,synthetic_direct_mapping,0.948
PAI-03145,PRJ-649038,OCMS-937859,PM-6470355,synthetic_direct_mapping,0.948
PAI-03146,PRJ-169090,OCMS-724505,PM-4877195,synthetic_direct_mapping,0.998
PAI-03147,PRJ-226175,OCMS-253347,PM-9837024,synthetic_direct_mapping,0.989
PAI-03148,PRJ-381321,OCMS-741904,PM-4685931,synthetic_direct_mapping,0.969
PAI-03149,PRJ-672578,OCMS-333575,PM-4181731,synthetic_direct_mapping,0.96
PAI-03150,PRJ-271317,OCMS-956631,PM-6141445,synthetic_direct_mapping,0.976
PAI-03151,PRJ-982050,OCMS-785644,PM-5311184,synthetic_direct_mapping,0.983
PAI-03152,PRJ-563409,OCMS-224061,PM-5003030,synthetic_direct_mapping,0.987
PAI-03153,PRJ-427496,OCMS-875592,PM-9824709,synthetic_direct_mapping,0.949
PAI-03154,PRJ-956908,OCMS-874632,PM-7574431,synthetic_direct_mapping,0.975
PAI-03155,PRJ-280351,OCMS-378654,PM-7157609,synthetic_direct_mapping,0.968
PAI-03156,PRJ-154508,OCMS-412386,PM-4604968,synthetic_direct_mapping,0.977
PAI-03157,PRJ-953276,OCMS-784796,PM-6707725,synthetic_direct_mapping,0.967
PAI-03158,PRJ-539170,OCMS-291644,PM-4590636,synthetic_direct_mapping,0.949
PAI-03159,PRJ-463005,OCMS-257000,PM-3268371,synthetic_direct_mapping,0.946
PAI-03160,PRJ-965737,OCMS-587809,PM-2248004,synthetic_direct_mapping,0.945
PAI-03161,PRJ-224988,OCMS-670662,PM-4640310,synthetic_direct_mapping,0.961
PAI-03162,PRJ-880102,OCMS-604797,PM-8680070,synthetic_direct_mapping,0.951
PAI-03163,PRJ-388278,OCMS-696895,PM-7643625,synthetic_direct_mapping,0.947
PAI-03164,PRJ-674679,OCMS-717935,PM-1239483,synthetic_direct_mapping,0.966
PAI-03165,PRJ-131179,OCMS-953421,PM-7829970,synthetic_direct_mapping,0.963
PAI-03166,PRJ-352544,OCMS-107337,PM-7673652,synthetic_direct_mapping,0.993
PAI-03167,PRJ-111403,OCMS-750445,PM-7770957,synthetic_direct_mapping,0.971
PAI-03168,PRJ-758024,OCMS-409056,PM-6520336,synthetic_direct_mapping,0.976
PAI-03169,PRJ-753411,OCMS-904755,PM-7438661,synthetic_direct_mapping,0.942
PAI-03170,PRJ-969609,OCMS-912640,PM-6533023,synthetic_direct_mapping,0.993
PAI-03171,PRJ-918639,OCMS-912060,PM-1704949,synthetic_direct_mapping,0.972
PAI-03172,PRJ-520109,OCMS-570742,PM-6267789,synthetic_direct_mapping,0.984
PAI-03173,PRJ-457255,OCMS-776223,PM-7541107,synthetic_direct_mapping,0.963
PAI-03174,PRJ-142546,OCMS-904842,PM-7932292,synthetic_direct_mapping,0.947
PAI-03175,PRJ-662530,OCMS-144007,PM-1643004,synthetic_direct_mapping,0.978
PAI-03176,PRJ-308486,OCMS-873346,PM-7332309,synthetic_direct_mapping,0.953
PAI-03177,PRJ-390308,OCMS-117558,PM-2624523,synthetic_direct_mapping,0.945
PAI-03178,PRJ-216351,OCMS-723001,PM-7661738,synthetic_direct_mapping,0.968
PAI-03179,PRJ-304566,OCMS-388166,PM-3196525,synthetic_direct_mapping,0.955
PAI-03180,PRJ-394735,OCMS-889452,PM-1694846,synthetic_direct_mapping,0.986
PAI-03181,PRJ-395340,OCMS-634962,PM-9632010,synthetic_direct_mapping,0.994
PAI-03182,PRJ-852817,OCMS-629468,PM-1103617,synthetic_direct_mapping,0.976
PAI-03183,PRJ-567790,OCMS-897139,PM-1357581,synthetic_direct_mapping,0.969
PAI-03184,PRJ-220647,OCMS-485780,PM-1180420,synthetic_direct_mapping,0.973
PAI-03185,PRJ-422109,OCMS-554551,PM-4131176,synthetic_direct_mapping,0.952
PAI-03186,PRJ-514313,OCMS-340555,PM-3928196,synthetic_direct_mapping,0.975
PAI-03187,PRJ-818830,OCMS-480222,PM-2956897,synthetic_direct_mapping,0.993
PAI-03188,PRJ-284817,OCMS-190513,PM-8226285,synthetic_direct_mapping,0.974
PAI-03189,PRJ-991747,OCMS-233765,PM-3180998,synthetic_direct_mapping,0.984
PAI-03190,PRJ-314206,OCMS-255831,PM-7271997,synthetic_direct_mapping,0.961
PAI-03191,PRJ-703717,OCMS-364651,PM-2861954,synthetic_direct_mapping,0.987
PAI-03192,PRJ-490965,OCMS-426275,PM-9041893,synthetic_direct_mapping,0.987
PAI-03193,PRJ-170646,OCMS-283828,PM-8242560,synthetic_direct_mapping,0.952
PAI-03194,PRJ-754941,OCMS-431121,PM-4803002,synthetic_direct_mapping,0.965
PAI-03195,PRJ-107381,OCMS-678765,PM-6678182,synthetic_direct_mapping,0.984
PAI-03196,PRJ-220425,OCMS-908427,PM-5331880,synthetic_direct_mapping,0.979
PAI-03197,PRJ-100159,OCMS-720764,PM-5908636,synthetic_direct_mapping,0.965
PAI-03198,PRJ-667798,OCMS-943237,PM-4532429,synthetic_direct_mapping,0.972
PAI-03199,PRJ-908518,OCMS-388290,PM-6911275,synthetic_direct_mapping,0.942
PAI-03200,PRJ-593621,OCMS-279596,PM-8380412,synthetic_direct_mapping,0.996
PAI-03201,PRJ-836933,OCMS-386632,PM-3090415,synthetic_direct_mapping,0.976
PAI-03202,PRJ-808022,OCMS-646064,PM-6512498,synthetic_direct_mapping,0.973
PAI-03203,PRJ-988001,OCMS-779085,PM-5354134,synthetic_direct_mapping,0.949
PAI-03204,PRJ-474742,OCMS-357249,PM-2259796,synthetic_direct_mapping,0.99
PAI-03205,PRJ-824415,OCMS-788975,PM-5025940,synthetic_direct_mapping,0.955
PAI-03206,PRJ-307845,OCMS-136465,PM-1983941,synthetic_direct_mapping,0.943
PAI-03207,PRJ-691483,OCMS-926360,PM-7696023,synthetic_direct_mapping,0.953
PAI-03208,PRJ-226890,OCMS-309630,PM-6920371,synthetic_direct_mapping,0.963
PAI-03209,PRJ-668491,OCMS-225367,PM-8219705,synthetic_direct_mapping,0.976
PAI-03210,PRJ-796314,OCMS-703383,PM-3122476,synthetic_direct_mapping,0.997
PAI-03211,PRJ-327651,OCMS-188835,PM-4079916,synthetic_direct_mapping,0.953
PAI-03212,PRJ-695812,OCMS-443620,PM-6667570,synthetic_direct_mapping,0.967
PAI-03213,PRJ-353456,OCMS-326234,PM-1474310,synthetic_direct_mapping,0.991
PAI-03214,PRJ-796961,OCMS-487466,PM-8983973,synthetic_direct_mapping,0.953
PAI-03215,PRJ-293636,OCMS-548090,PM-3587961,synthetic_direct_mapping,0.992
PAI-03216,PRJ-462262,OCMS-479607,PM-1568463,synthetic_direct_mapping,0.941
PAI-03217,PRJ-188161,OCMS-821942,PM-1845142,synthetic_direct_mapping,0.959
PAI-03218,PRJ-246367,OCMS-907537,PM-7507151,synthetic_direct_mapping,0.956
PAI-03219,PRJ-193231,OCMS-394793,PM-9916197,synthetic_direct_mapping,0.957
PAI-03220,PRJ-433100,OCMS-648272,PM-2750817,synthetic_direct_mapping,0.97
PAI-03221,PRJ-384643,OCMS-903479,PM-7078137,synthetic_direct_mapping,0.973
PAI-03222,PRJ-182818,OCMS-812580,PM-9566707,synthetic_direct_mapping,0.99
PAI-03223,PRJ-866179,OCMS-860847,PM-1961602,synthetic_direct_mapping,0.972
PAI-03224,PRJ-837736,OCMS-145476,PM-3826276,synthetic_direct_mapping,0.988
PAI-03225,PRJ-545690,OCMS-667175,PM-7044661,synthetic_direct_mapping,0.963
PAI-03226,PRJ-764845,OCMS-855640,PM-8342036,synthetic_direct_mapping,0.98
PAI-03227,PRJ-575112,OCMS-169060,PM-6803905,synthetic_direct_mapping,0.942
PAI-03228,PRJ-207177,OCMS-541943,PM-3155875,synthetic_direct_mapping,0.97
PAI-03229,PRJ-768861,OCMS-666232,PM-5643478,synthetic_direct_mapping,0.967
PAI-03230,PRJ-621924,OCMS-320226,PM-3769018,synthetic_direct_mapping,0.993
PAI-03231,PRJ-890700,OCMS-565142,PM-3005406,synthetic_direct_mapping,0.96
PAI-03232,PRJ-642445,OCMS-496088,PM-7831419,synthetic_direct_mapping,0.97
PAI-03233,PRJ-431949,OCMS-698844,PM-5678164,synthetic_direct_mapping,0.951
PAI-03234,PRJ-159629,OCMS-684707,PM-5027894,synthetic_direct_mapping,0.967
PAI-03235,PRJ-921565,OCMS-843911,PM-3967588,synthetic_direct_mapping,0.979
PAI-03236,PRJ-798280,OCMS-958902,PM-8430182,synthetic_direct_mapping,0.976
PAI-03237,PRJ-163578,OCMS-463943,PM-9889073,synthetic_direct_mapping,0.971
PAI-03238,PRJ-359242,OCMS-150520,PM-3385314,synthetic_direct_mapping,0.974
PAI-03239,PRJ-209681,OCMS-461262,PM-1433847,synthetic_direct_mapping,0.968
PAI-03240,PRJ-987109,OCMS-603857,PM-8306936,synthetic_direct_mapping,0.945
PAI-03241,PRJ-247172,OCMS-707190,PM-2054587,synthetic_direct_mapping,0.959
PAI-03242,PRJ-699031,OCMS-609205,PM-3750939,synthetic_direct_mapping,0.959
PAI-03243,PRJ-161923,OCMS-804863,PM-4876436,synthetic_direct_mapping,0.98
PAI-03244,PRJ-988878,OCMS-806463,PM-9490434,synthetic_direct_mapping,0.941
PAI-03245,PRJ-388531,OCMS-925929,PM-4200557,synthetic_direct_mapping,0.996
PAI-03246,PRJ-774036,OCMS-222131,PM-6443744,synthetic_direct_mapping,0.965
PAI-03247,PRJ-569606,OCMS-739490,PM-4569725,synthetic_direct_mapping,0.965
PAI-03248,PRJ-405641,OCMS-211905,PM-5031863,synthetic_direct_mapping,0.954
PAI-03249,PRJ-935414,OCMS-300413,PM-4824072,synthetic_direct_mapping,0.997
PAI-03250,PRJ-564603,OCMS-780093,PM-2565646,synthetic_direct_mapping,0.976
PAI-03251,PRJ-641588,OCMS-489602,PM-5760999,synthetic_direct_mapping,0.967
PAI-03252,PRJ-659748,OCMS-145554,PM-4603309,synthetic_direct_mapping,0.994
PAI-03253,PRJ-124535,OCMS-222828,PM-7992242,synthetic_direct_mapping,0.984
PAI-03254,PRJ-859348,OCMS-819643,PM-3759871,synthetic_direct_mapping,0.957
PAI-03255,PRJ-698127,OCMS-347880,PM-2758688,synthetic_direct_mapping,0.949
PAI-03256,PRJ-420466,OCMS-201644,PM-7156802,synthetic_direct_mapping,0.951
PAI-03257,PRJ-545525,OCMS-622774,PM-6959470,synthetic_direct_mapping,0.946
PAI-03258,PRJ-670504,OCMS-777160,PM-2131861,synthetic_direct_mapping,0.943
PAI-03259,PRJ-442762,OCMS-542553,PM-2756108,synthetic_direct_mapping,0.997
PAI-03260,PRJ-783542,OCMS-528496,PM-9965348,synthetic_direct_mapping,0.942
PAI-03261,PRJ-440927,OCMS-677844,PM-8502659,synthetic_direct_mapping,0.971
PAI-03262,PRJ-778425,OCMS-232795,PM-5667225,synthetic_direct_mapping,0.948
PAI-03263,PRJ-264465,OCMS-206496,PM-6142440,synthetic_direct_mapping,0.973
PAI-03264,PRJ-783847,OCMS-323113,PM-8850560,synthetic_direct_mapping,0.994
PAI-03265,PRJ-869691,OCMS-631701,PM-1557367,synthetic_direct_mapping,0.993
PAI-03266,PRJ-197440,OCMS-931511,PM-9843026,synthetic_direct_mapping,0.99
PAI-03267,PRJ-583664,OCMS-839994,PM-6565837,synthetic_direct_mapping,0.952
PAI-03268,PRJ-690798,OCMS-803467,PM-4074105,synthetic_direct_mapping,0.976
PAI-03269,PRJ-750510,OCMS-398072,PM-2061439,synthetic_direct_mapping,0.976
PAI-03270,PRJ-352650,OCMS-560350,PM-2028268,synthetic_direct_mapping,0.94
PAI-03271,PRJ-133090,OCMS-367388,PM-3472952,synthetic_direct_mapping,0.963
PAI-03272,PRJ-453702,OCMS-923735,PM-1996741,synthetic_direct_mapping,0.966
PAI-03273,PRJ-370060,OCMS-266752,PM-4764612,synthetic_direct_mapping,0.978
PAI-03274,PRJ-661397,OCMS-634712,PM-1681797,synthetic_direct_mapping,0.944
PAI-03275,PRJ-866203,OCMS-772405,PM-9870182,synthetic_direct_mapping,0.99
PAI-03276,PRJ-285508,OCMS-227759,PM-2106397,synthetic_direct_mapping,0.991
PAI-03277,PRJ-943936,OCMS-704428,PM-8038260,synthetic_direct_mapping,0.945
PAI-03278,PRJ-364185,OCMS-388101,PM-5648786,synthetic_direct_mapping,0.948
PAI-03279,PRJ-943161,OCMS-834999,PM-8389319,synthetic_direct_mapping,0.997
PAI-03280,PRJ-829002,OCMS-997495,PM-2361061,synthetic_direct_mapping,0.979
PAI-03281,PRJ-921863,OCMS-710526,PM-3312087,synthetic_direct_mapping,0.967
PAI-03282,PRJ-413266,OCMS-139575,PM-2242671,synthetic_direct_mapping,0.989
PAI-03283,PRJ-653986,OCMS-155053,PM-2864350,synthetic_direct_mapping,0.956
PAI-03284,PRJ-362880,OCMS-768823,PM-7045085,synthetic_direct_mapping,0.986
PAI-03285,PRJ-375101,OCMS-344465,PM-1839926,synthetic_direct_mapping,0.954
PAI-03286,PRJ-415588,OCMS-202017,PM-3464353,synthetic_direct_mapping,0.957
PAI-03287,PRJ-850632,OCMS-454596,PM-1433808,synthetic_direct_mapping,0.948
PAI-03288,PRJ-319929,OCMS-211687,PM-2972981,synthetic_direct_mapping,0.999
PAI-03289,PRJ-937634,OCMS-426425,PM-9115896,synthetic_direct_mapping,0.944
PAI-03290,PRJ-195405,OCMS-894867,PM-4043339,synthetic_direct_mapping,0.973
PAI-03291,PRJ-380222,OCMS-470678,PM-9325074,synthetic_direct_mapping,0.983
PAI-03292,PRJ-440014,OCMS-179376,PM-5176497,synthetic_direct_mapping,0.958
PAI-03293,PRJ-564559,OCMS-395478,PM-7049635,synthetic_direct_mapping,0.995
PAI-03294,PRJ-311086,OCMS-589449,PM-8417027,synthetic_direct_mapping,0.979
PAI-03295,PRJ-406690,OCMS-362632,PM-7434010,synthetic_direct_mapping,0.994
PAI-03296,PRJ-338023,OCMS-790244,PM-7759647,synthetic_direct_mapping,0.983
PAI-03297,PRJ-605890,OCMS-760078,PM-5237348,synthetic_direct_mapping,0.942
PAI-03298,PRJ-786787,OCMS-204524,PM-8039218,synthetic_direct_mapping,0.975
PAI-03299,PRJ-510401,OCMS-573153,PM-8146578,synthetic_direct_mapping,0.984
PAI-03300,PRJ-837522,OCMS-199705,PM-4389752,synthetic_direct_mapping,0.985
PAI-03301,PRJ-222473,OCMS-721573,PM-2454526,synthetic_direct_mapping,0.944
PAI-03302,PRJ-666358,OCMS-142420,PM-2044213,synthetic_direct_mapping,0.97
PAI-03303,PRJ-601173,OCMS-890119,PM-2533294,synthetic_direct_mapping,0.989
PAI-03304,PRJ-530381,OCMS-689687,PM-4623912,synthetic_direct_mapping,0.989
PAI-03305,PRJ-364607,OCMS-418580,PM-4056202,synthetic_direct_mapping,0.987
PAI-03306,PRJ-600794,OCMS-521607,PM-5229230,synthetic_direct_mapping,0.99
PAI-03307,PRJ-136963,OCMS-505072,PM-4413226,synthetic_direct_mapping,0.95
PAI-03308,PRJ-638624,OCMS-917686,PM-4867599,synthetic_direct_mapping,0.969
PAI-03309,PRJ-160477,OCMS-408451,PM-9218257,synthetic_direct_mapping,0.998
PAI-03310,PRJ-551450,OCMS-305316,PM-1125836,synthetic_direct_mapping,0.965
PAI-03311,PRJ-331487,OCMS-716932,PM-5168158,synthetic_direct_mapping,0.993
PAI-03312,PRJ-364890,OCMS-875526,PM-3085881,synthetic_direct_mapping,0.997
PAI-03313,PRJ-439564,OCMS-889852,PM-2472520,synthetic_direct_mapping,0.96
PAI-03314,PRJ-517728,OCMS-587925,PM-4278875,synthetic_direct_mapping,0.985
PAI-03315,PRJ-982522,OCMS-396516,PM-9146804,synthetic_direct_mapping,0.962
PAI-03316,PRJ-411738,OCMS-382834,PM-3293213,synthetic_direct_mapping,0.952
PAI-03317,PRJ-224591,OCMS-206138,PM-4966815,synthetic_direct_mapping,0.978
PAI-03318,PRJ-950297,OCMS-857390,PM-9786432,synthetic_direct_mapping,0.985
PAI-03319,PRJ-669496,OCMS-769589,PM-9715735,synthetic_direct_mapping,0.959
PAI-03320,PRJ-267472,OCMS-809676,PM-1526409,synthetic_direct_mapping,0.961
PAI-03321,PRJ-976719,OCMS-962075,PM-1309834,synthetic_direct_mapping,0.952
PAI-03322,PRJ-251361,OCMS-149260,PM-3165212,synthetic_direct_mapping,0.983
PAI-03323,PRJ-926023,OCMS-820508,PM-7502170,synthetic_direct_mapping,0.997
PAI-03324,PRJ-291799,OCMS-605462,PM-3579149,synthetic_direct_mapping,0.977
PAI-03325,PRJ-367930,OCMS-290422,PM-2540608,synthetic_direct_mapping,0.971
PAI-03326,PRJ-302507,OCMS-759573,PM-7245324,synthetic_direct_mapping,0.953
PAI-03327,PRJ-650611,OCMS-611490,PM-9232277,synthetic_direct_mapping,0.958
PAI-03328,PRJ-667072,OCMS-408875,PM-5808444,synthetic_direct_mapping,0.988
PAI-03329,PRJ-692522,OCMS-450437,PM-4408035,synthetic_direct_mapping,0.949
PAI-03330,PRJ-200408,OCMS-359651,PM-5367245,synthetic_direct_mapping,0.953
PAI-03331,PRJ-991339,OCMS-339881,PM-6177624,synthetic_direct_mapping,0.977
PAI-03332,PRJ-142616,OCMS-357109,PM-2402533,synthetic_direct_mapping,0.944
PAI-03333,PRJ-713777,OCMS-652288,PM-5932712,synthetic_direct_mapping,0.976
PAI-03334,PRJ-405782,OCMS-543008,PM-9187942,synthetic_direct_mapping,0.982
PAI-03335,PRJ-999302,OCMS-862649,PM-1912366,synthetic_direct_mapping,0.955
PAI-03336,PRJ-446085,OCMS-184125,PM-3608118,synthetic_direct_mapping,0.998
PAI-03337,PRJ-758694,OCMS-139131,PM-9517447,synthetic_direct_mapping,0.964
PAI-03338,PRJ-539002,OCMS-508623,PM-9232959,synthetic_direct_mapping,0.948
PAI-03339,PRJ-782474,OCMS-974624,PM-6173082,synthetic_direct_mapping,0.974
PAI-03340,PRJ-918308,OCMS-926739,PM-5022483,synthetic_direct_mapping,0.985
PAI-03341,PRJ-565294,OCMS-408334,PM-2675266,synthetic_direct_mapping,0.989
PAI-03342,PRJ-846254,OCMS-496771,PM-2784770,synthetic_direct_mapping,0.961
PAI-03343,PRJ-965531,OCMS-352067,PM-3769459,synthetic_direct_mapping,0.975
PAI-03344,PRJ-561706,OCMS-455171,PM-6573168,synthetic_direct_mapping,0.979
PAI-03345,PRJ-177198,OCMS-832921,PM-3676473,synthetic_direct_mapping,0.948
PAI-03346,PRJ-674728,OCMS-620528,PM-7349957,synthetic_direct_mapping,0.989
PAI-03347,PRJ-331013,OCMS-181582,PM-4616238,synthetic_direct_mapping,0.975
PAI-03348,PRJ-732191,OCMS-620983,PM-4907391,synthetic_direct_mapping,0.988
PAI-03349,PRJ-348472,OCMS-147138,PM-5135448,synthetic_direct_mapping,0.991
PAI-03350,PRJ-716113,OCMS-950828,PM-2658904,synthetic_direct_mapping,0.98
PAI-03351,PRJ-551465,OCMS-736621,PM-8667039,synthetic_direct_mapping,0.984
PAI-03352,PRJ-388306,OCMS-334700,PM-4993338,synthetic_direct_mapping,0.957
PAI-03353,PRJ-256589,OCMS-335028,PM-5455351,synthetic_direct_mapping,0.979
PAI-03354,PRJ-814965,OCMS-573890,PM-4340702,synthetic_direct_mapping,0.986
PAI-03355,PRJ-915926,OCMS-529320,PM-5259942,synthetic_direct_mapping,0.94
PAI-03356,PRJ-436725,OCMS-189366,PM-5354312,synthetic_direct_mapping,0.973
PAI-03357,PRJ-282865,OCMS-727814,PM-9904159,synthetic_direct_mapping,0.94
PAI-03358,PRJ-406274,OCMS-222902,PM-9648624,synthetic_direct_mapping,0.946
PAI-03359,PRJ-369261,OCMS-789305,PM-3579722,synthetic_direct_mapping,0.975
PAI-03360,PRJ-368455,OCMS-445333,PM-7143452,synthetic_direct_mapping,0.945
PAI-03361,PRJ-607705,OCMS-128767,PM-5930289,synthetic_direct_mapping,0.978
PAI-03362,PRJ-678969,OCMS-438493,PM-8557950,synthetic_direct_mapping,0.994
PAI-03363,PRJ-256879,OCMS-582439,PM-8636947,synthetic_direct_mapping,0.97
PAI-03364,PRJ-971819,OCMS-545030,PM-5185494,synthetic_direct_mapping,0.955
PAI-03365,PRJ-848684,OCMS-918489,PM-5311886,synthetic_direct_mapping,0.976
PAI-03366,PRJ-869904,OCMS-881932,PM-6513256,synthetic_direct_mapping,0.945
PAI-03367,PRJ-435741,OCMS-115545,PM-8524344,synthetic_direct_mapping,0.977
PAI-03368,PRJ-858470,OCMS-526207,PM-2322446,synthetic_direct_mapping,0.979
PAI-03369,PRJ-863639,OCMS-818864,PM-4002538,synthetic_direct_mapping,0.965
PAI-03370,PRJ-146031,OCMS-905774,PM-4724049,synthetic_direct_mapping,0.986
PAI-03371,PRJ-943549,OCMS-916199,PM-7093624,synthetic_direct_mapping,0.943
PAI-03372,PRJ-877415,OCMS-991459,PM-1607628,synthetic_direct_mapping,0.944
PAI-03373,PRJ-354568,OCMS-792698,PM-5336815,synthetic_direct_mapping,0.957
PAI-03374,PRJ-101972,OCMS-788580,PM-1977763,synthetic_direct_mapping,0.959
PAI-03375,PRJ-727067,OCMS-326202,PM-6735755,synthetic_direct_mapping,0.954
PAI-03376,PRJ-896983,OCMS-856786,PM-2833122,synthetic_direct_mapping,0.977
PAI-03377,PRJ-136156,OCMS-595354,PM-2005427,synthetic_direct_mapping,0.987
PAI-03378,PRJ-131815,OCMS-388358,PM-6704359,synthetic_direct_mapping,0.981
PAI-03379,PRJ-860070,OCMS-571414,PM-7627820,synthetic_direct_mapping,0.94
PAI-03380,PRJ-106885,OCMS-366575,PM-8137182,synthetic_direct_mapping,0.978
PAI-03381,PRJ-991663,OCMS-656836,PM-8894816,synthetic_direct_mapping,0.987
PAI-03382,PRJ-753122,OCMS-855628,PM-3799646,synthetic_direct_mapping,0.987
PAI-03383,PRJ-554963,OCMS-450112,PM-1915358,synthetic_direct_mapping,0.95
PAI-03384,PRJ-277674,OCMS-946864,PM-3808741,synthetic_direct_mapping,0.944
PAI-03385,PRJ-972336,OCMS-970834,PM-8956789,synthetic_direct_mapping,0.956
PAI-03386,PRJ-959255,OCMS-135380,PM-8331761,synthetic_direct_mapping,0.976
PAI-03387,PRJ-717505,OCMS-478107,PM-8962632,synthetic_direct_mapping,0.96
PAI-03388,PRJ-950858,OCMS-126532,PM-4939026,synthetic_direct_mapping,0.989
PAI-03389,PRJ-281666,OCMS-314236,PM-6005927,synthetic_direct_mapping,0.966
PAI-03390,PRJ-836887,OCMS-977196,PM-3199452,synthetic_direct_mapping,0.968
PAI-03391,PRJ-872167,OCMS-237425,PM-3000924,synthetic_direct_mapping,0.969
PAI-03392,PRJ-690430,OCMS-182218,PM-5445133,synthetic_direct_mapping,0.965
PAI-03393,PRJ-367322,OCMS-371179,PM-9151206,synthetic_direct_mapping,0.982
PAI-03394,PRJ-991867,OCMS-262422,PM-1166341,synthetic_direct_mapping,0.979
PAI-03395,PRJ-340564,OCMS-193775,PM-1627066,synthetic_direct_mapping,0.975
PAI-03396,PRJ-872858,OCMS-322174,PM-1520108,synthetic_direct_mapping,0.974
PAI-03397,PRJ-426457,OCMS-214014,PM-3651473,synthetic_direct_mapping,0.947
PAI-03398,PRJ-474979,OCMS-520793,PM-7253926,synthetic_direct_mapping,0.966
PAI-03399,PRJ-587388,OCMS-515982,PM-7211460,synthetic_direct_mapping,0.954
PAI-03400,PRJ-189967,OCMS-260490,PM-3243650,synthetic_direct_mapping,0.981
PAI-03401,PRJ-191097,OCMS-366909,PM-8579078,synthetic_direct_mapping,0.947
PAI-03402,PRJ-299016,OCMS-505349,PM-5003290,synthetic_direct_mapping,0.975
PAI-03403,PRJ-618265,OCMS-891452,PM-6337281,synthetic_direct_mapping,0.943
PAI-03404,PRJ-492645,OCMS-688382,PM-7424447,synthetic_direct_mapping,0.97
PAI-03405,PRJ-160529,OCMS-932137,PM-4560419,synthetic_direct_mapping,0.969
PAI-03406,PRJ-168433,OCMS-986363,PM-6848934,synthetic_direct_mapping,0.99
PAI-03407,PRJ-737509,OCMS-836380,PM-8936186,synthetic_direct_mapping,0.966
PAI-03408,PRJ-631843,OCMS-380685,PM-9181725,synthetic_direct_mapping,0.951
PAI-03409,PRJ-864816,OCMS-166384,PM-4278472,synthetic_direct_mapping,0.986
PAI-03410,PRJ-960541,OCMS-529388,PM-6588856,synthetic_direct_mapping,0.982
PAI-03411,PRJ-321524,OCMS-429619,PM-3315999,synthetic_direct_mapping,0.968
PAI-03412,PRJ-861264,OCMS-863159,PM-4246516,synthetic_direct_mapping,0.967
PAI-03413,PRJ-528144,OCMS-241057,PM-7299240,synthetic_direct_mapping,0.96
PAI-03414,PRJ-457794,OCMS-132905,PM-1433176,synthetic_direct_mapping,0.97
PAI-03415,PRJ-901591,OCMS-649088,PM-6130327,synthetic_direct_mapping,0.947
PAI-03416,PRJ-851661,OCMS-424393,PM-9120462,synthetic_direct_mapping,0.971
PAI-03417,PRJ-525092,OCMS-903028,PM-6013742,synthetic_direct_mapping,0.995
PAI-03418,PRJ-684945,OCMS-932773,PM-4077844,synthetic_direct_mapping,0.945
PAI-03419,PRJ-924000,OCMS-495415,PM-6560367,synthetic_direct_mapping,0.944
PAI-03420,PRJ-890521,OCMS-956533,PM-5962397,synthetic_direct_mapping,0.972
PAI-03421,PRJ-206156,OCMS-715467,PM-6097395,synthetic_direct_mapping,0.953
PAI-03422,PRJ-747721,OCMS-336585,PM-6233357,synthetic_direct_mapping,0.944
PAI-03423,PRJ-859685,OCMS-955822,PM-8092560,synthetic_direct_mapping,0.978
PAI-03424,PRJ-166774,OCMS-879636,PM-1493263,synthetic_direct_mapping,0.957
PAI-03425,PRJ-549682,OCMS-606841,PM-5930477,synthetic_direct_mapping,0.994
PAI-03426,PRJ-249963,OCMS-973329,PM-2078794,synthetic_direct_mapping,0.944
PAI-03427,PRJ-713432,OCMS-779654,PM-5181180,synthetic_direct_mapping,0.942
PAI-03428,PRJ-154630,OCMS-535097,PM-5604428,synthetic_direct_mapping,0.967
PAI-03429,PRJ-221174,OCMS-770695,PM-1967110,synthetic_direct_mapping,0.995
PAI-03430,PRJ-341613,OCMS-536361,PM-6450121,synthetic_direct_mapping,0.964
PAI-03431,PRJ-317248,OCMS-865175,PM-1760781,synthetic_direct_mapping,0.998
PAI-03432,PRJ-524738,OCMS-297857,PM-3691180,synthetic_direct_mapping,0.944
PAI-03433,PRJ-850431,OCMS-508726,PM-7952796,synthetic_direct_mapping,0.974
PAI-03434,PRJ-530335,OCMS-359573,PM-2942733,synthetic_direct_mapping,0.99
PAI-03435,PRJ-222720,OCMS-190787,PM-6345879,synthetic_direct_mapping,0.963
PAI-03436,PRJ-884572,OCMS-131118,PM-7917479,synthetic_direct_mapping,0.955
PAI-03437,PRJ-332781,OCMS-898771,PM-1996044,synthetic_direct_mapping,0.945
PAI-03438,PRJ-606881,OCMS-241099,PM-9208976,synthetic_direct_mapping,0.96
PAI-03439,PRJ-629402,OCMS-296557,PM-3268705,synthetic_direct_mapping,0.961
PAI-03440,PRJ-375144,OCMS-321368,PM-7728928,synthetic_direct_mapping,0.945
PAI-03441,PRJ-279344,OCMS-914632,PM-6102182,synthetic_direct_mapping,0.986
PAI-03442,PRJ-207644,OCMS-571246,PM-9482217,synthetic_direct_mapping,0.992
PAI-03443,PRJ-340008,OCMS-925782,PM-1685746,synthetic_direct_mapping,0.967
PAI-03444,PRJ-797372,OCMS-989915,PM-1994307,synthetic_direct_mapping,0.962
PAI-03445,PRJ-280661,OCMS-692291,PM-7908752,synthetic_direct_mapping,0.953
PAI-03446,PRJ-271739,OCMS-213444,PM-8361760,synthetic_direct_mapping,0.991
PAI-03447,PRJ-936085,OCMS-930632,PM-3611303,synthetic_direct_mapping,0.97
PAI-03448,PRJ-339306,OCMS-410074,PM-9580970,synthetic_direct_mapping,0.948
PAI-03449,PRJ-973842,OCMS-337717,PM-1466925,synthetic_direct_mapping,0.998
PAI-03450,PRJ-124432,OCMS-996467,PM-8032702,synthetic_direct_mapping,0.951
PAI-03451,PRJ-967210,OCMS-447985,PM-8322046,synthetic_direct_mapping,0.967
PAI-03452,PRJ-974378,OCMS-204826,PM-7064346,synthetic_direct_mapping,0.947
PAI-03453,PRJ-695078,OCMS-628758,PM-7668564,synthetic_direct_mapping,0.968
PAI-03454,PRJ-969026,OCMS-708991,PM-8865384,synthetic_direct_mapping,0.945
PAI-03455,PRJ-411622,OCMS-367243,PM-1545293,synthetic_direct_mapping,0.954
PAI-03456,PRJ-916799,OCMS-814973,PM-1229467,synthetic_direct_mapping,0.98
PAI-03457,PRJ-933713,OCMS-771895,PM-8345441,synthetic_direct_mapping,0.974
PAI-03458,PRJ-719454,OCMS-988083,PM-7592549,synthetic_direct_mapping,0.995
PAI-03459,PRJ-416318,OCMS-898615,PM-7399140,synthetic_direct_mapping,0.996
PAI-03460,PRJ-675986,OCMS-950696,PM-8098590,synthetic_direct_mapping,0.984
PAI-03461,PRJ-472568,OCMS-199149,PM-2230535,synthetic_direct_mapping,0.954
PAI-03462,PRJ-100551,OCMS-122827,PM-3920771,synthetic_direct_mapping,0.958
PAI-03463,PRJ-725623,OCMS-804682,PM-1248231,synthetic_direct_mapping,0.995
PAI-03464,PRJ-445576,OCMS-301791,PM-4741800,synthetic_direct_mapping,0.946
PAI-03465,PRJ-153330,OCMS-955384,PM-1068117,synthetic_direct_mapping,0.973
PAI-03466,PRJ-144011,OCMS-951964,PM-1060940,synthetic_direct_mapping,0.991
PAI-03467,PRJ-444899,OCMS-955425,PM-8170056,synthetic_direct_mapping,0.999
PAI-03468,PRJ-896439,OCMS-791295,PM-6155043,synthetic_direct_mapping,0.957
PAI-03469,PRJ-789020,OCMS-920222,PM-5061300,synthetic_direct_mapping,0.953
PAI-03470,PRJ-432241,OCMS-117796,PM-4522928,synthetic_direct_mapping,0.988
PAI-03471,PRJ-224453,OCMS-566339,PM-5768163,synthetic_direct_mapping,0.994
PAI-03472,PRJ-845733,OCMS-644321,PM-2954382,synthetic_direct_mapping,0.991
PAI-03473,PRJ-812950,OCMS-166744,PM-9136431,synthetic_direct_mapping,0.974
PAI-03474,PRJ-666482,OCMS-122014,PM-7517172,synthetic_direct_mapping,0.998
PAI-03475,PRJ-704308,OCMS-731364,PM-9456412,synthetic_direct_mapping,0.95
PAI-03476,PRJ-725293,OCMS-942974,PM-9912702,synthetic_direct_mapping,0.951
PAI-03477,PRJ-702923,OCMS-532622,PM-8298535,synthetic_direct_mapping,0.941
PAI-03478,PRJ-595167,OCMS-224935,PM-4674990,synthetic_direct_mapping,0.952
PAI-03479,PRJ-416879,OCMS-901153,PM-2979952,synthetic_direct_mapping,0.947
PAI-03480,PRJ-308219,OCMS-469651,PM-1767418,synthetic_direct_mapping,0.951
PAI-03481,PRJ-845696,OCMS-450523,PM-4177404,synthetic_direct_mapping,0.957
PAI-03482,PRJ-911644,OCMS-331328,PM-7432705,synthetic_direct_mapping,0.967
PAI-03483,PRJ-763180,OCMS-131067,PM-1906552,synthetic_direct_mapping,0.971
PAI-03484,PRJ-325552,OCMS-216873,PM-3798422,synthetic_direct_mapping,0.969
PAI-03485,PRJ-477291,OCMS-705158,PM-7816628,synthetic_direct_mapping,0.95
PAI-03486,PRJ-465831,OCMS-609672,PM-5585871,synthetic_direct_mapping,0.998
PAI-03487,PRJ-532978,OCMS-567667,PM-7931685,synthetic_direct_mapping,0.957
PAI-03488,PRJ-558913,OCMS-507237,PM-1878967,synthetic_direct_mapping,0.954
PAI-03489,PRJ-309681,OCMS-930306,PM-2850641,synthetic_direct_mapping,0.965
PAI-03490,PRJ-245320,OCMS-122429,PM-4503314,synthetic_direct_mapping,0.972
PAI-03491,PRJ-788303,OCMS-155885,PM-6992034,synthetic_direct_mapping,0.992
PAI-03492,PRJ-653259,OCMS-675786,PM-3658351,synthetic_direct_mapping,0.966
PAI-03493,PRJ-390601,OCMS-358739,PM-8462485,synthetic_direct_mapping,0.974
PAI-03494,PRJ-476462,OCMS-200961,PM-6881847,synthetic_direct_mapping,0.968
PAI-03495,PRJ-185702,OCMS-760302,PM-3386113,synthetic_direct_mapping,0.957
PAI-03496,PRJ-721124,OCMS-835778,PM-5070766,synthetic_direct_mapping,0.96
PAI-03497,PRJ-509757,OCMS-108821,PM-7661472,synthetic_direct_mapping,0.998
PAI-03498,PRJ-652920,OCMS-196730,PM-5666429,synthetic_direct_mapping,0.964
PAI-03499,PRJ-431470,OCMS-194725,PM-6200472,synthetic_direct_mapping,0.97
PAI-03500,PRJ-185444,OCMS-943223,PM-3631437,synthetic_direct_mapping,0.97
PAI-03501,PRJ-975854,OCMS-570304,PM-2060378,synthetic_direct_mapping,0.975
PAI-03502,PRJ-281717,OCMS-616587,PM-3721589,synthetic_direct_mapping,0.975
PAI-03503,PRJ-622325,OCMS-138522,PM-7007097,synthetic_direct_mapping,0.968
PAI-03504,PRJ-868929,OCMS-699147,PM-2467712,synthetic_direct_mapping,0.965
PAI-03505,PRJ-459665,OCMS-988444,PM-6267653,synthetic_direct_mapping,0.98
PAI-03506,PRJ-558070,OCMS-322871,PM-3114136,synthetic_direct_mapping,0.97
PAI-03507,PRJ-848985,OCMS-520724,PM-8072558,synthetic_direct_mapping,0.968
PAI-03508,PRJ-618369,OCMS-351389,PM-1440006,synthetic_direct_mapping,0.955
PAI-03509,PRJ-319634,OCMS-554524,PM-3532624,synthetic_direct_mapping,0.985
PAI-03510,PRJ-771574,OCMS-681490,PM-2126225,synthetic_direct_mapping,0.948
PAI-03511,PRJ-164306,OCMS-638822,PM-8704618,synthetic_direct_mapping,0.97
PAI-03512,PRJ-800699,OCMS-225767,PM-4016348,synthetic_direct_mapping,0.948
PAI-03513,PRJ-541099,OCMS-315626,PM-5146934,synthetic_direct_mapping,0.955
PAI-03514,PRJ-440581,OCMS-508424,PM-9585258,synthetic_direct_mapping,0.948
PAI-03515,PRJ-782162,OCMS-725260,PM-1194112,synthetic_direct_mapping,0.98
PAI-03516,PRJ-524838,OCMS-436250,PM-6370828,synthetic_direct_mapping,0.969
PAI-03517,PRJ-798555,OCMS-997229,PM-1142522,synthetic_direct_mapping,0.98
PAI-03518,PRJ-257128,OCMS-993467,PM-2222904,synthetic_direct_mapping,0.961
PAI-03519,PRJ-260654,OCMS-243850,PM-7170799,synthetic_direct_mapping,0.961
PAI-03520,PRJ-694947,OCMS-825166,PM-2494921,synthetic_direct_mapping,0.947
PAI-03521,PRJ-320971,OCMS-470890,PM-4039635,synthetic_direct_mapping,0.976
PAI-03522,PRJ-401848,OCMS-102127,PM-4990649,synthetic_direct_mapping,0.989
PAI-03523,PRJ-206160,OCMS-976737,PM-5666839,synthetic_direct_mapping,0.98
PAI-03524,PRJ-504480,OCMS-553574,PM-2623137,synthetic_direct_mapping,0.963
PAI-03525,PRJ-242432,OCMS-562542,PM-9615301,synthetic_direct_mapping,0.978
PAI-03526,PRJ-941667,OCMS-688468,PM-6664053,synthetic_direct_mapping,0.954
PAI-03527,PRJ-669475,OCMS-900806,PM-5156041,synthetic_direct_mapping,0.942
PAI-03528,PRJ-330323,OCMS-105716,PM-7389773,synthetic_direct_mapping,0.995
PAI-03529,PRJ-268317,OCMS-625918,PM-6323146,synthetic_direct_mapping,0.976
PAI-03530,PRJ-209678,OCMS-114876,PM-6094964,synthetic_direct_mapping,0.944
PAI-03531,PRJ-568131,OCMS-179964,PM-1964215,synthetic_direct_mapping,0.981
PAI-03532,PRJ-222240,OCMS-408808,PM-8205331,synthetic_direct_mapping,0.994
PAI-03533,PRJ-646137,OCMS-231602,PM-4607144,synthetic_direct_mapping,0.974
PAI-03534,PRJ-331109,OCMS-349185,PM-9415476,synthetic_direct_mapping,0.973
PAI-03535,PRJ-999422,OCMS-645315,PM-3385353,synthetic_direct_mapping,0.963
PAI-03536,PRJ-952593,OCMS-365462,PM-4907906,synthetic_direct_mapping,0.969
PAI-03537,PRJ-651668,OCMS-647946,PM-2398515,synthetic_direct_mapping,0.944
PAI-03538,PRJ-423303,OCMS-341621,PM-8636278,synthetic_direct_mapping,0.959
PAI-03539,PRJ-282027,OCMS-816131,PM-2420184,synthetic_direct_mapping,0.988
PAI-03540,PRJ-124942,OCMS-803376,PM-8881403,synthetic_direct_mapping,0.983
PAI-03541,PRJ-675705,OCMS-383515,PM-9064227,synthetic_direct_mapping,0.963
PAI-03542,PRJ-392373,OCMS-615643,PM-3226625,synthetic_direct_mapping,0.983
PAI-03543,PRJ-684268,OCMS-473170,PM-8888071,synthetic_direct_mapping,0.987
PAI-03544,PRJ-849401,OCMS-633938,PM-2809549,synthetic_direct_mapping,0.961
PAI-03545,PRJ-979458,OCMS-628309,PM-9062448,synthetic_direct_mapping,0.98
PAI-03546,PRJ-804875,OCMS-750541,PM-8370786,synthetic_direct_mapping,0.996
PAI-03547,PRJ-307495,OCMS-422449,PM-7412763,synthetic_direct_mapping,0.989
PAI-03548,PRJ-585319,OCMS-821743,PM-5710387,synthetic_direct_mapping,0.981
PAI-03549,PRJ-718435,OCMS-327671,PM-3584069,synthetic_direct_mapping,0.992
PAI-03550,PRJ-437432,OCMS-181332,PM-6587602,synthetic_direct_mapping,0.994
PAI-03551,PRJ-736669,OCMS-444112,PM-9345027,synthetic_direct_mapping,0.954
PAI-03552,PRJ-654690,OCMS-709388,PM-2125953,synthetic_direct_mapping,0.978
PAI-03553,PRJ-972425,OCMS-579870,PM-1305127,synthetic_direct_mapping,0.987
PAI-03554,PRJ-743257,OCMS-987160,PM-8210071,synthetic_direct_mapping,0.975
PAI-03555,PRJ-435918,OCMS-450343,PM-6673979,synthetic_direct_mapping,0.995
PAI-03556,PRJ-381292,OCMS-554114,PM-7158629,synthetic_direct_mapping,0.96
PAI-03557,PRJ-951681,OCMS-367630,PM-8661777,synthetic_direct_mapping,0.958
PAI-03558,PRJ-730479,OCMS-579015,PM-3270607,synthetic_direct_mapping,0.981
PAI-03559,PRJ-603081,OCMS-610492,PM-3973839,synthetic_direct_mapping,0.987
PAI-03560,PRJ-789906,OCMS-493640,PM-7298548,synthetic_direct_mapping,0.964
PAI-03561,PRJ-275491,OCMS-943415,PM-1888791,synthetic_direct_mapping,0.993
PAI-03562,PRJ-523089,OCMS-493673,PM-5294026,synthetic_direct_mapping,0.943
PAI-03563,PRJ-525920,OCMS-159638,PM-8710120,synthetic_direct_mapping,0.965
PAI-03564,PRJ-770852,OCMS-991228,PM-3852742,synthetic_direct_mapping,0.965
PAI-03565,PRJ-296903,OCMS-853854,PM-8237296,synthetic_direct_mapping,0.975
PAI-03566,PRJ-641368,OCMS-248906,PM-8193913,synthetic_direct_mapping,0.999
PAI-03567,PRJ-492293,OCMS-335774,PM-9937146,synthetic_direct_mapping,0.941
PAI-03568,PRJ-808768,OCMS-600903,PM-1351348,synthetic_direct_mapping,0.968
PAI-03569,PRJ-875991,OCMS-824412,PM-2376077,synthetic_direct_mapping,0.993
PAI-03570,PRJ-558088,OCMS-883368,PM-7245871,synthetic_direct_mapping,0.973
PAI-03571,PRJ-993218,OCMS-903284,PM-4780166,synthetic_direct_mapping,0.982
PAI-03572,PRJ-187561,OCMS-661232,PM-9788393,synthetic_direct_mapping,0.946
PAI-03573,PRJ-719456,OCMS-710828,PM-3017464,synthetic_direct_mapping,0.961
PAI-03574,PRJ-423162,OCMS-728932,PM-7473011,synthetic_direct_mapping,0.954
PAI-03575,PRJ-839651,OCMS-360296,PM-5497540,synthetic_direct_mapping,0.944
PAI-03576,PRJ-825756,OCMS-264215,PM-8745018,synthetic_direct_mapping,0.956
PAI-03577,PRJ-731507,OCMS-915806,PM-1412338,synthetic_direct_mapping,0.955
PAI-03578,PRJ-118376,OCMS-523901,PM-6537751,synthetic_direct_mapping,0.944
PAI-03579,PRJ-300459,OCMS-297755,PM-1968236,synthetic_direct_mapping,0.991
PAI-03580,PRJ-269896,OCMS-575287,PM-1949421,synthetic_direct_mapping,0.986
PAI-03581,PRJ-632533,OCMS-728639,PM-3797219,synthetic_direct_mapping,0.988
PAI-03582,PRJ-433655,OCMS-409048,PM-6291475,synthetic_direct_mapping,0.989
PAI-03583,PRJ-115876,OCMS-554172,PM-2429479,synthetic_direct_mapping,0.984
PAI-03584,PRJ-304887,OCMS-410837,PM-8590018,synthetic_direct_mapping,0.978
PAI-03585,PRJ-230591,OCMS-430915,PM-7791190,synthetic_direct_mapping,0.982
PAI-03586,PRJ-947835,OCMS-677903,PM-6640650,synthetic_direct_mapping,0.968
PAI-03587,PRJ-197621,OCMS-814621,PM-8984595,synthetic_direct_mapping,0.996
PAI-03588,PRJ-885229,OCMS-796864,PM-4359754,synthetic_direct_mapping,0.964
PAI-03589,PRJ-890447,OCMS-161590,PM-4064648,synthetic_direct_mapping,0.968
PAI-03590,PRJ-982652,OCMS-706905,PM-1840881,synthetic_direct_mapping,0.997
PAI-03591,PRJ-696491,OCMS-566817,PM-4703561,synthetic_direct_mapping,0.965
PAI-03592,PRJ-803633,OCMS-189269,PM-2346085,synthetic_direct_mapping,0.947
PAI-03593,PRJ-477427,OCMS-103169,PM-8432177,synthetic_direct_mapping,0.951
PAI-03594,PRJ-355834,OCMS-490681,PM-4066950,synthetic_direct_mapping,0.991
PAI-03595,PRJ-644744,OCMS-613016,PM-9359800,synthetic_direct_mapping,0.942
PAI-03596,PRJ-339775,OCMS-533391,PM-9751174,synthetic_direct_mapping,0.953
PAI-03597,PRJ-351928,OCMS-738432,PM-3816219,synthetic_direct_mapping,0.963
PAI-03598,PRJ-640090,OCMS-826096,PM-4362914,synthetic_direct_mapping,0.96
PAI-03599,PRJ-468314,OCMS-563243,PM-2116104,synthetic_direct_mapping,0.976
PAI-03600,PRJ-275458,OCMS-591502,PM-6232448,synthetic_direct_mapping,0.943
PAI-03601,PRJ-648437,OCMS-791203,PM-9806085,synthetic_direct_mapping,0.997
PAI-03602,PRJ-783866,OCMS-308733,PM-7562409,synthetic_direct_mapping,0.963
PAI-03603,PRJ-142339,OCMS-100331,PM-4407352,synthetic_direct_mapping,0.961
PAI-03604,PRJ-272698,OCMS-548677,PM-5537841,synthetic_direct_mapping,0.951
PAI-03605,PRJ-109903,OCMS-942255,PM-7891425,synthetic_direct_mapping,0.961
PAI-03606,PRJ-521585,OCMS-534478,PM-6544540,synthetic_direct_mapping,0.948
PAI-03607,PRJ-329621,OCMS-883210,PM-1982773,synthetic_direct_mapping,0.941
PAI-03608,PRJ-616982,OCMS-811861,PM-1027548,synthetic_direct_mapping,0.976
PAI-03609,PRJ-800561,OCMS-883845,PM-9628174,synthetic_direct_mapping,0.978
PAI-03610,PRJ-619372,OCMS-912378,PM-8250746,synthetic_direct_mapping,0.956
PAI-03611,PRJ-486649,OCMS-132769,PM-7906086,synthetic_direct_mapping,0.959
PAI-03612,PRJ-822183,OCMS-812087,PM-6902125,synthetic_direct_mapping,0.996
PAI-03613,PRJ-420726,OCMS-351450,PM-8155634,synthetic_direct_mapping,0.989
PAI-03614,PRJ-843014,OCMS-494693,PM-6773548,synthetic_direct_mapping,0.99
PAI-03615,PRJ-724885,OCMS-166793,PM-2547591,synthetic_direct_mapping,0.991
PAI-03616,PRJ-681977,OCMS-105513,PM-2098300,synthetic_direct_mapping,0.947
PAI-03617,PRJ-236191,OCMS-933269,PM-2650454,synthetic_direct_mapping,0.941
PAI-03618,PRJ-387364,OCMS-567580,PM-5395459,synthetic_direct_mapping,0.96
PAI-03619,PRJ-658839,OCMS-919646,PM-2835620,synthetic_direct_mapping,0.963
PAI-03620,PRJ-845570,OCMS-649369,PM-3533959,synthetic_direct_mapping,0.944
PAI-03621,PRJ-831683,OCMS-303825,PM-2605154,synthetic_direct_mapping,0.983
PAI-03622,PRJ-429156,OCMS-351408,PM-7285804,synthetic_direct_mapping,0.982
PAI-03623,PRJ-681228,OCMS-692222,PM-2714268,synthetic_direct_mapping,0.993
PAI-03624,PRJ-288874,OCMS-518907,PM-6987285,synthetic_direct_mapping,0.997
PAI-03625,PRJ-364538,OCMS-408608,PM-8554615,synthetic_direct_mapping,0.981
PAI-03626,PRJ-494752,OCMS-328979,PM-1509164,synthetic_direct_mapping,0.959
PAI-03627,PRJ-110945,OCMS-973431,PM-3849082,synthetic_direct_mapping,0.966
PAI-03628,PRJ-682386,OCMS-320637,PM-5199584,synthetic_direct_mapping,0.995
PAI-03629,PRJ-299267,OCMS-439720,PM-3401458,synthetic_direct_mapping,0.946
PAI-03630,PRJ-594615,OCMS-987358,PM-1197834,synthetic_direct_mapping,0.995
PAI-03631,PRJ-163545,OCMS-807210,PM-3966190,synthetic_direct_mapping,0.95
PAI-03632,PRJ-690258,OCMS-430540,PM-9651844,synthetic_direct_mapping,0.988
PAI-03633,PRJ-454910,OCMS-774931,PM-2486532,synthetic_direct_mapping,0.992
PAI-03634,PRJ-540329,OCMS-209500,PM-6859899,synthetic_direct_mapping,0.978
PAI-03635,PRJ-552912,OCMS-768184,PM-1532911,synthetic_direct_mapping,0.953
PAI-03636,PRJ-887708,OCMS-978567,PM-3049135,synthetic_direct_mapping,0.973
PAI-03637,PRJ-387427,OCMS-587840,PM-4472558,synthetic_direct_mapping,0.984
PAI-03638,PRJ-920167,OCMS-962434,PM-2296975,synthetic_direct_mapping,0.987
PAI-03639,PRJ-537975,OCMS-167354,PM-2437213,synthetic_direct_mapping,0.976
PAI-03640,PRJ-843713,OCMS-659932,PM-5554322,synthetic_direct_mapping,0.966
PAI-03641,PRJ-760775,OCMS-868546,PM-7223459,synthetic_direct_mapping,0.988
PAI-03642,PRJ-667227,OCMS-438257,PM-7292926,synthetic_direct_mapping,0.97
PAI-03643,PRJ-353738,OCMS-856579,PM-6507338,synthetic_direct_mapping,0.972
PAI-03644,PRJ-264498,OCMS-887006,PM-5500905,synthetic_direct_mapping,0.965
PAI-03645,PRJ-590060,OCMS-891956,PM-6849567,synthetic_direct_mapping,0.944
PAI-03646,PRJ-312919,OCMS-548310,PM-7724882,synthetic_direct_mapping,0.959
PAI-03647,PRJ-316862,OCMS-569648,PM-6823066,synthetic_direct_mapping,0.958
PAI-03648,PRJ-486749,OCMS-751691,PM-6271359,synthetic_direct_mapping,0.994
PAI-03649,PRJ-973981,OCMS-411831,PM-2073714,synthetic_direct_mapping,0.967
PAI-03650,PRJ-803732,OCMS-469741,PM-7456005,synthetic_direct_mapping,0.94
PAI-03651,PRJ-233260,OCMS-200955,PM-6067713,synthetic_direct_mapping,0.97
PAI-03652,PRJ-298358,OCMS-577736,PM-8790043,synthetic_direct_mapping,0.975
PAI-03653,PRJ-385926,OCMS-935456,PM-9066486,synthetic_direct_mapping,0.97
PAI-03654,PRJ-309325,OCMS-324089,PM-3942876,synthetic_direct_mapping,0.963
PAI-03655,PRJ-652230,OCMS-749501,PM-9082597,synthetic_direct_mapping,0.968
PAI-03656,PRJ-502014,OCMS-535308,PM-1157591,synthetic_direct_mapping,0.953
PAI-03657,PRJ-729983,OCMS-114236,PM-2868106,synthetic_direct_mapping,0.99
PAI-03658,PRJ-161952,OCMS-501755,PM-4243219,synthetic_direct_mapping,0.999
PAI-03659,PRJ-851703,OCMS-185096,PM-3631731,synthetic_direct_mapping,0.956
PAI-03660,PRJ-813428,OCMS-261054,PM-7833635,synthetic_direct_mapping,0.994
PAI-03661,PRJ-971031,OCMS-512740,PM-9442215,synthetic_direct_mapping,0.971
PAI-03662,PRJ-695210,OCMS-532010,PM-4181876,synthetic_direct_mapping,0.944
PAI-03663,PRJ-233214,OCMS-958290,PM-7051454,synthetic_direct_mapping,0.99
PAI-03664,PRJ-761486,OCMS-128408,PM-2356140,synthetic_direct_mapping,0.96
PAI-03665,PRJ-989543,OCMS-270815,PM-3841958,synthetic_direct_mapping,0.985
PAI-03666,PRJ-801656,OCMS-354552,PM-1191144,synthetic_direct_mapping,0.988
PAI-03667,PRJ-916930,OCMS-538965,PM-3002003,synthetic_direct_mapping,0.996
PAI-03668,PRJ-865288,OCMS-296854,PM-6434757,synthetic_direct_mapping,0.944
PAI-03669,PRJ-979054,OCMS-949039,PM-9514749,synthetic_direct_mapping,0.944
PAI-03670,PRJ-250630,OCMS-923390,PM-1628315,synthetic_direct_mapping,0.99
PAI-03671,PRJ-647049,OCMS-963640,PM-7242667,synthetic_direct_mapping,0.948
PAI-03672,PRJ-407789,OCMS-563502,PM-5715196,synthetic_direct_mapping,0.943
PAI-03673,PRJ-453419,OCMS-410043,PM-9002831,synthetic_direct_mapping,0.955
PAI-03674,PRJ-864881,OCMS-801789,PM-2324610,synthetic_direct_mapping,0.993
PAI-03675,PRJ-813880,OCMS-925665,PM-7632458,synthetic_direct_mapping,0.991
PAI-03676,PRJ-638124,OCMS-786642,PM-4618172,synthetic_direct_mapping,0.953
PAI-03677,PRJ-769359,OCMS-542256,PM-4533440,synthetic_direct_mapping,0.985
PAI-03678,PRJ-639484,OCMS-211279,PM-9990882,synthetic_direct_mapping,0.949
PAI-03679,PRJ-114906,OCMS-960250,PM-5119836,synthetic_direct_mapping,0.973
PAI-03680,PRJ-946857,OCMS-428037,PM-2520974,synthetic_direct_mapping,0.956
PAI-03681,PRJ-668164,OCMS-763558,PM-2372829,synthetic_direct_mapping,0.976
PAI-03682,PRJ-783876,OCMS-684961,PM-6550209,synthetic_direct_mapping,0.962
PAI-03683,PRJ-476404,OCMS-131336,PM-9346198,synthetic_direct_mapping,0.946
PAI-03684,PRJ-372561,OCMS-651830,PM-6163214,synthetic_direct_mapping,0.947
PAI-03685,PRJ-564134,OCMS-866062,PM-1074283,synthetic_direct_mapping,0.981
PAI-03686,PRJ-333833,OCMS-202155,PM-4533441,synthetic_direct_mapping,0.986
PAI-03687,PRJ-565705,OCMS-628765,PM-2869857,synthetic_direct_mapping,0.974
PAI-03688,PRJ-621804,OCMS-325413,PM-9784032,synthetic_direct_mapping,0.948
PAI-03689,PRJ-496731,OCMS-462283,PM-6356781,synthetic_direct_mapping,0.955
PAI-03690,PRJ-660867,OCMS-507018,PM-7547800,synthetic_direct_mapping,0.989
PAI-03691,PRJ-410626,OCMS-410604,PM-6624725,synthetic_direct_mapping,0.96
PAI-03692,PRJ-360200,OCMS-839385,PM-7295950,synthetic_direct_mapping,0.987
PAI-03693,PRJ-954673,OCMS-758717,PM-7629562,synthetic_direct_mapping,0.992
PAI-03694,PRJ-511403,OCMS-328212,PM-6975953,synthetic_direct_mapping,0.993
PAI-03695,PRJ-905823,OCMS-334360,PM-6105375,synthetic_direct_mapping,0.96
PAI-03696,PRJ-785940,OCMS-392587,PM-6117407,synthetic_direct_mapping,0.998
PAI-03697,PRJ-128416,OCMS-209094,PM-6660035,synthetic_direct_mapping,0.987
PAI-03698,PRJ-956539,OCMS-806170,PM-9733410,synthetic_direct_mapping,0.969
PAI-03699,PRJ-311402,OCMS-423584,PM-5864444,synthetic_direct_mapping,0.998
PAI-03700,PRJ-852798,OCMS-589073,PM-5110476,synthetic_direct_mapping,0.954
PAI-03701,PRJ-336700,OCMS-529409,PM-3951586,synthetic_direct_mapping,0.972
PAI-03702,PRJ-502708,OCMS-286182,PM-6202051,synthetic_direct_mapping,0.985
PAI-03703,PRJ-783378,OCMS-905084,PM-6435295,synthetic_direct_mapping,0.983
PAI-03704,PRJ-822905,OCMS-477083,PM-2962474,synthetic_direct_mapping,0.969
PAI-03705,PRJ-125167,OCMS-681330,PM-6435925,synthetic_direct_mapping,0.991
PAI-03706,PRJ-975203,OCMS-181679,PM-9949872,synthetic_direct_mapping,0.963
PAI-03707,PRJ-458212,OCMS-125739,PM-2450964,synthetic_direct_mapping,0.94
PAI-03708,PRJ-403760,OCMS-241312,PM-9376330,synthetic_direct_mapping,0.972
PAI-03709,PRJ-604648,OCMS-352852,PM-8488554,synthetic_direct_mapping,0.977
PAI-03710,PRJ-345118,OCMS-187282,PM-9261313,synthetic_direct_mapping,0.964
PAI-03711,PRJ-774703,OCMS-576312,PM-8191611,synthetic_direct_mapping,0.979
PAI-03712,PRJ-310432,OCMS-240895,PM-8702792,synthetic_direct_mapping,0.985
PAI-03713,PRJ-190658,OCMS-217747,PM-6013846,synthetic_direct_mapping,0.953
PAI-03714,PRJ-144952,OCMS-879645,PM-4912248,synthetic_direct_mapping,0.944
PAI-03715,PRJ-552101,OCMS-206763,PM-9534566,synthetic_direct_mapping,0.959
PAI-03716,PRJ-395474,OCMS-143674,PM-9499145,synthetic_direct_mapping,0.97
PAI-03717,PRJ-988847,OCMS-451973,PM-5059639,synthetic_direct_mapping,0.977
PAI-03718,PRJ-219221,OCMS-784253,PM-2096697,synthetic_direct_mapping,0.971
PAI-03719,PRJ-119477,OCMS-745916,PM-7860960,synthetic_direct_mapping,0.986
PAI-03720,PRJ-648984,OCMS-398445,PM-6670263,synthetic_direct_mapping,0.972
PAI-03721,PRJ-849175,OCMS-306607,PM-1061092,synthetic_direct_mapping,0.996
PAI-03722,PRJ-681663,OCMS-482512,PM-4655415,synthetic_direct_mapping,0.99
PAI-03723,PRJ-761940,OCMS-779597,PM-2435842,synthetic_direct_mapping,0.978
PAI-03724,PRJ-802055,OCMS-401153,PM-2015239,synthetic_direct_mapping,0.982
PAI-03725,PRJ-203483,OCMS-180604,PM-1446198,synthetic_direct_mapping,0.97
PAI-03726,PRJ-305255,OCMS-246665,PM-9401201,synthetic_direct_mapping,0.954
PAI-03727,PRJ-317553,OCMS-117976,PM-8036414,synthetic_direct_mapping,0.944
PAI-03728,PRJ-265715,OCMS-568232,PM-3049539,synthetic_direct_mapping,0.983
PAI-03729,PRJ-912892,OCMS-291537,PM-4242087,synthetic_direct_mapping,0.958
PAI-03730,PRJ-784909,OCMS-803931,PM-6898270,synthetic_direct_mapping,0.962
PAI-03731,PRJ-341193,OCMS-416822,PM-6317346,synthetic_direct_mapping,0.986
PAI-03732,PRJ-171551,OCMS-753887,PM-4540074,synthetic_direct_mapping,0.988
PAI-03733,PRJ-815998,OCMS-166463,PM-9175424,synthetic_direct_mapping,0.999
PAI-03734,PRJ-138628,OCMS-796405,PM-1790671,synthetic_direct_mapping,0.998
PAI-03735,PRJ-533970,OCMS-798370,PM-2265756,synthetic_direct_mapping,0.987
PAI-03736,PRJ-989178,OCMS-457981,PM-9582672,synthetic_direct_mapping,0.997
PAI-03737,PRJ-664668,OCMS-437375,PM-6267278,synthetic_direct_mapping,0.999
PAI-03738,PRJ-861627,OCMS-765367,PM-4539807,synthetic_direct_mapping,0.999
PAI-03739,PRJ-373838,OCMS-765064,PM-9629658,synthetic_direct_mapping,0.943
PAI-03740,PRJ-231928,OCMS-508819,PM-2557564,synthetic_direct_mapping,0.983
PAI-03741,PRJ-663308,OCMS-662151,PM-6894860,synthetic_direct_mapping,0.945
PAI-03742,PRJ-299669,OCMS-543649,PM-2528982,synthetic_direct_mapping,0.989
PAI-03743,PRJ-645450,OCMS-286794,PM-8952870,synthetic_direct_mapping,0.978
PAI-03744,PRJ-766383,OCMS-967743,PM-6576726,synthetic_direct_mapping,0.973
PAI-03745,PRJ-795613,OCMS-104670,PM-2124628,synthetic_direct_mapping,0.992
PAI-03746,PRJ-418139,OCMS-331624,PM-2388778,synthetic_direct_mapping,0.997
PAI-03747,PRJ-514496,OCMS-759595,PM-1386219,synthetic_direct_mapping,0.997
PAI-03748,PRJ-337113,OCMS-185921,PM-1872080,synthetic_direct_mapping,0.988
PAI-03749,PRJ-858164,OCMS-102017,PM-1958014,synthetic_direct_mapping,0.971
PAI-03750,PRJ-967110,OCMS-782809,PM-1044215,synthetic_direct_mapping,0.95
PAI-03751,PRJ-820314,OCMS-926685,PM-4365361,synthetic_direct_mapping,0.989
PAI-03752,PRJ-315704,OCMS-215200,PM-5461484,synthetic_direct_mapping,0.952
PAI-03753,PRJ-354864,OCMS-906836,PM-7231749,synthetic_direct_mapping,0.997
PAI-03754,PRJ-431986,OCMS-399948,PM-3503652,synthetic_direct_mapping,0.975
PAI-03755,PRJ-998519,OCMS-193182,PM-2694773,synthetic_direct_mapping,0.981
PAI-03756,PRJ-250257,OCMS-175779,PM-3025699,synthetic_direct_mapping,0.972
PAI-03757,PRJ-815117,OCMS-448265,PM-9720781,synthetic_direct_mapping,0.96
PAI-03758,PRJ-965991,OCMS-898860,PM-4170342,synthetic_direct_mapping,0.959
PAI-03759,PRJ-370873,OCMS-527740,PM-5449227,synthetic_direct_mapping,0.988
PAI-03760,PRJ-797159,OCMS-475396,PM-8517714,synthetic_direct_mapping,0.964
PAI-03761,PRJ-772735,OCMS-809562,PM-4578987,synthetic_direct_mapping,0.968
PAI-03762,PRJ-426766,OCMS-989081,PM-7477078,synthetic_direct_mapping,0.994
PAI-03763,PRJ-377765,OCMS-503538,PM-9093839,synthetic_direct_mapping,0.963
PAI-03764,PRJ-737359,OCMS-519867,PM-7637861,synthetic_direct_mapping,0.973
PAI-03765,PRJ-189028,OCMS-448680,PM-2420521,synthetic_direct_mapping,0.987
PAI-03766,PRJ-347781,OCMS-697642,PM-7659127,synthetic_direct_mapping,0.954
PAI-03767,PRJ-270302,OCMS-540496,PM-9143588,synthetic_direct_mapping,0.958
PAI-03768,PRJ-621622,OCMS-198481,PM-5517785,synthetic_direct_mapping,0.968
PAI-03769,PRJ-798681,OCMS-142556,PM-3099771,synthetic_direct_mapping,0.954
PAI-03770,PRJ-163075,OCMS-784932,PM-2029667,synthetic_direct_mapping,0.947
PAI-03771,PRJ-322567,OCMS-218473,PM-2108938,synthetic_direct_mapping,0.942
PAI-03772,PRJ-290920,OCMS-407899,PM-7692147,synthetic_direct_mapping,0.968
PAI-03773,PRJ-748918,OCMS-747852,PM-7267105,synthetic_direct_mapping,0.955
PAI-03774,PRJ-341698,OCMS-918314,PM-6942959,synthetic_direct_mapping,0.967
PAI-03775,PRJ-500523,OCMS-475276,PM-2423308,synthetic_direct_mapping,0.994
PAI-03776,PRJ-478112,OCMS-782507,PM-6463340,synthetic_direct_mapping,0.983
PAI-03777,PRJ-783429,OCMS-383040,PM-1087738,synthetic_direct_mapping,0.982
PAI-03778,PRJ-128822,OCMS-227757,PM-4691257,synthetic_direct_mapping,0.982
PAI-03779,PRJ-574915,OCMS-794691,PM-2904187,synthetic_direct_mapping,0.947
PAI-03780,PRJ-384236,OCMS-387340,PM-5693925,synthetic_direct_mapping,0.966
PAI-03781,PRJ-627112,OCMS-457265,PM-9394831,synthetic_direct_mapping,0.984
PAI-03782,PRJ-411646,OCMS-699886,PM-8552201,synthetic_direct_mapping,0.959
PAI-03783,PRJ-805574,OCMS-638148,PM-6111754,synthetic_direct_mapping,0.98
PAI-03784,PRJ-708234,OCMS-887888,PM-7679631,synthetic_direct_mapping,0.989
PAI-03785,PRJ-537707,OCMS-770465,PM-1201805,synthetic_direct_mapping,0.956
PAI-03786,PRJ-627842,OCMS-945147,PM-3373062,synthetic_direct_mapping,0.998
PAI-03787,PRJ-802460,OCMS-221766,PM-2353082,synthetic_direct_mapping,0.952
PAI-03788,PRJ-532289,OCMS-278364,PM-8759723,synthetic_direct_mapping,0.967
PAI-03789,PRJ-517270,OCMS-447680,PM-8373841,synthetic_direct_mapping,0.969
PAI-03790,PRJ-228548,OCMS-923280,PM-7842971,synthetic_direct_mapping,0.983
PAI-03791,PRJ-960826,OCMS-944952,PM-1945495,synthetic_direct_mapping,0.98
PAI-03792,PRJ-167428,OCMS-528991,PM-8533947,synthetic_direct_mapping,0.967
PAI-03793,PRJ-960265,OCMS-171515,PM-5541889,synthetic_direct_mapping,0.962
PAI-03794,PRJ-670853,OCMS-630022,PM-2093516,synthetic_direct_mapping,0.949
PAI-03795,PRJ-678131,OCMS-151887,PM-6430978,synthetic_direct_mapping,0.952
PAI-03796,PRJ-162265,OCMS-108695,PM-9298881,synthetic_direct_mapping,0.941
PAI-03797,PRJ-725688,OCMS-760215,PM-8520386,synthetic_direct_mapping,0.984
PAI-03798,PRJ-395891,OCMS-243769,PM-2830346,synthetic_direct_mapping,0.977
PAI-03799,PRJ-301943,OCMS-194873,PM-2282338,synthetic_direct_mapping,0.991
PAI-03800,PRJ-849704,OCMS-430297,PM-4914645,synthetic_direct_mapping,0.987
PAI-03801,PRJ-400983,OCMS-301307,PM-9568536,synthetic_direct_mapping,0.957
PAI-03802,PRJ-313907,OCMS-612212,PM-2338104,synthetic_direct_mapping,0.971
PAI-03803,PRJ-390747,OCMS-164334,PM-9878926,synthetic_direct_mapping,0.953
PAI-03804,PRJ-425767,OCMS-649103,PM-9623511,synthetic_direct_mapping,0.978
PAI-03805,PRJ-812617,OCMS-992089,PM-7671911,synthetic_direct_mapping,0.957
PAI-03806,PRJ-461987,OCMS-130322,PM-4933970,synthetic_direct_mapping,0.963
PAI-03807,PRJ-738867,OCMS-323490,PM-9687141,synthetic_direct_mapping,0.983
PAI-03808,PRJ-726157,OCMS-311351,PM-3188735,synthetic_direct_mapping,0.962
PAI-03809,PRJ-387258,OCMS-184562,PM-4854907,synthetic_direct_mapping,0.949
PAI-03810,PRJ-766163,OCMS-692318,PM-1926160,synthetic_direct_mapping,0.963
PAI-03811,PRJ-681666,OCMS-638636,PM-4155676,synthetic_direct_mapping,0.967
PAI-03812,PRJ-517176,OCMS-119637,PM-5402049,synthetic_direct_mapping,0.953
PAI-03813,PRJ-568014,OCMS-615107,PM-1453245,synthetic_direct_mapping,0.949
PAI-03814,PRJ-632575,OCMS-149959,PM-1534679,synthetic_direct_mapping,0.988
PAI-03815,PRJ-200591,OCMS-716472,PM-8678418,synthetic_direct_mapping,0.965
PAI-03816,PRJ-885036,OCMS-340804,PM-1203709,synthetic_direct_mapping,0.948
PAI-03817,PRJ-771972,OCMS-882350,PM-8365927,synthetic_direct_mapping,0.978
PAI-03818,PRJ-932413,OCMS-649912,PM-7835866,synthetic_direct_mapping,0.943
PAI-03819,PRJ-815360,OCMS-427318,PM-8904722,synthetic_direct_mapping,0.993
PAI-03820,PRJ-361206,OCMS-361435,PM-8645909,synthetic_direct_mapping,0.953
PAI-03821,PRJ-538301,OCMS-323763,PM-6221615,synthetic_direct_mapping,0.942
PAI-03822,PRJ-513773,OCMS-266814,PM-2518153,synthetic_direct_mapping,0.96
PAI-03823,PRJ-357051,OCMS-114910,PM-5552892,synthetic_direct_mapping,0.948
PAI-03824,PRJ-185136,OCMS-709512,PM-6386368,synthetic_direct_mapping,0.978
PAI-03825,PRJ-101031,OCMS-120130,PM-4080899,synthetic_direct_mapping,0.978
PAI-03826,PRJ-861501,OCMS-881493,PM-7530179,synthetic_direct_mapping,0.982
PAI-03827,PRJ-530224,OCMS-173640,PM-6043505,synthetic_direct_mapping,0.972
PAI-03828,PRJ-584948,OCMS-122297,PM-6524088,synthetic_direct_mapping,0.965
PAI-03829,PRJ-269465,OCMS-850761,PM-1246738,synthetic_direct_mapping,0.944
PAI-03830,PRJ-925575,OCMS-374286,PM-9156616,synthetic_direct_mapping,0.942
PAI-03831,PRJ-802816,OCMS-786183,PM-4890630,synthetic_direct_mapping,0.946
PAI-03832,PRJ-648016,OCMS-732379,PM-4128344,synthetic_direct_mapping,0.974
PAI-03833,PRJ-126554,OCMS-341417,PM-4640383,synthetic_direct_mapping,0.961
PAI-03834,PRJ-982164,OCMS-503638,PM-8145919,synthetic_direct_mapping,0.992
PAI-03835,PRJ-669142,OCMS-285006,PM-1104959,synthetic_direct_mapping,0.951
PAI-03836,PRJ-904986,OCMS-209381,PM-3490029,synthetic_direct_mapping,0.996
PAI-03837,PRJ-693987,OCMS-171145,PM-4216840,synthetic_direct_mapping,0.951
PAI-03838,PRJ-947343,OCMS-677780,PM-3533412,synthetic_direct_mapping,0.973
PAI-03839,PRJ-356275,OCMS-450681,PM-9814774,synthetic_direct_mapping,0.995
PAI-03840,PRJ-818814,OCMS-889500,PM-2157317,synthetic_direct_mapping,0.951
PAI-03841,PRJ-415568,OCMS-762607,PM-8316260,synthetic_direct_mapping,0.968
PAI-03842,PRJ-971311,OCMS-638303,PM-6825293,synthetic_direct_mapping,0.977
PAI-03843,PRJ-157862,OCMS-461483,PM-1409192,synthetic_direct_mapping,0.951
PAI-03844,PRJ-506751,OCMS-116908,PM-3159887,synthetic_direct_mapping,0.989
PAI-03845,PRJ-270865,OCMS-835468,PM-9377167,synthetic_direct_mapping,0.97
PAI-03846,PRJ-536835,OCMS-363154,PM-8006281,synthetic_direct_mapping,0.995
PAI-03847,PRJ-224900,OCMS-757999,PM-8604494,synthetic_direct_mapping,0.943
PAI-03848,PRJ-287218,OCMS-510722,PM-7677791,synthetic_direct_mapping,0.993
PAI-03849,PRJ-907384,OCMS-741688,PM-3033474,synthetic_direct_mapping,0.988
PAI-03850,PRJ-702330,OCMS-446767,PM-3753178,synthetic_direct_mapping,0.947
PAI-03851,PRJ-897420,OCMS-443170,PM-1717764,synthetic_direct_mapping,0.957
PAI-03852,PRJ-734252,OCMS-809686,PM-2016684,synthetic_direct_mapping,0.986
PAI-03853,PRJ-954379,OCMS-822890,PM-7054032,synthetic_direct_mapping,0.984
PAI-03854,PRJ-403202,OCMS-429803,PM-3937737,synthetic_direct_mapping,0.987
PAI-03855,PRJ-129981,OCMS-503012,PM-1548406,synthetic_direct_mapping,0.971
PAI-03856,PRJ-378908,OCMS-710689,PM-2014709,synthetic_direct_mapping,0.966
PAI-03857,PRJ-204680,OCMS-695080,PM-9475887,synthetic_direct_mapping,0.975
PAI-03858,PRJ-721682,OCMS-181129,PM-2800378,synthetic_direct_mapping,0.965
PAI-03859,PRJ-786058,OCMS-411326,PM-4386803,synthetic_direct_mapping,0.976
PAI-03860,PRJ-292738,OCMS-235925,PM-2599304,synthetic_direct_mapping,0.979
PAI-03861,PRJ-860351,OCMS-202318,PM-3945893,synthetic_direct_mapping,0.992
PAI-03862,PRJ-443295,OCMS-575211,PM-7658511,synthetic_direct_mapping,0.983
PAI-03863,PRJ-884720,OCMS-588875,PM-2848496,synthetic_direct_mapping,0.953
PAI-03864,PRJ-551622,OCMS-785733,PM-5178194,synthetic_direct_mapping,0.98
PAI-03865,PRJ-804939,OCMS-799257,PM-9101863,synthetic_direct_mapping,0.989
PAI-03866,PRJ-287355,OCMS-394834,PM-5546772,synthetic_direct_mapping,0.943
PAI-03867,PRJ-119176,OCMS-377700,PM-6830060,synthetic_direct_mapping,0.95
PAI-03868,PRJ-474539,OCMS-581904,PM-5028523,synthetic_direct_mapping,0.962
PAI-03869,PRJ-294684,OCMS-142293,PM-1756398,synthetic_direct_mapping,0.957
PAI-03870,PRJ-461829,OCMS-481560,PM-5866555,synthetic_direct_mapping,0.941
PAI-03871,PRJ-848455,OCMS-680991,PM-4183971,synthetic_direct_mapping,0.97
PAI-03872,PRJ-513430,OCMS-206618,PM-8581148,synthetic_direct_mapping,0.995
PAI-03873,PRJ-796028,OCMS-294002,PM-5142917,synthetic_direct_mapping,0.974
PAI-03874,PRJ-124430,OCMS-775647,PM-1138942,synthetic_direct_mapping,0.998
PAI-03875,PRJ-903597,OCMS-473925,PM-2349612,synthetic_direct_mapping,0.993
PAI-03876,PRJ-186916,OCMS-151306,PM-6510450,synthetic_direct_mapping,0.995
PAI-03877,PRJ-722346,OCMS-646683,PM-9836777,synthetic_direct_mapping,0.976
PAI-03878,PRJ-836019,OCMS-681227,PM-8181024,synthetic_direct_mapping,0.978
PAI-03879,PRJ-278940,OCMS-947313,PM-4866596,synthetic_direct_mapping,0.975
PAI-03880,PRJ-155961,OCMS-740672,PM-1439587,synthetic_direct_mapping,0.98
PAI-03881,PRJ-303215,OCMS-690993,PM-1729860,synthetic_direct_mapping,0.965
PAI-03882,PRJ-527795,OCMS-263041,PM-5582307,synthetic_direct_mapping,0.966
PAI-03883,PRJ-370054,OCMS-829152,PM-2430193,synthetic_direct_mapping,0.944
PAI-03884,PRJ-246758,OCMS-705860,PM-5965975,synthetic_direct_mapping,0.961
PAI-03885,PRJ-235219,OCMS-764412,PM-7199296,synthetic_direct_mapping,0.966
PAI-03886,PRJ-188335,OCMS-396647,PM-2714542,synthetic_direct_mapping,0.954
PAI-03887,PRJ-487018,OCMS-658309,PM-7967474,synthetic_direct_mapping,0.997
PAI-03888,PRJ-344399,OCMS-568173,PM-5066850,synthetic_direct_mapping,0.944
PAI-03889,PRJ-835094,OCMS-994781,PM-5803114,synthetic_direct_mapping,0.972
PAI-03890,PRJ-386724,OCMS-276684,PM-3338633,synthetic_direct_mapping,0.979
PAI-03891,PRJ-927060,OCMS-693726,PM-9276534,synthetic_direct_mapping,0.945
PAI-03892,PRJ-514891,OCMS-454854,PM-8468070,synthetic_direct_mapping,0.995
PAI-03893,PRJ-689550,OCMS-915079,PM-5318319,synthetic_direct_mapping,0.981
PAI-03894,PRJ-433174,OCMS-951593,PM-2001755,synthetic_direct_mapping,0.992
PAI-03895,PRJ-352792,OCMS-148408,PM-9378333,synthetic_direct_mapping,0.987
PAI-03896,PRJ-976553,OCMS-975044,PM-8854342,synthetic_direct_mapping,0.941
PAI-03897,PRJ-434674,OCMS-347614,PM-4124697,synthetic_direct_mapping,0.955
PAI-03898,PRJ-533907,OCMS-140990,PM-4319522,synthetic_direct_mapping,0.985
PAI-03899,PRJ-581298,OCMS-964977,PM-3766379,synthetic_direct_mapping,0.962
PAI-03900,PRJ-272743,OCMS-233692,PM-1785467,synthetic_direct_mapping,0.959
PAI-03901,PRJ-802604,OCMS-531939,PM-4908084,synthetic_direct_mapping,0.987
PAI-03902,PRJ-685269,OCMS-803348,PM-9124255,synthetic_direct_mapping,0.951
PAI-03903,PRJ-881213,OCMS-719476,PM-3395236,synthetic_direct_mapping,0.945
PAI-03904,PRJ-621254,OCMS-677365,PM-7859033,synthetic_direct_mapping,0.997
PAI-03905,PRJ-344247,OCMS-253684,PM-3053938,synthetic_direct_mapping,0.959
PAI-03906,PRJ-726052,OCMS-529407,PM-2191376,synthetic_direct_mapping,0.958
PAI-03907,PRJ-464375,OCMS-402955,PM-7609377,synthetic_direct_mapping,0.974
PAI-03908,PRJ-290359,OCMS-240823,PM-4679512,synthetic_direct_mapping,0.963
PAI-03909,PRJ-407924,OCMS-631188,PM-5482668,synthetic_direct_mapping,0.987
PAI-03910,PRJ-490835,OCMS-899561,PM-1261382,synthetic_direct_mapping,0.954
PAI-03911,PRJ-124317,OCMS-454282,PM-8737025,synthetic_direct_mapping,0.987
PAI-03912,PRJ-531032,OCMS-491917,PM-2991634,synthetic_direct_mapping,0.948
PAI-03913,PRJ-487041,OCMS-231354,PM-9465119,synthetic_direct_mapping,0.964
PAI-03914,PRJ-299942,OCMS-221927,PM-2267758,synthetic_direct_mapping,0.945
PAI-03915,PRJ-458194,OCMS-655582,PM-8944599,synthetic_direct_mapping,0.996
PAI-03916,PRJ-658440,OCMS-995994,PM-4455911,synthetic_direct_mapping,0.997
PAI-03917,PRJ-295154,OCMS-797421,PM-4329583,synthetic_direct_mapping,0.964
PAI-03918,PRJ-167352,OCMS-476354,PM-6006512,synthetic_direct_mapping,0.949
PAI-03919,PRJ-370716,OCMS-764048,PM-6458695,synthetic_direct_mapping,0.974
PAI-03920,PRJ-462287,OCMS-834177,PM-2796368,synthetic_direct_mapping,0.977
PAI-03921,PRJ-929806,OCMS-524721,PM-7666660,synthetic_direct_mapping,0.987
PAI-03922,PRJ-918968,OCMS-322898,PM-4021623,synthetic_direct_mapping,0.973
PAI-03923,PRJ-612847,OCMS-658532,PM-6160032,synthetic_direct_mapping,0.944
PAI-03924,PRJ-986448,OCMS-402516,PM-9483353,synthetic_direct_mapping,0.99
PAI-03925,PRJ-508068,OCMS-306545,PM-3470090,synthetic_direct_mapping,0.981
PAI-03926,PRJ-750960,OCMS-410536,PM-1049354,synthetic_direct_mapping,0.942
PAI-03927,PRJ-891619,OCMS-910002,PM-1136799,synthetic_direct_mapping,0.989
PAI-03928,PRJ-334438,OCMS-554004,PM-7274750,synthetic_direct_mapping,0.975
PAI-03929,PRJ-327113,OCMS-600338,PM-7719252,synthetic_direct_mapping,0.946
PAI-03930,PRJ-273624,OCMS-709073,PM-5314809,synthetic_direct_mapping,0.98
PAI-03931,PRJ-518733,OCMS-708257,PM-1116879,synthetic_direct_mapping,0.973
PAI-03932,PRJ-573525,OCMS-916411,PM-1975698,synthetic_direct_mapping,0.998
PAI-03933,PRJ-322745,OCMS-927849,PM-3909193,synthetic_direct_mapping,0.998
PAI-03934,PRJ-515121,OCMS-805466,PM-7302513,synthetic_direct_mapping,0.974
PAI-03935,PRJ-334496,OCMS-597163,PM-4339555,synthetic_direct_mapping,0.998
PAI-03936,PRJ-455624,OCMS-121659,PM-8125358,synthetic_direct_mapping,0.964
PAI-03937,PRJ-559094,OCMS-733488,PM-5967927,synthetic_direct_mapping,0.963
PAI-03938,PRJ-726462,OCMS-468033,PM-5438708,synthetic_direct_mapping,0.953
PAI-03939,PRJ-172983,OCMS-907814,PM-5756809,synthetic_direct_mapping,0.944
PAI-03940,PRJ-973824,OCMS-522251,PM-8963470,synthetic_direct_mapping,0.977
PAI-03941,PRJ-748799,OCMS-269909,PM-1186910,synthetic_direct_mapping,0.998
PAI-03942,PRJ-617052,OCMS-880136,PM-7465703,synthetic_direct_mapping,0.988
PAI-03943,PRJ-209707,OCMS-860297,PM-8281111,synthetic_direct_mapping,0.967
PAI-03944,PRJ-768713,OCMS-449778,PM-1541683,synthetic_direct_mapping,0.942
PAI-03945,PRJ-884887,OCMS-997006,PM-3233287,synthetic_direct_mapping,0.952
PAI-03946,PRJ-541016,OCMS-157471,PM-1848359,synthetic_direct_mapping,0.953
PAI-03947,PRJ-700194,OCMS-153764,PM-1808354,synthetic_direct_mapping,0.971
PAI-03948,PRJ-475665,OCMS-226238,PM-4735899,synthetic_direct_mapping,0.969
PAI-03949,PRJ-334026,OCMS-158569,PM-9360950,synthetic_direct_mapping,0.958
PAI-03950,PRJ-168973,OCMS-494248,PM-4504755,synthetic_direct_mapping,0.95
PAI-03951,PRJ-319715,OCMS-871636,PM-4584444,synthetic_direct_mapping,0.967
PAI-03952,PRJ-782419,OCMS-388672,PM-8505219,synthetic_direct_mapping,0.998
PAI-03953,PRJ-279787,OCMS-156308,PM-1370271,synthetic_direct_mapping,0.992
PAI-03954,PRJ-497391,OCMS-298751,PM-5847919,synthetic_direct_mapping,0.955
PAI-03955,PRJ-655870,OCMS-356893,PM-4141025,synthetic_direct_mapping,0.986
PAI-03956,PRJ-847375,OCMS-883804,PM-2336703,synthetic_direct_mapping,0.983
PAI-03957,PRJ-933688,OCMS-757112,PM-6741820,synthetic_direct_mapping,0.974
PAI-03958,PRJ-754791,OCMS-617667,PM-1019440,synthetic_direct_mapping,0.998
PAI-03959,PRJ-223899,OCMS-980608,PM-6038918,synthetic_direct_mapping,0.947
PAI-03960,PRJ-107129,OCMS-943881,PM-7568969,synthetic_direct_mapping,0.957
PAI-03961,PRJ-485051,OCMS-551345,PM-8286248,synthetic_direct_mapping,0.953
PAI-03962,PRJ-199627,OCMS-453173,PM-1359508,synthetic_direct_mapping,0.968
PAI-03963,PRJ-243027,OCMS-820385,PM-7109630,synthetic_direct_mapping,0.988
PAI-03964,PRJ-883694,OCMS-119002,PM-9582857,synthetic_direct_mapping,0.995
PAI-03965,PRJ-411980,OCMS-756338,PM-6934541,synthetic_direct_mapping,0.945
PAI-03966,PRJ-778103,OCMS-639921,PM-8677762,synthetic_direct_mapping,0.999
PAI-03967,PRJ-785623,OCMS-357791,PM-7174332,synthetic_direct_mapping,0.945
PAI-03968,PRJ-491487,OCMS-467628,PM-4261849,synthetic_direct_mapping,0.952
PAI-03969,PRJ-712071,OCMS-447061,PM-5997951,synthetic_direct_mapping,0.961
PAI-03970,PRJ-691885,OCMS-970578,PM-2351866,synthetic_direct_mapping,0.956
PAI-03971,PRJ-328442,OCMS-215076,PM-5124119,synthetic_direct_mapping,0.946
PAI-03972,PRJ-684222,OCMS-148771,PM-3470589,synthetic_direct_mapping,0.944
PAI-03973,PRJ-858597,OCMS-337623,PM-8396173,synthetic_direct_mapping,0.986
PAI-03974,PRJ-318506,OCMS-824059,PM-6410018,synthetic_direct_mapping,0.989
PAI-03975,PRJ-525309,OCMS-473356,PM-5277638,synthetic_direct_mapping,0.95
PAI-03976,PRJ-455504,OCMS-736587,PM-8673428,synthetic_direct_mapping,0.95
PAI-03977,PRJ-710620,OCMS-781546,PM-4479320,synthetic_direct_mapping,0.945
PAI-03978,PRJ-505922,OCMS-767071,PM-6028547,synthetic_direct_mapping,0.997
PAI-03979,PRJ-526670,OCMS-150558,PM-9683472,synthetic_direct_mapping,0.987
PAI-03980,PRJ-597605,OCMS-731426,PM-1585608,synthetic_direct_mapping,0.941
PAI-03981,PRJ-708238,OCMS-453525,PM-1836907,synthetic_direct_mapping,0.961
PAI-03982,PRJ-491611,OCMS-939539,PM-8358014,synthetic_direct_mapping,0.966
PAI-03983,PRJ-717322,OCMS-200176,PM-6982514,synthetic_direct_mapping,0.943
PAI-03984,PRJ-145975,OCMS-462841,PM-4147695,synthetic_direct_mapping,0.995
PAI-03985,PRJ-120551,OCMS-490522,PM-4555730,synthetic_direct_mapping,0.97
PAI-03986,PRJ-407780,OCMS-843750,PM-5865960,synthetic_direct_mapping,0.977
PAI-03987,PRJ-482547,OCMS-976447,PM-7396996,synthetic_direct_mapping,0.969
PAI-03988,PRJ-561610,OCMS-807807,PM-1362726,synthetic_direct_mapping,0.944
PAI-03989,PRJ-910422,OCMS-304567,PM-4143482,synthetic_direct_mapping,0.965
PAI-03990,PRJ-257452,OCMS-815841,PM-7828255,synthetic_direct_mapping,0.991
PAI-03991,PRJ-634668,OCMS-639091,PM-4731195,synthetic_direct_mapping,0.974
PAI-03992,PRJ-119154,OCMS-699145,PM-5448182,synthetic_direct_mapping,0.954
PAI-03993,PRJ-643564,OCMS-506928,PM-2899757,synthetic_direct_mapping,0.951
PAI-03994,PRJ-294101,OCMS-676696,PM-1661225,synthetic_direct_mapping,0.981
PAI-03995,PRJ-194671,OCMS-254125,PM-1526670,synthetic_direct_mapping,0.96
PAI-03996,PRJ-241013,OCMS-455917,PM-2327338,synthetic_direct_mapping,0.956
PAI-03997,PRJ-161685,OCMS-936243,PM-1308084,synthetic_direct_mapping,0.997
PAI-03998,PRJ-480436,OCMS-310681,PM-1956007,synthetic_direct_mapping,0.947
PAI-03999,PRJ-540174,OCMS-501666,PM-6733085,synthetic_direct_mapping,0.987
PAI-04000,PRJ-247895,OCMS-481445,PM-6411215,synthetic_direct_mapping,0.973
PAI-04001,PRJ-706505,OCMS-119888,PM-4570835,synthetic_direct_mapping,0.953
PAI-04002,PRJ-722971,OCMS-243334,PM-7377570,synthetic_direct_mapping,0.992
PAI-04003,PRJ-518144,OCMS-699933,PM-9971816,synthetic_direct_mapping,0.979
PAI-04004,PRJ-480697,OCMS-246058,PM-5164554,synthetic_direct_mapping,0.992
PAI-04005,PRJ-232059,OCMS-648063,PM-3774824,synthetic_direct_mapping,0.947
PAI-04006,PRJ-735684,OCMS-820337,PM-2354485,synthetic_direct_mapping,0.982
PAI-04007,PRJ-142899,OCMS-936401,PM-4590400,synthetic_direct_mapping,0.972
PAI-04008,PRJ-826908,OCMS-809682,PM-5269470,synthetic_direct_mapping,0.997
PAI-04009,PRJ-362076,OCMS-829047,PM-4483648,synthetic_direct_mapping,0.991
PAI-04010,PRJ-890971,OCMS-304335,PM-6503932,synthetic_direct_mapping,0.992
PAI-04011,PRJ-783701,OCMS-307688,PM-2643716,synthetic_direct_mapping,0.956
PAI-04012,PRJ-275462,OCMS-581522,PM-5413958,synthetic_direct_mapping,0.948
PAI-04013,PRJ-264300,OCMS-125301,PM-6020139,synthetic_direct_mapping,0.975
PAI-04014,PRJ-629398,OCMS-643359,PM-4588973,synthetic_direct_mapping,0.986
PAI-04015,PRJ-309150,OCMS-915357,PM-2050385,synthetic_direct_mapping,0.997
PAI-04016,PRJ-581921,OCMS-333414,PM-3042079,synthetic_direct_mapping,0.968
PAI-04017,PRJ-144784,OCMS-649219,PM-7475045,synthetic_direct_mapping,0.949
PAI-04018,PRJ-196728,OCMS-240049,PM-4454419,synthetic_direct_mapping,0.983
PAI-04019,PRJ-221726,OCMS-379529,PM-5827703,synthetic_direct_mapping,0.954
PAI-04020,PRJ-225569,OCMS-856072,PM-2698863,synthetic_direct_mapping,0.942
PAI-04021,PRJ-460128,OCMS-986428,PM-8208048,synthetic_direct_mapping,0.964
PAI-04022,PRJ-165099,OCMS-206469,PM-5673491,synthetic_direct_mapping,0.956
PAI-04023,PRJ-404131,OCMS-639191,PM-5933545,synthetic_direct_mapping,0.971
PAI-04024,PRJ-755449,OCMS-425972,PM-2337497,synthetic_direct_mapping,0.985
PAI-04025,PRJ-287695,OCMS-728710,PM-6269563,synthetic_direct_mapping,0.987
PAI-04026,PRJ-663943,OCMS-892225,PM-6700069,synthetic_direct_mapping,0.942
PAI-04027,PRJ-357502,OCMS-685498,PM-2679921,synthetic_direct_mapping,0.973
PAI-04028,PRJ-723723,OCMS-232078,PM-9817708,synthetic_direct_mapping,0.993
PAI-04029,PRJ-577686,OCMS-901562,PM-5518942,synthetic_direct_mapping,0.978
PAI-04030,PRJ-496995,OCMS-163393,PM-2115514,synthetic_direct_mapping,0.984
PAI-04031,PRJ-252890,OCMS-135817,PM-7114313,synthetic_direct_mapping,0.95
PAI-04032,PRJ-759497,OCMS-294047,PM-8730509,synthetic_direct_mapping,0.978
PAI-04033,PRJ-920908,OCMS-319703,PM-7587092,synthetic_direct_mapping,0.971
PAI-04034,PRJ-292495,OCMS-891256,PM-3408129,synthetic_direct_mapping,0.97
PAI-04035,PRJ-689811,OCMS-744286,PM-2604269,synthetic_direct_mapping,0.974
PAI-04036,PRJ-373863,OCMS-493130,PM-4070367,synthetic_direct_mapping,0.986
PAI-04037,PRJ-457396,OCMS-573541,PM-1430832,synthetic_direct_mapping,0.993
PAI-04038,PRJ-502329,OCMS-398511,PM-2326288,synthetic_direct_mapping,0.996
PAI-04039,PRJ-805377,OCMS-553392,PM-5193840,synthetic_direct_mapping,0.952
PAI-04040,PRJ-757238,OCMS-601127,PM-9342224,synthetic_direct_mapping,0.965
PAI-04041,PRJ-645366,OCMS-631589,PM-2876099,synthetic_direct_mapping,0.963
PAI-04042,PRJ-553801,OCMS-890945,PM-2054098,synthetic_direct_mapping,0.955
PAI-04043,PRJ-356989,OCMS-316733,PM-2011518,synthetic_direct_mapping,0.987
PAI-04044,PRJ-534451,OCMS-639661,PM-3573243,synthetic_direct_mapping,0.973
PAI-04045,PRJ-829762,OCMS-699319,PM-6951160,synthetic_direct_mapping,0.976
PAI-04046,PRJ-948771,OCMS-407476,PM-6764136,synthetic_direct_mapping,0.968
PAI-04047,PRJ-220781,OCMS-260910,PM-2168058,synthetic_direct_mapping,0.981
PAI-04048,PRJ-404848,OCMS-945706,PM-8138456,synthetic_direct_mapping,0.96
PAI-04049,PRJ-804011,OCMS-912587,PM-5135073,synthetic_direct_mapping,0.977
PAI-04050,PRJ-506647,OCMS-736403,PM-7174921,synthetic_direct_mapping,0.982
PAI-04051,PRJ-733379,OCMS-602333,PM-5461437,synthetic_direct_mapping,0.978
PAI-04052,PRJ-956870,OCMS-432135,PM-9258599,synthetic_direct_mapping,0.981
PAI-04053,PRJ-768546,OCMS-246147,PM-2271609,synthetic_direct_mapping,0.973
PAI-04054,PRJ-454400,OCMS-352248,PM-3684843,synthetic_direct_mapping,0.973
PAI-04055,PRJ-110191,OCMS-669771,PM-5307318,synthetic_direct_mapping,0.962
PAI-04056,PRJ-308041,OCMS-451971,PM-1223275,synthetic_direct_mapping,0.995
PAI-04057,PRJ-447896,OCMS-782429,PM-3759405,synthetic_direct_mapping,0.942
PAI-04058,PRJ-331886,OCMS-452124,PM-2422914,synthetic_direct_mapping,0.961
PAI-04059,PRJ-570042,OCMS-225644,PM-7366784,synthetic_direct_mapping,0.943
PAI-04060,PRJ-610022,OCMS-821972,PM-3952793,synthetic_direct_mapping,0.997
PAI-04061,PRJ-160540,OCMS-771584,PM-5935961,synthetic_direct_mapping,0.997
PAI-04062,PRJ-447018,OCMS-653169,PM-2470430,synthetic_direct_mapping,0.984
PAI-04063,PRJ-185558,OCMS-891804,PM-6743049,synthetic_direct_mapping,0.984
PAI-04064,PRJ-546182,OCMS-390106,PM-8192949,synthetic_direct_mapping,0.99
PAI-04065,PRJ-962289,OCMS-612964,PM-1017285,synthetic_direct_mapping,0.993
PAI-04066,PRJ-414715,OCMS-837172,PM-1760709,synthetic_direct_mapping,0.995
PAI-04067,PRJ-835371,OCMS-894845,PM-8691665,synthetic_direct_mapping,0.962
PAI-04068,PRJ-466795,OCMS-381527,PM-5488481,synthetic_direct_mapping,0.949
PAI-04069,PRJ-558386,OCMS-323869,PM-9202844,synthetic_direct_mapping,0.942
PAI-04070,PRJ-988690,OCMS-350456,PM-9205132,synthetic_direct_mapping,0.967
PAI-04071,PRJ-329213,OCMS-709375,PM-8485720,synthetic_direct_mapping,0.959
PAI-04072,PRJ-152551,OCMS-933127,PM-1543718,synthetic_direct_mapping,0.977
PAI-04073,PRJ-841692,OCMS-288807,PM-4180524,synthetic_direct_mapping,0.942
PAI-04074,PRJ-456573,OCMS-682147,PM-5532542,synthetic_direct_mapping,0.959
PAI-04075,PRJ-877077,OCMS-297675,PM-9624955,synthetic_direct_mapping,0.952
PAI-04076,PRJ-992563,OCMS-293831,PM-1535526,synthetic_direct_mapping,0.949
PAI-04077,PRJ-319892,OCMS-678974,PM-5090151,synthetic_direct_mapping,0.969
PAI-04078,PRJ-553624,OCMS-382577,PM-8309606,synthetic_direct_mapping,0.96
PAI-04079,PRJ-597194,OCMS-268910,PM-7948728,synthetic_direct_mapping,0.977
PAI-04080,PRJ-975744,OCMS-747679,PM-2657548,synthetic_direct_mapping,0.997
PAI-04081,PRJ-895442,OCMS-331832,PM-6008464,synthetic_direct_mapping,0.957
PAI-04082,PRJ-971683,OCMS-728453,PM-3340437,synthetic_direct_mapping,0.959
PAI-04083,PRJ-696696,OCMS-915912,PM-4389995,synthetic_direct_mapping,0.958
PAI-04084,PRJ-439444,OCMS-171222,PM-2818888,synthetic_direct_mapping,0.954
PAI-04085,PRJ-364470,OCMS-957090,PM-7259928,synthetic_direct_mapping,0.962
PAI-04086,PRJ-789984,OCMS-213799,PM-2522110,synthetic_direct_mapping,0.973
PAI-04087,PRJ-397194,OCMS-796261,PM-4115967,synthetic_direct_mapping,0.979
PAI-04088,PRJ-191313,OCMS-525648,PM-3503785,synthetic_direct_mapping,0.974
PAI-04089,PRJ-261952,OCMS-963915,PM-9479231,synthetic_direct_mapping,0.961
PAI-04090,PRJ-137412,OCMS-241689,PM-3985734,synthetic_direct_mapping,0.974
PAI-04091,PRJ-280265,OCMS-528761,PM-4555572,synthetic_direct_mapping,0.973
PAI-04092,PRJ-818258,OCMS-403544,PM-3068852,synthetic_direct_mapping,0.971
PAI-04093,PRJ-722816,OCMS-783088,PM-5272851,synthetic_direct_mapping,0.961
PAI-04094,PRJ-483904,OCMS-679801,PM-1426571,synthetic_direct_mapping,0.992
PAI-04095,PRJ-596805,OCMS-494555,PM-2220686,synthetic_direct_mapping,0.94
PAI-04096,PRJ-893188,OCMS-945113,PM-5000262,synthetic_direct_mapping,0.983
PAI-04097,PRJ-385066,OCMS-460192,PM-1599670,synthetic_direct_mapping,0.972
PAI-04098,PRJ-981225,OCMS-928367,PM-8041879,synthetic_direct_mapping,0.954
PAI-04099,PRJ-756040,OCMS-868326,PM-7964250,synthetic_direct_mapping,0.957
PAI-04100,PRJ-233415,OCMS-542923,PM-6205396,synthetic_direct_mapping,0.997
PAI-04101,PRJ-872974,OCMS-789500,PM-9891805,synthetic_direct_mapping,0.957
PAI-04102,PRJ-321142,OCMS-715008,PM-8874620,synthetic_direct_mapping,0.969
PAI-04103,PRJ-895000,OCMS-900046,PM-2098972,synthetic_direct_mapping,0.972
PAI-04104,PRJ-716288,OCMS-482498,PM-9003960,synthetic_direct_mapping,0.997
PAI-04105,PRJ-680855,OCMS-309665,PM-4928937,synthetic_direct_mapping,0.955
PAI-04106,PRJ-773038,OCMS-877610,PM-1378851,synthetic_direct_mapping,0.943
PAI-04107,PRJ-710058,OCMS-622245,PM-7897562,synthetic_direct_mapping,0.954
PAI-04108,PRJ-397043,OCMS-835095,PM-2269796,synthetic_direct_mapping,0.982
PAI-04109,PRJ-104191,OCMS-621385,PM-4532721,synthetic_direct_mapping,0.985
PAI-04110,PRJ-198985,OCMS-353243,PM-1838147,synthetic_direct_mapping,0.967
PAI-04111,PRJ-290067,OCMS-104041,PM-4513999,synthetic_direct_mapping,0.949
PAI-04112,PRJ-317633,OCMS-435310,PM-5233138,synthetic_direct_mapping,0.954
PAI-04113,PRJ-260775,OCMS-466309,PM-8898695,synthetic_direct_mapping,0.989
PAI-04114,PRJ-670808,OCMS-816304,PM-7591631,synthetic_direct_mapping,0.965
PAI-04115,PRJ-215713,OCMS-197242,PM-1875463,synthetic_direct_mapping,0.999
PAI-04116,PRJ-253241,OCMS-687969,PM-8341703,synthetic_direct_mapping,0.961
PAI-04117,PRJ-498064,OCMS-497825,PM-4786021,synthetic_direct_mapping,0.954
PAI-04118,PRJ-799618,OCMS-845482,PM-9243056,synthetic_direct_mapping,0.986
PAI-04119,PRJ-625607,OCMS-485625,PM-2531086,synthetic_direct_mapping,0.961
PAI-04120,PRJ-199331,OCMS-853067,PM-7528074,synthetic_direct_mapping,0.96
PAI-04121,PRJ-390903,OCMS-378832,PM-7685389,synthetic_direct_mapping,0.988
PAI-04122,PRJ-653212,OCMS-371566,PM-7733826,synthetic_direct_mapping,0.96
PAI-04123,PRJ-998409,OCMS-447046,PM-9966283,synthetic_direct_mapping,0.98
PAI-04124,PRJ-932027,OCMS-128928,PM-9955516,synthetic_direct_mapping,0.985
PAI-04125,PRJ-926072,OCMS-635806,PM-5010888,synthetic_direct_mapping,0.967
PAI-04126,PRJ-867939,OCMS-750138,PM-3604266,synthetic_direct_mapping,0.99
PAI-04127,PRJ-766937,OCMS-323461,PM-7142410,synthetic_direct_mapping,0.99
PAI-04128,PRJ-429992,OCMS-723412,PM-9139378,synthetic_direct_mapping,0.943
PAI-04129,PRJ-627642,OCMS-969062,PM-2411878,synthetic_direct_mapping,0.988
PAI-04130,PRJ-344211,OCMS-215319,PM-9642606,synthetic_direct_mapping,0.973
PAI-04131,PRJ-291942,OCMS-617491,PM-9919515,synthetic_direct_mapping,0.997
PAI-04132,PRJ-877506,OCMS-163157,PM-5870108,synthetic_direct_mapping,0.974
PAI-04133,PRJ-297623,OCMS-404893,PM-6838001,synthetic_direct_mapping,0.949
PAI-04134,PRJ-101390,OCMS-864449,PM-2833986,synthetic_direct_mapping,0.988
PAI-04135,PRJ-435198,OCMS-625089,PM-9292643,synthetic_direct_mapping,0.991
PAI-04136,PRJ-153954,OCMS-512807,PM-2966832,synthetic_direct_mapping,0.997
PAI-04137,PRJ-157917,OCMS-329026,PM-6886838,synthetic_direct_mapping,0.972
PAI-04138,PRJ-243558,OCMS-592833,PM-7746035,synthetic_direct_mapping,0.965
PAI-04139,PRJ-815752,OCMS-590962,PM-7662608,synthetic_direct_mapping,0.961
PAI-04140,PRJ-145800,OCMS-617766,PM-5977435,synthetic_direct_mapping,0.957
PAI-04141,PRJ-986768,OCMS-471273,PM-7649946,synthetic_direct_mapping,0.976
PAI-04142,PRJ-736448,OCMS-431054,PM-9456845,synthetic_direct_mapping,0.941
PAI-04143,PRJ-368840,OCMS-784482,PM-4118655,synthetic_direct_mapping,0.996
PAI-04144,PRJ-137215,OCMS-287231,PM-8645921,synthetic_direct_mapping,0.954
PAI-04145,PRJ-951160,OCMS-634820,PM-6027085,synthetic_direct_mapping,0.947
PAI-04146,PRJ-744690,OCMS-517761,PM-4504651,synthetic_direct_mapping,0.961
PAI-04147,PRJ-707453,OCMS-896620,PM-6773586,synthetic_direct_mapping,0.956
PAI-04148,PRJ-199137,OCMS-130709,PM-7183585,synthetic_direct_mapping,0.967
PAI-04149,PRJ-716053,OCMS-958396,PM-3709550,synthetic_direct_mapping,0.988
PAI-04150,PRJ-974910,OCMS-679629,PM-1034191,synthetic_direct_mapping,0.957
PAI-04151,PRJ-999608,OCMS-465066,PM-3454359,synthetic_direct_mapping,0.962
PAI-04152,PRJ-271998,OCMS-817754,PM-1627406,synthetic_direct_mapping,0.964
PAI-04153,PRJ-460836,OCMS-851729,PM-1043837,synthetic_direct_mapping,0.996
PAI-04154,PRJ-797558,OCMS-120543,PM-4911690,synthetic_direct_mapping,0.995
PAI-04155,PRJ-197547,OCMS-179029,PM-9106556,synthetic_direct_mapping,0.957
PAI-04156,PRJ-104643,OCMS-486415,PM-7772348,synthetic_direct_mapping,0.989
PAI-04157,PRJ-586813,OCMS-818442,PM-9807105,synthetic_direct_mapping,0.943
PAI-04158,PRJ-488192,OCMS-271473,PM-1468268,synthetic_direct_mapping,0.947
PAI-04159,PRJ-965504,OCMS-994598,PM-1301322,synthetic_direct_mapping,0.959
PAI-04160,PRJ-858613,OCMS-583139,PM-1245587,synthetic_direct_mapping,0.953
PAI-04161,PRJ-999089,OCMS-964859,PM-2652401,synthetic_direct_mapping,0.968
PAI-04162,PRJ-223011,OCMS-551321,PM-3745926,synthetic_direct_mapping,0.966
PAI-04163,PRJ-488287,OCMS-631102,PM-5929040,synthetic_direct_mapping,0.967
PAI-04164,PRJ-948269,OCMS-422903,PM-9218577,synthetic_direct_mapping,0.956
PAI-04165,PRJ-851274,OCMS-769997,PM-4732908,synthetic_direct_mapping,0.974
PAI-04166,PRJ-360570,OCMS-557809,PM-1782657,synthetic_direct_mapping,0.945
PAI-04167,PRJ-996242,OCMS-281228,PM-3181938,synthetic_direct_mapping,0.994
PAI-04168,PRJ-639039,OCMS-440786,PM-1360305,synthetic_direct_mapping,0.989
PAI-04169,PRJ-641271,OCMS-585791,PM-7036022,synthetic_direct_mapping,0.96
PAI-04170,PRJ-194456,OCMS-553204,PM-6241460,synthetic_direct_mapping,0.988
PAI-04171,PRJ-658982,OCMS-249193,PM-5836419,synthetic_direct_mapping,0.944
PAI-04172,PRJ-558657,OCMS-621908,PM-5896394,synthetic_direct_mapping,0.986
PAI-04173,PRJ-779840,OCMS-223832,PM-5461136,synthetic_direct_mapping,0.949
PAI-04174,PRJ-963880,OCMS-519778,PM-2288253,synthetic_direct_mapping,0.998
PAI-04175,PRJ-675478,OCMS-305433,PM-3746059,synthetic_direct_mapping,0.943
PAI-04176,PRJ-716123,OCMS-473220,PM-8956679,synthetic_direct_mapping,0.983
PAI-04177,PRJ-235101,OCMS-814381,PM-2154848,synthetic_direct_mapping,0.995
PAI-04178,PRJ-346899,OCMS-573567,PM-7993290,synthetic_direct_mapping,0.964
PAI-04179,PRJ-446728,OCMS-608810,PM-2790063,synthetic_direct_mapping,0.956
PAI-04180,PRJ-925982,OCMS-728158,PM-5081062,synthetic_direct_mapping,0.953
PAI-04181,PRJ-147719,OCMS-962539,PM-7378161,synthetic_direct_mapping,0.96
PAI-04182,PRJ-337493,OCMS-932654,PM-9122561,synthetic_direct_mapping,0.941
PAI-04183,PRJ-874722,OCMS-899711,PM-2409378,synthetic_direct_mapping,0.952
PAI-04184,PRJ-425512,OCMS-507810,PM-7094919,synthetic_direct_mapping,0.979
PAI-04185,PRJ-612883,OCMS-998297,PM-8311156,synthetic_direct_mapping,0.97
PAI-04186,PRJ-150719,OCMS-157837,PM-7230333,synthetic_direct_mapping,0.95
PAI-04187,PRJ-314046,OCMS-859211,PM-3396426,synthetic_direct_mapping,0.977
PAI-04188,PRJ-409093,OCMS-799254,PM-6066436,synthetic_direct_mapping,0.941
PAI-04189,PRJ-893869,OCMS-570704,PM-1993390,synthetic_direct_mapping,0.947
PAI-04190,PRJ-846537,OCMS-234185,PM-1052966,synthetic_direct_mapping,0.99
PAI-04191,PRJ-214535,OCMS-209947,PM-4497302,synthetic_direct_mapping,0.989
PAI-04192,PRJ-877672,OCMS-598978,PM-3682172,synthetic_direct_mapping,0.996
PAI-04193,PRJ-870735,OCMS-224288,PM-8367265,synthetic_direct_mapping,0.948
PAI-04194,PRJ-910055,OCMS-293517,PM-4243105,synthetic_direct_mapping,0.965
PAI-04195,PRJ-635842,OCMS-723754,PM-8115269,synthetic_direct_mapping,0.961
PAI-04196,PRJ-196471,OCMS-202990,PM-5259659,synthetic_direct_mapping,0.95
PAI-04197,PRJ-342534,OCMS-393262,PM-9851542,synthetic_direct_mapping,0.968
PAI-04198,PRJ-539272,OCMS-308419,PM-7802104,synthetic_direct_mapping,0.953
PAI-04199,PRJ-401679,OCMS-344472,PM-9835565,synthetic_direct_mapping,0.975
PAI-04200,PRJ-947708,OCMS-585110,PM-5884047,synthetic_direct_mapping,0.999
PAI-04201,PRJ-982117,OCMS-253415,PM-8279782,synthetic_direct_mapping,0.987
PAI-04202,PRJ-582851,OCMS-505336,PM-1159522,synthetic_direct_mapping,0.949
PAI-04203,PRJ-581111,OCMS-406005,PM-4935834,synthetic_direct_mapping,0.993
PAI-04204,PRJ-232453,OCMS-918014,PM-6934029,synthetic_direct_mapping,0.985
PAI-04205,PRJ-368543,OCMS-253690,PM-2631194,synthetic_direct_mapping,0.949
PAI-04206,PRJ-175452,OCMS-566987,PM-1607669,synthetic_direct_mapping,0.972
PAI-04207,PRJ-716814,OCMS-690789,PM-7483074,synthetic_direct_mapping,0.947
PAI-04208,PRJ-692440,OCMS-443867,PM-7280195,synthetic_direct_mapping,0.966
PAI-04209,PRJ-679066,OCMS-559264,PM-7125034,synthetic_direct_mapping,0.989
PAI-04210,PRJ-204728,OCMS-592468,PM-4266781,synthetic_direct_mapping,0.947
PAI-04211,PRJ-687413,OCMS-886068,PM-6807904,synthetic_direct_mapping,0.949
PAI-04212,PRJ-807438,OCMS-844738,PM-6612970,synthetic_direct_mapping,0.97
PAI-04213,PRJ-393792,OCMS-340465,PM-3666564,synthetic_direct_mapping,0.994
PAI-04214,PRJ-784148,OCMS-738505,PM-8569496,synthetic_direct_mapping,0.944
PAI-04215,PRJ-362715,OCMS-113546,PM-8283048,synthetic_direct_mapping,0.989
PAI-04216,PRJ-216731,OCMS-327785,PM-1666087,synthetic_direct_mapping,0.976
PAI-04217,PRJ-323325,OCMS-349881,PM-5630196,synthetic_direct_mapping,0.987
PAI-04218,PRJ-643624,OCMS-249456,PM-3384525,synthetic_direct_mapping,0.971
PAI-04219,PRJ-234381,OCMS-752113,PM-2124856,synthetic_direct_mapping,0.967
PAI-04220,PRJ-267456,OCMS-223340,PM-3230710,synthetic_direct_mapping,0.983
PAI-04221,PRJ-222005,OCMS-804614,PM-4192157,synthetic_direct_mapping,0.963
PAI-04222,PRJ-679759,OCMS-624964,PM-3755094,synthetic_direct_mapping,0.978
PAI-04223,PRJ-978956,OCMS-355278,PM-9227708,synthetic_direct_mapping,0.993
PAI-04224,PRJ-526367,OCMS-823396,PM-1086510,synthetic_direct_mapping,0.952
PAI-04225,PRJ-308087,OCMS-928595,PM-4909010,synthetic_direct_mapping,0.982
PAI-04226,PRJ-411274,OCMS-555890,PM-6277256,synthetic_direct_mapping,0.978
PAI-04227,PRJ-540054,OCMS-810237,PM-9269733,synthetic_direct_mapping,0.961
PAI-04228,PRJ-260423,OCMS-671217,PM-3334870,synthetic_direct_mapping,0.942
PAI-04229,PRJ-559536,OCMS-152748,PM-5785482,synthetic_direct_mapping,0.971
PAI-04230,PRJ-557582,OCMS-321295,PM-2955838,synthetic_direct_mapping,0.96
PAI-04231,PRJ-834750,OCMS-399282,PM-2202794,synthetic_direct_mapping,0.975
PAI-04232,PRJ-784832,OCMS-891940,PM-9206557,synthetic_direct_mapping,0.96
PAI-04233,PRJ-900731,OCMS-651987,PM-3557482,synthetic_direct_mapping,0.977
PAI-04234,PRJ-671274,OCMS-488727,PM-1751779,synthetic_direct_mapping,0.998
PAI-04235,PRJ-438915,OCMS-307759,PM-5097662,synthetic_direct_mapping,0.968
PAI-04236,PRJ-799280,OCMS-150863,PM-5083422,synthetic_direct_mapping,0.941
PAI-04237,PRJ-380708,OCMS-527518,PM-6031637,synthetic_direct_mapping,0.975
PAI-04238,PRJ-327234,OCMS-668252,PM-1765451,synthetic_direct_mapping,0.966
PAI-04239,PRJ-624739,OCMS-924244,PM-7405059,synthetic_direct_mapping,0.982
PAI-04240,PRJ-309585,OCMS-849350,PM-6653568,synthetic_direct_mapping,0.945
PAI-04241,PRJ-860196,OCMS-827700,PM-4911473,synthetic_direct_mapping,0.959
PAI-04242,PRJ-336889,OCMS-237765,PM-9861517,synthetic_direct_mapping,0.963
PAI-04243,PRJ-628007,OCMS-608822,PM-4082988,synthetic_direct_mapping,0.992
PAI-04244,PRJ-436236,OCMS-667528,PM-1186522,synthetic_direct_mapping,0.986
PAI-04245,PRJ-685250,OCMS-786851,PM-2538099,synthetic_direct_mapping,0.953
PAI-04246,PRJ-299930,OCMS-253140,PM-1348910,synthetic_direct_mapping,0.97
PAI-04247,PRJ-763554,OCMS-497423,PM-2445680,synthetic_direct_mapping,0.971
PAI-04248,PRJ-359897,OCMS-899836,PM-7272653,synthetic_direct_mapping,0.951
PAI-04249,PRJ-581846,OCMS-774235,PM-8613696,synthetic_direct_mapping,0.956
PAI-04250,PRJ-597994,OCMS-664023,PM-8848776,synthetic_direct_mapping,0.993
PAI-04251,PRJ-600422,OCMS-355949,PM-7894576,synthetic_direct_mapping,0.999
PAI-04252,PRJ-754865,OCMS-980278,PM-9625648,synthetic_direct_mapping,0.947
PAI-04253,PRJ-109752,OCMS-155513,PM-2097488,synthetic_direct_mapping,0.982
PAI-04254,PRJ-549796,OCMS-152794,PM-9576332,synthetic_direct_mapping,0.942
PAI-04255,PRJ-464774,OCMS-471758,PM-4665993,synthetic_direct_mapping,0.974
PAI-04256,PRJ-323814,OCMS-102084,PM-8512289,synthetic_direct_mapping,0.961
PAI-04257,PRJ-399327,OCMS-832411,PM-4960538,synthetic_direct_mapping,0.998
PAI-04258,PRJ-620986,OCMS-717265,PM-9836665,synthetic_direct_mapping,0.968
PAI-04259,PRJ-265192,OCMS-605323,PM-5671091,synthetic_direct_mapping,0.985
PAI-04260,PRJ-610018,OCMS-930242,PM-9747001,synthetic_direct_mapping,0.982
PAI-04261,PRJ-314975,OCMS-489032,PM-3289771,synthetic_direct_mapping,0.96
PAI-04262,PRJ-417140,OCMS-445171,PM-3628392,synthetic_direct_mapping,0.942
PAI-04263,PRJ-904820,OCMS-963575,PM-5722254,synthetic_direct_mapping,0.99
PAI-04264,PRJ-873380,OCMS-459126,PM-6839848,synthetic_direct_mapping,0.949
PAI-04265,PRJ-922123,OCMS-453182,PM-7784949,synthetic_direct_mapping,0.996
PAI-04266,PRJ-913769,OCMS-451961,PM-6753196,synthetic_direct_mapping,0.97
PAI-04267,PRJ-281485,OCMS-814772,PM-6188073,synthetic_direct_mapping,0.964
PAI-04268,PRJ-170936,OCMS-341111,PM-7510206,synthetic_direct_mapping,0.947
PAI-04269,PRJ-181531,OCMS-449631,PM-1347945,synthetic_direct_mapping,0.979
PAI-04270,PRJ-233505,OCMS-518627,PM-9122180,synthetic_direct_mapping,0.947
PAI-04271,PRJ-464573,OCMS-534795,PM-4646789,synthetic_direct_mapping,0.976
PAI-04272,PRJ-357003,OCMS-221903,PM-2416120,synthetic_direct_mapping,0.987
PAI-04273,PRJ-339066,OCMS-327385,PM-2778020,synthetic_direct_mapping,0.96
PAI-04274,PRJ-100144,OCMS-790670,PM-7488704,synthetic_direct_mapping,0.942
PAI-04275,PRJ-557851,OCMS-954859,PM-2403047,synthetic_direct_mapping,0.983
PAI-04276,PRJ-221797,OCMS-445345,PM-3212917,synthetic_direct_mapping,0.948
PAI-04277,PRJ-275234,OCMS-637428,PM-4636424,synthetic_direct_mapping,0.957
PAI-04278,PRJ-896890,OCMS-921059,PM-2539716,synthetic_direct_mapping,0.972
PAI-04279,PRJ-210580,OCMS-228709,PM-6345889,synthetic_direct_mapping,0.98
PAI-04280,PRJ-516226,OCMS-920165,PM-8643934,synthetic_direct_mapping,0.951
PAI-04281,PRJ-936866,OCMS-939100,PM-9763325,synthetic_direct_mapping,0.964
PAI-04282,PRJ-393571,OCMS-185861,PM-5930826,synthetic_direct_mapping,0.958
PAI-04283,PRJ-809027,OCMS-902978,PM-1890085,synthetic_direct_mapping,0.969
PAI-04284,PRJ-473303,OCMS-257491,PM-2245354,synthetic_direct_mapping,0.984
PAI-04285,PRJ-428447,OCMS-711754,PM-1939443,synthetic_direct_mapping,0.948
PAI-04286,PRJ-426113,OCMS-443174,PM-3557546,synthetic_direct_mapping,0.951
PAI-04287,PRJ-893889,OCMS-606426,PM-7609495,synthetic_direct_mapping,0.973
PAI-04288,PRJ-861418,OCMS-458085,PM-5663658,synthetic_direct_mapping,0.972
PAI-04289,PRJ-117305,OCMS-475632,PM-6086001,synthetic_direct_mapping,0.943
PAI-04290,PRJ-818623,OCMS-726939,PM-7292820,synthetic_direct_mapping,0.982
PAI-04291,PRJ-585531,OCMS-956291,PM-2286566,synthetic_direct_mapping,0.977
PAI-04292,PRJ-993290,OCMS-621348,PM-8963396,synthetic_direct_mapping,0.964
PAI-04293,PRJ-755586,OCMS-824244,PM-9319045,synthetic_direct_mapping,0.959
PAI-04294,PRJ-217859,OCMS-641871,PM-9763849,synthetic_direct_mapping,0.98
PAI-04295,PRJ-725791,OCMS-313373,PM-2891033,synthetic_direct_mapping,0.978
PAI-04296,PRJ-686972,OCMS-874064,PM-9856223,synthetic_direct_mapping,0.992
PAI-04297,PRJ-497249,OCMS-140728,PM-7239249,synthetic_direct_mapping,0.975
PAI-04298,PRJ-445413,OCMS-881277,PM-7030776,synthetic_direct_mapping,0.975
PAI-04299,PRJ-471433,OCMS-347575,PM-9779872,synthetic_direct_mapping,0.975
PAI-04300,PRJ-255294,OCMS-329578,PM-7253902,synthetic_direct_mapping,0.995
PAI-04301,PRJ-601881,OCMS-222531,PM-1686566,synthetic_direct_mapping,0.975
PAI-04302,PRJ-169825,OCMS-133015,PM-8104095,synthetic_direct_mapping,0.957
PAI-04303,PRJ-813872,OCMS-387177,PM-7161100,synthetic_direct_mapping,0.979
PAI-04304,PRJ-814075,OCMS-356974,PM-8864399,synthetic_direct_mapping,0.952
PAI-04305,PRJ-155610,OCMS-253473,PM-9632474,synthetic_direct_mapping,0.945
PAI-04306,PRJ-888920,OCMS-340194,PM-8771233,synthetic_direct_mapping,0.953
PAI-04307,PRJ-714715,OCMS-115246,PM-8702170,synthetic_direct_mapping,0.97
PAI-04308,PRJ-938038,OCMS-502882,PM-8212919,synthetic_direct_mapping,0.97
PAI-04309,PRJ-903944,OCMS-783827,PM-9608844,synthetic_direct_mapping,0.941
PAI-04310,PRJ-637330,OCMS-184511,PM-6071129,synthetic_direct_mapping,0.949
PAI-04311,PRJ-709879,OCMS-692329,PM-5200109,synthetic_direct_mapping,0.991
PAI-04312,PRJ-683517,OCMS-139430,PM-7753206,synthetic_direct_mapping,0.972
PAI-04313,PRJ-895849,OCMS-665511,PM-1508847,synthetic_direct_mapping,0.954
PAI-04314,PRJ-705920,OCMS-171491,PM-4926469,synthetic_direct_mapping,0.946
PAI-04315,PRJ-412149,OCMS-373619,PM-2527174,synthetic_direct_mapping,0.955
PAI-04316,PRJ-921110,OCMS-507796,PM-8929676,synthetic_direct_mapping,0.982
PAI-04317,PRJ-223568,OCMS-777092,PM-8629374,synthetic_direct_mapping,0.948
PAI-04318,PRJ-965415,OCMS-731252,PM-2773934,synthetic_direct_mapping,0.953
PAI-04319,PRJ-404353,OCMS-662090,PM-4622042,synthetic_direct_mapping,0.981
PAI-04320,PRJ-242939,OCMS-250850,PM-2674150,synthetic_direct_mapping,0.94
PAI-04321,PRJ-138414,OCMS-985364,PM-3365531,synthetic_direct_mapping,0.982
PAI-04322,PRJ-943131,OCMS-816292,PM-7527040,synthetic_direct_mapping,0.956
PAI-04323,PRJ-359311,OCMS-902361,PM-1041095,synthetic_direct_mapping,0.973
PAI-04324,PRJ-373854,OCMS-147410,PM-9458915,synthetic_direct_mapping,0.963
PAI-04325,PRJ-187189,OCMS-499919,PM-4156867,synthetic_direct_mapping,0.989
PAI-04326,PRJ-173136,OCMS-211688,PM-1538822,synthetic_direct_mapping,0.995
PAI-04327,PRJ-779827,OCMS-272351,PM-2650858,synthetic_direct_mapping,0.987
PAI-04328,PRJ-318805,OCMS-100358,PM-7608342,synthetic_direct_mapping,0.986
PAI-04329,PRJ-260879,OCMS-781665,PM-9910311,synthetic_direct_mapping,0.967
PAI-04330,PRJ-926836,OCMS-251674,PM-1479644,synthetic_direct_mapping,0.987
PAI-04331,PRJ-669089,OCMS-807644,PM-1073865,synthetic_direct_mapping,0.969
PAI-04332,PRJ-807147,OCMS-992730,PM-7452806,synthetic_direct_mapping,0.943
PAI-04333,PRJ-126797,OCMS-659578,PM-4871720,synthetic_direct_mapping,0.959
PAI-04334,PRJ-482566,OCMS-761532,PM-8860151,synthetic_direct_mapping,0.977
PAI-04335,PRJ-381767,OCMS-859094,PM-1181283,synthetic_direct_mapping,0.946
PAI-04336,PRJ-946368,OCMS-286833,PM-7740416,synthetic_direct_mapping,0.945
PAI-04337,PRJ-933206,OCMS-154948,PM-9300996,synthetic_direct_mapping,0.96
PAI-04338,PRJ-447848,OCMS-307660,PM-3224728,synthetic_direct_mapping,0.957
PAI-04339,PRJ-641104,OCMS-240823,PM-7761147,synthetic_direct_mapping,0.976
PAI-04340,PRJ-250198,OCMS-574963,PM-9974937,synthetic_direct_mapping,0.944
PAI-04341,PRJ-872523,OCMS-661118,PM-7017984,synthetic_direct_mapping,0.949
PAI-04342,PRJ-637302,OCMS-805785,PM-6512655,synthetic_direct_mapping,0.981
PAI-04343,PRJ-566375,OCMS-246028,PM-5333248,synthetic_direct_mapping,0.992
PAI-04344,PRJ-426285,OCMS-918713,PM-8224334,synthetic_direct_mapping,0.971
PAI-04345,PRJ-970258,OCMS-109341,PM-8457216,synthetic_direct_mapping,0.955
PAI-04346,PRJ-443516,OCMS-600856,PM-4623290,synthetic_direct_mapping,0.99
PAI-04347,PRJ-589349,OCMS-231534,PM-5886407,synthetic_direct_mapping,0.973
PAI-04348,PRJ-271418,OCMS-321558,PM-9445305,synthetic_direct_mapping,0.959
PAI-04349,PRJ-477541,OCMS-517414,PM-9383900,synthetic_direct_mapping,0.991
PAI-04350,PRJ-687606,OCMS-882220,PM-9755079,synthetic_direct_mapping,0.997
PAI-04351,PRJ-223640,OCMS-423686,PM-1100330,synthetic_direct_mapping,0.953
PAI-04352,PRJ-714869,OCMS-913553,PM-1559888,synthetic_direct_mapping,0.976
PAI-04353,PRJ-122159,OCMS-546679,PM-9483362,synthetic_direct_mapping,0.999
PAI-04354,PRJ-766445,OCMS-836389,PM-6557398,synthetic_direct_mapping,0.956
PAI-04355,PRJ-834324,OCMS-544116,PM-3840139,synthetic_direct_mapping,0.962
PAI-04356,PRJ-872127,OCMS-776515,PM-7874777,synthetic_direct_mapping,0.97
PAI-04357,PRJ-425375,OCMS-714416,PM-9801402,synthetic_direct_mapping,0.947
PAI-04358,PRJ-841819,OCMS-397530,PM-6535776,synthetic_direct_mapping,0.992
PAI-04359,PRJ-345335,OCMS-671121,PM-5335261,synthetic_direct_mapping,0.984
PAI-04360,PRJ-830667,OCMS-886201,PM-4114809,synthetic_direct_mapping,0.989
PAI-04361,PRJ-178554,OCMS-264459,PM-4954295,synthetic_direct_mapping,0.993
PAI-04362,PRJ-643197,OCMS-305405,PM-1577421,synthetic_direct_mapping,0.952
PAI-04363,PRJ-244302,OCMS-424846,PM-1964733,synthetic_direct_mapping,0.985
PAI-04364,PRJ-212728,OCMS-309736,PM-9587424,synthetic_direct_mapping,0.952
PAI-04365,PRJ-680534,OCMS-902075,PM-5504387,synthetic_direct_mapping,0.963
PAI-04366,PRJ-866674,OCMS-690043,PM-5825954,synthetic_direct_mapping,0.984
PAI-04367,PRJ-891692,OCMS-449470,PM-5547234,synthetic_direct_mapping,0.976
PAI-04368,PRJ-181591,OCMS-229308,PM-9976906,synthetic_direct_mapping,0.998
PAI-04369,PRJ-115005,OCMS-317558,PM-3694454,synthetic_direct_mapping,0.979
PAI-04370,PRJ-877410,OCMS-672508,PM-6112000,synthetic_direct_mapping,0.947
PAI-04371,PRJ-183913,OCMS-103492,PM-1491562,synthetic_direct_mapping,0.985
PAI-04372,PRJ-305404,OCMS-887118,PM-5029190,synthetic_direct_mapping,0.987
PAI-04373,PRJ-746500,OCMS-421618,PM-6985547,synthetic_direct_mapping,0.982
PAI-04374,PRJ-122327,OCMS-413718,PM-6626385,synthetic_direct_mapping,0.959
PAI-04375,PRJ-397674,OCMS-573735,PM-7541864,synthetic_direct_mapping,0.943
PAI-04376,PRJ-210663,OCMS-259887,PM-2335740,synthetic_direct_mapping,0.986
PAI-04377,PRJ-597187,OCMS-641151,PM-6424804,synthetic_direct_mapping,0.943
PAI-04378,PRJ-132456,OCMS-740439,PM-3335146,synthetic_direct_mapping,0.953
PAI-04379,PRJ-102582,OCMS-672920,PM-9714379,synthetic_direct_mapping,0.982
PAI-04380,PRJ-483766,OCMS-145689,PM-6432628,synthetic_direct_mapping,0.997
PAI-04381,PRJ-794149,OCMS-509158,PM-8052760,synthetic_direct_mapping,0.978
PAI-04382,PRJ-420122,OCMS-845959,PM-9980602,synthetic_direct_mapping,0.965
PAI-04383,PRJ-363855,OCMS-314390,PM-6882908,synthetic_direct_mapping,0.958
PAI-04384,PRJ-176904,OCMS-711801,PM-9614542,synthetic_direct_mapping,0.979
PAI-04385,PRJ-278338,OCMS-258056,PM-4017265,synthetic_direct_mapping,0.984
PAI-04386,PRJ-950145,OCMS-322880,PM-2521681,synthetic_direct_mapping,0.963
PAI-04387,PRJ-359091,OCMS-961322,PM-3998299,synthetic_direct_mapping,0.957
PAI-04388,PRJ-120678,OCMS-150944,PM-9898724,synthetic_direct_mapping,0.944
PAI-04389,PRJ-120768,OCMS-831896,PM-1413201,synthetic_direct_mapping,0.948
PAI-04390,PRJ-909300,OCMS-550752,PM-6616477,synthetic_direct_mapping,0.966
PAI-04391,PRJ-920759,OCMS-306088,PM-5501345,synthetic_direct_mapping,0.954
PAI-04392,PRJ-965536,OCMS-763543,PM-9726420,synthetic_direct_mapping,0.99
PAI-04393,PRJ-951513,OCMS-555188,PM-9287888,synthetic_direct_mapping,0.941
PAI-04394,PRJ-651972,OCMS-110462,PM-4275218,synthetic_direct_mapping,0.99
PAI-04395,PRJ-960784,OCMS-430366,PM-2512879,synthetic_direct_mapping,0.971
PAI-04396,PRJ-718034,OCMS-188561,PM-9950866,synthetic_direct_mapping,0.999
PAI-04397,PRJ-559562,OCMS-762664,PM-5173726,synthetic_direct_mapping,0.986
PAI-04398,PRJ-286708,OCMS-902191,PM-9769291,synthetic_direct_mapping,0.949
PAI-04399,PRJ-368359,OCMS-828767,PM-7144755,synthetic_direct_mapping,0.942
PAI-04400,PRJ-583527,OCMS-813433,PM-9107919,synthetic_direct_mapping,0.988
PAI-04401,PRJ-514391,OCMS-294113,PM-4997780,synthetic_direct_mapping,0.952
PAI-04402,PRJ-483329,OCMS-957254,PM-7936022,synthetic_direct_mapping,0.945
PAI-04403,PRJ-373393,OCMS-559560,PM-4219227,synthetic_direct_mapping,0.984
PAI-04404,PRJ-158557,OCMS-334197,PM-4341692,synthetic_direct_mapping,0.988
PAI-04405,PRJ-601506,OCMS-599357,PM-2108071,synthetic_direct_mapping,0.996
PAI-04406,PRJ-288944,OCMS-448660,PM-4092460,synthetic_direct_mapping,0.957
PAI-04407,PRJ-911262,OCMS-719361,PM-9470252,synthetic_direct_mapping,0.989
PAI-04408,PRJ-464890,OCMS-931288,PM-1543230,synthetic_direct_mapping,0.978
PAI-04409,PRJ-751277,OCMS-316708,PM-9500226,synthetic_direct_mapping,0.963
PAI-04410,PRJ-741920,OCMS-920273,PM-3227073,synthetic_direct_mapping,0.947
PAI-04411,PRJ-388658,OCMS-864339,PM-4558427,synthetic_direct_mapping,0.943
PAI-04412,PRJ-463587,OCMS-514034,PM-9468115,synthetic_direct_mapping,0.984
PAI-04413,PRJ-951116,OCMS-382250,PM-3482606,synthetic_direct_mapping,0.978
PAI-04414,PRJ-346412,OCMS-813263,PM-9133530,synthetic_direct_mapping,0.957
PAI-04415,PRJ-265838,OCMS-793730,PM-3839214,synthetic_direct_mapping,0.956
PAI-04416,PRJ-763336,OCMS-332635,PM-7965326,synthetic_direct_mapping,0.97
PAI-04417,PRJ-512058,OCMS-892144,PM-6362704,synthetic_direct_mapping,0.985
PAI-04418,PRJ-509769,OCMS-437338,PM-9740010,synthetic_direct_mapping,0.949
PAI-04419,PRJ-336257,OCMS-790727,PM-1375141,synthetic_direct_mapping,0.987
PAI-04420,PRJ-658696,OCMS-794852,PM-7395650,synthetic_direct_mapping,0.959
PAI-04421,PRJ-558189,OCMS-300605,PM-4131465,synthetic_direct_mapping,0.955
PAI-04422,PRJ-855667,OCMS-196392,PM-3865320,synthetic_direct_mapping,0.969
PAI-04423,PRJ-452019,OCMS-289656,PM-4813843,synthetic_direct_mapping,0.983
PAI-04424,PRJ-268031,OCMS-262231,PM-4768466,synthetic_direct_mapping,0.99
PAI-04425,PRJ-864902,OCMS-616159,PM-7039533,synthetic_direct_mapping,0.953
PAI-04426,PRJ-367629,OCMS-531324,PM-6206131,synthetic_direct_mapping,0.964
PAI-04427,PRJ-662295,OCMS-414281,PM-3805073,synthetic_direct_mapping,0.941
PAI-04428,PRJ-162153,OCMS-739249,PM-1386830,synthetic_direct_mapping,0.951
PAI-04429,PRJ-439040,OCMS-389944,PM-5222315,synthetic_direct_mapping,0.949
PAI-04430,PRJ-350146,OCMS-975843,PM-6955854,synthetic_direct_mapping,0.955
PAI-04431,PRJ-720298,OCMS-538052,PM-6716882,synthetic_direct_mapping,0.967
PAI-04432,PRJ-261759,OCMS-103854,PM-6921542,synthetic_direct_mapping,0.994
PAI-04433,PRJ-336704,OCMS-431646,PM-7615426,synthetic_direct_mapping,0.967
PAI-04434,PRJ-590554,OCMS-634679,PM-9924978,synthetic_direct_mapping,0.991
PAI-04435,PRJ-288301,OCMS-334690,PM-8928929,synthetic_direct_mapping,0.974
PAI-04436,PRJ-794719,OCMS-477883,PM-5724370,synthetic_direct_mapping,0.997
PAI-04437,PRJ-671029,OCMS-208523,PM-3913293,synthetic_direct_mapping,0.953
PAI-04438,PRJ-698186,OCMS-934206,PM-5773610,synthetic_direct_mapping,0.979
PAI-04439,PRJ-141364,OCMS-948023,PM-8004055,synthetic_direct_mapping,0.96
PAI-04440,PRJ-277827,OCMS-844571,PM-7928929,synthetic_direct_mapping,0.961
PAI-04441,PRJ-807525,OCMS-136837,PM-6275687,synthetic_direct_mapping,0.947
PAI-04442,PRJ-443855,OCMS-131599,PM-3812929,synthetic_direct_mapping,0.987
PAI-04443,PRJ-572795,OCMS-942689,PM-9037168,synthetic_direct_mapping,0.953
PAI-04444,PRJ-207909,OCMS-795072,PM-1176153,synthetic_direct_mapping,0.989
PAI-04445,PRJ-681545,OCMS-764011,PM-8642007,synthetic_direct_mapping,0.97
PAI-04446,PRJ-384928,OCMS-160834,PM-8132235,synthetic_direct_mapping,0.987
PAI-04447,PRJ-692744,OCMS-496710,PM-5901276,synthetic_direct_mapping,0.967
PAI-04448,PRJ-319561,OCMS-115614,PM-9323631,synthetic_direct_mapping,0.991
PAI-04449,PRJ-650587,OCMS-729261,PM-3353433,synthetic_direct_mapping,0.981
PAI-04450,PRJ-336080,OCMS-153556,PM-2555876,synthetic_direct_mapping,0.988
PAI-04451,PRJ-612772,OCMS-222169,PM-4098321,synthetic_direct_mapping,0.98
PAI-04452,PRJ-525617,OCMS-445066,PM-3585242,synthetic_direct_mapping,0.941
PAI-04453,PRJ-747920,OCMS-743919,PM-7083962,synthetic_direct_mapping,0.978
PAI-04454,PRJ-188972,OCMS-567904,PM-4769173,synthetic_direct_mapping,0.971
PAI-04455,PRJ-674453,OCMS-100393,PM-6252859,synthetic_direct_mapping,0.944
PAI-04456,PRJ-473958,OCMS-947732,PM-7341994,synthetic_direct_mapping,0.987
PAI-04457,PRJ-677863,OCMS-240902,PM-7772330,synthetic_direct_mapping,0.986
PAI-04458,PRJ-792638,OCMS-824073,PM-4469227,synthetic_direct_mapping,0.955
PAI-04459,PRJ-340818,OCMS-352864,PM-5036655,synthetic_direct_mapping,0.993
PAI-04460,PRJ-119366,OCMS-440550,PM-3729992,synthetic_direct_mapping,0.989
PAI-04461,PRJ-742532,OCMS-332313,PM-7183217,synthetic_direct_mapping,0.988
PAI-04462,PRJ-920794,OCMS-867464,PM-4426705,synthetic_direct_mapping,0.955
PAI-04463,PRJ-841614,OCMS-866790,PM-8840937,synthetic_direct_mapping,0.957
PAI-04464,PRJ-815845,OCMS-856428,PM-2919625,synthetic_direct_mapping,0.942
PAI-04465,PRJ-165620,OCMS-185490,PM-6733180,synthetic_direct_mapping,0.958
PAI-04466,PRJ-158475,OCMS-136780,PM-3029775,synthetic_direct_mapping,0.957
PAI-04467,PRJ-614514,OCMS-916381,PM-1975722,synthetic_direct_mapping,0.985
PAI-04468,PRJ-409517,OCMS-292797,PM-5764414,synthetic_direct_mapping,0.986
PAI-04469,PRJ-501298,OCMS-802335,PM-2638513,synthetic_direct_mapping,0.963
PAI-04470,PRJ-865819,OCMS-115365,PM-3487923,synthetic_direct_mapping,0.961
PAI-04471,PRJ-212730,OCMS-664794,PM-6842812,synthetic_direct_mapping,0.964
PAI-04472,PRJ-453890,OCMS-542132,PM-7487780,synthetic_direct_mapping,0.952
PAI-04473,PRJ-805262,OCMS-637031,PM-5395308,synthetic_direct_mapping,0.955
PAI-04474,PRJ-393795,OCMS-977316,PM-1122235,synthetic_direct_mapping,0.977
PAI-04475,PRJ-357185,OCMS-122336,PM-8829545,synthetic_direct_mapping,0.948
PAI-04476,PRJ-266353,OCMS-822128,PM-2526274,synthetic_direct_mapping,0.997
PAI-04477,PRJ-688554,OCMS-955142,PM-5134505,synthetic_direct_mapping,0.992
PAI-04478,PRJ-639903,OCMS-141928,PM-1302367,synthetic_direct_mapping,0.961
PAI-04479,PRJ-126911,OCMS-905476,PM-3468738,synthetic_direct_mapping,0.95
PAI-04480,PRJ-806243,OCMS-124182,PM-3120202,synthetic_direct_mapping,0.992
PAI-04481,PRJ-116573,OCMS-873355,PM-2515762,synthetic_direct_mapping,0.946
PAI-04482,PRJ-494346,OCMS-360514,PM-4466013,synthetic_direct_mapping,0.946
PAI-04483,PRJ-965552,OCMS-903671,PM-7382224,synthetic_direct_mapping,0.961
PAI-04484,PRJ-432836,OCMS-901705,PM-6184411,synthetic_direct_mapping,0.988
PAI-04485,PRJ-644207,OCMS-509449,PM-4303979,synthetic_direct_mapping,0.961
PAI-04486,PRJ-783871,OCMS-513367,PM-7240295,synthetic_direct_mapping,0.977
PAI-04487,PRJ-165573,OCMS-566589,PM-4256065,synthetic_direct_mapping,0.959
PAI-04488,PRJ-744375,OCMS-317840,PM-9049440,synthetic_direct_mapping,0.96
PAI-04489,PRJ-316507,OCMS-635859,PM-9830848,synthetic_direct_mapping,0.963
PAI-04490,PRJ-837314,OCMS-167985,PM-8467488,synthetic_direct_mapping,0.972
PAI-04491,PRJ-446350,OCMS-391904,PM-7293221,synthetic_direct_mapping,0.946
PAI-04492,PRJ-301596,OCMS-302758,PM-5526809,synthetic_direct_mapping,0.954
PAI-04493,PRJ-960690,OCMS-533969,PM-7851819,synthetic_direct_mapping,0.968
PAI-04494,PRJ-522594,OCMS-635946,PM-4837143,synthetic_direct_mapping,0.974
PAI-04495,PRJ-138413,OCMS-661975,PM-8912501,synthetic_direct_mapping,0.944
PAI-04496,PRJ-426599,OCMS-158666,PM-2391229,synthetic_direct_mapping,0.992
PAI-04497,PRJ-368243,OCMS-324906,PM-6893838,synthetic_direct_mapping,0.998
PAI-04498,PRJ-536405,OCMS-182523,PM-8403408,synthetic_direct_mapping,0.986
PAI-04499,PRJ-766139,OCMS-302777,PM-5686291,synthetic_direct_mapping,0.961
PAI-04500,PRJ-748766,OCMS-174876,PM-7981534,synthetic_direct_mapping,0.967
PAI-04501,PRJ-682885,OCMS-467562,PM-5415524,synthetic_direct_mapping,0.942
PAI-04502,PRJ-157014,OCMS-209132,PM-2935475,synthetic_direct_mapping,0.96
PAI-04503,PRJ-452176,OCMS-579210,PM-6373926,synthetic_direct_mapping,0.999
PAI-04504,PRJ-294878,OCMS-980843,PM-4469029,synthetic_direct_mapping,0.975
PAI-04505,PRJ-136696,OCMS-785237,PM-6930079,synthetic_direct_mapping,0.944
PAI-04506,PRJ-863272,OCMS-143395,PM-3655865,synthetic_direct_mapping,0.945
PAI-04507,PRJ-884842,OCMS-851052,PM-6602011,synthetic_direct_mapping,0.962
PAI-04508,PRJ-964174,OCMS-840053,PM-1610690,synthetic_direct_mapping,0.994
PAI-04509,PRJ-928996,OCMS-263586,PM-4955835,synthetic_direct_mapping,0.986
PAI-04510,PRJ-497910,OCMS-479466,PM-3734455,synthetic_direct_mapping,0.954
PAI-04511,PRJ-456417,OCMS-974739,PM-6994687,synthetic_direct_mapping,0.95
PAI-04512,PRJ-394778,OCMS-428070,PM-9853164,synthetic_direct_mapping,0.96
PAI-04513,PRJ-272674,OCMS-320009,PM-7936712,synthetic_direct_mapping,0.961
PAI-04514,PRJ-259853,OCMS-229173,PM-6885442,synthetic_direct_mapping,0.964
PAI-04515,PRJ-331443,OCMS-618778,PM-9962849,synthetic_direct_mapping,0.982
PAI-04516,PRJ-362393,OCMS-450535,PM-8801055,synthetic_direct_mapping,0.971
PAI-04517,PRJ-523639,OCMS-887995,PM-6108188,synthetic_direct_mapping,0.951
PAI-04518,PRJ-106162,OCMS-198071,PM-6366191,synthetic_direct_mapping,0.985
PAI-04519,PRJ-300736,OCMS-764864,PM-3675728,synthetic_direct_mapping,0.964
PAI-04520,PRJ-968823,OCMS-929415,PM-1883950,synthetic_direct_mapping,0.965
PAI-04521,PRJ-273173,OCMS-593710,PM-7578740,synthetic_direct_mapping,0.977
PAI-04522,PRJ-877986,OCMS-384261,PM-5079575,synthetic_direct_mapping,0.988
PAI-04523,PRJ-915596,OCMS-522711,PM-3816598,synthetic_direct_mapping,0.976
PAI-04524,PRJ-977944,OCMS-730097,PM-4608185,synthetic_direct_mapping,0.982
PAI-04525,PRJ-962372,OCMS-790810,PM-3808072,synthetic_direct_mapping,0.975
PAI-04526,PRJ-581893,OCMS-367331,PM-1273041,synthetic_direct_mapping,0.981
PAI-04527,PRJ-398372,OCMS-276781,PM-2112314,synthetic_direct_mapping,0.942
PAI-04528,PRJ-120038,OCMS-553728,PM-3867859,synthetic_direct_mapping,0.954
PAI-04529,PRJ-600710,OCMS-252675,PM-3745793,synthetic_direct_mapping,0.966
PAI-04530,PRJ-734394,OCMS-994490,PM-5011456,synthetic_direct_mapping,0.966
PAI-04531,PRJ-552552,OCMS-724206,PM-4636395,synthetic_direct_mapping,0.969
PAI-04532,PRJ-643526,OCMS-315681,PM-7970173,synthetic_direct_mapping,0.974
PAI-04533,PRJ-374709,OCMS-309143,PM-4345110,synthetic_direct_mapping,0.996
PAI-04534,PRJ-389759,OCMS-545694,PM-8270920,synthetic_direct_mapping,0.983
PAI-04535,PRJ-524348,OCMS-640364,PM-2462622,synthetic_direct_mapping,0.944
PAI-04536,PRJ-519836,OCMS-482921,PM-8478796,synthetic_direct_mapping,0.968
PAI-04537,PRJ-916771,OCMS-211516,PM-9467600,synthetic_direct_mapping,0.986
PAI-04538,PRJ-803908,OCMS-417076,PM-3401207,synthetic_direct_mapping,0.96
PAI-04539,PRJ-368125,OCMS-778750,PM-6515447,synthetic_direct_mapping,0.978
PAI-04540,PRJ-613278,OCMS-183564,PM-7767481,synthetic_direct_mapping,0.979
PAI-04541,PRJ-505424,OCMS-704658,PM-6158293,synthetic_direct_mapping,0.997
PAI-04542,PRJ-845151,OCMS-773504,PM-8158614,synthetic_direct_mapping,0.966
PAI-04543,PRJ-546615,OCMS-631121,PM-6822697,synthetic_direct_mapping,0.984
PAI-04544,PRJ-893267,OCMS-753676,PM-4519328,synthetic_direct_mapping,0.959
PAI-04545,PRJ-211416,OCMS-940779,PM-1898847,synthetic_direct_mapping,0.949
PAI-04546,PRJ-685212,OCMS-165698,PM-7577517,synthetic_direct_mapping,0.977
PAI-04547,PRJ-961420,OCMS-360478,PM-7147304,synthetic_direct_mapping,0.97
PAI-04548,PRJ-705810,OCMS-281161,PM-4593027,synthetic_direct_mapping,0.995
PAI-04549,PRJ-258644,OCMS-720961,PM-6950750,synthetic_direct_mapping,0.965
PAI-04550,PRJ-336576,OCMS-767349,PM-9021528,synthetic_direct_mapping,0.941
PAI-04551,PRJ-469653,OCMS-744053,PM-2179700,synthetic_direct_mapping,0.979
PAI-04552,PRJ-631542,OCMS-466704,PM-4668576,synthetic_direct_mapping,0.973
PAI-04553,PRJ-701019,OCMS-643774,PM-5121698,synthetic_direct_mapping,0.953
PAI-04554,PRJ-217485,OCMS-347789,PM-7985976,synthetic_direct_mapping,0.951
PAI-04555,PRJ-748001,OCMS-936041,PM-3465898,synthetic_direct_mapping,0.948
PAI-04556,PRJ-254334,OCMS-132121,PM-6212879,synthetic_direct_mapping,0.981
PAI-04557,PRJ-226022,OCMS-411312,PM-5435923,synthetic_direct_mapping,0.978
PAI-04558,PRJ-334793,OCMS-445741,PM-8347181,synthetic_direct_mapping,0.973
PAI-04559,PRJ-952613,OCMS-925387,PM-3472906,synthetic_direct_mapping,0.94
PAI-04560,PRJ-893502,OCMS-552956,PM-2838314,synthetic_direct_mapping,0.993
PAI-04561,PRJ-512329,OCMS-975344,PM-3627138,synthetic_direct_mapping,0.992
PAI-04562,PRJ-904568,OCMS-864642,PM-1060040,synthetic_direct_mapping,0.974
PAI-04563,PRJ-423471,OCMS-116053,PM-7248789,synthetic_direct_mapping,0.949
PAI-04564,PRJ-211849,OCMS-951363,PM-1288591,synthetic_direct_mapping,0.996
PAI-04565,PRJ-436809,OCMS-744891,PM-8740159,synthetic_direct_mapping,0.992
PAI-04566,PRJ-103902,OCMS-209199,PM-4517004,synthetic_direct_mapping,0.941
PAI-04567,PRJ-531885,OCMS-701657,PM-9976383,synthetic_direct_mapping,0.993
PAI-04568,PRJ-954608,OCMS-481084,PM-6947079,synthetic_direct_mapping,0.983
PAI-04569,PRJ-492332,OCMS-244550,PM-3854218,synthetic_direct_mapping,0.966
PAI-04570,PRJ-660344,OCMS-810523,PM-5008564,synthetic_direct_mapping,0.995
PAI-04571,PRJ-574807,OCMS-399410,PM-2146053,synthetic_direct_mapping,0.99
PAI-04572,PRJ-777256,OCMS-809850,PM-5681560,synthetic_direct_mapping,0.956
PAI-04573,PRJ-363804,OCMS-604964,PM-6578884,synthetic_direct_mapping,0.986
PAI-04574,PRJ-942605,OCMS-700176,PM-3095704,synthetic_direct_mapping,0.976
PAI-04575,PRJ-615308,OCMS-737019,PM-6810984,synthetic_direct_mapping,0.995
PAI-04576,PRJ-259869,OCMS-725127,PM-6134977,synthetic_direct_mapping,0.958
PAI-04577,PRJ-642266,OCMS-572880,PM-8093650,synthetic_direct_mapping,0.963
PAI-04578,PRJ-993343,OCMS-818242,PM-2639643,synthetic_direct_mapping,0.972
PAI-04579,PRJ-318074,OCMS-874682,PM-7083214,synthetic_direct_mapping,0.991
PAI-04580,PRJ-894101,OCMS-668410,PM-4766693,synthetic_direct_mapping,0.965
PAI-04581,PRJ-450860,OCMS-183838,PM-8322592,synthetic_direct_mapping,0.994
PAI-04582,PRJ-605609,OCMS-844741,PM-4124319,synthetic_direct_mapping,0.984
PAI-04583,PRJ-996272,OCMS-538851,PM-3745048,synthetic_direct_mapping,0.968
PAI-04584,PRJ-657501,OCMS-935862,PM-2358474,synthetic_direct_mapping,0.952
PAI-04585,PRJ-219495,OCMS-144146,PM-2667012,synthetic_direct_mapping,0.947
PAI-04586,PRJ-729751,OCMS-805360,PM-4681319,synthetic_direct_mapping,0.965
PAI-04587,PRJ-418135,OCMS-132082,PM-2247874,synthetic_direct_mapping,0.955
PAI-04588,PRJ-708080,OCMS-979072,PM-3426410,synthetic_direct_mapping,0.97
PAI-04589,PRJ-375849,OCMS-360499,PM-8279556,synthetic_direct_mapping,0.985
PAI-04590,PRJ-372439,OCMS-288893,PM-6920733,synthetic_direct_mapping,0.992
PAI-04591,PRJ-179745,OCMS-461287,PM-5792396,synthetic_direct_mapping,0.987
PAI-04592,PRJ-839737,OCMS-133483,PM-4175483,synthetic_direct_mapping,0.964
PAI-04593,PRJ-740682,OCMS-480076,PM-9980641,synthetic_direct_mapping,0.948
PAI-04594,PRJ-668090,OCMS-147309,PM-7507505,synthetic_direct_mapping,0.985
PAI-04595,PRJ-359924,OCMS-170029,PM-9908674,synthetic_direct_mapping,0.947
PAI-04596,PRJ-573096,OCMS-912543,PM-8127354,synthetic_direct_mapping,0.972
PAI-04597,PRJ-318500,OCMS-682164,PM-5078035,synthetic_direct_mapping,0.941
PAI-04598,PRJ-181629,OCMS-417359,PM-5819621,synthetic_direct_mapping,0.964
PAI-04599,PRJ-786223,OCMS-300219,PM-9620330,synthetic_direct_mapping,0.944
PAI-04600,PRJ-163547,OCMS-762169,PM-3143454,synthetic_direct_mapping,0.959
PAI-04601,PRJ-306515,OCMS-262826,PM-9963222,synthetic_direct_mapping,0.985
PAI-04602,PRJ-942769,OCMS-887536,PM-2884414,synthetic_direct_mapping,0.975
PAI-04603,PRJ-897055,OCMS-508476,PM-3931675,synthetic_direct_mapping,0.986
PAI-04604,PRJ-909869,OCMS-621119,PM-3259988,synthetic_direct_mapping,0.977
PAI-04605,PRJ-244463,OCMS-896190,PM-3841902,synthetic_direct_mapping,0.954
PAI-04606,PRJ-381395,OCMS-628989,PM-9038015,synthetic_direct_mapping,0.95
PAI-04607,PRJ-317361,OCMS-229281,PM-7028066,synthetic_direct_mapping,0.963
PAI-04608,PRJ-457735,OCMS-334743,PM-7930738,synthetic_direct_mapping,0.959
PAI-04609,PRJ-124069,OCMS-237762,PM-2216767,synthetic_direct_mapping,0.983
PAI-04610,PRJ-628494,OCMS-545919,PM-2893057,synthetic_direct_mapping,0.968
PAI-04611,PRJ-530338,OCMS-455686,PM-8992316,synthetic_direct_mapping,0.962
PAI-04612,PRJ-378448,OCMS-684826,PM-7977450,synthetic_direct_mapping,0.985
PAI-04613,PRJ-909775,OCMS-321815,PM-7671954,synthetic_direct_mapping,0.983
PAI-04614,PRJ-837928,OCMS-549472,PM-9671147,synthetic_direct_mapping,0.952
PAI-04615,PRJ-818246,OCMS-410389,PM-2547568,synthetic_direct_mapping,0.953
PAI-04616,PRJ-717981,OCMS-299374,PM-4055214,synthetic_direct_mapping,0.962
PAI-04617,PRJ-863791,OCMS-595569,PM-5735253,synthetic_direct_mapping,0.972
PAI-04618,PRJ-856505,OCMS-369940,PM-6033444,synthetic_direct_mapping,0.994
PAI-04619,PRJ-305247,OCMS-400258,PM-7090130,synthetic_direct_mapping,0.973
PAI-04620,PRJ-360681,OCMS-231630,PM-5412590,synthetic_direct_mapping,0.995
PAI-04621,PRJ-218362,OCMS-316609,PM-6737945,synthetic_direct_mapping,0.948
PAI-04622,PRJ-355124,OCMS-170662,PM-6006793,synthetic_direct_mapping,0.978
PAI-04623,PRJ-694331,OCMS-534939,PM-1691663,synthetic_direct_mapping,0.991
PAI-04624,PRJ-247482,OCMS-843934,PM-3566087,synthetic_direct_mapping,0.996
PAI-04625,PRJ-790943,OCMS-956070,PM-2696847,synthetic_direct_mapping,0.97
PAI-04626,PRJ-752586,OCMS-214939,PM-7286286,synthetic_direct_mapping,0.947
PAI-04627,PRJ-482966,OCMS-584228,PM-6066397,synthetic_direct_mapping,0.957
PAI-04628,PRJ-236544,OCMS-827052,PM-3116470,synthetic_direct_mapping,0.998
PAI-04629,PRJ-398841,OCMS-795954,PM-4750700,synthetic_direct_mapping,0.944
PAI-04630,PRJ-440183,OCMS-851277,PM-5819628,synthetic_direct_mapping,0.983
PAI-04631,PRJ-696265,OCMS-569687,PM-1507447,synthetic_direct_mapping,0.982
PAI-04632,PRJ-761913,OCMS-495040,PM-5409581,synthetic_direct_mapping,0.942
PAI-04633,PRJ-214006,OCMS-356133,PM-2228995,synthetic_direct_mapping,0.994
PAI-04634,PRJ-382069,OCMS-818660,PM-6117342,synthetic_direct_mapping,0.981
PAI-04635,PRJ-592701,OCMS-941403,PM-5829730,synthetic_direct_mapping,0.969
PAI-04636,PRJ-831154,OCMS-939693,PM-2798898,synthetic_direct_mapping,0.982
PAI-04637,PRJ-208657,OCMS-783342,PM-3572155,synthetic_direct_mapping,0.965
PAI-04638,PRJ-859029,OCMS-515591,PM-6204460,synthetic_direct_mapping,0.997
PAI-04639,PRJ-648859,OCMS-410737,PM-7517441,synthetic_direct_mapping,0.99
PAI-04640,PRJ-209448,OCMS-812200,PM-5706583,synthetic_direct_mapping,0.974
PAI-04641,PRJ-902999,OCMS-335471,PM-2868147,synthetic_direct_mapping,0.95
PAI-04642,PRJ-540428,OCMS-869173,PM-7446979,synthetic_direct_mapping,0.996
PAI-04643,PRJ-291235,OCMS-668525,PM-1703831,synthetic_direct_mapping,0.98
PAI-04644,PRJ-799246,OCMS-777628,PM-5723726,synthetic_direct_mapping,0.942
PAI-04645,PRJ-858302,OCMS-712227,PM-5803256,synthetic_direct_mapping,0.983
PAI-04646,PRJ-326534,OCMS-942820,PM-2298243,synthetic_direct_mapping,0.975
PAI-04647,PRJ-875359,OCMS-376001,PM-4961879,synthetic_direct_mapping,0.98
PAI-04648,PRJ-776046,OCMS-757038,PM-4314374,synthetic_direct_mapping,0.991
PAI-04649,PRJ-726475,OCMS-983237,PM-9934055,synthetic_direct_mapping,0.96
PAI-04650,PRJ-988773,OCMS-738717,PM-6122549,synthetic_direct_mapping,0.95
PAI-04651,PRJ-894098,OCMS-144742,PM-2025042,synthetic_direct_mapping,0.95
PAI-04652,PRJ-662819,OCMS-723428,PM-9831356,synthetic_direct_mapping,0.944
PAI-04653,PRJ-973513,OCMS-704827,PM-6502857,synthetic_direct_mapping,0.97
PAI-04654,PRJ-389449,OCMS-114845,PM-6914795,synthetic_direct_mapping,0.944
PAI-04655,PRJ-948786,OCMS-162722,PM-4315889,synthetic_direct_mapping,0.976
PAI-04656,PRJ-689000,OCMS-864808,PM-9584565,synthetic_direct_mapping,0.941
PAI-04657,PRJ-432608,OCMS-657168,PM-5542632,synthetic_direct_mapping,0.996
PAI-04658,PRJ-309164,OCMS-244139,PM-8140766,synthetic_direct_mapping,0.97
PAI-04659,PRJ-835647,OCMS-635641,PM-5377311,synthetic_direct_mapping,0.983
PAI-04660,PRJ-501919,OCMS-207342,PM-2257375,synthetic_direct_mapping,0.972
PAI-04661,PRJ-756758,OCMS-495658,PM-9104415,synthetic_direct_mapping,0.969
PAI-04662,PRJ-859885,OCMS-173401,PM-2731438,synthetic_direct_mapping,0.954
PAI-04663,PRJ-216301,OCMS-672456,PM-8239243,synthetic_direct_mapping,0.996
PAI-04664,PRJ-278313,OCMS-191423,PM-4379575,synthetic_direct_mapping,0.97
PAI-04665,PRJ-517092,OCMS-609241,PM-2078176,synthetic_direct_mapping,0.992
PAI-04666,PRJ-493927,OCMS-223651,PM-1197570,synthetic_direct_mapping,0.968
PAI-04667,PRJ-810421,OCMS-852496,PM-9446331,synthetic_direct_mapping,0.989
PAI-04668,PRJ-466693,OCMS-554646,PM-7745245,synthetic_direct_mapping,0.95
PAI-04669,PRJ-436974,OCMS-190032,PM-7801272,synthetic_direct_mapping,0.968
PAI-04670,PRJ-795837,OCMS-996764,PM-6725329,synthetic_direct_mapping,0.961
PAI-04671,PRJ-314849,OCMS-606638,PM-8569096,synthetic_direct_mapping,0.949
PAI-04672,PRJ-793007,OCMS-814399,PM-6454416,synthetic_direct_mapping,0.983
PAI-04673,PRJ-125855,OCMS-810048,PM-6263423,synthetic_direct_mapping,0.978
PAI-04674,PRJ-987589,OCMS-739752,PM-6158920,synthetic_direct_mapping,0.966
PAI-04675,PRJ-168684,OCMS-387273,PM-3164159,synthetic_direct_mapping,0.946
PAI-04676,PRJ-636217,OCMS-448470,PM-1198430,synthetic_direct_mapping,0.953
PAI-04677,PRJ-462378,OCMS-628109,PM-7323909,synthetic_direct_mapping,0.959
PAI-04678,PRJ-252268,OCMS-979708,PM-7261016,synthetic_direct_mapping,0.996
PAI-04679,PRJ-592441,OCMS-416710,PM-5138612,synthetic_direct_mapping,0.944
PAI-04680,PRJ-585733,OCMS-386122,PM-6099400,synthetic_direct_mapping,0.994
PAI-04681,PRJ-600287,OCMS-173896,PM-7852953,synthetic_direct_mapping,0.985
PAI-04682,PRJ-720947,OCMS-993175,PM-9687756,synthetic_direct_mapping,0.95
PAI-04683,PRJ-703838,OCMS-133012,PM-3798136,synthetic_direct_mapping,0.992
PAI-04684,PRJ-118244,OCMS-940886,PM-9092988,synthetic_direct_mapping,0.956
PAI-04685,PRJ-891887,OCMS-519353,PM-7886249,synthetic_direct_mapping,0.975
PAI-04686,PRJ-341781,OCMS-167819,PM-4831787,synthetic_direct_mapping,0.973
PAI-04687,PRJ-734448,OCMS-355084,PM-1647290,synthetic_direct_mapping,0.979
PAI-04688,PRJ-652120,OCMS-385459,PM-5953009,synthetic_direct_mapping,0.968
PAI-04689,PRJ-161335,OCMS-782277,PM-9735407,synthetic_direct_mapping,0.965
PAI-04690,PRJ-107780,OCMS-284836,PM-8038673,synthetic_direct_mapping,0.99
PAI-04691,PRJ-648490,OCMS-936364,PM-4221397,synthetic_direct_mapping,0.944
PAI-04692,PRJ-592373,OCMS-410951,PM-6879242,synthetic_direct_mapping,0.971
PAI-04693,PRJ-763522,OCMS-743866,PM-9152077,synthetic_direct_mapping,0.958
PAI-04694,PRJ-862810,OCMS-285490,PM-4779338,synthetic_direct_mapping,0.956
PAI-04695,PRJ-548522,OCMS-966915,PM-4160727,synthetic_direct_mapping,0.943
PAI-04696,PRJ-829925,OCMS-293907,PM-7264822,synthetic_direct_mapping,0.971
PAI-04697,PRJ-931320,OCMS-835217,PM-8783373,synthetic_direct_mapping,0.94
PAI-04698,PRJ-660830,OCMS-299070,PM-3425204,synthetic_direct_mapping,0.966
PAI-04699,PRJ-162072,OCMS-971350,PM-3017338,synthetic_direct_mapping,0.951
PAI-04700,PRJ-225666,OCMS-687966,PM-9591801,synthetic_direct_mapping,0.946
PAI-04701,PRJ-910720,OCMS-695111,PM-3158342,synthetic_direct_mapping,0.941
PAI-04702,PRJ-228733,OCMS-801300,PM-5280190,synthetic_direct_mapping,0.968
PAI-04703,PRJ-901377,OCMS-319226,PM-1948462,synthetic_direct_mapping,0.957
PAI-04704,PRJ-957150,OCMS-109796,PM-9560743,synthetic_direct_mapping,0.985
PAI-04705,PRJ-928630,OCMS-986852,PM-2778157,synthetic_direct_mapping,0.99
PAI-04706,PRJ-383255,OCMS-790734,PM-7101462,synthetic_direct_mapping,0.999
PAI-04707,PRJ-612375,OCMS-289812,PM-7022771,synthetic_direct_mapping,0.951
PAI-04708,PRJ-219775,OCMS-504079,PM-3285820,synthetic_direct_mapping,0.951
PAI-04709,PRJ-771797,OCMS-983893,PM-8771467,synthetic_direct_mapping,0.955
PAI-04710,PRJ-740668,OCMS-909927,PM-4315607,synthetic_direct_mapping,0.956
PAI-04711,PRJ-848440,OCMS-824230,PM-4543794,synthetic_direct_mapping,0.968
PAI-04712,PRJ-857876,OCMS-927990,PM-7780548,synthetic_direct_mapping,0.95
PAI-04713,PRJ-256183,OCMS-415064,PM-6007648,synthetic_direct_mapping,0.972
PAI-04714,PRJ-156954,OCMS-234580,PM-8164256,synthetic_direct_mapping,0.944
PAI-04715,PRJ-546493,OCMS-626112,PM-2589198,synthetic_direct_mapping,0.978
PAI-04716,PRJ-287844,OCMS-793154,PM-3308432,synthetic_direct_mapping,0.964
PAI-04717,PRJ-853365,OCMS-240859,PM-9086085,synthetic_direct_mapping,0.968
PAI-04718,PRJ-150597,OCMS-696139,PM-9090327,synthetic_direct_mapping,0.944
PAI-04719,PRJ-123427,OCMS-147449,PM-8777167,synthetic_direct_mapping,0.97
PAI-04720,PRJ-779056,OCMS-415427,PM-1912120,synthetic_direct_mapping,0.981
PAI-04721,PRJ-321224,OCMS-866808,PM-4161322,synthetic_direct_mapping,0.963
PAI-04722,PRJ-306607,OCMS-564728,PM-5474264,synthetic_direct_mapping,0.975
PAI-04723,PRJ-730189,OCMS-994756,PM-9483730,synthetic_direct_mapping,0.948
PAI-04724,PRJ-121225,OCMS-735026,PM-8346245,synthetic_direct_mapping,0.955
PAI-04725,PRJ-531365,OCMS-780502,PM-6502387,synthetic_direct_mapping,0.955
PAI-04726,PRJ-514983,OCMS-851823,PM-5550940,synthetic_direct_mapping,0.966
PAI-04727,PRJ-184194,OCMS-484001,PM-5810726,synthetic_direct_mapping,0.987
PAI-04728,PRJ-875094,OCMS-708425,PM-8214622,synthetic_direct_mapping,0.967
PAI-04729,PRJ-144780,OCMS-187147,PM-3146901,synthetic_direct_mapping,0.981
PAI-04730,PRJ-711255,OCMS-764128,PM-6181558,synthetic_direct_mapping,0.955
PAI-04731,PRJ-134873,OCMS-939034,PM-2833597,synthetic_direct_mapping,0.976
PAI-04732,PRJ-907246,OCMS-267189,PM-3522185,synthetic_direct_mapping,0.993
PAI-04733,PRJ-935606,OCMS-365867,PM-8003979,synthetic_direct_mapping,0.944
PAI-04734,PRJ-264795,OCMS-196317,PM-5884092,synthetic_direct_mapping,0.951
PAI-04735,PRJ-243520,OCMS-801507,PM-5285282,synthetic_direct_mapping,0.952
PAI-04736,PRJ-810211,OCMS-220106,PM-4370802,synthetic_direct_mapping,0.98
PAI-04737,PRJ-648177,OCMS-209558,PM-1517768,synthetic_direct_mapping,0.948
PAI-04738,PRJ-865824,OCMS-878003,PM-1109714,synthetic_direct_mapping,0.991
PAI-04739,PRJ-982568,OCMS-771461,PM-6549277,synthetic_direct_mapping,0.968
PAI-04740,PRJ-677578,OCMS-692933,PM-1481282,synthetic_direct_mapping,0.991
PAI-04741,PRJ-912061,OCMS-102974,PM-1780501,synthetic_direct_mapping,0.976
PAI-04742,PRJ-510304,OCMS-158750,PM-7051453,synthetic_direct_mapping,0.987
PAI-04743,PRJ-905677,OCMS-373745,PM-6844747,synthetic_direct_mapping,0.959
PAI-04744,PRJ-115290,OCMS-271285,PM-9316555,synthetic_direct_mapping,0.981
PAI-04745,PRJ-725357,OCMS-754466,PM-4055952,synthetic_direct_mapping,0.952
PAI-04746,PRJ-838389,OCMS-239257,PM-5024472,synthetic_direct_mapping,0.981
PAI-04747,PRJ-758114,OCMS-407266,PM-8453571,synthetic_direct_mapping,0.972
PAI-04748,PRJ-470365,OCMS-656154,PM-3544379,synthetic_direct_mapping,0.964
PAI-04749,PRJ-820821,OCMS-436059,PM-3659405,synthetic_direct_mapping,0.98
PAI-04750,PRJ-100811,OCMS-775392,PM-5240594,synthetic_direct_mapping,0.983
PAI-04751,PRJ-933797,OCMS-776372,PM-7116126,synthetic_direct_mapping,0.99
PAI-04752,PRJ-567917,OCMS-600370,PM-6888079,synthetic_direct_mapping,0.966
PAI-04753,PRJ-434581,OCMS-859960,PM-9319670,synthetic_direct_mapping,0.946
PAI-04754,PRJ-266351,OCMS-939608,PM-5954842,synthetic_direct_mapping,0.941
PAI-04755,PRJ-766320,OCMS-237843,PM-5587820,synthetic_direct_mapping,0.977
PAI-04756,PRJ-963503,OCMS-657881,PM-6132875,synthetic_direct_mapping,0.998
PAI-04757,PRJ-595435,OCMS-954093,PM-9407233,synthetic_direct_mapping,0.947
PAI-04758,PRJ-717443,OCMS-817057,PM-7390218,synthetic_direct_mapping,0.946
PAI-04759,PRJ-620563,OCMS-928385,PM-3760961,synthetic_direct_mapping,0.987
PAI-04760,PRJ-539604,OCMS-557544,PM-4481423,synthetic_direct_mapping,0.963
PAI-04761,PRJ-750528,OCMS-824047,PM-5542571,synthetic_direct_mapping,0.955
PAI-04762,PRJ-551127,OCMS-317951,PM-1021092,synthetic_direct_mapping,0.962
PAI-04763,PRJ-636584,OCMS-317054,PM-2535270,synthetic_direct_mapping,0.984
PAI-04764,PRJ-743548,OCMS-508358,PM-6916312,synthetic_direct_mapping,0.972
PAI-04765,PRJ-933144,OCMS-335536,PM-7962350,synthetic_direct_mapping,0.973
PAI-04766,PRJ-802545,OCMS-179100,PM-6877252,synthetic_direct_mapping,0.984
PAI-04767,PRJ-292783,OCMS-770081,PM-8822835,synthetic_direct_mapping,0.968
PAI-04768,PRJ-968388,OCMS-298888,PM-8647191,synthetic_direct_mapping,0.995
PAI-04769,PRJ-801136,OCMS-498348,PM-8671435,synthetic_direct_mapping,0.991
PAI-04770,PRJ-490068,OCMS-918655,PM-8551596,synthetic_direct_mapping,0.943
PAI-04771,PRJ-159334,OCMS-390053,PM-7827820,synthetic_direct_mapping,0.995
PAI-04772,PRJ-946075,OCMS-734245,PM-7137210,synthetic_direct_mapping,0.95
PAI-04773,PRJ-836719,OCMS-897023,PM-4091358,synthetic_direct_mapping,0.999
PAI-04774,PRJ-729435,OCMS-398802,PM-2222485,synthetic_direct_mapping,0.986
PAI-04775,PRJ-532784,OCMS-958257,PM-4386497,synthetic_direct_mapping,0.995
PAI-04776,PRJ-203624,OCMS-399821,PM-5615004,synthetic_direct_mapping,0.947
PAI-04777,PRJ-359369,OCMS-928360,PM-3205515,synthetic_direct_mapping,0.984
PAI-04778,PRJ-601075,OCMS-623372,PM-9188400,synthetic_direct_mapping,0.94
PAI-04779,PRJ-756555,OCMS-433215,PM-2880628,synthetic_direct_mapping,0.966
PAI-04780,PRJ-866136,OCMS-614163,PM-7489073,synthetic_direct_mapping,0.982
PAI-04781,PRJ-392375,OCMS-463457,PM-7559288,synthetic_direct_mapping,0.984
PAI-04782,PRJ-110045,OCMS-503348,PM-7423354,synthetic_direct_mapping,0.977
PAI-04783,PRJ-884701,OCMS-475284,PM-3188878,synthetic_direct_mapping,0.959
PAI-04784,PRJ-492250,OCMS-779684,PM-8781072,synthetic_direct_mapping,0.978
PAI-04785,PRJ-899991,OCMS-769598,PM-1918524,synthetic_direct_mapping,0.994
PAI-04786,PRJ-216087,OCMS-558279,PM-5238923,synthetic_direct_mapping,0.944
PAI-04787,PRJ-852446,OCMS-537308,PM-4599518,synthetic_direct_mapping,0.948
PAI-04788,PRJ-219053,OCMS-791178,PM-2022005,synthetic_direct_mapping,0.944
PAI-04789,PRJ-362352,OCMS-148169,PM-9718158,synthetic_direct_mapping,0.987
PAI-04790,PRJ-261965,OCMS-250101,PM-8302747,synthetic_direct_mapping,0.951
PAI-04791,PRJ-693565,OCMS-826641,PM-7843485,synthetic_direct_mapping,0.977
PAI-04792,PRJ-433401,OCMS-741326,PM-9821032,synthetic_direct_mapping,0.992
PAI-04793,PRJ-929074,OCMS-528351,PM-1747199,synthetic_direct_mapping,0.983
PAI-04794,PRJ-822193,OCMS-337915,PM-6928715,synthetic_direct_mapping,0.966
PAI-04795,PRJ-463201,OCMS-353845,PM-7375253,synthetic_direct_mapping,0.983
PAI-04796,PRJ-731474,OCMS-127762,PM-5284297,synthetic_direct_mapping,0.968
PAI-04797,PRJ-303989,OCMS-763931,PM-5844915,synthetic_direct_mapping,0.956
PAI-04798,PRJ-621835,OCMS-977581,PM-2700693,synthetic_direct_mapping,0.967
PAI-04799,PRJ-511289,OCMS-919737,PM-4486633,synthetic_direct_mapping,0.971
PAI-04800,PRJ-744117,OCMS-187715,PM-1205409,synthetic_direct_mapping,0.987
PAI-04801,PRJ-221410,OCMS-455833,PM-6925903,synthetic_direct_mapping,0.952
PAI-04802,PRJ-211101,OCMS-490762,PM-4597297,synthetic_direct_mapping,0.942
PAI-04803,PRJ-229215,OCMS-479136,PM-2739888,synthetic_direct_mapping,0.977
PAI-04804,PRJ-551210,OCMS-262136,PM-1347059,synthetic_direct_mapping,0.987
PAI-04805,PRJ-757185,OCMS-723568,PM-3930296,synthetic_direct_mapping,0.981
PAI-04806,PRJ-601635,OCMS-176632,PM-1974166,synthetic_direct_mapping,0.974
PAI-04807,PRJ-562059,OCMS-170624,PM-9297339,synthetic_direct_mapping,0.976
PAI-04808,PRJ-612987,OCMS-445604,PM-9094981,synthetic_direct_mapping,0.972
PAI-04809,PRJ-593734,OCMS-336658,PM-3865964,synthetic_direct_mapping,0.994
PAI-04810,PRJ-755871,OCMS-997253,PM-7546886,synthetic_direct_mapping,0.946
PAI-04811,PRJ-917232,OCMS-599056,PM-4101677,synthetic_direct_mapping,0.96
PAI-04812,PRJ-830225,OCMS-732261,PM-3231918,synthetic_direct_mapping,0.973
PAI-04813,PRJ-927881,OCMS-565033,PM-3570986,synthetic_direct_mapping,0.962
PAI-04814,PRJ-863208,OCMS-651879,PM-3437477,synthetic_direct_mapping,0.941
PAI-04815,PRJ-592733,OCMS-364128,PM-9626116,synthetic_direct_mapping,0.963
PAI-04816,PRJ-296026,OCMS-657186,PM-1076143,synthetic_direct_mapping,0.994
PAI-04817,PRJ-131882,OCMS-230741,PM-9292314,synthetic_direct_mapping,0.972
PAI-04818,PRJ-916099,OCMS-424378,PM-6296587,synthetic_direct_mapping,0.977
PAI-04819,PRJ-983288,OCMS-682264,PM-5010047,synthetic_direct_mapping,0.953
PAI-04820,PRJ-132025,OCMS-645415,PM-2748325,synthetic_direct_mapping,0.994
PAI-04821,PRJ-708788,OCMS-190238,PM-7859295,synthetic_direct_mapping,0.961
PAI-04822,PRJ-666786,OCMS-983362,PM-9477700,synthetic_direct_mapping,0.945
PAI-04823,PRJ-839919,OCMS-509457,PM-8262258,synthetic_direct_mapping,0.969
PAI-04824,PRJ-863802,OCMS-155101,PM-3512249,synthetic_direct_mapping,0.969
PAI-04825,PRJ-938111,OCMS-469451,PM-7523151,synthetic_direct_mapping,0.979
PAI-04826,PRJ-300151,OCMS-722820,PM-3176433,synthetic_direct_mapping,0.993
PAI-04827,PRJ-195667,OCMS-645786,PM-1466291,synthetic_direct_mapping,0.97
PAI-04828,PRJ-328370,OCMS-275426,PM-1061247,synthetic_direct_mapping,0.947
PAI-04829,PRJ-937128,OCMS-116049,PM-5845749,synthetic_direct_mapping,0.978
PAI-04830,PRJ-866142,OCMS-549619,PM-2639536,synthetic_direct_mapping,0.997
PAI-04831,PRJ-470159,OCMS-449524,PM-5459971,synthetic_direct_mapping,0.972
PAI-04832,PRJ-174273,OCMS-354926,PM-5809480,synthetic_direct_mapping,0.965
PAI-04833,PRJ-118023,OCMS-445979,PM-9354176,synthetic_direct_mapping,0.946
PAI-04834,PRJ-809696,OCMS-128979,PM-2684740,synthetic_direct_mapping,0.975
PAI-04835,PRJ-243910,OCMS-307528,PM-6020967,synthetic_direct_mapping,0.98
PAI-04836,PRJ-324075,OCMS-612805,PM-5775289,synthetic_direct_mapping,0.97
PAI-04837,PRJ-344266,OCMS-283297,PM-5881999,synthetic_direct_mapping,0.985
PAI-04838,PRJ-855265,OCMS-774237,PM-9608387,synthetic_direct_mapping,0.941
PAI-04839,PRJ-454712,OCMS-718080,PM-4795777,synthetic_direct_mapping,0.942
PAI-04840,PRJ-731891,OCMS-478683,PM-1904672,synthetic_direct_mapping,0.98
PAI-04841,PRJ-426668,OCMS-369908,PM-4123626,synthetic_direct_mapping,0.949
PAI-04842,PRJ-679497,OCMS-304479,PM-8387888,synthetic_direct_mapping,0.996
PAI-04843,PRJ-618199,OCMS-835693,PM-8310758,synthetic_direct_mapping,0.96
PAI-04844,PRJ-999873,OCMS-227332,PM-3881225,synthetic_direct_mapping,0.961
PAI-04845,PRJ-758943,OCMS-136434,PM-3303606,synthetic_direct_mapping,0.966
PAI-04846,PRJ-235310,OCMS-490538,PM-2710826,synthetic_direct_mapping,0.946
PAI-04847,PRJ-499951,OCMS-989437,PM-5264921,synthetic_direct_mapping,0.942
PAI-04848,PRJ-842825,OCMS-510432,PM-5998707,synthetic_direct_mapping,0.998
PAI-04849,PRJ-567292,OCMS-135174,PM-2595383,synthetic_direct_mapping,0.959
PAI-04850,PRJ-771497,OCMS-212401,PM-8138122,synthetic_direct_mapping,0.955
PAI-04851,PRJ-222242,OCMS-714870,PM-6024781,synthetic_direct_mapping,0.942
PAI-04852,PRJ-276412,OCMS-787298,PM-7317529,synthetic_direct_mapping,0.943
PAI-04853,PRJ-178509,OCMS-119854,PM-2615574,synthetic_direct_mapping,0.965
PAI-04854,PRJ-893524,OCMS-550863,PM-7071810,synthetic_direct_mapping,0.954
PAI-04855,PRJ-682861,OCMS-760794,PM-8960762,synthetic_direct_mapping,0.98
PAI-04856,PRJ-132213,OCMS-967246,PM-4688619,synthetic_direct_mapping,0.954
PAI-04857,PRJ-178858,OCMS-205171,PM-2617636,synthetic_direct_mapping,0.956
PAI-04858,PRJ-557032,OCMS-788089,PM-2662643,synthetic_direct_mapping,0.951
PAI-04859,PRJ-550598,OCMS-717946,PM-8890175,synthetic_direct_mapping,0.946
PAI-04860,PRJ-107995,OCMS-372011,PM-6585376,synthetic_direct_mapping,0.943
PAI-04861,PRJ-819819,OCMS-841897,PM-5079828,synthetic_direct_mapping,0.954
PAI-04862,PRJ-134400,OCMS-285764,PM-5572205,synthetic_direct_mapping,0.982
PAI-04863,PRJ-774502,OCMS-240263,PM-5544886,synthetic_direct_mapping,0.989
PAI-04864,PRJ-178852,OCMS-974976,PM-1259712,synthetic_direct_mapping,0.948
PAI-04865,PRJ-185191,OCMS-887955,PM-6721165,synthetic_direct_mapping,0.966
PAI-04866,PRJ-950505,OCMS-392780,PM-4620556,synthetic_direct_mapping,0.965
PAI-04867,PRJ-490498,OCMS-993785,PM-6803362,synthetic_direct_mapping,0.96
PAI-04868,PRJ-643140,OCMS-163322,PM-6115836,synthetic_direct_mapping,0.96
PAI-04869,PRJ-194681,OCMS-966853,PM-1029464,synthetic_direct_mapping,0.985
PAI-04870,PRJ-284544,OCMS-382821,PM-4733895,synthetic_direct_mapping,0.984
PAI-04871,PRJ-521530,OCMS-666705,PM-1851950,synthetic_direct_mapping,0.959
PAI-04872,PRJ-393285,OCMS-781480,PM-1114806,synthetic_direct_mapping,0.959
PAI-04873,PRJ-136570,OCMS-279796,PM-3115062,synthetic_direct_mapping,0.943
PAI-04874,PRJ-171349,OCMS-487577,PM-4771685,synthetic_direct_mapping,0.983
PAI-04875,PRJ-866263,OCMS-790253,PM-8907489,synthetic_direct_mapping,0.953
PAI-04876,PRJ-636487,OCMS-172682,PM-7204146,synthetic_direct_mapping,0.997
PAI-04877,PRJ-527870,OCMS-570683,PM-8246349,synthetic_direct_mapping,0.983
PAI-04878,PRJ-335385,OCMS-583633,PM-3603875,synthetic_direct_mapping,0.993
PAI-04879,PRJ-882985,OCMS-884023,PM-7893204,synthetic_direct_mapping,0.976
PAI-04880,PRJ-758285,OCMS-427389,PM-6451017,synthetic_direct_mapping,0.993
PAI-04881,PRJ-245713,OCMS-213974,PM-2413806,synthetic_direct_mapping,0.977
PAI-04882,PRJ-808447,OCMS-866517,PM-1977602,synthetic_direct_mapping,0.979
PAI-04883,PRJ-589432,OCMS-808328,PM-2056078,synthetic_direct_mapping,0.954
PAI-04884,PRJ-777141,OCMS-892750,PM-8377666,synthetic_direct_mapping,0.96
PAI-04885,PRJ-598451,OCMS-728311,PM-3703481,synthetic_direct_mapping,0.981
PAI-04886,PRJ-274630,OCMS-608059,PM-6115388,synthetic_direct_mapping,0.986
PAI-04887,PRJ-767476,OCMS-279265,PM-7847719,synthetic_direct_mapping,0.966
PAI-04888,PRJ-375955,OCMS-519287,PM-8623210,synthetic_direct_mapping,0.959
PAI-04889,PRJ-699075,OCMS-947541,PM-9048796,synthetic_direct_mapping,0.985
PAI-04890,PRJ-728629,OCMS-321036,PM-4558568,synthetic_direct_mapping,0.968
PAI-04891,PRJ-483099,OCMS-737457,PM-6438059,synthetic_direct_mapping,0.957
PAI-04892,PRJ-968246,OCMS-665827,PM-9193470,synthetic_direct_mapping,0.991
PAI-04893,PRJ-879845,OCMS-890920,PM-6530000,synthetic_direct_mapping,0.964
PAI-04894,PRJ-575761,OCMS-488479,PM-5915520,synthetic_direct_mapping,0.96
PAI-04895,PRJ-388908,OCMS-888954,PM-3903193,synthetic_direct_mapping,0.946
PAI-04896,PRJ-179884,OCMS-843433,PM-9834949,synthetic_direct_mapping,0.993
PAI-04897,PRJ-597918,OCMS-238090,PM-2048663,synthetic_direct_mapping,0.996
PAI-04898,PRJ-223462,OCMS-713559,PM-2968964,synthetic_direct_mapping,0.943
PAI-04899,PRJ-123310,OCMS-704159,PM-1605020,synthetic_direct_mapping,0.985
PAI-04900,PRJ-846939,OCMS-364565,PM-3625395,synthetic_direct_mapping,0.958
PAI-04901,PRJ-551113,OCMS-190824,PM-3190554,synthetic_direct_mapping,0.959
PAI-04902,PRJ-381791,OCMS-259225,PM-3693290,synthetic_direct_mapping,0.986
PAI-04903,PRJ-678295,OCMS-790326,PM-6828608,synthetic_direct_mapping,0.94
PAI-04904,PRJ-178419,OCMS-668172,PM-6960514,synthetic_direct_mapping,0.995
PAI-04905,PRJ-533768,OCMS-350249,PM-4020426,synthetic_direct_mapping,0.964
PAI-04906,PRJ-658386,OCMS-765686,PM-3743091,synthetic_direct_mapping,0.993
PAI-04907,PRJ-592304,OCMS-126484,PM-5999970,synthetic_direct_mapping,0.95
PAI-04908,PRJ-417926,OCMS-675950,PM-8463330,synthetic_direct_mapping,0.999
PAI-04909,PRJ-456447,OCMS-887630,PM-3495672,synthetic_direct_mapping,0.995
PAI-04910,PRJ-419366,OCMS-766423,PM-9747353,synthetic_direct_mapping,0.956
PAI-04911,PRJ-353332,OCMS-704052,PM-4585023,synthetic_direct_mapping,0.997
PAI-04912,PRJ-577592,OCMS-682646,PM-1587246,synthetic_direct_mapping,0.945
PAI-04913,PRJ-518137,OCMS-418139,PM-3369387,synthetic_direct_mapping,0.956
PAI-04914,PRJ-698682,OCMS-904751,PM-2591475,synthetic_direct_mapping,0.976
PAI-04915,PRJ-906907,OCMS-289595,PM-9690611,synthetic_direct_mapping,0.974
PAI-04916,PRJ-277015,OCMS-783855,PM-6642218,synthetic_direct_mapping,0.948
PAI-04917,PRJ-807564,OCMS-989743,PM-2416949,synthetic_direct_mapping,0.972
PAI-04918,PRJ-583553,OCMS-742544,PM-3612463,synthetic_direct_mapping,0.946
PAI-04919,PRJ-422255,OCMS-313822,PM-1614021,synthetic_direct_mapping,0.993
PAI-04920,PRJ-297432,OCMS-579715,PM-3786347,synthetic_direct_mapping,0.962
PAI-04921,PRJ-750317,OCMS-752576,PM-7134512,synthetic_direct_mapping,0.991
PAI-04922,PRJ-838729,OCMS-245850,PM-2528725,synthetic_direct_mapping,0.996
PAI-04923,PRJ-680193,OCMS-500869,PM-1546266,synthetic_direct_mapping,0.953
PAI-04924,PRJ-314756,OCMS-990520,PM-6546592,synthetic_direct_mapping,0.998
PAI-04925,PRJ-949259,OCMS-216076,PM-7518390,synthetic_direct_mapping,0.973
PAI-04926,PRJ-899534,OCMS-629742,PM-1973816,synthetic_direct_mapping,0.954
PAI-04927,PRJ-674242,OCMS-193976,PM-6670756,synthetic_direct_mapping,0.941
PAI-04928,PRJ-940490,OCMS-110665,PM-9189692,synthetic_direct_mapping,0.946
PAI-04929,PRJ-890008,OCMS-725311,PM-8885904,synthetic_direct_mapping,0.977
PAI-04930,PRJ-985867,OCMS-654837,PM-5595050,synthetic_direct_mapping,0.972
PAI-04931,PRJ-219607,OCMS-757492,PM-3699328,synthetic_direct_mapping,0.942
PAI-04932,PRJ-932061,OCMS-679588,PM-1285446,synthetic_direct_mapping,0.942
PAI-04933,PRJ-643492,OCMS-530742,PM-3236675,synthetic_direct_mapping,0.954
PAI-04934,PRJ-298730,OCMS-742753,PM-8325701,synthetic_direct_mapping,0.983
PAI-04935,PRJ-132396,OCMS-718899,PM-3916837,synthetic_direct_mapping,0.967
PAI-04936,PRJ-481898,OCMS-974574,PM-7620192,synthetic_direct_mapping,0.942
PAI-04937,PRJ-230294,OCMS-434696,PM-5823814,synthetic_direct_mapping,0.971
PAI-04938,PRJ-493854,OCMS-903463,PM-2747883,synthetic_direct_mapping,0.963
PAI-04939,PRJ-733528,OCMS-836177,PM-5247581,synthetic_direct_mapping,0.943
PAI-04940,PRJ-683776,OCMS-591068,PM-1394290,synthetic_direct_mapping,0.966
PAI-04941,PRJ-373260,OCMS-852241,PM-5475110,synthetic_direct_mapping,0.954
PAI-04942,PRJ-489351,OCMS-775228,PM-6404143,synthetic_direct_mapping,0.997
PAI-04943,PRJ-655547,OCMS-344645,PM-4381432,synthetic_direct_mapping,0.97
PAI-04944,PRJ-228636,OCMS-492846,PM-2598568,synthetic_direct_mapping,0.944
PAI-04945,PRJ-530428,OCMS-939890,PM-2757274,synthetic_direct_mapping,0.989
PAI-04946,PRJ-497343,OCMS-617461,PM-7027857,synthetic_direct_mapping,0.977
PAI-04947,PRJ-321558,OCMS-859273,PM-9060866,synthetic_direct_mapping,0.986
PAI-04948,PRJ-164833,OCMS-441294,PM-5635044,synthetic_direct_mapping,0.986
PAI-04949,PRJ-555782,OCMS-302629,PM-4454770,synthetic_direct_mapping,0.949
PAI-04950,PRJ-973506,OCMS-291063,PM-5758344,synthetic_direct_mapping,0.947
PAI-04951,PRJ-508944,OCMS-850019,PM-4357984,synthetic_direct_mapping,0.943
PAI-04952,PRJ-365223,OCMS-365947,PM-6272583,synthetic_direct_mapping,0.954
PAI-04953,PRJ-334350,OCMS-535924,PM-1349528,synthetic_direct_mapping,0.961
PAI-04954,PRJ-925721,OCMS-158256,PM-2666259,synthetic_direct_mapping,0.946
PAI-04955,PRJ-348159,OCMS-226673,PM-4611505,synthetic_direct_mapping,0.958
PAI-04956,PRJ-362617,OCMS-159835,PM-5569342,synthetic_direct_mapping,0.992
PAI-04957,PRJ-126910,OCMS-326985,PM-1177794,synthetic_direct_mapping,0.955
PAI-04958,PRJ-108779,OCMS-719564,PM-1005797,synthetic_direct_mapping,0.96
PAI-04959,PRJ-232688,OCMS-730487,PM-8114810,synthetic_direct_mapping,0.953
PAI-04960,PRJ-581506,OCMS-539169,PM-6163469,synthetic_direct_mapping,0.961
PAI-04961,PRJ-576402,OCMS-628407,PM-9977898,synthetic_direct_mapping,0.986
PAI-04962,PRJ-454579,OCMS-970219,PM-8673522,synthetic_direct_mapping,0.94
PAI-04963,PRJ-479152,OCMS-783979,PM-3502793,synthetic_direct_mapping,0.948
PAI-04964,PRJ-688462,OCMS-912728,PM-1590688,synthetic_direct_mapping,0.942
PAI-04965,PRJ-863684,OCMS-704375,PM-2057181,synthetic_direct_mapping,0.949
PAI-04966,PRJ-660206,OCMS-391149,PM-9781138,synthetic_direct_mapping,0.966
PAI-04967,PRJ-828788,OCMS-261012,PM-1869556,synthetic_direct_mapping,0.982
PAI-04968,PRJ-743672,OCMS-499666,PM-6995691,synthetic_direct_mapping,0.987
PAI-04969,PRJ-690036,OCMS-771704,PM-5703189,synthetic_direct_mapping,0.97
PAI-04970,PRJ-502313,OCMS-543171,PM-9957462,synthetic_direct_mapping,0.979
PAI-04971,PRJ-681972,OCMS-149428,PM-6261786,synthetic_direct_mapping,0.955
PAI-04972,PRJ-863577,OCMS-520602,PM-5833979,synthetic_direct_mapping,0.979
PAI-04973,PRJ-938481,OCMS-241192,PM-4713963,synthetic_direct_mapping,0.998
PAI-04974,PRJ-501442,OCMS-187317,PM-3859502,synthetic_direct_mapping,0.997
PAI-04975,PRJ-449060,OCMS-465327,PM-4438841,synthetic_direct_mapping,0.954
PAI-04976,PRJ-726953,OCMS-591918,PM-6291197,synthetic_direct_mapping,0.983
PAI-04977,PRJ-104677,OCMS-151979,PM-5117928,synthetic_direct_mapping,0.946
PAI-04978,PRJ-416520,OCMS-961096,PM-4400115,synthetic_direct_mapping,0.944
PAI-04979,PRJ-696466,OCMS-649003,PM-2696301,synthetic_direct_mapping,0.947
PAI-04980,PRJ-427970,OCMS-881762,PM-3037364,synthetic_direct_mapping,0.968
PAI-04981,PRJ-555655,OCMS-372159,PM-9159990,synthetic_direct_mapping,0.996
PAI-04982,PRJ-472630,OCMS-732804,PM-9973936,synthetic_direct_mapping,0.985
PAI-04983,PRJ-799103,OCMS-948291,PM-5394765,synthetic_direct_mapping,0.984
PAI-04984,PRJ-982417,OCMS-177251,PM-6905470,synthetic_direct_mapping,0.996
PAI-04985,PRJ-621909,OCMS-739513,PM-4691412,synthetic_direct_mapping,0.98
PAI-04986,PRJ-761529,OCMS-555837,PM-6067189,synthetic_direct_mapping,0.967
PAI-04987,PRJ-294437,OCMS-908374,PM-2214696,synthetic_direct_mapping,0.972
PAI-04988,PRJ-757464,OCMS-813736,PM-8451830,synthetic_direct_mapping,0.968
PAI-04989,PRJ-199333,OCMS-939221,PM-2145872,synthetic_direct_mapping,0.981
PAI-04990,PRJ-839341,OCMS-318754,PM-9896654,synthetic_direct_mapping,0.996
PAI-04991,PRJ-677802,OCMS-773987,PM-2501547,synthetic_direct_mapping,0.967
PAI-04992,PRJ-267064,OCMS-872651,PM-8636899,synthetic_direct_mapping,0.989
PAI-04993,PRJ-735797,OCMS-596996,PM-4258966,synthetic_direct_mapping,0.99
PAI-04994,PRJ-694632,OCMS-787481,PM-6619884,synthetic_direct_mapping,0.97
PAI-04995,PRJ-146943,OCMS-308747,PM-1050122,synthetic_direct_mapping,0.942
PAI-04996,PRJ-746915,OCMS-595782,PM-8789246,synthetic_direct_mapping,0.96
PAI-04997,PRJ-205553,OCMS-321982,PM-5603059,synthetic_direct_mapping,0.964
PAI-04998,PRJ-873506,OCMS-617503,PM-3112742,synthetic_direct_mapping,0.981
PAI-04999,PRJ-384899,OCMS-372249,PM-7959918,synthetic_direct_mapping,0.95
PAI-05000,PRJ-657015,OCMS-780378,PM-5752133,synthetic_direct_mapping,0.994
