source_id,source_document,source_url,extraction_date,source_version
SRC-00001,Synthetic monitoring record PAI-00001,synthetic://sih26103/PAI-00001,2026-04-30,synthetic_v1
SRC-00002,Synthetic monitoring record PAI-00002,synthetic://sih26103/PAI-00002,2026-04-30,synthetic_v1
SRC-00003,Synthetic monitoring record PAI-00003,synthetic://sih26103/PAI-00003,2026-04-30,synthetic_v1
SRC-00004,Synthetic monitoring record PAI-00004,synthetic://sih26103/PAI-00004,2026-04-30,synthetic_v1
SRC-00005,Synthetic monitoring record PAI-00005,synthetic://sih26103/PAI-00005,2026-04-30,synthetic_v1
SRC-00006,Synthetic monitoring record PAI-00006,synthetic://sih26103/PAI-00006,2026-04-30,synthetic_v1
SRC-00007,Synthetic monitoring record PAI-00007,synthetic://sih26103/PAI-00007,2026-04-30,synthetic_v1
SRC-00008,Synthetic monitoring record PAI-00008,synthetic://sih26103/PAI-00008,2026-04-30,synthetic_v1
SRC-00009,Synthetic monitoring record PAI-00009,synthetic://sih26103/PAI-00009,2026-04-30,synthetic_v1
SRC-00010,Synthetic monitoring record PAI-00010,synthetic://sih26103/PAI-00010,2026-04-30,synthetic_v1
SRC-00011,Synthetic monitoring record PAI-00011,synthetic://sih26103/PAI-00011,2026-04-30,synthetic_v1
SRC-00012,Synthetic monitoring record PAI-00012,synthetic://sih26103/PAI-00012,2026-04-30,synthetic_v1
SRC-00013,Synthetic monitoring record PAI-00013,synthetic://sih26103/PAI-00013,2026-04-30,synthetic_v1
SRC-00014,Synthetic monitoring record PAI-00014,synthetic://sih26103/PAI-00014,2026-04-30,synthetic_v1
SRC-00015,Synthetic monitoring record PAI-00015,synthetic://sih26103/PAI-00015,2026-04-30,synthetic_v1
SRC-00016,Synthetic monitoring record PAI-00016,synthetic://sih26103/PAI-00016,2026-04-30,synthetic_v1
SRC-00017,Synthetic monitoring record PAI-00017,synthetic://sih26103/PAI-00017,2026-04-30,synthetic_v1
SRC-00018,Synthetic monitoring record PAI-00018,synthetic://sih26103/PAI-00018,2026-04-30,synthetic_v1
SRC-00019,Synthetic monitoring record PAI-00019,synthetic://sih26103/PAI-00019,2026-04-30,synthetic_v1
SRC-00020,Synthetic monitoring record PAI-00020,synthetic://sih26103/PAI-00020,2026-04-30,synthetic_v1
SRC-00021,Synthetic monitoring record PAI-00021,synthetic://sih26103/PAI-00021,2026-04-30,synthetic_v1
SRC-00022,Synthetic monitoring record PAI-00022,synthetic://sih26103/PAI-00022,2026-04-30,synthetic_v1
SRC-00023,Synthetic monitoring record PAI-00023,synthetic://sih26103/PAI-00023,2026-04-30,synthetic_v1
SRC-00024,Synthetic monitoring record PAI-00024,synthetic://sih26103/PAI-00024,2026-04-30,synthetic_v1
SRC-00025,Synthetic monitoring record PAI-00025,synthetic://sih26103/PAI-00025,2026-04-30,synthetic_v1
SRC-00026,Synthetic monitoring record PAI-00026,synthetic://sih26103/PAI-00026,2026-04-30,synthetic_v1
SRC-00027,Synthetic monitoring record PAI-00027,synthetic://sih26103/PAI-00027,2026-04-30,synthetic_v1
SRC-00028,Synthetic monitoring record PAI-00028,synthetic://sih26103/PAI-00028,2026-04-30,synthetic_v1
SRC-00029,Synthetic monitoring record PAI-00029,synthetic://sih26103/PAI-00029,2026-04-30,synthetic_v1
SRC-00030,Synthetic monitoring record PAI-00030,synthetic://sih26103/PAI-00030,2026-04-30,synthetic_v1
SRC-00031,Synthetic monitoring record PAI-00031,synthetic://sih26103/PAI-00031,2026-04-30,synthetic_v1
SRC-00032,Synthetic monitoring record PAI-00032,synthetic://sih26103/PAI-00032,2026-04-30,synthetic_v1
SRC-00033,Synthetic monitoring record PAI-00033,synthetic://sih26103/PAI-00033,2026-04-30,synthetic_v1
SRC-00034,Synthetic monitoring record PAI-00034,synthetic://sih26103/PAI-00034,2026-04-30,synthetic_v1
SRC-00035,Synthetic monitoring record PAI-00035,synthetic://sih26103/PAI-00035,2026-04-30,synthetic_v1
SRC-00036,Synthetic monitoring record PAI-00036,synthetic://sih26103/PAI-00036,2026-04-30,synthetic_v1
SRC-00037,Synthetic monitoring record PAI-00037,synthetic://sih26103/PAI-00037,2026-04-30,synthetic_v1
SRC-00038,Synthetic monitoring record PAI-00038,synthetic://sih26103/PAI-00038,2026-04-30,synthetic_v1
SRC-00039,Synthetic monitoring record PAI-00039,synthetic://sih26103/PAI-00039,2026-04-30,synthetic_v1
SRC-00040,Synthetic monitoring record PAI-00040,synthetic://sih26103/PAI-00040,2026-04-30,synthetic_v1
SRC-00041,Synthetic monitoring record PAI-00041,synthetic://sih26103/PAI-00041,2026-04-30,synthetic_v1
SRC-00042,Synthetic monitoring record PAI-00042,synthetic://sih26103/PAI-00042,2026-04-30,synthetic_v1
SRC-00043,Synthetic monitoring record PAI-00043,synthetic://sih26103/PAI-00043,2026-04-30,synthetic_v1
SRC-00044,Synthetic monitoring record PAI-00044,synthetic://sih26103/PAI-00044,2026-04-30,synthetic_v1
SRC-00045,Synthetic monitoring record PAI-00045,synthetic://sih26103/PAI-00045,2026-04-30,synthetic_v1
SRC-00046,Synthetic monitoring record PAI-00046,synthetic://sih26103/PAI-00046,2026-04-30,synthetic_v1
SRC-00047,Synthetic monitoring record PAI-00047,synthetic://sih26103/PAI-00047,2026-04-30,synthetic_v1
SRC-00048,Synthetic monitoring record PAI-00048,synthetic://sih26103/PAI-00048,2026-04-30,synthetic_v1
SRC-00049,Synthetic monitoring record PAI-00049,synthetic://sih26103/PAI-00049,2026-04-30,synthetic_v1
SRC-00050,Synthetic monitoring record PAI-00050,synthetic://sih26103/PAI-00050,2026-04-30,synthetic_v1
SRC-00051,Synthetic monitoring record PAI-00051,synthetic://sih26103/PAI-00051,2026-04-30,synthetic_v1
SRC-00052,Synthetic monitoring record PAI-00052,synthetic://sih26103/PAI-00052,2026-04-30,synthetic_v1
SRC-00053,Synthetic monitoring record PAI-00053,synthetic://sih26103/PAI-00053,2026-04-30,synthetic_v1
SRC-00054,Synthetic monitoring record PAI-00054,synthetic://sih26103/PAI-00054,2026-04-30,synthetic_v1
SRC-00055,Synthetic monitoring record PAI-00055,synthetic://sih26103/PAI-00055,2026-04-30,synthetic_v1
SRC-00056,Synthetic monitoring record PAI-00056,synthetic://sih26103/PAI-00056,2026-04-30,synthetic_v1
SRC-00057,Synthetic monitoring record PAI-00057,synthetic://sih26103/PAI-00057,2026-04-30,synthetic_v1
SRC-00058,Synthetic monitoring record PAI-00058,synthetic://sih26103/PAI-00058,2026-04-30,synthetic_v1
SRC-00059,Synthetic monitoring record PAI-00059,synthetic://sih26103/PAI-00059,2026-04-30,synthetic_v1
SRC-00060,Synthetic monitoring record PAI-00060,synthetic://sih26103/PAI-00060,2026-04-30,synthetic_v1
SRC-00061,Synthetic monitoring record PAI-00061,synthetic://sih26103/PAI-00061,2026-04-30,synthetic_v1
SRC-00062,Synthetic monitoring record PAI-00062,synthetic://sih26103/PAI-00062,2026-04-30,synthetic_v1
SRC-00063,Synthetic monitoring record PAI-00063,synthetic://sih26103/PAI-00063,2026-04-30,synthetic_v1
SRC-00064,Synthetic monitoring record PAI-00064,synthetic://sih26103/PAI-00064,2026-04-30,synthetic_v1
SRC-00065,Synthetic monitoring record PAI-00065,synthetic://sih26103/PAI-00065,2026-04-30,synthetic_v1
SRC-00066,Synthetic monitoring record PAI-00066,synthetic://sih26103/PAI-00066,2026-04-30,synthetic_v1
SRC-00067,Synthetic monitoring record PAI-00067,synthetic://sih26103/PAI-00067,2026-04-30,synthetic_v1
SRC-00068,Synthetic monitoring record PAI-00068,synthetic://sih26103/PAI-00068,2026-04-30,synthetic_v1
SRC-00069,Synthetic monitoring record PAI-00069,synthetic://sih26103/PAI-00069,2026-04-30,synthetic_v1
SRC-00070,Synthetic monitoring record PAI-00070,synthetic://sih26103/PAI-00070,2026-04-30,synthetic_v1
SRC-00071,Synthetic monitoring record PAI-00071,synthetic://sih26103/PAI-00071,2026-04-30,synthetic_v1
SRC-00072,Synthetic monitoring record PAI-00072,synthetic://sih26103/PAI-00072,2026-04-30,synthetic_v1
SRC-00073,Synthetic monitoring record PAI-00073,synthetic://sih26103/PAI-00073,2026-04-30,synthetic_v1
SRC-00074,Synthetic monitoring record PAI-00074,synthetic://sih26103/PAI-00074,2026-04-30,synthetic_v1
SRC-00075,Synthetic monitoring record PAI-00075,synthetic://sih26103/PAI-00075,2026-04-30,synthetic_v1
SRC-00076,Synthetic monitoring record PAI-00076,synthetic://sih26103/PAI-00076,2026-04-30,synthetic_v1
SRC-00077,Synthetic monitoring record PAI-00077,synthetic://sih26103/PAI-00077,2026-04-30,synthetic_v1
SRC-00078,Synthetic monitoring record PAI-00078,synthetic://sih26103/PAI-00078,2026-04-30,synthetic_v1
SRC-00079,Synthetic monitoring record PAI-00079,synthetic://sih26103/PAI-00079,2026-04-30,synthetic_v1
SRC-00080,Synthetic monitoring record PAI-00080,synthetic://sih26103/PAI-00080,2026-04-30,synthetic_v1
SRC-00081,Synthetic monitoring record PAI-00081,synthetic://sih26103/PAI-00081,2026-04-30,synthetic_v1
SRC-00082,Synthetic monitoring record PAI-00082,synthetic://sih26103/PAI-00082,2026-04-30,synthetic_v1
SRC-00083,Synthetic monitoring record PAI-00083,synthetic://sih26103/PAI-00083,2026-04-30,synthetic_v1
SRC-00084,Synthetic monitoring record PAI-00084,synthetic://sih26103/PAI-00084,2026-04-30,synthetic_v1
SRC-00085,Synthetic monitoring record PAI-00085,synthetic://sih26103/PAI-00085,2026-04-30,synthetic_v1
SRC-00086,Synthetic monitoring record PAI-00086,synthetic://sih26103/PAI-00086,2026-04-30,synthetic_v1
SRC-00087,Synthetic monitoring record PAI-00087,synthetic://sih26103/PAI-00087,2026-04-30,synthetic_v1
SRC-00088,Synthetic monitoring record PAI-00088,synthetic://sih26103/PAI-00088,2026-04-30,synthetic_v1
SRC-00089,Synthetic monitoring record PAI-00089,synthetic://sih26103/PAI-00089,2026-04-30,synthetic_v1
SRC-00090,Synthetic monitoring record PAI-00090,synthetic://sih26103/PAI-00090,2026-04-30,synthetic_v1
SRC-00091,Synthetic monitoring record PAI-00091,synthetic://sih26103/PAI-00091,2026-04-30,synthetic_v1
SRC-00092,Synthetic monitoring record PAI-00092,synthetic://sih26103/PAI-00092,2026-04-30,synthetic_v1
SRC-00093,Synthetic monitoring record PAI-00093,synthetic://sih26103/PAI-00093,2026-04-30,synthetic_v1
SRC-00094,Synthetic monitoring record PAI-00094,synthetic://sih26103/PAI-00094,2026-04-30,synthetic_v1
SRC-00095,Synthetic monitoring record PAI-00095,synthetic://sih26103/PAI-00095,2026-04-30,synthetic_v1
SRC-00096,Synthetic monitoring record PAI-00096,synthetic://sih26103/PAI-00096,2026-04-30,synthetic_v1
SRC-00097,Synthetic monitoring record PAI-00097,synthetic://sih26103/PAI-00097,2026-04-30,synthetic_v1
SRC-00098,Synthetic monitoring record PAI-00098,synthetic://sih26103/PAI-00098,2026-04-30,synthetic_v1
SRC-00099,Synthetic monitoring record PAI-00099,synthetic://sih26103/PAI-00099,2026-04-30,synthetic_v1
SRC-00100,Synthetic monitoring record PAI-00100,synthetic://sih26103/PAI-00100,2026-04-30,synthetic_v1
SRC-00101,Synthetic monitoring record PAI-00101,synthetic://sih26103/PAI-00101,2026-04-30,synthetic_v1
SRC-00102,Synthetic monitoring record PAI-00102,synthetic://sih26103/PAI-00102,2026-04-30,synthetic_v1
SRC-00103,Synthetic monitoring record PAI-00103,synthetic://sih26103/PAI-00103,2026-04-30,synthetic_v1
SRC-00104,Synthetic monitoring record PAI-00104,synthetic://sih26103/PAI-00104,2026-04-30,synthetic_v1
SRC-00105,Synthetic monitoring record PAI-00105,synthetic://sih26103/PAI-00105,2026-04-30,synthetic_v1
SRC-00106,Synthetic monitoring record PAI-00106,synthetic://sih26103/PAI-00106,2026-04-30,synthetic_v1
SRC-00107,Synthetic monitoring record PAI-00107,synthetic://sih26103/PAI-00107,2026-04-30,synthetic_v1
SRC-00108,Synthetic monitoring record PAI-00108,synthetic://sih26103/PAI-00108,2026-04-30,synthetic_v1
SRC-00109,Synthetic monitoring record PAI-00109,synthetic://sih26103/PAI-00109,2026-04-30,synthetic_v1
SRC-00110,Synthetic monitoring record PAI-00110,synthetic://sih26103/PAI-00110,2026-04-30,synthetic_v1
SRC-00111,Synthetic monitoring record PAI-00111,synthetic://sih26103/PAI-00111,2026-04-30,synthetic_v1
SRC-00112,Synthetic monitoring record PAI-00112,synthetic://sih26103/PAI-00112,2026-04-30,synthetic_v1
SRC-00113,Synthetic monitoring record PAI-00113,synthetic://sih26103/PAI-00113,2026-04-30,synthetic_v1
SRC-00114,Synthetic monitoring record PAI-00114,synthetic://sih26103/PAI-00114,2026-04-30,synthetic_v1
SRC-00115,Synthetic monitoring record PAI-00115,synthetic://sih26103/PAI-00115,2026-04-30,synthetic_v1
SRC-00116,Synthetic monitoring record PAI-00116,synthetic://sih26103/PAI-00116,2026-04-30,synthetic_v1
SRC-00117,Synthetic monitoring record PAI-00117,synthetic://sih26103/PAI-00117,2026-04-30,synthetic_v1
SRC-00118,Synthetic monitoring record PAI-00118,synthetic://sih26103/PAI-00118,2026-04-30,synthetic_v1
SRC-00119,Synthetic monitoring record PAI-00119,synthetic://sih26103/PAI-00119,2026-04-30,synthetic_v1
SRC-00120,Synthetic monitoring record PAI-00120,synthetic://sih26103/PAI-00120,2026-04-30,synthetic_v1
SRC-00121,Synthetic monitoring record PAI-00121,synthetic://sih26103/PAI-00121,2026-04-30,synthetic_v1
SRC-00122,Synthetic monitoring record PAI-00122,synthetic://sih26103/PAI-00122,2026-04-30,synthetic_v1
SRC-00123,Synthetic monitoring record PAI-00123,synthetic://sih26103/PAI-00123,2026-04-30,synthetic_v1
SRC-00124,Synthetic monitoring record PAI-00124,synthetic://sih26103/PAI-00124,2026-04-30,synthetic_v1
SRC-00125,Synthetic monitoring record PAI-00125,synthetic://sih26103/PAI-00125,2026-04-30,synthetic_v1
SRC-00126,Synthetic monitoring record PAI-00126,synthetic://sih26103/PAI-00126,2026-04-30,synthetic_v1
SRC-00127,Synthetic monitoring record PAI-00127,synthetic://sih26103/PAI-00127,2026-04-30,synthetic_v1
SRC-00128,Synthetic monitoring record PAI-00128,synthetic://sih26103/PAI-00128,2026-04-30,synthetic_v1
SRC-00129,Synthetic monitoring record PAI-00129,synthetic://sih26103/PAI-00129,2026-04-30,synthetic_v1
SRC-00130,Synthetic monitoring record PAI-00130,synthetic://sih26103/PAI-00130,2026-04-30,synthetic_v1
SRC-00131,Synthetic monitoring record PAI-00131,synthetic://sih26103/PAI-00131,2026-04-30,synthetic_v1
SRC-00132,Synthetic monitoring record PAI-00132,synthetic://sih26103/PAI-00132,2026-04-30,synthetic_v1
SRC-00133,Synthetic monitoring record PAI-00133,synthetic://sih26103/PAI-00133,2026-04-30,synthetic_v1
SRC-00134,Synthetic monitoring record PAI-00134,synthetic://sih26103/PAI-00134,2026-04-30,synthetic_v1
SRC-00135,Synthetic monitoring record PAI-00135,synthetic://sih26103/PAI-00135,2026-04-30,synthetic_v1
SRC-00136,Synthetic monitoring record PAI-00136,synthetic://sih26103/PAI-00136,2026-04-30,synthetic_v1
SRC-00137,Synthetic monitoring record PAI-00137,synthetic://sih26103/PAI-00137,2026-04-30,synthetic_v1
SRC-00138,Synthetic monitoring record PAI-00138,synthetic://sih26103/PAI-00138,2026-04-30,synthetic_v1
SRC-00139,Synthetic monitoring record PAI-00139,synthetic://sih26103/PAI-00139,2026-04-30,synthetic_v1
SRC-00140,Synthetic monitoring record PAI-00140,synthetic://sih26103/PAI-00140,2026-04-30,synthetic_v1
SRC-00141,Synthetic monitoring record PAI-00141,synthetic://sih26103/PAI-00141,2026-04-30,synthetic_v1
SRC-00142,Synthetic monitoring record PAI-00142,synthetic://sih26103/PAI-00142,2026-04-30,synthetic_v1
SRC-00143,Synthetic monitoring record PAI-00143,synthetic://sih26103/PAI-00143,2026-04-30,synthetic_v1
SRC-00144,Synthetic monitoring record PAI-00144,synthetic://sih26103/PAI-00144,2026-04-30,synthetic_v1
SRC-00145,Synthetic monitoring record PAI-00145,synthetic://sih26103/PAI-00145,2026-04-30,synthetic_v1
SRC-00146,Synthetic monitoring record PAI-00146,synthetic://sih26103/PAI-00146,2026-04-30,synthetic_v1
SRC-00147,Synthetic monitoring record PAI-00147,synthetic://sih26103/PAI-00147,2026-04-30,synthetic_v1
SRC-00148,Synthetic monitoring record PAI-00148,synthetic://sih26103/PAI-00148,2026-04-30,synthetic_v1
SRC-00149,Synthetic monitoring record PAI-00149,synthetic://sih26103/PAI-00149,2026-04-30,synthetic_v1
SRC-00150,Synthetic monitoring record PAI-00150,synthetic://sih26103/PAI-00150,2026-04-30,synthetic_v1
SRC-00151,Synthetic monitoring record PAI-00151,synthetic://sih26103/PAI-00151,2026-04-30,synthetic_v1
SRC-00152,Synthetic monitoring record PAI-00152,synthetic://sih26103/PAI-00152,2026-04-30,synthetic_v1
SRC-00153,Synthetic monitoring record PAI-00153,synthetic://sih26103/PAI-00153,2026-04-30,synthetic_v1
SRC-00154,Synthetic monitoring record PAI-00154,synthetic://sih26103/PAI-00154,2026-04-30,synthetic_v1
SRC-00155,Synthetic monitoring record PAI-00155,synthetic://sih26103/PAI-00155,2026-04-30,synthetic_v1
SRC-00156,Synthetic monitoring record PAI-00156,synthetic://sih26103/PAI-00156,2026-04-30,synthetic_v1
SRC-00157,Synthetic monitoring record PAI-00157,synthetic://sih26103/PAI-00157,2026-04-30,synthetic_v1
SRC-00158,Synthetic monitoring record PAI-00158,synthetic://sih26103/PAI-00158,2026-04-30,synthetic_v1
SRC-00159,Synthetic monitoring record PAI-00159,synthetic://sih26103/PAI-00159,2026-04-30,synthetic_v1
SRC-00160,Synthetic monitoring record PAI-00160,synthetic://sih26103/PAI-00160,2026-04-30,synthetic_v1
SRC-00161,Synthetic monitoring record PAI-00161,synthetic://sih26103/PAI-00161,2026-04-30,synthetic_v1
SRC-00162,Synthetic monitoring record PAI-00162,synthetic://sih26103/PAI-00162,2026-04-30,synthetic_v1
SRC-00163,Synthetic monitoring record PAI-00163,synthetic://sih26103/PAI-00163,2026-04-30,synthetic_v1
SRC-00164,Synthetic monitoring record PAI-00164,synthetic://sih26103/PAI-00164,2026-04-30,synthetic_v1
SRC-00165,Synthetic monitoring record PAI-00165,synthetic://sih26103/PAI-00165,2026-04-30,synthetic_v1
SRC-00166,Synthetic monitoring record PAI-00166,synthetic://sih26103/PAI-00166,2026-04-30,synthetic_v1
SRC-00167,Synthetic monitoring record PAI-00167,synthetic://sih26103/PAI-00167,2026-04-30,synthetic_v1
SRC-00168,Synthetic monitoring record PAI-00168,synthetic://sih26103/PAI-00168,2026-04-30,synthetic_v1
SRC-00169,Synthetic monitoring record PAI-00169,synthetic://sih26103/PAI-00169,2026-04-30,synthetic_v1
SRC-00170,Synthetic monitoring record PAI-00170,synthetic://sih26103/PAI-00170,2026-04-30,synthetic_v1
SRC-00171,Synthetic monitoring record PAI-00171,synthetic://sih26103/PAI-00171,2026-04-30,synthetic_v1
SRC-00172,Synthetic monitoring record PAI-00172,synthetic://sih26103/PAI-00172,2026-04-30,synthetic_v1
SRC-00173,Synthetic monitoring record PAI-00173,synthetic://sih26103/PAI-00173,2026-04-30,synthetic_v1
SRC-00174,Synthetic monitoring record PAI-00174,synthetic://sih26103/PAI-00174,2026-04-30,synthetic_v1
SRC-00175,Synthetic monitoring record PAI-00175,synthetic://sih26103/PAI-00175,2026-04-30,synthetic_v1
SRC-00176,Synthetic monitoring record PAI-00176,synthetic://sih26103/PAI-00176,2026-04-30,synthetic_v1
SRC-00177,Synthetic monitoring record PAI-00177,synthetic://sih26103/PAI-00177,2026-04-30,synthetic_v1
SRC-00178,Synthetic monitoring record PAI-00178,synthetic://sih26103/PAI-00178,2026-04-30,synthetic_v1
SRC-00179,Synthetic monitoring record PAI-00179,synthetic://sih26103/PAI-00179,2026-04-30,synthetic_v1
SRC-00180,Synthetic monitoring record PAI-00180,synthetic://sih26103/PAI-00180,2026-04-30,synthetic_v1
SRC-00181,Synthetic monitoring record PAI-00181,synthetic://sih26103/PAI-00181,2026-04-30,synthetic_v1
SRC-00182,Synthetic monitoring record PAI-00182,synthetic://sih26103/PAI-00182,2026-04-30,synthetic_v1
SRC-00183,Synthetic monitoring record PAI-00183,synthetic://sih26103/PAI-00183,2026-04-30,synthetic_v1
SRC-00184,Synthetic monitoring record PAI-00184,synthetic://sih26103/PAI-00184,2026-04-30,synthetic_v1
SRC-00185,Synthetic monitoring record PAI-00185,synthetic://sih26103/PAI-00185,2026-04-30,synthetic_v1
SRC-00186,Synthetic monitoring record PAI-00186,synthetic://sih26103/PAI-00186,2026-04-30,synthetic_v1
SRC-00187,Synthetic monitoring record PAI-00187,synthetic://sih26103/PAI-00187,2026-04-30,synthetic_v1
SRC-00188,Synthetic monitoring record PAI-00188,synthetic://sih26103/PAI-00188,2026-04-30,synthetic_v1
SRC-00189,Synthetic monitoring record PAI-00189,synthetic://sih26103/PAI-00189,2026-04-30,synthetic_v1
SRC-00190,Synthetic monitoring record PAI-00190,synthetic://sih26103/PAI-00190,2026-04-30,synthetic_v1
SRC-00191,Synthetic monitoring record PAI-00191,synthetic://sih26103/PAI-00191,2026-04-30,synthetic_v1
SRC-00192,Synthetic monitoring record PAI-00192,synthetic://sih26103/PAI-00192,2026-04-30,synthetic_v1
SRC-00193,Synthetic monitoring record PAI-00193,synthetic://sih26103/PAI-00193,2026-04-30,synthetic_v1
SRC-00194,Synthetic monitoring record PAI-00194,synthetic://sih26103/PAI-00194,2026-04-30,synthetic_v1
SRC-00195,Synthetic monitoring record PAI-00195,synthetic://sih26103/PAI-00195,2026-04-30,synthetic_v1
SRC-00196,Synthetic monitoring record PAI-00196,synthetic://sih26103/PAI-00196,2026-04-30,synthetic_v1
SRC-00197,Synthetic monitoring record PAI-00197,synthetic://sih26103/PAI-00197,2026-04-30,synthetic_v1
SRC-00198,Synthetic monitoring record PAI-00198,synthetic://sih26103/PAI-00198,2026-04-30,synthetic_v1
SRC-00199,Synthetic monitoring record PAI-00199,synthetic://sih26103/PAI-00199,2026-04-30,synthetic_v1
SRC-00200,Synthetic monitoring record PAI-00200,synthetic://sih26103/PAI-00200,2026-04-30,synthetic_v1
SRC-00201,Synthetic monitoring record PAI-00201,synthetic://sih26103/PAI-00201,2026-04-30,synthetic_v1
SRC-00202,Synthetic monitoring record PAI-00202,synthetic://sih26103/PAI-00202,2026-04-30,synthetic_v1
SRC-00203,Synthetic monitoring record PAI-00203,synthetic://sih26103/PAI-00203,2026-04-30,synthetic_v1
SRC-00204,Synthetic monitoring record PAI-00204,synthetic://sih26103/PAI-00204,2026-04-30,synthetic_v1
SRC-00205,Synthetic monitoring record PAI-00205,synthetic://sih26103/PAI-00205,2026-04-30,synthetic_v1
SRC-00206,Synthetic monitoring record PAI-00206,synthetic://sih26103/PAI-00206,2026-04-30,synthetic_v1
SRC-00207,Synthetic monitoring record PAI-00207,synthetic://sih26103/PAI-00207,2026-04-30,synthetic_v1
SRC-00208,Synthetic monitoring record PAI-00208,synthetic://sih26103/PAI-00208,2026-04-30,synthetic_v1
SRC-00209,Synthetic monitoring record PAI-00209,synthetic://sih26103/PAI-00209,2026-04-30,synthetic_v1
SRC-00210,Synthetic monitoring record PAI-00210,synthetic://sih26103/PAI-00210,2026-04-30,synthetic_v1
SRC-00211,Synthetic monitoring record PAI-00211,synthetic://sih26103/PAI-00211,2026-04-30,synthetic_v1
SRC-00212,Synthetic monitoring record PAI-00212,synthetic://sih26103/PAI-00212,2026-04-30,synthetic_v1
SRC-00213,Synthetic monitoring record PAI-00213,synthetic://sih26103/PAI-00213,2026-04-30,synthetic_v1
SRC-00214,Synthetic monitoring record PAI-00214,synthetic://sih26103/PAI-00214,2026-04-30,synthetic_v1
SRC-00215,Synthetic monitoring record PAI-00215,synthetic://sih26103/PAI-00215,2026-04-30,synthetic_v1
SRC-00216,Synthetic monitoring record PAI-00216,synthetic://sih26103/PAI-00216,2026-04-30,synthetic_v1
SRC-00217,Synthetic monitoring record PAI-00217,synthetic://sih26103/PAI-00217,2026-04-30,synthetic_v1
SRC-00218,Synthetic monitoring record PAI-00218,synthetic://sih26103/PAI-00218,2026-04-30,synthetic_v1
SRC-00219,Synthetic monitoring record PAI-00219,synthetic://sih26103/PAI-00219,2026-04-30,synthetic_v1
SRC-00220,Synthetic monitoring record PAI-00220,synthetic://sih26103/PAI-00220,2026-04-30,synthetic_v1
SRC-00221,Synthetic monitoring record PAI-00221,synthetic://sih26103/PAI-00221,2026-04-30,synthetic_v1
SRC-00222,Synthetic monitoring record PAI-00222,synthetic://sih26103/PAI-00222,2026-04-30,synthetic_v1
SRC-00223,Synthetic monitoring record PAI-00223,synthetic://sih26103/PAI-00223,2026-04-30,synthetic_v1
SRC-00224,Synthetic monitoring record PAI-00224,synthetic://sih26103/PAI-00224,2026-04-30,synthetic_v1
SRC-00225,Synthetic monitoring record PAI-00225,synthetic://sih26103/PAI-00225,2026-04-30,synthetic_v1
SRC-00226,Synthetic monitoring record PAI-00226,synthetic://sih26103/PAI-00226,2026-04-30,synthetic_v1
SRC-00227,Synthetic monitoring record PAI-00227,synthetic://sih26103/PAI-00227,2026-04-30,synthetic_v1
SRC-00228,Synthetic monitoring record PAI-00228,synthetic://sih26103/PAI-00228,2026-04-30,synthetic_v1
SRC-00229,Synthetic monitoring record PAI-00229,synthetic://sih26103/PAI-00229,2026-04-30,synthetic_v1
SRC-00230,Synthetic monitoring record PAI-00230,synthetic://sih26103/PAI-00230,2026-04-30,synthetic_v1
SRC-00231,Synthetic monitoring record PAI-00231,synthetic://sih26103/PAI-00231,2026-04-30,synthetic_v1
SRC-00232,Synthetic monitoring record PAI-00232,synthetic://sih26103/PAI-00232,2026-04-30,synthetic_v1
SRC-00233,Synthetic monitoring record PAI-00233,synthetic://sih26103/PAI-00233,2026-04-30,synthetic_v1
SRC-00234,Synthetic monitoring record PAI-00234,synthetic://sih26103/PAI-00234,2026-04-30,synthetic_v1
SRC-00235,Synthetic monitoring record PAI-00235,synthetic://sih26103/PAI-00235,2026-04-30,synthetic_v1
SRC-00236,Synthetic monitoring record PAI-00236,synthetic://sih26103/PAI-00236,2026-04-30,synthetic_v1
SRC-00237,Synthetic monitoring record PAI-00237,synthetic://sih26103/PAI-00237,2026-04-30,synthetic_v1
SRC-00238,Synthetic monitoring record PAI-00238,synthetic://sih26103/PAI-00238,2026-04-30,synthetic_v1
SRC-00239,Synthetic monitoring record PAI-00239,synthetic://sih26103/PAI-00239,2026-04-30,synthetic_v1
SRC-00240,Synthetic monitoring record PAI-00240,synthetic://sih26103/PAI-00240,2026-04-30,synthetic_v1
SRC-00241,Synthetic monitoring record PAI-00241,synthetic://sih26103/PAI-00241,2026-04-30,synthetic_v1
SRC-00242,Synthetic monitoring record PAI-00242,synthetic://sih26103/PAI-00242,2026-04-30,synthetic_v1
SRC-00243,Synthetic monitoring record PAI-00243,synthetic://sih26103/PAI-00243,2026-04-30,synthetic_v1
SRC-00244,Synthetic monitoring record PAI-00244,synthetic://sih26103/PAI-00244,2026-04-30,synthetic_v1
SRC-00245,Synthetic monitoring record PAI-00245,synthetic://sih26103/PAI-00245,2026-04-30,synthetic_v1
SRC-00246,Synthetic monitoring record PAI-00246,synthetic://sih26103/PAI-00246,2026-04-30,synthetic_v1
SRC-00247,Synthetic monitoring record PAI-00247,synthetic://sih26103/PAI-00247,2026-04-30,synthetic_v1
SRC-00248,Synthetic monitoring record PAI-00248,synthetic://sih26103/PAI-00248,2026-04-30,synthetic_v1
SRC-00249,Synthetic monitoring record PAI-00249,synthetic://sih26103/PAI-00249,2026-04-30,synthetic_v1
SRC-00250,Synthetic monitoring record PAI-00250,synthetic://sih26103/PAI-00250,2026-04-30,synthetic_v1
SRC-00251,Synthetic monitoring record PAI-00251,synthetic://sih26103/PAI-00251,2026-04-30,synthetic_v1
SRC-00252,Synthetic monitoring record PAI-00252,synthetic://sih26103/PAI-00252,2026-04-30,synthetic_v1
SRC-00253,Synthetic monitoring record PAI-00253,synthetic://sih26103/PAI-00253,2026-04-30,synthetic_v1
SRC-00254,Synthetic monitoring record PAI-00254,synthetic://sih26103/PAI-00254,2026-04-30,synthetic_v1
SRC-00255,Synthetic monitoring record PAI-00255,synthetic://sih26103/PAI-00255,2026-04-30,synthetic_v1
SRC-00256,Synthetic monitoring record PAI-00256,synthetic://sih26103/PAI-00256,2026-04-30,synthetic_v1
SRC-00257,Synthetic monitoring record PAI-00257,synthetic://sih26103/PAI-00257,2026-04-30,synthetic_v1
SRC-00258,Synthetic monitoring record PAI-00258,synthetic://sih26103/PAI-00258,2026-04-30,synthetic_v1
SRC-00259,Synthetic monitoring record PAI-00259,synthetic://sih26103/PAI-00259,2026-04-30,synthetic_v1
SRC-00260,Synthetic monitoring record PAI-00260,synthetic://sih26103/PAI-00260,2026-04-30,synthetic_v1
SRC-00261,Synthetic monitoring record PAI-00261,synthetic://sih26103/PAI-00261,2026-04-30,synthetic_v1
SRC-00262,Synthetic monitoring record PAI-00262,synthetic://sih26103/PAI-00262,2026-04-30,synthetic_v1
SRC-00263,Synthetic monitoring record PAI-00263,synthetic://sih26103/PAI-00263,2026-04-30,synthetic_v1
SRC-00264,Synthetic monitoring record PAI-00264,synthetic://sih26103/PAI-00264,2026-04-30,synthetic_v1
SRC-00265,Synthetic monitoring record PAI-00265,synthetic://sih26103/PAI-00265,2026-04-30,synthetic_v1
SRC-00266,Synthetic monitoring record PAI-00266,synthetic://sih26103/PAI-00266,2026-04-30,synthetic_v1
SRC-00267,Synthetic monitoring record PAI-00267,synthetic://sih26103/PAI-00267,2026-04-30,synthetic_v1
SRC-00268,Synthetic monitoring record PAI-00268,synthetic://sih26103/PAI-00268,2026-04-30,synthetic_v1
SRC-00269,Synthetic monitoring record PAI-00269,synthetic://sih26103/PAI-00269,2026-04-30,synthetic_v1
SRC-00270,Synthetic monitoring record PAI-00270,synthetic://sih26103/PAI-00270,2026-04-30,synthetic_v1
SRC-00271,Synthetic monitoring record PAI-00271,synthetic://sih26103/PAI-00271,2026-04-30,synthetic_v1
SRC-00272,Synthetic monitoring record PAI-00272,synthetic://sih26103/PAI-00272,2026-04-30,synthetic_v1
SRC-00273,Synthetic monitoring record PAI-00273,synthetic://sih26103/PAI-00273,2026-04-30,synthetic_v1
SRC-00274,Synthetic monitoring record PAI-00274,synthetic://sih26103/PAI-00274,2026-04-30,synthetic_v1
SRC-00275,Synthetic monitoring record PAI-00275,synthetic://sih26103/PAI-00275,2026-04-30,synthetic_v1
SRC-00276,Synthetic monitoring record PAI-00276,synthetic://sih26103/PAI-00276,2026-04-30,synthetic_v1
SRC-00277,Synthetic monitoring record PAI-00277,synthetic://sih26103/PAI-00277,2026-04-30,synthetic_v1
SRC-00278,Synthetic monitoring record PAI-00278,synthetic://sih26103/PAI-00278,2026-04-30,synthetic_v1
SRC-00279,Synthetic monitoring record PAI-00279,synthetic://sih26103/PAI-00279,2026-04-30,synthetic_v1
SRC-00280,Synthetic monitoring record PAI-00280,synthetic://sih26103/PAI-00280,2026-04-30,synthetic_v1
SRC-00281,Synthetic monitoring record PAI-00281,synthetic://sih26103/PAI-00281,2026-04-30,synthetic_v1
SRC-00282,Synthetic monitoring record PAI-00282,synthetic://sih26103/PAI-00282,2026-04-30,synthetic_v1
SRC-00283,Synthetic monitoring record PAI-00283,synthetic://sih26103/PAI-00283,2026-04-30,synthetic_v1
SRC-00284,Synthetic monitoring record PAI-00284,synthetic://sih26103/PAI-00284,2026-04-30,synthetic_v1
SRC-00285,Synthetic monitoring record PAI-00285,synthetic://sih26103/PAI-00285,2026-04-30,synthetic_v1
SRC-00286,Synthetic monitoring record PAI-00286,synthetic://sih26103/PAI-00286,2026-04-30,synthetic_v1
SRC-00287,Synthetic monitoring record PAI-00287,synthetic://sih26103/PAI-00287,2026-04-30,synthetic_v1
SRC-00288,Synthetic monitoring record PAI-00288,synthetic://sih26103/PAI-00288,2026-04-30,synthetic_v1
SRC-00289,Synthetic monitoring record PAI-00289,synthetic://sih26103/PAI-00289,2026-04-30,synthetic_v1
SRC-00290,Synthetic monitoring record PAI-00290,synthetic://sih26103/PAI-00290,2026-04-30,synthetic_v1
SRC-00291,Synthetic monitoring record PAI-00291,synthetic://sih26103/PAI-00291,2026-04-30,synthetic_v1
SRC-00292,Synthetic monitoring record PAI-00292,synthetic://sih26103/PAI-00292,2026-04-30,synthetic_v1
SRC-00293,Synthetic monitoring record PAI-00293,synthetic://sih26103/PAI-00293,2026-04-30,synthetic_v1
SRC-00294,Synthetic monitoring record PAI-00294,synthetic://sih26103/PAI-00294,2026-04-30,synthetic_v1
SRC-00295,Synthetic monitoring record PAI-00295,synthetic://sih26103/PAI-00295,2026-04-30,synthetic_v1
SRC-00296,Synthetic monitoring record PAI-00296,synthetic://sih26103/PAI-00296,2026-04-30,synthetic_v1
SRC-00297,Synthetic monitoring record PAI-00297,synthetic://sih26103/PAI-00297,2026-04-30,synthetic_v1
SRC-00298,Synthetic monitoring record PAI-00298,synthetic://sih26103/PAI-00298,2026-04-30,synthetic_v1
SRC-00299,Synthetic monitoring record PAI-00299,synthetic://sih26103/PAI-00299,2026-04-30,synthetic_v1
SRC-00300,Synthetic monitoring record PAI-00300,synthetic://sih26103/PAI-00300,2026-04-30,synthetic_v1
SRC-00301,Synthetic monitoring record PAI-00301,synthetic://sih26103/PAI-00301,2026-04-30,synthetic_v1
SRC-00302,Synthetic monitoring record PAI-00302,synthetic://sih26103/PAI-00302,2026-04-30,synthetic_v1
SRC-00303,Synthetic monitoring record PAI-00303,synthetic://sih26103/PAI-00303,2026-04-30,synthetic_v1
SRC-00304,Synthetic monitoring record PAI-00304,synthetic://sih26103/PAI-00304,2026-04-30,synthetic_v1
SRC-00305,Synthetic monitoring record PAI-00305,synthetic://sih26103/PAI-00305,2026-04-30,synthetic_v1
SRC-00306,Synthetic monitoring record PAI-00306,synthetic://sih26103/PAI-00306,2026-04-30,synthetic_v1
SRC-00307,Synthetic monitoring record PAI-00307,synthetic://sih26103/PAI-00307,2026-04-30,synthetic_v1
SRC-00308,Synthetic monitoring record PAI-00308,synthetic://sih26103/PAI-00308,2026-04-30,synthetic_v1
SRC-00309,Synthetic monitoring record PAI-00309,synthetic://sih26103/PAI-00309,2026-04-30,synthetic_v1
SRC-00310,Synthetic monitoring record PAI-00310,synthetic://sih26103/PAI-00310,2026-04-30,synthetic_v1
SRC-00311,Synthetic monitoring record PAI-00311,synthetic://sih26103/PAI-00311,2026-04-30,synthetic_v1
SRC-00312,Synthetic monitoring record PAI-00312,synthetic://sih26103/PAI-00312,2026-04-30,synthetic_v1
SRC-00313,Synthetic monitoring record PAI-00313,synthetic://sih26103/PAI-00313,2026-04-30,synthetic_v1
SRC-00314,Synthetic monitoring record PAI-00314,synthetic://sih26103/PAI-00314,2026-04-30,synthetic_v1
SRC-00315,Synthetic monitoring record PAI-00315,synthetic://sih26103/PAI-00315,2026-04-30,synthetic_v1
SRC-00316,Synthetic monitoring record PAI-00316,synthetic://sih26103/PAI-00316,2026-04-30,synthetic_v1
SRC-00317,Synthetic monitoring record PAI-00317,synthetic://sih26103/PAI-00317,2026-04-30,synthetic_v1
SRC-00318,Synthetic monitoring record PAI-00318,synthetic://sih26103/PAI-00318,2026-04-30,synthetic_v1
SRC-00319,Synthetic monitoring record PAI-00319,synthetic://sih26103/PAI-00319,2026-04-30,synthetic_v1
SRC-00320,Synthetic monitoring record PAI-00320,synthetic://sih26103/PAI-00320,2026-04-30,synthetic_v1
SRC-00321,Synthetic monitoring record PAI-00321,synthetic://sih26103/PAI-00321,2026-04-30,synthetic_v1
SRC-00322,Synthetic monitoring record PAI-00322,synthetic://sih26103/PAI-00322,2026-04-30,synthetic_v1
SRC-00323,Synthetic monitoring record PAI-00323,synthetic://sih26103/PAI-00323,2026-04-30,synthetic_v1
SRC-00324,Synthetic monitoring record PAI-00324,synthetic://sih26103/PAI-00324,2026-04-30,synthetic_v1
SRC-00325,Synthetic monitoring record PAI-00325,synthetic://sih26103/PAI-00325,2026-04-30,synthetic_v1
SRC-00326,Synthetic monitoring record PAI-00326,synthetic://sih26103/PAI-00326,2026-04-30,synthetic_v1
SRC-00327,Synthetic monitoring record PAI-00327,synthetic://sih26103/PAI-00327,2026-04-30,synthetic_v1
SRC-00328,Synthetic monitoring record PAI-00328,synthetic://sih26103/PAI-00328,2026-04-30,synthetic_v1
SRC-00329,Synthetic monitoring record PAI-00329,synthetic://sih26103/PAI-00329,2026-04-30,synthetic_v1
SRC-00330,Synthetic monitoring record PAI-00330,synthetic://sih26103/PAI-00330,2026-04-30,synthetic_v1
SRC-00331,Synthetic monitoring record PAI-00331,synthetic://sih26103/PAI-00331,2026-04-30,synthetic_v1
SRC-00332,Synthetic monitoring record PAI-00332,synthetic://sih26103/PAI-00332,2026-04-30,synthetic_v1
SRC-00333,Synthetic monitoring record PAI-00333,synthetic://sih26103/PAI-00333,2026-04-30,synthetic_v1
SRC-00334,Synthetic monitoring record PAI-00334,synthetic://sih26103/PAI-00334,2026-04-30,synthetic_v1
SRC-00335,Synthetic monitoring record PAI-00335,synthetic://sih26103/PAI-00335,2026-04-30,synthetic_v1
SRC-00336,Synthetic monitoring record PAI-00336,synthetic://sih26103/PAI-00336,2026-04-30,synthetic_v1
SRC-00337,Synthetic monitoring record PAI-00337,synthetic://sih26103/PAI-00337,2026-04-30,synthetic_v1
SRC-00338,Synthetic monitoring record PAI-00338,synthetic://sih26103/PAI-00338,2026-04-30,synthetic_v1
SRC-00339,Synthetic monitoring record PAI-00339,synthetic://sih26103/PAI-00339,2026-04-30,synthetic_v1
SRC-00340,Synthetic monitoring record PAI-00340,synthetic://sih26103/PAI-00340,2026-04-30,synthetic_v1
SRC-00341,Synthetic monitoring record PAI-00341,synthetic://sih26103/PAI-00341,2026-04-30,synthetic_v1
SRC-00342,Synthetic monitoring record PAI-00342,synthetic://sih26103/PAI-00342,2026-04-30,synthetic_v1
SRC-00343,Synthetic monitoring record PAI-00343,synthetic://sih26103/PAI-00343,2026-04-30,synthetic_v1
SRC-00344,Synthetic monitoring record PAI-00344,synthetic://sih26103/PAI-00344,2026-04-30,synthetic_v1
SRC-00345,Synthetic monitoring record PAI-00345,synthetic://sih26103/PAI-00345,2026-04-30,synthetic_v1
SRC-00346,Synthetic monitoring record PAI-00346,synthetic://sih26103/PAI-00346,2026-04-30,synthetic_v1
SRC-00347,Synthetic monitoring record PAI-00347,synthetic://sih26103/PAI-00347,2026-04-30,synthetic_v1
SRC-00348,Synthetic monitoring record PAI-00348,synthetic://sih26103/PAI-00348,2026-04-30,synthetic_v1
SRC-00349,Synthetic monitoring record PAI-00349,synthetic://sih26103/PAI-00349,2026-04-30,synthetic_v1
SRC-00350,Synthetic monitoring record PAI-00350,synthetic://sih26103/PAI-00350,2026-04-30,synthetic_v1
SRC-00351,Synthetic monitoring record PAI-00351,synthetic://sih26103/PAI-00351,2026-04-30,synthetic_v1
SRC-00352,Synthetic monitoring record PAI-00352,synthetic://sih26103/PAI-00352,2026-04-30,synthetic_v1
SRC-00353,Synthetic monitoring record PAI-00353,synthetic://sih26103/PAI-00353,2026-04-30,synthetic_v1
SRC-00354,Synthetic monitoring record PAI-00354,synthetic://sih26103/PAI-00354,2026-04-30,synthetic_v1
SRC-00355,Synthetic monitoring record PAI-00355,synthetic://sih26103/PAI-00355,2026-04-30,synthetic_v1
SRC-00356,Synthetic monitoring record PAI-00356,synthetic://sih26103/PAI-00356,2026-04-30,synthetic_v1
SRC-00357,Synthetic monitoring record PAI-00357,synthetic://sih26103/PAI-00357,2026-04-30,synthetic_v1
SRC-00358,Synthetic monitoring record PAI-00358,synthetic://sih26103/PAI-00358,2026-04-30,synthetic_v1
SRC-00359,Synthetic monitoring record PAI-00359,synthetic://sih26103/PAI-00359,2026-04-30,synthetic_v1
SRC-00360,Synthetic monitoring record PAI-00360,synthetic://sih26103/PAI-00360,2026-04-30,synthetic_v1
SRC-00361,Synthetic monitoring record PAI-00361,synthetic://sih26103/PAI-00361,2026-04-30,synthetic_v1
SRC-00362,Synthetic monitoring record PAI-00362,synthetic://sih26103/PAI-00362,2026-04-30,synthetic_v1
SRC-00363,Synthetic monitoring record PAI-00363,synthetic://sih26103/PAI-00363,2026-04-30,synthetic_v1
SRC-00364,Synthetic monitoring record PAI-00364,synthetic://sih26103/PAI-00364,2026-04-30,synthetic_v1
SRC-00365,Synthetic monitoring record PAI-00365,synthetic://sih26103/PAI-00365,2026-04-30,synthetic_v1
SRC-00366,Synthetic monitoring record PAI-00366,synthetic://sih26103/PAI-00366,2026-04-30,synthetic_v1
SRC-00367,Synthetic monitoring record PAI-00367,synthetic://sih26103/PAI-00367,2026-04-30,synthetic_v1
SRC-00368,Synthetic monitoring record PAI-00368,synthetic://sih26103/PAI-00368,2026-04-30,synthetic_v1
SRC-00369,Synthetic monitoring record PAI-00369,synthetic://sih26103/PAI-00369,2026-04-30,synthetic_v1
SRC-00370,Synthetic monitoring record PAI-00370,synthetic://sih26103/PAI-00370,2026-04-30,synthetic_v1
SRC-00371,Synthetic monitoring record PAI-00371,synthetic://sih26103/PAI-00371,2026-04-30,synthetic_v1
SRC-00372,Synthetic monitoring record PAI-00372,synthetic://sih26103/PAI-00372,2026-04-30,synthetic_v1
SRC-00373,Synthetic monitoring record PAI-00373,synthetic://sih26103/PAI-00373,2026-04-30,synthetic_v1
SRC-00374,Synthetic monitoring record PAI-00374,synthetic://sih26103/PAI-00374,2026-04-30,synthetic_v1
SRC-00375,Synthetic monitoring record PAI-00375,synthetic://sih26103/PAI-00375,2026-04-30,synthetic_v1
SRC-00376,Synthetic monitoring record PAI-00376,synthetic://sih26103/PAI-00376,2026-04-30,synthetic_v1
SRC-00377,Synthetic monitoring record PAI-00377,synthetic://sih26103/PAI-00377,2026-04-30,synthetic_v1
SRC-00378,Synthetic monitoring record PAI-00378,synthetic://sih26103/PAI-00378,2026-04-30,synthetic_v1
SRC-00379,Synthetic monitoring record PAI-00379,synthetic://sih26103/PAI-00379,2026-04-30,synthetic_v1
SRC-00380,Synthetic monitoring record PAI-00380,synthetic://sih26103/PAI-00380,2026-04-30,synthetic_v1
SRC-00381,Synthetic monitoring record PAI-00381,synthetic://sih26103/PAI-00381,2026-04-30,synthetic_v1
SRC-00382,Synthetic monitoring record PAI-00382,synthetic://sih26103/PAI-00382,2026-04-30,synthetic_v1
SRC-00383,Synthetic monitoring record PAI-00383,synthetic://sih26103/PAI-00383,2026-04-30,synthetic_v1
SRC-00384,Synthetic monitoring record PAI-00384,synthetic://sih26103/PAI-00384,2026-04-30,synthetic_v1
SRC-00385,Synthetic monitoring record PAI-00385,synthetic://sih26103/PAI-00385,2026-04-30,synthetic_v1
SRC-00386,Synthetic monitoring record PAI-00386,synthetic://sih26103/PAI-00386,2026-04-30,synthetic_v1
SRC-00387,Synthetic monitoring record PAI-00387,synthetic://sih26103/PAI-00387,2026-04-30,synthetic_v1
SRC-00388,Synthetic monitoring record PAI-00388,synthetic://sih26103/PAI-00388,2026-04-30,synthetic_v1
SRC-00389,Synthetic monitoring record PAI-00389,synthetic://sih26103/PAI-00389,2026-04-30,synthetic_v1
SRC-00390,Synthetic monitoring record PAI-00390,synthetic://sih26103/PAI-00390,2026-04-30,synthetic_v1
SRC-00391,Synthetic monitoring record PAI-00391,synthetic://sih26103/PAI-00391,2026-04-30,synthetic_v1
SRC-00392,Synthetic monitoring record PAI-00392,synthetic://sih26103/PAI-00392,2026-04-30,synthetic_v1
SRC-00393,Synthetic monitoring record PAI-00393,synthetic://sih26103/PAI-00393,2026-04-30,synthetic_v1
SRC-00394,Synthetic monitoring record PAI-00394,synthetic://sih26103/PAI-00394,2026-04-30,synthetic_v1
SRC-00395,Synthetic monitoring record PAI-00395,synthetic://sih26103/PAI-00395,2026-04-30,synthetic_v1
SRC-00396,Synthetic monitoring record PAI-00396,synthetic://sih26103/PAI-00396,2026-04-30,synthetic_v1
SRC-00397,Synthetic monitoring record PAI-00397,synthetic://sih26103/PAI-00397,2026-04-30,synthetic_v1
SRC-00398,Synthetic monitoring record PAI-00398,synthetic://sih26103/PAI-00398,2026-04-30,synthetic_v1
SRC-00399,Synthetic monitoring record PAI-00399,synthetic://sih26103/PAI-00399,2026-04-30,synthetic_v1
SRC-00400,Synthetic monitoring record PAI-00400,synthetic://sih26103/PAI-00400,2026-04-30,synthetic_v1
SRC-00401,Synthetic monitoring record PAI-00401,synthetic://sih26103/PAI-00401,2026-04-30,synthetic_v1
SRC-00402,Synthetic monitoring record PAI-00402,synthetic://sih26103/PAI-00402,2026-04-30,synthetic_v1
SRC-00403,Synthetic monitoring record PAI-00403,synthetic://sih26103/PAI-00403,2026-04-30,synthetic_v1
SRC-00404,Synthetic monitoring record PAI-00404,synthetic://sih26103/PAI-00404,2026-04-30,synthetic_v1
SRC-00405,Synthetic monitoring record PAI-00405,synthetic://sih26103/PAI-00405,2026-04-30,synthetic_v1
SRC-00406,Synthetic monitoring record PAI-00406,synthetic://sih26103/PAI-00406,2026-04-30,synthetic_v1
SRC-00407,Synthetic monitoring record PAI-00407,synthetic://sih26103/PAI-00407,2026-04-30,synthetic_v1
SRC-00408,Synthetic monitoring record PAI-00408,synthetic://sih26103/PAI-00408,2026-04-30,synthetic_v1
SRC-00409,Synthetic monitoring record PAI-00409,synthetic://sih26103/PAI-00409,2026-04-30,synthetic_v1
SRC-00410,Synthetic monitoring record PAI-00410,synthetic://sih26103/PAI-00410,2026-04-30,synthetic_v1
SRC-00411,Synthetic monitoring record PAI-00411,synthetic://sih26103/PAI-00411,2026-04-30,synthetic_v1
SRC-00412,Synthetic monitoring record PAI-00412,synthetic://sih26103/PAI-00412,2026-04-30,synthetic_v1
SRC-00413,Synthetic monitoring record PAI-00413,synthetic://sih26103/PAI-00413,2026-04-30,synthetic_v1
SRC-00414,Synthetic monitoring record PAI-00414,synthetic://sih26103/PAI-00414,2026-04-30,synthetic_v1
SRC-00415,Synthetic monitoring record PAI-00415,synthetic://sih26103/PAI-00415,2026-04-30,synthetic_v1
SRC-00416,Synthetic monitoring record PAI-00416,synthetic://sih26103/PAI-00416,2026-04-30,synthetic_v1
SRC-00417,Synthetic monitoring record PAI-00417,synthetic://sih26103/PAI-00417,2026-04-30,synthetic_v1
SRC-00418,Synthetic monitoring record PAI-00418,synthetic://sih26103/PAI-00418,2026-04-30,synthetic_v1
SRC-00419,Synthetic monitoring record PAI-00419,synthetic://sih26103/PAI-00419,2026-04-30,synthetic_v1
SRC-00420,Synthetic monitoring record PAI-00420,synthetic://sih26103/PAI-00420,2026-04-30,synthetic_v1
SRC-00421,Synthetic monitoring record PAI-00421,synthetic://sih26103/PAI-00421,2026-04-30,synthetic_v1
SRC-00422,Synthetic monitoring record PAI-00422,synthetic://sih26103/PAI-00422,2026-04-30,synthetic_v1
SRC-00423,Synthetic monitoring record PAI-00423,synthetic://sih26103/PAI-00423,2026-04-30,synthetic_v1
SRC-00424,Synthetic monitoring record PAI-00424,synthetic://sih26103/PAI-00424,2026-04-30,synthetic_v1
SRC-00425,Synthetic monitoring record PAI-00425,synthetic://sih26103/PAI-00425,2026-04-30,synthetic_v1
SRC-00426,Synthetic monitoring record PAI-00426,synthetic://sih26103/PAI-00426,2026-04-30,synthetic_v1
SRC-00427,Synthetic monitoring record PAI-00427,synthetic://sih26103/PAI-00427,2026-04-30,synthetic_v1
SRC-00428,Synthetic monitoring record PAI-00428,synthetic://sih26103/PAI-00428,2026-04-30,synthetic_v1
SRC-00429,Synthetic monitoring record PAI-00429,synthetic://sih26103/PAI-00429,2026-04-30,synthetic_v1
SRC-00430,Synthetic monitoring record PAI-00430,synthetic://sih26103/PAI-00430,2026-04-30,synthetic_v1
SRC-00431,Synthetic monitoring record PAI-00431,synthetic://sih26103/PAI-00431,2026-04-30,synthetic_v1
SRC-00432,Synthetic monitoring record PAI-00432,synthetic://sih26103/PAI-00432,2026-04-30,synthetic_v1
SRC-00433,Synthetic monitoring record PAI-00433,synthetic://sih26103/PAI-00433,2026-04-30,synthetic_v1
SRC-00434,Synthetic monitoring record PAI-00434,synthetic://sih26103/PAI-00434,2026-04-30,synthetic_v1
SRC-00435,Synthetic monitoring record PAI-00435,synthetic://sih26103/PAI-00435,2026-04-30,synthetic_v1
SRC-00436,Synthetic monitoring record PAI-00436,synthetic://sih26103/PAI-00436,2026-04-30,synthetic_v1
SRC-00437,Synthetic monitoring record PAI-00437,synthetic://sih26103/PAI-00437,2026-04-30,synthetic_v1
SRC-00438,Synthetic monitoring record PAI-00438,synthetic://sih26103/PAI-00438,2026-04-30,synthetic_v1
SRC-00439,Synthetic monitoring record PAI-00439,synthetic://sih26103/PAI-00439,2026-04-30,synthetic_v1
SRC-00440,Synthetic monitoring record PAI-00440,synthetic://sih26103/PAI-00440,2026-04-30,synthetic_v1
SRC-00441,Synthetic monitoring record PAI-00441,synthetic://sih26103/PAI-00441,2026-04-30,synthetic_v1
SRC-00442,Synthetic monitoring record PAI-00442,synthetic://sih26103/PAI-00442,2026-04-30,synthetic_v1
SRC-00443,Synthetic monitoring record PAI-00443,synthetic://sih26103/PAI-00443,2026-04-30,synthetic_v1
SRC-00444,Synthetic monitoring record PAI-00444,synthetic://sih26103/PAI-00444,2026-04-30,synthetic_v1
SRC-00445,Synthetic monitoring record PAI-00445,synthetic://sih26103/PAI-00445,2026-04-30,synthetic_v1
SRC-00446,Synthetic monitoring record PAI-00446,synthetic://sih26103/PAI-00446,2026-04-30,synthetic_v1
SRC-00447,Synthetic monitoring record PAI-00447,synthetic://sih26103/PAI-00447,2026-04-30,synthetic_v1
SRC-00448,Synthetic monitoring record PAI-00448,synthetic://sih26103/PAI-00448,2026-04-30,synthetic_v1
SRC-00449,Synthetic monitoring record PAI-00449,synthetic://sih26103/PAI-00449,2026-04-30,synthetic_v1
SRC-00450,Synthetic monitoring record PAI-00450,synthetic://sih26103/PAI-00450,2026-04-30,synthetic_v1
SRC-00451,Synthetic monitoring record PAI-00451,synthetic://sih26103/PAI-00451,2026-04-30,synthetic_v1
SRC-00452,Synthetic monitoring record PAI-00452,synthetic://sih26103/PAI-00452,2026-04-30,synthetic_v1
SRC-00453,Synthetic monitoring record PAI-00453,synthetic://sih26103/PAI-00453,2026-04-30,synthetic_v1
SRC-00454,Synthetic monitoring record PAI-00454,synthetic://sih26103/PAI-00454,2026-04-30,synthetic_v1
SRC-00455,Synthetic monitoring record PAI-00455,synthetic://sih26103/PAI-00455,2026-04-30,synthetic_v1
SRC-00456,Synthetic monitoring record PAI-00456,synthetic://sih26103/PAI-00456,2026-04-30,synthetic_v1
SRC-00457,Synthetic monitoring record PAI-00457,synthetic://sih26103/PAI-00457,2026-04-30,synthetic_v1
SRC-00458,Synthetic monitoring record PAI-00458,synthetic://sih26103/PAI-00458,2026-04-30,synthetic_v1
SRC-00459,Synthetic monitoring record PAI-00459,synthetic://sih26103/PAI-00459,2026-04-30,synthetic_v1
SRC-00460,Synthetic monitoring record PAI-00460,synthetic://sih26103/PAI-00460,2026-04-30,synthetic_v1
SRC-00461,Synthetic monitoring record PAI-00461,synthetic://sih26103/PAI-00461,2026-04-30,synthetic_v1
SRC-00462,Synthetic monitoring record PAI-00462,synthetic://sih26103/PAI-00462,2026-04-30,synthetic_v1
SRC-00463,Synthetic monitoring record PAI-00463,synthetic://sih26103/PAI-00463,2026-04-30,synthetic_v1
SRC-00464,Synthetic monitoring record PAI-00464,synthetic://sih26103/PAI-00464,2026-04-30,synthetic_v1
SRC-00465,Synthetic monitoring record PAI-00465,synthetic://sih26103/PAI-00465,2026-04-30,synthetic_v1
SRC-00466,Synthetic monitoring record PAI-00466,synthetic://sih26103/PAI-00466,2026-04-30,synthetic_v1
SRC-00467,Synthetic monitoring record PAI-00467,synthetic://sih26103/PAI-00467,2026-04-30,synthetic_v1
SRC-00468,Synthetic monitoring record PAI-00468,synthetic://sih26103/PAI-00468,2026-04-30,synthetic_v1
SRC-00469,Synthetic monitoring record PAI-00469,synthetic://sih26103/PAI-00469,2026-04-30,synthetic_v1
SRC-00470,Synthetic monitoring record PAI-00470,synthetic://sih26103/PAI-00470,2026-04-30,synthetic_v1
SRC-00471,Synthetic monitoring record PAI-00471,synthetic://sih26103/PAI-00471,2026-04-30,synthetic_v1
SRC-00472,Synthetic monitoring record PAI-00472,synthetic://sih26103/PAI-00472,2026-04-30,synthetic_v1
SRC-00473,Synthetic monitoring record PAI-00473,synthetic://sih26103/PAI-00473,2026-04-30,synthetic_v1
SRC-00474,Synthetic monitoring record PAI-00474,synthetic://sih26103/PAI-00474,2026-04-30,synthetic_v1
SRC-00475,Synthetic monitoring record PAI-00475,synthetic://sih26103/PAI-00475,2026-04-30,synthetic_v1
SRC-00476,Synthetic monitoring record PAI-00476,synthetic://sih26103/PAI-00476,2026-04-30,synthetic_v1
SRC-00477,Synthetic monitoring record PAI-00477,synthetic://sih26103/PAI-00477,2026-04-30,synthetic_v1
SRC-00478,Synthetic monitoring record PAI-00478,synthetic://sih26103/PAI-00478,2026-04-30,synthetic_v1
SRC-00479,Synthetic monitoring record PAI-00479,synthetic://sih26103/PAI-00479,2026-04-30,synthetic_v1
SRC-00480,Synthetic monitoring record PAI-00480,synthetic://sih26103/PAI-00480,2026-04-30,synthetic_v1
SRC-00481,Synthetic monitoring record PAI-00481,synthetic://sih26103/PAI-00481,2026-04-30,synthetic_v1
SRC-00482,Synthetic monitoring record PAI-00482,synthetic://sih26103/PAI-00482,2026-04-30,synthetic_v1
SRC-00483,Synthetic monitoring record PAI-00483,synthetic://sih26103/PAI-00483,2026-04-30,synthetic_v1
SRC-00484,Synthetic monitoring record PAI-00484,synthetic://sih26103/PAI-00484,2026-04-30,synthetic_v1
SRC-00485,Synthetic monitoring record PAI-00485,synthetic://sih26103/PAI-00485,2026-04-30,synthetic_v1
SRC-00486,Synthetic monitoring record PAI-00486,synthetic://sih26103/PAI-00486,2026-04-30,synthetic_v1
SRC-00487,Synthetic monitoring record PAI-00487,synthetic://sih26103/PAI-00487,2026-04-30,synthetic_v1
SRC-00488,Synthetic monitoring record PAI-00488,synthetic://sih26103/PAI-00488,2026-04-30,synthetic_v1
SRC-00489,Synthetic monitoring record PAI-00489,synthetic://sih26103/PAI-00489,2026-04-30,synthetic_v1
SRC-00490,Synthetic monitoring record PAI-00490,synthetic://sih26103/PAI-00490,2026-04-30,synthetic_v1
SRC-00491,Synthetic monitoring record PAI-00491,synthetic://sih26103/PAI-00491,2026-04-30,synthetic_v1
SRC-00492,Synthetic monitoring record PAI-00492,synthetic://sih26103/PAI-00492,2026-04-30,synthetic_v1
SRC-00493,Synthetic monitoring record PAI-00493,synthetic://sih26103/PAI-00493,2026-04-30,synthetic_v1
SRC-00494,Synthetic monitoring record PAI-00494,synthetic://sih26103/PAI-00494,2026-04-30,synthetic_v1
SRC-00495,Synthetic monitoring record PAI-00495,synthetic://sih26103/PAI-00495,2026-04-30,synthetic_v1
SRC-00496,Synthetic monitoring record PAI-00496,synthetic://sih26103/PAI-00496,2026-04-30,synthetic_v1
SRC-00497,Synthetic monitoring record PAI-00497,synthetic://sih26103/PAI-00497,2026-04-30,synthetic_v1
SRC-00498,Synthetic monitoring record PAI-00498,synthetic://sih26103/PAI-00498,2026-04-30,synthetic_v1
SRC-00499,Synthetic monitoring record PAI-00499,synthetic://sih26103/PAI-00499,2026-04-30,synthetic_v1
SRC-00500,Synthetic monitoring record PAI-00500,synthetic://sih26103/PAI-00500,2026-04-30,synthetic_v1
SRC-00501,Synthetic monitoring record PAI-00501,synthetic://sih26103/PAI-00501,2026-04-30,synthetic_v1
SRC-00502,Synthetic monitoring record PAI-00502,synthetic://sih26103/PAI-00502,2026-04-30,synthetic_v1
SRC-00503,Synthetic monitoring record PAI-00503,synthetic://sih26103/PAI-00503,2026-04-30,synthetic_v1
SRC-00504,Synthetic monitoring record PAI-00504,synthetic://sih26103/PAI-00504,2026-04-30,synthetic_v1
SRC-00505,Synthetic monitoring record PAI-00505,synthetic://sih26103/PAI-00505,2026-04-30,synthetic_v1
SRC-00506,Synthetic monitoring record PAI-00506,synthetic://sih26103/PAI-00506,2026-04-30,synthetic_v1
SRC-00507,Synthetic monitoring record PAI-00507,synthetic://sih26103/PAI-00507,2026-04-30,synthetic_v1
SRC-00508,Synthetic monitoring record PAI-00508,synthetic://sih26103/PAI-00508,2026-04-30,synthetic_v1
SRC-00509,Synthetic monitoring record PAI-00509,synthetic://sih26103/PAI-00509,2026-04-30,synthetic_v1
SRC-00510,Synthetic monitoring record PAI-00510,synthetic://sih26103/PAI-00510,2026-04-30,synthetic_v1
SRC-00511,Synthetic monitoring record PAI-00511,synthetic://sih26103/PAI-00511,2026-04-30,synthetic_v1
SRC-00512,Synthetic monitoring record PAI-00512,synthetic://sih26103/PAI-00512,2026-04-30,synthetic_v1
SRC-00513,Synthetic monitoring record PAI-00513,synthetic://sih26103/PAI-00513,2026-04-30,synthetic_v1
SRC-00514,Synthetic monitoring record PAI-00514,synthetic://sih26103/PAI-00514,2026-04-30,synthetic_v1
SRC-00515,Synthetic monitoring record PAI-00515,synthetic://sih26103/PAI-00515,2026-04-30,synthetic_v1
SRC-00516,Synthetic monitoring record PAI-00516,synthetic://sih26103/PAI-00516,2026-04-30,synthetic_v1
SRC-00517,Synthetic monitoring record PAI-00517,synthetic://sih26103/PAI-00517,2026-04-30,synthetic_v1
SRC-00518,Synthetic monitoring record PAI-00518,synthetic://sih26103/PAI-00518,2026-04-30,synthetic_v1
SRC-00519,Synthetic monitoring record PAI-00519,synthetic://sih26103/PAI-00519,2026-04-30,synthetic_v1
SRC-00520,Synthetic monitoring record PAI-00520,synthetic://sih26103/PAI-00520,2026-04-30,synthetic_v1
SRC-00521,Synthetic monitoring record PAI-00521,synthetic://sih26103/PAI-00521,2026-04-30,synthetic_v1
SRC-00522,Synthetic monitoring record PAI-00522,synthetic://sih26103/PAI-00522,2026-04-30,synthetic_v1
SRC-00523,Synthetic monitoring record PAI-00523,synthetic://sih26103/PAI-00523,2026-04-30,synthetic_v1
SRC-00524,Synthetic monitoring record PAI-00524,synthetic://sih26103/PAI-00524,2026-04-30,synthetic_v1
SRC-00525,Synthetic monitoring record PAI-00525,synthetic://sih26103/PAI-00525,2026-04-30,synthetic_v1
SRC-00526,Synthetic monitoring record PAI-00526,synthetic://sih26103/PAI-00526,2026-04-30,synthetic_v1
SRC-00527,Synthetic monitoring record PAI-00527,synthetic://sih26103/PAI-00527,2026-04-30,synthetic_v1
SRC-00528,Synthetic monitoring record PAI-00528,synthetic://sih26103/PAI-00528,2026-04-30,synthetic_v1
SRC-00529,Synthetic monitoring record PAI-00529,synthetic://sih26103/PAI-00529,2026-04-30,synthetic_v1
SRC-00530,Synthetic monitoring record PAI-00530,synthetic://sih26103/PAI-00530,2026-04-30,synthetic_v1
SRC-00531,Synthetic monitoring record PAI-00531,synthetic://sih26103/PAI-00531,2026-04-30,synthetic_v1
SRC-00532,Synthetic monitoring record PAI-00532,synthetic://sih26103/PAI-00532,2026-04-30,synthetic_v1
SRC-00533,Synthetic monitoring record PAI-00533,synthetic://sih26103/PAI-00533,2026-04-30,synthetic_v1
SRC-00534,Synthetic monitoring record PAI-00534,synthetic://sih26103/PAI-00534,2026-04-30,synthetic_v1
SRC-00535,Synthetic monitoring record PAI-00535,synthetic://sih26103/PAI-00535,2026-04-30,synthetic_v1
SRC-00536,Synthetic monitoring record PAI-00536,synthetic://sih26103/PAI-00536,2026-04-30,synthetic_v1
SRC-00537,Synthetic monitoring record PAI-00537,synthetic://sih26103/PAI-00537,2026-04-30,synthetic_v1
SRC-00538,Synthetic monitoring record PAI-00538,synthetic://sih26103/PAI-00538,2026-04-30,synthetic_v1
SRC-00539,Synthetic monitoring record PAI-00539,synthetic://sih26103/PAI-00539,2026-04-30,synthetic_v1
SRC-00540,Synthetic monitoring record PAI-00540,synthetic://sih26103/PAI-00540,2026-04-30,synthetic_v1
SRC-00541,Synthetic monitoring record PAI-00541,synthetic://sih26103/PAI-00541,2026-04-30,synthetic_v1
SRC-00542,Synthetic monitoring record PAI-00542,synthetic://sih26103/PAI-00542,2026-04-30,synthetic_v1
SRC-00543,Synthetic monitoring record PAI-00543,synthetic://sih26103/PAI-00543,2026-04-30,synthetic_v1
SRC-00544,Synthetic monitoring record PAI-00544,synthetic://sih26103/PAI-00544,2026-04-30,synthetic_v1
SRC-00545,Synthetic monitoring record PAI-00545,synthetic://sih26103/PAI-00545,2026-04-30,synthetic_v1
SRC-00546,Synthetic monitoring record PAI-00546,synthetic://sih26103/PAI-00546,2026-04-30,synthetic_v1
SRC-00547,Synthetic monitoring record PAI-00547,synthetic://sih26103/PAI-00547,2026-04-30,synthetic_v1
SRC-00548,Synthetic monitoring record PAI-00548,synthetic://sih26103/PAI-00548,2026-04-30,synthetic_v1
SRC-00549,Synthetic monitoring record PAI-00549,synthetic://sih26103/PAI-00549,2026-04-30,synthetic_v1
SRC-00550,Synthetic monitoring record PAI-00550,synthetic://sih26103/PAI-00550,2026-04-30,synthetic_v1
SRC-00551,Synthetic monitoring record PAI-00551,synthetic://sih26103/PAI-00551,2026-04-30,synthetic_v1
SRC-00552,Synthetic monitoring record PAI-00552,synthetic://sih26103/PAI-00552,2026-04-30,synthetic_v1
SRC-00553,Synthetic monitoring record PAI-00553,synthetic://sih26103/PAI-00553,2026-04-30,synthetic_v1
SRC-00554,Synthetic monitoring record PAI-00554,synthetic://sih26103/PAI-00554,2026-04-30,synthetic_v1
SRC-00555,Synthetic monitoring record PAI-00555,synthetic://sih26103/PAI-00555,2026-04-30,synthetic_v1
SRC-00556,Synthetic monitoring record PAI-00556,synthetic://sih26103/PAI-00556,2026-04-30,synthetic_v1
SRC-00557,Synthetic monitoring record PAI-00557,synthetic://sih26103/PAI-00557,2026-04-30,synthetic_v1
SRC-00558,Synthetic monitoring record PAI-00558,synthetic://sih26103/PAI-00558,2026-04-30,synthetic_v1
SRC-00559,Synthetic monitoring record PAI-00559,synthetic://sih26103/PAI-00559,2026-04-30,synthetic_v1
SRC-00560,Synthetic monitoring record PAI-00560,synthetic://sih26103/PAI-00560,2026-04-30,synthetic_v1
SRC-00561,Synthetic monitoring record PAI-00561,synthetic://sih26103/PAI-00561,2026-04-30,synthetic_v1
SRC-00562,Synthetic monitoring record PAI-00562,synthetic://sih26103/PAI-00562,2026-04-30,synthetic_v1
SRC-00563,Synthetic monitoring record PAI-00563,synthetic://sih26103/PAI-00563,2026-04-30,synthetic_v1
SRC-00564,Synthetic monitoring record PAI-00564,synthetic://sih26103/PAI-00564,2026-04-30,synthetic_v1
SRC-00565,Synthetic monitoring record PAI-00565,synthetic://sih26103/PAI-00565,2026-04-30,synthetic_v1
SRC-00566,Synthetic monitoring record PAI-00566,synthetic://sih26103/PAI-00566,2026-04-30,synthetic_v1
SRC-00567,Synthetic monitoring record PAI-00567,synthetic://sih26103/PAI-00567,2026-04-30,synthetic_v1
SRC-00568,Synthetic monitoring record PAI-00568,synthetic://sih26103/PAI-00568,2026-04-30,synthetic_v1
SRC-00569,Synthetic monitoring record PAI-00569,synthetic://sih26103/PAI-00569,2026-04-30,synthetic_v1
SRC-00570,Synthetic monitoring record PAI-00570,synthetic://sih26103/PAI-00570,2026-04-30,synthetic_v1
SRC-00571,Synthetic monitoring record PAI-00571,synthetic://sih26103/PAI-00571,2026-04-30,synthetic_v1
SRC-00572,Synthetic monitoring record PAI-00572,synthetic://sih26103/PAI-00572,2026-04-30,synthetic_v1
SRC-00573,Synthetic monitoring record PAI-00573,synthetic://sih26103/PAI-00573,2026-04-30,synthetic_v1
SRC-00574,Synthetic monitoring record PAI-00574,synthetic://sih26103/PAI-00574,2026-04-30,synthetic_v1
SRC-00575,Synthetic monitoring record PAI-00575,synthetic://sih26103/PAI-00575,2026-04-30,synthetic_v1
SRC-00576,Synthetic monitoring record PAI-00576,synthetic://sih26103/PAI-00576,2026-04-30,synthetic_v1
SRC-00577,Synthetic monitoring record PAI-00577,synthetic://sih26103/PAI-00577,2026-04-30,synthetic_v1
SRC-00578,Synthetic monitoring record PAI-00578,synthetic://sih26103/PAI-00578,2026-04-30,synthetic_v1
SRC-00579,Synthetic monitoring record PAI-00579,synthetic://sih26103/PAI-00579,2026-04-30,synthetic_v1
SRC-00580,Synthetic monitoring record PAI-00580,synthetic://sih26103/PAI-00580,2026-04-30,synthetic_v1
SRC-00581,Synthetic monitoring record PAI-00581,synthetic://sih26103/PAI-00581,2026-04-30,synthetic_v1
SRC-00582,Synthetic monitoring record PAI-00582,synthetic://sih26103/PAI-00582,2026-04-30,synthetic_v1
SRC-00583,Synthetic monitoring record PAI-00583,synthetic://sih26103/PAI-00583,2026-04-30,synthetic_v1
SRC-00584,Synthetic monitoring record PAI-00584,synthetic://sih26103/PAI-00584,2026-04-30,synthetic_v1
SRC-00585,Synthetic monitoring record PAI-00585,synthetic://sih26103/PAI-00585,2026-04-30,synthetic_v1
SRC-00586,Synthetic monitoring record PAI-00586,synthetic://sih26103/PAI-00586,2026-04-30,synthetic_v1
SRC-00587,Synthetic monitoring record PAI-00587,synthetic://sih26103/PAI-00587,2026-04-30,synthetic_v1
SRC-00588,Synthetic monitoring record PAI-00588,synthetic://sih26103/PAI-00588,2026-04-30,synthetic_v1
SRC-00589,Synthetic monitoring record PAI-00589,synthetic://sih26103/PAI-00589,2026-04-30,synthetic_v1
SRC-00590,Synthetic monitoring record PAI-00590,synthetic://sih26103/PAI-00590,2026-04-30,synthetic_v1
SRC-00591,Synthetic monitoring record PAI-00591,synthetic://sih26103/PAI-00591,2026-04-30,synthetic_v1
SRC-00592,Synthetic monitoring record PAI-00592,synthetic://sih26103/PAI-00592,2026-04-30,synthetic_v1
SRC-00593,Synthetic monitoring record PAI-00593,synthetic://sih26103/PAI-00593,2026-04-30,synthetic_v1
SRC-00594,Synthetic monitoring record PAI-00594,synthetic://sih26103/PAI-00594,2026-04-30,synthetic_v1
SRC-00595,Synthetic monitoring record PAI-00595,synthetic://sih26103/PAI-00595,2026-04-30,synthetic_v1
SRC-00596,Synthetic monitoring record PAI-00596,synthetic://sih26103/PAI-00596,2026-04-30,synthetic_v1
SRC-00597,Synthetic monitoring record PAI-00597,synthetic://sih26103/PAI-00597,2026-04-30,synthetic_v1
SRC-00598,Synthetic monitoring record PAI-00598,synthetic://sih26103/PAI-00598,2026-04-30,synthetic_v1
SRC-00599,Synthetic monitoring record PAI-00599,synthetic://sih26103/PAI-00599,2026-04-30,synthetic_v1
SRC-00600,Synthetic monitoring record PAI-00600,synthetic://sih26103/PAI-00600,2026-04-30,synthetic_v1
SRC-00601,Synthetic monitoring record PAI-00601,synthetic://sih26103/PAI-00601,2026-04-30,synthetic_v1
SRC-00602,Synthetic monitoring record PAI-00602,synthetic://sih26103/PAI-00602,2026-04-30,synthetic_v1
SRC-00603,Synthetic monitoring record PAI-00603,synthetic://sih26103/PAI-00603,2026-04-30,synthetic_v1
SRC-00604,Synthetic monitoring record PAI-00604,synthetic://sih26103/PAI-00604,2026-04-30,synthetic_v1
SRC-00605,Synthetic monitoring record PAI-00605,synthetic://sih26103/PAI-00605,2026-04-30,synthetic_v1
SRC-00606,Synthetic monitoring record PAI-00606,synthetic://sih26103/PAI-00606,2026-04-30,synthetic_v1
SRC-00607,Synthetic monitoring record PAI-00607,synthetic://sih26103/PAI-00607,2026-04-30,synthetic_v1
SRC-00608,Synthetic monitoring record PAI-00608,synthetic://sih26103/PAI-00608,2026-04-30,synthetic_v1
SRC-00609,Synthetic monitoring record PAI-00609,synthetic://sih26103/PAI-00609,2026-04-30,synthetic_v1
SRC-00610,Synthetic monitoring record PAI-00610,synthetic://sih26103/PAI-00610,2026-04-30,synthetic_v1
SRC-00611,Synthetic monitoring record PAI-00611,synthetic://sih26103/PAI-00611,2026-04-30,synthetic_v1
SRC-00612,Synthetic monitoring record PAI-00612,synthetic://sih26103/PAI-00612,2026-04-30,synthetic_v1
SRC-00613,Synthetic monitoring record PAI-00613,synthetic://sih26103/PAI-00613,2026-04-30,synthetic_v1
SRC-00614,Synthetic monitoring record PAI-00614,synthetic://sih26103/PAI-00614,2026-04-30,synthetic_v1
SRC-00615,Synthetic monitoring record PAI-00615,synthetic://sih26103/PAI-00615,2026-04-30,synthetic_v1
SRC-00616,Synthetic monitoring record PAI-00616,synthetic://sih26103/PAI-00616,2026-04-30,synthetic_v1
SRC-00617,Synthetic monitoring record PAI-00617,synthetic://sih26103/PAI-00617,2026-04-30,synthetic_v1
SRC-00618,Synthetic monitoring record PAI-00618,synthetic://sih26103/PAI-00618,2026-04-30,synthetic_v1
SRC-00619,Synthetic monitoring record PAI-00619,synthetic://sih26103/PAI-00619,2026-04-30,synthetic_v1
SRC-00620,Synthetic monitoring record PAI-00620,synthetic://sih26103/PAI-00620,2026-04-30,synthetic_v1
SRC-00621,Synthetic monitoring record PAI-00621,synthetic://sih26103/PAI-00621,2026-04-30,synthetic_v1
SRC-00622,Synthetic monitoring record PAI-00622,synthetic://sih26103/PAI-00622,2026-04-30,synthetic_v1
SRC-00623,Synthetic monitoring record PAI-00623,synthetic://sih26103/PAI-00623,2026-04-30,synthetic_v1
SRC-00624,Synthetic monitoring record PAI-00624,synthetic://sih26103/PAI-00624,2026-04-30,synthetic_v1
SRC-00625,Synthetic monitoring record PAI-00625,synthetic://sih26103/PAI-00625,2026-04-30,synthetic_v1
SRC-00626,Synthetic monitoring record PAI-00626,synthetic://sih26103/PAI-00626,2026-04-30,synthetic_v1
SRC-00627,Synthetic monitoring record PAI-00627,synthetic://sih26103/PAI-00627,2026-04-30,synthetic_v1
SRC-00628,Synthetic monitoring record PAI-00628,synthetic://sih26103/PAI-00628,2026-04-30,synthetic_v1
SRC-00629,Synthetic monitoring record PAI-00629,synthetic://sih26103/PAI-00629,2026-04-30,synthetic_v1
SRC-00630,Synthetic monitoring record PAI-00630,synthetic://sih26103/PAI-00630,2026-04-30,synthetic_v1
SRC-00631,Synthetic monitoring record PAI-00631,synthetic://sih26103/PAI-00631,2026-04-30,synthetic_v1
SRC-00632,Synthetic monitoring record PAI-00632,synthetic://sih26103/PAI-00632,2026-04-30,synthetic_v1
SRC-00633,Synthetic monitoring record PAI-00633,synthetic://sih26103/PAI-00633,2026-04-30,synthetic_v1
SRC-00634,Synthetic monitoring record PAI-00634,synthetic://sih26103/PAI-00634,2026-04-30,synthetic_v1
SRC-00635,Synthetic monitoring record PAI-00635,synthetic://sih26103/PAI-00635,2026-04-30,synthetic_v1
SRC-00636,Synthetic monitoring record PAI-00636,synthetic://sih26103/PAI-00636,2026-04-30,synthetic_v1
SRC-00637,Synthetic monitoring record PAI-00637,synthetic://sih26103/PAI-00637,2026-04-30,synthetic_v1
SRC-00638,Synthetic monitoring record PAI-00638,synthetic://sih26103/PAI-00638,2026-04-30,synthetic_v1
SRC-00639,Synthetic monitoring record PAI-00639,synthetic://sih26103/PAI-00639,2026-04-30,synthetic_v1
SRC-00640,Synthetic monitoring record PAI-00640,synthetic://sih26103/PAI-00640,2026-04-30,synthetic_v1
SRC-00641,Synthetic monitoring record PAI-00641,synthetic://sih26103/PAI-00641,2026-04-30,synthetic_v1
SRC-00642,Synthetic monitoring record PAI-00642,synthetic://sih26103/PAI-00642,2026-04-30,synthetic_v1
SRC-00643,Synthetic monitoring record PAI-00643,synthetic://sih26103/PAI-00643,2026-04-30,synthetic_v1
SRC-00644,Synthetic monitoring record PAI-00644,synthetic://sih26103/PAI-00644,2026-04-30,synthetic_v1
SRC-00645,Synthetic monitoring record PAI-00645,synthetic://sih26103/PAI-00645,2026-04-30,synthetic_v1
SRC-00646,Synthetic monitoring record PAI-00646,synthetic://sih26103/PAI-00646,2026-04-30,synthetic_v1
SRC-00647,Synthetic monitoring record PAI-00647,synthetic://sih26103/PAI-00647,2026-04-30,synthetic_v1
SRC-00648,Synthetic monitoring record PAI-00648,synthetic://sih26103/PAI-00648,2026-04-30,synthetic_v1
SRC-00649,Synthetic monitoring record PAI-00649,synthetic://sih26103/PAI-00649,2026-04-30,synthetic_v1
SRC-00650,Synthetic monitoring record PAI-00650,synthetic://sih26103/PAI-00650,2026-04-30,synthetic_v1
SRC-00651,Synthetic monitoring record PAI-00651,synthetic://sih26103/PAI-00651,2026-04-30,synthetic_v1
SRC-00652,Synthetic monitoring record PAI-00652,synthetic://sih26103/PAI-00652,2026-04-30,synthetic_v1
SRC-00653,Synthetic monitoring record PAI-00653,synthetic://sih26103/PAI-00653,2026-04-30,synthetic_v1
SRC-00654,Synthetic monitoring record PAI-00654,synthetic://sih26103/PAI-00654,2026-04-30,synthetic_v1
SRC-00655,Synthetic monitoring record PAI-00655,synthetic://sih26103/PAI-00655,2026-04-30,synthetic_v1
SRC-00656,Synthetic monitoring record PAI-00656,synthetic://sih26103/PAI-00656,2026-04-30,synthetic_v1
SRC-00657,Synthetic monitoring record PAI-00657,synthetic://sih26103/PAI-00657,2026-04-30,synthetic_v1
SRC-00658,Synthetic monitoring record PAI-00658,synthetic://sih26103/PAI-00658,2026-04-30,synthetic_v1
SRC-00659,Synthetic monitoring record PAI-00659,synthetic://sih26103/PAI-00659,2026-04-30,synthetic_v1
SRC-00660,Synthetic monitoring record PAI-00660,synthetic://sih26103/PAI-00660,2026-04-30,synthetic_v1
SRC-00661,Synthetic monitoring record PAI-00661,synthetic://sih26103/PAI-00661,2026-04-30,synthetic_v1
SRC-00662,Synthetic monitoring record PAI-00662,synthetic://sih26103/PAI-00662,2026-04-30,synthetic_v1
SRC-00663,Synthetic monitoring record PAI-00663,synthetic://sih26103/PAI-00663,2026-04-30,synthetic_v1
SRC-00664,Synthetic monitoring record PAI-00664,synthetic://sih26103/PAI-00664,2026-04-30,synthetic_v1
SRC-00665,Synthetic monitoring record PAI-00665,synthetic://sih26103/PAI-00665,2026-04-30,synthetic_v1
SRC-00666,Synthetic monitoring record PAI-00666,synthetic://sih26103/PAI-00666,2026-04-30,synthetic_v1
SRC-00667,Synthetic monitoring record PAI-00667,synthetic://sih26103/PAI-00667,2026-04-30,synthetic_v1
SRC-00668,Synthetic monitoring record PAI-00668,synthetic://sih26103/PAI-00668,2026-04-30,synthetic_v1
SRC-00669,Synthetic monitoring record PAI-00669,synthetic://sih26103/PAI-00669,2026-04-30,synthetic_v1
SRC-00670,Synthetic monitoring record PAI-00670,synthetic://sih26103/PAI-00670,2026-04-30,synthetic_v1
SRC-00671,Synthetic monitoring record PAI-00671,synthetic://sih26103/PAI-00671,2026-04-30,synthetic_v1
SRC-00672,Synthetic monitoring record PAI-00672,synthetic://sih26103/PAI-00672,2026-04-30,synthetic_v1
SRC-00673,Synthetic monitoring record PAI-00673,synthetic://sih26103/PAI-00673,2026-04-30,synthetic_v1
SRC-00674,Synthetic monitoring record PAI-00674,synthetic://sih26103/PAI-00674,2026-04-30,synthetic_v1
SRC-00675,Synthetic monitoring record PAI-00675,synthetic://sih26103/PAI-00675,2026-04-30,synthetic_v1
SRC-00676,Synthetic monitoring record PAI-00676,synthetic://sih26103/PAI-00676,2026-04-30,synthetic_v1
SRC-00677,Synthetic monitoring record PAI-00677,synthetic://sih26103/PAI-00677,2026-04-30,synthetic_v1
SRC-00678,Synthetic monitoring record PAI-00678,synthetic://sih26103/PAI-00678,2026-04-30,synthetic_v1
SRC-00679,Synthetic monitoring record PAI-00679,synthetic://sih26103/PAI-00679,2026-04-30,synthetic_v1
SRC-00680,Synthetic monitoring record PAI-00680,synthetic://sih26103/PAI-00680,2026-04-30,synthetic_v1
SRC-00681,Synthetic monitoring record PAI-00681,synthetic://sih26103/PAI-00681,2026-04-30,synthetic_v1
SRC-00682,Synthetic monitoring record PAI-00682,synthetic://sih26103/PAI-00682,2026-04-30,synthetic_v1
SRC-00683,Synthetic monitoring record PAI-00683,synthetic://sih26103/PAI-00683,2026-04-30,synthetic_v1
SRC-00684,Synthetic monitoring record PAI-00684,synthetic://sih26103/PAI-00684,2026-04-30,synthetic_v1
SRC-00685,Synthetic monitoring record PAI-00685,synthetic://sih26103/PAI-00685,2026-04-30,synthetic_v1
SRC-00686,Synthetic monitoring record PAI-00686,synthetic://sih26103/PAI-00686,2026-04-30,synthetic_v1
SRC-00687,Synthetic monitoring record PAI-00687,synthetic://sih26103/PAI-00687,2026-04-30,synthetic_v1
SRC-00688,Synthetic monitoring record PAI-00688,synthetic://sih26103/PAI-00688,2026-04-30,synthetic_v1
SRC-00689,Synthetic monitoring record PAI-00689,synthetic://sih26103/PAI-00689,2026-04-30,synthetic_v1
SRC-00690,Synthetic monitoring record PAI-00690,synthetic://sih26103/PAI-00690,2026-04-30,synthetic_v1
SRC-00691,Synthetic monitoring record PAI-00691,synthetic://sih26103/PAI-00691,2026-04-30,synthetic_v1
SRC-00692,Synthetic monitoring record PAI-00692,synthetic://sih26103/PAI-00692,2026-04-30,synthetic_v1
SRC-00693,Synthetic monitoring record PAI-00693,synthetic://sih26103/PAI-00693,2026-04-30,synthetic_v1
SRC-00694,Synthetic monitoring record PAI-00694,synthetic://sih26103/PAI-00694,2026-04-30,synthetic_v1
SRC-00695,Synthetic monitoring record PAI-00695,synthetic://sih26103/PAI-00695,2026-04-30,synthetic_v1
SRC-00696,Synthetic monitoring record PAI-00696,synthetic://sih26103/PAI-00696,2026-04-30,synthetic_v1
SRC-00697,Synthetic monitoring record PAI-00697,synthetic://sih26103/PAI-00697,2026-04-30,synthetic_v1
SRC-00698,Synthetic monitoring record PAI-00698,synthetic://sih26103/PAI-00698,2026-04-30,synthetic_v1
SRC-00699,Synthetic monitoring record PAI-00699,synthetic://sih26103/PAI-00699,2026-04-30,synthetic_v1
SRC-00700,Synthetic monitoring record PAI-00700,synthetic://sih26103/PAI-00700,2026-04-30,synthetic_v1
SRC-00701,Synthetic monitoring record PAI-00701,synthetic://sih26103/PAI-00701,2026-04-30,synthetic_v1
SRC-00702,Synthetic monitoring record PAI-00702,synthetic://sih26103/PAI-00702,2026-04-30,synthetic_v1
SRC-00703,Synthetic monitoring record PAI-00703,synthetic://sih26103/PAI-00703,2026-04-30,synthetic_v1
SRC-00704,Synthetic monitoring record PAI-00704,synthetic://sih26103/PAI-00704,2026-04-30,synthetic_v1
SRC-00705,Synthetic monitoring record PAI-00705,synthetic://sih26103/PAI-00705,2026-04-30,synthetic_v1
SRC-00706,Synthetic monitoring record PAI-00706,synthetic://sih26103/PAI-00706,2026-04-30,synthetic_v1
SRC-00707,Synthetic monitoring record PAI-00707,synthetic://sih26103/PAI-00707,2026-04-30,synthetic_v1
SRC-00708,Synthetic monitoring record PAI-00708,synthetic://sih26103/PAI-00708,2026-04-30,synthetic_v1
SRC-00709,Synthetic monitoring record PAI-00709,synthetic://sih26103/PAI-00709,2026-04-30,synthetic_v1
SRC-00710,Synthetic monitoring record PAI-00710,synthetic://sih26103/PAI-00710,2026-04-30,synthetic_v1
SRC-00711,Synthetic monitoring record PAI-00711,synthetic://sih26103/PAI-00711,2026-04-30,synthetic_v1
SRC-00712,Synthetic monitoring record PAI-00712,synthetic://sih26103/PAI-00712,2026-04-30,synthetic_v1
SRC-00713,Synthetic monitoring record PAI-00713,synthetic://sih26103/PAI-00713,2026-04-30,synthetic_v1
SRC-00714,Synthetic monitoring record PAI-00714,synthetic://sih26103/PAI-00714,2026-04-30,synthetic_v1
SRC-00715,Synthetic monitoring record PAI-00715,synthetic://sih26103/PAI-00715,2026-04-30,synthetic_v1
SRC-00716,Synthetic monitoring record PAI-00716,synthetic://sih26103/PAI-00716,2026-04-30,synthetic_v1
SRC-00717,Synthetic monitoring record PAI-00717,synthetic://sih26103/PAI-00717,2026-04-30,synthetic_v1
SRC-00718,Synthetic monitoring record PAI-00718,synthetic://sih26103/PAI-00718,2026-04-30,synthetic_v1
SRC-00719,Synthetic monitoring record PAI-00719,synthetic://sih26103/PAI-00719,2026-04-30,synthetic_v1
SRC-00720,Synthetic monitoring record PAI-00720,synthetic://sih26103/PAI-00720,2026-04-30,synthetic_v1
SRC-00721,Synthetic monitoring record PAI-00721,synthetic://sih26103/PAI-00721,2026-04-30,synthetic_v1
SRC-00722,Synthetic monitoring record PAI-00722,synthetic://sih26103/PAI-00722,2026-04-30,synthetic_v1
SRC-00723,Synthetic monitoring record PAI-00723,synthetic://sih26103/PAI-00723,2026-04-30,synthetic_v1
SRC-00724,Synthetic monitoring record PAI-00724,synthetic://sih26103/PAI-00724,2026-04-30,synthetic_v1
SRC-00725,Synthetic monitoring record PAI-00725,synthetic://sih26103/PAI-00725,2026-04-30,synthetic_v1
SRC-00726,Synthetic monitoring record PAI-00726,synthetic://sih26103/PAI-00726,2026-04-30,synthetic_v1
SRC-00727,Synthetic monitoring record PAI-00727,synthetic://sih26103/PAI-00727,2026-04-30,synthetic_v1
SRC-00728,Synthetic monitoring record PAI-00728,synthetic://sih26103/PAI-00728,2026-04-30,synthetic_v1
SRC-00729,Synthetic monitoring record PAI-00729,synthetic://sih26103/PAI-00729,2026-04-30,synthetic_v1
SRC-00730,Synthetic monitoring record PAI-00730,synthetic://sih26103/PAI-00730,2026-04-30,synthetic_v1
SRC-00731,Synthetic monitoring record PAI-00731,synthetic://sih26103/PAI-00731,2026-04-30,synthetic_v1
SRC-00732,Synthetic monitoring record PAI-00732,synthetic://sih26103/PAI-00732,2026-04-30,synthetic_v1
SRC-00733,Synthetic monitoring record PAI-00733,synthetic://sih26103/PAI-00733,2026-04-30,synthetic_v1
SRC-00734,Synthetic monitoring record PAI-00734,synthetic://sih26103/PAI-00734,2026-04-30,synthetic_v1
SRC-00735,Synthetic monitoring record PAI-00735,synthetic://sih26103/PAI-00735,2026-04-30,synthetic_v1
SRC-00736,Synthetic monitoring record PAI-00736,synthetic://sih26103/PAI-00736,2026-04-30,synthetic_v1
SRC-00737,Synthetic monitoring record PAI-00737,synthetic://sih26103/PAI-00737,2026-04-30,synthetic_v1
SRC-00738,Synthetic monitoring record PAI-00738,synthetic://sih26103/PAI-00738,2026-04-30,synthetic_v1
SRC-00739,Synthetic monitoring record PAI-00739,synthetic://sih26103/PAI-00739,2026-04-30,synthetic_v1
SRC-00740,Synthetic monitoring record PAI-00740,synthetic://sih26103/PAI-00740,2026-04-30,synthetic_v1
SRC-00741,Synthetic monitoring record PAI-00741,synthetic://sih26103/PAI-00741,2026-04-30,synthetic_v1
SRC-00742,Synthetic monitoring record PAI-00742,synthetic://sih26103/PAI-00742,2026-04-30,synthetic_v1
SRC-00743,Synthetic monitoring record PAI-00743,synthetic://sih26103/PAI-00743,2026-04-30,synthetic_v1
SRC-00744,Synthetic monitoring record PAI-00744,synthetic://sih26103/PAI-00744,2026-04-30,synthetic_v1
SRC-00745,Synthetic monitoring record PAI-00745,synthetic://sih26103/PAI-00745,2026-04-30,synthetic_v1
SRC-00746,Synthetic monitoring record PAI-00746,synthetic://sih26103/PAI-00746,2026-04-30,synthetic_v1
SRC-00747,Synthetic monitoring record PAI-00747,synthetic://sih26103/PAI-00747,2026-04-30,synthetic_v1
SRC-00748,Synthetic monitoring record PAI-00748,synthetic://sih26103/PAI-00748,2026-04-30,synthetic_v1
SRC-00749,Synthetic monitoring record PAI-00749,synthetic://sih26103/PAI-00749,2026-04-30,synthetic_v1
SRC-00750,Synthetic monitoring record PAI-00750,synthetic://sih26103/PAI-00750,2026-04-30,synthetic_v1
SRC-00751,Synthetic monitoring record PAI-00751,synthetic://sih26103/PAI-00751,2026-04-30,synthetic_v1
SRC-00752,Synthetic monitoring record PAI-00752,synthetic://sih26103/PAI-00752,2026-04-30,synthetic_v1
SRC-00753,Synthetic monitoring record PAI-00753,synthetic://sih26103/PAI-00753,2026-04-30,synthetic_v1
SRC-00754,Synthetic monitoring record PAI-00754,synthetic://sih26103/PAI-00754,2026-04-30,synthetic_v1
SRC-00755,Synthetic monitoring record PAI-00755,synthetic://sih26103/PAI-00755,2026-04-30,synthetic_v1
SRC-00756,Synthetic monitoring record PAI-00756,synthetic://sih26103/PAI-00756,2026-04-30,synthetic_v1
SRC-00757,Synthetic monitoring record PAI-00757,synthetic://sih26103/PAI-00757,2026-04-30,synthetic_v1
SRC-00758,Synthetic monitoring record PAI-00758,synthetic://sih26103/PAI-00758,2026-04-30,synthetic_v1
SRC-00759,Synthetic monitoring record PAI-00759,synthetic://sih26103/PAI-00759,2026-04-30,synthetic_v1
SRC-00760,Synthetic monitoring record PAI-00760,synthetic://sih26103/PAI-00760,2026-04-30,synthetic_v1
SRC-00761,Synthetic monitoring record PAI-00761,synthetic://sih26103/PAI-00761,2026-04-30,synthetic_v1
SRC-00762,Synthetic monitoring record PAI-00762,synthetic://sih26103/PAI-00762,2026-04-30,synthetic_v1
SRC-00763,Synthetic monitoring record PAI-00763,synthetic://sih26103/PAI-00763,2026-04-30,synthetic_v1
SRC-00764,Synthetic monitoring record PAI-00764,synthetic://sih26103/PAI-00764,2026-04-30,synthetic_v1
SRC-00765,Synthetic monitoring record PAI-00765,synthetic://sih26103/PAI-00765,2026-04-30,synthetic_v1
SRC-00766,Synthetic monitoring record PAI-00766,synthetic://sih26103/PAI-00766,2026-04-30,synthetic_v1
SRC-00767,Synthetic monitoring record PAI-00767,synthetic://sih26103/PAI-00767,2026-04-30,synthetic_v1
SRC-00768,Synthetic monitoring record PAI-00768,synthetic://sih26103/PAI-00768,2026-04-30,synthetic_v1
SRC-00769,Synthetic monitoring record PAI-00769,synthetic://sih26103/PAI-00769,2026-04-30,synthetic_v1
SRC-00770,Synthetic monitoring record PAI-00770,synthetic://sih26103/PAI-00770,2026-04-30,synthetic_v1
SRC-00771,Synthetic monitoring record PAI-00771,synthetic://sih26103/PAI-00771,2026-04-30,synthetic_v1
SRC-00772,Synthetic monitoring record PAI-00772,synthetic://sih26103/PAI-00772,2026-04-30,synthetic_v1
SRC-00773,Synthetic monitoring record PAI-00773,synthetic://sih26103/PAI-00773,2026-04-30,synthetic_v1
SRC-00774,Synthetic monitoring record PAI-00774,synthetic://sih26103/PAI-00774,2026-04-30,synthetic_v1
SRC-00775,Synthetic monitoring record PAI-00775,synthetic://sih26103/PAI-00775,2026-04-30,synthetic_v1
SRC-00776,Synthetic monitoring record PAI-00776,synthetic://sih26103/PAI-00776,2026-04-30,synthetic_v1
SRC-00777,Synthetic monitoring record PAI-00777,synthetic://sih26103/PAI-00777,2026-04-30,synthetic_v1
SRC-00778,Synthetic monitoring record PAI-00778,synthetic://sih26103/PAI-00778,2026-04-30,synthetic_v1
SRC-00779,Synthetic monitoring record PAI-00779,synthetic://sih26103/PAI-00779,2026-04-30,synthetic_v1
SRC-00780,Synthetic monitoring record PAI-00780,synthetic://sih26103/PAI-00780,2026-04-30,synthetic_v1
SRC-00781,Synthetic monitoring record PAI-00781,synthetic://sih26103/PAI-00781,2026-04-30,synthetic_v1
SRC-00782,Synthetic monitoring record PAI-00782,synthetic://sih26103/PAI-00782,2026-04-30,synthetic_v1
SRC-00783,Synthetic monitoring record PAI-00783,synthetic://sih26103/PAI-00783,2026-04-30,synthetic_v1
SRC-00784,Synthetic monitoring record PAI-00784,synthetic://sih26103/PAI-00784,2026-04-30,synthetic_v1
SRC-00785,Synthetic monitoring record PAI-00785,synthetic://sih26103/PAI-00785,2026-04-30,synthetic_v1
SRC-00786,Synthetic monitoring record PAI-00786,synthetic://sih26103/PAI-00786,2026-04-30,synthetic_v1
SRC-00787,Synthetic monitoring record PAI-00787,synthetic://sih26103/PAI-00787,2026-04-30,synthetic_v1
SRC-00788,Synthetic monitoring record PAI-00788,synthetic://sih26103/PAI-00788,2026-04-30,synthetic_v1
SRC-00789,Synthetic monitoring record PAI-00789,synthetic://sih26103/PAI-00789,2026-04-30,synthetic_v1
SRC-00790,Synthetic monitoring record PAI-00790,synthetic://sih26103/PAI-00790,2026-04-30,synthetic_v1
SRC-00791,Synthetic monitoring record PAI-00791,synthetic://sih26103/PAI-00791,2026-04-30,synthetic_v1
SRC-00792,Synthetic monitoring record PAI-00792,synthetic://sih26103/PAI-00792,2026-04-30,synthetic_v1
SRC-00793,Synthetic monitoring record PAI-00793,synthetic://sih26103/PAI-00793,2026-04-30,synthetic_v1
SRC-00794,Synthetic monitoring record PAI-00794,synthetic://sih26103/PAI-00794,2026-04-30,synthetic_v1
SRC-00795,Synthetic monitoring record PAI-00795,synthetic://sih26103/PAI-00795,2026-04-30,synthetic_v1
SRC-00796,Synthetic monitoring record PAI-00796,synthetic://sih26103/PAI-00796,2026-04-30,synthetic_v1
SRC-00797,Synthetic monitoring record PAI-00797,synthetic://sih26103/PAI-00797,2026-04-30,synthetic_v1
SRC-00798,Synthetic monitoring record PAI-00798,synthetic://sih26103/PAI-00798,2026-04-30,synthetic_v1
SRC-00799,Synthetic monitoring record PAI-00799,synthetic://sih26103/PAI-00799,2026-04-30,synthetic_v1
SRC-00800,Synthetic monitoring record PAI-00800,synthetic://sih26103/PAI-00800,2026-04-30,synthetic_v1
SRC-00801,Synthetic monitoring record PAI-00801,synthetic://sih26103/PAI-00801,2026-04-30,synthetic_v1
SRC-00802,Synthetic monitoring record PAI-00802,synthetic://sih26103/PAI-00802,2026-04-30,synthetic_v1
SRC-00803,Synthetic monitoring record PAI-00803,synthetic://sih26103/PAI-00803,2026-04-30,synthetic_v1
SRC-00804,Synthetic monitoring record PAI-00804,synthetic://sih26103/PAI-00804,2026-04-30,synthetic_v1
SRC-00805,Synthetic monitoring record PAI-00805,synthetic://sih26103/PAI-00805,2026-04-30,synthetic_v1
SRC-00806,Synthetic monitoring record PAI-00806,synthetic://sih26103/PAI-00806,2026-04-30,synthetic_v1
SRC-00807,Synthetic monitoring record PAI-00807,synthetic://sih26103/PAI-00807,2026-04-30,synthetic_v1
SRC-00808,Synthetic monitoring record PAI-00808,synthetic://sih26103/PAI-00808,2026-04-30,synthetic_v1
SRC-00809,Synthetic monitoring record PAI-00809,synthetic://sih26103/PAI-00809,2026-04-30,synthetic_v1
SRC-00810,Synthetic monitoring record PAI-00810,synthetic://sih26103/PAI-00810,2026-04-30,synthetic_v1
SRC-00811,Synthetic monitoring record PAI-00811,synthetic://sih26103/PAI-00811,2026-04-30,synthetic_v1
SRC-00812,Synthetic monitoring record PAI-00812,synthetic://sih26103/PAI-00812,2026-04-30,synthetic_v1
SRC-00813,Synthetic monitoring record PAI-00813,synthetic://sih26103/PAI-00813,2026-04-30,synthetic_v1
SRC-00814,Synthetic monitoring record PAI-00814,synthetic://sih26103/PAI-00814,2026-04-30,synthetic_v1
SRC-00815,Synthetic monitoring record PAI-00815,synthetic://sih26103/PAI-00815,2026-04-30,synthetic_v1
SRC-00816,Synthetic monitoring record PAI-00816,synthetic://sih26103/PAI-00816,2026-04-30,synthetic_v1
SRC-00817,Synthetic monitoring record PAI-00817,synthetic://sih26103/PAI-00817,2026-04-30,synthetic_v1
SRC-00818,Synthetic monitoring record PAI-00818,synthetic://sih26103/PAI-00818,2026-04-30,synthetic_v1
SRC-00819,Synthetic monitoring record PAI-00819,synthetic://sih26103/PAI-00819,2026-04-30,synthetic_v1
SRC-00820,Synthetic monitoring record PAI-00820,synthetic://sih26103/PAI-00820,2026-04-30,synthetic_v1
SRC-00821,Synthetic monitoring record PAI-00821,synthetic://sih26103/PAI-00821,2026-04-30,synthetic_v1
SRC-00822,Synthetic monitoring record PAI-00822,synthetic://sih26103/PAI-00822,2026-04-30,synthetic_v1
SRC-00823,Synthetic monitoring record PAI-00823,synthetic://sih26103/PAI-00823,2026-04-30,synthetic_v1
SRC-00824,Synthetic monitoring record PAI-00824,synthetic://sih26103/PAI-00824,2026-04-30,synthetic_v1
SRC-00825,Synthetic monitoring record PAI-00825,synthetic://sih26103/PAI-00825,2026-04-30,synthetic_v1
SRC-00826,Synthetic monitoring record PAI-00826,synthetic://sih26103/PAI-00826,2026-04-30,synthetic_v1
SRC-00827,Synthetic monitoring record PAI-00827,synthetic://sih26103/PAI-00827,2026-04-30,synthetic_v1
SRC-00828,Synthetic monitoring record PAI-00828,synthetic://sih26103/PAI-00828,2026-04-30,synthetic_v1
SRC-00829,Synthetic monitoring record PAI-00829,synthetic://sih26103/PAI-00829,2026-04-30,synthetic_v1
SRC-00830,Synthetic monitoring record PAI-00830,synthetic://sih26103/PAI-00830,2026-04-30,synthetic_v1
SRC-00831,Synthetic monitoring record PAI-00831,synthetic://sih26103/PAI-00831,2026-04-30,synthetic_v1
SRC-00832,Synthetic monitoring record PAI-00832,synthetic://sih26103/PAI-00832,2026-04-30,synthetic_v1
SRC-00833,Synthetic monitoring record PAI-00833,synthetic://sih26103/PAI-00833,2026-04-30,synthetic_v1
SRC-00834,Synthetic monitoring record PAI-00834,synthetic://sih26103/PAI-00834,2026-04-30,synthetic_v1
SRC-00835,Synthetic monitoring record PAI-00835,synthetic://sih26103/PAI-00835,2026-04-30,synthetic_v1
SRC-00836,Synthetic monitoring record PAI-00836,synthetic://sih26103/PAI-00836,2026-04-30,synthetic_v1
SRC-00837,Synthetic monitoring record PAI-00837,synthetic://sih26103/PAI-00837,2026-04-30,synthetic_v1
SRC-00838,Synthetic monitoring record PAI-00838,synthetic://sih26103/PAI-00838,2026-04-30,synthetic_v1
SRC-00839,Synthetic monitoring record PAI-00839,synthetic://sih26103/PAI-00839,2026-04-30,synthetic_v1
SRC-00840,Synthetic monitoring record PAI-00840,synthetic://sih26103/PAI-00840,2026-04-30,synthetic_v1
SRC-00841,Synthetic monitoring record PAI-00841,synthetic://sih26103/PAI-00841,2026-04-30,synthetic_v1
SRC-00842,Synthetic monitoring record PAI-00842,synthetic://sih26103/PAI-00842,2026-04-30,synthetic_v1
SRC-00843,Synthetic monitoring record PAI-00843,synthetic://sih26103/PAI-00843,2026-04-30,synthetic_v1
SRC-00844,Synthetic monitoring record PAI-00844,synthetic://sih26103/PAI-00844,2026-04-30,synthetic_v1
SRC-00845,Synthetic monitoring record PAI-00845,synthetic://sih26103/PAI-00845,2026-04-30,synthetic_v1
SRC-00846,Synthetic monitoring record PAI-00846,synthetic://sih26103/PAI-00846,2026-04-30,synthetic_v1
SRC-00847,Synthetic monitoring record PAI-00847,synthetic://sih26103/PAI-00847,2026-04-30,synthetic_v1
SRC-00848,Synthetic monitoring record PAI-00848,synthetic://sih26103/PAI-00848,2026-04-30,synthetic_v1
SRC-00849,Synthetic monitoring record PAI-00849,synthetic://sih26103/PAI-00849,2026-04-30,synthetic_v1
SRC-00850,Synthetic monitoring record PAI-00850,synthetic://sih26103/PAI-00850,2026-04-30,synthetic_v1
SRC-00851,Synthetic monitoring record PAI-00851,synthetic://sih26103/PAI-00851,2026-04-30,synthetic_v1
SRC-00852,Synthetic monitoring record PAI-00852,synthetic://sih26103/PAI-00852,2026-04-30,synthetic_v1
SRC-00853,Synthetic monitoring record PAI-00853,synthetic://sih26103/PAI-00853,2026-04-30,synthetic_v1
SRC-00854,Synthetic monitoring record PAI-00854,synthetic://sih26103/PAI-00854,2026-04-30,synthetic_v1
SRC-00855,Synthetic monitoring record PAI-00855,synthetic://sih26103/PAI-00855,2026-04-30,synthetic_v1
SRC-00856,Synthetic monitoring record PAI-00856,synthetic://sih26103/PAI-00856,2026-04-30,synthetic_v1
SRC-00857,Synthetic monitoring record PAI-00857,synthetic://sih26103/PAI-00857,2026-04-30,synthetic_v1
SRC-00858,Synthetic monitoring record PAI-00858,synthetic://sih26103/PAI-00858,2026-04-30,synthetic_v1
SRC-00859,Synthetic monitoring record PAI-00859,synthetic://sih26103/PAI-00859,2026-04-30,synthetic_v1
SRC-00860,Synthetic monitoring record PAI-00860,synthetic://sih26103/PAI-00860,2026-04-30,synthetic_v1
SRC-00861,Synthetic monitoring record PAI-00861,synthetic://sih26103/PAI-00861,2026-04-30,synthetic_v1
SRC-00862,Synthetic monitoring record PAI-00862,synthetic://sih26103/PAI-00862,2026-04-30,synthetic_v1
SRC-00863,Synthetic monitoring record PAI-00863,synthetic://sih26103/PAI-00863,2026-04-30,synthetic_v1
SRC-00864,Synthetic monitoring record PAI-00864,synthetic://sih26103/PAI-00864,2026-04-30,synthetic_v1
SRC-00865,Synthetic monitoring record PAI-00865,synthetic://sih26103/PAI-00865,2026-04-30,synthetic_v1
SRC-00866,Synthetic monitoring record PAI-00866,synthetic://sih26103/PAI-00866,2026-04-30,synthetic_v1
SRC-00867,Synthetic monitoring record PAI-00867,synthetic://sih26103/PAI-00867,2026-04-30,synthetic_v1
SRC-00868,Synthetic monitoring record PAI-00868,synthetic://sih26103/PAI-00868,2026-04-30,synthetic_v1
SRC-00869,Synthetic monitoring record PAI-00869,synthetic://sih26103/PAI-00869,2026-04-30,synthetic_v1
SRC-00870,Synthetic monitoring record PAI-00870,synthetic://sih26103/PAI-00870,2026-04-30,synthetic_v1
SRC-00871,Synthetic monitoring record PAI-00871,synthetic://sih26103/PAI-00871,2026-04-30,synthetic_v1
SRC-00872,Synthetic monitoring record PAI-00872,synthetic://sih26103/PAI-00872,2026-04-30,synthetic_v1
SRC-00873,Synthetic monitoring record PAI-00873,synthetic://sih26103/PAI-00873,2026-04-30,synthetic_v1
SRC-00874,Synthetic monitoring record PAI-00874,synthetic://sih26103/PAI-00874,2026-04-30,synthetic_v1
SRC-00875,Synthetic monitoring record PAI-00875,synthetic://sih26103/PAI-00875,2026-04-30,synthetic_v1
SRC-00876,Synthetic monitoring record PAI-00876,synthetic://sih26103/PAI-00876,2026-04-30,synthetic_v1
SRC-00877,Synthetic monitoring record PAI-00877,synthetic://sih26103/PAI-00877,2026-04-30,synthetic_v1
SRC-00878,Synthetic monitoring record PAI-00878,synthetic://sih26103/PAI-00878,2026-04-30,synthetic_v1
SRC-00879,Synthetic monitoring record PAI-00879,synthetic://sih26103/PAI-00879,2026-04-30,synthetic_v1
SRC-00880,Synthetic monitoring record PAI-00880,synthetic://sih26103/PAI-00880,2026-04-30,synthetic_v1
SRC-00881,Synthetic monitoring record PAI-00881,synthetic://sih26103/PAI-00881,2026-04-30,synthetic_v1
SRC-00882,Synthetic monitoring record PAI-00882,synthetic://sih26103/PAI-00882,2026-04-30,synthetic_v1
SRC-00883,Synthetic monitoring record PAI-00883,synthetic://sih26103/PAI-00883,2026-04-30,synthetic_v1
SRC-00884,Synthetic monitoring record PAI-00884,synthetic://sih26103/PAI-00884,2026-04-30,synthetic_v1
SRC-00885,Synthetic monitoring record PAI-00885,synthetic://sih26103/PAI-00885,2026-04-30,synthetic_v1
SRC-00886,Synthetic monitoring record PAI-00886,synthetic://sih26103/PAI-00886,2026-04-30,synthetic_v1
SRC-00887,Synthetic monitoring record PAI-00887,synthetic://sih26103/PAI-00887,2026-04-30,synthetic_v1
SRC-00888,Synthetic monitoring record PAI-00888,synthetic://sih26103/PAI-00888,2026-04-30,synthetic_v1
SRC-00889,Synthetic monitoring record PAI-00889,synthetic://sih26103/PAI-00889,2026-04-30,synthetic_v1
SRC-00890,Synthetic monitoring record PAI-00890,synthetic://sih26103/PAI-00890,2026-04-30,synthetic_v1
SRC-00891,Synthetic monitoring record PAI-00891,synthetic://sih26103/PAI-00891,2026-04-30,synthetic_v1
SRC-00892,Synthetic monitoring record PAI-00892,synthetic://sih26103/PAI-00892,2026-04-30,synthetic_v1
SRC-00893,Synthetic monitoring record PAI-00893,synthetic://sih26103/PAI-00893,2026-04-30,synthetic_v1
SRC-00894,Synthetic monitoring record PAI-00894,synthetic://sih26103/PAI-00894,2026-04-30,synthetic_v1
SRC-00895,Synthetic monitoring record PAI-00895,synthetic://sih26103/PAI-00895,2026-04-30,synthetic_v1
SRC-00896,Synthetic monitoring record PAI-00896,synthetic://sih26103/PAI-00896,2026-04-30,synthetic_v1
SRC-00897,Synthetic monitoring record PAI-00897,synthetic://sih26103/PAI-00897,2026-04-30,synthetic_v1
SRC-00898,Synthetic monitoring record PAI-00898,synthetic://sih26103/PAI-00898,2026-04-30,synthetic_v1
SRC-00899,Synthetic monitoring record PAI-00899,synthetic://sih26103/PAI-00899,2026-04-30,synthetic_v1
SRC-00900,Synthetic monitoring record PAI-00900,synthetic://sih26103/PAI-00900,2026-04-30,synthetic_v1
SRC-00901,Synthetic monitoring record PAI-00901,synthetic://sih26103/PAI-00901,2026-04-30,synthetic_v1
SRC-00902,Synthetic monitoring record PAI-00902,synthetic://sih26103/PAI-00902,2026-04-30,synthetic_v1
SRC-00903,Synthetic monitoring record PAI-00903,synthetic://sih26103/PAI-00903,2026-04-30,synthetic_v1
SRC-00904,Synthetic monitoring record PAI-00904,synthetic://sih26103/PAI-00904,2026-04-30,synthetic_v1
SRC-00905,Synthetic monitoring record PAI-00905,synthetic://sih26103/PAI-00905,2026-04-30,synthetic_v1
SRC-00906,Synthetic monitoring record PAI-00906,synthetic://sih26103/PAI-00906,2026-04-30,synthetic_v1
SRC-00907,Synthetic monitoring record PAI-00907,synthetic://sih26103/PAI-00907,2026-04-30,synthetic_v1
SRC-00908,Synthetic monitoring record PAI-00908,synthetic://sih26103/PAI-00908,2026-04-30,synthetic_v1
SRC-00909,Synthetic monitoring record PAI-00909,synthetic://sih26103/PAI-00909,2026-04-30,synthetic_v1
SRC-00910,Synthetic monitoring record PAI-00910,synthetic://sih26103/PAI-00910,2026-04-30,synthetic_v1
SRC-00911,Synthetic monitoring record PAI-00911,synthetic://sih26103/PAI-00911,2026-04-30,synthetic_v1
SRC-00912,Synthetic monitoring record PAI-00912,synthetic://sih26103/PAI-00912,2026-04-30,synthetic_v1
SRC-00913,Synthetic monitoring record PAI-00913,synthetic://sih26103/PAI-00913,2026-04-30,synthetic_v1
SRC-00914,Synthetic monitoring record PAI-00914,synthetic://sih26103/PAI-00914,2026-04-30,synthetic_v1
SRC-00915,Synthetic monitoring record PAI-00915,synthetic://sih26103/PAI-00915,2026-04-30,synthetic_v1
SRC-00916,Synthetic monitoring record PAI-00916,synthetic://sih26103/PAI-00916,2026-04-30,synthetic_v1
SRC-00917,Synthetic monitoring record PAI-00917,synthetic://sih26103/PAI-00917,2026-04-30,synthetic_v1
SRC-00918,Synthetic monitoring record PAI-00918,synthetic://sih26103/PAI-00918,2026-04-30,synthetic_v1
SRC-00919,Synthetic monitoring record PAI-00919,synthetic://sih26103/PAI-00919,2026-04-30,synthetic_v1
SRC-00920,Synthetic monitoring record PAI-00920,synthetic://sih26103/PAI-00920,2026-04-30,synthetic_v1
SRC-00921,Synthetic monitoring record PAI-00921,synthetic://sih26103/PAI-00921,2026-04-30,synthetic_v1
SRC-00922,Synthetic monitoring record PAI-00922,synthetic://sih26103/PAI-00922,2026-04-30,synthetic_v1
SRC-00923,Synthetic monitoring record PAI-00923,synthetic://sih26103/PAI-00923,2026-04-30,synthetic_v1
SRC-00924,Synthetic monitoring record PAI-00924,synthetic://sih26103/PAI-00924,2026-04-30,synthetic_v1
SRC-00925,Synthetic monitoring record PAI-00925,synthetic://sih26103/PAI-00925,2026-04-30,synthetic_v1
SRC-00926,Synthetic monitoring record PAI-00926,synthetic://sih26103/PAI-00926,2026-04-30,synthetic_v1
SRC-00927,Synthetic monitoring record PAI-00927,synthetic://sih26103/PAI-00927,2026-04-30,synthetic_v1
SRC-00928,Synthetic monitoring record PAI-00928,synthetic://sih26103/PAI-00928,2026-04-30,synthetic_v1
SRC-00929,Synthetic monitoring record PAI-00929,synthetic://sih26103/PAI-00929,2026-04-30,synthetic_v1
SRC-00930,Synthetic monitoring record PAI-00930,synthetic://sih26103/PAI-00930,2026-04-30,synthetic_v1
SRC-00931,Synthetic monitoring record PAI-00931,synthetic://sih26103/PAI-00931,2026-04-30,synthetic_v1
SRC-00932,Synthetic monitoring record PAI-00932,synthetic://sih26103/PAI-00932,2026-04-30,synthetic_v1
SRC-00933,Synthetic monitoring record PAI-00933,synthetic://sih26103/PAI-00933,2026-04-30,synthetic_v1
SRC-00934,Synthetic monitoring record PAI-00934,synthetic://sih26103/PAI-00934,2026-04-30,synthetic_v1
SRC-00935,Synthetic monitoring record PAI-00935,synthetic://sih26103/PAI-00935,2026-04-30,synthetic_v1
SRC-00936,Synthetic monitoring record PAI-00936,synthetic://sih26103/PAI-00936,2026-04-30,synthetic_v1
SRC-00937,Synthetic monitoring record PAI-00937,synthetic://sih26103/PAI-00937,2026-04-30,synthetic_v1
SRC-00938,Synthetic monitoring record PAI-00938,synthetic://sih26103/PAI-00938,2026-04-30,synthetic_v1
SRC-00939,Synthetic monitoring record PAI-00939,synthetic://sih26103/PAI-00939,2026-04-30,synthetic_v1
SRC-00940,Synthetic monitoring record PAI-00940,synthetic://sih26103/PAI-00940,2026-04-30,synthetic_v1
SRC-00941,Synthetic monitoring record PAI-00941,synthetic://sih26103/PAI-00941,2026-04-30,synthetic_v1
SRC-00942,Synthetic monitoring record PAI-00942,synthetic://sih26103/PAI-00942,2026-04-30,synthetic_v1
SRC-00943,Synthetic monitoring record PAI-00943,synthetic://sih26103/PAI-00943,2026-04-30,synthetic_v1
SRC-00944,Synthetic monitoring record PAI-00944,synthetic://sih26103/PAI-00944,2026-04-30,synthetic_v1
SRC-00945,Synthetic monitoring record PAI-00945,synthetic://sih26103/PAI-00945,2026-04-30,synthetic_v1
SRC-00946,Synthetic monitoring record PAI-00946,synthetic://sih26103/PAI-00946,2026-04-30,synthetic_v1
SRC-00947,Synthetic monitoring record PAI-00947,synthetic://sih26103/PAI-00947,2026-04-30,synthetic_v1
SRC-00948,Synthetic monitoring record PAI-00948,synthetic://sih26103/PAI-00948,2026-04-30,synthetic_v1
SRC-00949,Synthetic monitoring record PAI-00949,synthetic://sih26103/PAI-00949,2026-04-30,synthetic_v1
SRC-00950,Synthetic monitoring record PAI-00950,synthetic://sih26103/PAI-00950,2026-04-30,synthetic_v1
SRC-00951,Synthetic monitoring record PAI-00951,synthetic://sih26103/PAI-00951,2026-04-30,synthetic_v1
SRC-00952,Synthetic monitoring record PAI-00952,synthetic://sih26103/PAI-00952,2026-04-30,synthetic_v1
SRC-00953,Synthetic monitoring record PAI-00953,synthetic://sih26103/PAI-00953,2026-04-30,synthetic_v1
SRC-00954,Synthetic monitoring record PAI-00954,synthetic://sih26103/PAI-00954,2026-04-30,synthetic_v1
SRC-00955,Synthetic monitoring record PAI-00955,synthetic://sih26103/PAI-00955,2026-04-30,synthetic_v1
SRC-00956,Synthetic monitoring record PAI-00956,synthetic://sih26103/PAI-00956,2026-04-30,synthetic_v1
SRC-00957,Synthetic monitoring record PAI-00957,synthetic://sih26103/PAI-00957,2026-04-30,synthetic_v1
SRC-00958,Synthetic monitoring record PAI-00958,synthetic://sih26103/PAI-00958,2026-04-30,synthetic_v1
SRC-00959,Synthetic monitoring record PAI-00959,synthetic://sih26103/PAI-00959,2026-04-30,synthetic_v1
SRC-00960,Synthetic monitoring record PAI-00960,synthetic://sih26103/PAI-00960,2026-04-30,synthetic_v1
SRC-00961,Synthetic monitoring record PAI-00961,synthetic://sih26103/PAI-00961,2026-04-30,synthetic_v1
SRC-00962,Synthetic monitoring record PAI-00962,synthetic://sih26103/PAI-00962,2026-04-30,synthetic_v1
SRC-00963,Synthetic monitoring record PAI-00963,synthetic://sih26103/PAI-00963,2026-04-30,synthetic_v1
SRC-00964,Synthetic monitoring record PAI-00964,synthetic://sih26103/PAI-00964,2026-04-30,synthetic_v1
SRC-00965,Synthetic monitoring record PAI-00965,synthetic://sih26103/PAI-00965,2026-04-30,synthetic_v1
SRC-00966,Synthetic monitoring record PAI-00966,synthetic://sih26103/PAI-00966,2026-04-30,synthetic_v1
SRC-00967,Synthetic monitoring record PAI-00967,synthetic://sih26103/PAI-00967,2026-04-30,synthetic_v1
SRC-00968,Synthetic monitoring record PAI-00968,synthetic://sih26103/PAI-00968,2026-04-30,synthetic_v1
SRC-00969,Synthetic monitoring record PAI-00969,synthetic://sih26103/PAI-00969,2026-04-30,synthetic_v1
SRC-00970,Synthetic monitoring record PAI-00970,synthetic://sih26103/PAI-00970,2026-04-30,synthetic_v1
SRC-00971,Synthetic monitoring record PAI-00971,synthetic://sih26103/PAI-00971,2026-04-30,synthetic_v1
SRC-00972,Synthetic monitoring record PAI-00972,synthetic://sih26103/PAI-00972,2026-04-30,synthetic_v1
SRC-00973,Synthetic monitoring record PAI-00973,synthetic://sih26103/PAI-00973,2026-04-30,synthetic_v1
SRC-00974,Synthetic monitoring record PAI-00974,synthetic://sih26103/PAI-00974,2026-04-30,synthetic_v1
SRC-00975,Synthetic monitoring record PAI-00975,synthetic://sih26103/PAI-00975,2026-04-30,synthetic_v1
SRC-00976,Synthetic monitoring record PAI-00976,synthetic://sih26103/PAI-00976,2026-04-30,synthetic_v1
SRC-00977,Synthetic monitoring record PAI-00977,synthetic://sih26103/PAI-00977,2026-04-30,synthetic_v1
SRC-00978,Synthetic monitoring record PAI-00978,synthetic://sih26103/PAI-00978,2026-04-30,synthetic_v1
SRC-00979,Synthetic monitoring record PAI-00979,synthetic://sih26103/PAI-00979,2026-04-30,synthetic_v1
SRC-00980,Synthetic monitoring record PAI-00980,synthetic://sih26103/PAI-00980,2026-04-30,synthetic_v1
SRC-00981,Synthetic monitoring record PAI-00981,synthetic://sih26103/PAI-00981,2026-04-30,synthetic_v1
SRC-00982,Synthetic monitoring record PAI-00982,synthetic://sih26103/PAI-00982,2026-04-30,synthetic_v1
SRC-00983,Synthetic monitoring record PAI-00983,synthetic://sih26103/PAI-00983,2026-04-30,synthetic_v1
SRC-00984,Synthetic monitoring record PAI-00984,synthetic://sih26103/PAI-00984,2026-04-30,synthetic_v1
SRC-00985,Synthetic monitoring record PAI-00985,synthetic://sih26103/PAI-00985,2026-04-30,synthetic_v1
SRC-00986,Synthetic monitoring record PAI-00986,synthetic://sih26103/PAI-00986,2026-04-30,synthetic_v1
SRC-00987,Synthetic monitoring record PAI-00987,synthetic://sih26103/PAI-00987,2026-04-30,synthetic_v1
SRC-00988,Synthetic monitoring record PAI-00988,synthetic://sih26103/PAI-00988,2026-04-30,synthetic_v1
SRC-00989,Synthetic monitoring record PAI-00989,synthetic://sih26103/PAI-00989,2026-04-30,synthetic_v1
SRC-00990,Synthetic monitoring record PAI-00990,synthetic://sih26103/PAI-00990,2026-04-30,synthetic_v1
SRC-00991,Synthetic monitoring record PAI-00991,synthetic://sih26103/PAI-00991,2026-04-30,synthetic_v1
SRC-00992,Synthetic monitoring record PAI-00992,synthetic://sih26103/PAI-00992,2026-04-30,synthetic_v1
SRC-00993,Synthetic monitoring record PAI-00993,synthetic://sih26103/PAI-00993,2026-04-30,synthetic_v1
SRC-00994,Synthetic monitoring record PAI-00994,synthetic://sih26103/PAI-00994,2026-04-30,synthetic_v1
SRC-00995,Synthetic monitoring record PAI-00995,synthetic://sih26103/PAI-00995,2026-04-30,synthetic_v1
SRC-00996,Synthetic monitoring record PAI-00996,synthetic://sih26103/PAI-00996,2026-04-30,synthetic_v1
SRC-00997,Synthetic monitoring record PAI-00997,synthetic://sih26103/PAI-00997,2026-04-30,synthetic_v1
SRC-00998,Synthetic monitoring record PAI-00998,synthetic://sih26103/PAI-00998,2026-04-30,synthetic_v1
SRC-00999,Synthetic monitoring record PAI-00999,synthetic://sih26103/PAI-00999,2026-04-30,synthetic_v1
SRC-01000,Synthetic monitoring record PAI-01000,synthetic://sih26103/PAI-01000,2026-04-30,synthetic_v1
SRC-01001,Synthetic monitoring record PAI-01001,synthetic://sih26103/PAI-01001,2026-04-30,synthetic_v1
SRC-01002,Synthetic monitoring record PAI-01002,synthetic://sih26103/PAI-01002,2026-04-30,synthetic_v1
SRC-01003,Synthetic monitoring record PAI-01003,synthetic://sih26103/PAI-01003,2026-04-30,synthetic_v1
SRC-01004,Synthetic monitoring record PAI-01004,synthetic://sih26103/PAI-01004,2026-04-30,synthetic_v1
SRC-01005,Synthetic monitoring record PAI-01005,synthetic://sih26103/PAI-01005,2026-04-30,synthetic_v1
SRC-01006,Synthetic monitoring record PAI-01006,synthetic://sih26103/PAI-01006,2026-04-30,synthetic_v1
SRC-01007,Synthetic monitoring record PAI-01007,synthetic://sih26103/PAI-01007,2026-04-30,synthetic_v1
SRC-01008,Synthetic monitoring record PAI-01008,synthetic://sih26103/PAI-01008,2026-04-30,synthetic_v1
SRC-01009,Synthetic monitoring record PAI-01009,synthetic://sih26103/PAI-01009,2026-04-30,synthetic_v1
SRC-01010,Synthetic monitoring record PAI-01010,synthetic://sih26103/PAI-01010,2026-04-30,synthetic_v1
SRC-01011,Synthetic monitoring record PAI-01011,synthetic://sih26103/PAI-01011,2026-04-30,synthetic_v1
SRC-01012,Synthetic monitoring record PAI-01012,synthetic://sih26103/PAI-01012,2026-04-30,synthetic_v1
SRC-01013,Synthetic monitoring record PAI-01013,synthetic://sih26103/PAI-01013,2026-04-30,synthetic_v1
SRC-01014,Synthetic monitoring record PAI-01014,synthetic://sih26103/PAI-01014,2026-04-30,synthetic_v1
SRC-01015,Synthetic monitoring record PAI-01015,synthetic://sih26103/PAI-01015,2026-04-30,synthetic_v1
SRC-01016,Synthetic monitoring record PAI-01016,synthetic://sih26103/PAI-01016,2026-04-30,synthetic_v1
SRC-01017,Synthetic monitoring record PAI-01017,synthetic://sih26103/PAI-01017,2026-04-30,synthetic_v1
SRC-01018,Synthetic monitoring record PAI-01018,synthetic://sih26103/PAI-01018,2026-04-30,synthetic_v1
SRC-01019,Synthetic monitoring record PAI-01019,synthetic://sih26103/PAI-01019,2026-04-30,synthetic_v1
SRC-01020,Synthetic monitoring record PAI-01020,synthetic://sih26103/PAI-01020,2026-04-30,synthetic_v1
SRC-01021,Synthetic monitoring record PAI-01021,synthetic://sih26103/PAI-01021,2026-04-30,synthetic_v1
SRC-01022,Synthetic monitoring record PAI-01022,synthetic://sih26103/PAI-01022,2026-04-30,synthetic_v1
SRC-01023,Synthetic monitoring record PAI-01023,synthetic://sih26103/PAI-01023,2026-04-30,synthetic_v1
SRC-01024,Synthetic monitoring record PAI-01024,synthetic://sih26103/PAI-01024,2026-04-30,synthetic_v1
SRC-01025,Synthetic monitoring record PAI-01025,synthetic://sih26103/PAI-01025,2026-04-30,synthetic_v1
SRC-01026,Synthetic monitoring record PAI-01026,synthetic://sih26103/PAI-01026,2026-04-30,synthetic_v1
SRC-01027,Synthetic monitoring record PAI-01027,synthetic://sih26103/PAI-01027,2026-04-30,synthetic_v1
SRC-01028,Synthetic monitoring record PAI-01028,synthetic://sih26103/PAI-01028,2026-04-30,synthetic_v1
SRC-01029,Synthetic monitoring record PAI-01029,synthetic://sih26103/PAI-01029,2026-04-30,synthetic_v1
SRC-01030,Synthetic monitoring record PAI-01030,synthetic://sih26103/PAI-01030,2026-04-30,synthetic_v1
SRC-01031,Synthetic monitoring record PAI-01031,synthetic://sih26103/PAI-01031,2026-04-30,synthetic_v1
SRC-01032,Synthetic monitoring record PAI-01032,synthetic://sih26103/PAI-01032,2026-04-30,synthetic_v1
SRC-01033,Synthetic monitoring record PAI-01033,synthetic://sih26103/PAI-01033,2026-04-30,synthetic_v1
SRC-01034,Synthetic monitoring record PAI-01034,synthetic://sih26103/PAI-01034,2026-04-30,synthetic_v1
SRC-01035,Synthetic monitoring record PAI-01035,synthetic://sih26103/PAI-01035,2026-04-30,synthetic_v1
SRC-01036,Synthetic monitoring record PAI-01036,synthetic://sih26103/PAI-01036,2026-04-30,synthetic_v1
SRC-01037,Synthetic monitoring record PAI-01037,synthetic://sih26103/PAI-01037,2026-04-30,synthetic_v1
SRC-01038,Synthetic monitoring record PAI-01038,synthetic://sih26103/PAI-01038,2026-04-30,synthetic_v1
SRC-01039,Synthetic monitoring record PAI-01039,synthetic://sih26103/PAI-01039,2026-04-30,synthetic_v1
SRC-01040,Synthetic monitoring record PAI-01040,synthetic://sih26103/PAI-01040,2026-04-30,synthetic_v1
SRC-01041,Synthetic monitoring record PAI-01041,synthetic://sih26103/PAI-01041,2026-04-30,synthetic_v1
SRC-01042,Synthetic monitoring record PAI-01042,synthetic://sih26103/PAI-01042,2026-04-30,synthetic_v1
SRC-01043,Synthetic monitoring record PAI-01043,synthetic://sih26103/PAI-01043,2026-04-30,synthetic_v1
SRC-01044,Synthetic monitoring record PAI-01044,synthetic://sih26103/PAI-01044,2026-04-30,synthetic_v1
SRC-01045,Synthetic monitoring record PAI-01045,synthetic://sih26103/PAI-01045,2026-04-30,synthetic_v1
SRC-01046,Synthetic monitoring record PAI-01046,synthetic://sih26103/PAI-01046,2026-04-30,synthetic_v1
SRC-01047,Synthetic monitoring record PAI-01047,synthetic://sih26103/PAI-01047,2026-04-30,synthetic_v1
SRC-01048,Synthetic monitoring record PAI-01048,synthetic://sih26103/PAI-01048,2026-04-30,synthetic_v1
SRC-01049,Synthetic monitoring record PAI-01049,synthetic://sih26103/PAI-01049,2026-04-30,synthetic_v1
SRC-01050,Synthetic monitoring record PAI-01050,synthetic://sih26103/PAI-01050,2026-04-30,synthetic_v1
SRC-01051,Synthetic monitoring record PAI-01051,synthetic://sih26103/PAI-01051,2026-04-30,synthetic_v1
SRC-01052,Synthetic monitoring record PAI-01052,synthetic://sih26103/PAI-01052,2026-04-30,synthetic_v1
SRC-01053,Synthetic monitoring record PAI-01053,synthetic://sih26103/PAI-01053,2026-04-30,synthetic_v1
SRC-01054,Synthetic monitoring record PAI-01054,synthetic://sih26103/PAI-01054,2026-04-30,synthetic_v1
SRC-01055,Synthetic monitoring record PAI-01055,synthetic://sih26103/PAI-01055,2026-04-30,synthetic_v1
SRC-01056,Synthetic monitoring record PAI-01056,synthetic://sih26103/PAI-01056,2026-04-30,synthetic_v1
SRC-01057,Synthetic monitoring record PAI-01057,synthetic://sih26103/PAI-01057,2026-04-30,synthetic_v1
SRC-01058,Synthetic monitoring record PAI-01058,synthetic://sih26103/PAI-01058,2026-04-30,synthetic_v1
SRC-01059,Synthetic monitoring record PAI-01059,synthetic://sih26103/PAI-01059,2026-04-30,synthetic_v1
SRC-01060,Synthetic monitoring record PAI-01060,synthetic://sih26103/PAI-01060,2026-04-30,synthetic_v1
SRC-01061,Synthetic monitoring record PAI-01061,synthetic://sih26103/PAI-01061,2026-04-30,synthetic_v1
SRC-01062,Synthetic monitoring record PAI-01062,synthetic://sih26103/PAI-01062,2026-04-30,synthetic_v1
SRC-01063,Synthetic monitoring record PAI-01063,synthetic://sih26103/PAI-01063,2026-04-30,synthetic_v1
SRC-01064,Synthetic monitoring record PAI-01064,synthetic://sih26103/PAI-01064,2026-04-30,synthetic_v1
SRC-01065,Synthetic monitoring record PAI-01065,synthetic://sih26103/PAI-01065,2026-04-30,synthetic_v1
SRC-01066,Synthetic monitoring record PAI-01066,synthetic://sih26103/PAI-01066,2026-04-30,synthetic_v1
SRC-01067,Synthetic monitoring record PAI-01067,synthetic://sih26103/PAI-01067,2026-04-30,synthetic_v1
SRC-01068,Synthetic monitoring record PAI-01068,synthetic://sih26103/PAI-01068,2026-04-30,synthetic_v1
SRC-01069,Synthetic monitoring record PAI-01069,synthetic://sih26103/PAI-01069,2026-04-30,synthetic_v1
SRC-01070,Synthetic monitoring record PAI-01070,synthetic://sih26103/PAI-01070,2026-04-30,synthetic_v1
SRC-01071,Synthetic monitoring record PAI-01071,synthetic://sih26103/PAI-01071,2026-04-30,synthetic_v1
SRC-01072,Synthetic monitoring record PAI-01072,synthetic://sih26103/PAI-01072,2026-04-30,synthetic_v1
SRC-01073,Synthetic monitoring record PAI-01073,synthetic://sih26103/PAI-01073,2026-04-30,synthetic_v1
SRC-01074,Synthetic monitoring record PAI-01074,synthetic://sih26103/PAI-01074,2026-04-30,synthetic_v1
SRC-01075,Synthetic monitoring record PAI-01075,synthetic://sih26103/PAI-01075,2026-04-30,synthetic_v1
SRC-01076,Synthetic monitoring record PAI-01076,synthetic://sih26103/PAI-01076,2026-04-30,synthetic_v1
SRC-01077,Synthetic monitoring record PAI-01077,synthetic://sih26103/PAI-01077,2026-04-30,synthetic_v1
SRC-01078,Synthetic monitoring record PAI-01078,synthetic://sih26103/PAI-01078,2026-04-30,synthetic_v1
SRC-01079,Synthetic monitoring record PAI-01079,synthetic://sih26103/PAI-01079,2026-04-30,synthetic_v1
SRC-01080,Synthetic monitoring record PAI-01080,synthetic://sih26103/PAI-01080,2026-04-30,synthetic_v1
SRC-01081,Synthetic monitoring record PAI-01081,synthetic://sih26103/PAI-01081,2026-04-30,synthetic_v1
SRC-01082,Synthetic monitoring record PAI-01082,synthetic://sih26103/PAI-01082,2026-04-30,synthetic_v1
SRC-01083,Synthetic monitoring record PAI-01083,synthetic://sih26103/PAI-01083,2026-04-30,synthetic_v1
SRC-01084,Synthetic monitoring record PAI-01084,synthetic://sih26103/PAI-01084,2026-04-30,synthetic_v1
SRC-01085,Synthetic monitoring record PAI-01085,synthetic://sih26103/PAI-01085,2026-04-30,synthetic_v1
SRC-01086,Synthetic monitoring record PAI-01086,synthetic://sih26103/PAI-01086,2026-04-30,synthetic_v1
SRC-01087,Synthetic monitoring record PAI-01087,synthetic://sih26103/PAI-01087,2026-04-30,synthetic_v1
SRC-01088,Synthetic monitoring record PAI-01088,synthetic://sih26103/PAI-01088,2026-04-30,synthetic_v1
SRC-01089,Synthetic monitoring record PAI-01089,synthetic://sih26103/PAI-01089,2026-04-30,synthetic_v1
SRC-01090,Synthetic monitoring record PAI-01090,synthetic://sih26103/PAI-01090,2026-04-30,synthetic_v1
SRC-01091,Synthetic monitoring record PAI-01091,synthetic://sih26103/PAI-01091,2026-04-30,synthetic_v1
SRC-01092,Synthetic monitoring record PAI-01092,synthetic://sih26103/PAI-01092,2026-04-30,synthetic_v1
SRC-01093,Synthetic monitoring record PAI-01093,synthetic://sih26103/PAI-01093,2026-04-30,synthetic_v1
SRC-01094,Synthetic monitoring record PAI-01094,synthetic://sih26103/PAI-01094,2026-04-30,synthetic_v1
SRC-01095,Synthetic monitoring record PAI-01095,synthetic://sih26103/PAI-01095,2026-04-30,synthetic_v1
SRC-01096,Synthetic monitoring record PAI-01096,synthetic://sih26103/PAI-01096,2026-04-30,synthetic_v1
SRC-01097,Synthetic monitoring record PAI-01097,synthetic://sih26103/PAI-01097,2026-04-30,synthetic_v1
SRC-01098,Synthetic monitoring record PAI-01098,synthetic://sih26103/PAI-01098,2026-04-30,synthetic_v1
SRC-01099,Synthetic monitoring record PAI-01099,synthetic://sih26103/PAI-01099,2026-04-30,synthetic_v1
SRC-01100,Synthetic monitoring record PAI-01100,synthetic://sih26103/PAI-01100,2026-04-30,synthetic_v1
SRC-01101,Synthetic monitoring record PAI-01101,synthetic://sih26103/PAI-01101,2026-04-30,synthetic_v1
SRC-01102,Synthetic monitoring record PAI-01102,synthetic://sih26103/PAI-01102,2026-04-30,synthetic_v1
SRC-01103,Synthetic monitoring record PAI-01103,synthetic://sih26103/PAI-01103,2026-04-30,synthetic_v1
SRC-01104,Synthetic monitoring record PAI-01104,synthetic://sih26103/PAI-01104,2026-04-30,synthetic_v1
SRC-01105,Synthetic monitoring record PAI-01105,synthetic://sih26103/PAI-01105,2026-04-30,synthetic_v1
SRC-01106,Synthetic monitoring record PAI-01106,synthetic://sih26103/PAI-01106,2026-04-30,synthetic_v1
SRC-01107,Synthetic monitoring record PAI-01107,synthetic://sih26103/PAI-01107,2026-04-30,synthetic_v1
SRC-01108,Synthetic monitoring record PAI-01108,synthetic://sih26103/PAI-01108,2026-04-30,synthetic_v1
SRC-01109,Synthetic monitoring record PAI-01109,synthetic://sih26103/PAI-01109,2026-04-30,synthetic_v1
SRC-01110,Synthetic monitoring record PAI-01110,synthetic://sih26103/PAI-01110,2026-04-30,synthetic_v1
SRC-01111,Synthetic monitoring record PAI-01111,synthetic://sih26103/PAI-01111,2026-04-30,synthetic_v1
SRC-01112,Synthetic monitoring record PAI-01112,synthetic://sih26103/PAI-01112,2026-04-30,synthetic_v1
SRC-01113,Synthetic monitoring record PAI-01113,synthetic://sih26103/PAI-01113,2026-04-30,synthetic_v1
SRC-01114,Synthetic monitoring record PAI-01114,synthetic://sih26103/PAI-01114,2026-04-30,synthetic_v1
SRC-01115,Synthetic monitoring record PAI-01115,synthetic://sih26103/PAI-01115,2026-04-30,synthetic_v1
SRC-01116,Synthetic monitoring record PAI-01116,synthetic://sih26103/PAI-01116,2026-04-30,synthetic_v1
SRC-01117,Synthetic monitoring record PAI-01117,synthetic://sih26103/PAI-01117,2026-04-30,synthetic_v1
SRC-01118,Synthetic monitoring record PAI-01118,synthetic://sih26103/PAI-01118,2026-04-30,synthetic_v1
SRC-01119,Synthetic monitoring record PAI-01119,synthetic://sih26103/PAI-01119,2026-04-30,synthetic_v1
SRC-01120,Synthetic monitoring record PAI-01120,synthetic://sih26103/PAI-01120,2026-04-30,synthetic_v1
SRC-01121,Synthetic monitoring record PAI-01121,synthetic://sih26103/PAI-01121,2026-04-30,synthetic_v1
SRC-01122,Synthetic monitoring record PAI-01122,synthetic://sih26103/PAI-01122,2026-04-30,synthetic_v1
SRC-01123,Synthetic monitoring record PAI-01123,synthetic://sih26103/PAI-01123,2026-04-30,synthetic_v1
SRC-01124,Synthetic monitoring record PAI-01124,synthetic://sih26103/PAI-01124,2026-04-30,synthetic_v1
SRC-01125,Synthetic monitoring record PAI-01125,synthetic://sih26103/PAI-01125,2026-04-30,synthetic_v1
SRC-01126,Synthetic monitoring record PAI-01126,synthetic://sih26103/PAI-01126,2026-04-30,synthetic_v1
SRC-01127,Synthetic monitoring record PAI-01127,synthetic://sih26103/PAI-01127,2026-04-30,synthetic_v1
SRC-01128,Synthetic monitoring record PAI-01128,synthetic://sih26103/PAI-01128,2026-04-30,synthetic_v1
SRC-01129,Synthetic monitoring record PAI-01129,synthetic://sih26103/PAI-01129,2026-04-30,synthetic_v1
SRC-01130,Synthetic monitoring record PAI-01130,synthetic://sih26103/PAI-01130,2026-04-30,synthetic_v1
SRC-01131,Synthetic monitoring record PAI-01131,synthetic://sih26103/PAI-01131,2026-04-30,synthetic_v1
SRC-01132,Synthetic monitoring record PAI-01132,synthetic://sih26103/PAI-01132,2026-04-30,synthetic_v1
SRC-01133,Synthetic monitoring record PAI-01133,synthetic://sih26103/PAI-01133,2026-04-30,synthetic_v1
SRC-01134,Synthetic monitoring record PAI-01134,synthetic://sih26103/PAI-01134,2026-04-30,synthetic_v1
SRC-01135,Synthetic monitoring record PAI-01135,synthetic://sih26103/PAI-01135,2026-04-30,synthetic_v1
SRC-01136,Synthetic monitoring record PAI-01136,synthetic://sih26103/PAI-01136,2026-04-30,synthetic_v1
SRC-01137,Synthetic monitoring record PAI-01137,synthetic://sih26103/PAI-01137,2026-04-30,synthetic_v1
SRC-01138,Synthetic monitoring record PAI-01138,synthetic://sih26103/PAI-01138,2026-04-30,synthetic_v1
SRC-01139,Synthetic monitoring record PAI-01139,synthetic://sih26103/PAI-01139,2026-04-30,synthetic_v1
SRC-01140,Synthetic monitoring record PAI-01140,synthetic://sih26103/PAI-01140,2026-04-30,synthetic_v1
SRC-01141,Synthetic monitoring record PAI-01141,synthetic://sih26103/PAI-01141,2026-04-30,synthetic_v1
SRC-01142,Synthetic monitoring record PAI-01142,synthetic://sih26103/PAI-01142,2026-04-30,synthetic_v1
SRC-01143,Synthetic monitoring record PAI-01143,synthetic://sih26103/PAI-01143,2026-04-30,synthetic_v1
SRC-01144,Synthetic monitoring record PAI-01144,synthetic://sih26103/PAI-01144,2026-04-30,synthetic_v1
SRC-01145,Synthetic monitoring record PAI-01145,synthetic://sih26103/PAI-01145,2026-04-30,synthetic_v1
SRC-01146,Synthetic monitoring record PAI-01146,synthetic://sih26103/PAI-01146,2026-04-30,synthetic_v1
SRC-01147,Synthetic monitoring record PAI-01147,synthetic://sih26103/PAI-01147,2026-04-30,synthetic_v1
SRC-01148,Synthetic monitoring record PAI-01148,synthetic://sih26103/PAI-01148,2026-04-30,synthetic_v1
SRC-01149,Synthetic monitoring record PAI-01149,synthetic://sih26103/PAI-01149,2026-04-30,synthetic_v1
SRC-01150,Synthetic monitoring record PAI-01150,synthetic://sih26103/PAI-01150,2026-04-30,synthetic_v1
SRC-01151,Synthetic monitoring record PAI-01151,synthetic://sih26103/PAI-01151,2026-04-30,synthetic_v1
SRC-01152,Synthetic monitoring record PAI-01152,synthetic://sih26103/PAI-01152,2026-04-30,synthetic_v1
SRC-01153,Synthetic monitoring record PAI-01153,synthetic://sih26103/PAI-01153,2026-04-30,synthetic_v1
SRC-01154,Synthetic monitoring record PAI-01154,synthetic://sih26103/PAI-01154,2026-04-30,synthetic_v1
SRC-01155,Synthetic monitoring record PAI-01155,synthetic://sih26103/PAI-01155,2026-04-30,synthetic_v1
SRC-01156,Synthetic monitoring record PAI-01156,synthetic://sih26103/PAI-01156,2026-04-30,synthetic_v1
SRC-01157,Synthetic monitoring record PAI-01157,synthetic://sih26103/PAI-01157,2026-04-30,synthetic_v1
SRC-01158,Synthetic monitoring record PAI-01158,synthetic://sih26103/PAI-01158,2026-04-30,synthetic_v1
SRC-01159,Synthetic monitoring record PAI-01159,synthetic://sih26103/PAI-01159,2026-04-30,synthetic_v1
SRC-01160,Synthetic monitoring record PAI-01160,synthetic://sih26103/PAI-01160,2026-04-30,synthetic_v1
SRC-01161,Synthetic monitoring record PAI-01161,synthetic://sih26103/PAI-01161,2026-04-30,synthetic_v1
SRC-01162,Synthetic monitoring record PAI-01162,synthetic://sih26103/PAI-01162,2026-04-30,synthetic_v1
SRC-01163,Synthetic monitoring record PAI-01163,synthetic://sih26103/PAI-01163,2026-04-30,synthetic_v1
SRC-01164,Synthetic monitoring record PAI-01164,synthetic://sih26103/PAI-01164,2026-04-30,synthetic_v1
SRC-01165,Synthetic monitoring record PAI-01165,synthetic://sih26103/PAI-01165,2026-04-30,synthetic_v1
SRC-01166,Synthetic monitoring record PAI-01166,synthetic://sih26103/PAI-01166,2026-04-30,synthetic_v1
SRC-01167,Synthetic monitoring record PAI-01167,synthetic://sih26103/PAI-01167,2026-04-30,synthetic_v1
SRC-01168,Synthetic monitoring record PAI-01168,synthetic://sih26103/PAI-01168,2026-04-30,synthetic_v1
SRC-01169,Synthetic monitoring record PAI-01169,synthetic://sih26103/PAI-01169,2026-04-30,synthetic_v1
SRC-01170,Synthetic monitoring record PAI-01170,synthetic://sih26103/PAI-01170,2026-04-30,synthetic_v1
SRC-01171,Synthetic monitoring record PAI-01171,synthetic://sih26103/PAI-01171,2026-04-30,synthetic_v1
SRC-01172,Synthetic monitoring record PAI-01172,synthetic://sih26103/PAI-01172,2026-04-30,synthetic_v1
SRC-01173,Synthetic monitoring record PAI-01173,synthetic://sih26103/PAI-01173,2026-04-30,synthetic_v1
SRC-01174,Synthetic monitoring record PAI-01174,synthetic://sih26103/PAI-01174,2026-04-30,synthetic_v1
SRC-01175,Synthetic monitoring record PAI-01175,synthetic://sih26103/PAI-01175,2026-04-30,synthetic_v1
SRC-01176,Synthetic monitoring record PAI-01176,synthetic://sih26103/PAI-01176,2026-04-30,synthetic_v1
SRC-01177,Synthetic monitoring record PAI-01177,synthetic://sih26103/PAI-01177,2026-04-30,synthetic_v1
SRC-01178,Synthetic monitoring record PAI-01178,synthetic://sih26103/PAI-01178,2026-04-30,synthetic_v1
SRC-01179,Synthetic monitoring record PAI-01179,synthetic://sih26103/PAI-01179,2026-04-30,synthetic_v1
SRC-01180,Synthetic monitoring record PAI-01180,synthetic://sih26103/PAI-01180,2026-04-30,synthetic_v1
SRC-01181,Synthetic monitoring record PAI-01181,synthetic://sih26103/PAI-01181,2026-04-30,synthetic_v1
SRC-01182,Synthetic monitoring record PAI-01182,synthetic://sih26103/PAI-01182,2026-04-30,synthetic_v1
SRC-01183,Synthetic monitoring record PAI-01183,synthetic://sih26103/PAI-01183,2026-04-30,synthetic_v1
SRC-01184,Synthetic monitoring record PAI-01184,synthetic://sih26103/PAI-01184,2026-04-30,synthetic_v1
SRC-01185,Synthetic monitoring record PAI-01185,synthetic://sih26103/PAI-01185,2026-04-30,synthetic_v1
SRC-01186,Synthetic monitoring record PAI-01186,synthetic://sih26103/PAI-01186,2026-04-30,synthetic_v1
SRC-01187,Synthetic monitoring record PAI-01187,synthetic://sih26103/PAI-01187,2026-04-30,synthetic_v1
SRC-01188,Synthetic monitoring record PAI-01188,synthetic://sih26103/PAI-01188,2026-04-30,synthetic_v1
SRC-01189,Synthetic monitoring record PAI-01189,synthetic://sih26103/PAI-01189,2026-04-30,synthetic_v1
SRC-01190,Synthetic monitoring record PAI-01190,synthetic://sih26103/PAI-01190,2026-04-30,synthetic_v1
SRC-01191,Synthetic monitoring record PAI-01191,synthetic://sih26103/PAI-01191,2026-04-30,synthetic_v1
SRC-01192,Synthetic monitoring record PAI-01192,synthetic://sih26103/PAI-01192,2026-04-30,synthetic_v1
SRC-01193,Synthetic monitoring record PAI-01193,synthetic://sih26103/PAI-01193,2026-04-30,synthetic_v1
SRC-01194,Synthetic monitoring record PAI-01194,synthetic://sih26103/PAI-01194,2026-04-30,synthetic_v1
SRC-01195,Synthetic monitoring record PAI-01195,synthetic://sih26103/PAI-01195,2026-04-30,synthetic_v1
SRC-01196,Synthetic monitoring record PAI-01196,synthetic://sih26103/PAI-01196,2026-04-30,synthetic_v1
SRC-01197,Synthetic monitoring record PAI-01197,synthetic://sih26103/PAI-01197,2026-04-30,synthetic_v1
SRC-01198,Synthetic monitoring record PAI-01198,synthetic://sih26103/PAI-01198,2026-04-30,synthetic_v1
SRC-01199,Synthetic monitoring record PAI-01199,synthetic://sih26103/PAI-01199,2026-04-30,synthetic_v1
SRC-01200,Synthetic monitoring record PAI-01200,synthetic://sih26103/PAI-01200,2026-04-30,synthetic_v1
SRC-01201,Synthetic monitoring record PAI-01201,synthetic://sih26103/PAI-01201,2026-04-30,synthetic_v1
SRC-01202,Synthetic monitoring record PAI-01202,synthetic://sih26103/PAI-01202,2026-04-30,synthetic_v1
SRC-01203,Synthetic monitoring record PAI-01203,synthetic://sih26103/PAI-01203,2026-04-30,synthetic_v1
SRC-01204,Synthetic monitoring record PAI-01204,synthetic://sih26103/PAI-01204,2026-04-30,synthetic_v1
SRC-01205,Synthetic monitoring record PAI-01205,synthetic://sih26103/PAI-01205,2026-04-30,synthetic_v1
SRC-01206,Synthetic monitoring record PAI-01206,synthetic://sih26103/PAI-01206,2026-04-30,synthetic_v1
SRC-01207,Synthetic monitoring record PAI-01207,synthetic://sih26103/PAI-01207,2026-04-30,synthetic_v1
SRC-01208,Synthetic monitoring record PAI-01208,synthetic://sih26103/PAI-01208,2026-04-30,synthetic_v1
SRC-01209,Synthetic monitoring record PAI-01209,synthetic://sih26103/PAI-01209,2026-04-30,synthetic_v1
SRC-01210,Synthetic monitoring record PAI-01210,synthetic://sih26103/PAI-01210,2026-04-30,synthetic_v1
SRC-01211,Synthetic monitoring record PAI-01211,synthetic://sih26103/PAI-01211,2026-04-30,synthetic_v1
SRC-01212,Synthetic monitoring record PAI-01212,synthetic://sih26103/PAI-01212,2026-04-30,synthetic_v1
SRC-01213,Synthetic monitoring record PAI-01213,synthetic://sih26103/PAI-01213,2026-04-30,synthetic_v1
SRC-01214,Synthetic monitoring record PAI-01214,synthetic://sih26103/PAI-01214,2026-04-30,synthetic_v1
SRC-01215,Synthetic monitoring record PAI-01215,synthetic://sih26103/PAI-01215,2026-04-30,synthetic_v1
SRC-01216,Synthetic monitoring record PAI-01216,synthetic://sih26103/PAI-01216,2026-04-30,synthetic_v1
SRC-01217,Synthetic monitoring record PAI-01217,synthetic://sih26103/PAI-01217,2026-04-30,synthetic_v1
SRC-01218,Synthetic monitoring record PAI-01218,synthetic://sih26103/PAI-01218,2026-04-30,synthetic_v1
SRC-01219,Synthetic monitoring record PAI-01219,synthetic://sih26103/PAI-01219,2026-04-30,synthetic_v1
SRC-01220,Synthetic monitoring record PAI-01220,synthetic://sih26103/PAI-01220,2026-04-30,synthetic_v1
SRC-01221,Synthetic monitoring record PAI-01221,synthetic://sih26103/PAI-01221,2026-04-30,synthetic_v1
SRC-01222,Synthetic monitoring record PAI-01222,synthetic://sih26103/PAI-01222,2026-04-30,synthetic_v1
SRC-01223,Synthetic monitoring record PAI-01223,synthetic://sih26103/PAI-01223,2026-04-30,synthetic_v1
SRC-01224,Synthetic monitoring record PAI-01224,synthetic://sih26103/PAI-01224,2026-04-30,synthetic_v1
SRC-01225,Synthetic monitoring record PAI-01225,synthetic://sih26103/PAI-01225,2026-04-30,synthetic_v1
SRC-01226,Synthetic monitoring record PAI-01226,synthetic://sih26103/PAI-01226,2026-04-30,synthetic_v1
SRC-01227,Synthetic monitoring record PAI-01227,synthetic://sih26103/PAI-01227,2026-04-30,synthetic_v1
SRC-01228,Synthetic monitoring record PAI-01228,synthetic://sih26103/PAI-01228,2026-04-30,synthetic_v1
SRC-01229,Synthetic monitoring record PAI-01229,synthetic://sih26103/PAI-01229,2026-04-30,synthetic_v1
SRC-01230,Synthetic monitoring record PAI-01230,synthetic://sih26103/PAI-01230,2026-04-30,synthetic_v1
SRC-01231,Synthetic monitoring record PAI-01231,synthetic://sih26103/PAI-01231,2026-04-30,synthetic_v1
SRC-01232,Synthetic monitoring record PAI-01232,synthetic://sih26103/PAI-01232,2026-04-30,synthetic_v1
SRC-01233,Synthetic monitoring record PAI-01233,synthetic://sih26103/PAI-01233,2026-04-30,synthetic_v1
SRC-01234,Synthetic monitoring record PAI-01234,synthetic://sih26103/PAI-01234,2026-04-30,synthetic_v1
SRC-01235,Synthetic monitoring record PAI-01235,synthetic://sih26103/PAI-01235,2026-04-30,synthetic_v1
SRC-01236,Synthetic monitoring record PAI-01236,synthetic://sih26103/PAI-01236,2026-04-30,synthetic_v1
SRC-01237,Synthetic monitoring record PAI-01237,synthetic://sih26103/PAI-01237,2026-04-30,synthetic_v1
SRC-01238,Synthetic monitoring record PAI-01238,synthetic://sih26103/PAI-01238,2026-04-30,synthetic_v1
SRC-01239,Synthetic monitoring record PAI-01239,synthetic://sih26103/PAI-01239,2026-04-30,synthetic_v1
SRC-01240,Synthetic monitoring record PAI-01240,synthetic://sih26103/PAI-01240,2026-04-30,synthetic_v1
SRC-01241,Synthetic monitoring record PAI-01241,synthetic://sih26103/PAI-01241,2026-04-30,synthetic_v1
SRC-01242,Synthetic monitoring record PAI-01242,synthetic://sih26103/PAI-01242,2026-04-30,synthetic_v1
SRC-01243,Synthetic monitoring record PAI-01243,synthetic://sih26103/PAI-01243,2026-04-30,synthetic_v1
SRC-01244,Synthetic monitoring record PAI-01244,synthetic://sih26103/PAI-01244,2026-04-30,synthetic_v1
SRC-01245,Synthetic monitoring record PAI-01245,synthetic://sih26103/PAI-01245,2026-04-30,synthetic_v1
SRC-01246,Synthetic monitoring record PAI-01246,synthetic://sih26103/PAI-01246,2026-04-30,synthetic_v1
SRC-01247,Synthetic monitoring record PAI-01247,synthetic://sih26103/PAI-01247,2026-04-30,synthetic_v1
SRC-01248,Synthetic monitoring record PAI-01248,synthetic://sih26103/PAI-01248,2026-04-30,synthetic_v1
SRC-01249,Synthetic monitoring record PAI-01249,synthetic://sih26103/PAI-01249,2026-04-30,synthetic_v1
SRC-01250,Synthetic monitoring record PAI-01250,synthetic://sih26103/PAI-01250,2026-04-30,synthetic_v1
SRC-01251,Synthetic monitoring record PAI-01251,synthetic://sih26103/PAI-01251,2026-04-30,synthetic_v1
SRC-01252,Synthetic monitoring record PAI-01252,synthetic://sih26103/PAI-01252,2026-04-30,synthetic_v1
SRC-01253,Synthetic monitoring record PAI-01253,synthetic://sih26103/PAI-01253,2026-04-30,synthetic_v1
SRC-01254,Synthetic monitoring record PAI-01254,synthetic://sih26103/PAI-01254,2026-04-30,synthetic_v1
SRC-01255,Synthetic monitoring record PAI-01255,synthetic://sih26103/PAI-01255,2026-04-30,synthetic_v1
SRC-01256,Synthetic monitoring record PAI-01256,synthetic://sih26103/PAI-01256,2026-04-30,synthetic_v1
SRC-01257,Synthetic monitoring record PAI-01257,synthetic://sih26103/PAI-01257,2026-04-30,synthetic_v1
SRC-01258,Synthetic monitoring record PAI-01258,synthetic://sih26103/PAI-01258,2026-04-30,synthetic_v1
SRC-01259,Synthetic monitoring record PAI-01259,synthetic://sih26103/PAI-01259,2026-04-30,synthetic_v1
SRC-01260,Synthetic monitoring record PAI-01260,synthetic://sih26103/PAI-01260,2026-04-30,synthetic_v1
SRC-01261,Synthetic monitoring record PAI-01261,synthetic://sih26103/PAI-01261,2026-04-30,synthetic_v1
SRC-01262,Synthetic monitoring record PAI-01262,synthetic://sih26103/PAI-01262,2026-04-30,synthetic_v1
SRC-01263,Synthetic monitoring record PAI-01263,synthetic://sih26103/PAI-01263,2026-04-30,synthetic_v1
SRC-01264,Synthetic monitoring record PAI-01264,synthetic://sih26103/PAI-01264,2026-04-30,synthetic_v1
SRC-01265,Synthetic monitoring record PAI-01265,synthetic://sih26103/PAI-01265,2026-04-30,synthetic_v1
SRC-01266,Synthetic monitoring record PAI-01266,synthetic://sih26103/PAI-01266,2026-04-30,synthetic_v1
SRC-01267,Synthetic monitoring record PAI-01267,synthetic://sih26103/PAI-01267,2026-04-30,synthetic_v1
SRC-01268,Synthetic monitoring record PAI-01268,synthetic://sih26103/PAI-01268,2026-04-30,synthetic_v1
SRC-01269,Synthetic monitoring record PAI-01269,synthetic://sih26103/PAI-01269,2026-04-30,synthetic_v1
SRC-01270,Synthetic monitoring record PAI-01270,synthetic://sih26103/PAI-01270,2026-04-30,synthetic_v1
SRC-01271,Synthetic monitoring record PAI-01271,synthetic://sih26103/PAI-01271,2026-04-30,synthetic_v1
SRC-01272,Synthetic monitoring record PAI-01272,synthetic://sih26103/PAI-01272,2026-04-30,synthetic_v1
SRC-01273,Synthetic monitoring record PAI-01273,synthetic://sih26103/PAI-01273,2026-04-30,synthetic_v1
SRC-01274,Synthetic monitoring record PAI-01274,synthetic://sih26103/PAI-01274,2026-04-30,synthetic_v1
SRC-01275,Synthetic monitoring record PAI-01275,synthetic://sih26103/PAI-01275,2026-04-30,synthetic_v1
SRC-01276,Synthetic monitoring record PAI-01276,synthetic://sih26103/PAI-01276,2026-04-30,synthetic_v1
SRC-01277,Synthetic monitoring record PAI-01277,synthetic://sih26103/PAI-01277,2026-04-30,synthetic_v1
SRC-01278,Synthetic monitoring record PAI-01278,synthetic://sih26103/PAI-01278,2026-04-30,synthetic_v1
SRC-01279,Synthetic monitoring record PAI-01279,synthetic://sih26103/PAI-01279,2026-04-30,synthetic_v1
SRC-01280,Synthetic monitoring record PAI-01280,synthetic://sih26103/PAI-01280,2026-04-30,synthetic_v1
SRC-01281,Synthetic monitoring record PAI-01281,synthetic://sih26103/PAI-01281,2026-04-30,synthetic_v1
SRC-01282,Synthetic monitoring record PAI-01282,synthetic://sih26103/PAI-01282,2026-04-30,synthetic_v1
SRC-01283,Synthetic monitoring record PAI-01283,synthetic://sih26103/PAI-01283,2026-04-30,synthetic_v1
SRC-01284,Synthetic monitoring record PAI-01284,synthetic://sih26103/PAI-01284,2026-04-30,synthetic_v1
SRC-01285,Synthetic monitoring record PAI-01285,synthetic://sih26103/PAI-01285,2026-04-30,synthetic_v1
SRC-01286,Synthetic monitoring record PAI-01286,synthetic://sih26103/PAI-01286,2026-04-30,synthetic_v1
SRC-01287,Synthetic monitoring record PAI-01287,synthetic://sih26103/PAI-01287,2026-04-30,synthetic_v1
SRC-01288,Synthetic monitoring record PAI-01288,synthetic://sih26103/PAI-01288,2026-04-30,synthetic_v1
SRC-01289,Synthetic monitoring record PAI-01289,synthetic://sih26103/PAI-01289,2026-04-30,synthetic_v1
SRC-01290,Synthetic monitoring record PAI-01290,synthetic://sih26103/PAI-01290,2026-04-30,synthetic_v1
SRC-01291,Synthetic monitoring record PAI-01291,synthetic://sih26103/PAI-01291,2026-04-30,synthetic_v1
SRC-01292,Synthetic monitoring record PAI-01292,synthetic://sih26103/PAI-01292,2026-04-30,synthetic_v1
SRC-01293,Synthetic monitoring record PAI-01293,synthetic://sih26103/PAI-01293,2026-04-30,synthetic_v1
SRC-01294,Synthetic monitoring record PAI-01294,synthetic://sih26103/PAI-01294,2026-04-30,synthetic_v1
SRC-01295,Synthetic monitoring record PAI-01295,synthetic://sih26103/PAI-01295,2026-04-30,synthetic_v1
SRC-01296,Synthetic monitoring record PAI-01296,synthetic://sih26103/PAI-01296,2026-04-30,synthetic_v1
SRC-01297,Synthetic monitoring record PAI-01297,synthetic://sih26103/PAI-01297,2026-04-30,synthetic_v1
SRC-01298,Synthetic monitoring record PAI-01298,synthetic://sih26103/PAI-01298,2026-04-30,synthetic_v1
SRC-01299,Synthetic monitoring record PAI-01299,synthetic://sih26103/PAI-01299,2026-04-30,synthetic_v1
SRC-01300,Synthetic monitoring record PAI-01300,synthetic://sih26103/PAI-01300,2026-04-30,synthetic_v1
SRC-01301,Synthetic monitoring record PAI-01301,synthetic://sih26103/PAI-01301,2026-04-30,synthetic_v1
SRC-01302,Synthetic monitoring record PAI-01302,synthetic://sih26103/PAI-01302,2026-04-30,synthetic_v1
SRC-01303,Synthetic monitoring record PAI-01303,synthetic://sih26103/PAI-01303,2026-04-30,synthetic_v1
SRC-01304,Synthetic monitoring record PAI-01304,synthetic://sih26103/PAI-01304,2026-04-30,synthetic_v1
SRC-01305,Synthetic monitoring record PAI-01305,synthetic://sih26103/PAI-01305,2026-04-30,synthetic_v1
SRC-01306,Synthetic monitoring record PAI-01306,synthetic://sih26103/PAI-01306,2026-04-30,synthetic_v1
SRC-01307,Synthetic monitoring record PAI-01307,synthetic://sih26103/PAI-01307,2026-04-30,synthetic_v1
SRC-01308,Synthetic monitoring record PAI-01308,synthetic://sih26103/PAI-01308,2026-04-30,synthetic_v1
SRC-01309,Synthetic monitoring record PAI-01309,synthetic://sih26103/PAI-01309,2026-04-30,synthetic_v1
SRC-01310,Synthetic monitoring record PAI-01310,synthetic://sih26103/PAI-01310,2026-04-30,synthetic_v1
SRC-01311,Synthetic monitoring record PAI-01311,synthetic://sih26103/PAI-01311,2026-04-30,synthetic_v1
SRC-01312,Synthetic monitoring record PAI-01312,synthetic://sih26103/PAI-01312,2026-04-30,synthetic_v1
SRC-01313,Synthetic monitoring record PAI-01313,synthetic://sih26103/PAI-01313,2026-04-30,synthetic_v1
SRC-01314,Synthetic monitoring record PAI-01314,synthetic://sih26103/PAI-01314,2026-04-30,synthetic_v1
SRC-01315,Synthetic monitoring record PAI-01315,synthetic://sih26103/PAI-01315,2026-04-30,synthetic_v1
SRC-01316,Synthetic monitoring record PAI-01316,synthetic://sih26103/PAI-01316,2026-04-30,synthetic_v1
SRC-01317,Synthetic monitoring record PAI-01317,synthetic://sih26103/PAI-01317,2026-04-30,synthetic_v1
SRC-01318,Synthetic monitoring record PAI-01318,synthetic://sih26103/PAI-01318,2026-04-30,synthetic_v1
SRC-01319,Synthetic monitoring record PAI-01319,synthetic://sih26103/PAI-01319,2026-04-30,synthetic_v1
SRC-01320,Synthetic monitoring record PAI-01320,synthetic://sih26103/PAI-01320,2026-04-30,synthetic_v1
SRC-01321,Synthetic monitoring record PAI-01321,synthetic://sih26103/PAI-01321,2026-04-30,synthetic_v1
SRC-01322,Synthetic monitoring record PAI-01322,synthetic://sih26103/PAI-01322,2026-04-30,synthetic_v1
SRC-01323,Synthetic monitoring record PAI-01323,synthetic://sih26103/PAI-01323,2026-04-30,synthetic_v1
SRC-01324,Synthetic monitoring record PAI-01324,synthetic://sih26103/PAI-01324,2026-04-30,synthetic_v1
SRC-01325,Synthetic monitoring record PAI-01325,synthetic://sih26103/PAI-01325,2026-04-30,synthetic_v1
SRC-01326,Synthetic monitoring record PAI-01326,synthetic://sih26103/PAI-01326,2026-04-30,synthetic_v1
SRC-01327,Synthetic monitoring record PAI-01327,synthetic://sih26103/PAI-01327,2026-04-30,synthetic_v1
SRC-01328,Synthetic monitoring record PAI-01328,synthetic://sih26103/PAI-01328,2026-04-30,synthetic_v1
SRC-01329,Synthetic monitoring record PAI-01329,synthetic://sih26103/PAI-01329,2026-04-30,synthetic_v1
SRC-01330,Synthetic monitoring record PAI-01330,synthetic://sih26103/PAI-01330,2026-04-30,synthetic_v1
SRC-01331,Synthetic monitoring record PAI-01331,synthetic://sih26103/PAI-01331,2026-04-30,synthetic_v1
SRC-01332,Synthetic monitoring record PAI-01332,synthetic://sih26103/PAI-01332,2026-04-30,synthetic_v1
SRC-01333,Synthetic monitoring record PAI-01333,synthetic://sih26103/PAI-01333,2026-04-30,synthetic_v1
SRC-01334,Synthetic monitoring record PAI-01334,synthetic://sih26103/PAI-01334,2026-04-30,synthetic_v1
SRC-01335,Synthetic monitoring record PAI-01335,synthetic://sih26103/PAI-01335,2026-04-30,synthetic_v1
SRC-01336,Synthetic monitoring record PAI-01336,synthetic://sih26103/PAI-01336,2026-04-30,synthetic_v1
SRC-01337,Synthetic monitoring record PAI-01337,synthetic://sih26103/PAI-01337,2026-04-30,synthetic_v1
SRC-01338,Synthetic monitoring record PAI-01338,synthetic://sih26103/PAI-01338,2026-04-30,synthetic_v1
SRC-01339,Synthetic monitoring record PAI-01339,synthetic://sih26103/PAI-01339,2026-04-30,synthetic_v1
SRC-01340,Synthetic monitoring record PAI-01340,synthetic://sih26103/PAI-01340,2026-04-30,synthetic_v1
SRC-01341,Synthetic monitoring record PAI-01341,synthetic://sih26103/PAI-01341,2026-04-30,synthetic_v1
SRC-01342,Synthetic monitoring record PAI-01342,synthetic://sih26103/PAI-01342,2026-04-30,synthetic_v1
SRC-01343,Synthetic monitoring record PAI-01343,synthetic://sih26103/PAI-01343,2026-04-30,synthetic_v1
SRC-01344,Synthetic monitoring record PAI-01344,synthetic://sih26103/PAI-01344,2026-04-30,synthetic_v1
SRC-01345,Synthetic monitoring record PAI-01345,synthetic://sih26103/PAI-01345,2026-04-30,synthetic_v1
SRC-01346,Synthetic monitoring record PAI-01346,synthetic://sih26103/PAI-01346,2026-04-30,synthetic_v1
SRC-01347,Synthetic monitoring record PAI-01347,synthetic://sih26103/PAI-01347,2026-04-30,synthetic_v1
SRC-01348,Synthetic monitoring record PAI-01348,synthetic://sih26103/PAI-01348,2026-04-30,synthetic_v1
SRC-01349,Synthetic monitoring record PAI-01349,synthetic://sih26103/PAI-01349,2026-04-30,synthetic_v1
SRC-01350,Synthetic monitoring record PAI-01350,synthetic://sih26103/PAI-01350,2026-04-30,synthetic_v1
SRC-01351,Synthetic monitoring record PAI-01351,synthetic://sih26103/PAI-01351,2026-04-30,synthetic_v1
SRC-01352,Synthetic monitoring record PAI-01352,synthetic://sih26103/PAI-01352,2026-04-30,synthetic_v1
SRC-01353,Synthetic monitoring record PAI-01353,synthetic://sih26103/PAI-01353,2026-04-30,synthetic_v1
SRC-01354,Synthetic monitoring record PAI-01354,synthetic://sih26103/PAI-01354,2026-04-30,synthetic_v1
SRC-01355,Synthetic monitoring record PAI-01355,synthetic://sih26103/PAI-01355,2026-04-30,synthetic_v1
SRC-01356,Synthetic monitoring record PAI-01356,synthetic://sih26103/PAI-01356,2026-04-30,synthetic_v1
SRC-01357,Synthetic monitoring record PAI-01357,synthetic://sih26103/PAI-01357,2026-04-30,synthetic_v1
SRC-01358,Synthetic monitoring record PAI-01358,synthetic://sih26103/PAI-01358,2026-04-30,synthetic_v1
SRC-01359,Synthetic monitoring record PAI-01359,synthetic://sih26103/PAI-01359,2026-04-30,synthetic_v1
SRC-01360,Synthetic monitoring record PAI-01360,synthetic://sih26103/PAI-01360,2026-04-30,synthetic_v1
SRC-01361,Synthetic monitoring record PAI-01361,synthetic://sih26103/PAI-01361,2026-04-30,synthetic_v1
SRC-01362,Synthetic monitoring record PAI-01362,synthetic://sih26103/PAI-01362,2026-04-30,synthetic_v1
SRC-01363,Synthetic monitoring record PAI-01363,synthetic://sih26103/PAI-01363,2026-04-30,synthetic_v1
SRC-01364,Synthetic monitoring record PAI-01364,synthetic://sih26103/PAI-01364,2026-04-30,synthetic_v1
SRC-01365,Synthetic monitoring record PAI-01365,synthetic://sih26103/PAI-01365,2026-04-30,synthetic_v1
SRC-01366,Synthetic monitoring record PAI-01366,synthetic://sih26103/PAI-01366,2026-04-30,synthetic_v1
SRC-01367,Synthetic monitoring record PAI-01367,synthetic://sih26103/PAI-01367,2026-04-30,synthetic_v1
SRC-01368,Synthetic monitoring record PAI-01368,synthetic://sih26103/PAI-01368,2026-04-30,synthetic_v1
SRC-01369,Synthetic monitoring record PAI-01369,synthetic://sih26103/PAI-01369,2026-04-30,synthetic_v1
SRC-01370,Synthetic monitoring record PAI-01370,synthetic://sih26103/PAI-01370,2026-04-30,synthetic_v1
SRC-01371,Synthetic monitoring record PAI-01371,synthetic://sih26103/PAI-01371,2026-04-30,synthetic_v1
SRC-01372,Synthetic monitoring record PAI-01372,synthetic://sih26103/PAI-01372,2026-04-30,synthetic_v1
SRC-01373,Synthetic monitoring record PAI-01373,synthetic://sih26103/PAI-01373,2026-04-30,synthetic_v1
SRC-01374,Synthetic monitoring record PAI-01374,synthetic://sih26103/PAI-01374,2026-04-30,synthetic_v1
SRC-01375,Synthetic monitoring record PAI-01375,synthetic://sih26103/PAI-01375,2026-04-30,synthetic_v1
SRC-01376,Synthetic monitoring record PAI-01376,synthetic://sih26103/PAI-01376,2026-04-30,synthetic_v1
SRC-01377,Synthetic monitoring record PAI-01377,synthetic://sih26103/PAI-01377,2026-04-30,synthetic_v1
SRC-01378,Synthetic monitoring record PAI-01378,synthetic://sih26103/PAI-01378,2026-04-30,synthetic_v1
SRC-01379,Synthetic monitoring record PAI-01379,synthetic://sih26103/PAI-01379,2026-04-30,synthetic_v1
SRC-01380,Synthetic monitoring record PAI-01380,synthetic://sih26103/PAI-01380,2026-04-30,synthetic_v1
SRC-01381,Synthetic monitoring record PAI-01381,synthetic://sih26103/PAI-01381,2026-04-30,synthetic_v1
SRC-01382,Synthetic monitoring record PAI-01382,synthetic://sih26103/PAI-01382,2026-04-30,synthetic_v1
SRC-01383,Synthetic monitoring record PAI-01383,synthetic://sih26103/PAI-01383,2026-04-30,synthetic_v1
SRC-01384,Synthetic monitoring record PAI-01384,synthetic://sih26103/PAI-01384,2026-04-30,synthetic_v1
SRC-01385,Synthetic monitoring record PAI-01385,synthetic://sih26103/PAI-01385,2026-04-30,synthetic_v1
SRC-01386,Synthetic monitoring record PAI-01386,synthetic://sih26103/PAI-01386,2026-04-30,synthetic_v1
SRC-01387,Synthetic monitoring record PAI-01387,synthetic://sih26103/PAI-01387,2026-04-30,synthetic_v1
SRC-01388,Synthetic monitoring record PAI-01388,synthetic://sih26103/PAI-01388,2026-04-30,synthetic_v1
SRC-01389,Synthetic monitoring record PAI-01389,synthetic://sih26103/PAI-01389,2026-04-30,synthetic_v1
SRC-01390,Synthetic monitoring record PAI-01390,synthetic://sih26103/PAI-01390,2026-04-30,synthetic_v1
SRC-01391,Synthetic monitoring record PAI-01391,synthetic://sih26103/PAI-01391,2026-04-30,synthetic_v1
SRC-01392,Synthetic monitoring record PAI-01392,synthetic://sih26103/PAI-01392,2026-04-30,synthetic_v1
SRC-01393,Synthetic monitoring record PAI-01393,synthetic://sih26103/PAI-01393,2026-04-30,synthetic_v1
SRC-01394,Synthetic monitoring record PAI-01394,synthetic://sih26103/PAI-01394,2026-04-30,synthetic_v1
SRC-01395,Synthetic monitoring record PAI-01395,synthetic://sih26103/PAI-01395,2026-04-30,synthetic_v1
SRC-01396,Synthetic monitoring record PAI-01396,synthetic://sih26103/PAI-01396,2026-04-30,synthetic_v1
SRC-01397,Synthetic monitoring record PAI-01397,synthetic://sih26103/PAI-01397,2026-04-30,synthetic_v1
SRC-01398,Synthetic monitoring record PAI-01398,synthetic://sih26103/PAI-01398,2026-04-30,synthetic_v1
SRC-01399,Synthetic monitoring record PAI-01399,synthetic://sih26103/PAI-01399,2026-04-30,synthetic_v1
SRC-01400,Synthetic monitoring record PAI-01400,synthetic://sih26103/PAI-01400,2026-04-30,synthetic_v1
SRC-01401,Synthetic monitoring record PAI-01401,synthetic://sih26103/PAI-01401,2026-04-30,synthetic_v1
SRC-01402,Synthetic monitoring record PAI-01402,synthetic://sih26103/PAI-01402,2026-04-30,synthetic_v1
SRC-01403,Synthetic monitoring record PAI-01403,synthetic://sih26103/PAI-01403,2026-04-30,synthetic_v1
SRC-01404,Synthetic monitoring record PAI-01404,synthetic://sih26103/PAI-01404,2026-04-30,synthetic_v1
SRC-01405,Synthetic monitoring record PAI-01405,synthetic://sih26103/PAI-01405,2026-04-30,synthetic_v1
SRC-01406,Synthetic monitoring record PAI-01406,synthetic://sih26103/PAI-01406,2026-04-30,synthetic_v1
SRC-01407,Synthetic monitoring record PAI-01407,synthetic://sih26103/PAI-01407,2026-04-30,synthetic_v1
SRC-01408,Synthetic monitoring record PAI-01408,synthetic://sih26103/PAI-01408,2026-04-30,synthetic_v1
SRC-01409,Synthetic monitoring record PAI-01409,synthetic://sih26103/PAI-01409,2026-04-30,synthetic_v1
SRC-01410,Synthetic monitoring record PAI-01410,synthetic://sih26103/PAI-01410,2026-04-30,synthetic_v1
SRC-01411,Synthetic monitoring record PAI-01411,synthetic://sih26103/PAI-01411,2026-04-30,synthetic_v1
SRC-01412,Synthetic monitoring record PAI-01412,synthetic://sih26103/PAI-01412,2026-04-30,synthetic_v1
SRC-01413,Synthetic monitoring record PAI-01413,synthetic://sih26103/PAI-01413,2026-04-30,synthetic_v1
SRC-01414,Synthetic monitoring record PAI-01414,synthetic://sih26103/PAI-01414,2026-04-30,synthetic_v1
SRC-01415,Synthetic monitoring record PAI-01415,synthetic://sih26103/PAI-01415,2026-04-30,synthetic_v1
SRC-01416,Synthetic monitoring record PAI-01416,synthetic://sih26103/PAI-01416,2026-04-30,synthetic_v1
SRC-01417,Synthetic monitoring record PAI-01417,synthetic://sih26103/PAI-01417,2026-04-30,synthetic_v1
SRC-01418,Synthetic monitoring record PAI-01418,synthetic://sih26103/PAI-01418,2026-04-30,synthetic_v1
SRC-01419,Synthetic monitoring record PAI-01419,synthetic://sih26103/PAI-01419,2026-04-30,synthetic_v1
SRC-01420,Synthetic monitoring record PAI-01420,synthetic://sih26103/PAI-01420,2026-04-30,synthetic_v1
SRC-01421,Synthetic monitoring record PAI-01421,synthetic://sih26103/PAI-01421,2026-04-30,synthetic_v1
SRC-01422,Synthetic monitoring record PAI-01422,synthetic://sih26103/PAI-01422,2026-04-30,synthetic_v1
SRC-01423,Synthetic monitoring record PAI-01423,synthetic://sih26103/PAI-01423,2026-04-30,synthetic_v1
SRC-01424,Synthetic monitoring record PAI-01424,synthetic://sih26103/PAI-01424,2026-04-30,synthetic_v1
SRC-01425,Synthetic monitoring record PAI-01425,synthetic://sih26103/PAI-01425,2026-04-30,synthetic_v1
SRC-01426,Synthetic monitoring record PAI-01426,synthetic://sih26103/PAI-01426,2026-04-30,synthetic_v1
SRC-01427,Synthetic monitoring record PAI-01427,synthetic://sih26103/PAI-01427,2026-04-30,synthetic_v1
SRC-01428,Synthetic monitoring record PAI-01428,synthetic://sih26103/PAI-01428,2026-04-30,synthetic_v1
SRC-01429,Synthetic monitoring record PAI-01429,synthetic://sih26103/PAI-01429,2026-04-30,synthetic_v1
SRC-01430,Synthetic monitoring record PAI-01430,synthetic://sih26103/PAI-01430,2026-04-30,synthetic_v1
SRC-01431,Synthetic monitoring record PAI-01431,synthetic://sih26103/PAI-01431,2026-04-30,synthetic_v1
SRC-01432,Synthetic monitoring record PAI-01432,synthetic://sih26103/PAI-01432,2026-04-30,synthetic_v1
SRC-01433,Synthetic monitoring record PAI-01433,synthetic://sih26103/PAI-01433,2026-04-30,synthetic_v1
SRC-01434,Synthetic monitoring record PAI-01434,synthetic://sih26103/PAI-01434,2026-04-30,synthetic_v1
SRC-01435,Synthetic monitoring record PAI-01435,synthetic://sih26103/PAI-01435,2026-04-30,synthetic_v1
SRC-01436,Synthetic monitoring record PAI-01436,synthetic://sih26103/PAI-01436,2026-04-30,synthetic_v1
SRC-01437,Synthetic monitoring record PAI-01437,synthetic://sih26103/PAI-01437,2026-04-30,synthetic_v1
SRC-01438,Synthetic monitoring record PAI-01438,synthetic://sih26103/PAI-01438,2026-04-30,synthetic_v1
SRC-01439,Synthetic monitoring record PAI-01439,synthetic://sih26103/PAI-01439,2026-04-30,synthetic_v1
SRC-01440,Synthetic monitoring record PAI-01440,synthetic://sih26103/PAI-01440,2026-04-30,synthetic_v1
SRC-01441,Synthetic monitoring record PAI-01441,synthetic://sih26103/PAI-01441,2026-04-30,synthetic_v1
SRC-01442,Synthetic monitoring record PAI-01442,synthetic://sih26103/PAI-01442,2026-04-30,synthetic_v1
SRC-01443,Synthetic monitoring record PAI-01443,synthetic://sih26103/PAI-01443,2026-04-30,synthetic_v1
SRC-01444,Synthetic monitoring record PAI-01444,synthetic://sih26103/PAI-01444,2026-04-30,synthetic_v1
SRC-01445,Synthetic monitoring record PAI-01445,synthetic://sih26103/PAI-01445,2026-04-30,synthetic_v1
SRC-01446,Synthetic monitoring record PAI-01446,synthetic://sih26103/PAI-01446,2026-04-30,synthetic_v1
SRC-01447,Synthetic monitoring record PAI-01447,synthetic://sih26103/PAI-01447,2026-04-30,synthetic_v1
SRC-01448,Synthetic monitoring record PAI-01448,synthetic://sih26103/PAI-01448,2026-04-30,synthetic_v1
SRC-01449,Synthetic monitoring record PAI-01449,synthetic://sih26103/PAI-01449,2026-04-30,synthetic_v1
SRC-01450,Synthetic monitoring record PAI-01450,synthetic://sih26103/PAI-01450,2026-04-30,synthetic_v1
SRC-01451,Synthetic monitoring record PAI-01451,synthetic://sih26103/PAI-01451,2026-04-30,synthetic_v1
SRC-01452,Synthetic monitoring record PAI-01452,synthetic://sih26103/PAI-01452,2026-04-30,synthetic_v1
SRC-01453,Synthetic monitoring record PAI-01453,synthetic://sih26103/PAI-01453,2026-04-30,synthetic_v1
SRC-01454,Synthetic monitoring record PAI-01454,synthetic://sih26103/PAI-01454,2026-04-30,synthetic_v1
SRC-01455,Synthetic monitoring record PAI-01455,synthetic://sih26103/PAI-01455,2026-04-30,synthetic_v1
SRC-01456,Synthetic monitoring record PAI-01456,synthetic://sih26103/PAI-01456,2026-04-30,synthetic_v1
SRC-01457,Synthetic monitoring record PAI-01457,synthetic://sih26103/PAI-01457,2026-04-30,synthetic_v1
SRC-01458,Synthetic monitoring record PAI-01458,synthetic://sih26103/PAI-01458,2026-04-30,synthetic_v1
SRC-01459,Synthetic monitoring record PAI-01459,synthetic://sih26103/PAI-01459,2026-04-30,synthetic_v1
SRC-01460,Synthetic monitoring record PAI-01460,synthetic://sih26103/PAI-01460,2026-04-30,synthetic_v1
SRC-01461,Synthetic monitoring record PAI-01461,synthetic://sih26103/PAI-01461,2026-04-30,synthetic_v1
SRC-01462,Synthetic monitoring record PAI-01462,synthetic://sih26103/PAI-01462,2026-04-30,synthetic_v1
SRC-01463,Synthetic monitoring record PAI-01463,synthetic://sih26103/PAI-01463,2026-04-30,synthetic_v1
SRC-01464,Synthetic monitoring record PAI-01464,synthetic://sih26103/PAI-01464,2026-04-30,synthetic_v1
SRC-01465,Synthetic monitoring record PAI-01465,synthetic://sih26103/PAI-01465,2026-04-30,synthetic_v1
SRC-01466,Synthetic monitoring record PAI-01466,synthetic://sih26103/PAI-01466,2026-04-30,synthetic_v1
SRC-01467,Synthetic monitoring record PAI-01467,synthetic://sih26103/PAI-01467,2026-04-30,synthetic_v1
SRC-01468,Synthetic monitoring record PAI-01468,synthetic://sih26103/PAI-01468,2026-04-30,synthetic_v1
SRC-01469,Synthetic monitoring record PAI-01469,synthetic://sih26103/PAI-01469,2026-04-30,synthetic_v1
SRC-01470,Synthetic monitoring record PAI-01470,synthetic://sih26103/PAI-01470,2026-04-30,synthetic_v1
SRC-01471,Synthetic monitoring record PAI-01471,synthetic://sih26103/PAI-01471,2026-04-30,synthetic_v1
SRC-01472,Synthetic monitoring record PAI-01472,synthetic://sih26103/PAI-01472,2026-04-30,synthetic_v1
SRC-01473,Synthetic monitoring record PAI-01473,synthetic://sih26103/PAI-01473,2026-04-30,synthetic_v1
SRC-01474,Synthetic monitoring record PAI-01474,synthetic://sih26103/PAI-01474,2026-04-30,synthetic_v1
SRC-01475,Synthetic monitoring record PAI-01475,synthetic://sih26103/PAI-01475,2026-04-30,synthetic_v1
SRC-01476,Synthetic monitoring record PAI-01476,synthetic://sih26103/PAI-01476,2026-04-30,synthetic_v1
SRC-01477,Synthetic monitoring record PAI-01477,synthetic://sih26103/PAI-01477,2026-04-30,synthetic_v1
SRC-01478,Synthetic monitoring record PAI-01478,synthetic://sih26103/PAI-01478,2026-04-30,synthetic_v1
SRC-01479,Synthetic monitoring record PAI-01479,synthetic://sih26103/PAI-01479,2026-04-30,synthetic_v1
SRC-01480,Synthetic monitoring record PAI-01480,synthetic://sih26103/PAI-01480,2026-04-30,synthetic_v1
SRC-01481,Synthetic monitoring record PAI-01481,synthetic://sih26103/PAI-01481,2026-04-30,synthetic_v1
SRC-01482,Synthetic monitoring record PAI-01482,synthetic://sih26103/PAI-01482,2026-04-30,synthetic_v1
SRC-01483,Synthetic monitoring record PAI-01483,synthetic://sih26103/PAI-01483,2026-04-30,synthetic_v1
SRC-01484,Synthetic monitoring record PAI-01484,synthetic://sih26103/PAI-01484,2026-04-30,synthetic_v1
SRC-01485,Synthetic monitoring record PAI-01485,synthetic://sih26103/PAI-01485,2026-04-30,synthetic_v1
SRC-01486,Synthetic monitoring record PAI-01486,synthetic://sih26103/PAI-01486,2026-04-30,synthetic_v1
SRC-01487,Synthetic monitoring record PAI-01487,synthetic://sih26103/PAI-01487,2026-04-30,synthetic_v1
SRC-01488,Synthetic monitoring record PAI-01488,synthetic://sih26103/PAI-01488,2026-04-30,synthetic_v1
SRC-01489,Synthetic monitoring record PAI-01489,synthetic://sih26103/PAI-01489,2026-04-30,synthetic_v1
SRC-01490,Synthetic monitoring record PAI-01490,synthetic://sih26103/PAI-01490,2026-04-30,synthetic_v1
SRC-01491,Synthetic monitoring record PAI-01491,synthetic://sih26103/PAI-01491,2026-04-30,synthetic_v1
SRC-01492,Synthetic monitoring record PAI-01492,synthetic://sih26103/PAI-01492,2026-04-30,synthetic_v1
SRC-01493,Synthetic monitoring record PAI-01493,synthetic://sih26103/PAI-01493,2026-04-30,synthetic_v1
SRC-01494,Synthetic monitoring record PAI-01494,synthetic://sih26103/PAI-01494,2026-04-30,synthetic_v1
SRC-01495,Synthetic monitoring record PAI-01495,synthetic://sih26103/PAI-01495,2026-04-30,synthetic_v1
SRC-01496,Synthetic monitoring record PAI-01496,synthetic://sih26103/PAI-01496,2026-04-30,synthetic_v1
SRC-01497,Synthetic monitoring record PAI-01497,synthetic://sih26103/PAI-01497,2026-04-30,synthetic_v1
SRC-01498,Synthetic monitoring record PAI-01498,synthetic://sih26103/PAI-01498,2026-04-30,synthetic_v1
SRC-01499,Synthetic monitoring record PAI-01499,synthetic://sih26103/PAI-01499,2026-04-30,synthetic_v1
SRC-01500,Synthetic monitoring record PAI-01500,synthetic://sih26103/PAI-01500,2026-04-30,synthetic_v1
SRC-01501,Synthetic monitoring record PAI-01501,synthetic://sih26103/PAI-01501,2026-04-30,synthetic_v1
SRC-01502,Synthetic monitoring record PAI-01502,synthetic://sih26103/PAI-01502,2026-04-30,synthetic_v1
SRC-01503,Synthetic monitoring record PAI-01503,synthetic://sih26103/PAI-01503,2026-04-30,synthetic_v1
SRC-01504,Synthetic monitoring record PAI-01504,synthetic://sih26103/PAI-01504,2026-04-30,synthetic_v1
SRC-01505,Synthetic monitoring record PAI-01505,synthetic://sih26103/PAI-01505,2026-04-30,synthetic_v1
SRC-01506,Synthetic monitoring record PAI-01506,synthetic://sih26103/PAI-01506,2026-04-30,synthetic_v1
SRC-01507,Synthetic monitoring record PAI-01507,synthetic://sih26103/PAI-01507,2026-04-30,synthetic_v1
SRC-01508,Synthetic monitoring record PAI-01508,synthetic://sih26103/PAI-01508,2026-04-30,synthetic_v1
SRC-01509,Synthetic monitoring record PAI-01509,synthetic://sih26103/PAI-01509,2026-04-30,synthetic_v1
SRC-01510,Synthetic monitoring record PAI-01510,synthetic://sih26103/PAI-01510,2026-04-30,synthetic_v1
SRC-01511,Synthetic monitoring record PAI-01511,synthetic://sih26103/PAI-01511,2026-04-30,synthetic_v1
SRC-01512,Synthetic monitoring record PAI-01512,synthetic://sih26103/PAI-01512,2026-04-30,synthetic_v1
SRC-01513,Synthetic monitoring record PAI-01513,synthetic://sih26103/PAI-01513,2026-04-30,synthetic_v1
SRC-01514,Synthetic monitoring record PAI-01514,synthetic://sih26103/PAI-01514,2026-04-30,synthetic_v1
SRC-01515,Synthetic monitoring record PAI-01515,synthetic://sih26103/PAI-01515,2026-04-30,synthetic_v1
SRC-01516,Synthetic monitoring record PAI-01516,synthetic://sih26103/PAI-01516,2026-04-30,synthetic_v1
SRC-01517,Synthetic monitoring record PAI-01517,synthetic://sih26103/PAI-01517,2026-04-30,synthetic_v1
SRC-01518,Synthetic monitoring record PAI-01518,synthetic://sih26103/PAI-01518,2026-04-30,synthetic_v1
SRC-01519,Synthetic monitoring record PAI-01519,synthetic://sih26103/PAI-01519,2026-04-30,synthetic_v1
SRC-01520,Synthetic monitoring record PAI-01520,synthetic://sih26103/PAI-01520,2026-04-30,synthetic_v1
SRC-01521,Synthetic monitoring record PAI-01521,synthetic://sih26103/PAI-01521,2026-04-30,synthetic_v1
SRC-01522,Synthetic monitoring record PAI-01522,synthetic://sih26103/PAI-01522,2026-04-30,synthetic_v1
SRC-01523,Synthetic monitoring record PAI-01523,synthetic://sih26103/PAI-01523,2026-04-30,synthetic_v1
SRC-01524,Synthetic monitoring record PAI-01524,synthetic://sih26103/PAI-01524,2026-04-30,synthetic_v1
SRC-01525,Synthetic monitoring record PAI-01525,synthetic://sih26103/PAI-01525,2026-04-30,synthetic_v1
SRC-01526,Synthetic monitoring record PAI-01526,synthetic://sih26103/PAI-01526,2026-04-30,synthetic_v1
SRC-01527,Synthetic monitoring record PAI-01527,synthetic://sih26103/PAI-01527,2026-04-30,synthetic_v1
SRC-01528,Synthetic monitoring record PAI-01528,synthetic://sih26103/PAI-01528,2026-04-30,synthetic_v1
SRC-01529,Synthetic monitoring record PAI-01529,synthetic://sih26103/PAI-01529,2026-04-30,synthetic_v1
SRC-01530,Synthetic monitoring record PAI-01530,synthetic://sih26103/PAI-01530,2026-04-30,synthetic_v1
SRC-01531,Synthetic monitoring record PAI-01531,synthetic://sih26103/PAI-01531,2026-04-30,synthetic_v1
SRC-01532,Synthetic monitoring record PAI-01532,synthetic://sih26103/PAI-01532,2026-04-30,synthetic_v1
SRC-01533,Synthetic monitoring record PAI-01533,synthetic://sih26103/PAI-01533,2026-04-30,synthetic_v1
SRC-01534,Synthetic monitoring record PAI-01534,synthetic://sih26103/PAI-01534,2026-04-30,synthetic_v1
SRC-01535,Synthetic monitoring record PAI-01535,synthetic://sih26103/PAI-01535,2026-04-30,synthetic_v1
SRC-01536,Synthetic monitoring record PAI-01536,synthetic://sih26103/PAI-01536,2026-04-30,synthetic_v1
SRC-01537,Synthetic monitoring record PAI-01537,synthetic://sih26103/PAI-01537,2026-04-30,synthetic_v1
SRC-01538,Synthetic monitoring record PAI-01538,synthetic://sih26103/PAI-01538,2026-04-30,synthetic_v1
SRC-01539,Synthetic monitoring record PAI-01539,synthetic://sih26103/PAI-01539,2026-04-30,synthetic_v1
SRC-01540,Synthetic monitoring record PAI-01540,synthetic://sih26103/PAI-01540,2026-04-30,synthetic_v1
SRC-01541,Synthetic monitoring record PAI-01541,synthetic://sih26103/PAI-01541,2026-04-30,synthetic_v1
SRC-01542,Synthetic monitoring record PAI-01542,synthetic://sih26103/PAI-01542,2026-04-30,synthetic_v1
SRC-01543,Synthetic monitoring record PAI-01543,synthetic://sih26103/PAI-01543,2026-04-30,synthetic_v1
SRC-01544,Synthetic monitoring record PAI-01544,synthetic://sih26103/PAI-01544,2026-04-30,synthetic_v1
SRC-01545,Synthetic monitoring record PAI-01545,synthetic://sih26103/PAI-01545,2026-04-30,synthetic_v1
SRC-01546,Synthetic monitoring record PAI-01546,synthetic://sih26103/PAI-01546,2026-04-30,synthetic_v1
SRC-01547,Synthetic monitoring record PAI-01547,synthetic://sih26103/PAI-01547,2026-04-30,synthetic_v1
SRC-01548,Synthetic monitoring record PAI-01548,synthetic://sih26103/PAI-01548,2026-04-30,synthetic_v1
SRC-01549,Synthetic monitoring record PAI-01549,synthetic://sih26103/PAI-01549,2026-04-30,synthetic_v1
SRC-01550,Synthetic monitoring record PAI-01550,synthetic://sih26103/PAI-01550,2026-04-30,synthetic_v1
SRC-01551,Synthetic monitoring record PAI-01551,synthetic://sih26103/PAI-01551,2026-04-30,synthetic_v1
SRC-01552,Synthetic monitoring record PAI-01552,synthetic://sih26103/PAI-01552,2026-04-30,synthetic_v1
SRC-01553,Synthetic monitoring record PAI-01553,synthetic://sih26103/PAI-01553,2026-04-30,synthetic_v1
SRC-01554,Synthetic monitoring record PAI-01554,synthetic://sih26103/PAI-01554,2026-04-30,synthetic_v1
SRC-01555,Synthetic monitoring record PAI-01555,synthetic://sih26103/PAI-01555,2026-04-30,synthetic_v1
SRC-01556,Synthetic monitoring record PAI-01556,synthetic://sih26103/PAI-01556,2026-04-30,synthetic_v1
SRC-01557,Synthetic monitoring record PAI-01557,synthetic://sih26103/PAI-01557,2026-04-30,synthetic_v1
SRC-01558,Synthetic monitoring record PAI-01558,synthetic://sih26103/PAI-01558,2026-04-30,synthetic_v1
SRC-01559,Synthetic monitoring record PAI-01559,synthetic://sih26103/PAI-01559,2026-04-30,synthetic_v1
SRC-01560,Synthetic monitoring record PAI-01560,synthetic://sih26103/PAI-01560,2026-04-30,synthetic_v1
SRC-01561,Synthetic monitoring record PAI-01561,synthetic://sih26103/PAI-01561,2026-04-30,synthetic_v1
SRC-01562,Synthetic monitoring record PAI-01562,synthetic://sih26103/PAI-01562,2026-04-30,synthetic_v1
SRC-01563,Synthetic monitoring record PAI-01563,synthetic://sih26103/PAI-01563,2026-04-30,synthetic_v1
SRC-01564,Synthetic monitoring record PAI-01564,synthetic://sih26103/PAI-01564,2026-04-30,synthetic_v1
SRC-01565,Synthetic monitoring record PAI-01565,synthetic://sih26103/PAI-01565,2026-04-30,synthetic_v1
SRC-01566,Synthetic monitoring record PAI-01566,synthetic://sih26103/PAI-01566,2026-04-30,synthetic_v1
SRC-01567,Synthetic monitoring record PAI-01567,synthetic://sih26103/PAI-01567,2026-04-30,synthetic_v1
SRC-01568,Synthetic monitoring record PAI-01568,synthetic://sih26103/PAI-01568,2026-04-30,synthetic_v1
SRC-01569,Synthetic monitoring record PAI-01569,synthetic://sih26103/PAI-01569,2026-04-30,synthetic_v1
SRC-01570,Synthetic monitoring record PAI-01570,synthetic://sih26103/PAI-01570,2026-04-30,synthetic_v1
SRC-01571,Synthetic monitoring record PAI-01571,synthetic://sih26103/PAI-01571,2026-04-30,synthetic_v1
SRC-01572,Synthetic monitoring record PAI-01572,synthetic://sih26103/PAI-01572,2026-04-30,synthetic_v1
SRC-01573,Synthetic monitoring record PAI-01573,synthetic://sih26103/PAI-01573,2026-04-30,synthetic_v1
SRC-01574,Synthetic monitoring record PAI-01574,synthetic://sih26103/PAI-01574,2026-04-30,synthetic_v1
SRC-01575,Synthetic monitoring record PAI-01575,synthetic://sih26103/PAI-01575,2026-04-30,synthetic_v1
SRC-01576,Synthetic monitoring record PAI-01576,synthetic://sih26103/PAI-01576,2026-04-30,synthetic_v1
SRC-01577,Synthetic monitoring record PAI-01577,synthetic://sih26103/PAI-01577,2026-04-30,synthetic_v1
SRC-01578,Synthetic monitoring record PAI-01578,synthetic://sih26103/PAI-01578,2026-04-30,synthetic_v1
SRC-01579,Synthetic monitoring record PAI-01579,synthetic://sih26103/PAI-01579,2026-04-30,synthetic_v1
SRC-01580,Synthetic monitoring record PAI-01580,synthetic://sih26103/PAI-01580,2026-04-30,synthetic_v1
SRC-01581,Synthetic monitoring record PAI-01581,synthetic://sih26103/PAI-01581,2026-04-30,synthetic_v1
SRC-01582,Synthetic monitoring record PAI-01582,synthetic://sih26103/PAI-01582,2026-04-30,synthetic_v1
SRC-01583,Synthetic monitoring record PAI-01583,synthetic://sih26103/PAI-01583,2026-04-30,synthetic_v1
SRC-01584,Synthetic monitoring record PAI-01584,synthetic://sih26103/PAI-01584,2026-04-30,synthetic_v1
SRC-01585,Synthetic monitoring record PAI-01585,synthetic://sih26103/PAI-01585,2026-04-30,synthetic_v1
SRC-01586,Synthetic monitoring record PAI-01586,synthetic://sih26103/PAI-01586,2026-04-30,synthetic_v1
SRC-01587,Synthetic monitoring record PAI-01587,synthetic://sih26103/PAI-01587,2026-04-30,synthetic_v1
SRC-01588,Synthetic monitoring record PAI-01588,synthetic://sih26103/PAI-01588,2026-04-30,synthetic_v1
SRC-01589,Synthetic monitoring record PAI-01589,synthetic://sih26103/PAI-01589,2026-04-30,synthetic_v1
SRC-01590,Synthetic monitoring record PAI-01590,synthetic://sih26103/PAI-01590,2026-04-30,synthetic_v1
SRC-01591,Synthetic monitoring record PAI-01591,synthetic://sih26103/PAI-01591,2026-04-30,synthetic_v1
SRC-01592,Synthetic monitoring record PAI-01592,synthetic://sih26103/PAI-01592,2026-04-30,synthetic_v1
SRC-01593,Synthetic monitoring record PAI-01593,synthetic://sih26103/PAI-01593,2026-04-30,synthetic_v1
SRC-01594,Synthetic monitoring record PAI-01594,synthetic://sih26103/PAI-01594,2026-04-30,synthetic_v1
SRC-01595,Synthetic monitoring record PAI-01595,synthetic://sih26103/PAI-01595,2026-04-30,synthetic_v1
SRC-01596,Synthetic monitoring record PAI-01596,synthetic://sih26103/PAI-01596,2026-04-30,synthetic_v1
SRC-01597,Synthetic monitoring record PAI-01597,synthetic://sih26103/PAI-01597,2026-04-30,synthetic_v1
SRC-01598,Synthetic monitoring record PAI-01598,synthetic://sih26103/PAI-01598,2026-04-30,synthetic_v1
SRC-01599,Synthetic monitoring record PAI-01599,synthetic://sih26103/PAI-01599,2026-04-30,synthetic_v1
SRC-01600,Synthetic monitoring record PAI-01600,synthetic://sih26103/PAI-01600,2026-04-30,synthetic_v1
SRC-01601,Synthetic monitoring record PAI-01601,synthetic://sih26103/PAI-01601,2026-04-30,synthetic_v1
SRC-01602,Synthetic monitoring record PAI-01602,synthetic://sih26103/PAI-01602,2026-04-30,synthetic_v1
SRC-01603,Synthetic monitoring record PAI-01603,synthetic://sih26103/PAI-01603,2026-04-30,synthetic_v1
SRC-01604,Synthetic monitoring record PAI-01604,synthetic://sih26103/PAI-01604,2026-04-30,synthetic_v1
SRC-01605,Synthetic monitoring record PAI-01605,synthetic://sih26103/PAI-01605,2026-04-30,synthetic_v1
SRC-01606,Synthetic monitoring record PAI-01606,synthetic://sih26103/PAI-01606,2026-04-30,synthetic_v1
SRC-01607,Synthetic monitoring record PAI-01607,synthetic://sih26103/PAI-01607,2026-04-30,synthetic_v1
SRC-01608,Synthetic monitoring record PAI-01608,synthetic://sih26103/PAI-01608,2026-04-30,synthetic_v1
SRC-01609,Synthetic monitoring record PAI-01609,synthetic://sih26103/PAI-01609,2026-04-30,synthetic_v1
SRC-01610,Synthetic monitoring record PAI-01610,synthetic://sih26103/PAI-01610,2026-04-30,synthetic_v1
SRC-01611,Synthetic monitoring record PAI-01611,synthetic://sih26103/PAI-01611,2026-04-30,synthetic_v1
SRC-01612,Synthetic monitoring record PAI-01612,synthetic://sih26103/PAI-01612,2026-04-30,synthetic_v1
SRC-01613,Synthetic monitoring record PAI-01613,synthetic://sih26103/PAI-01613,2026-04-30,synthetic_v1
SRC-01614,Synthetic monitoring record PAI-01614,synthetic://sih26103/PAI-01614,2026-04-30,synthetic_v1
SRC-01615,Synthetic monitoring record PAI-01615,synthetic://sih26103/PAI-01615,2026-04-30,synthetic_v1
SRC-01616,Synthetic monitoring record PAI-01616,synthetic://sih26103/PAI-01616,2026-04-30,synthetic_v1
SRC-01617,Synthetic monitoring record PAI-01617,synthetic://sih26103/PAI-01617,2026-04-30,synthetic_v1
SRC-01618,Synthetic monitoring record PAI-01618,synthetic://sih26103/PAI-01618,2026-04-30,synthetic_v1
SRC-01619,Synthetic monitoring record PAI-01619,synthetic://sih26103/PAI-01619,2026-04-30,synthetic_v1
SRC-01620,Synthetic monitoring record PAI-01620,synthetic://sih26103/PAI-01620,2026-04-30,synthetic_v1
SRC-01621,Synthetic monitoring record PAI-01621,synthetic://sih26103/PAI-01621,2026-04-30,synthetic_v1
SRC-01622,Synthetic monitoring record PAI-01622,synthetic://sih26103/PAI-01622,2026-04-30,synthetic_v1
SRC-01623,Synthetic monitoring record PAI-01623,synthetic://sih26103/PAI-01623,2026-04-30,synthetic_v1
SRC-01624,Synthetic monitoring record PAI-01624,synthetic://sih26103/PAI-01624,2026-04-30,synthetic_v1
SRC-01625,Synthetic monitoring record PAI-01625,synthetic://sih26103/PAI-01625,2026-04-30,synthetic_v1
SRC-01626,Synthetic monitoring record PAI-01626,synthetic://sih26103/PAI-01626,2026-04-30,synthetic_v1
SRC-01627,Synthetic monitoring record PAI-01627,synthetic://sih26103/PAI-01627,2026-04-30,synthetic_v1
SRC-01628,Synthetic monitoring record PAI-01628,synthetic://sih26103/PAI-01628,2026-04-30,synthetic_v1
SRC-01629,Synthetic monitoring record PAI-01629,synthetic://sih26103/PAI-01629,2026-04-30,synthetic_v1
SRC-01630,Synthetic monitoring record PAI-01630,synthetic://sih26103/PAI-01630,2026-04-30,synthetic_v1
SRC-01631,Synthetic monitoring record PAI-01631,synthetic://sih26103/PAI-01631,2026-04-30,synthetic_v1
SRC-01632,Synthetic monitoring record PAI-01632,synthetic://sih26103/PAI-01632,2026-04-30,synthetic_v1
SRC-01633,Synthetic monitoring record PAI-01633,synthetic://sih26103/PAI-01633,2026-04-30,synthetic_v1
SRC-01634,Synthetic monitoring record PAI-01634,synthetic://sih26103/PAI-01634,2026-04-30,synthetic_v1
SRC-01635,Synthetic monitoring record PAI-01635,synthetic://sih26103/PAI-01635,2026-04-30,synthetic_v1
SRC-01636,Synthetic monitoring record PAI-01636,synthetic://sih26103/PAI-01636,2026-04-30,synthetic_v1
SRC-01637,Synthetic monitoring record PAI-01637,synthetic://sih26103/PAI-01637,2026-04-30,synthetic_v1
SRC-01638,Synthetic monitoring record PAI-01638,synthetic://sih26103/PAI-01638,2026-04-30,synthetic_v1
SRC-01639,Synthetic monitoring record PAI-01639,synthetic://sih26103/PAI-01639,2026-04-30,synthetic_v1
SRC-01640,Synthetic monitoring record PAI-01640,synthetic://sih26103/PAI-01640,2026-04-30,synthetic_v1
SRC-01641,Synthetic monitoring record PAI-01641,synthetic://sih26103/PAI-01641,2026-04-30,synthetic_v1
SRC-01642,Synthetic monitoring record PAI-01642,synthetic://sih26103/PAI-01642,2026-04-30,synthetic_v1
SRC-01643,Synthetic monitoring record PAI-01643,synthetic://sih26103/PAI-01643,2026-04-30,synthetic_v1
SRC-01644,Synthetic monitoring record PAI-01644,synthetic://sih26103/PAI-01644,2026-04-30,synthetic_v1
SRC-01645,Synthetic monitoring record PAI-01645,synthetic://sih26103/PAI-01645,2026-04-30,synthetic_v1
SRC-01646,Synthetic monitoring record PAI-01646,synthetic://sih26103/PAI-01646,2026-04-30,synthetic_v1
SRC-01647,Synthetic monitoring record PAI-01647,synthetic://sih26103/PAI-01647,2026-04-30,synthetic_v1
SRC-01648,Synthetic monitoring record PAI-01648,synthetic://sih26103/PAI-01648,2026-04-30,synthetic_v1
SRC-01649,Synthetic monitoring record PAI-01649,synthetic://sih26103/PAI-01649,2026-04-30,synthetic_v1
SRC-01650,Synthetic monitoring record PAI-01650,synthetic://sih26103/PAI-01650,2026-04-30,synthetic_v1
SRC-01651,Synthetic monitoring record PAI-01651,synthetic://sih26103/PAI-01651,2026-04-30,synthetic_v1
SRC-01652,Synthetic monitoring record PAI-01652,synthetic://sih26103/PAI-01652,2026-04-30,synthetic_v1
SRC-01653,Synthetic monitoring record PAI-01653,synthetic://sih26103/PAI-01653,2026-04-30,synthetic_v1
SRC-01654,Synthetic monitoring record PAI-01654,synthetic://sih26103/PAI-01654,2026-04-30,synthetic_v1
SRC-01655,Synthetic monitoring record PAI-01655,synthetic://sih26103/PAI-01655,2026-04-30,synthetic_v1
SRC-01656,Synthetic monitoring record PAI-01656,synthetic://sih26103/PAI-01656,2026-04-30,synthetic_v1
SRC-01657,Synthetic monitoring record PAI-01657,synthetic://sih26103/PAI-01657,2026-04-30,synthetic_v1
SRC-01658,Synthetic monitoring record PAI-01658,synthetic://sih26103/PAI-01658,2026-04-30,synthetic_v1
SRC-01659,Synthetic monitoring record PAI-01659,synthetic://sih26103/PAI-01659,2026-04-30,synthetic_v1
SRC-01660,Synthetic monitoring record PAI-01660,synthetic://sih26103/PAI-01660,2026-04-30,synthetic_v1
SRC-01661,Synthetic monitoring record PAI-01661,synthetic://sih26103/PAI-01661,2026-04-30,synthetic_v1
SRC-01662,Synthetic monitoring record PAI-01662,synthetic://sih26103/PAI-01662,2026-04-30,synthetic_v1
SRC-01663,Synthetic monitoring record PAI-01663,synthetic://sih26103/PAI-01663,2026-04-30,synthetic_v1
SRC-01664,Synthetic monitoring record PAI-01664,synthetic://sih26103/PAI-01664,2026-04-30,synthetic_v1
SRC-01665,Synthetic monitoring record PAI-01665,synthetic://sih26103/PAI-01665,2026-04-30,synthetic_v1
SRC-01666,Synthetic monitoring record PAI-01666,synthetic://sih26103/PAI-01666,2026-04-30,synthetic_v1
SRC-01667,Synthetic monitoring record PAI-01667,synthetic://sih26103/PAI-01667,2026-04-30,synthetic_v1
SRC-01668,Synthetic monitoring record PAI-01668,synthetic://sih26103/PAI-01668,2026-04-30,synthetic_v1
SRC-01669,Synthetic monitoring record PAI-01669,synthetic://sih26103/PAI-01669,2026-04-30,synthetic_v1
SRC-01670,Synthetic monitoring record PAI-01670,synthetic://sih26103/PAI-01670,2026-04-30,synthetic_v1
SRC-01671,Synthetic monitoring record PAI-01671,synthetic://sih26103/PAI-01671,2026-04-30,synthetic_v1
SRC-01672,Synthetic monitoring record PAI-01672,synthetic://sih26103/PAI-01672,2026-04-30,synthetic_v1
SRC-01673,Synthetic monitoring record PAI-01673,synthetic://sih26103/PAI-01673,2026-04-30,synthetic_v1
SRC-01674,Synthetic monitoring record PAI-01674,synthetic://sih26103/PAI-01674,2026-04-30,synthetic_v1
SRC-01675,Synthetic monitoring record PAI-01675,synthetic://sih26103/PAI-01675,2026-04-30,synthetic_v1
SRC-01676,Synthetic monitoring record PAI-01676,synthetic://sih26103/PAI-01676,2026-04-30,synthetic_v1
SRC-01677,Synthetic monitoring record PAI-01677,synthetic://sih26103/PAI-01677,2026-04-30,synthetic_v1
SRC-01678,Synthetic monitoring record PAI-01678,synthetic://sih26103/PAI-01678,2026-04-30,synthetic_v1
SRC-01679,Synthetic monitoring record PAI-01679,synthetic://sih26103/PAI-01679,2026-04-30,synthetic_v1
SRC-01680,Synthetic monitoring record PAI-01680,synthetic://sih26103/PAI-01680,2026-04-30,synthetic_v1
SRC-01681,Synthetic monitoring record PAI-01681,synthetic://sih26103/PAI-01681,2026-04-30,synthetic_v1
SRC-01682,Synthetic monitoring record PAI-01682,synthetic://sih26103/PAI-01682,2026-04-30,synthetic_v1
SRC-01683,Synthetic monitoring record PAI-01683,synthetic://sih26103/PAI-01683,2026-04-30,synthetic_v1
SRC-01684,Synthetic monitoring record PAI-01684,synthetic://sih26103/PAI-01684,2026-04-30,synthetic_v1
SRC-01685,Synthetic monitoring record PAI-01685,synthetic://sih26103/PAI-01685,2026-04-30,synthetic_v1
SRC-01686,Synthetic monitoring record PAI-01686,synthetic://sih26103/PAI-01686,2026-04-30,synthetic_v1
SRC-01687,Synthetic monitoring record PAI-01687,synthetic://sih26103/PAI-01687,2026-04-30,synthetic_v1
SRC-01688,Synthetic monitoring record PAI-01688,synthetic://sih26103/PAI-01688,2026-04-30,synthetic_v1
SRC-01689,Synthetic monitoring record PAI-01689,synthetic://sih26103/PAI-01689,2026-04-30,synthetic_v1
SRC-01690,Synthetic monitoring record PAI-01690,synthetic://sih26103/PAI-01690,2026-04-30,synthetic_v1
SRC-01691,Synthetic monitoring record PAI-01691,synthetic://sih26103/PAI-01691,2026-04-30,synthetic_v1
SRC-01692,Synthetic monitoring record PAI-01692,synthetic://sih26103/PAI-01692,2026-04-30,synthetic_v1
SRC-01693,Synthetic monitoring record PAI-01693,synthetic://sih26103/PAI-01693,2026-04-30,synthetic_v1
SRC-01694,Synthetic monitoring record PAI-01694,synthetic://sih26103/PAI-01694,2026-04-30,synthetic_v1
SRC-01695,Synthetic monitoring record PAI-01695,synthetic://sih26103/PAI-01695,2026-04-30,synthetic_v1
SRC-01696,Synthetic monitoring record PAI-01696,synthetic://sih26103/PAI-01696,2026-04-30,synthetic_v1
SRC-01697,Synthetic monitoring record PAI-01697,synthetic://sih26103/PAI-01697,2026-04-30,synthetic_v1
SRC-01698,Synthetic monitoring record PAI-01698,synthetic://sih26103/PAI-01698,2026-04-30,synthetic_v1
SRC-01699,Synthetic monitoring record PAI-01699,synthetic://sih26103/PAI-01699,2026-04-30,synthetic_v1
SRC-01700,Synthetic monitoring record PAI-01700,synthetic://sih26103/PAI-01700,2026-04-30,synthetic_v1
SRC-01701,Synthetic monitoring record PAI-01701,synthetic://sih26103/PAI-01701,2026-04-30,synthetic_v1
SRC-01702,Synthetic monitoring record PAI-01702,synthetic://sih26103/PAI-01702,2026-04-30,synthetic_v1
SRC-01703,Synthetic monitoring record PAI-01703,synthetic://sih26103/PAI-01703,2026-04-30,synthetic_v1
SRC-01704,Synthetic monitoring record PAI-01704,synthetic://sih26103/PAI-01704,2026-04-30,synthetic_v1
SRC-01705,Synthetic monitoring record PAI-01705,synthetic://sih26103/PAI-01705,2026-04-30,synthetic_v1
SRC-01706,Synthetic monitoring record PAI-01706,synthetic://sih26103/PAI-01706,2026-04-30,synthetic_v1
SRC-01707,Synthetic monitoring record PAI-01707,synthetic://sih26103/PAI-01707,2026-04-30,synthetic_v1
SRC-01708,Synthetic monitoring record PAI-01708,synthetic://sih26103/PAI-01708,2026-04-30,synthetic_v1
SRC-01709,Synthetic monitoring record PAI-01709,synthetic://sih26103/PAI-01709,2026-04-30,synthetic_v1
SRC-01710,Synthetic monitoring record PAI-01710,synthetic://sih26103/PAI-01710,2026-04-30,synthetic_v1
SRC-01711,Synthetic monitoring record PAI-01711,synthetic://sih26103/PAI-01711,2026-04-30,synthetic_v1
SRC-01712,Synthetic monitoring record PAI-01712,synthetic://sih26103/PAI-01712,2026-04-30,synthetic_v1
SRC-01713,Synthetic monitoring record PAI-01713,synthetic://sih26103/PAI-01713,2026-04-30,synthetic_v1
SRC-01714,Synthetic monitoring record PAI-01714,synthetic://sih26103/PAI-01714,2026-04-30,synthetic_v1
SRC-01715,Synthetic monitoring record PAI-01715,synthetic://sih26103/PAI-01715,2026-04-30,synthetic_v1
SRC-01716,Synthetic monitoring record PAI-01716,synthetic://sih26103/PAI-01716,2026-04-30,synthetic_v1
SRC-01717,Synthetic monitoring record PAI-01717,synthetic://sih26103/PAI-01717,2026-04-30,synthetic_v1
SRC-01718,Synthetic monitoring record PAI-01718,synthetic://sih26103/PAI-01718,2026-04-30,synthetic_v1
SRC-01719,Synthetic monitoring record PAI-01719,synthetic://sih26103/PAI-01719,2026-04-30,synthetic_v1
SRC-01720,Synthetic monitoring record PAI-01720,synthetic://sih26103/PAI-01720,2026-04-30,synthetic_v1
SRC-01721,Synthetic monitoring record PAI-01721,synthetic://sih26103/PAI-01721,2026-04-30,synthetic_v1
SRC-01722,Synthetic monitoring record PAI-01722,synthetic://sih26103/PAI-01722,2026-04-30,synthetic_v1
SRC-01723,Synthetic monitoring record PAI-01723,synthetic://sih26103/PAI-01723,2026-04-30,synthetic_v1
SRC-01724,Synthetic monitoring record PAI-01724,synthetic://sih26103/PAI-01724,2026-04-30,synthetic_v1
SRC-01725,Synthetic monitoring record PAI-01725,synthetic://sih26103/PAI-01725,2026-04-30,synthetic_v1
SRC-01726,Synthetic monitoring record PAI-01726,synthetic://sih26103/PAI-01726,2026-04-30,synthetic_v1
SRC-01727,Synthetic monitoring record PAI-01727,synthetic://sih26103/PAI-01727,2026-04-30,synthetic_v1
SRC-01728,Synthetic monitoring record PAI-01728,synthetic://sih26103/PAI-01728,2026-04-30,synthetic_v1
SRC-01729,Synthetic monitoring record PAI-01729,synthetic://sih26103/PAI-01729,2026-04-30,synthetic_v1
SRC-01730,Synthetic monitoring record PAI-01730,synthetic://sih26103/PAI-01730,2026-04-30,synthetic_v1
SRC-01731,Synthetic monitoring record PAI-01731,synthetic://sih26103/PAI-01731,2026-04-30,synthetic_v1
SRC-01732,Synthetic monitoring record PAI-01732,synthetic://sih26103/PAI-01732,2026-04-30,synthetic_v1
SRC-01733,Synthetic monitoring record PAI-01733,synthetic://sih26103/PAI-01733,2026-04-30,synthetic_v1
SRC-01734,Synthetic monitoring record PAI-01734,synthetic://sih26103/PAI-01734,2026-04-30,synthetic_v1
SRC-01735,Synthetic monitoring record PAI-01735,synthetic://sih26103/PAI-01735,2026-04-30,synthetic_v1
SRC-01736,Synthetic monitoring record PAI-01736,synthetic://sih26103/PAI-01736,2026-04-30,synthetic_v1
SRC-01737,Synthetic monitoring record PAI-01737,synthetic://sih26103/PAI-01737,2026-04-30,synthetic_v1
SRC-01738,Synthetic monitoring record PAI-01738,synthetic://sih26103/PAI-01738,2026-04-30,synthetic_v1
SRC-01739,Synthetic monitoring record PAI-01739,synthetic://sih26103/PAI-01739,2026-04-30,synthetic_v1
SRC-01740,Synthetic monitoring record PAI-01740,synthetic://sih26103/PAI-01740,2026-04-30,synthetic_v1
SRC-01741,Synthetic monitoring record PAI-01741,synthetic://sih26103/PAI-01741,2026-04-30,synthetic_v1
SRC-01742,Synthetic monitoring record PAI-01742,synthetic://sih26103/PAI-01742,2026-04-30,synthetic_v1
SRC-01743,Synthetic monitoring record PAI-01743,synthetic://sih26103/PAI-01743,2026-04-30,synthetic_v1
SRC-01744,Synthetic monitoring record PAI-01744,synthetic://sih26103/PAI-01744,2026-04-30,synthetic_v1
SRC-01745,Synthetic monitoring record PAI-01745,synthetic://sih26103/PAI-01745,2026-04-30,synthetic_v1
SRC-01746,Synthetic monitoring record PAI-01746,synthetic://sih26103/PAI-01746,2026-04-30,synthetic_v1
SRC-01747,Synthetic monitoring record PAI-01747,synthetic://sih26103/PAI-01747,2026-04-30,synthetic_v1
SRC-01748,Synthetic monitoring record PAI-01748,synthetic://sih26103/PAI-01748,2026-04-30,synthetic_v1
SRC-01749,Synthetic monitoring record PAI-01749,synthetic://sih26103/PAI-01749,2026-04-30,synthetic_v1
SRC-01750,Synthetic monitoring record PAI-01750,synthetic://sih26103/PAI-01750,2026-04-30,synthetic_v1
SRC-01751,Synthetic monitoring record PAI-01751,synthetic://sih26103/PAI-01751,2026-04-30,synthetic_v1
SRC-01752,Synthetic monitoring record PAI-01752,synthetic://sih26103/PAI-01752,2026-04-30,synthetic_v1
SRC-01753,Synthetic monitoring record PAI-01753,synthetic://sih26103/PAI-01753,2026-04-30,synthetic_v1
SRC-01754,Synthetic monitoring record PAI-01754,synthetic://sih26103/PAI-01754,2026-04-30,synthetic_v1
SRC-01755,Synthetic monitoring record PAI-01755,synthetic://sih26103/PAI-01755,2026-04-30,synthetic_v1
SRC-01756,Synthetic monitoring record PAI-01756,synthetic://sih26103/PAI-01756,2026-04-30,synthetic_v1
SRC-01757,Synthetic monitoring record PAI-01757,synthetic://sih26103/PAI-01757,2026-04-30,synthetic_v1
SRC-01758,Synthetic monitoring record PAI-01758,synthetic://sih26103/PAI-01758,2026-04-30,synthetic_v1
SRC-01759,Synthetic monitoring record PAI-01759,synthetic://sih26103/PAI-01759,2026-04-30,synthetic_v1
SRC-01760,Synthetic monitoring record PAI-01760,synthetic://sih26103/PAI-01760,2026-04-30,synthetic_v1
SRC-01761,Synthetic monitoring record PAI-01761,synthetic://sih26103/PAI-01761,2026-04-30,synthetic_v1
SRC-01762,Synthetic monitoring record PAI-01762,synthetic://sih26103/PAI-01762,2026-04-30,synthetic_v1
SRC-01763,Synthetic monitoring record PAI-01763,synthetic://sih26103/PAI-01763,2026-04-30,synthetic_v1
SRC-01764,Synthetic monitoring record PAI-01764,synthetic://sih26103/PAI-01764,2026-04-30,synthetic_v1
SRC-01765,Synthetic monitoring record PAI-01765,synthetic://sih26103/PAI-01765,2026-04-30,synthetic_v1
SRC-01766,Synthetic monitoring record PAI-01766,synthetic://sih26103/PAI-01766,2026-04-30,synthetic_v1
SRC-01767,Synthetic monitoring record PAI-01767,synthetic://sih26103/PAI-01767,2026-04-30,synthetic_v1
SRC-01768,Synthetic monitoring record PAI-01768,synthetic://sih26103/PAI-01768,2026-04-30,synthetic_v1
SRC-01769,Synthetic monitoring record PAI-01769,synthetic://sih26103/PAI-01769,2026-04-30,synthetic_v1
SRC-01770,Synthetic monitoring record PAI-01770,synthetic://sih26103/PAI-01770,2026-04-30,synthetic_v1
SRC-01771,Synthetic monitoring record PAI-01771,synthetic://sih26103/PAI-01771,2026-04-30,synthetic_v1
SRC-01772,Synthetic monitoring record PAI-01772,synthetic://sih26103/PAI-01772,2026-04-30,synthetic_v1
SRC-01773,Synthetic monitoring record PAI-01773,synthetic://sih26103/PAI-01773,2026-04-30,synthetic_v1
SRC-01774,Synthetic monitoring record PAI-01774,synthetic://sih26103/PAI-01774,2026-04-30,synthetic_v1
SRC-01775,Synthetic monitoring record PAI-01775,synthetic://sih26103/PAI-01775,2026-04-30,synthetic_v1
SRC-01776,Synthetic monitoring record PAI-01776,synthetic://sih26103/PAI-01776,2026-04-30,synthetic_v1
SRC-01777,Synthetic monitoring record PAI-01777,synthetic://sih26103/PAI-01777,2026-04-30,synthetic_v1
SRC-01778,Synthetic monitoring record PAI-01778,synthetic://sih26103/PAI-01778,2026-04-30,synthetic_v1
SRC-01779,Synthetic monitoring record PAI-01779,synthetic://sih26103/PAI-01779,2026-04-30,synthetic_v1
SRC-01780,Synthetic monitoring record PAI-01780,synthetic://sih26103/PAI-01780,2026-04-30,synthetic_v1
SRC-01781,Synthetic monitoring record PAI-01781,synthetic://sih26103/PAI-01781,2026-04-30,synthetic_v1
SRC-01782,Synthetic monitoring record PAI-01782,synthetic://sih26103/PAI-01782,2026-04-30,synthetic_v1
SRC-01783,Synthetic monitoring record PAI-01783,synthetic://sih26103/PAI-01783,2026-04-30,synthetic_v1
SRC-01784,Synthetic monitoring record PAI-01784,synthetic://sih26103/PAI-01784,2026-04-30,synthetic_v1
SRC-01785,Synthetic monitoring record PAI-01785,synthetic://sih26103/PAI-01785,2026-04-30,synthetic_v1
SRC-01786,Synthetic monitoring record PAI-01786,synthetic://sih26103/PAI-01786,2026-04-30,synthetic_v1
SRC-01787,Synthetic monitoring record PAI-01787,synthetic://sih26103/PAI-01787,2026-04-30,synthetic_v1
SRC-01788,Synthetic monitoring record PAI-01788,synthetic://sih26103/PAI-01788,2026-04-30,synthetic_v1
SRC-01789,Synthetic monitoring record PAI-01789,synthetic://sih26103/PAI-01789,2026-04-30,synthetic_v1
SRC-01790,Synthetic monitoring record PAI-01790,synthetic://sih26103/PAI-01790,2026-04-30,synthetic_v1
SRC-01791,Synthetic monitoring record PAI-01791,synthetic://sih26103/PAI-01791,2026-04-30,synthetic_v1
SRC-01792,Synthetic monitoring record PAI-01792,synthetic://sih26103/PAI-01792,2026-04-30,synthetic_v1
SRC-01793,Synthetic monitoring record PAI-01793,synthetic://sih26103/PAI-01793,2026-04-30,synthetic_v1
SRC-01794,Synthetic monitoring record PAI-01794,synthetic://sih26103/PAI-01794,2026-04-30,synthetic_v1
SRC-01795,Synthetic monitoring record PAI-01795,synthetic://sih26103/PAI-01795,2026-04-30,synthetic_v1
SRC-01796,Synthetic monitoring record PAI-01796,synthetic://sih26103/PAI-01796,2026-04-30,synthetic_v1
SRC-01797,Synthetic monitoring record PAI-01797,synthetic://sih26103/PAI-01797,2026-04-30,synthetic_v1
SRC-01798,Synthetic monitoring record PAI-01798,synthetic://sih26103/PAI-01798,2026-04-30,synthetic_v1
SRC-01799,Synthetic monitoring record PAI-01799,synthetic://sih26103/PAI-01799,2026-04-30,synthetic_v1
SRC-01800,Synthetic monitoring record PAI-01800,synthetic://sih26103/PAI-01800,2026-04-30,synthetic_v1
SRC-01801,Synthetic monitoring record PAI-01801,synthetic://sih26103/PAI-01801,2026-04-30,synthetic_v1
SRC-01802,Synthetic monitoring record PAI-01802,synthetic://sih26103/PAI-01802,2026-04-30,synthetic_v1
SRC-01803,Synthetic monitoring record PAI-01803,synthetic://sih26103/PAI-01803,2026-04-30,synthetic_v1
SRC-01804,Synthetic monitoring record PAI-01804,synthetic://sih26103/PAI-01804,2026-04-30,synthetic_v1
SRC-01805,Synthetic monitoring record PAI-01805,synthetic://sih26103/PAI-01805,2026-04-30,synthetic_v1
SRC-01806,Synthetic monitoring record PAI-01806,synthetic://sih26103/PAI-01806,2026-04-30,synthetic_v1
SRC-01807,Synthetic monitoring record PAI-01807,synthetic://sih26103/PAI-01807,2026-04-30,synthetic_v1
SRC-01808,Synthetic monitoring record PAI-01808,synthetic://sih26103/PAI-01808,2026-04-30,synthetic_v1
SRC-01809,Synthetic monitoring record PAI-01809,synthetic://sih26103/PAI-01809,2026-04-30,synthetic_v1
SRC-01810,Synthetic monitoring record PAI-01810,synthetic://sih26103/PAI-01810,2026-04-30,synthetic_v1
SRC-01811,Synthetic monitoring record PAI-01811,synthetic://sih26103/PAI-01811,2026-04-30,synthetic_v1
SRC-01812,Synthetic monitoring record PAI-01812,synthetic://sih26103/PAI-01812,2026-04-30,synthetic_v1
SRC-01813,Synthetic monitoring record PAI-01813,synthetic://sih26103/PAI-01813,2026-04-30,synthetic_v1
SRC-01814,Synthetic monitoring record PAI-01814,synthetic://sih26103/PAI-01814,2026-04-30,synthetic_v1
SRC-01815,Synthetic monitoring record PAI-01815,synthetic://sih26103/PAI-01815,2026-04-30,synthetic_v1
SRC-01816,Synthetic monitoring record PAI-01816,synthetic://sih26103/PAI-01816,2026-04-30,synthetic_v1
SRC-01817,Synthetic monitoring record PAI-01817,synthetic://sih26103/PAI-01817,2026-04-30,synthetic_v1
SRC-01818,Synthetic monitoring record PAI-01818,synthetic://sih26103/PAI-01818,2026-04-30,synthetic_v1
SRC-01819,Synthetic monitoring record PAI-01819,synthetic://sih26103/PAI-01819,2026-04-30,synthetic_v1
SRC-01820,Synthetic monitoring record PAI-01820,synthetic://sih26103/PAI-01820,2026-04-30,synthetic_v1
SRC-01821,Synthetic monitoring record PAI-01821,synthetic://sih26103/PAI-01821,2026-04-30,synthetic_v1
SRC-01822,Synthetic monitoring record PAI-01822,synthetic://sih26103/PAI-01822,2026-04-30,synthetic_v1
SRC-01823,Synthetic monitoring record PAI-01823,synthetic://sih26103/PAI-01823,2026-04-30,synthetic_v1
SRC-01824,Synthetic monitoring record PAI-01824,synthetic://sih26103/PAI-01824,2026-04-30,synthetic_v1
SRC-01825,Synthetic monitoring record PAI-01825,synthetic://sih26103/PAI-01825,2026-04-30,synthetic_v1
SRC-01826,Synthetic monitoring record PAI-01826,synthetic://sih26103/PAI-01826,2026-04-30,synthetic_v1
SRC-01827,Synthetic monitoring record PAI-01827,synthetic://sih26103/PAI-01827,2026-04-30,synthetic_v1
SRC-01828,Synthetic monitoring record PAI-01828,synthetic://sih26103/PAI-01828,2026-04-30,synthetic_v1
SRC-01829,Synthetic monitoring record PAI-01829,synthetic://sih26103/PAI-01829,2026-04-30,synthetic_v1
SRC-01830,Synthetic monitoring record PAI-01830,synthetic://sih26103/PAI-01830,2026-04-30,synthetic_v1
SRC-01831,Synthetic monitoring record PAI-01831,synthetic://sih26103/PAI-01831,2026-04-30,synthetic_v1
SRC-01832,Synthetic monitoring record PAI-01832,synthetic://sih26103/PAI-01832,2026-04-30,synthetic_v1
SRC-01833,Synthetic monitoring record PAI-01833,synthetic://sih26103/PAI-01833,2026-04-30,synthetic_v1
SRC-01834,Synthetic monitoring record PAI-01834,synthetic://sih26103/PAI-01834,2026-04-30,synthetic_v1
SRC-01835,Synthetic monitoring record PAI-01835,synthetic://sih26103/PAI-01835,2026-04-30,synthetic_v1
SRC-01836,Synthetic monitoring record PAI-01836,synthetic://sih26103/PAI-01836,2026-04-30,synthetic_v1
SRC-01837,Synthetic monitoring record PAI-01837,synthetic://sih26103/PAI-01837,2026-04-30,synthetic_v1
SRC-01838,Synthetic monitoring record PAI-01838,synthetic://sih26103/PAI-01838,2026-04-30,synthetic_v1
SRC-01839,Synthetic monitoring record PAI-01839,synthetic://sih26103/PAI-01839,2026-04-30,synthetic_v1
SRC-01840,Synthetic monitoring record PAI-01840,synthetic://sih26103/PAI-01840,2026-04-30,synthetic_v1
SRC-01841,Synthetic monitoring record PAI-01841,synthetic://sih26103/PAI-01841,2026-04-30,synthetic_v1
SRC-01842,Synthetic monitoring record PAI-01842,synthetic://sih26103/PAI-01842,2026-04-30,synthetic_v1
SRC-01843,Synthetic monitoring record PAI-01843,synthetic://sih26103/PAI-01843,2026-04-30,synthetic_v1
SRC-01844,Synthetic monitoring record PAI-01844,synthetic://sih26103/PAI-01844,2026-04-30,synthetic_v1
SRC-01845,Synthetic monitoring record PAI-01845,synthetic://sih26103/PAI-01845,2026-04-30,synthetic_v1
SRC-01846,Synthetic monitoring record PAI-01846,synthetic://sih26103/PAI-01846,2026-04-30,synthetic_v1
SRC-01847,Synthetic monitoring record PAI-01847,synthetic://sih26103/PAI-01847,2026-04-30,synthetic_v1
SRC-01848,Synthetic monitoring record PAI-01848,synthetic://sih26103/PAI-01848,2026-04-30,synthetic_v1
SRC-01849,Synthetic monitoring record PAI-01849,synthetic://sih26103/PAI-01849,2026-04-30,synthetic_v1
SRC-01850,Synthetic monitoring record PAI-01850,synthetic://sih26103/PAI-01850,2026-04-30,synthetic_v1
SRC-01851,Synthetic monitoring record PAI-01851,synthetic://sih26103/PAI-01851,2026-04-30,synthetic_v1
SRC-01852,Synthetic monitoring record PAI-01852,synthetic://sih26103/PAI-01852,2026-04-30,synthetic_v1
SRC-01853,Synthetic monitoring record PAI-01853,synthetic://sih26103/PAI-01853,2026-04-30,synthetic_v1
SRC-01854,Synthetic monitoring record PAI-01854,synthetic://sih26103/PAI-01854,2026-04-30,synthetic_v1
SRC-01855,Synthetic monitoring record PAI-01855,synthetic://sih26103/PAI-01855,2026-04-30,synthetic_v1
SRC-01856,Synthetic monitoring record PAI-01856,synthetic://sih26103/PAI-01856,2026-04-30,synthetic_v1
SRC-01857,Synthetic monitoring record PAI-01857,synthetic://sih26103/PAI-01857,2026-04-30,synthetic_v1
SRC-01858,Synthetic monitoring record PAI-01858,synthetic://sih26103/PAI-01858,2026-04-30,synthetic_v1
SRC-01859,Synthetic monitoring record PAI-01859,synthetic://sih26103/PAI-01859,2026-04-30,synthetic_v1
SRC-01860,Synthetic monitoring record PAI-01860,synthetic://sih26103/PAI-01860,2026-04-30,synthetic_v1
SRC-01861,Synthetic monitoring record PAI-01861,synthetic://sih26103/PAI-01861,2026-04-30,synthetic_v1
SRC-01862,Synthetic monitoring record PAI-01862,synthetic://sih26103/PAI-01862,2026-04-30,synthetic_v1
SRC-01863,Synthetic monitoring record PAI-01863,synthetic://sih26103/PAI-01863,2026-04-30,synthetic_v1
SRC-01864,Synthetic monitoring record PAI-01864,synthetic://sih26103/PAI-01864,2026-04-30,synthetic_v1
SRC-01865,Synthetic monitoring record PAI-01865,synthetic://sih26103/PAI-01865,2026-04-30,synthetic_v1
SRC-01866,Synthetic monitoring record PAI-01866,synthetic://sih26103/PAI-01866,2026-04-30,synthetic_v1
SRC-01867,Synthetic monitoring record PAI-01867,synthetic://sih26103/PAI-01867,2026-04-30,synthetic_v1
SRC-01868,Synthetic monitoring record PAI-01868,synthetic://sih26103/PAI-01868,2026-04-30,synthetic_v1
SRC-01869,Synthetic monitoring record PAI-01869,synthetic://sih26103/PAI-01869,2026-04-30,synthetic_v1
SRC-01870,Synthetic monitoring record PAI-01870,synthetic://sih26103/PAI-01870,2026-04-30,synthetic_v1
SRC-01871,Synthetic monitoring record PAI-01871,synthetic://sih26103/PAI-01871,2026-04-30,synthetic_v1
SRC-01872,Synthetic monitoring record PAI-01872,synthetic://sih26103/PAI-01872,2026-04-30,synthetic_v1
SRC-01873,Synthetic monitoring record PAI-01873,synthetic://sih26103/PAI-01873,2026-04-30,synthetic_v1
SRC-01874,Synthetic monitoring record PAI-01874,synthetic://sih26103/PAI-01874,2026-04-30,synthetic_v1
SRC-01875,Synthetic monitoring record PAI-01875,synthetic://sih26103/PAI-01875,2026-04-30,synthetic_v1
SRC-01876,Synthetic monitoring record PAI-01876,synthetic://sih26103/PAI-01876,2026-04-30,synthetic_v1
SRC-01877,Synthetic monitoring record PAI-01877,synthetic://sih26103/PAI-01877,2026-04-30,synthetic_v1
SRC-01878,Synthetic monitoring record PAI-01878,synthetic://sih26103/PAI-01878,2026-04-30,synthetic_v1
SRC-01879,Synthetic monitoring record PAI-01879,synthetic://sih26103/PAI-01879,2026-04-30,synthetic_v1
SRC-01880,Synthetic monitoring record PAI-01880,synthetic://sih26103/PAI-01880,2026-04-30,synthetic_v1
SRC-01881,Synthetic monitoring record PAI-01881,synthetic://sih26103/PAI-01881,2026-04-30,synthetic_v1
SRC-01882,Synthetic monitoring record PAI-01882,synthetic://sih26103/PAI-01882,2026-04-30,synthetic_v1
SRC-01883,Synthetic monitoring record PAI-01883,synthetic://sih26103/PAI-01883,2026-04-30,synthetic_v1
SRC-01884,Synthetic monitoring record PAI-01884,synthetic://sih26103/PAI-01884,2026-04-30,synthetic_v1
SRC-01885,Synthetic monitoring record PAI-01885,synthetic://sih26103/PAI-01885,2026-04-30,synthetic_v1
SRC-01886,Synthetic monitoring record PAI-01886,synthetic://sih26103/PAI-01886,2026-04-30,synthetic_v1
SRC-01887,Synthetic monitoring record PAI-01887,synthetic://sih26103/PAI-01887,2026-04-30,synthetic_v1
SRC-01888,Synthetic monitoring record PAI-01888,synthetic://sih26103/PAI-01888,2026-04-30,synthetic_v1
SRC-01889,Synthetic monitoring record PAI-01889,synthetic://sih26103/PAI-01889,2026-04-30,synthetic_v1
SRC-01890,Synthetic monitoring record PAI-01890,synthetic://sih26103/PAI-01890,2026-04-30,synthetic_v1
SRC-01891,Synthetic monitoring record PAI-01891,synthetic://sih26103/PAI-01891,2026-04-30,synthetic_v1
SRC-01892,Synthetic monitoring record PAI-01892,synthetic://sih26103/PAI-01892,2026-04-30,synthetic_v1
SRC-01893,Synthetic monitoring record PAI-01893,synthetic://sih26103/PAI-01893,2026-04-30,synthetic_v1
SRC-01894,Synthetic monitoring record PAI-01894,synthetic://sih26103/PAI-01894,2026-04-30,synthetic_v1
SRC-01895,Synthetic monitoring record PAI-01895,synthetic://sih26103/PAI-01895,2026-04-30,synthetic_v1
SRC-01896,Synthetic monitoring record PAI-01896,synthetic://sih26103/PAI-01896,2026-04-30,synthetic_v1
SRC-01897,Synthetic monitoring record PAI-01897,synthetic://sih26103/PAI-01897,2026-04-30,synthetic_v1
SRC-01898,Synthetic monitoring record PAI-01898,synthetic://sih26103/PAI-01898,2026-04-30,synthetic_v1
SRC-01899,Synthetic monitoring record PAI-01899,synthetic://sih26103/PAI-01899,2026-04-30,synthetic_v1
SRC-01900,Synthetic monitoring record PAI-01900,synthetic://sih26103/PAI-01900,2026-04-30,synthetic_v1
SRC-01901,Synthetic monitoring record PAI-01901,synthetic://sih26103/PAI-01901,2026-04-30,synthetic_v1
SRC-01902,Synthetic monitoring record PAI-01902,synthetic://sih26103/PAI-01902,2026-04-30,synthetic_v1
SRC-01903,Synthetic monitoring record PAI-01903,synthetic://sih26103/PAI-01903,2026-04-30,synthetic_v1
SRC-01904,Synthetic monitoring record PAI-01904,synthetic://sih26103/PAI-01904,2026-04-30,synthetic_v1
SRC-01905,Synthetic monitoring record PAI-01905,synthetic://sih26103/PAI-01905,2026-04-30,synthetic_v1
SRC-01906,Synthetic monitoring record PAI-01906,synthetic://sih26103/PAI-01906,2026-04-30,synthetic_v1
SRC-01907,Synthetic monitoring record PAI-01907,synthetic://sih26103/PAI-01907,2026-04-30,synthetic_v1
SRC-01908,Synthetic monitoring record PAI-01908,synthetic://sih26103/PAI-01908,2026-04-30,synthetic_v1
SRC-01909,Synthetic monitoring record PAI-01909,synthetic://sih26103/PAI-01909,2026-04-30,synthetic_v1
SRC-01910,Synthetic monitoring record PAI-01910,synthetic://sih26103/PAI-01910,2026-04-30,synthetic_v1
SRC-01911,Synthetic monitoring record PAI-01911,synthetic://sih26103/PAI-01911,2026-04-30,synthetic_v1
SRC-01912,Synthetic monitoring record PAI-01912,synthetic://sih26103/PAI-01912,2026-04-30,synthetic_v1
SRC-01913,Synthetic monitoring record PAI-01913,synthetic://sih26103/PAI-01913,2026-04-30,synthetic_v1
SRC-01914,Synthetic monitoring record PAI-01914,synthetic://sih26103/PAI-01914,2026-04-30,synthetic_v1
SRC-01915,Synthetic monitoring record PAI-01915,synthetic://sih26103/PAI-01915,2026-04-30,synthetic_v1
SRC-01916,Synthetic monitoring record PAI-01916,synthetic://sih26103/PAI-01916,2026-04-30,synthetic_v1
SRC-01917,Synthetic monitoring record PAI-01917,synthetic://sih26103/PAI-01917,2026-04-30,synthetic_v1
SRC-01918,Synthetic monitoring record PAI-01918,synthetic://sih26103/PAI-01918,2026-04-30,synthetic_v1
SRC-01919,Synthetic monitoring record PAI-01919,synthetic://sih26103/PAI-01919,2026-04-30,synthetic_v1
SRC-01920,Synthetic monitoring record PAI-01920,synthetic://sih26103/PAI-01920,2026-04-30,synthetic_v1
SRC-01921,Synthetic monitoring record PAI-01921,synthetic://sih26103/PAI-01921,2026-04-30,synthetic_v1
SRC-01922,Synthetic monitoring record PAI-01922,synthetic://sih26103/PAI-01922,2026-04-30,synthetic_v1
SRC-01923,Synthetic monitoring record PAI-01923,synthetic://sih26103/PAI-01923,2026-04-30,synthetic_v1
SRC-01924,Synthetic monitoring record PAI-01924,synthetic://sih26103/PAI-01924,2026-04-30,synthetic_v1
SRC-01925,Synthetic monitoring record PAI-01925,synthetic://sih26103/PAI-01925,2026-04-30,synthetic_v1
SRC-01926,Synthetic monitoring record PAI-01926,synthetic://sih26103/PAI-01926,2026-04-30,synthetic_v1
SRC-01927,Synthetic monitoring record PAI-01927,synthetic://sih26103/PAI-01927,2026-04-30,synthetic_v1
SRC-01928,Synthetic monitoring record PAI-01928,synthetic://sih26103/PAI-01928,2026-04-30,synthetic_v1
SRC-01929,Synthetic monitoring record PAI-01929,synthetic://sih26103/PAI-01929,2026-04-30,synthetic_v1
SRC-01930,Synthetic monitoring record PAI-01930,synthetic://sih26103/PAI-01930,2026-04-30,synthetic_v1
SRC-01931,Synthetic monitoring record PAI-01931,synthetic://sih26103/PAI-01931,2026-04-30,synthetic_v1
SRC-01932,Synthetic monitoring record PAI-01932,synthetic://sih26103/PAI-01932,2026-04-30,synthetic_v1
SRC-01933,Synthetic monitoring record PAI-01933,synthetic://sih26103/PAI-01933,2026-04-30,synthetic_v1
SRC-01934,Synthetic monitoring record PAI-01934,synthetic://sih26103/PAI-01934,2026-04-30,synthetic_v1
SRC-01935,Synthetic monitoring record PAI-01935,synthetic://sih26103/PAI-01935,2026-04-30,synthetic_v1
SRC-01936,Synthetic monitoring record PAI-01936,synthetic://sih26103/PAI-01936,2026-04-30,synthetic_v1
SRC-01937,Synthetic monitoring record PAI-01937,synthetic://sih26103/PAI-01937,2026-04-30,synthetic_v1
SRC-01938,Synthetic monitoring record PAI-01938,synthetic://sih26103/PAI-01938,2026-04-30,synthetic_v1
SRC-01939,Synthetic monitoring record PAI-01939,synthetic://sih26103/PAI-01939,2026-04-30,synthetic_v1
SRC-01940,Synthetic monitoring record PAI-01940,synthetic://sih26103/PAI-01940,2026-04-30,synthetic_v1
SRC-01941,Synthetic monitoring record PAI-01941,synthetic://sih26103/PAI-01941,2026-04-30,synthetic_v1
SRC-01942,Synthetic monitoring record PAI-01942,synthetic://sih26103/PAI-01942,2026-04-30,synthetic_v1
SRC-01943,Synthetic monitoring record PAI-01943,synthetic://sih26103/PAI-01943,2026-04-30,synthetic_v1
SRC-01944,Synthetic monitoring record PAI-01944,synthetic://sih26103/PAI-01944,2026-04-30,synthetic_v1
SRC-01945,Synthetic monitoring record PAI-01945,synthetic://sih26103/PAI-01945,2026-04-30,synthetic_v1
SRC-01946,Synthetic monitoring record PAI-01946,synthetic://sih26103/PAI-01946,2026-04-30,synthetic_v1
SRC-01947,Synthetic monitoring record PAI-01947,synthetic://sih26103/PAI-01947,2026-04-30,synthetic_v1
SRC-01948,Synthetic monitoring record PAI-01948,synthetic://sih26103/PAI-01948,2026-04-30,synthetic_v1
SRC-01949,Synthetic monitoring record PAI-01949,synthetic://sih26103/PAI-01949,2026-04-30,synthetic_v1
SRC-01950,Synthetic monitoring record PAI-01950,synthetic://sih26103/PAI-01950,2026-04-30,synthetic_v1
SRC-01951,Synthetic monitoring record PAI-01951,synthetic://sih26103/PAI-01951,2026-04-30,synthetic_v1
SRC-01952,Synthetic monitoring record PAI-01952,synthetic://sih26103/PAI-01952,2026-04-30,synthetic_v1
SRC-01953,Synthetic monitoring record PAI-01953,synthetic://sih26103/PAI-01953,2026-04-30,synthetic_v1
SRC-01954,Synthetic monitoring record PAI-01954,synthetic://sih26103/PAI-01954,2026-04-30,synthetic_v1
SRC-01955,Synthetic monitoring record PAI-01955,synthetic://sih26103/PAI-01955,2026-04-30,synthetic_v1
SRC-01956,Synthetic monitoring record PAI-01956,synthetic://sih26103/PAI-01956,2026-04-30,synthetic_v1
SRC-01957,Synthetic monitoring record PAI-01957,synthetic://sih26103/PAI-01957,2026-04-30,synthetic_v1
SRC-01958,Synthetic monitoring record PAI-01958,synthetic://sih26103/PAI-01958,2026-04-30,synthetic_v1
SRC-01959,Synthetic monitoring record PAI-01959,synthetic://sih26103/PAI-01959,2026-04-30,synthetic_v1
SRC-01960,Synthetic monitoring record PAI-01960,synthetic://sih26103/PAI-01960,2026-04-30,synthetic_v1
SRC-01961,Synthetic monitoring record PAI-01961,synthetic://sih26103/PAI-01961,2026-04-30,synthetic_v1
SRC-01962,Synthetic monitoring record PAI-01962,synthetic://sih26103/PAI-01962,2026-04-30,synthetic_v1
SRC-01963,Synthetic monitoring record PAI-01963,synthetic://sih26103/PAI-01963,2026-04-30,synthetic_v1
SRC-01964,Synthetic monitoring record PAI-01964,synthetic://sih26103/PAI-01964,2026-04-30,synthetic_v1
SRC-01965,Synthetic monitoring record PAI-01965,synthetic://sih26103/PAI-01965,2026-04-30,synthetic_v1
SRC-01966,Synthetic monitoring record PAI-01966,synthetic://sih26103/PAI-01966,2026-04-30,synthetic_v1
SRC-01967,Synthetic monitoring record PAI-01967,synthetic://sih26103/PAI-01967,2026-04-30,synthetic_v1
SRC-01968,Synthetic monitoring record PAI-01968,synthetic://sih26103/PAI-01968,2026-04-30,synthetic_v1
SRC-01969,Synthetic monitoring record PAI-01969,synthetic://sih26103/PAI-01969,2026-04-30,synthetic_v1
SRC-01970,Synthetic monitoring record PAI-01970,synthetic://sih26103/PAI-01970,2026-04-30,synthetic_v1
SRC-01971,Synthetic monitoring record PAI-01971,synthetic://sih26103/PAI-01971,2026-04-30,synthetic_v1
SRC-01972,Synthetic monitoring record PAI-01972,synthetic://sih26103/PAI-01972,2026-04-30,synthetic_v1
SRC-01973,Synthetic monitoring record PAI-01973,synthetic://sih26103/PAI-01973,2026-04-30,synthetic_v1
SRC-01974,Synthetic monitoring record PAI-01974,synthetic://sih26103/PAI-01974,2026-04-30,synthetic_v1
SRC-01975,Synthetic monitoring record PAI-01975,synthetic://sih26103/PAI-01975,2026-04-30,synthetic_v1
SRC-01976,Synthetic monitoring record PAI-01976,synthetic://sih26103/PAI-01976,2026-04-30,synthetic_v1
SRC-01977,Synthetic monitoring record PAI-01977,synthetic://sih26103/PAI-01977,2026-04-30,synthetic_v1
SRC-01978,Synthetic monitoring record PAI-01978,synthetic://sih26103/PAI-01978,2026-04-30,synthetic_v1
SRC-01979,Synthetic monitoring record PAI-01979,synthetic://sih26103/PAI-01979,2026-04-30,synthetic_v1
SRC-01980,Synthetic monitoring record PAI-01980,synthetic://sih26103/PAI-01980,2026-04-30,synthetic_v1
SRC-01981,Synthetic monitoring record PAI-01981,synthetic://sih26103/PAI-01981,2026-04-30,synthetic_v1
SRC-01982,Synthetic monitoring record PAI-01982,synthetic://sih26103/PAI-01982,2026-04-30,synthetic_v1
SRC-01983,Synthetic monitoring record PAI-01983,synthetic://sih26103/PAI-01983,2026-04-30,synthetic_v1
SRC-01984,Synthetic monitoring record PAI-01984,synthetic://sih26103/PAI-01984,2026-04-30,synthetic_v1
SRC-01985,Synthetic monitoring record PAI-01985,synthetic://sih26103/PAI-01985,2026-04-30,synthetic_v1
SRC-01986,Synthetic monitoring record PAI-01986,synthetic://sih26103/PAI-01986,2026-04-30,synthetic_v1
SRC-01987,Synthetic monitoring record PAI-01987,synthetic://sih26103/PAI-01987,2026-04-30,synthetic_v1
SRC-01988,Synthetic monitoring record PAI-01988,synthetic://sih26103/PAI-01988,2026-04-30,synthetic_v1
SRC-01989,Synthetic monitoring record PAI-01989,synthetic://sih26103/PAI-01989,2026-04-30,synthetic_v1
SRC-01990,Synthetic monitoring record PAI-01990,synthetic://sih26103/PAI-01990,2026-04-30,synthetic_v1
SRC-01991,Synthetic monitoring record PAI-01991,synthetic://sih26103/PAI-01991,2026-04-30,synthetic_v1
SRC-01992,Synthetic monitoring record PAI-01992,synthetic://sih26103/PAI-01992,2026-04-30,synthetic_v1
SRC-01993,Synthetic monitoring record PAI-01993,synthetic://sih26103/PAI-01993,2026-04-30,synthetic_v1
SRC-01994,Synthetic monitoring record PAI-01994,synthetic://sih26103/PAI-01994,2026-04-30,synthetic_v1
SRC-01995,Synthetic monitoring record PAI-01995,synthetic://sih26103/PAI-01995,2026-04-30,synthetic_v1
SRC-01996,Synthetic monitoring record PAI-01996,synthetic://sih26103/PAI-01996,2026-04-30,synthetic_v1
SRC-01997,Synthetic monitoring record PAI-01997,synthetic://sih26103/PAI-01997,2026-04-30,synthetic_v1
SRC-01998,Synthetic monitoring record PAI-01998,synthetic://sih26103/PAI-01998,2026-04-30,synthetic_v1
SRC-01999,Synthetic monitoring record PAI-01999,synthetic://sih26103/PAI-01999,2026-04-30,synthetic_v1
SRC-02000,Synthetic monitoring record PAI-02000,synthetic://sih26103/PAI-02000,2026-04-30,synthetic_v1
SRC-02001,Synthetic monitoring record PAI-02001,synthetic://sih26103/PAI-02001,2026-04-30,synthetic_v1
SRC-02002,Synthetic monitoring record PAI-02002,synthetic://sih26103/PAI-02002,2026-04-30,synthetic_v1
SRC-02003,Synthetic monitoring record PAI-02003,synthetic://sih26103/PAI-02003,2026-04-30,synthetic_v1
SRC-02004,Synthetic monitoring record PAI-02004,synthetic://sih26103/PAI-02004,2026-04-30,synthetic_v1
SRC-02005,Synthetic monitoring record PAI-02005,synthetic://sih26103/PAI-02005,2026-04-30,synthetic_v1
SRC-02006,Synthetic monitoring record PAI-02006,synthetic://sih26103/PAI-02006,2026-04-30,synthetic_v1
SRC-02007,Synthetic monitoring record PAI-02007,synthetic://sih26103/PAI-02007,2026-04-30,synthetic_v1
SRC-02008,Synthetic monitoring record PAI-02008,synthetic://sih26103/PAI-02008,2026-04-30,synthetic_v1
SRC-02009,Synthetic monitoring record PAI-02009,synthetic://sih26103/PAI-02009,2026-04-30,synthetic_v1
SRC-02010,Synthetic monitoring record PAI-02010,synthetic://sih26103/PAI-02010,2026-04-30,synthetic_v1
SRC-02011,Synthetic monitoring record PAI-02011,synthetic://sih26103/PAI-02011,2026-04-30,synthetic_v1
SRC-02012,Synthetic monitoring record PAI-02012,synthetic://sih26103/PAI-02012,2026-04-30,synthetic_v1
SRC-02013,Synthetic monitoring record PAI-02013,synthetic://sih26103/PAI-02013,2026-04-30,synthetic_v1
SRC-02014,Synthetic monitoring record PAI-02014,synthetic://sih26103/PAI-02014,2026-04-30,synthetic_v1
SRC-02015,Synthetic monitoring record PAI-02015,synthetic://sih26103/PAI-02015,2026-04-30,synthetic_v1
SRC-02016,Synthetic monitoring record PAI-02016,synthetic://sih26103/PAI-02016,2026-04-30,synthetic_v1
SRC-02017,Synthetic monitoring record PAI-02017,synthetic://sih26103/PAI-02017,2026-04-30,synthetic_v1
SRC-02018,Synthetic monitoring record PAI-02018,synthetic://sih26103/PAI-02018,2026-04-30,synthetic_v1
SRC-02019,Synthetic monitoring record PAI-02019,synthetic://sih26103/PAI-02019,2026-04-30,synthetic_v1
SRC-02020,Synthetic monitoring record PAI-02020,synthetic://sih26103/PAI-02020,2026-04-30,synthetic_v1
SRC-02021,Synthetic monitoring record PAI-02021,synthetic://sih26103/PAI-02021,2026-04-30,synthetic_v1
SRC-02022,Synthetic monitoring record PAI-02022,synthetic://sih26103/PAI-02022,2026-04-30,synthetic_v1
SRC-02023,Synthetic monitoring record PAI-02023,synthetic://sih26103/PAI-02023,2026-04-30,synthetic_v1
SRC-02024,Synthetic monitoring record PAI-02024,synthetic://sih26103/PAI-02024,2026-04-30,synthetic_v1
SRC-02025,Synthetic monitoring record PAI-02025,synthetic://sih26103/PAI-02025,2026-04-30,synthetic_v1
SRC-02026,Synthetic monitoring record PAI-02026,synthetic://sih26103/PAI-02026,2026-04-30,synthetic_v1
SRC-02027,Synthetic monitoring record PAI-02027,synthetic://sih26103/PAI-02027,2026-04-30,synthetic_v1
SRC-02028,Synthetic monitoring record PAI-02028,synthetic://sih26103/PAI-02028,2026-04-30,synthetic_v1
SRC-02029,Synthetic monitoring record PAI-02029,synthetic://sih26103/PAI-02029,2026-04-30,synthetic_v1
SRC-02030,Synthetic monitoring record PAI-02030,synthetic://sih26103/PAI-02030,2026-04-30,synthetic_v1
SRC-02031,Synthetic monitoring record PAI-02031,synthetic://sih26103/PAI-02031,2026-04-30,synthetic_v1
SRC-02032,Synthetic monitoring record PAI-02032,synthetic://sih26103/PAI-02032,2026-04-30,synthetic_v1
SRC-02033,Synthetic monitoring record PAI-02033,synthetic://sih26103/PAI-02033,2026-04-30,synthetic_v1
SRC-02034,Synthetic monitoring record PAI-02034,synthetic://sih26103/PAI-02034,2026-04-30,synthetic_v1
SRC-02035,Synthetic monitoring record PAI-02035,synthetic://sih26103/PAI-02035,2026-04-30,synthetic_v1
SRC-02036,Synthetic monitoring record PAI-02036,synthetic://sih26103/PAI-02036,2026-04-30,synthetic_v1
SRC-02037,Synthetic monitoring record PAI-02037,synthetic://sih26103/PAI-02037,2026-04-30,synthetic_v1
SRC-02038,Synthetic monitoring record PAI-02038,synthetic://sih26103/PAI-02038,2026-04-30,synthetic_v1
SRC-02039,Synthetic monitoring record PAI-02039,synthetic://sih26103/PAI-02039,2026-04-30,synthetic_v1
SRC-02040,Synthetic monitoring record PAI-02040,synthetic://sih26103/PAI-02040,2026-04-30,synthetic_v1
SRC-02041,Synthetic monitoring record PAI-02041,synthetic://sih26103/PAI-02041,2026-04-30,synthetic_v1
SRC-02042,Synthetic monitoring record PAI-02042,synthetic://sih26103/PAI-02042,2026-04-30,synthetic_v1
SRC-02043,Synthetic monitoring record PAI-02043,synthetic://sih26103/PAI-02043,2026-04-30,synthetic_v1
SRC-02044,Synthetic monitoring record PAI-02044,synthetic://sih26103/PAI-02044,2026-04-30,synthetic_v1
SRC-02045,Synthetic monitoring record PAI-02045,synthetic://sih26103/PAI-02045,2026-04-30,synthetic_v1
SRC-02046,Synthetic monitoring record PAI-02046,synthetic://sih26103/PAI-02046,2026-04-30,synthetic_v1
SRC-02047,Synthetic monitoring record PAI-02047,synthetic://sih26103/PAI-02047,2026-04-30,synthetic_v1
SRC-02048,Synthetic monitoring record PAI-02048,synthetic://sih26103/PAI-02048,2026-04-30,synthetic_v1
SRC-02049,Synthetic monitoring record PAI-02049,synthetic://sih26103/PAI-02049,2026-04-30,synthetic_v1
SRC-02050,Synthetic monitoring record PAI-02050,synthetic://sih26103/PAI-02050,2026-04-30,synthetic_v1
SRC-02051,Synthetic monitoring record PAI-02051,synthetic://sih26103/PAI-02051,2026-04-30,synthetic_v1
SRC-02052,Synthetic monitoring record PAI-02052,synthetic://sih26103/PAI-02052,2026-04-30,synthetic_v1
SRC-02053,Synthetic monitoring record PAI-02053,synthetic://sih26103/PAI-02053,2026-04-30,synthetic_v1
SRC-02054,Synthetic monitoring record PAI-02054,synthetic://sih26103/PAI-02054,2026-04-30,synthetic_v1
SRC-02055,Synthetic monitoring record PAI-02055,synthetic://sih26103/PAI-02055,2026-04-30,synthetic_v1
SRC-02056,Synthetic monitoring record PAI-02056,synthetic://sih26103/PAI-02056,2026-04-30,synthetic_v1
SRC-02057,Synthetic monitoring record PAI-02057,synthetic://sih26103/PAI-02057,2026-04-30,synthetic_v1
SRC-02058,Synthetic monitoring record PAI-02058,synthetic://sih26103/PAI-02058,2026-04-30,synthetic_v1
SRC-02059,Synthetic monitoring record PAI-02059,synthetic://sih26103/PAI-02059,2026-04-30,synthetic_v1
SRC-02060,Synthetic monitoring record PAI-02060,synthetic://sih26103/PAI-02060,2026-04-30,synthetic_v1
SRC-02061,Synthetic monitoring record PAI-02061,synthetic://sih26103/PAI-02061,2026-04-30,synthetic_v1
SRC-02062,Synthetic monitoring record PAI-02062,synthetic://sih26103/PAI-02062,2026-04-30,synthetic_v1
SRC-02063,Synthetic monitoring record PAI-02063,synthetic://sih26103/PAI-02063,2026-04-30,synthetic_v1
SRC-02064,Synthetic monitoring record PAI-02064,synthetic://sih26103/PAI-02064,2026-04-30,synthetic_v1
SRC-02065,Synthetic monitoring record PAI-02065,synthetic://sih26103/PAI-02065,2026-04-30,synthetic_v1
SRC-02066,Synthetic monitoring record PAI-02066,synthetic://sih26103/PAI-02066,2026-04-30,synthetic_v1
SRC-02067,Synthetic monitoring record PAI-02067,synthetic://sih26103/PAI-02067,2026-04-30,synthetic_v1
SRC-02068,Synthetic monitoring record PAI-02068,synthetic://sih26103/PAI-02068,2026-04-30,synthetic_v1
SRC-02069,Synthetic monitoring record PAI-02069,synthetic://sih26103/PAI-02069,2026-04-30,synthetic_v1
SRC-02070,Synthetic monitoring record PAI-02070,synthetic://sih26103/PAI-02070,2026-04-30,synthetic_v1
SRC-02071,Synthetic monitoring record PAI-02071,synthetic://sih26103/PAI-02071,2026-04-30,synthetic_v1
SRC-02072,Synthetic monitoring record PAI-02072,synthetic://sih26103/PAI-02072,2026-04-30,synthetic_v1
SRC-02073,Synthetic monitoring record PAI-02073,synthetic://sih26103/PAI-02073,2026-04-30,synthetic_v1
SRC-02074,Synthetic monitoring record PAI-02074,synthetic://sih26103/PAI-02074,2026-04-30,synthetic_v1
SRC-02075,Synthetic monitoring record PAI-02075,synthetic://sih26103/PAI-02075,2026-04-30,synthetic_v1
SRC-02076,Synthetic monitoring record PAI-02076,synthetic://sih26103/PAI-02076,2026-04-30,synthetic_v1
SRC-02077,Synthetic monitoring record PAI-02077,synthetic://sih26103/PAI-02077,2026-04-30,synthetic_v1
SRC-02078,Synthetic monitoring record PAI-02078,synthetic://sih26103/PAI-02078,2026-04-30,synthetic_v1
SRC-02079,Synthetic monitoring record PAI-02079,synthetic://sih26103/PAI-02079,2026-04-30,synthetic_v1
SRC-02080,Synthetic monitoring record PAI-02080,synthetic://sih26103/PAI-02080,2026-04-30,synthetic_v1
SRC-02081,Synthetic monitoring record PAI-02081,synthetic://sih26103/PAI-02081,2026-04-30,synthetic_v1
SRC-02082,Synthetic monitoring record PAI-02082,synthetic://sih26103/PAI-02082,2026-04-30,synthetic_v1
SRC-02083,Synthetic monitoring record PAI-02083,synthetic://sih26103/PAI-02083,2026-04-30,synthetic_v1
SRC-02084,Synthetic monitoring record PAI-02084,synthetic://sih26103/PAI-02084,2026-04-30,synthetic_v1
SRC-02085,Synthetic monitoring record PAI-02085,synthetic://sih26103/PAI-02085,2026-04-30,synthetic_v1
SRC-02086,Synthetic monitoring record PAI-02086,synthetic://sih26103/PAI-02086,2026-04-30,synthetic_v1
SRC-02087,Synthetic monitoring record PAI-02087,synthetic://sih26103/PAI-02087,2026-04-30,synthetic_v1
SRC-02088,Synthetic monitoring record PAI-02088,synthetic://sih26103/PAI-02088,2026-04-30,synthetic_v1
SRC-02089,Synthetic monitoring record PAI-02089,synthetic://sih26103/PAI-02089,2026-04-30,synthetic_v1
SRC-02090,Synthetic monitoring record PAI-02090,synthetic://sih26103/PAI-02090,2026-04-30,synthetic_v1
SRC-02091,Synthetic monitoring record PAI-02091,synthetic://sih26103/PAI-02091,2026-04-30,synthetic_v1
SRC-02092,Synthetic monitoring record PAI-02092,synthetic://sih26103/PAI-02092,2026-04-30,synthetic_v1
SRC-02093,Synthetic monitoring record PAI-02093,synthetic://sih26103/PAI-02093,2026-04-30,synthetic_v1
SRC-02094,Synthetic monitoring record PAI-02094,synthetic://sih26103/PAI-02094,2026-04-30,synthetic_v1
SRC-02095,Synthetic monitoring record PAI-02095,synthetic://sih26103/PAI-02095,2026-04-30,synthetic_v1
SRC-02096,Synthetic monitoring record PAI-02096,synthetic://sih26103/PAI-02096,2026-04-30,synthetic_v1
SRC-02097,Synthetic monitoring record PAI-02097,synthetic://sih26103/PAI-02097,2026-04-30,synthetic_v1
SRC-02098,Synthetic monitoring record PAI-02098,synthetic://sih26103/PAI-02098,2026-04-30,synthetic_v1
SRC-02099,Synthetic monitoring record PAI-02099,synthetic://sih26103/PAI-02099,2026-04-30,synthetic_v1
SRC-02100,Synthetic monitoring record PAI-02100,synthetic://sih26103/PAI-02100,2026-04-30,synthetic_v1
SRC-02101,Synthetic monitoring record PAI-02101,synthetic://sih26103/PAI-02101,2026-04-30,synthetic_v1
SRC-02102,Synthetic monitoring record PAI-02102,synthetic://sih26103/PAI-02102,2026-04-30,synthetic_v1
SRC-02103,Synthetic monitoring record PAI-02103,synthetic://sih26103/PAI-02103,2026-04-30,synthetic_v1
SRC-02104,Synthetic monitoring record PAI-02104,synthetic://sih26103/PAI-02104,2026-04-30,synthetic_v1
SRC-02105,Synthetic monitoring record PAI-02105,synthetic://sih26103/PAI-02105,2026-04-30,synthetic_v1
SRC-02106,Synthetic monitoring record PAI-02106,synthetic://sih26103/PAI-02106,2026-04-30,synthetic_v1
SRC-02107,Synthetic monitoring record PAI-02107,synthetic://sih26103/PAI-02107,2026-04-30,synthetic_v1
SRC-02108,Synthetic monitoring record PAI-02108,synthetic://sih26103/PAI-02108,2026-04-30,synthetic_v1
SRC-02109,Synthetic monitoring record PAI-02109,synthetic://sih26103/PAI-02109,2026-04-30,synthetic_v1
SRC-02110,Synthetic monitoring record PAI-02110,synthetic://sih26103/PAI-02110,2026-04-30,synthetic_v1
SRC-02111,Synthetic monitoring record PAI-02111,synthetic://sih26103/PAI-02111,2026-04-30,synthetic_v1
SRC-02112,Synthetic monitoring record PAI-02112,synthetic://sih26103/PAI-02112,2026-04-30,synthetic_v1
SRC-02113,Synthetic monitoring record PAI-02113,synthetic://sih26103/PAI-02113,2026-04-30,synthetic_v1
SRC-02114,Synthetic monitoring record PAI-02114,synthetic://sih26103/PAI-02114,2026-04-30,synthetic_v1
SRC-02115,Synthetic monitoring record PAI-02115,synthetic://sih26103/PAI-02115,2026-04-30,synthetic_v1
SRC-02116,Synthetic monitoring record PAI-02116,synthetic://sih26103/PAI-02116,2026-04-30,synthetic_v1
SRC-02117,Synthetic monitoring record PAI-02117,synthetic://sih26103/PAI-02117,2026-04-30,synthetic_v1
SRC-02118,Synthetic monitoring record PAI-02118,synthetic://sih26103/PAI-02118,2026-04-30,synthetic_v1
SRC-02119,Synthetic monitoring record PAI-02119,synthetic://sih26103/PAI-02119,2026-04-30,synthetic_v1
SRC-02120,Synthetic monitoring record PAI-02120,synthetic://sih26103/PAI-02120,2026-04-30,synthetic_v1
SRC-02121,Synthetic monitoring record PAI-02121,synthetic://sih26103/PAI-02121,2026-04-30,synthetic_v1
SRC-02122,Synthetic monitoring record PAI-02122,synthetic://sih26103/PAI-02122,2026-04-30,synthetic_v1
SRC-02123,Synthetic monitoring record PAI-02123,synthetic://sih26103/PAI-02123,2026-04-30,synthetic_v1
SRC-02124,Synthetic monitoring record PAI-02124,synthetic://sih26103/PAI-02124,2026-04-30,synthetic_v1
SRC-02125,Synthetic monitoring record PAI-02125,synthetic://sih26103/PAI-02125,2026-04-30,synthetic_v1
SRC-02126,Synthetic monitoring record PAI-02126,synthetic://sih26103/PAI-02126,2026-04-30,synthetic_v1
SRC-02127,Synthetic monitoring record PAI-02127,synthetic://sih26103/PAI-02127,2026-04-30,synthetic_v1
SRC-02128,Synthetic monitoring record PAI-02128,synthetic://sih26103/PAI-02128,2026-04-30,synthetic_v1
SRC-02129,Synthetic monitoring record PAI-02129,synthetic://sih26103/PAI-02129,2026-04-30,synthetic_v1
SRC-02130,Synthetic monitoring record PAI-02130,synthetic://sih26103/PAI-02130,2026-04-30,synthetic_v1
SRC-02131,Synthetic monitoring record PAI-02131,synthetic://sih26103/PAI-02131,2026-04-30,synthetic_v1
SRC-02132,Synthetic monitoring record PAI-02132,synthetic://sih26103/PAI-02132,2026-04-30,synthetic_v1
SRC-02133,Synthetic monitoring record PAI-02133,synthetic://sih26103/PAI-02133,2026-04-30,synthetic_v1
SRC-02134,Synthetic monitoring record PAI-02134,synthetic://sih26103/PAI-02134,2026-04-30,synthetic_v1
SRC-02135,Synthetic monitoring record PAI-02135,synthetic://sih26103/PAI-02135,2026-04-30,synthetic_v1
SRC-02136,Synthetic monitoring record PAI-02136,synthetic://sih26103/PAI-02136,2026-04-30,synthetic_v1
SRC-02137,Synthetic monitoring record PAI-02137,synthetic://sih26103/PAI-02137,2026-04-30,synthetic_v1
SRC-02138,Synthetic monitoring record PAI-02138,synthetic://sih26103/PAI-02138,2026-04-30,synthetic_v1
SRC-02139,Synthetic monitoring record PAI-02139,synthetic://sih26103/PAI-02139,2026-04-30,synthetic_v1
SRC-02140,Synthetic monitoring record PAI-02140,synthetic://sih26103/PAI-02140,2026-04-30,synthetic_v1
SRC-02141,Synthetic monitoring record PAI-02141,synthetic://sih26103/PAI-02141,2026-04-30,synthetic_v1
SRC-02142,Synthetic monitoring record PAI-02142,synthetic://sih26103/PAI-02142,2026-04-30,synthetic_v1
SRC-02143,Synthetic monitoring record PAI-02143,synthetic://sih26103/PAI-02143,2026-04-30,synthetic_v1
SRC-02144,Synthetic monitoring record PAI-02144,synthetic://sih26103/PAI-02144,2026-04-30,synthetic_v1
SRC-02145,Synthetic monitoring record PAI-02145,synthetic://sih26103/PAI-02145,2026-04-30,synthetic_v1
SRC-02146,Synthetic monitoring record PAI-02146,synthetic://sih26103/PAI-02146,2026-04-30,synthetic_v1
SRC-02147,Synthetic monitoring record PAI-02147,synthetic://sih26103/PAI-02147,2026-04-30,synthetic_v1
SRC-02148,Synthetic monitoring record PAI-02148,synthetic://sih26103/PAI-02148,2026-04-30,synthetic_v1
SRC-02149,Synthetic monitoring record PAI-02149,synthetic://sih26103/PAI-02149,2026-04-30,synthetic_v1
SRC-02150,Synthetic monitoring record PAI-02150,synthetic://sih26103/PAI-02150,2026-04-30,synthetic_v1
SRC-02151,Synthetic monitoring record PAI-02151,synthetic://sih26103/PAI-02151,2026-04-30,synthetic_v1
SRC-02152,Synthetic monitoring record PAI-02152,synthetic://sih26103/PAI-02152,2026-04-30,synthetic_v1
SRC-02153,Synthetic monitoring record PAI-02153,synthetic://sih26103/PAI-02153,2026-04-30,synthetic_v1
SRC-02154,Synthetic monitoring record PAI-02154,synthetic://sih26103/PAI-02154,2026-04-30,synthetic_v1
SRC-02155,Synthetic monitoring record PAI-02155,synthetic://sih26103/PAI-02155,2026-04-30,synthetic_v1
SRC-02156,Synthetic monitoring record PAI-02156,synthetic://sih26103/PAI-02156,2026-04-30,synthetic_v1
SRC-02157,Synthetic monitoring record PAI-02157,synthetic://sih26103/PAI-02157,2026-04-30,synthetic_v1
SRC-02158,Synthetic monitoring record PAI-02158,synthetic://sih26103/PAI-02158,2026-04-30,synthetic_v1
SRC-02159,Synthetic monitoring record PAI-02159,synthetic://sih26103/PAI-02159,2026-04-30,synthetic_v1
SRC-02160,Synthetic monitoring record PAI-02160,synthetic://sih26103/PAI-02160,2026-04-30,synthetic_v1
SRC-02161,Synthetic monitoring record PAI-02161,synthetic://sih26103/PAI-02161,2026-04-30,synthetic_v1
SRC-02162,Synthetic monitoring record PAI-02162,synthetic://sih26103/PAI-02162,2026-04-30,synthetic_v1
SRC-02163,Synthetic monitoring record PAI-02163,synthetic://sih26103/PAI-02163,2026-04-30,synthetic_v1
SRC-02164,Synthetic monitoring record PAI-02164,synthetic://sih26103/PAI-02164,2026-04-30,synthetic_v1
SRC-02165,Synthetic monitoring record PAI-02165,synthetic://sih26103/PAI-02165,2026-04-30,synthetic_v1
SRC-02166,Synthetic monitoring record PAI-02166,synthetic://sih26103/PAI-02166,2026-04-30,synthetic_v1
SRC-02167,Synthetic monitoring record PAI-02167,synthetic://sih26103/PAI-02167,2026-04-30,synthetic_v1
SRC-02168,Synthetic monitoring record PAI-02168,synthetic://sih26103/PAI-02168,2026-04-30,synthetic_v1
SRC-02169,Synthetic monitoring record PAI-02169,synthetic://sih26103/PAI-02169,2026-04-30,synthetic_v1
SRC-02170,Synthetic monitoring record PAI-02170,synthetic://sih26103/PAI-02170,2026-04-30,synthetic_v1
SRC-02171,Synthetic monitoring record PAI-02171,synthetic://sih26103/PAI-02171,2026-04-30,synthetic_v1
SRC-02172,Synthetic monitoring record PAI-02172,synthetic://sih26103/PAI-02172,2026-04-30,synthetic_v1
SRC-02173,Synthetic monitoring record PAI-02173,synthetic://sih26103/PAI-02173,2026-04-30,synthetic_v1
SRC-02174,Synthetic monitoring record PAI-02174,synthetic://sih26103/PAI-02174,2026-04-30,synthetic_v1
SRC-02175,Synthetic monitoring record PAI-02175,synthetic://sih26103/PAI-02175,2026-04-30,synthetic_v1
SRC-02176,Synthetic monitoring record PAI-02176,synthetic://sih26103/PAI-02176,2026-04-30,synthetic_v1
SRC-02177,Synthetic monitoring record PAI-02177,synthetic://sih26103/PAI-02177,2026-04-30,synthetic_v1
SRC-02178,Synthetic monitoring record PAI-02178,synthetic://sih26103/PAI-02178,2026-04-30,synthetic_v1
SRC-02179,Synthetic monitoring record PAI-02179,synthetic://sih26103/PAI-02179,2026-04-30,synthetic_v1
SRC-02180,Synthetic monitoring record PAI-02180,synthetic://sih26103/PAI-02180,2026-04-30,synthetic_v1
SRC-02181,Synthetic monitoring record PAI-02181,synthetic://sih26103/PAI-02181,2026-04-30,synthetic_v1
SRC-02182,Synthetic monitoring record PAI-02182,synthetic://sih26103/PAI-02182,2026-04-30,synthetic_v1
SRC-02183,Synthetic monitoring record PAI-02183,synthetic://sih26103/PAI-02183,2026-04-30,synthetic_v1
SRC-02184,Synthetic monitoring record PAI-02184,synthetic://sih26103/PAI-02184,2026-04-30,synthetic_v1
SRC-02185,Synthetic monitoring record PAI-02185,synthetic://sih26103/PAI-02185,2026-04-30,synthetic_v1
SRC-02186,Synthetic monitoring record PAI-02186,synthetic://sih26103/PAI-02186,2026-04-30,synthetic_v1
SRC-02187,Synthetic monitoring record PAI-02187,synthetic://sih26103/PAI-02187,2026-04-30,synthetic_v1
SRC-02188,Synthetic monitoring record PAI-02188,synthetic://sih26103/PAI-02188,2026-04-30,synthetic_v1
SRC-02189,Synthetic monitoring record PAI-02189,synthetic://sih26103/PAI-02189,2026-04-30,synthetic_v1
SRC-02190,Synthetic monitoring record PAI-02190,synthetic://sih26103/PAI-02190,2026-04-30,synthetic_v1
SRC-02191,Synthetic monitoring record PAI-02191,synthetic://sih26103/PAI-02191,2026-04-30,synthetic_v1
SRC-02192,Synthetic monitoring record PAI-02192,synthetic://sih26103/PAI-02192,2026-04-30,synthetic_v1
SRC-02193,Synthetic monitoring record PAI-02193,synthetic://sih26103/PAI-02193,2026-04-30,synthetic_v1
SRC-02194,Synthetic monitoring record PAI-02194,synthetic://sih26103/PAI-02194,2026-04-30,synthetic_v1
SRC-02195,Synthetic monitoring record PAI-02195,synthetic://sih26103/PAI-02195,2026-04-30,synthetic_v1
SRC-02196,Synthetic monitoring record PAI-02196,synthetic://sih26103/PAI-02196,2026-04-30,synthetic_v1
SRC-02197,Synthetic monitoring record PAI-02197,synthetic://sih26103/PAI-02197,2026-04-30,synthetic_v1
SRC-02198,Synthetic monitoring record PAI-02198,synthetic://sih26103/PAI-02198,2026-04-30,synthetic_v1
SRC-02199,Synthetic monitoring record PAI-02199,synthetic://sih26103/PAI-02199,2026-04-30,synthetic_v1
SRC-02200,Synthetic monitoring record PAI-02200,synthetic://sih26103/PAI-02200,2026-04-30,synthetic_v1
SRC-02201,Synthetic monitoring record PAI-02201,synthetic://sih26103/PAI-02201,2026-04-30,synthetic_v1
SRC-02202,Synthetic monitoring record PAI-02202,synthetic://sih26103/PAI-02202,2026-04-30,synthetic_v1
SRC-02203,Synthetic monitoring record PAI-02203,synthetic://sih26103/PAI-02203,2026-04-30,synthetic_v1
SRC-02204,Synthetic monitoring record PAI-02204,synthetic://sih26103/PAI-02204,2026-04-30,synthetic_v1
SRC-02205,Synthetic monitoring record PAI-02205,synthetic://sih26103/PAI-02205,2026-04-30,synthetic_v1
SRC-02206,Synthetic monitoring record PAI-02206,synthetic://sih26103/PAI-02206,2026-04-30,synthetic_v1
SRC-02207,Synthetic monitoring record PAI-02207,synthetic://sih26103/PAI-02207,2026-04-30,synthetic_v1
SRC-02208,Synthetic monitoring record PAI-02208,synthetic://sih26103/PAI-02208,2026-04-30,synthetic_v1
SRC-02209,Synthetic monitoring record PAI-02209,synthetic://sih26103/PAI-02209,2026-04-30,synthetic_v1
SRC-02210,Synthetic monitoring record PAI-02210,synthetic://sih26103/PAI-02210,2026-04-30,synthetic_v1
SRC-02211,Synthetic monitoring record PAI-02211,synthetic://sih26103/PAI-02211,2026-04-30,synthetic_v1
SRC-02212,Synthetic monitoring record PAI-02212,synthetic://sih26103/PAI-02212,2026-04-30,synthetic_v1
SRC-02213,Synthetic monitoring record PAI-02213,synthetic://sih26103/PAI-02213,2026-04-30,synthetic_v1
SRC-02214,Synthetic monitoring record PAI-02214,synthetic://sih26103/PAI-02214,2026-04-30,synthetic_v1
SRC-02215,Synthetic monitoring record PAI-02215,synthetic://sih26103/PAI-02215,2026-04-30,synthetic_v1
SRC-02216,Synthetic monitoring record PAI-02216,synthetic://sih26103/PAI-02216,2026-04-30,synthetic_v1
SRC-02217,Synthetic monitoring record PAI-02217,synthetic://sih26103/PAI-02217,2026-04-30,synthetic_v1
SRC-02218,Synthetic monitoring record PAI-02218,synthetic://sih26103/PAI-02218,2026-04-30,synthetic_v1
SRC-02219,Synthetic monitoring record PAI-02219,synthetic://sih26103/PAI-02219,2026-04-30,synthetic_v1
SRC-02220,Synthetic monitoring record PAI-02220,synthetic://sih26103/PAI-02220,2026-04-30,synthetic_v1
SRC-02221,Synthetic monitoring record PAI-02221,synthetic://sih26103/PAI-02221,2026-04-30,synthetic_v1
SRC-02222,Synthetic monitoring record PAI-02222,synthetic://sih26103/PAI-02222,2026-04-30,synthetic_v1
SRC-02223,Synthetic monitoring record PAI-02223,synthetic://sih26103/PAI-02223,2026-04-30,synthetic_v1
SRC-02224,Synthetic monitoring record PAI-02224,synthetic://sih26103/PAI-02224,2026-04-30,synthetic_v1
SRC-02225,Synthetic monitoring record PAI-02225,synthetic://sih26103/PAI-02225,2026-04-30,synthetic_v1
SRC-02226,Synthetic monitoring record PAI-02226,synthetic://sih26103/PAI-02226,2026-04-30,synthetic_v1
SRC-02227,Synthetic monitoring record PAI-02227,synthetic://sih26103/PAI-02227,2026-04-30,synthetic_v1
SRC-02228,Synthetic monitoring record PAI-02228,synthetic://sih26103/PAI-02228,2026-04-30,synthetic_v1
SRC-02229,Synthetic monitoring record PAI-02229,synthetic://sih26103/PAI-02229,2026-04-30,synthetic_v1
SRC-02230,Synthetic monitoring record PAI-02230,synthetic://sih26103/PAI-02230,2026-04-30,synthetic_v1
SRC-02231,Synthetic monitoring record PAI-02231,synthetic://sih26103/PAI-02231,2026-04-30,synthetic_v1
SRC-02232,Synthetic monitoring record PAI-02232,synthetic://sih26103/PAI-02232,2026-04-30,synthetic_v1
SRC-02233,Synthetic monitoring record PAI-02233,synthetic://sih26103/PAI-02233,2026-04-30,synthetic_v1
SRC-02234,Synthetic monitoring record PAI-02234,synthetic://sih26103/PAI-02234,2026-04-30,synthetic_v1
SRC-02235,Synthetic monitoring record PAI-02235,synthetic://sih26103/PAI-02235,2026-04-30,synthetic_v1
SRC-02236,Synthetic monitoring record PAI-02236,synthetic://sih26103/PAI-02236,2026-04-30,synthetic_v1
SRC-02237,Synthetic monitoring record PAI-02237,synthetic://sih26103/PAI-02237,2026-04-30,synthetic_v1
SRC-02238,Synthetic monitoring record PAI-02238,synthetic://sih26103/PAI-02238,2026-04-30,synthetic_v1
SRC-02239,Synthetic monitoring record PAI-02239,synthetic://sih26103/PAI-02239,2026-04-30,synthetic_v1
SRC-02240,Synthetic monitoring record PAI-02240,synthetic://sih26103/PAI-02240,2026-04-30,synthetic_v1
SRC-02241,Synthetic monitoring record PAI-02241,synthetic://sih26103/PAI-02241,2026-04-30,synthetic_v1
SRC-02242,Synthetic monitoring record PAI-02242,synthetic://sih26103/PAI-02242,2026-04-30,synthetic_v1
SRC-02243,Synthetic monitoring record PAI-02243,synthetic://sih26103/PAI-02243,2026-04-30,synthetic_v1
SRC-02244,Synthetic monitoring record PAI-02244,synthetic://sih26103/PAI-02244,2026-04-30,synthetic_v1
SRC-02245,Synthetic monitoring record PAI-02245,synthetic://sih26103/PAI-02245,2026-04-30,synthetic_v1
SRC-02246,Synthetic monitoring record PAI-02246,synthetic://sih26103/PAI-02246,2026-04-30,synthetic_v1
SRC-02247,Synthetic monitoring record PAI-02247,synthetic://sih26103/PAI-02247,2026-04-30,synthetic_v1
SRC-02248,Synthetic monitoring record PAI-02248,synthetic://sih26103/PAI-02248,2026-04-30,synthetic_v1
SRC-02249,Synthetic monitoring record PAI-02249,synthetic://sih26103/PAI-02249,2026-04-30,synthetic_v1
SRC-02250,Synthetic monitoring record PAI-02250,synthetic://sih26103/PAI-02250,2026-04-30,synthetic_v1
SRC-02251,Synthetic monitoring record PAI-02251,synthetic://sih26103/PAI-02251,2026-04-30,synthetic_v1
SRC-02252,Synthetic monitoring record PAI-02252,synthetic://sih26103/PAI-02252,2026-04-30,synthetic_v1
SRC-02253,Synthetic monitoring record PAI-02253,synthetic://sih26103/PAI-02253,2026-04-30,synthetic_v1
SRC-02254,Synthetic monitoring record PAI-02254,synthetic://sih26103/PAI-02254,2026-04-30,synthetic_v1
SRC-02255,Synthetic monitoring record PAI-02255,synthetic://sih26103/PAI-02255,2026-04-30,synthetic_v1
SRC-02256,Synthetic monitoring record PAI-02256,synthetic://sih26103/PAI-02256,2026-04-30,synthetic_v1
SRC-02257,Synthetic monitoring record PAI-02257,synthetic://sih26103/PAI-02257,2026-04-30,synthetic_v1
SRC-02258,Synthetic monitoring record PAI-02258,synthetic://sih26103/PAI-02258,2026-04-30,synthetic_v1
SRC-02259,Synthetic monitoring record PAI-02259,synthetic://sih26103/PAI-02259,2026-04-30,synthetic_v1
SRC-02260,Synthetic monitoring record PAI-02260,synthetic://sih26103/PAI-02260,2026-04-30,synthetic_v1
SRC-02261,Synthetic monitoring record PAI-02261,synthetic://sih26103/PAI-02261,2026-04-30,synthetic_v1
SRC-02262,Synthetic monitoring record PAI-02262,synthetic://sih26103/PAI-02262,2026-04-30,synthetic_v1
SRC-02263,Synthetic monitoring record PAI-02263,synthetic://sih26103/PAI-02263,2026-04-30,synthetic_v1
SRC-02264,Synthetic monitoring record PAI-02264,synthetic://sih26103/PAI-02264,2026-04-30,synthetic_v1
SRC-02265,Synthetic monitoring record PAI-02265,synthetic://sih26103/PAI-02265,2026-04-30,synthetic_v1
SRC-02266,Synthetic monitoring record PAI-02266,synthetic://sih26103/PAI-02266,2026-04-30,synthetic_v1
SRC-02267,Synthetic monitoring record PAI-02267,synthetic://sih26103/PAI-02267,2026-04-30,synthetic_v1
SRC-02268,Synthetic monitoring record PAI-02268,synthetic://sih26103/PAI-02268,2026-04-30,synthetic_v1
SRC-02269,Synthetic monitoring record PAI-02269,synthetic://sih26103/PAI-02269,2026-04-30,synthetic_v1
SRC-02270,Synthetic monitoring record PAI-02270,synthetic://sih26103/PAI-02270,2026-04-30,synthetic_v1
SRC-02271,Synthetic monitoring record PAI-02271,synthetic://sih26103/PAI-02271,2026-04-30,synthetic_v1
SRC-02272,Synthetic monitoring record PAI-02272,synthetic://sih26103/PAI-02272,2026-04-30,synthetic_v1
SRC-02273,Synthetic monitoring record PAI-02273,synthetic://sih26103/PAI-02273,2026-04-30,synthetic_v1
SRC-02274,Synthetic monitoring record PAI-02274,synthetic://sih26103/PAI-02274,2026-04-30,synthetic_v1
SRC-02275,Synthetic monitoring record PAI-02275,synthetic://sih26103/PAI-02275,2026-04-30,synthetic_v1
SRC-02276,Synthetic monitoring record PAI-02276,synthetic://sih26103/PAI-02276,2026-04-30,synthetic_v1
SRC-02277,Synthetic monitoring record PAI-02277,synthetic://sih26103/PAI-02277,2026-04-30,synthetic_v1
SRC-02278,Synthetic monitoring record PAI-02278,synthetic://sih26103/PAI-02278,2026-04-30,synthetic_v1
SRC-02279,Synthetic monitoring record PAI-02279,synthetic://sih26103/PAI-02279,2026-04-30,synthetic_v1
SRC-02280,Synthetic monitoring record PAI-02280,synthetic://sih26103/PAI-02280,2026-04-30,synthetic_v1
SRC-02281,Synthetic monitoring record PAI-02281,synthetic://sih26103/PAI-02281,2026-04-30,synthetic_v1
SRC-02282,Synthetic monitoring record PAI-02282,synthetic://sih26103/PAI-02282,2026-04-30,synthetic_v1
SRC-02283,Synthetic monitoring record PAI-02283,synthetic://sih26103/PAI-02283,2026-04-30,synthetic_v1
SRC-02284,Synthetic monitoring record PAI-02284,synthetic://sih26103/PAI-02284,2026-04-30,synthetic_v1
SRC-02285,Synthetic monitoring record PAI-02285,synthetic://sih26103/PAI-02285,2026-04-30,synthetic_v1
SRC-02286,Synthetic monitoring record PAI-02286,synthetic://sih26103/PAI-02286,2026-04-30,synthetic_v1
SRC-02287,Synthetic monitoring record PAI-02287,synthetic://sih26103/PAI-02287,2026-04-30,synthetic_v1
SRC-02288,Synthetic monitoring record PAI-02288,synthetic://sih26103/PAI-02288,2026-04-30,synthetic_v1
SRC-02289,Synthetic monitoring record PAI-02289,synthetic://sih26103/PAI-02289,2026-04-30,synthetic_v1
SRC-02290,Synthetic monitoring record PAI-02290,synthetic://sih26103/PAI-02290,2026-04-30,synthetic_v1
SRC-02291,Synthetic monitoring record PAI-02291,synthetic://sih26103/PAI-02291,2026-04-30,synthetic_v1
SRC-02292,Synthetic monitoring record PAI-02292,synthetic://sih26103/PAI-02292,2026-04-30,synthetic_v1
SRC-02293,Synthetic monitoring record PAI-02293,synthetic://sih26103/PAI-02293,2026-04-30,synthetic_v1
SRC-02294,Synthetic monitoring record PAI-02294,synthetic://sih26103/PAI-02294,2026-04-30,synthetic_v1
SRC-02295,Synthetic monitoring record PAI-02295,synthetic://sih26103/PAI-02295,2026-04-30,synthetic_v1
SRC-02296,Synthetic monitoring record PAI-02296,synthetic://sih26103/PAI-02296,2026-04-30,synthetic_v1
SRC-02297,Synthetic monitoring record PAI-02297,synthetic://sih26103/PAI-02297,2026-04-30,synthetic_v1
SRC-02298,Synthetic monitoring record PAI-02298,synthetic://sih26103/PAI-02298,2026-04-30,synthetic_v1
SRC-02299,Synthetic monitoring record PAI-02299,synthetic://sih26103/PAI-02299,2026-04-30,synthetic_v1
SRC-02300,Synthetic monitoring record PAI-02300,synthetic://sih26103/PAI-02300,2026-04-30,synthetic_v1
SRC-02301,Synthetic monitoring record PAI-02301,synthetic://sih26103/PAI-02301,2026-04-30,synthetic_v1
SRC-02302,Synthetic monitoring record PAI-02302,synthetic://sih26103/PAI-02302,2026-04-30,synthetic_v1
SRC-02303,Synthetic monitoring record PAI-02303,synthetic://sih26103/PAI-02303,2026-04-30,synthetic_v1
SRC-02304,Synthetic monitoring record PAI-02304,synthetic://sih26103/PAI-02304,2026-04-30,synthetic_v1
SRC-02305,Synthetic monitoring record PAI-02305,synthetic://sih26103/PAI-02305,2026-04-30,synthetic_v1
SRC-02306,Synthetic monitoring record PAI-02306,synthetic://sih26103/PAI-02306,2026-04-30,synthetic_v1
SRC-02307,Synthetic monitoring record PAI-02307,synthetic://sih26103/PAI-02307,2026-04-30,synthetic_v1
SRC-02308,Synthetic monitoring record PAI-02308,synthetic://sih26103/PAI-02308,2026-04-30,synthetic_v1
SRC-02309,Synthetic monitoring record PAI-02309,synthetic://sih26103/PAI-02309,2026-04-30,synthetic_v1
SRC-02310,Synthetic monitoring record PAI-02310,synthetic://sih26103/PAI-02310,2026-04-30,synthetic_v1
SRC-02311,Synthetic monitoring record PAI-02311,synthetic://sih26103/PAI-02311,2026-04-30,synthetic_v1
SRC-02312,Synthetic monitoring record PAI-02312,synthetic://sih26103/PAI-02312,2026-04-30,synthetic_v1
SRC-02313,Synthetic monitoring record PAI-02313,synthetic://sih26103/PAI-02313,2026-04-30,synthetic_v1
SRC-02314,Synthetic monitoring record PAI-02314,synthetic://sih26103/PAI-02314,2026-04-30,synthetic_v1
SRC-02315,Synthetic monitoring record PAI-02315,synthetic://sih26103/PAI-02315,2026-04-30,synthetic_v1
SRC-02316,Synthetic monitoring record PAI-02316,synthetic://sih26103/PAI-02316,2026-04-30,synthetic_v1
SRC-02317,Synthetic monitoring record PAI-02317,synthetic://sih26103/PAI-02317,2026-04-30,synthetic_v1
SRC-02318,Synthetic monitoring record PAI-02318,synthetic://sih26103/PAI-02318,2026-04-30,synthetic_v1
SRC-02319,Synthetic monitoring record PAI-02319,synthetic://sih26103/PAI-02319,2026-04-30,synthetic_v1
SRC-02320,Synthetic monitoring record PAI-02320,synthetic://sih26103/PAI-02320,2026-04-30,synthetic_v1
SRC-02321,Synthetic monitoring record PAI-02321,synthetic://sih26103/PAI-02321,2026-04-30,synthetic_v1
SRC-02322,Synthetic monitoring record PAI-02322,synthetic://sih26103/PAI-02322,2026-04-30,synthetic_v1
SRC-02323,Synthetic monitoring record PAI-02323,synthetic://sih26103/PAI-02323,2026-04-30,synthetic_v1
SRC-02324,Synthetic monitoring record PAI-02324,synthetic://sih26103/PAI-02324,2026-04-30,synthetic_v1
SRC-02325,Synthetic monitoring record PAI-02325,synthetic://sih26103/PAI-02325,2026-04-30,synthetic_v1
SRC-02326,Synthetic monitoring record PAI-02326,synthetic://sih26103/PAI-02326,2026-04-30,synthetic_v1
SRC-02327,Synthetic monitoring record PAI-02327,synthetic://sih26103/PAI-02327,2026-04-30,synthetic_v1
SRC-02328,Synthetic monitoring record PAI-02328,synthetic://sih26103/PAI-02328,2026-04-30,synthetic_v1
SRC-02329,Synthetic monitoring record PAI-02329,synthetic://sih26103/PAI-02329,2026-04-30,synthetic_v1
SRC-02330,Synthetic monitoring record PAI-02330,synthetic://sih26103/PAI-02330,2026-04-30,synthetic_v1
SRC-02331,Synthetic monitoring record PAI-02331,synthetic://sih26103/PAI-02331,2026-04-30,synthetic_v1
SRC-02332,Synthetic monitoring record PAI-02332,synthetic://sih26103/PAI-02332,2026-04-30,synthetic_v1
SRC-02333,Synthetic monitoring record PAI-02333,synthetic://sih26103/PAI-02333,2026-04-30,synthetic_v1
SRC-02334,Synthetic monitoring record PAI-02334,synthetic://sih26103/PAI-02334,2026-04-30,synthetic_v1
SRC-02335,Synthetic monitoring record PAI-02335,synthetic://sih26103/PAI-02335,2026-04-30,synthetic_v1
SRC-02336,Synthetic monitoring record PAI-02336,synthetic://sih26103/PAI-02336,2026-04-30,synthetic_v1
SRC-02337,Synthetic monitoring record PAI-02337,synthetic://sih26103/PAI-02337,2026-04-30,synthetic_v1
SRC-02338,Synthetic monitoring record PAI-02338,synthetic://sih26103/PAI-02338,2026-04-30,synthetic_v1
SRC-02339,Synthetic monitoring record PAI-02339,synthetic://sih26103/PAI-02339,2026-04-30,synthetic_v1
SRC-02340,Synthetic monitoring record PAI-02340,synthetic://sih26103/PAI-02340,2026-04-30,synthetic_v1
SRC-02341,Synthetic monitoring record PAI-02341,synthetic://sih26103/PAI-02341,2026-04-30,synthetic_v1
SRC-02342,Synthetic monitoring record PAI-02342,synthetic://sih26103/PAI-02342,2026-04-30,synthetic_v1
SRC-02343,Synthetic monitoring record PAI-02343,synthetic://sih26103/PAI-02343,2026-04-30,synthetic_v1
SRC-02344,Synthetic monitoring record PAI-02344,synthetic://sih26103/PAI-02344,2026-04-30,synthetic_v1
SRC-02345,Synthetic monitoring record PAI-02345,synthetic://sih26103/PAI-02345,2026-04-30,synthetic_v1
SRC-02346,Synthetic monitoring record PAI-02346,synthetic://sih26103/PAI-02346,2026-04-30,synthetic_v1
SRC-02347,Synthetic monitoring record PAI-02347,synthetic://sih26103/PAI-02347,2026-04-30,synthetic_v1
SRC-02348,Synthetic monitoring record PAI-02348,synthetic://sih26103/PAI-02348,2026-04-30,synthetic_v1
SRC-02349,Synthetic monitoring record PAI-02349,synthetic://sih26103/PAI-02349,2026-04-30,synthetic_v1
SRC-02350,Synthetic monitoring record PAI-02350,synthetic://sih26103/PAI-02350,2026-04-30,synthetic_v1
SRC-02351,Synthetic monitoring record PAI-02351,synthetic://sih26103/PAI-02351,2026-04-30,synthetic_v1
SRC-02352,Synthetic monitoring record PAI-02352,synthetic://sih26103/PAI-02352,2026-04-30,synthetic_v1
SRC-02353,Synthetic monitoring record PAI-02353,synthetic://sih26103/PAI-02353,2026-04-30,synthetic_v1
SRC-02354,Synthetic monitoring record PAI-02354,synthetic://sih26103/PAI-02354,2026-04-30,synthetic_v1
SRC-02355,Synthetic monitoring record PAI-02355,synthetic://sih26103/PAI-02355,2026-04-30,synthetic_v1
SRC-02356,Synthetic monitoring record PAI-02356,synthetic://sih26103/PAI-02356,2026-04-30,synthetic_v1
SRC-02357,Synthetic monitoring record PAI-02357,synthetic://sih26103/PAI-02357,2026-04-30,synthetic_v1
SRC-02358,Synthetic monitoring record PAI-02358,synthetic://sih26103/PAI-02358,2026-04-30,synthetic_v1
SRC-02359,Synthetic monitoring record PAI-02359,synthetic://sih26103/PAI-02359,2026-04-30,synthetic_v1
SRC-02360,Synthetic monitoring record PAI-02360,synthetic://sih26103/PAI-02360,2026-04-30,synthetic_v1
SRC-02361,Synthetic monitoring record PAI-02361,synthetic://sih26103/PAI-02361,2026-04-30,synthetic_v1
SRC-02362,Synthetic monitoring record PAI-02362,synthetic://sih26103/PAI-02362,2026-04-30,synthetic_v1
SRC-02363,Synthetic monitoring record PAI-02363,synthetic://sih26103/PAI-02363,2026-04-30,synthetic_v1
SRC-02364,Synthetic monitoring record PAI-02364,synthetic://sih26103/PAI-02364,2026-04-30,synthetic_v1
SRC-02365,Synthetic monitoring record PAI-02365,synthetic://sih26103/PAI-02365,2026-04-30,synthetic_v1
SRC-02366,Synthetic monitoring record PAI-02366,synthetic://sih26103/PAI-02366,2026-04-30,synthetic_v1
SRC-02367,Synthetic monitoring record PAI-02367,synthetic://sih26103/PAI-02367,2026-04-30,synthetic_v1
SRC-02368,Synthetic monitoring record PAI-02368,synthetic://sih26103/PAI-02368,2026-04-30,synthetic_v1
SRC-02369,Synthetic monitoring record PAI-02369,synthetic://sih26103/PAI-02369,2026-04-30,synthetic_v1
SRC-02370,Synthetic monitoring record PAI-02370,synthetic://sih26103/PAI-02370,2026-04-30,synthetic_v1
SRC-02371,Synthetic monitoring record PAI-02371,synthetic://sih26103/PAI-02371,2026-04-30,synthetic_v1
SRC-02372,Synthetic monitoring record PAI-02372,synthetic://sih26103/PAI-02372,2026-04-30,synthetic_v1
SRC-02373,Synthetic monitoring record PAI-02373,synthetic://sih26103/PAI-02373,2026-04-30,synthetic_v1
SRC-02374,Synthetic monitoring record PAI-02374,synthetic://sih26103/PAI-02374,2026-04-30,synthetic_v1
SRC-02375,Synthetic monitoring record PAI-02375,synthetic://sih26103/PAI-02375,2026-04-30,synthetic_v1
SRC-02376,Synthetic monitoring record PAI-02376,synthetic://sih26103/PAI-02376,2026-04-30,synthetic_v1
SRC-02377,Synthetic monitoring record PAI-02377,synthetic://sih26103/PAI-02377,2026-04-30,synthetic_v1
SRC-02378,Synthetic monitoring record PAI-02378,synthetic://sih26103/PAI-02378,2026-04-30,synthetic_v1
SRC-02379,Synthetic monitoring record PAI-02379,synthetic://sih26103/PAI-02379,2026-04-30,synthetic_v1
SRC-02380,Synthetic monitoring record PAI-02380,synthetic://sih26103/PAI-02380,2026-04-30,synthetic_v1
SRC-02381,Synthetic monitoring record PAI-02381,synthetic://sih26103/PAI-02381,2026-04-30,synthetic_v1
SRC-02382,Synthetic monitoring record PAI-02382,synthetic://sih26103/PAI-02382,2026-04-30,synthetic_v1
SRC-02383,Synthetic monitoring record PAI-02383,synthetic://sih26103/PAI-02383,2026-04-30,synthetic_v1
SRC-02384,Synthetic monitoring record PAI-02384,synthetic://sih26103/PAI-02384,2026-04-30,synthetic_v1
SRC-02385,Synthetic monitoring record PAI-02385,synthetic://sih26103/PAI-02385,2026-04-30,synthetic_v1
SRC-02386,Synthetic monitoring record PAI-02386,synthetic://sih26103/PAI-02386,2026-04-30,synthetic_v1
SRC-02387,Synthetic monitoring record PAI-02387,synthetic://sih26103/PAI-02387,2026-04-30,synthetic_v1
SRC-02388,Synthetic monitoring record PAI-02388,synthetic://sih26103/PAI-02388,2026-04-30,synthetic_v1
SRC-02389,Synthetic monitoring record PAI-02389,synthetic://sih26103/PAI-02389,2026-04-30,synthetic_v1
SRC-02390,Synthetic monitoring record PAI-02390,synthetic://sih26103/PAI-02390,2026-04-30,synthetic_v1
SRC-02391,Synthetic monitoring record PAI-02391,synthetic://sih26103/PAI-02391,2026-04-30,synthetic_v1
SRC-02392,Synthetic monitoring record PAI-02392,synthetic://sih26103/PAI-02392,2026-04-30,synthetic_v1
SRC-02393,Synthetic monitoring record PAI-02393,synthetic://sih26103/PAI-02393,2026-04-30,synthetic_v1
SRC-02394,Synthetic monitoring record PAI-02394,synthetic://sih26103/PAI-02394,2026-04-30,synthetic_v1
SRC-02395,Synthetic monitoring record PAI-02395,synthetic://sih26103/PAI-02395,2026-04-30,synthetic_v1
SRC-02396,Synthetic monitoring record PAI-02396,synthetic://sih26103/PAI-02396,2026-04-30,synthetic_v1
SRC-02397,Synthetic monitoring record PAI-02397,synthetic://sih26103/PAI-02397,2026-04-30,synthetic_v1
SRC-02398,Synthetic monitoring record PAI-02398,synthetic://sih26103/PAI-02398,2026-04-30,synthetic_v1
SRC-02399,Synthetic monitoring record PAI-02399,synthetic://sih26103/PAI-02399,2026-04-30,synthetic_v1
SRC-02400,Synthetic monitoring record PAI-02400,synthetic://sih26103/PAI-02400,2026-04-30,synthetic_v1
SRC-02401,Synthetic monitoring record PAI-02401,synthetic://sih26103/PAI-02401,2026-04-30,synthetic_v1
SRC-02402,Synthetic monitoring record PAI-02402,synthetic://sih26103/PAI-02402,2026-04-30,synthetic_v1
SRC-02403,Synthetic monitoring record PAI-02403,synthetic://sih26103/PAI-02403,2026-04-30,synthetic_v1
SRC-02404,Synthetic monitoring record PAI-02404,synthetic://sih26103/PAI-02404,2026-04-30,synthetic_v1
SRC-02405,Synthetic monitoring record PAI-02405,synthetic://sih26103/PAI-02405,2026-04-30,synthetic_v1
SRC-02406,Synthetic monitoring record PAI-02406,synthetic://sih26103/PAI-02406,2026-04-30,synthetic_v1
SRC-02407,Synthetic monitoring record PAI-02407,synthetic://sih26103/PAI-02407,2026-04-30,synthetic_v1
SRC-02408,Synthetic monitoring record PAI-02408,synthetic://sih26103/PAI-02408,2026-04-30,synthetic_v1
SRC-02409,Synthetic monitoring record PAI-02409,synthetic://sih26103/PAI-02409,2026-04-30,synthetic_v1
SRC-02410,Synthetic monitoring record PAI-02410,synthetic://sih26103/PAI-02410,2026-04-30,synthetic_v1
SRC-02411,Synthetic monitoring record PAI-02411,synthetic://sih26103/PAI-02411,2026-04-30,synthetic_v1
SRC-02412,Synthetic monitoring record PAI-02412,synthetic://sih26103/PAI-02412,2026-04-30,synthetic_v1
SRC-02413,Synthetic monitoring record PAI-02413,synthetic://sih26103/PAI-02413,2026-04-30,synthetic_v1
SRC-02414,Synthetic monitoring record PAI-02414,synthetic://sih26103/PAI-02414,2026-04-30,synthetic_v1
SRC-02415,Synthetic monitoring record PAI-02415,synthetic://sih26103/PAI-02415,2026-04-30,synthetic_v1
SRC-02416,Synthetic monitoring record PAI-02416,synthetic://sih26103/PAI-02416,2026-04-30,synthetic_v1
SRC-02417,Synthetic monitoring record PAI-02417,synthetic://sih26103/PAI-02417,2026-04-30,synthetic_v1
SRC-02418,Synthetic monitoring record PAI-02418,synthetic://sih26103/PAI-02418,2026-04-30,synthetic_v1
SRC-02419,Synthetic monitoring record PAI-02419,synthetic://sih26103/PAI-02419,2026-04-30,synthetic_v1
SRC-02420,Synthetic monitoring record PAI-02420,synthetic://sih26103/PAI-02420,2026-04-30,synthetic_v1
SRC-02421,Synthetic monitoring record PAI-02421,synthetic://sih26103/PAI-02421,2026-04-30,synthetic_v1
SRC-02422,Synthetic monitoring record PAI-02422,synthetic://sih26103/PAI-02422,2026-04-30,synthetic_v1
SRC-02423,Synthetic monitoring record PAI-02423,synthetic://sih26103/PAI-02423,2026-04-30,synthetic_v1
SRC-02424,Synthetic monitoring record PAI-02424,synthetic://sih26103/PAI-02424,2026-04-30,synthetic_v1
SRC-02425,Synthetic monitoring record PAI-02425,synthetic://sih26103/PAI-02425,2026-04-30,synthetic_v1
SRC-02426,Synthetic monitoring record PAI-02426,synthetic://sih26103/PAI-02426,2026-04-30,synthetic_v1
SRC-02427,Synthetic monitoring record PAI-02427,synthetic://sih26103/PAI-02427,2026-04-30,synthetic_v1
SRC-02428,Synthetic monitoring record PAI-02428,synthetic://sih26103/PAI-02428,2026-04-30,synthetic_v1
SRC-02429,Synthetic monitoring record PAI-02429,synthetic://sih26103/PAI-02429,2026-04-30,synthetic_v1
SRC-02430,Synthetic monitoring record PAI-02430,synthetic://sih26103/PAI-02430,2026-04-30,synthetic_v1
SRC-02431,Synthetic monitoring record PAI-02431,synthetic://sih26103/PAI-02431,2026-04-30,synthetic_v1
SRC-02432,Synthetic monitoring record PAI-02432,synthetic://sih26103/PAI-02432,2026-04-30,synthetic_v1
SRC-02433,Synthetic monitoring record PAI-02433,synthetic://sih26103/PAI-02433,2026-04-30,synthetic_v1
SRC-02434,Synthetic monitoring record PAI-02434,synthetic://sih26103/PAI-02434,2026-04-30,synthetic_v1
SRC-02435,Synthetic monitoring record PAI-02435,synthetic://sih26103/PAI-02435,2026-04-30,synthetic_v1
SRC-02436,Synthetic monitoring record PAI-02436,synthetic://sih26103/PAI-02436,2026-04-30,synthetic_v1
SRC-02437,Synthetic monitoring record PAI-02437,synthetic://sih26103/PAI-02437,2026-04-30,synthetic_v1
SRC-02438,Synthetic monitoring record PAI-02438,synthetic://sih26103/PAI-02438,2026-04-30,synthetic_v1
SRC-02439,Synthetic monitoring record PAI-02439,synthetic://sih26103/PAI-02439,2026-04-30,synthetic_v1
SRC-02440,Synthetic monitoring record PAI-02440,synthetic://sih26103/PAI-02440,2026-04-30,synthetic_v1
SRC-02441,Synthetic monitoring record PAI-02441,synthetic://sih26103/PAI-02441,2026-04-30,synthetic_v1
SRC-02442,Synthetic monitoring record PAI-02442,synthetic://sih26103/PAI-02442,2026-04-30,synthetic_v1
SRC-02443,Synthetic monitoring record PAI-02443,synthetic://sih26103/PAI-02443,2026-04-30,synthetic_v1
SRC-02444,Synthetic monitoring record PAI-02444,synthetic://sih26103/PAI-02444,2026-04-30,synthetic_v1
SRC-02445,Synthetic monitoring record PAI-02445,synthetic://sih26103/PAI-02445,2026-04-30,synthetic_v1
SRC-02446,Synthetic monitoring record PAI-02446,synthetic://sih26103/PAI-02446,2026-04-30,synthetic_v1
SRC-02447,Synthetic monitoring record PAI-02447,synthetic://sih26103/PAI-02447,2026-04-30,synthetic_v1
SRC-02448,Synthetic monitoring record PAI-02448,synthetic://sih26103/PAI-02448,2026-04-30,synthetic_v1
SRC-02449,Synthetic monitoring record PAI-02449,synthetic://sih26103/PAI-02449,2026-04-30,synthetic_v1
SRC-02450,Synthetic monitoring record PAI-02450,synthetic://sih26103/PAI-02450,2026-04-30,synthetic_v1
SRC-02451,Synthetic monitoring record PAI-02451,synthetic://sih26103/PAI-02451,2026-04-30,synthetic_v1
SRC-02452,Synthetic monitoring record PAI-02452,synthetic://sih26103/PAI-02452,2026-04-30,synthetic_v1
SRC-02453,Synthetic monitoring record PAI-02453,synthetic://sih26103/PAI-02453,2026-04-30,synthetic_v1
SRC-02454,Synthetic monitoring record PAI-02454,synthetic://sih26103/PAI-02454,2026-04-30,synthetic_v1
SRC-02455,Synthetic monitoring record PAI-02455,synthetic://sih26103/PAI-02455,2026-04-30,synthetic_v1
SRC-02456,Synthetic monitoring record PAI-02456,synthetic://sih26103/PAI-02456,2026-04-30,synthetic_v1
SRC-02457,Synthetic monitoring record PAI-02457,synthetic://sih26103/PAI-02457,2026-04-30,synthetic_v1
SRC-02458,Synthetic monitoring record PAI-02458,synthetic://sih26103/PAI-02458,2026-04-30,synthetic_v1
SRC-02459,Synthetic monitoring record PAI-02459,synthetic://sih26103/PAI-02459,2026-04-30,synthetic_v1
SRC-02460,Synthetic monitoring record PAI-02460,synthetic://sih26103/PAI-02460,2026-04-30,synthetic_v1
SRC-02461,Synthetic monitoring record PAI-02461,synthetic://sih26103/PAI-02461,2026-04-30,synthetic_v1
SRC-02462,Synthetic monitoring record PAI-02462,synthetic://sih26103/PAI-02462,2026-04-30,synthetic_v1
SRC-02463,Synthetic monitoring record PAI-02463,synthetic://sih26103/PAI-02463,2026-04-30,synthetic_v1
SRC-02464,Synthetic monitoring record PAI-02464,synthetic://sih26103/PAI-02464,2026-04-30,synthetic_v1
SRC-02465,Synthetic monitoring record PAI-02465,synthetic://sih26103/PAI-02465,2026-04-30,synthetic_v1
SRC-02466,Synthetic monitoring record PAI-02466,synthetic://sih26103/PAI-02466,2026-04-30,synthetic_v1
SRC-02467,Synthetic monitoring record PAI-02467,synthetic://sih26103/PAI-02467,2026-04-30,synthetic_v1
SRC-02468,Synthetic monitoring record PAI-02468,synthetic://sih26103/PAI-02468,2026-04-30,synthetic_v1
SRC-02469,Synthetic monitoring record PAI-02469,synthetic://sih26103/PAI-02469,2026-04-30,synthetic_v1
SRC-02470,Synthetic monitoring record PAI-02470,synthetic://sih26103/PAI-02470,2026-04-30,synthetic_v1
SRC-02471,Synthetic monitoring record PAI-02471,synthetic://sih26103/PAI-02471,2026-04-30,synthetic_v1
SRC-02472,Synthetic monitoring record PAI-02472,synthetic://sih26103/PAI-02472,2026-04-30,synthetic_v1
SRC-02473,Synthetic monitoring record PAI-02473,synthetic://sih26103/PAI-02473,2026-04-30,synthetic_v1
SRC-02474,Synthetic monitoring record PAI-02474,synthetic://sih26103/PAI-02474,2026-04-30,synthetic_v1
SRC-02475,Synthetic monitoring record PAI-02475,synthetic://sih26103/PAI-02475,2026-04-30,synthetic_v1
SRC-02476,Synthetic monitoring record PAI-02476,synthetic://sih26103/PAI-02476,2026-04-30,synthetic_v1
SRC-02477,Synthetic monitoring record PAI-02477,synthetic://sih26103/PAI-02477,2026-04-30,synthetic_v1
SRC-02478,Synthetic monitoring record PAI-02478,synthetic://sih26103/PAI-02478,2026-04-30,synthetic_v1
SRC-02479,Synthetic monitoring record PAI-02479,synthetic://sih26103/PAI-02479,2026-04-30,synthetic_v1
SRC-02480,Synthetic monitoring record PAI-02480,synthetic://sih26103/PAI-02480,2026-04-30,synthetic_v1
SRC-02481,Synthetic monitoring record PAI-02481,synthetic://sih26103/PAI-02481,2026-04-30,synthetic_v1
SRC-02482,Synthetic monitoring record PAI-02482,synthetic://sih26103/PAI-02482,2026-04-30,synthetic_v1
SRC-02483,Synthetic monitoring record PAI-02483,synthetic://sih26103/PAI-02483,2026-04-30,synthetic_v1
SRC-02484,Synthetic monitoring record PAI-02484,synthetic://sih26103/PAI-02484,2026-04-30,synthetic_v1
SRC-02485,Synthetic monitoring record PAI-02485,synthetic://sih26103/PAI-02485,2026-04-30,synthetic_v1
SRC-02486,Synthetic monitoring record PAI-02486,synthetic://sih26103/PAI-02486,2026-04-30,synthetic_v1
SRC-02487,Synthetic monitoring record PAI-02487,synthetic://sih26103/PAI-02487,2026-04-30,synthetic_v1
SRC-02488,Synthetic monitoring record PAI-02488,synthetic://sih26103/PAI-02488,2026-04-30,synthetic_v1
SRC-02489,Synthetic monitoring record PAI-02489,synthetic://sih26103/PAI-02489,2026-04-30,synthetic_v1
SRC-02490,Synthetic monitoring record PAI-02490,synthetic://sih26103/PAI-02490,2026-04-30,synthetic_v1
SRC-02491,Synthetic monitoring record PAI-02491,synthetic://sih26103/PAI-02491,2026-04-30,synthetic_v1
SRC-02492,Synthetic monitoring record PAI-02492,synthetic://sih26103/PAI-02492,2026-04-30,synthetic_v1
SRC-02493,Synthetic monitoring record PAI-02493,synthetic://sih26103/PAI-02493,2026-04-30,synthetic_v1
SRC-02494,Synthetic monitoring record PAI-02494,synthetic://sih26103/PAI-02494,2026-04-30,synthetic_v1
SRC-02495,Synthetic monitoring record PAI-02495,synthetic://sih26103/PAI-02495,2026-04-30,synthetic_v1
SRC-02496,Synthetic monitoring record PAI-02496,synthetic://sih26103/PAI-02496,2026-04-30,synthetic_v1
SRC-02497,Synthetic monitoring record PAI-02497,synthetic://sih26103/PAI-02497,2026-04-30,synthetic_v1
SRC-02498,Synthetic monitoring record PAI-02498,synthetic://sih26103/PAI-02498,2026-04-30,synthetic_v1
SRC-02499,Synthetic monitoring record PAI-02499,synthetic://sih26103/PAI-02499,2026-04-30,synthetic_v1
SRC-02500,Synthetic monitoring record PAI-02500,synthetic://sih26103/PAI-02500,2026-04-30,synthetic_v1
SRC-02501,Synthetic monitoring record PAI-02501,synthetic://sih26103/PAI-02501,2026-04-30,synthetic_v1
SRC-02502,Synthetic monitoring record PAI-02502,synthetic://sih26103/PAI-02502,2026-04-30,synthetic_v1
SRC-02503,Synthetic monitoring record PAI-02503,synthetic://sih26103/PAI-02503,2026-04-30,synthetic_v1
SRC-02504,Synthetic monitoring record PAI-02504,synthetic://sih26103/PAI-02504,2026-04-30,synthetic_v1
SRC-02505,Synthetic monitoring record PAI-02505,synthetic://sih26103/PAI-02505,2026-04-30,synthetic_v1
SRC-02506,Synthetic monitoring record PAI-02506,synthetic://sih26103/PAI-02506,2026-04-30,synthetic_v1
SRC-02507,Synthetic monitoring record PAI-02507,synthetic://sih26103/PAI-02507,2026-04-30,synthetic_v1
SRC-02508,Synthetic monitoring record PAI-02508,synthetic://sih26103/PAI-02508,2026-04-30,synthetic_v1
SRC-02509,Synthetic monitoring record PAI-02509,synthetic://sih26103/PAI-02509,2026-04-30,synthetic_v1
SRC-02510,Synthetic monitoring record PAI-02510,synthetic://sih26103/PAI-02510,2026-04-30,synthetic_v1
SRC-02511,Synthetic monitoring record PAI-02511,synthetic://sih26103/PAI-02511,2026-04-30,synthetic_v1
SRC-02512,Synthetic monitoring record PAI-02512,synthetic://sih26103/PAI-02512,2026-04-30,synthetic_v1
SRC-02513,Synthetic monitoring record PAI-02513,synthetic://sih26103/PAI-02513,2026-04-30,synthetic_v1
SRC-02514,Synthetic monitoring record PAI-02514,synthetic://sih26103/PAI-02514,2026-04-30,synthetic_v1
SRC-02515,Synthetic monitoring record PAI-02515,synthetic://sih26103/PAI-02515,2026-04-30,synthetic_v1
SRC-02516,Synthetic monitoring record PAI-02516,synthetic://sih26103/PAI-02516,2026-04-30,synthetic_v1
SRC-02517,Synthetic monitoring record PAI-02517,synthetic://sih26103/PAI-02517,2026-04-30,synthetic_v1
SRC-02518,Synthetic monitoring record PAI-02518,synthetic://sih26103/PAI-02518,2026-04-30,synthetic_v1
SRC-02519,Synthetic monitoring record PAI-02519,synthetic://sih26103/PAI-02519,2026-04-30,synthetic_v1
SRC-02520,Synthetic monitoring record PAI-02520,synthetic://sih26103/PAI-02520,2026-04-30,synthetic_v1
SRC-02521,Synthetic monitoring record PAI-02521,synthetic://sih26103/PAI-02521,2026-04-30,synthetic_v1
SRC-02522,Synthetic monitoring record PAI-02522,synthetic://sih26103/PAI-02522,2026-04-30,synthetic_v1
SRC-02523,Synthetic monitoring record PAI-02523,synthetic://sih26103/PAI-02523,2026-04-30,synthetic_v1
SRC-02524,Synthetic monitoring record PAI-02524,synthetic://sih26103/PAI-02524,2026-04-30,synthetic_v1
SRC-02525,Synthetic monitoring record PAI-02525,synthetic://sih26103/PAI-02525,2026-04-30,synthetic_v1
SRC-02526,Synthetic monitoring record PAI-02526,synthetic://sih26103/PAI-02526,2026-04-30,synthetic_v1
SRC-02527,Synthetic monitoring record PAI-02527,synthetic://sih26103/PAI-02527,2026-04-30,synthetic_v1
SRC-02528,Synthetic monitoring record PAI-02528,synthetic://sih26103/PAI-02528,2026-04-30,synthetic_v1
SRC-02529,Synthetic monitoring record PAI-02529,synthetic://sih26103/PAI-02529,2026-04-30,synthetic_v1
SRC-02530,Synthetic monitoring record PAI-02530,synthetic://sih26103/PAI-02530,2026-04-30,synthetic_v1
SRC-02531,Synthetic monitoring record PAI-02531,synthetic://sih26103/PAI-02531,2026-04-30,synthetic_v1
SRC-02532,Synthetic monitoring record PAI-02532,synthetic://sih26103/PAI-02532,2026-04-30,synthetic_v1
SRC-02533,Synthetic monitoring record PAI-02533,synthetic://sih26103/PAI-02533,2026-04-30,synthetic_v1
SRC-02534,Synthetic monitoring record PAI-02534,synthetic://sih26103/PAI-02534,2026-04-30,synthetic_v1
SRC-02535,Synthetic monitoring record PAI-02535,synthetic://sih26103/PAI-02535,2026-04-30,synthetic_v1
SRC-02536,Synthetic monitoring record PAI-02536,synthetic://sih26103/PAI-02536,2026-04-30,synthetic_v1
SRC-02537,Synthetic monitoring record PAI-02537,synthetic://sih26103/PAI-02537,2026-04-30,synthetic_v1
SRC-02538,Synthetic monitoring record PAI-02538,synthetic://sih26103/PAI-02538,2026-04-30,synthetic_v1
SRC-02539,Synthetic monitoring record PAI-02539,synthetic://sih26103/PAI-02539,2026-04-30,synthetic_v1
SRC-02540,Synthetic monitoring record PAI-02540,synthetic://sih26103/PAI-02540,2026-04-30,synthetic_v1
SRC-02541,Synthetic monitoring record PAI-02541,synthetic://sih26103/PAI-02541,2026-04-30,synthetic_v1
SRC-02542,Synthetic monitoring record PAI-02542,synthetic://sih26103/PAI-02542,2026-04-30,synthetic_v1
SRC-02543,Synthetic monitoring record PAI-02543,synthetic://sih26103/PAI-02543,2026-04-30,synthetic_v1
SRC-02544,Synthetic monitoring record PAI-02544,synthetic://sih26103/PAI-02544,2026-04-30,synthetic_v1
SRC-02545,Synthetic monitoring record PAI-02545,synthetic://sih26103/PAI-02545,2026-04-30,synthetic_v1
SRC-02546,Synthetic monitoring record PAI-02546,synthetic://sih26103/PAI-02546,2026-04-30,synthetic_v1
SRC-02547,Synthetic monitoring record PAI-02547,synthetic://sih26103/PAI-02547,2026-04-30,synthetic_v1
SRC-02548,Synthetic monitoring record PAI-02548,synthetic://sih26103/PAI-02548,2026-04-30,synthetic_v1
SRC-02549,Synthetic monitoring record PAI-02549,synthetic://sih26103/PAI-02549,2026-04-30,synthetic_v1
SRC-02550,Synthetic monitoring record PAI-02550,synthetic://sih26103/PAI-02550,2026-04-30,synthetic_v1
SRC-02551,Synthetic monitoring record PAI-02551,synthetic://sih26103/PAI-02551,2026-04-30,synthetic_v1
SRC-02552,Synthetic monitoring record PAI-02552,synthetic://sih26103/PAI-02552,2026-04-30,synthetic_v1
SRC-02553,Synthetic monitoring record PAI-02553,synthetic://sih26103/PAI-02553,2026-04-30,synthetic_v1
SRC-02554,Synthetic monitoring record PAI-02554,synthetic://sih26103/PAI-02554,2026-04-30,synthetic_v1
SRC-02555,Synthetic monitoring record PAI-02555,synthetic://sih26103/PAI-02555,2026-04-30,synthetic_v1
SRC-02556,Synthetic monitoring record PAI-02556,synthetic://sih26103/PAI-02556,2026-04-30,synthetic_v1
SRC-02557,Synthetic monitoring record PAI-02557,synthetic://sih26103/PAI-02557,2026-04-30,synthetic_v1
SRC-02558,Synthetic monitoring record PAI-02558,synthetic://sih26103/PAI-02558,2026-04-30,synthetic_v1
SRC-02559,Synthetic monitoring record PAI-02559,synthetic://sih26103/PAI-02559,2026-04-30,synthetic_v1
SRC-02560,Synthetic monitoring record PAI-02560,synthetic://sih26103/PAI-02560,2026-04-30,synthetic_v1
SRC-02561,Synthetic monitoring record PAI-02561,synthetic://sih26103/PAI-02561,2026-04-30,synthetic_v1
SRC-02562,Synthetic monitoring record PAI-02562,synthetic://sih26103/PAI-02562,2026-04-30,synthetic_v1
SRC-02563,Synthetic monitoring record PAI-02563,synthetic://sih26103/PAI-02563,2026-04-30,synthetic_v1
SRC-02564,Synthetic monitoring record PAI-02564,synthetic://sih26103/PAI-02564,2026-04-30,synthetic_v1
SRC-02565,Synthetic monitoring record PAI-02565,synthetic://sih26103/PAI-02565,2026-04-30,synthetic_v1
SRC-02566,Synthetic monitoring record PAI-02566,synthetic://sih26103/PAI-02566,2026-04-30,synthetic_v1
SRC-02567,Synthetic monitoring record PAI-02567,synthetic://sih26103/PAI-02567,2026-04-30,synthetic_v1
SRC-02568,Synthetic monitoring record PAI-02568,synthetic://sih26103/PAI-02568,2026-04-30,synthetic_v1
SRC-02569,Synthetic monitoring record PAI-02569,synthetic://sih26103/PAI-02569,2026-04-30,synthetic_v1
SRC-02570,Synthetic monitoring record PAI-02570,synthetic://sih26103/PAI-02570,2026-04-30,synthetic_v1
SRC-02571,Synthetic monitoring record PAI-02571,synthetic://sih26103/PAI-02571,2026-04-30,synthetic_v1
SRC-02572,Synthetic monitoring record PAI-02572,synthetic://sih26103/PAI-02572,2026-04-30,synthetic_v1
SRC-02573,Synthetic monitoring record PAI-02573,synthetic://sih26103/PAI-02573,2026-04-30,synthetic_v1
SRC-02574,Synthetic monitoring record PAI-02574,synthetic://sih26103/PAI-02574,2026-04-30,synthetic_v1
SRC-02575,Synthetic monitoring record PAI-02575,synthetic://sih26103/PAI-02575,2026-04-30,synthetic_v1
SRC-02576,Synthetic monitoring record PAI-02576,synthetic://sih26103/PAI-02576,2026-04-30,synthetic_v1
SRC-02577,Synthetic monitoring record PAI-02577,synthetic://sih26103/PAI-02577,2026-04-30,synthetic_v1
SRC-02578,Synthetic monitoring record PAI-02578,synthetic://sih26103/PAI-02578,2026-04-30,synthetic_v1
SRC-02579,Synthetic monitoring record PAI-02579,synthetic://sih26103/PAI-02579,2026-04-30,synthetic_v1
SRC-02580,Synthetic monitoring record PAI-02580,synthetic://sih26103/PAI-02580,2026-04-30,synthetic_v1
SRC-02581,Synthetic monitoring record PAI-02581,synthetic://sih26103/PAI-02581,2026-04-30,synthetic_v1
SRC-02582,Synthetic monitoring record PAI-02582,synthetic://sih26103/PAI-02582,2026-04-30,synthetic_v1
SRC-02583,Synthetic monitoring record PAI-02583,synthetic://sih26103/PAI-02583,2026-04-30,synthetic_v1
SRC-02584,Synthetic monitoring record PAI-02584,synthetic://sih26103/PAI-02584,2026-04-30,synthetic_v1
SRC-02585,Synthetic monitoring record PAI-02585,synthetic://sih26103/PAI-02585,2026-04-30,synthetic_v1
SRC-02586,Synthetic monitoring record PAI-02586,synthetic://sih26103/PAI-02586,2026-04-30,synthetic_v1
SRC-02587,Synthetic monitoring record PAI-02587,synthetic://sih26103/PAI-02587,2026-04-30,synthetic_v1
SRC-02588,Synthetic monitoring record PAI-02588,synthetic://sih26103/PAI-02588,2026-04-30,synthetic_v1
SRC-02589,Synthetic monitoring record PAI-02589,synthetic://sih26103/PAI-02589,2026-04-30,synthetic_v1
SRC-02590,Synthetic monitoring record PAI-02590,synthetic://sih26103/PAI-02590,2026-04-30,synthetic_v1
SRC-02591,Synthetic monitoring record PAI-02591,synthetic://sih26103/PAI-02591,2026-04-30,synthetic_v1
SRC-02592,Synthetic monitoring record PAI-02592,synthetic://sih26103/PAI-02592,2026-04-30,synthetic_v1
SRC-02593,Synthetic monitoring record PAI-02593,synthetic://sih26103/PAI-02593,2026-04-30,synthetic_v1
SRC-02594,Synthetic monitoring record PAI-02594,synthetic://sih26103/PAI-02594,2026-04-30,synthetic_v1
SRC-02595,Synthetic monitoring record PAI-02595,synthetic://sih26103/PAI-02595,2026-04-30,synthetic_v1
SRC-02596,Synthetic monitoring record PAI-02596,synthetic://sih26103/PAI-02596,2026-04-30,synthetic_v1
SRC-02597,Synthetic monitoring record PAI-02597,synthetic://sih26103/PAI-02597,2026-04-30,synthetic_v1
SRC-02598,Synthetic monitoring record PAI-02598,synthetic://sih26103/PAI-02598,2026-04-30,synthetic_v1
SRC-02599,Synthetic monitoring record PAI-02599,synthetic://sih26103/PAI-02599,2026-04-30,synthetic_v1
SRC-02600,Synthetic monitoring record PAI-02600,synthetic://sih26103/PAI-02600,2026-04-30,synthetic_v1
SRC-02601,Synthetic monitoring record PAI-02601,synthetic://sih26103/PAI-02601,2026-04-30,synthetic_v1
SRC-02602,Synthetic monitoring record PAI-02602,synthetic://sih26103/PAI-02602,2026-04-30,synthetic_v1
SRC-02603,Synthetic monitoring record PAI-02603,synthetic://sih26103/PAI-02603,2026-04-30,synthetic_v1
SRC-02604,Synthetic monitoring record PAI-02604,synthetic://sih26103/PAI-02604,2026-04-30,synthetic_v1
SRC-02605,Synthetic monitoring record PAI-02605,synthetic://sih26103/PAI-02605,2026-04-30,synthetic_v1
SRC-02606,Synthetic monitoring record PAI-02606,synthetic://sih26103/PAI-02606,2026-04-30,synthetic_v1
SRC-02607,Synthetic monitoring record PAI-02607,synthetic://sih26103/PAI-02607,2026-04-30,synthetic_v1
SRC-02608,Synthetic monitoring record PAI-02608,synthetic://sih26103/PAI-02608,2026-04-30,synthetic_v1
SRC-02609,Synthetic monitoring record PAI-02609,synthetic://sih26103/PAI-02609,2026-04-30,synthetic_v1
SRC-02610,Synthetic monitoring record PAI-02610,synthetic://sih26103/PAI-02610,2026-04-30,synthetic_v1
SRC-02611,Synthetic monitoring record PAI-02611,synthetic://sih26103/PAI-02611,2026-04-30,synthetic_v1
SRC-02612,Synthetic monitoring record PAI-02612,synthetic://sih26103/PAI-02612,2026-04-30,synthetic_v1
SRC-02613,Synthetic monitoring record PAI-02613,synthetic://sih26103/PAI-02613,2026-04-30,synthetic_v1
SRC-02614,Synthetic monitoring record PAI-02614,synthetic://sih26103/PAI-02614,2026-04-30,synthetic_v1
SRC-02615,Synthetic monitoring record PAI-02615,synthetic://sih26103/PAI-02615,2026-04-30,synthetic_v1
SRC-02616,Synthetic monitoring record PAI-02616,synthetic://sih26103/PAI-02616,2026-04-30,synthetic_v1
SRC-02617,Synthetic monitoring record PAI-02617,synthetic://sih26103/PAI-02617,2026-04-30,synthetic_v1
SRC-02618,Synthetic monitoring record PAI-02618,synthetic://sih26103/PAI-02618,2026-04-30,synthetic_v1
SRC-02619,Synthetic monitoring record PAI-02619,synthetic://sih26103/PAI-02619,2026-04-30,synthetic_v1
SRC-02620,Synthetic monitoring record PAI-02620,synthetic://sih26103/PAI-02620,2026-04-30,synthetic_v1
SRC-02621,Synthetic monitoring record PAI-02621,synthetic://sih26103/PAI-02621,2026-04-30,synthetic_v1
SRC-02622,Synthetic monitoring record PAI-02622,synthetic://sih26103/PAI-02622,2026-04-30,synthetic_v1
SRC-02623,Synthetic monitoring record PAI-02623,synthetic://sih26103/PAI-02623,2026-04-30,synthetic_v1
SRC-02624,Synthetic monitoring record PAI-02624,synthetic://sih26103/PAI-02624,2026-04-30,synthetic_v1
SRC-02625,Synthetic monitoring record PAI-02625,synthetic://sih26103/PAI-02625,2026-04-30,synthetic_v1
SRC-02626,Synthetic monitoring record PAI-02626,synthetic://sih26103/PAI-02626,2026-04-30,synthetic_v1
SRC-02627,Synthetic monitoring record PAI-02627,synthetic://sih26103/PAI-02627,2026-04-30,synthetic_v1
SRC-02628,Synthetic monitoring record PAI-02628,synthetic://sih26103/PAI-02628,2026-04-30,synthetic_v1
SRC-02629,Synthetic monitoring record PAI-02629,synthetic://sih26103/PAI-02629,2026-04-30,synthetic_v1
SRC-02630,Synthetic monitoring record PAI-02630,synthetic://sih26103/PAI-02630,2026-04-30,synthetic_v1
SRC-02631,Synthetic monitoring record PAI-02631,synthetic://sih26103/PAI-02631,2026-04-30,synthetic_v1
SRC-02632,Synthetic monitoring record PAI-02632,synthetic://sih26103/PAI-02632,2026-04-30,synthetic_v1
SRC-02633,Synthetic monitoring record PAI-02633,synthetic://sih26103/PAI-02633,2026-04-30,synthetic_v1
SRC-02634,Synthetic monitoring record PAI-02634,synthetic://sih26103/PAI-02634,2026-04-30,synthetic_v1
SRC-02635,Synthetic monitoring record PAI-02635,synthetic://sih26103/PAI-02635,2026-04-30,synthetic_v1
SRC-02636,Synthetic monitoring record PAI-02636,synthetic://sih26103/PAI-02636,2026-04-30,synthetic_v1
SRC-02637,Synthetic monitoring record PAI-02637,synthetic://sih26103/PAI-02637,2026-04-30,synthetic_v1
SRC-02638,Synthetic monitoring record PAI-02638,synthetic://sih26103/PAI-02638,2026-04-30,synthetic_v1
SRC-02639,Synthetic monitoring record PAI-02639,synthetic://sih26103/PAI-02639,2026-04-30,synthetic_v1
SRC-02640,Synthetic monitoring record PAI-02640,synthetic://sih26103/PAI-02640,2026-04-30,synthetic_v1
SRC-02641,Synthetic monitoring record PAI-02641,synthetic://sih26103/PAI-02641,2026-04-30,synthetic_v1
SRC-02642,Synthetic monitoring record PAI-02642,synthetic://sih26103/PAI-02642,2026-04-30,synthetic_v1
SRC-02643,Synthetic monitoring record PAI-02643,synthetic://sih26103/PAI-02643,2026-04-30,synthetic_v1
SRC-02644,Synthetic monitoring record PAI-02644,synthetic://sih26103/PAI-02644,2026-04-30,synthetic_v1
SRC-02645,Synthetic monitoring record PAI-02645,synthetic://sih26103/PAI-02645,2026-04-30,synthetic_v1
SRC-02646,Synthetic monitoring record PAI-02646,synthetic://sih26103/PAI-02646,2026-04-30,synthetic_v1
SRC-02647,Synthetic monitoring record PAI-02647,synthetic://sih26103/PAI-02647,2026-04-30,synthetic_v1
SRC-02648,Synthetic monitoring record PAI-02648,synthetic://sih26103/PAI-02648,2026-04-30,synthetic_v1
SRC-02649,Synthetic monitoring record PAI-02649,synthetic://sih26103/PAI-02649,2026-04-30,synthetic_v1
SRC-02650,Synthetic monitoring record PAI-02650,synthetic://sih26103/PAI-02650,2026-04-30,synthetic_v1
SRC-02651,Synthetic monitoring record PAI-02651,synthetic://sih26103/PAI-02651,2026-04-30,synthetic_v1
SRC-02652,Synthetic monitoring record PAI-02652,synthetic://sih26103/PAI-02652,2026-04-30,synthetic_v1
SRC-02653,Synthetic monitoring record PAI-02653,synthetic://sih26103/PAI-02653,2026-04-30,synthetic_v1
SRC-02654,Synthetic monitoring record PAI-02654,synthetic://sih26103/PAI-02654,2026-04-30,synthetic_v1
SRC-02655,Synthetic monitoring record PAI-02655,synthetic://sih26103/PAI-02655,2026-04-30,synthetic_v1
SRC-02656,Synthetic monitoring record PAI-02656,synthetic://sih26103/PAI-02656,2026-04-30,synthetic_v1
SRC-02657,Synthetic monitoring record PAI-02657,synthetic://sih26103/PAI-02657,2026-04-30,synthetic_v1
SRC-02658,Synthetic monitoring record PAI-02658,synthetic://sih26103/PAI-02658,2026-04-30,synthetic_v1
SRC-02659,Synthetic monitoring record PAI-02659,synthetic://sih26103/PAI-02659,2026-04-30,synthetic_v1
SRC-02660,Synthetic monitoring record PAI-02660,synthetic://sih26103/PAI-02660,2026-04-30,synthetic_v1
SRC-02661,Synthetic monitoring record PAI-02661,synthetic://sih26103/PAI-02661,2026-04-30,synthetic_v1
SRC-02662,Synthetic monitoring record PAI-02662,synthetic://sih26103/PAI-02662,2026-04-30,synthetic_v1
SRC-02663,Synthetic monitoring record PAI-02663,synthetic://sih26103/PAI-02663,2026-04-30,synthetic_v1
SRC-02664,Synthetic monitoring record PAI-02664,synthetic://sih26103/PAI-02664,2026-04-30,synthetic_v1
SRC-02665,Synthetic monitoring record PAI-02665,synthetic://sih26103/PAI-02665,2026-04-30,synthetic_v1
SRC-02666,Synthetic monitoring record PAI-02666,synthetic://sih26103/PAI-02666,2026-04-30,synthetic_v1
SRC-02667,Synthetic monitoring record PAI-02667,synthetic://sih26103/PAI-02667,2026-04-30,synthetic_v1
SRC-02668,Synthetic monitoring record PAI-02668,synthetic://sih26103/PAI-02668,2026-04-30,synthetic_v1
SRC-02669,Synthetic monitoring record PAI-02669,synthetic://sih26103/PAI-02669,2026-04-30,synthetic_v1
SRC-02670,Synthetic monitoring record PAI-02670,synthetic://sih26103/PAI-02670,2026-04-30,synthetic_v1
SRC-02671,Synthetic monitoring record PAI-02671,synthetic://sih26103/PAI-02671,2026-04-30,synthetic_v1
SRC-02672,Synthetic monitoring record PAI-02672,synthetic://sih26103/PAI-02672,2026-04-30,synthetic_v1
SRC-02673,Synthetic monitoring record PAI-02673,synthetic://sih26103/PAI-02673,2026-04-30,synthetic_v1
SRC-02674,Synthetic monitoring record PAI-02674,synthetic://sih26103/PAI-02674,2026-04-30,synthetic_v1
SRC-02675,Synthetic monitoring record PAI-02675,synthetic://sih26103/PAI-02675,2026-04-30,synthetic_v1
SRC-02676,Synthetic monitoring record PAI-02676,synthetic://sih26103/PAI-02676,2026-04-30,synthetic_v1
SRC-02677,Synthetic monitoring record PAI-02677,synthetic://sih26103/PAI-02677,2026-04-30,synthetic_v1
SRC-02678,Synthetic monitoring record PAI-02678,synthetic://sih26103/PAI-02678,2026-04-30,synthetic_v1
SRC-02679,Synthetic monitoring record PAI-02679,synthetic://sih26103/PAI-02679,2026-04-30,synthetic_v1
SRC-02680,Synthetic monitoring record PAI-02680,synthetic://sih26103/PAI-02680,2026-04-30,synthetic_v1
SRC-02681,Synthetic monitoring record PAI-02681,synthetic://sih26103/PAI-02681,2026-04-30,synthetic_v1
SRC-02682,Synthetic monitoring record PAI-02682,synthetic://sih26103/PAI-02682,2026-04-30,synthetic_v1
SRC-02683,Synthetic monitoring record PAI-02683,synthetic://sih26103/PAI-02683,2026-04-30,synthetic_v1
SRC-02684,Synthetic monitoring record PAI-02684,synthetic://sih26103/PAI-02684,2026-04-30,synthetic_v1
SRC-02685,Synthetic monitoring record PAI-02685,synthetic://sih26103/PAI-02685,2026-04-30,synthetic_v1
SRC-02686,Synthetic monitoring record PAI-02686,synthetic://sih26103/PAI-02686,2026-04-30,synthetic_v1
SRC-02687,Synthetic monitoring record PAI-02687,synthetic://sih26103/PAI-02687,2026-04-30,synthetic_v1
SRC-02688,Synthetic monitoring record PAI-02688,synthetic://sih26103/PAI-02688,2026-04-30,synthetic_v1
SRC-02689,Synthetic monitoring record PAI-02689,synthetic://sih26103/PAI-02689,2026-04-30,synthetic_v1
SRC-02690,Synthetic monitoring record PAI-02690,synthetic://sih26103/PAI-02690,2026-04-30,synthetic_v1
SRC-02691,Synthetic monitoring record PAI-02691,synthetic://sih26103/PAI-02691,2026-04-30,synthetic_v1
SRC-02692,Synthetic monitoring record PAI-02692,synthetic://sih26103/PAI-02692,2026-04-30,synthetic_v1
SRC-02693,Synthetic monitoring record PAI-02693,synthetic://sih26103/PAI-02693,2026-04-30,synthetic_v1
SRC-02694,Synthetic monitoring record PAI-02694,synthetic://sih26103/PAI-02694,2026-04-30,synthetic_v1
SRC-02695,Synthetic monitoring record PAI-02695,synthetic://sih26103/PAI-02695,2026-04-30,synthetic_v1
SRC-02696,Synthetic monitoring record PAI-02696,synthetic://sih26103/PAI-02696,2026-04-30,synthetic_v1
SRC-02697,Synthetic monitoring record PAI-02697,synthetic://sih26103/PAI-02697,2026-04-30,synthetic_v1
SRC-02698,Synthetic monitoring record PAI-02698,synthetic://sih26103/PAI-02698,2026-04-30,synthetic_v1
SRC-02699,Synthetic monitoring record PAI-02699,synthetic://sih26103/PAI-02699,2026-04-30,synthetic_v1
SRC-02700,Synthetic monitoring record PAI-02700,synthetic://sih26103/PAI-02700,2026-04-30,synthetic_v1
SRC-02701,Synthetic monitoring record PAI-02701,synthetic://sih26103/PAI-02701,2026-04-30,synthetic_v1
SRC-02702,Synthetic monitoring record PAI-02702,synthetic://sih26103/PAI-02702,2026-04-30,synthetic_v1
SRC-02703,Synthetic monitoring record PAI-02703,synthetic://sih26103/PAI-02703,2026-04-30,synthetic_v1
SRC-02704,Synthetic monitoring record PAI-02704,synthetic://sih26103/PAI-02704,2026-04-30,synthetic_v1
SRC-02705,Synthetic monitoring record PAI-02705,synthetic://sih26103/PAI-02705,2026-04-30,synthetic_v1
SRC-02706,Synthetic monitoring record PAI-02706,synthetic://sih26103/PAI-02706,2026-04-30,synthetic_v1
SRC-02707,Synthetic monitoring record PAI-02707,synthetic://sih26103/PAI-02707,2026-04-30,synthetic_v1
SRC-02708,Synthetic monitoring record PAI-02708,synthetic://sih26103/PAI-02708,2026-04-30,synthetic_v1
SRC-02709,Synthetic monitoring record PAI-02709,synthetic://sih26103/PAI-02709,2026-04-30,synthetic_v1
SRC-02710,Synthetic monitoring record PAI-02710,synthetic://sih26103/PAI-02710,2026-04-30,synthetic_v1
SRC-02711,Synthetic monitoring record PAI-02711,synthetic://sih26103/PAI-02711,2026-04-30,synthetic_v1
SRC-02712,Synthetic monitoring record PAI-02712,synthetic://sih26103/PAI-02712,2026-04-30,synthetic_v1
SRC-02713,Synthetic monitoring record PAI-02713,synthetic://sih26103/PAI-02713,2026-04-30,synthetic_v1
SRC-02714,Synthetic monitoring record PAI-02714,synthetic://sih26103/PAI-02714,2026-04-30,synthetic_v1
SRC-02715,Synthetic monitoring record PAI-02715,synthetic://sih26103/PAI-02715,2026-04-30,synthetic_v1
SRC-02716,Synthetic monitoring record PAI-02716,synthetic://sih26103/PAI-02716,2026-04-30,synthetic_v1
SRC-02717,Synthetic monitoring record PAI-02717,synthetic://sih26103/PAI-02717,2026-04-30,synthetic_v1
SRC-02718,Synthetic monitoring record PAI-02718,synthetic://sih26103/PAI-02718,2026-04-30,synthetic_v1
SRC-02719,Synthetic monitoring record PAI-02719,synthetic://sih26103/PAI-02719,2026-04-30,synthetic_v1
SRC-02720,Synthetic monitoring record PAI-02720,synthetic://sih26103/PAI-02720,2026-04-30,synthetic_v1
SRC-02721,Synthetic monitoring record PAI-02721,synthetic://sih26103/PAI-02721,2026-04-30,synthetic_v1
SRC-02722,Synthetic monitoring record PAI-02722,synthetic://sih26103/PAI-02722,2026-04-30,synthetic_v1
SRC-02723,Synthetic monitoring record PAI-02723,synthetic://sih26103/PAI-02723,2026-04-30,synthetic_v1
SRC-02724,Synthetic monitoring record PAI-02724,synthetic://sih26103/PAI-02724,2026-04-30,synthetic_v1
SRC-02725,Synthetic monitoring record PAI-02725,synthetic://sih26103/PAI-02725,2026-04-30,synthetic_v1
SRC-02726,Synthetic monitoring record PAI-02726,synthetic://sih26103/PAI-02726,2026-04-30,synthetic_v1
SRC-02727,Synthetic monitoring record PAI-02727,synthetic://sih26103/PAI-02727,2026-04-30,synthetic_v1
SRC-02728,Synthetic monitoring record PAI-02728,synthetic://sih26103/PAI-02728,2026-04-30,synthetic_v1
SRC-02729,Synthetic monitoring record PAI-02729,synthetic://sih26103/PAI-02729,2026-04-30,synthetic_v1
SRC-02730,Synthetic monitoring record PAI-02730,synthetic://sih26103/PAI-02730,2026-04-30,synthetic_v1
SRC-02731,Synthetic monitoring record PAI-02731,synthetic://sih26103/PAI-02731,2026-04-30,synthetic_v1
SRC-02732,Synthetic monitoring record PAI-02732,synthetic://sih26103/PAI-02732,2026-04-30,synthetic_v1
SRC-02733,Synthetic monitoring record PAI-02733,synthetic://sih26103/PAI-02733,2026-04-30,synthetic_v1
SRC-02734,Synthetic monitoring record PAI-02734,synthetic://sih26103/PAI-02734,2026-04-30,synthetic_v1
SRC-02735,Synthetic monitoring record PAI-02735,synthetic://sih26103/PAI-02735,2026-04-30,synthetic_v1
SRC-02736,Synthetic monitoring record PAI-02736,synthetic://sih26103/PAI-02736,2026-04-30,synthetic_v1
SRC-02737,Synthetic monitoring record PAI-02737,synthetic://sih26103/PAI-02737,2026-04-30,synthetic_v1
SRC-02738,Synthetic monitoring record PAI-02738,synthetic://sih26103/PAI-02738,2026-04-30,synthetic_v1
SRC-02739,Synthetic monitoring record PAI-02739,synthetic://sih26103/PAI-02739,2026-04-30,synthetic_v1
SRC-02740,Synthetic monitoring record PAI-02740,synthetic://sih26103/PAI-02740,2026-04-30,synthetic_v1
SRC-02741,Synthetic monitoring record PAI-02741,synthetic://sih26103/PAI-02741,2026-04-30,synthetic_v1
SRC-02742,Synthetic monitoring record PAI-02742,synthetic://sih26103/PAI-02742,2026-04-30,synthetic_v1
SRC-02743,Synthetic monitoring record PAI-02743,synthetic://sih26103/PAI-02743,2026-04-30,synthetic_v1
SRC-02744,Synthetic monitoring record PAI-02744,synthetic://sih26103/PAI-02744,2026-04-30,synthetic_v1
SRC-02745,Synthetic monitoring record PAI-02745,synthetic://sih26103/PAI-02745,2026-04-30,synthetic_v1
SRC-02746,Synthetic monitoring record PAI-02746,synthetic://sih26103/PAI-02746,2026-04-30,synthetic_v1
SRC-02747,Synthetic monitoring record PAI-02747,synthetic://sih26103/PAI-02747,2026-04-30,synthetic_v1
SRC-02748,Synthetic monitoring record PAI-02748,synthetic://sih26103/PAI-02748,2026-04-30,synthetic_v1
SRC-02749,Synthetic monitoring record PAI-02749,synthetic://sih26103/PAI-02749,2026-04-30,synthetic_v1
SRC-02750,Synthetic monitoring record PAI-02750,synthetic://sih26103/PAI-02750,2026-04-30,synthetic_v1
SRC-02751,Synthetic monitoring record PAI-02751,synthetic://sih26103/PAI-02751,2026-04-30,synthetic_v1
SRC-02752,Synthetic monitoring record PAI-02752,synthetic://sih26103/PAI-02752,2026-04-30,synthetic_v1
SRC-02753,Synthetic monitoring record PAI-02753,synthetic://sih26103/PAI-02753,2026-04-30,synthetic_v1
SRC-02754,Synthetic monitoring record PAI-02754,synthetic://sih26103/PAI-02754,2026-04-30,synthetic_v1
SRC-02755,Synthetic monitoring record PAI-02755,synthetic://sih26103/PAI-02755,2026-04-30,synthetic_v1
SRC-02756,Synthetic monitoring record PAI-02756,synthetic://sih26103/PAI-02756,2026-04-30,synthetic_v1
SRC-02757,Synthetic monitoring record PAI-02757,synthetic://sih26103/PAI-02757,2026-04-30,synthetic_v1
SRC-02758,Synthetic monitoring record PAI-02758,synthetic://sih26103/PAI-02758,2026-04-30,synthetic_v1
SRC-02759,Synthetic monitoring record PAI-02759,synthetic://sih26103/PAI-02759,2026-04-30,synthetic_v1
SRC-02760,Synthetic monitoring record PAI-02760,synthetic://sih26103/PAI-02760,2026-04-30,synthetic_v1
SRC-02761,Synthetic monitoring record PAI-02761,synthetic://sih26103/PAI-02761,2026-04-30,synthetic_v1
SRC-02762,Synthetic monitoring record PAI-02762,synthetic://sih26103/PAI-02762,2026-04-30,synthetic_v1
SRC-02763,Synthetic monitoring record PAI-02763,synthetic://sih26103/PAI-02763,2026-04-30,synthetic_v1
SRC-02764,Synthetic monitoring record PAI-02764,synthetic://sih26103/PAI-02764,2026-04-30,synthetic_v1
SRC-02765,Synthetic monitoring record PAI-02765,synthetic://sih26103/PAI-02765,2026-04-30,synthetic_v1
SRC-02766,Synthetic monitoring record PAI-02766,synthetic://sih26103/PAI-02766,2026-04-30,synthetic_v1
SRC-02767,Synthetic monitoring record PAI-02767,synthetic://sih26103/PAI-02767,2026-04-30,synthetic_v1
SRC-02768,Synthetic monitoring record PAI-02768,synthetic://sih26103/PAI-02768,2026-04-30,synthetic_v1
SRC-02769,Synthetic monitoring record PAI-02769,synthetic://sih26103/PAI-02769,2026-04-30,synthetic_v1
SRC-02770,Synthetic monitoring record PAI-02770,synthetic://sih26103/PAI-02770,2026-04-30,synthetic_v1
SRC-02771,Synthetic monitoring record PAI-02771,synthetic://sih26103/PAI-02771,2026-04-30,synthetic_v1
SRC-02772,Synthetic monitoring record PAI-02772,synthetic://sih26103/PAI-02772,2026-04-30,synthetic_v1
SRC-02773,Synthetic monitoring record PAI-02773,synthetic://sih26103/PAI-02773,2026-04-30,synthetic_v1
SRC-02774,Synthetic monitoring record PAI-02774,synthetic://sih26103/PAI-02774,2026-04-30,synthetic_v1
SRC-02775,Synthetic monitoring record PAI-02775,synthetic://sih26103/PAI-02775,2026-04-30,synthetic_v1
SRC-02776,Synthetic monitoring record PAI-02776,synthetic://sih26103/PAI-02776,2026-04-30,synthetic_v1
SRC-02777,Synthetic monitoring record PAI-02777,synthetic://sih26103/PAI-02777,2026-04-30,synthetic_v1
SRC-02778,Synthetic monitoring record PAI-02778,synthetic://sih26103/PAI-02778,2026-04-30,synthetic_v1
SRC-02779,Synthetic monitoring record PAI-02779,synthetic://sih26103/PAI-02779,2026-04-30,synthetic_v1
SRC-02780,Synthetic monitoring record PAI-02780,synthetic://sih26103/PAI-02780,2026-04-30,synthetic_v1
SRC-02781,Synthetic monitoring record PAI-02781,synthetic://sih26103/PAI-02781,2026-04-30,synthetic_v1
SRC-02782,Synthetic monitoring record PAI-02782,synthetic://sih26103/PAI-02782,2026-04-30,synthetic_v1
SRC-02783,Synthetic monitoring record PAI-02783,synthetic://sih26103/PAI-02783,2026-04-30,synthetic_v1
SRC-02784,Synthetic monitoring record PAI-02784,synthetic://sih26103/PAI-02784,2026-04-30,synthetic_v1
SRC-02785,Synthetic monitoring record PAI-02785,synthetic://sih26103/PAI-02785,2026-04-30,synthetic_v1
SRC-02786,Synthetic monitoring record PAI-02786,synthetic://sih26103/PAI-02786,2026-04-30,synthetic_v1
SRC-02787,Synthetic monitoring record PAI-02787,synthetic://sih26103/PAI-02787,2026-04-30,synthetic_v1
SRC-02788,Synthetic monitoring record PAI-02788,synthetic://sih26103/PAI-02788,2026-04-30,synthetic_v1
SRC-02789,Synthetic monitoring record PAI-02789,synthetic://sih26103/PAI-02789,2026-04-30,synthetic_v1
SRC-02790,Synthetic monitoring record PAI-02790,synthetic://sih26103/PAI-02790,2026-04-30,synthetic_v1
SRC-02791,Synthetic monitoring record PAI-02791,synthetic://sih26103/PAI-02791,2026-04-30,synthetic_v1
SRC-02792,Synthetic monitoring record PAI-02792,synthetic://sih26103/PAI-02792,2026-04-30,synthetic_v1
SRC-02793,Synthetic monitoring record PAI-02793,synthetic://sih26103/PAI-02793,2026-04-30,synthetic_v1
SRC-02794,Synthetic monitoring record PAI-02794,synthetic://sih26103/PAI-02794,2026-04-30,synthetic_v1
SRC-02795,Synthetic monitoring record PAI-02795,synthetic://sih26103/PAI-02795,2026-04-30,synthetic_v1
SRC-02796,Synthetic monitoring record PAI-02796,synthetic://sih26103/PAI-02796,2026-04-30,synthetic_v1
SRC-02797,Synthetic monitoring record PAI-02797,synthetic://sih26103/PAI-02797,2026-04-30,synthetic_v1
SRC-02798,Synthetic monitoring record PAI-02798,synthetic://sih26103/PAI-02798,2026-04-30,synthetic_v1
SRC-02799,Synthetic monitoring record PAI-02799,synthetic://sih26103/PAI-02799,2026-04-30,synthetic_v1
SRC-02800,Synthetic monitoring record PAI-02800,synthetic://sih26103/PAI-02800,2026-04-30,synthetic_v1
SRC-02801,Synthetic monitoring record PAI-02801,synthetic://sih26103/PAI-02801,2026-04-30,synthetic_v1
SRC-02802,Synthetic monitoring record PAI-02802,synthetic://sih26103/PAI-02802,2026-04-30,synthetic_v1
SRC-02803,Synthetic monitoring record PAI-02803,synthetic://sih26103/PAI-02803,2026-04-30,synthetic_v1
SRC-02804,Synthetic monitoring record PAI-02804,synthetic://sih26103/PAI-02804,2026-04-30,synthetic_v1
SRC-02805,Synthetic monitoring record PAI-02805,synthetic://sih26103/PAI-02805,2026-04-30,synthetic_v1
SRC-02806,Synthetic monitoring record PAI-02806,synthetic://sih26103/PAI-02806,2026-04-30,synthetic_v1
SRC-02807,Synthetic monitoring record PAI-02807,synthetic://sih26103/PAI-02807,2026-04-30,synthetic_v1
SRC-02808,Synthetic monitoring record PAI-02808,synthetic://sih26103/PAI-02808,2026-04-30,synthetic_v1
SRC-02809,Synthetic monitoring record PAI-02809,synthetic://sih26103/PAI-02809,2026-04-30,synthetic_v1
SRC-02810,Synthetic monitoring record PAI-02810,synthetic://sih26103/PAI-02810,2026-04-30,synthetic_v1
SRC-02811,Synthetic monitoring record PAI-02811,synthetic://sih26103/PAI-02811,2026-04-30,synthetic_v1
SRC-02812,Synthetic monitoring record PAI-02812,synthetic://sih26103/PAI-02812,2026-04-30,synthetic_v1
SRC-02813,Synthetic monitoring record PAI-02813,synthetic://sih26103/PAI-02813,2026-04-30,synthetic_v1
SRC-02814,Synthetic monitoring record PAI-02814,synthetic://sih26103/PAI-02814,2026-04-30,synthetic_v1
SRC-02815,Synthetic monitoring record PAI-02815,synthetic://sih26103/PAI-02815,2026-04-30,synthetic_v1
SRC-02816,Synthetic monitoring record PAI-02816,synthetic://sih26103/PAI-02816,2026-04-30,synthetic_v1
SRC-02817,Synthetic monitoring record PAI-02817,synthetic://sih26103/PAI-02817,2026-04-30,synthetic_v1
SRC-02818,Synthetic monitoring record PAI-02818,synthetic://sih26103/PAI-02818,2026-04-30,synthetic_v1
SRC-02819,Synthetic monitoring record PAI-02819,synthetic://sih26103/PAI-02819,2026-04-30,synthetic_v1
SRC-02820,Synthetic monitoring record PAI-02820,synthetic://sih26103/PAI-02820,2026-04-30,synthetic_v1
SRC-02821,Synthetic monitoring record PAI-02821,synthetic://sih26103/PAI-02821,2026-04-30,synthetic_v1
SRC-02822,Synthetic monitoring record PAI-02822,synthetic://sih26103/PAI-02822,2026-04-30,synthetic_v1
SRC-02823,Synthetic monitoring record PAI-02823,synthetic://sih26103/PAI-02823,2026-04-30,synthetic_v1
SRC-02824,Synthetic monitoring record PAI-02824,synthetic://sih26103/PAI-02824,2026-04-30,synthetic_v1
SRC-02825,Synthetic monitoring record PAI-02825,synthetic://sih26103/PAI-02825,2026-04-30,synthetic_v1
SRC-02826,Synthetic monitoring record PAI-02826,synthetic://sih26103/PAI-02826,2026-04-30,synthetic_v1
SRC-02827,Synthetic monitoring record PAI-02827,synthetic://sih26103/PAI-02827,2026-04-30,synthetic_v1
SRC-02828,Synthetic monitoring record PAI-02828,synthetic://sih26103/PAI-02828,2026-04-30,synthetic_v1
SRC-02829,Synthetic monitoring record PAI-02829,synthetic://sih26103/PAI-02829,2026-04-30,synthetic_v1
SRC-02830,Synthetic monitoring record PAI-02830,synthetic://sih26103/PAI-02830,2026-04-30,synthetic_v1
SRC-02831,Synthetic monitoring record PAI-02831,synthetic://sih26103/PAI-02831,2026-04-30,synthetic_v1
SRC-02832,Synthetic monitoring record PAI-02832,synthetic://sih26103/PAI-02832,2026-04-30,synthetic_v1
SRC-02833,Synthetic monitoring record PAI-02833,synthetic://sih26103/PAI-02833,2026-04-30,synthetic_v1
SRC-02834,Synthetic monitoring record PAI-02834,synthetic://sih26103/PAI-02834,2026-04-30,synthetic_v1
SRC-02835,Synthetic monitoring record PAI-02835,synthetic://sih26103/PAI-02835,2026-04-30,synthetic_v1
SRC-02836,Synthetic monitoring record PAI-02836,synthetic://sih26103/PAI-02836,2026-04-30,synthetic_v1
SRC-02837,Synthetic monitoring record PAI-02837,synthetic://sih26103/PAI-02837,2026-04-30,synthetic_v1
SRC-02838,Synthetic monitoring record PAI-02838,synthetic://sih26103/PAI-02838,2026-04-30,synthetic_v1
SRC-02839,Synthetic monitoring record PAI-02839,synthetic://sih26103/PAI-02839,2026-04-30,synthetic_v1
SRC-02840,Synthetic monitoring record PAI-02840,synthetic://sih26103/PAI-02840,2026-04-30,synthetic_v1
SRC-02841,Synthetic monitoring record PAI-02841,synthetic://sih26103/PAI-02841,2026-04-30,synthetic_v1
SRC-02842,Synthetic monitoring record PAI-02842,synthetic://sih26103/PAI-02842,2026-04-30,synthetic_v1
SRC-02843,Synthetic monitoring record PAI-02843,synthetic://sih26103/PAI-02843,2026-04-30,synthetic_v1
SRC-02844,Synthetic monitoring record PAI-02844,synthetic://sih26103/PAI-02844,2026-04-30,synthetic_v1
SRC-02845,Synthetic monitoring record PAI-02845,synthetic://sih26103/PAI-02845,2026-04-30,synthetic_v1
SRC-02846,Synthetic monitoring record PAI-02846,synthetic://sih26103/PAI-02846,2026-04-30,synthetic_v1
SRC-02847,Synthetic monitoring record PAI-02847,synthetic://sih26103/PAI-02847,2026-04-30,synthetic_v1
SRC-02848,Synthetic monitoring record PAI-02848,synthetic://sih26103/PAI-02848,2026-04-30,synthetic_v1
SRC-02849,Synthetic monitoring record PAI-02849,synthetic://sih26103/PAI-02849,2026-04-30,synthetic_v1
SRC-02850,Synthetic monitoring record PAI-02850,synthetic://sih26103/PAI-02850,2026-04-30,synthetic_v1
SRC-02851,Synthetic monitoring record PAI-02851,synthetic://sih26103/PAI-02851,2026-04-30,synthetic_v1
SRC-02852,Synthetic monitoring record PAI-02852,synthetic://sih26103/PAI-02852,2026-04-30,synthetic_v1
SRC-02853,Synthetic monitoring record PAI-02853,synthetic://sih26103/PAI-02853,2026-04-30,synthetic_v1
SRC-02854,Synthetic monitoring record PAI-02854,synthetic://sih26103/PAI-02854,2026-04-30,synthetic_v1
SRC-02855,Synthetic monitoring record PAI-02855,synthetic://sih26103/PAI-02855,2026-04-30,synthetic_v1
SRC-02856,Synthetic monitoring record PAI-02856,synthetic://sih26103/PAI-02856,2026-04-30,synthetic_v1
SRC-02857,Synthetic monitoring record PAI-02857,synthetic://sih26103/PAI-02857,2026-04-30,synthetic_v1
SRC-02858,Synthetic monitoring record PAI-02858,synthetic://sih26103/PAI-02858,2026-04-30,synthetic_v1
SRC-02859,Synthetic monitoring record PAI-02859,synthetic://sih26103/PAI-02859,2026-04-30,synthetic_v1
SRC-02860,Synthetic monitoring record PAI-02860,synthetic://sih26103/PAI-02860,2026-04-30,synthetic_v1
SRC-02861,Synthetic monitoring record PAI-02861,synthetic://sih26103/PAI-02861,2026-04-30,synthetic_v1
SRC-02862,Synthetic monitoring record PAI-02862,synthetic://sih26103/PAI-02862,2026-04-30,synthetic_v1
SRC-02863,Synthetic monitoring record PAI-02863,synthetic://sih26103/PAI-02863,2026-04-30,synthetic_v1
SRC-02864,Synthetic monitoring record PAI-02864,synthetic://sih26103/PAI-02864,2026-04-30,synthetic_v1
SRC-02865,Synthetic monitoring record PAI-02865,synthetic://sih26103/PAI-02865,2026-04-30,synthetic_v1
SRC-02866,Synthetic monitoring record PAI-02866,synthetic://sih26103/PAI-02866,2026-04-30,synthetic_v1
SRC-02867,Synthetic monitoring record PAI-02867,synthetic://sih26103/PAI-02867,2026-04-30,synthetic_v1
SRC-02868,Synthetic monitoring record PAI-02868,synthetic://sih26103/PAI-02868,2026-04-30,synthetic_v1
SRC-02869,Synthetic monitoring record PAI-02869,synthetic://sih26103/PAI-02869,2026-04-30,synthetic_v1
SRC-02870,Synthetic monitoring record PAI-02870,synthetic://sih26103/PAI-02870,2026-04-30,synthetic_v1
SRC-02871,Synthetic monitoring record PAI-02871,synthetic://sih26103/PAI-02871,2026-04-30,synthetic_v1
SRC-02872,Synthetic monitoring record PAI-02872,synthetic://sih26103/PAI-02872,2026-04-30,synthetic_v1
SRC-02873,Synthetic monitoring record PAI-02873,synthetic://sih26103/PAI-02873,2026-04-30,synthetic_v1
SRC-02874,Synthetic monitoring record PAI-02874,synthetic://sih26103/PAI-02874,2026-04-30,synthetic_v1
SRC-02875,Synthetic monitoring record PAI-02875,synthetic://sih26103/PAI-02875,2026-04-30,synthetic_v1
SRC-02876,Synthetic monitoring record PAI-02876,synthetic://sih26103/PAI-02876,2026-04-30,synthetic_v1
SRC-02877,Synthetic monitoring record PAI-02877,synthetic://sih26103/PAI-02877,2026-04-30,synthetic_v1
SRC-02878,Synthetic monitoring record PAI-02878,synthetic://sih26103/PAI-02878,2026-04-30,synthetic_v1
SRC-02879,Synthetic monitoring record PAI-02879,synthetic://sih26103/PAI-02879,2026-04-30,synthetic_v1
SRC-02880,Synthetic monitoring record PAI-02880,synthetic://sih26103/PAI-02880,2026-04-30,synthetic_v1
SRC-02881,Synthetic monitoring record PAI-02881,synthetic://sih26103/PAI-02881,2026-04-30,synthetic_v1
SRC-02882,Synthetic monitoring record PAI-02882,synthetic://sih26103/PAI-02882,2026-04-30,synthetic_v1
SRC-02883,Synthetic monitoring record PAI-02883,synthetic://sih26103/PAI-02883,2026-04-30,synthetic_v1
SRC-02884,Synthetic monitoring record PAI-02884,synthetic://sih26103/PAI-02884,2026-04-30,synthetic_v1
SRC-02885,Synthetic monitoring record PAI-02885,synthetic://sih26103/PAI-02885,2026-04-30,synthetic_v1
SRC-02886,Synthetic monitoring record PAI-02886,synthetic://sih26103/PAI-02886,2026-04-30,synthetic_v1
SRC-02887,Synthetic monitoring record PAI-02887,synthetic://sih26103/PAI-02887,2026-04-30,synthetic_v1
SRC-02888,Synthetic monitoring record PAI-02888,synthetic://sih26103/PAI-02888,2026-04-30,synthetic_v1
SRC-02889,Synthetic monitoring record PAI-02889,synthetic://sih26103/PAI-02889,2026-04-30,synthetic_v1
SRC-02890,Synthetic monitoring record PAI-02890,synthetic://sih26103/PAI-02890,2026-04-30,synthetic_v1
SRC-02891,Synthetic monitoring record PAI-02891,synthetic://sih26103/PAI-02891,2026-04-30,synthetic_v1
SRC-02892,Synthetic monitoring record PAI-02892,synthetic://sih26103/PAI-02892,2026-04-30,synthetic_v1
SRC-02893,Synthetic monitoring record PAI-02893,synthetic://sih26103/PAI-02893,2026-04-30,synthetic_v1
SRC-02894,Synthetic monitoring record PAI-02894,synthetic://sih26103/PAI-02894,2026-04-30,synthetic_v1
SRC-02895,Synthetic monitoring record PAI-02895,synthetic://sih26103/PAI-02895,2026-04-30,synthetic_v1
SRC-02896,Synthetic monitoring record PAI-02896,synthetic://sih26103/PAI-02896,2026-04-30,synthetic_v1
SRC-02897,Synthetic monitoring record PAI-02897,synthetic://sih26103/PAI-02897,2026-04-30,synthetic_v1
SRC-02898,Synthetic monitoring record PAI-02898,synthetic://sih26103/PAI-02898,2026-04-30,synthetic_v1
SRC-02899,Synthetic monitoring record PAI-02899,synthetic://sih26103/PAI-02899,2026-04-30,synthetic_v1
SRC-02900,Synthetic monitoring record PAI-02900,synthetic://sih26103/PAI-02900,2026-04-30,synthetic_v1
SRC-02901,Synthetic monitoring record PAI-02901,synthetic://sih26103/PAI-02901,2026-04-30,synthetic_v1
SRC-02902,Synthetic monitoring record PAI-02902,synthetic://sih26103/PAI-02902,2026-04-30,synthetic_v1
SRC-02903,Synthetic monitoring record PAI-02903,synthetic://sih26103/PAI-02903,2026-04-30,synthetic_v1
SRC-02904,Synthetic monitoring record PAI-02904,synthetic://sih26103/PAI-02904,2026-04-30,synthetic_v1
SRC-02905,Synthetic monitoring record PAI-02905,synthetic://sih26103/PAI-02905,2026-04-30,synthetic_v1
SRC-02906,Synthetic monitoring record PAI-02906,synthetic://sih26103/PAI-02906,2026-04-30,synthetic_v1
SRC-02907,Synthetic monitoring record PAI-02907,synthetic://sih26103/PAI-02907,2026-04-30,synthetic_v1
SRC-02908,Synthetic monitoring record PAI-02908,synthetic://sih26103/PAI-02908,2026-04-30,synthetic_v1
SRC-02909,Synthetic monitoring record PAI-02909,synthetic://sih26103/PAI-02909,2026-04-30,synthetic_v1
SRC-02910,Synthetic monitoring record PAI-02910,synthetic://sih26103/PAI-02910,2026-04-30,synthetic_v1
SRC-02911,Synthetic monitoring record PAI-02911,synthetic://sih26103/PAI-02911,2026-04-30,synthetic_v1
SRC-02912,Synthetic monitoring record PAI-02912,synthetic://sih26103/PAI-02912,2026-04-30,synthetic_v1
SRC-02913,Synthetic monitoring record PAI-02913,synthetic://sih26103/PAI-02913,2026-04-30,synthetic_v1
SRC-02914,Synthetic monitoring record PAI-02914,synthetic://sih26103/PAI-02914,2026-04-30,synthetic_v1
SRC-02915,Synthetic monitoring record PAI-02915,synthetic://sih26103/PAI-02915,2026-04-30,synthetic_v1
SRC-02916,Synthetic monitoring record PAI-02916,synthetic://sih26103/PAI-02916,2026-04-30,synthetic_v1
SRC-02917,Synthetic monitoring record PAI-02917,synthetic://sih26103/PAI-02917,2026-04-30,synthetic_v1
SRC-02918,Synthetic monitoring record PAI-02918,synthetic://sih26103/PAI-02918,2026-04-30,synthetic_v1
SRC-02919,Synthetic monitoring record PAI-02919,synthetic://sih26103/PAI-02919,2026-04-30,synthetic_v1
SRC-02920,Synthetic monitoring record PAI-02920,synthetic://sih26103/PAI-02920,2026-04-30,synthetic_v1
SRC-02921,Synthetic monitoring record PAI-02921,synthetic://sih26103/PAI-02921,2026-04-30,synthetic_v1
SRC-02922,Synthetic monitoring record PAI-02922,synthetic://sih26103/PAI-02922,2026-04-30,synthetic_v1
SRC-02923,Synthetic monitoring record PAI-02923,synthetic://sih26103/PAI-02923,2026-04-30,synthetic_v1
SRC-02924,Synthetic monitoring record PAI-02924,synthetic://sih26103/PAI-02924,2026-04-30,synthetic_v1
SRC-02925,Synthetic monitoring record PAI-02925,synthetic://sih26103/PAI-02925,2026-04-30,synthetic_v1
SRC-02926,Synthetic monitoring record PAI-02926,synthetic://sih26103/PAI-02926,2026-04-30,synthetic_v1
SRC-02927,Synthetic monitoring record PAI-02927,synthetic://sih26103/PAI-02927,2026-04-30,synthetic_v1
SRC-02928,Synthetic monitoring record PAI-02928,synthetic://sih26103/PAI-02928,2026-04-30,synthetic_v1
SRC-02929,Synthetic monitoring record PAI-02929,synthetic://sih26103/PAI-02929,2026-04-30,synthetic_v1
SRC-02930,Synthetic monitoring record PAI-02930,synthetic://sih26103/PAI-02930,2026-04-30,synthetic_v1
SRC-02931,Synthetic monitoring record PAI-02931,synthetic://sih26103/PAI-02931,2026-04-30,synthetic_v1
SRC-02932,Synthetic monitoring record PAI-02932,synthetic://sih26103/PAI-02932,2026-04-30,synthetic_v1
SRC-02933,Synthetic monitoring record PAI-02933,synthetic://sih26103/PAI-02933,2026-04-30,synthetic_v1
SRC-02934,Synthetic monitoring record PAI-02934,synthetic://sih26103/PAI-02934,2026-04-30,synthetic_v1
SRC-02935,Synthetic monitoring record PAI-02935,synthetic://sih26103/PAI-02935,2026-04-30,synthetic_v1
SRC-02936,Synthetic monitoring record PAI-02936,synthetic://sih26103/PAI-02936,2026-04-30,synthetic_v1
SRC-02937,Synthetic monitoring record PAI-02937,synthetic://sih26103/PAI-02937,2026-04-30,synthetic_v1
SRC-02938,Synthetic monitoring record PAI-02938,synthetic://sih26103/PAI-02938,2026-04-30,synthetic_v1
SRC-02939,Synthetic monitoring record PAI-02939,synthetic://sih26103/PAI-02939,2026-04-30,synthetic_v1
SRC-02940,Synthetic monitoring record PAI-02940,synthetic://sih26103/PAI-02940,2026-04-30,synthetic_v1
SRC-02941,Synthetic monitoring record PAI-02941,synthetic://sih26103/PAI-02941,2026-04-30,synthetic_v1
SRC-02942,Synthetic monitoring record PAI-02942,synthetic://sih26103/PAI-02942,2026-04-30,synthetic_v1
SRC-02943,Synthetic monitoring record PAI-02943,synthetic://sih26103/PAI-02943,2026-04-30,synthetic_v1
SRC-02944,Synthetic monitoring record PAI-02944,synthetic://sih26103/PAI-02944,2026-04-30,synthetic_v1
SRC-02945,Synthetic monitoring record PAI-02945,synthetic://sih26103/PAI-02945,2026-04-30,synthetic_v1
SRC-02946,Synthetic monitoring record PAI-02946,synthetic://sih26103/PAI-02946,2026-04-30,synthetic_v1
SRC-02947,Synthetic monitoring record PAI-02947,synthetic://sih26103/PAI-02947,2026-04-30,synthetic_v1
SRC-02948,Synthetic monitoring record PAI-02948,synthetic://sih26103/PAI-02948,2026-04-30,synthetic_v1
SRC-02949,Synthetic monitoring record PAI-02949,synthetic://sih26103/PAI-02949,2026-04-30,synthetic_v1
SRC-02950,Synthetic monitoring record PAI-02950,synthetic://sih26103/PAI-02950,2026-04-30,synthetic_v1
SRC-02951,Synthetic monitoring record PAI-02951,synthetic://sih26103/PAI-02951,2026-04-30,synthetic_v1
SRC-02952,Synthetic monitoring record PAI-02952,synthetic://sih26103/PAI-02952,2026-04-30,synthetic_v1
SRC-02953,Synthetic monitoring record PAI-02953,synthetic://sih26103/PAI-02953,2026-04-30,synthetic_v1
SRC-02954,Synthetic monitoring record PAI-02954,synthetic://sih26103/PAI-02954,2026-04-30,synthetic_v1
SRC-02955,Synthetic monitoring record PAI-02955,synthetic://sih26103/PAI-02955,2026-04-30,synthetic_v1
SRC-02956,Synthetic monitoring record PAI-02956,synthetic://sih26103/PAI-02956,2026-04-30,synthetic_v1
SRC-02957,Synthetic monitoring record PAI-02957,synthetic://sih26103/PAI-02957,2026-04-30,synthetic_v1
SRC-02958,Synthetic monitoring record PAI-02958,synthetic://sih26103/PAI-02958,2026-04-30,synthetic_v1
SRC-02959,Synthetic monitoring record PAI-02959,synthetic://sih26103/PAI-02959,2026-04-30,synthetic_v1
SRC-02960,Synthetic monitoring record PAI-02960,synthetic://sih26103/PAI-02960,2026-04-30,synthetic_v1
SRC-02961,Synthetic monitoring record PAI-02961,synthetic://sih26103/PAI-02961,2026-04-30,synthetic_v1
SRC-02962,Synthetic monitoring record PAI-02962,synthetic://sih26103/PAI-02962,2026-04-30,synthetic_v1
SRC-02963,Synthetic monitoring record PAI-02963,synthetic://sih26103/PAI-02963,2026-04-30,synthetic_v1
SRC-02964,Synthetic monitoring record PAI-02964,synthetic://sih26103/PAI-02964,2026-04-30,synthetic_v1
SRC-02965,Synthetic monitoring record PAI-02965,synthetic://sih26103/PAI-02965,2026-04-30,synthetic_v1
SRC-02966,Synthetic monitoring record PAI-02966,synthetic://sih26103/PAI-02966,2026-04-30,synthetic_v1
SRC-02967,Synthetic monitoring record PAI-02967,synthetic://sih26103/PAI-02967,2026-04-30,synthetic_v1
SRC-02968,Synthetic monitoring record PAI-02968,synthetic://sih26103/PAI-02968,2026-04-30,synthetic_v1
SRC-02969,Synthetic monitoring record PAI-02969,synthetic://sih26103/PAI-02969,2026-04-30,synthetic_v1
SRC-02970,Synthetic monitoring record PAI-02970,synthetic://sih26103/PAI-02970,2026-04-30,synthetic_v1
SRC-02971,Synthetic monitoring record PAI-02971,synthetic://sih26103/PAI-02971,2026-04-30,synthetic_v1
SRC-02972,Synthetic monitoring record PAI-02972,synthetic://sih26103/PAI-02972,2026-04-30,synthetic_v1
SRC-02973,Synthetic monitoring record PAI-02973,synthetic://sih26103/PAI-02973,2026-04-30,synthetic_v1
SRC-02974,Synthetic monitoring record PAI-02974,synthetic://sih26103/PAI-02974,2026-04-30,synthetic_v1
SRC-02975,Synthetic monitoring record PAI-02975,synthetic://sih26103/PAI-02975,2026-04-30,synthetic_v1
SRC-02976,Synthetic monitoring record PAI-02976,synthetic://sih26103/PAI-02976,2026-04-30,synthetic_v1
SRC-02977,Synthetic monitoring record PAI-02977,synthetic://sih26103/PAI-02977,2026-04-30,synthetic_v1
SRC-02978,Synthetic monitoring record PAI-02978,synthetic://sih26103/PAI-02978,2026-04-30,synthetic_v1
SRC-02979,Synthetic monitoring record PAI-02979,synthetic://sih26103/PAI-02979,2026-04-30,synthetic_v1
SRC-02980,Synthetic monitoring record PAI-02980,synthetic://sih26103/PAI-02980,2026-04-30,synthetic_v1
SRC-02981,Synthetic monitoring record PAI-02981,synthetic://sih26103/PAI-02981,2026-04-30,synthetic_v1
SRC-02982,Synthetic monitoring record PAI-02982,synthetic://sih26103/PAI-02982,2026-04-30,synthetic_v1
SRC-02983,Synthetic monitoring record PAI-02983,synthetic://sih26103/PAI-02983,2026-04-30,synthetic_v1
SRC-02984,Synthetic monitoring record PAI-02984,synthetic://sih26103/PAI-02984,2026-04-30,synthetic_v1
SRC-02985,Synthetic monitoring record PAI-02985,synthetic://sih26103/PAI-02985,2026-04-30,synthetic_v1
SRC-02986,Synthetic monitoring record PAI-02986,synthetic://sih26103/PAI-02986,2026-04-30,synthetic_v1
SRC-02987,Synthetic monitoring record PAI-02987,synthetic://sih26103/PAI-02987,2026-04-30,synthetic_v1
SRC-02988,Synthetic monitoring record PAI-02988,synthetic://sih26103/PAI-02988,2026-04-30,synthetic_v1
SRC-02989,Synthetic monitoring record PAI-02989,synthetic://sih26103/PAI-02989,2026-04-30,synthetic_v1
SRC-02990,Synthetic monitoring record PAI-02990,synthetic://sih26103/PAI-02990,2026-04-30,synthetic_v1
SRC-02991,Synthetic monitoring record PAI-02991,synthetic://sih26103/PAI-02991,2026-04-30,synthetic_v1
SRC-02992,Synthetic monitoring record PAI-02992,synthetic://sih26103/PAI-02992,2026-04-30,synthetic_v1
SRC-02993,Synthetic monitoring record PAI-02993,synthetic://sih26103/PAI-02993,2026-04-30,synthetic_v1
SRC-02994,Synthetic monitoring record PAI-02994,synthetic://sih26103/PAI-02994,2026-04-30,synthetic_v1
SRC-02995,Synthetic monitoring record PAI-02995,synthetic://sih26103/PAI-02995,2026-04-30,synthetic_v1
SRC-02996,Synthetic monitoring record PAI-02996,synthetic://sih26103/PAI-02996,2026-04-30,synthetic_v1
SRC-02997,Synthetic monitoring record PAI-02997,synthetic://sih26103/PAI-02997,2026-04-30,synthetic_v1
SRC-02998,Synthetic monitoring record PAI-02998,synthetic://sih26103/PAI-02998,2026-04-30,synthetic_v1
SRC-02999,Synthetic monitoring record PAI-02999,synthetic://sih26103/PAI-02999,2026-04-30,synthetic_v1
SRC-03000,Synthetic monitoring record PAI-03000,synthetic://sih26103/PAI-03000,2026-04-30,synthetic_v1
SRC-03001,Synthetic monitoring record PAI-03001,synthetic://sih26103/PAI-03001,2026-04-30,synthetic_v1
SRC-03002,Synthetic monitoring record PAI-03002,synthetic://sih26103/PAI-03002,2026-04-30,synthetic_v1
SRC-03003,Synthetic monitoring record PAI-03003,synthetic://sih26103/PAI-03003,2026-04-30,synthetic_v1
SRC-03004,Synthetic monitoring record PAI-03004,synthetic://sih26103/PAI-03004,2026-04-30,synthetic_v1
SRC-03005,Synthetic monitoring record PAI-03005,synthetic://sih26103/PAI-03005,2026-04-30,synthetic_v1
SRC-03006,Synthetic monitoring record PAI-03006,synthetic://sih26103/PAI-03006,2026-04-30,synthetic_v1
SRC-03007,Synthetic monitoring record PAI-03007,synthetic://sih26103/PAI-03007,2026-04-30,synthetic_v1
SRC-03008,Synthetic monitoring record PAI-03008,synthetic://sih26103/PAI-03008,2026-04-30,synthetic_v1
SRC-03009,Synthetic monitoring record PAI-03009,synthetic://sih26103/PAI-03009,2026-04-30,synthetic_v1
SRC-03010,Synthetic monitoring record PAI-03010,synthetic://sih26103/PAI-03010,2026-04-30,synthetic_v1
SRC-03011,Synthetic monitoring record PAI-03011,synthetic://sih26103/PAI-03011,2026-04-30,synthetic_v1
SRC-03012,Synthetic monitoring record PAI-03012,synthetic://sih26103/PAI-03012,2026-04-30,synthetic_v1
SRC-03013,Synthetic monitoring record PAI-03013,synthetic://sih26103/PAI-03013,2026-04-30,synthetic_v1
SRC-03014,Synthetic monitoring record PAI-03014,synthetic://sih26103/PAI-03014,2026-04-30,synthetic_v1
SRC-03015,Synthetic monitoring record PAI-03015,synthetic://sih26103/PAI-03015,2026-04-30,synthetic_v1
SRC-03016,Synthetic monitoring record PAI-03016,synthetic://sih26103/PAI-03016,2026-04-30,synthetic_v1
SRC-03017,Synthetic monitoring record PAI-03017,synthetic://sih26103/PAI-03017,2026-04-30,synthetic_v1
SRC-03018,Synthetic monitoring record PAI-03018,synthetic://sih26103/PAI-03018,2026-04-30,synthetic_v1
SRC-03019,Synthetic monitoring record PAI-03019,synthetic://sih26103/PAI-03019,2026-04-30,synthetic_v1
SRC-03020,Synthetic monitoring record PAI-03020,synthetic://sih26103/PAI-03020,2026-04-30,synthetic_v1
SRC-03021,Synthetic monitoring record PAI-03021,synthetic://sih26103/PAI-03021,2026-04-30,synthetic_v1
SRC-03022,Synthetic monitoring record PAI-03022,synthetic://sih26103/PAI-03022,2026-04-30,synthetic_v1
SRC-03023,Synthetic monitoring record PAI-03023,synthetic://sih26103/PAI-03023,2026-04-30,synthetic_v1
SRC-03024,Synthetic monitoring record PAI-03024,synthetic://sih26103/PAI-03024,2026-04-30,synthetic_v1
SRC-03025,Synthetic monitoring record PAI-03025,synthetic://sih26103/PAI-03025,2026-04-30,synthetic_v1
SRC-03026,Synthetic monitoring record PAI-03026,synthetic://sih26103/PAI-03026,2026-04-30,synthetic_v1
SRC-03027,Synthetic monitoring record PAI-03027,synthetic://sih26103/PAI-03027,2026-04-30,synthetic_v1
SRC-03028,Synthetic monitoring record PAI-03028,synthetic://sih26103/PAI-03028,2026-04-30,synthetic_v1
SRC-03029,Synthetic monitoring record PAI-03029,synthetic://sih26103/PAI-03029,2026-04-30,synthetic_v1
SRC-03030,Synthetic monitoring record PAI-03030,synthetic://sih26103/PAI-03030,2026-04-30,synthetic_v1
SRC-03031,Synthetic monitoring record PAI-03031,synthetic://sih26103/PAI-03031,2026-04-30,synthetic_v1
SRC-03032,Synthetic monitoring record PAI-03032,synthetic://sih26103/PAI-03032,2026-04-30,synthetic_v1
SRC-03033,Synthetic monitoring record PAI-03033,synthetic://sih26103/PAI-03033,2026-04-30,synthetic_v1
SRC-03034,Synthetic monitoring record PAI-03034,synthetic://sih26103/PAI-03034,2026-04-30,synthetic_v1
SRC-03035,Synthetic monitoring record PAI-03035,synthetic://sih26103/PAI-03035,2026-04-30,synthetic_v1
SRC-03036,Synthetic monitoring record PAI-03036,synthetic://sih26103/PAI-03036,2026-04-30,synthetic_v1
SRC-03037,Synthetic monitoring record PAI-03037,synthetic://sih26103/PAI-03037,2026-04-30,synthetic_v1
SRC-03038,Synthetic monitoring record PAI-03038,synthetic://sih26103/PAI-03038,2026-04-30,synthetic_v1
SRC-03039,Synthetic monitoring record PAI-03039,synthetic://sih26103/PAI-03039,2026-04-30,synthetic_v1
SRC-03040,Synthetic monitoring record PAI-03040,synthetic://sih26103/PAI-03040,2026-04-30,synthetic_v1
SRC-03041,Synthetic monitoring record PAI-03041,synthetic://sih26103/PAI-03041,2026-04-30,synthetic_v1
SRC-03042,Synthetic monitoring record PAI-03042,synthetic://sih26103/PAI-03042,2026-04-30,synthetic_v1
SRC-03043,Synthetic monitoring record PAI-03043,synthetic://sih26103/PAI-03043,2026-04-30,synthetic_v1
SRC-03044,Synthetic monitoring record PAI-03044,synthetic://sih26103/PAI-03044,2026-04-30,synthetic_v1
SRC-03045,Synthetic monitoring record PAI-03045,synthetic://sih26103/PAI-03045,2026-04-30,synthetic_v1
SRC-03046,Synthetic monitoring record PAI-03046,synthetic://sih26103/PAI-03046,2026-04-30,synthetic_v1
SRC-03047,Synthetic monitoring record PAI-03047,synthetic://sih26103/PAI-03047,2026-04-30,synthetic_v1
SRC-03048,Synthetic monitoring record PAI-03048,synthetic://sih26103/PAI-03048,2026-04-30,synthetic_v1
SRC-03049,Synthetic monitoring record PAI-03049,synthetic://sih26103/PAI-03049,2026-04-30,synthetic_v1
SRC-03050,Synthetic monitoring record PAI-03050,synthetic://sih26103/PAI-03050,2026-04-30,synthetic_v1
SRC-03051,Synthetic monitoring record PAI-03051,synthetic://sih26103/PAI-03051,2026-04-30,synthetic_v1
SRC-03052,Synthetic monitoring record PAI-03052,synthetic://sih26103/PAI-03052,2026-04-30,synthetic_v1
SRC-03053,Synthetic monitoring record PAI-03053,synthetic://sih26103/PAI-03053,2026-04-30,synthetic_v1
SRC-03054,Synthetic monitoring record PAI-03054,synthetic://sih26103/PAI-03054,2026-04-30,synthetic_v1
SRC-03055,Synthetic monitoring record PAI-03055,synthetic://sih26103/PAI-03055,2026-04-30,synthetic_v1
SRC-03056,Synthetic monitoring record PAI-03056,synthetic://sih26103/PAI-03056,2026-04-30,synthetic_v1
SRC-03057,Synthetic monitoring record PAI-03057,synthetic://sih26103/PAI-03057,2026-04-30,synthetic_v1
SRC-03058,Synthetic monitoring record PAI-03058,synthetic://sih26103/PAI-03058,2026-04-30,synthetic_v1
SRC-03059,Synthetic monitoring record PAI-03059,synthetic://sih26103/PAI-03059,2026-04-30,synthetic_v1
SRC-03060,Synthetic monitoring record PAI-03060,synthetic://sih26103/PAI-03060,2026-04-30,synthetic_v1
SRC-03061,Synthetic monitoring record PAI-03061,synthetic://sih26103/PAI-03061,2026-04-30,synthetic_v1
SRC-03062,Synthetic monitoring record PAI-03062,synthetic://sih26103/PAI-03062,2026-04-30,synthetic_v1
SRC-03063,Synthetic monitoring record PAI-03063,synthetic://sih26103/PAI-03063,2026-04-30,synthetic_v1
SRC-03064,Synthetic monitoring record PAI-03064,synthetic://sih26103/PAI-03064,2026-04-30,synthetic_v1
SRC-03065,Synthetic monitoring record PAI-03065,synthetic://sih26103/PAI-03065,2026-04-30,synthetic_v1
SRC-03066,Synthetic monitoring record PAI-03066,synthetic://sih26103/PAI-03066,2026-04-30,synthetic_v1
SRC-03067,Synthetic monitoring record PAI-03067,synthetic://sih26103/PAI-03067,2026-04-30,synthetic_v1
SRC-03068,Synthetic monitoring record PAI-03068,synthetic://sih26103/PAI-03068,2026-04-30,synthetic_v1
SRC-03069,Synthetic monitoring record PAI-03069,synthetic://sih26103/PAI-03069,2026-04-30,synthetic_v1
SRC-03070,Synthetic monitoring record PAI-03070,synthetic://sih26103/PAI-03070,2026-04-30,synthetic_v1
SRC-03071,Synthetic monitoring record PAI-03071,synthetic://sih26103/PAI-03071,2026-04-30,synthetic_v1
SRC-03072,Synthetic monitoring record PAI-03072,synthetic://sih26103/PAI-03072,2026-04-30,synthetic_v1
SRC-03073,Synthetic monitoring record PAI-03073,synthetic://sih26103/PAI-03073,2026-04-30,synthetic_v1
SRC-03074,Synthetic monitoring record PAI-03074,synthetic://sih26103/PAI-03074,2026-04-30,synthetic_v1
SRC-03075,Synthetic monitoring record PAI-03075,synthetic://sih26103/PAI-03075,2026-04-30,synthetic_v1
SRC-03076,Synthetic monitoring record PAI-03076,synthetic://sih26103/PAI-03076,2026-04-30,synthetic_v1
SRC-03077,Synthetic monitoring record PAI-03077,synthetic://sih26103/PAI-03077,2026-04-30,synthetic_v1
SRC-03078,Synthetic monitoring record PAI-03078,synthetic://sih26103/PAI-03078,2026-04-30,synthetic_v1
SRC-03079,Synthetic monitoring record PAI-03079,synthetic://sih26103/PAI-03079,2026-04-30,synthetic_v1
SRC-03080,Synthetic monitoring record PAI-03080,synthetic://sih26103/PAI-03080,2026-04-30,synthetic_v1
SRC-03081,Synthetic monitoring record PAI-03081,synthetic://sih26103/PAI-03081,2026-04-30,synthetic_v1
SRC-03082,Synthetic monitoring record PAI-03082,synthetic://sih26103/PAI-03082,2026-04-30,synthetic_v1
SRC-03083,Synthetic monitoring record PAI-03083,synthetic://sih26103/PAI-03083,2026-04-30,synthetic_v1
SRC-03084,Synthetic monitoring record PAI-03084,synthetic://sih26103/PAI-03084,2026-04-30,synthetic_v1
SRC-03085,Synthetic monitoring record PAI-03085,synthetic://sih26103/PAI-03085,2026-04-30,synthetic_v1
SRC-03086,Synthetic monitoring record PAI-03086,synthetic://sih26103/PAI-03086,2026-04-30,synthetic_v1
SRC-03087,Synthetic monitoring record PAI-03087,synthetic://sih26103/PAI-03087,2026-04-30,synthetic_v1
SRC-03088,Synthetic monitoring record PAI-03088,synthetic://sih26103/PAI-03088,2026-04-30,synthetic_v1
SRC-03089,Synthetic monitoring record PAI-03089,synthetic://sih26103/PAI-03089,2026-04-30,synthetic_v1
SRC-03090,Synthetic monitoring record PAI-03090,synthetic://sih26103/PAI-03090,2026-04-30,synthetic_v1
SRC-03091,Synthetic monitoring record PAI-03091,synthetic://sih26103/PAI-03091,2026-04-30,synthetic_v1
SRC-03092,Synthetic monitoring record PAI-03092,synthetic://sih26103/PAI-03092,2026-04-30,synthetic_v1
SRC-03093,Synthetic monitoring record PAI-03093,synthetic://sih26103/PAI-03093,2026-04-30,synthetic_v1
SRC-03094,Synthetic monitoring record PAI-03094,synthetic://sih26103/PAI-03094,2026-04-30,synthetic_v1
SRC-03095,Synthetic monitoring record PAI-03095,synthetic://sih26103/PAI-03095,2026-04-30,synthetic_v1
SRC-03096,Synthetic monitoring record PAI-03096,synthetic://sih26103/PAI-03096,2026-04-30,synthetic_v1
SRC-03097,Synthetic monitoring record PAI-03097,synthetic://sih26103/PAI-03097,2026-04-30,synthetic_v1
SRC-03098,Synthetic monitoring record PAI-03098,synthetic://sih26103/PAI-03098,2026-04-30,synthetic_v1
SRC-03099,Synthetic monitoring record PAI-03099,synthetic://sih26103/PAI-03099,2026-04-30,synthetic_v1
SRC-03100,Synthetic monitoring record PAI-03100,synthetic://sih26103/PAI-03100,2026-04-30,synthetic_v1
SRC-03101,Synthetic monitoring record PAI-03101,synthetic://sih26103/PAI-03101,2026-04-30,synthetic_v1
SRC-03102,Synthetic monitoring record PAI-03102,synthetic://sih26103/PAI-03102,2026-04-30,synthetic_v1
SRC-03103,Synthetic monitoring record PAI-03103,synthetic://sih26103/PAI-03103,2026-04-30,synthetic_v1
SRC-03104,Synthetic monitoring record PAI-03104,synthetic://sih26103/PAI-03104,2026-04-30,synthetic_v1
SRC-03105,Synthetic monitoring record PAI-03105,synthetic://sih26103/PAI-03105,2026-04-30,synthetic_v1
SRC-03106,Synthetic monitoring record PAI-03106,synthetic://sih26103/PAI-03106,2026-04-30,synthetic_v1
SRC-03107,Synthetic monitoring record PAI-03107,synthetic://sih26103/PAI-03107,2026-04-30,synthetic_v1
SRC-03108,Synthetic monitoring record PAI-03108,synthetic://sih26103/PAI-03108,2026-04-30,synthetic_v1
SRC-03109,Synthetic monitoring record PAI-03109,synthetic://sih26103/PAI-03109,2026-04-30,synthetic_v1
SRC-03110,Synthetic monitoring record PAI-03110,synthetic://sih26103/PAI-03110,2026-04-30,synthetic_v1
SRC-03111,Synthetic monitoring record PAI-03111,synthetic://sih26103/PAI-03111,2026-04-30,synthetic_v1
SRC-03112,Synthetic monitoring record PAI-03112,synthetic://sih26103/PAI-03112,2026-04-30,synthetic_v1
SRC-03113,Synthetic monitoring record PAI-03113,synthetic://sih26103/PAI-03113,2026-04-30,synthetic_v1
SRC-03114,Synthetic monitoring record PAI-03114,synthetic://sih26103/PAI-03114,2026-04-30,synthetic_v1
SRC-03115,Synthetic monitoring record PAI-03115,synthetic://sih26103/PAI-03115,2026-04-30,synthetic_v1
SRC-03116,Synthetic monitoring record PAI-03116,synthetic://sih26103/PAI-03116,2026-04-30,synthetic_v1
SRC-03117,Synthetic monitoring record PAI-03117,synthetic://sih26103/PAI-03117,2026-04-30,synthetic_v1
SRC-03118,Synthetic monitoring record PAI-03118,synthetic://sih26103/PAI-03118,2026-04-30,synthetic_v1
SRC-03119,Synthetic monitoring record PAI-03119,synthetic://sih26103/PAI-03119,2026-04-30,synthetic_v1
SRC-03120,Synthetic monitoring record PAI-03120,synthetic://sih26103/PAI-03120,2026-04-30,synthetic_v1
SRC-03121,Synthetic monitoring record PAI-03121,synthetic://sih26103/PAI-03121,2026-04-30,synthetic_v1
SRC-03122,Synthetic monitoring record PAI-03122,synthetic://sih26103/PAI-03122,2026-04-30,synthetic_v1
SRC-03123,Synthetic monitoring record PAI-03123,synthetic://sih26103/PAI-03123,2026-04-30,synthetic_v1
SRC-03124,Synthetic monitoring record PAI-03124,synthetic://sih26103/PAI-03124,2026-04-30,synthetic_v1
SRC-03125,Synthetic monitoring record PAI-03125,synthetic://sih26103/PAI-03125,2026-04-30,synthetic_v1
SRC-03126,Synthetic monitoring record PAI-03126,synthetic://sih26103/PAI-03126,2026-04-30,synthetic_v1
SRC-03127,Synthetic monitoring record PAI-03127,synthetic://sih26103/PAI-03127,2026-04-30,synthetic_v1
SRC-03128,Synthetic monitoring record PAI-03128,synthetic://sih26103/PAI-03128,2026-04-30,synthetic_v1
SRC-03129,Synthetic monitoring record PAI-03129,synthetic://sih26103/PAI-03129,2026-04-30,synthetic_v1
SRC-03130,Synthetic monitoring record PAI-03130,synthetic://sih26103/PAI-03130,2026-04-30,synthetic_v1
SRC-03131,Synthetic monitoring record PAI-03131,synthetic://sih26103/PAI-03131,2026-04-30,synthetic_v1
SRC-03132,Synthetic monitoring record PAI-03132,synthetic://sih26103/PAI-03132,2026-04-30,synthetic_v1
SRC-03133,Synthetic monitoring record PAI-03133,synthetic://sih26103/PAI-03133,2026-04-30,synthetic_v1
SRC-03134,Synthetic monitoring record PAI-03134,synthetic://sih26103/PAI-03134,2026-04-30,synthetic_v1
SRC-03135,Synthetic monitoring record PAI-03135,synthetic://sih26103/PAI-03135,2026-04-30,synthetic_v1
SRC-03136,Synthetic monitoring record PAI-03136,synthetic://sih26103/PAI-03136,2026-04-30,synthetic_v1
SRC-03137,Synthetic monitoring record PAI-03137,synthetic://sih26103/PAI-03137,2026-04-30,synthetic_v1
SRC-03138,Synthetic monitoring record PAI-03138,synthetic://sih26103/PAI-03138,2026-04-30,synthetic_v1
SRC-03139,Synthetic monitoring record PAI-03139,synthetic://sih26103/PAI-03139,2026-04-30,synthetic_v1
SRC-03140,Synthetic monitoring record PAI-03140,synthetic://sih26103/PAI-03140,2026-04-30,synthetic_v1
SRC-03141,Synthetic monitoring record PAI-03141,synthetic://sih26103/PAI-03141,2026-04-30,synthetic_v1
SRC-03142,Synthetic monitoring record PAI-03142,synthetic://sih26103/PAI-03142,2026-04-30,synthetic_v1
SRC-03143,Synthetic monitoring record PAI-03143,synthetic://sih26103/PAI-03143,2026-04-30,synthetic_v1
SRC-03144,Synthetic monitoring record PAI-03144,synthetic://sih26103/PAI-03144,2026-04-30,synthetic_v1
SRC-03145,Synthetic monitoring record PAI-03145,synthetic://sih26103/PAI-03145,2026-04-30,synthetic_v1
SRC-03146,Synthetic monitoring record PAI-03146,synthetic://sih26103/PAI-03146,2026-04-30,synthetic_v1
SRC-03147,Synthetic monitoring record PAI-03147,synthetic://sih26103/PAI-03147,2026-04-30,synthetic_v1
SRC-03148,Synthetic monitoring record PAI-03148,synthetic://sih26103/PAI-03148,2026-04-30,synthetic_v1
SRC-03149,Synthetic monitoring record PAI-03149,synthetic://sih26103/PAI-03149,2026-04-30,synthetic_v1
SRC-03150,Synthetic monitoring record PAI-03150,synthetic://sih26103/PAI-03150,2026-04-30,synthetic_v1
SRC-03151,Synthetic monitoring record PAI-03151,synthetic://sih26103/PAI-03151,2026-04-30,synthetic_v1
SRC-03152,Synthetic monitoring record PAI-03152,synthetic://sih26103/PAI-03152,2026-04-30,synthetic_v1
SRC-03153,Synthetic monitoring record PAI-03153,synthetic://sih26103/PAI-03153,2026-04-30,synthetic_v1
SRC-03154,Synthetic monitoring record PAI-03154,synthetic://sih26103/PAI-03154,2026-04-30,synthetic_v1
SRC-03155,Synthetic monitoring record PAI-03155,synthetic://sih26103/PAI-03155,2026-04-30,synthetic_v1
SRC-03156,Synthetic monitoring record PAI-03156,synthetic://sih26103/PAI-03156,2026-04-30,synthetic_v1
SRC-03157,Synthetic monitoring record PAI-03157,synthetic://sih26103/PAI-03157,2026-04-30,synthetic_v1
SRC-03158,Synthetic monitoring record PAI-03158,synthetic://sih26103/PAI-03158,2026-04-30,synthetic_v1
SRC-03159,Synthetic monitoring record PAI-03159,synthetic://sih26103/PAI-03159,2026-04-30,synthetic_v1
SRC-03160,Synthetic monitoring record PAI-03160,synthetic://sih26103/PAI-03160,2026-04-30,synthetic_v1
SRC-03161,Synthetic monitoring record PAI-03161,synthetic://sih26103/PAI-03161,2026-04-30,synthetic_v1
SRC-03162,Synthetic monitoring record PAI-03162,synthetic://sih26103/PAI-03162,2026-04-30,synthetic_v1
SRC-03163,Synthetic monitoring record PAI-03163,synthetic://sih26103/PAI-03163,2026-04-30,synthetic_v1
SRC-03164,Synthetic monitoring record PAI-03164,synthetic://sih26103/PAI-03164,2026-04-30,synthetic_v1
SRC-03165,Synthetic monitoring record PAI-03165,synthetic://sih26103/PAI-03165,2026-04-30,synthetic_v1
SRC-03166,Synthetic monitoring record PAI-03166,synthetic://sih26103/PAI-03166,2026-04-30,synthetic_v1
SRC-03167,Synthetic monitoring record PAI-03167,synthetic://sih26103/PAI-03167,2026-04-30,synthetic_v1
SRC-03168,Synthetic monitoring record PAI-03168,synthetic://sih26103/PAI-03168,2026-04-30,synthetic_v1
SRC-03169,Synthetic monitoring record PAI-03169,synthetic://sih26103/PAI-03169,2026-04-30,synthetic_v1
SRC-03170,Synthetic monitoring record PAI-03170,synthetic://sih26103/PAI-03170,2026-04-30,synthetic_v1
SRC-03171,Synthetic monitoring record PAI-03171,synthetic://sih26103/PAI-03171,2026-04-30,synthetic_v1
SRC-03172,Synthetic monitoring record PAI-03172,synthetic://sih26103/PAI-03172,2026-04-30,synthetic_v1
SRC-03173,Synthetic monitoring record PAI-03173,synthetic://sih26103/PAI-03173,2026-04-30,synthetic_v1
SRC-03174,Synthetic monitoring record PAI-03174,synthetic://sih26103/PAI-03174,2026-04-30,synthetic_v1
SRC-03175,Synthetic monitoring record PAI-03175,synthetic://sih26103/PAI-03175,2026-04-30,synthetic_v1
SRC-03176,Synthetic monitoring record PAI-03176,synthetic://sih26103/PAI-03176,2026-04-30,synthetic_v1
SRC-03177,Synthetic monitoring record PAI-03177,synthetic://sih26103/PAI-03177,2026-04-30,synthetic_v1
SRC-03178,Synthetic monitoring record PAI-03178,synthetic://sih26103/PAI-03178,2026-04-30,synthetic_v1
SRC-03179,Synthetic monitoring record PAI-03179,synthetic://sih26103/PAI-03179,2026-04-30,synthetic_v1
SRC-03180,Synthetic monitoring record PAI-03180,synthetic://sih26103/PAI-03180,2026-04-30,synthetic_v1
SRC-03181,Synthetic monitoring record PAI-03181,synthetic://sih26103/PAI-03181,2026-04-30,synthetic_v1
SRC-03182,Synthetic monitoring record PAI-03182,synthetic://sih26103/PAI-03182,2026-04-30,synthetic_v1
SRC-03183,Synthetic monitoring record PAI-03183,synthetic://sih26103/PAI-03183,2026-04-30,synthetic_v1
SRC-03184,Synthetic monitoring record PAI-03184,synthetic://sih26103/PAI-03184,2026-04-30,synthetic_v1
SRC-03185,Synthetic monitoring record PAI-03185,synthetic://sih26103/PAI-03185,2026-04-30,synthetic_v1
SRC-03186,Synthetic monitoring record PAI-03186,synthetic://sih26103/PAI-03186,2026-04-30,synthetic_v1
SRC-03187,Synthetic monitoring record PAI-03187,synthetic://sih26103/PAI-03187,2026-04-30,synthetic_v1
SRC-03188,Synthetic monitoring record PAI-03188,synthetic://sih26103/PAI-03188,2026-04-30,synthetic_v1
SRC-03189,Synthetic monitoring record PAI-03189,synthetic://sih26103/PAI-03189,2026-04-30,synthetic_v1
SRC-03190,Synthetic monitoring record PAI-03190,synthetic://sih26103/PAI-03190,2026-04-30,synthetic_v1
SRC-03191,Synthetic monitoring record PAI-03191,synthetic://sih26103/PAI-03191,2026-04-30,synthetic_v1
SRC-03192,Synthetic monitoring record PAI-03192,synthetic://sih26103/PAI-03192,2026-04-30,synthetic_v1
SRC-03193,Synthetic monitoring record PAI-03193,synthetic://sih26103/PAI-03193,2026-04-30,synthetic_v1
SRC-03194,Synthetic monitoring record PAI-03194,synthetic://sih26103/PAI-03194,2026-04-30,synthetic_v1
SRC-03195,Synthetic monitoring record PAI-03195,synthetic://sih26103/PAI-03195,2026-04-30,synthetic_v1
SRC-03196,Synthetic monitoring record PAI-03196,synthetic://sih26103/PAI-03196,2026-04-30,synthetic_v1
SRC-03197,Synthetic monitoring record PAI-03197,synthetic://sih26103/PAI-03197,2026-04-30,synthetic_v1
SRC-03198,Synthetic monitoring record PAI-03198,synthetic://sih26103/PAI-03198,2026-04-30,synthetic_v1
SRC-03199,Synthetic monitoring record PAI-03199,synthetic://sih26103/PAI-03199,2026-04-30,synthetic_v1
SRC-03200,Synthetic monitoring record PAI-03200,synthetic://sih26103/PAI-03200,2026-04-30,synthetic_v1
SRC-03201,Synthetic monitoring record PAI-03201,synthetic://sih26103/PAI-03201,2026-04-30,synthetic_v1
SRC-03202,Synthetic monitoring record PAI-03202,synthetic://sih26103/PAI-03202,2026-04-30,synthetic_v1
SRC-03203,Synthetic monitoring record PAI-03203,synthetic://sih26103/PAI-03203,2026-04-30,synthetic_v1
SRC-03204,Synthetic monitoring record PAI-03204,synthetic://sih26103/PAI-03204,2026-04-30,synthetic_v1
SRC-03205,Synthetic monitoring record PAI-03205,synthetic://sih26103/PAI-03205,2026-04-30,synthetic_v1
SRC-03206,Synthetic monitoring record PAI-03206,synthetic://sih26103/PAI-03206,2026-04-30,synthetic_v1
SRC-03207,Synthetic monitoring record PAI-03207,synthetic://sih26103/PAI-03207,2026-04-30,synthetic_v1
SRC-03208,Synthetic monitoring record PAI-03208,synthetic://sih26103/PAI-03208,2026-04-30,synthetic_v1
SRC-03209,Synthetic monitoring record PAI-03209,synthetic://sih26103/PAI-03209,2026-04-30,synthetic_v1
SRC-03210,Synthetic monitoring record PAI-03210,synthetic://sih26103/PAI-03210,2026-04-30,synthetic_v1
SRC-03211,Synthetic monitoring record PAI-03211,synthetic://sih26103/PAI-03211,2026-04-30,synthetic_v1
SRC-03212,Synthetic monitoring record PAI-03212,synthetic://sih26103/PAI-03212,2026-04-30,synthetic_v1
SRC-03213,Synthetic monitoring record PAI-03213,synthetic://sih26103/PAI-03213,2026-04-30,synthetic_v1
SRC-03214,Synthetic monitoring record PAI-03214,synthetic://sih26103/PAI-03214,2026-04-30,synthetic_v1
SRC-03215,Synthetic monitoring record PAI-03215,synthetic://sih26103/PAI-03215,2026-04-30,synthetic_v1
SRC-03216,Synthetic monitoring record PAI-03216,synthetic://sih26103/PAI-03216,2026-04-30,synthetic_v1
SRC-03217,Synthetic monitoring record PAI-03217,synthetic://sih26103/PAI-03217,2026-04-30,synthetic_v1
SRC-03218,Synthetic monitoring record PAI-03218,synthetic://sih26103/PAI-03218,2026-04-30,synthetic_v1
SRC-03219,Synthetic monitoring record PAI-03219,synthetic://sih26103/PAI-03219,2026-04-30,synthetic_v1
SRC-03220,Synthetic monitoring record PAI-03220,synthetic://sih26103/PAI-03220,2026-04-30,synthetic_v1
SRC-03221,Synthetic monitoring record PAI-03221,synthetic://sih26103/PAI-03221,2026-04-30,synthetic_v1
SRC-03222,Synthetic monitoring record PAI-03222,synthetic://sih26103/PAI-03222,2026-04-30,synthetic_v1
SRC-03223,Synthetic monitoring record PAI-03223,synthetic://sih26103/PAI-03223,2026-04-30,synthetic_v1
SRC-03224,Synthetic monitoring record PAI-03224,synthetic://sih26103/PAI-03224,2026-04-30,synthetic_v1
SRC-03225,Synthetic monitoring record PAI-03225,synthetic://sih26103/PAI-03225,2026-04-30,synthetic_v1
SRC-03226,Synthetic monitoring record PAI-03226,synthetic://sih26103/PAI-03226,2026-04-30,synthetic_v1
SRC-03227,Synthetic monitoring record PAI-03227,synthetic://sih26103/PAI-03227,2026-04-30,synthetic_v1
SRC-03228,Synthetic monitoring record PAI-03228,synthetic://sih26103/PAI-03228,2026-04-30,synthetic_v1
SRC-03229,Synthetic monitoring record PAI-03229,synthetic://sih26103/PAI-03229,2026-04-30,synthetic_v1
SRC-03230,Synthetic monitoring record PAI-03230,synthetic://sih26103/PAI-03230,2026-04-30,synthetic_v1
SRC-03231,Synthetic monitoring record PAI-03231,synthetic://sih26103/PAI-03231,2026-04-30,synthetic_v1
SRC-03232,Synthetic monitoring record PAI-03232,synthetic://sih26103/PAI-03232,2026-04-30,synthetic_v1
SRC-03233,Synthetic monitoring record PAI-03233,synthetic://sih26103/PAI-03233,2026-04-30,synthetic_v1
SRC-03234,Synthetic monitoring record PAI-03234,synthetic://sih26103/PAI-03234,2026-04-30,synthetic_v1
SRC-03235,Synthetic monitoring record PAI-03235,synthetic://sih26103/PAI-03235,2026-04-30,synthetic_v1
SRC-03236,Synthetic monitoring record PAI-03236,synthetic://sih26103/PAI-03236,2026-04-30,synthetic_v1
SRC-03237,Synthetic monitoring record PAI-03237,synthetic://sih26103/PAI-03237,2026-04-30,synthetic_v1
SRC-03238,Synthetic monitoring record PAI-03238,synthetic://sih26103/PAI-03238,2026-04-30,synthetic_v1
SRC-03239,Synthetic monitoring record PAI-03239,synthetic://sih26103/PAI-03239,2026-04-30,synthetic_v1
SRC-03240,Synthetic monitoring record PAI-03240,synthetic://sih26103/PAI-03240,2026-04-30,synthetic_v1
SRC-03241,Synthetic monitoring record PAI-03241,synthetic://sih26103/PAI-03241,2026-04-30,synthetic_v1
SRC-03242,Synthetic monitoring record PAI-03242,synthetic://sih26103/PAI-03242,2026-04-30,synthetic_v1
SRC-03243,Synthetic monitoring record PAI-03243,synthetic://sih26103/PAI-03243,2026-04-30,synthetic_v1
SRC-03244,Synthetic monitoring record PAI-03244,synthetic://sih26103/PAI-03244,2026-04-30,synthetic_v1
SRC-03245,Synthetic monitoring record PAI-03245,synthetic://sih26103/PAI-03245,2026-04-30,synthetic_v1
SRC-03246,Synthetic monitoring record PAI-03246,synthetic://sih26103/PAI-03246,2026-04-30,synthetic_v1
SRC-03247,Synthetic monitoring record PAI-03247,synthetic://sih26103/PAI-03247,2026-04-30,synthetic_v1
SRC-03248,Synthetic monitoring record PAI-03248,synthetic://sih26103/PAI-03248,2026-04-30,synthetic_v1
SRC-03249,Synthetic monitoring record PAI-03249,synthetic://sih26103/PAI-03249,2026-04-30,synthetic_v1
SRC-03250,Synthetic monitoring record PAI-03250,synthetic://sih26103/PAI-03250,2026-04-30,synthetic_v1
SRC-03251,Synthetic monitoring record PAI-03251,synthetic://sih26103/PAI-03251,2026-04-30,synthetic_v1
SRC-03252,Synthetic monitoring record PAI-03252,synthetic://sih26103/PAI-03252,2026-04-30,synthetic_v1
SRC-03253,Synthetic monitoring record PAI-03253,synthetic://sih26103/PAI-03253,2026-04-30,synthetic_v1
SRC-03254,Synthetic monitoring record PAI-03254,synthetic://sih26103/PAI-03254,2026-04-30,synthetic_v1
SRC-03255,Synthetic monitoring record PAI-03255,synthetic://sih26103/PAI-03255,2026-04-30,synthetic_v1
SRC-03256,Synthetic monitoring record PAI-03256,synthetic://sih26103/PAI-03256,2026-04-30,synthetic_v1
SRC-03257,Synthetic monitoring record PAI-03257,synthetic://sih26103/PAI-03257,2026-04-30,synthetic_v1
SRC-03258,Synthetic monitoring record PAI-03258,synthetic://sih26103/PAI-03258,2026-04-30,synthetic_v1
SRC-03259,Synthetic monitoring record PAI-03259,synthetic://sih26103/PAI-03259,2026-04-30,synthetic_v1
SRC-03260,Synthetic monitoring record PAI-03260,synthetic://sih26103/PAI-03260,2026-04-30,synthetic_v1
SRC-03261,Synthetic monitoring record PAI-03261,synthetic://sih26103/PAI-03261,2026-04-30,synthetic_v1
SRC-03262,Synthetic monitoring record PAI-03262,synthetic://sih26103/PAI-03262,2026-04-30,synthetic_v1
SRC-03263,Synthetic monitoring record PAI-03263,synthetic://sih26103/PAI-03263,2026-04-30,synthetic_v1
SRC-03264,Synthetic monitoring record PAI-03264,synthetic://sih26103/PAI-03264,2026-04-30,synthetic_v1
SRC-03265,Synthetic monitoring record PAI-03265,synthetic://sih26103/PAI-03265,2026-04-30,synthetic_v1
SRC-03266,Synthetic monitoring record PAI-03266,synthetic://sih26103/PAI-03266,2026-04-30,synthetic_v1
SRC-03267,Synthetic monitoring record PAI-03267,synthetic://sih26103/PAI-03267,2026-04-30,synthetic_v1
SRC-03268,Synthetic monitoring record PAI-03268,synthetic://sih26103/PAI-03268,2026-04-30,synthetic_v1
SRC-03269,Synthetic monitoring record PAI-03269,synthetic://sih26103/PAI-03269,2026-04-30,synthetic_v1
SRC-03270,Synthetic monitoring record PAI-03270,synthetic://sih26103/PAI-03270,2026-04-30,synthetic_v1
SRC-03271,Synthetic monitoring record PAI-03271,synthetic://sih26103/PAI-03271,2026-04-30,synthetic_v1
SRC-03272,Synthetic monitoring record PAI-03272,synthetic://sih26103/PAI-03272,2026-04-30,synthetic_v1
SRC-03273,Synthetic monitoring record PAI-03273,synthetic://sih26103/PAI-03273,2026-04-30,synthetic_v1
SRC-03274,Synthetic monitoring record PAI-03274,synthetic://sih26103/PAI-03274,2026-04-30,synthetic_v1
SRC-03275,Synthetic monitoring record PAI-03275,synthetic://sih26103/PAI-03275,2026-04-30,synthetic_v1
SRC-03276,Synthetic monitoring record PAI-03276,synthetic://sih26103/PAI-03276,2026-04-30,synthetic_v1
SRC-03277,Synthetic monitoring record PAI-03277,synthetic://sih26103/PAI-03277,2026-04-30,synthetic_v1
SRC-03278,Synthetic monitoring record PAI-03278,synthetic://sih26103/PAI-03278,2026-04-30,synthetic_v1
SRC-03279,Synthetic monitoring record PAI-03279,synthetic://sih26103/PAI-03279,2026-04-30,synthetic_v1
SRC-03280,Synthetic monitoring record PAI-03280,synthetic://sih26103/PAI-03280,2026-04-30,synthetic_v1
SRC-03281,Synthetic monitoring record PAI-03281,synthetic://sih26103/PAI-03281,2026-04-30,synthetic_v1
SRC-03282,Synthetic monitoring record PAI-03282,synthetic://sih26103/PAI-03282,2026-04-30,synthetic_v1
SRC-03283,Synthetic monitoring record PAI-03283,synthetic://sih26103/PAI-03283,2026-04-30,synthetic_v1
SRC-03284,Synthetic monitoring record PAI-03284,synthetic://sih26103/PAI-03284,2026-04-30,synthetic_v1
SRC-03285,Synthetic monitoring record PAI-03285,synthetic://sih26103/PAI-03285,2026-04-30,synthetic_v1
SRC-03286,Synthetic monitoring record PAI-03286,synthetic://sih26103/PAI-03286,2026-04-30,synthetic_v1
SRC-03287,Synthetic monitoring record PAI-03287,synthetic://sih26103/PAI-03287,2026-04-30,synthetic_v1
SRC-03288,Synthetic monitoring record PAI-03288,synthetic://sih26103/PAI-03288,2026-04-30,synthetic_v1
SRC-03289,Synthetic monitoring record PAI-03289,synthetic://sih26103/PAI-03289,2026-04-30,synthetic_v1
SRC-03290,Synthetic monitoring record PAI-03290,synthetic://sih26103/PAI-03290,2026-04-30,synthetic_v1
SRC-03291,Synthetic monitoring record PAI-03291,synthetic://sih26103/PAI-03291,2026-04-30,synthetic_v1
SRC-03292,Synthetic monitoring record PAI-03292,synthetic://sih26103/PAI-03292,2026-04-30,synthetic_v1
SRC-03293,Synthetic monitoring record PAI-03293,synthetic://sih26103/PAI-03293,2026-04-30,synthetic_v1
SRC-03294,Synthetic monitoring record PAI-03294,synthetic://sih26103/PAI-03294,2026-04-30,synthetic_v1
SRC-03295,Synthetic monitoring record PAI-03295,synthetic://sih26103/PAI-03295,2026-04-30,synthetic_v1
SRC-03296,Synthetic monitoring record PAI-03296,synthetic://sih26103/PAI-03296,2026-04-30,synthetic_v1
SRC-03297,Synthetic monitoring record PAI-03297,synthetic://sih26103/PAI-03297,2026-04-30,synthetic_v1
SRC-03298,Synthetic monitoring record PAI-03298,synthetic://sih26103/PAI-03298,2026-04-30,synthetic_v1
SRC-03299,Synthetic monitoring record PAI-03299,synthetic://sih26103/PAI-03299,2026-04-30,synthetic_v1
SRC-03300,Synthetic monitoring record PAI-03300,synthetic://sih26103/PAI-03300,2026-04-30,synthetic_v1
SRC-03301,Synthetic monitoring record PAI-03301,synthetic://sih26103/PAI-03301,2026-04-30,synthetic_v1
SRC-03302,Synthetic monitoring record PAI-03302,synthetic://sih26103/PAI-03302,2026-04-30,synthetic_v1
SRC-03303,Synthetic monitoring record PAI-03303,synthetic://sih26103/PAI-03303,2026-04-30,synthetic_v1
SRC-03304,Synthetic monitoring record PAI-03304,synthetic://sih26103/PAI-03304,2026-04-30,synthetic_v1
SRC-03305,Synthetic monitoring record PAI-03305,synthetic://sih26103/PAI-03305,2026-04-30,synthetic_v1
SRC-03306,Synthetic monitoring record PAI-03306,synthetic://sih26103/PAI-03306,2026-04-30,synthetic_v1
SRC-03307,Synthetic monitoring record PAI-03307,synthetic://sih26103/PAI-03307,2026-04-30,synthetic_v1
SRC-03308,Synthetic monitoring record PAI-03308,synthetic://sih26103/PAI-03308,2026-04-30,synthetic_v1
SRC-03309,Synthetic monitoring record PAI-03309,synthetic://sih26103/PAI-03309,2026-04-30,synthetic_v1
SRC-03310,Synthetic monitoring record PAI-03310,synthetic://sih26103/PAI-03310,2026-04-30,synthetic_v1
SRC-03311,Synthetic monitoring record PAI-03311,synthetic://sih26103/PAI-03311,2026-04-30,synthetic_v1
SRC-03312,Synthetic monitoring record PAI-03312,synthetic://sih26103/PAI-03312,2026-04-30,synthetic_v1
SRC-03313,Synthetic monitoring record PAI-03313,synthetic://sih26103/PAI-03313,2026-04-30,synthetic_v1
SRC-03314,Synthetic monitoring record PAI-03314,synthetic://sih26103/PAI-03314,2026-04-30,synthetic_v1
SRC-03315,Synthetic monitoring record PAI-03315,synthetic://sih26103/PAI-03315,2026-04-30,synthetic_v1
SRC-03316,Synthetic monitoring record PAI-03316,synthetic://sih26103/PAI-03316,2026-04-30,synthetic_v1
SRC-03317,Synthetic monitoring record PAI-03317,synthetic://sih26103/PAI-03317,2026-04-30,synthetic_v1
SRC-03318,Synthetic monitoring record PAI-03318,synthetic://sih26103/PAI-03318,2026-04-30,synthetic_v1
SRC-03319,Synthetic monitoring record PAI-03319,synthetic://sih26103/PAI-03319,2026-04-30,synthetic_v1
SRC-03320,Synthetic monitoring record PAI-03320,synthetic://sih26103/PAI-03320,2026-04-30,synthetic_v1
SRC-03321,Synthetic monitoring record PAI-03321,synthetic://sih26103/PAI-03321,2026-04-30,synthetic_v1
SRC-03322,Synthetic monitoring record PAI-03322,synthetic://sih26103/PAI-03322,2026-04-30,synthetic_v1
SRC-03323,Synthetic monitoring record PAI-03323,synthetic://sih26103/PAI-03323,2026-04-30,synthetic_v1
SRC-03324,Synthetic monitoring record PAI-03324,synthetic://sih26103/PAI-03324,2026-04-30,synthetic_v1
SRC-03325,Synthetic monitoring record PAI-03325,synthetic://sih26103/PAI-03325,2026-04-30,synthetic_v1
SRC-03326,Synthetic monitoring record PAI-03326,synthetic://sih26103/PAI-03326,2026-04-30,synthetic_v1
SRC-03327,Synthetic monitoring record PAI-03327,synthetic://sih26103/PAI-03327,2026-04-30,synthetic_v1
SRC-03328,Synthetic monitoring record PAI-03328,synthetic://sih26103/PAI-03328,2026-04-30,synthetic_v1
SRC-03329,Synthetic monitoring record PAI-03329,synthetic://sih26103/PAI-03329,2026-04-30,synthetic_v1
SRC-03330,Synthetic monitoring record PAI-03330,synthetic://sih26103/PAI-03330,2026-04-30,synthetic_v1
SRC-03331,Synthetic monitoring record PAI-03331,synthetic://sih26103/PAI-03331,2026-04-30,synthetic_v1
SRC-03332,Synthetic monitoring record PAI-03332,synthetic://sih26103/PAI-03332,2026-04-30,synthetic_v1
SRC-03333,Synthetic monitoring record PAI-03333,synthetic://sih26103/PAI-03333,2026-04-30,synthetic_v1
SRC-03334,Synthetic monitoring record PAI-03334,synthetic://sih26103/PAI-03334,2026-04-30,synthetic_v1
SRC-03335,Synthetic monitoring record PAI-03335,synthetic://sih26103/PAI-03335,2026-04-30,synthetic_v1
SRC-03336,Synthetic monitoring record PAI-03336,synthetic://sih26103/PAI-03336,2026-04-30,synthetic_v1
SRC-03337,Synthetic monitoring record PAI-03337,synthetic://sih26103/PAI-03337,2026-04-30,synthetic_v1
SRC-03338,Synthetic monitoring record PAI-03338,synthetic://sih26103/PAI-03338,2026-04-30,synthetic_v1
SRC-03339,Synthetic monitoring record PAI-03339,synthetic://sih26103/PAI-03339,2026-04-30,synthetic_v1
SRC-03340,Synthetic monitoring record PAI-03340,synthetic://sih26103/PAI-03340,2026-04-30,synthetic_v1
SRC-03341,Synthetic monitoring record PAI-03341,synthetic://sih26103/PAI-03341,2026-04-30,synthetic_v1
SRC-03342,Synthetic monitoring record PAI-03342,synthetic://sih26103/PAI-03342,2026-04-30,synthetic_v1
SRC-03343,Synthetic monitoring record PAI-03343,synthetic://sih26103/PAI-03343,2026-04-30,synthetic_v1
SRC-03344,Synthetic monitoring record PAI-03344,synthetic://sih26103/PAI-03344,2026-04-30,synthetic_v1
SRC-03345,Synthetic monitoring record PAI-03345,synthetic://sih26103/PAI-03345,2026-04-30,synthetic_v1
SRC-03346,Synthetic monitoring record PAI-03346,synthetic://sih26103/PAI-03346,2026-04-30,synthetic_v1
SRC-03347,Synthetic monitoring record PAI-03347,synthetic://sih26103/PAI-03347,2026-04-30,synthetic_v1
SRC-03348,Synthetic monitoring record PAI-03348,synthetic://sih26103/PAI-03348,2026-04-30,synthetic_v1
SRC-03349,Synthetic monitoring record PAI-03349,synthetic://sih26103/PAI-03349,2026-04-30,synthetic_v1
SRC-03350,Synthetic monitoring record PAI-03350,synthetic://sih26103/PAI-03350,2026-04-30,synthetic_v1
SRC-03351,Synthetic monitoring record PAI-03351,synthetic://sih26103/PAI-03351,2026-04-30,synthetic_v1
SRC-03352,Synthetic monitoring record PAI-03352,synthetic://sih26103/PAI-03352,2026-04-30,synthetic_v1
SRC-03353,Synthetic monitoring record PAI-03353,synthetic://sih26103/PAI-03353,2026-04-30,synthetic_v1
SRC-03354,Synthetic monitoring record PAI-03354,synthetic://sih26103/PAI-03354,2026-04-30,synthetic_v1
SRC-03355,Synthetic monitoring record PAI-03355,synthetic://sih26103/PAI-03355,2026-04-30,synthetic_v1
SRC-03356,Synthetic monitoring record PAI-03356,synthetic://sih26103/PAI-03356,2026-04-30,synthetic_v1
SRC-03357,Synthetic monitoring record PAI-03357,synthetic://sih26103/PAI-03357,2026-04-30,synthetic_v1
SRC-03358,Synthetic monitoring record PAI-03358,synthetic://sih26103/PAI-03358,2026-04-30,synthetic_v1
SRC-03359,Synthetic monitoring record PAI-03359,synthetic://sih26103/PAI-03359,2026-04-30,synthetic_v1
SRC-03360,Synthetic monitoring record PAI-03360,synthetic://sih26103/PAI-03360,2026-04-30,synthetic_v1
SRC-03361,Synthetic monitoring record PAI-03361,synthetic://sih26103/PAI-03361,2026-04-30,synthetic_v1
SRC-03362,Synthetic monitoring record PAI-03362,synthetic://sih26103/PAI-03362,2026-04-30,synthetic_v1
SRC-03363,Synthetic monitoring record PAI-03363,synthetic://sih26103/PAI-03363,2026-04-30,synthetic_v1
SRC-03364,Synthetic monitoring record PAI-03364,synthetic://sih26103/PAI-03364,2026-04-30,synthetic_v1
SRC-03365,Synthetic monitoring record PAI-03365,synthetic://sih26103/PAI-03365,2026-04-30,synthetic_v1
SRC-03366,Synthetic monitoring record PAI-03366,synthetic://sih26103/PAI-03366,2026-04-30,synthetic_v1
SRC-03367,Synthetic monitoring record PAI-03367,synthetic://sih26103/PAI-03367,2026-04-30,synthetic_v1
SRC-03368,Synthetic monitoring record PAI-03368,synthetic://sih26103/PAI-03368,2026-04-30,synthetic_v1
SRC-03369,Synthetic monitoring record PAI-03369,synthetic://sih26103/PAI-03369,2026-04-30,synthetic_v1
SRC-03370,Synthetic monitoring record PAI-03370,synthetic://sih26103/PAI-03370,2026-04-30,synthetic_v1
SRC-03371,Synthetic monitoring record PAI-03371,synthetic://sih26103/PAI-03371,2026-04-30,synthetic_v1
SRC-03372,Synthetic monitoring record PAI-03372,synthetic://sih26103/PAI-03372,2026-04-30,synthetic_v1
SRC-03373,Synthetic monitoring record PAI-03373,synthetic://sih26103/PAI-03373,2026-04-30,synthetic_v1
SRC-03374,Synthetic monitoring record PAI-03374,synthetic://sih26103/PAI-03374,2026-04-30,synthetic_v1
SRC-03375,Synthetic monitoring record PAI-03375,synthetic://sih26103/PAI-03375,2026-04-30,synthetic_v1
SRC-03376,Synthetic monitoring record PAI-03376,synthetic://sih26103/PAI-03376,2026-04-30,synthetic_v1
SRC-03377,Synthetic monitoring record PAI-03377,synthetic://sih26103/PAI-03377,2026-04-30,synthetic_v1
SRC-03378,Synthetic monitoring record PAI-03378,synthetic://sih26103/PAI-03378,2026-04-30,synthetic_v1
SRC-03379,Synthetic monitoring record PAI-03379,synthetic://sih26103/PAI-03379,2026-04-30,synthetic_v1
SRC-03380,Synthetic monitoring record PAI-03380,synthetic://sih26103/PAI-03380,2026-04-30,synthetic_v1
SRC-03381,Synthetic monitoring record PAI-03381,synthetic://sih26103/PAI-03381,2026-04-30,synthetic_v1
SRC-03382,Synthetic monitoring record PAI-03382,synthetic://sih26103/PAI-03382,2026-04-30,synthetic_v1
SRC-03383,Synthetic monitoring record PAI-03383,synthetic://sih26103/PAI-03383,2026-04-30,synthetic_v1
SRC-03384,Synthetic monitoring record PAI-03384,synthetic://sih26103/PAI-03384,2026-04-30,synthetic_v1
SRC-03385,Synthetic monitoring record PAI-03385,synthetic://sih26103/PAI-03385,2026-04-30,synthetic_v1
SRC-03386,Synthetic monitoring record PAI-03386,synthetic://sih26103/PAI-03386,2026-04-30,synthetic_v1
SRC-03387,Synthetic monitoring record PAI-03387,synthetic://sih26103/PAI-03387,2026-04-30,synthetic_v1
SRC-03388,Synthetic monitoring record PAI-03388,synthetic://sih26103/PAI-03388,2026-04-30,synthetic_v1
SRC-03389,Synthetic monitoring record PAI-03389,synthetic://sih26103/PAI-03389,2026-04-30,synthetic_v1
SRC-03390,Synthetic monitoring record PAI-03390,synthetic://sih26103/PAI-03390,2026-04-30,synthetic_v1
SRC-03391,Synthetic monitoring record PAI-03391,synthetic://sih26103/PAI-03391,2026-04-30,synthetic_v1
SRC-03392,Synthetic monitoring record PAI-03392,synthetic://sih26103/PAI-03392,2026-04-30,synthetic_v1
SRC-03393,Synthetic monitoring record PAI-03393,synthetic://sih26103/PAI-03393,2026-04-30,synthetic_v1
SRC-03394,Synthetic monitoring record PAI-03394,synthetic://sih26103/PAI-03394,2026-04-30,synthetic_v1
SRC-03395,Synthetic monitoring record PAI-03395,synthetic://sih26103/PAI-03395,2026-04-30,synthetic_v1
SRC-03396,Synthetic monitoring record PAI-03396,synthetic://sih26103/PAI-03396,2026-04-30,synthetic_v1
SRC-03397,Synthetic monitoring record PAI-03397,synthetic://sih26103/PAI-03397,2026-04-30,synthetic_v1
SRC-03398,Synthetic monitoring record PAI-03398,synthetic://sih26103/PAI-03398,2026-04-30,synthetic_v1
SRC-03399,Synthetic monitoring record PAI-03399,synthetic://sih26103/PAI-03399,2026-04-30,synthetic_v1
SRC-03400,Synthetic monitoring record PAI-03400,synthetic://sih26103/PAI-03400,2026-04-30,synthetic_v1
SRC-03401,Synthetic monitoring record PAI-03401,synthetic://sih26103/PAI-03401,2026-04-30,synthetic_v1
SRC-03402,Synthetic monitoring record PAI-03402,synthetic://sih26103/PAI-03402,2026-04-30,synthetic_v1
SRC-03403,Synthetic monitoring record PAI-03403,synthetic://sih26103/PAI-03403,2026-04-30,synthetic_v1
SRC-03404,Synthetic monitoring record PAI-03404,synthetic://sih26103/PAI-03404,2026-04-30,synthetic_v1
SRC-03405,Synthetic monitoring record PAI-03405,synthetic://sih26103/PAI-03405,2026-04-30,synthetic_v1
SRC-03406,Synthetic monitoring record PAI-03406,synthetic://sih26103/PAI-03406,2026-04-30,synthetic_v1
SRC-03407,Synthetic monitoring record PAI-03407,synthetic://sih26103/PAI-03407,2026-04-30,synthetic_v1
SRC-03408,Synthetic monitoring record PAI-03408,synthetic://sih26103/PAI-03408,2026-04-30,synthetic_v1
SRC-03409,Synthetic monitoring record PAI-03409,synthetic://sih26103/PAI-03409,2026-04-30,synthetic_v1
SRC-03410,Synthetic monitoring record PAI-03410,synthetic://sih26103/PAI-03410,2026-04-30,synthetic_v1
SRC-03411,Synthetic monitoring record PAI-03411,synthetic://sih26103/PAI-03411,2026-04-30,synthetic_v1
SRC-03412,Synthetic monitoring record PAI-03412,synthetic://sih26103/PAI-03412,2026-04-30,synthetic_v1
SRC-03413,Synthetic monitoring record PAI-03413,synthetic://sih26103/PAI-03413,2026-04-30,synthetic_v1
SRC-03414,Synthetic monitoring record PAI-03414,synthetic://sih26103/PAI-03414,2026-04-30,synthetic_v1
SRC-03415,Synthetic monitoring record PAI-03415,synthetic://sih26103/PAI-03415,2026-04-30,synthetic_v1
SRC-03416,Synthetic monitoring record PAI-03416,synthetic://sih26103/PAI-03416,2026-04-30,synthetic_v1
SRC-03417,Synthetic monitoring record PAI-03417,synthetic://sih26103/PAI-03417,2026-04-30,synthetic_v1
SRC-03418,Synthetic monitoring record PAI-03418,synthetic://sih26103/PAI-03418,2026-04-30,synthetic_v1
SRC-03419,Synthetic monitoring record PAI-03419,synthetic://sih26103/PAI-03419,2026-04-30,synthetic_v1
SRC-03420,Synthetic monitoring record PAI-03420,synthetic://sih26103/PAI-03420,2026-04-30,synthetic_v1
SRC-03421,Synthetic monitoring record PAI-03421,synthetic://sih26103/PAI-03421,2026-04-30,synthetic_v1
SRC-03422,Synthetic monitoring record PAI-03422,synthetic://sih26103/PAI-03422,2026-04-30,synthetic_v1
SRC-03423,Synthetic monitoring record PAI-03423,synthetic://sih26103/PAI-03423,2026-04-30,synthetic_v1
SRC-03424,Synthetic monitoring record PAI-03424,synthetic://sih26103/PAI-03424,2026-04-30,synthetic_v1
SRC-03425,Synthetic monitoring record PAI-03425,synthetic://sih26103/PAI-03425,2026-04-30,synthetic_v1
SRC-03426,Synthetic monitoring record PAI-03426,synthetic://sih26103/PAI-03426,2026-04-30,synthetic_v1
SRC-03427,Synthetic monitoring record PAI-03427,synthetic://sih26103/PAI-03427,2026-04-30,synthetic_v1
SRC-03428,Synthetic monitoring record PAI-03428,synthetic://sih26103/PAI-03428,2026-04-30,synthetic_v1
SRC-03429,Synthetic monitoring record PAI-03429,synthetic://sih26103/PAI-03429,2026-04-30,synthetic_v1
SRC-03430,Synthetic monitoring record PAI-03430,synthetic://sih26103/PAI-03430,2026-04-30,synthetic_v1
SRC-03431,Synthetic monitoring record PAI-03431,synthetic://sih26103/PAI-03431,2026-04-30,synthetic_v1
SRC-03432,Synthetic monitoring record PAI-03432,synthetic://sih26103/PAI-03432,2026-04-30,synthetic_v1
SRC-03433,Synthetic monitoring record PAI-03433,synthetic://sih26103/PAI-03433,2026-04-30,synthetic_v1
SRC-03434,Synthetic monitoring record PAI-03434,synthetic://sih26103/PAI-03434,2026-04-30,synthetic_v1
SRC-03435,Synthetic monitoring record PAI-03435,synthetic://sih26103/PAI-03435,2026-04-30,synthetic_v1
SRC-03436,Synthetic monitoring record PAI-03436,synthetic://sih26103/PAI-03436,2026-04-30,synthetic_v1
SRC-03437,Synthetic monitoring record PAI-03437,synthetic://sih26103/PAI-03437,2026-04-30,synthetic_v1
SRC-03438,Synthetic monitoring record PAI-03438,synthetic://sih26103/PAI-03438,2026-04-30,synthetic_v1
SRC-03439,Synthetic monitoring record PAI-03439,synthetic://sih26103/PAI-03439,2026-04-30,synthetic_v1
SRC-03440,Synthetic monitoring record PAI-03440,synthetic://sih26103/PAI-03440,2026-04-30,synthetic_v1
SRC-03441,Synthetic monitoring record PAI-03441,synthetic://sih26103/PAI-03441,2026-04-30,synthetic_v1
SRC-03442,Synthetic monitoring record PAI-03442,synthetic://sih26103/PAI-03442,2026-04-30,synthetic_v1
SRC-03443,Synthetic monitoring record PAI-03443,synthetic://sih26103/PAI-03443,2026-04-30,synthetic_v1
SRC-03444,Synthetic monitoring record PAI-03444,synthetic://sih26103/PAI-03444,2026-04-30,synthetic_v1
SRC-03445,Synthetic monitoring record PAI-03445,synthetic://sih26103/PAI-03445,2026-04-30,synthetic_v1
SRC-03446,Synthetic monitoring record PAI-03446,synthetic://sih26103/PAI-03446,2026-04-30,synthetic_v1
SRC-03447,Synthetic monitoring record PAI-03447,synthetic://sih26103/PAI-03447,2026-04-30,synthetic_v1
SRC-03448,Synthetic monitoring record PAI-03448,synthetic://sih26103/PAI-03448,2026-04-30,synthetic_v1
SRC-03449,Synthetic monitoring record PAI-03449,synthetic://sih26103/PAI-03449,2026-04-30,synthetic_v1
SRC-03450,Synthetic monitoring record PAI-03450,synthetic://sih26103/PAI-03450,2026-04-30,synthetic_v1
SRC-03451,Synthetic monitoring record PAI-03451,synthetic://sih26103/PAI-03451,2026-04-30,synthetic_v1
SRC-03452,Synthetic monitoring record PAI-03452,synthetic://sih26103/PAI-03452,2026-04-30,synthetic_v1
SRC-03453,Synthetic monitoring record PAI-03453,synthetic://sih26103/PAI-03453,2026-04-30,synthetic_v1
SRC-03454,Synthetic monitoring record PAI-03454,synthetic://sih26103/PAI-03454,2026-04-30,synthetic_v1
SRC-03455,Synthetic monitoring record PAI-03455,synthetic://sih26103/PAI-03455,2026-04-30,synthetic_v1
SRC-03456,Synthetic monitoring record PAI-03456,synthetic://sih26103/PAI-03456,2026-04-30,synthetic_v1
SRC-03457,Synthetic monitoring record PAI-03457,synthetic://sih26103/PAI-03457,2026-04-30,synthetic_v1
SRC-03458,Synthetic monitoring record PAI-03458,synthetic://sih26103/PAI-03458,2026-04-30,synthetic_v1
SRC-03459,Synthetic monitoring record PAI-03459,synthetic://sih26103/PAI-03459,2026-04-30,synthetic_v1
SRC-03460,Synthetic monitoring record PAI-03460,synthetic://sih26103/PAI-03460,2026-04-30,synthetic_v1
SRC-03461,Synthetic monitoring record PAI-03461,synthetic://sih26103/PAI-03461,2026-04-30,synthetic_v1
SRC-03462,Synthetic monitoring record PAI-03462,synthetic://sih26103/PAI-03462,2026-04-30,synthetic_v1
SRC-03463,Synthetic monitoring record PAI-03463,synthetic://sih26103/PAI-03463,2026-04-30,synthetic_v1
SRC-03464,Synthetic monitoring record PAI-03464,synthetic://sih26103/PAI-03464,2026-04-30,synthetic_v1
SRC-03465,Synthetic monitoring record PAI-03465,synthetic://sih26103/PAI-03465,2026-04-30,synthetic_v1
SRC-03466,Synthetic monitoring record PAI-03466,synthetic://sih26103/PAI-03466,2026-04-30,synthetic_v1
SRC-03467,Synthetic monitoring record PAI-03467,synthetic://sih26103/PAI-03467,2026-04-30,synthetic_v1
SRC-03468,Synthetic monitoring record PAI-03468,synthetic://sih26103/PAI-03468,2026-04-30,synthetic_v1
SRC-03469,Synthetic monitoring record PAI-03469,synthetic://sih26103/PAI-03469,2026-04-30,synthetic_v1
SRC-03470,Synthetic monitoring record PAI-03470,synthetic://sih26103/PAI-03470,2026-04-30,synthetic_v1
SRC-03471,Synthetic monitoring record PAI-03471,synthetic://sih26103/PAI-03471,2026-04-30,synthetic_v1
SRC-03472,Synthetic monitoring record PAI-03472,synthetic://sih26103/PAI-03472,2026-04-30,synthetic_v1
SRC-03473,Synthetic monitoring record PAI-03473,synthetic://sih26103/PAI-03473,2026-04-30,synthetic_v1
SRC-03474,Synthetic monitoring record PAI-03474,synthetic://sih26103/PAI-03474,2026-04-30,synthetic_v1
SRC-03475,Synthetic monitoring record PAI-03475,synthetic://sih26103/PAI-03475,2026-04-30,synthetic_v1
SRC-03476,Synthetic monitoring record PAI-03476,synthetic://sih26103/PAI-03476,2026-04-30,synthetic_v1
SRC-03477,Synthetic monitoring record PAI-03477,synthetic://sih26103/PAI-03477,2026-04-30,synthetic_v1
SRC-03478,Synthetic monitoring record PAI-03478,synthetic://sih26103/PAI-03478,2026-04-30,synthetic_v1
SRC-03479,Synthetic monitoring record PAI-03479,synthetic://sih26103/PAI-03479,2026-04-30,synthetic_v1
SRC-03480,Synthetic monitoring record PAI-03480,synthetic://sih26103/PAI-03480,2026-04-30,synthetic_v1
SRC-03481,Synthetic monitoring record PAI-03481,synthetic://sih26103/PAI-03481,2026-04-30,synthetic_v1
SRC-03482,Synthetic monitoring record PAI-03482,synthetic://sih26103/PAI-03482,2026-04-30,synthetic_v1
SRC-03483,Synthetic monitoring record PAI-03483,synthetic://sih26103/PAI-03483,2026-04-30,synthetic_v1
SRC-03484,Synthetic monitoring record PAI-03484,synthetic://sih26103/PAI-03484,2026-04-30,synthetic_v1
SRC-03485,Synthetic monitoring record PAI-03485,synthetic://sih26103/PAI-03485,2026-04-30,synthetic_v1
SRC-03486,Synthetic monitoring record PAI-03486,synthetic://sih26103/PAI-03486,2026-04-30,synthetic_v1
SRC-03487,Synthetic monitoring record PAI-03487,synthetic://sih26103/PAI-03487,2026-04-30,synthetic_v1
SRC-03488,Synthetic monitoring record PAI-03488,synthetic://sih26103/PAI-03488,2026-04-30,synthetic_v1
SRC-03489,Synthetic monitoring record PAI-03489,synthetic://sih26103/PAI-03489,2026-04-30,synthetic_v1
SRC-03490,Synthetic monitoring record PAI-03490,synthetic://sih26103/PAI-03490,2026-04-30,synthetic_v1
SRC-03491,Synthetic monitoring record PAI-03491,synthetic://sih26103/PAI-03491,2026-04-30,synthetic_v1
SRC-03492,Synthetic monitoring record PAI-03492,synthetic://sih26103/PAI-03492,2026-04-30,synthetic_v1
SRC-03493,Synthetic monitoring record PAI-03493,synthetic://sih26103/PAI-03493,2026-04-30,synthetic_v1
SRC-03494,Synthetic monitoring record PAI-03494,synthetic://sih26103/PAI-03494,2026-04-30,synthetic_v1
SRC-03495,Synthetic monitoring record PAI-03495,synthetic://sih26103/PAI-03495,2026-04-30,synthetic_v1
SRC-03496,Synthetic monitoring record PAI-03496,synthetic://sih26103/PAI-03496,2026-04-30,synthetic_v1
SRC-03497,Synthetic monitoring record PAI-03497,synthetic://sih26103/PAI-03497,2026-04-30,synthetic_v1
SRC-03498,Synthetic monitoring record PAI-03498,synthetic://sih26103/PAI-03498,2026-04-30,synthetic_v1
SRC-03499,Synthetic monitoring record PAI-03499,synthetic://sih26103/PAI-03499,2026-04-30,synthetic_v1
SRC-03500,Synthetic monitoring record PAI-03500,synthetic://sih26103/PAI-03500,2026-04-30,synthetic_v1
SRC-03501,Synthetic monitoring record PAI-03501,synthetic://sih26103/PAI-03501,2026-04-30,synthetic_v1
SRC-03502,Synthetic monitoring record PAI-03502,synthetic://sih26103/PAI-03502,2026-04-30,synthetic_v1
SRC-03503,Synthetic monitoring record PAI-03503,synthetic://sih26103/PAI-03503,2026-04-30,synthetic_v1
SRC-03504,Synthetic monitoring record PAI-03504,synthetic://sih26103/PAI-03504,2026-04-30,synthetic_v1
SRC-03505,Synthetic monitoring record PAI-03505,synthetic://sih26103/PAI-03505,2026-04-30,synthetic_v1
SRC-03506,Synthetic monitoring record PAI-03506,synthetic://sih26103/PAI-03506,2026-04-30,synthetic_v1
SRC-03507,Synthetic monitoring record PAI-03507,synthetic://sih26103/PAI-03507,2026-04-30,synthetic_v1
SRC-03508,Synthetic monitoring record PAI-03508,synthetic://sih26103/PAI-03508,2026-04-30,synthetic_v1
SRC-03509,Synthetic monitoring record PAI-03509,synthetic://sih26103/PAI-03509,2026-04-30,synthetic_v1
SRC-03510,Synthetic monitoring record PAI-03510,synthetic://sih26103/PAI-03510,2026-04-30,synthetic_v1
SRC-03511,Synthetic monitoring record PAI-03511,synthetic://sih26103/PAI-03511,2026-04-30,synthetic_v1
SRC-03512,Synthetic monitoring record PAI-03512,synthetic://sih26103/PAI-03512,2026-04-30,synthetic_v1
SRC-03513,Synthetic monitoring record PAI-03513,synthetic://sih26103/PAI-03513,2026-04-30,synthetic_v1
SRC-03514,Synthetic monitoring record PAI-03514,synthetic://sih26103/PAI-03514,2026-04-30,synthetic_v1
SRC-03515,Synthetic monitoring record PAI-03515,synthetic://sih26103/PAI-03515,2026-04-30,synthetic_v1
SRC-03516,Synthetic monitoring record PAI-03516,synthetic://sih26103/PAI-03516,2026-04-30,synthetic_v1
SRC-03517,Synthetic monitoring record PAI-03517,synthetic://sih26103/PAI-03517,2026-04-30,synthetic_v1
SRC-03518,Synthetic monitoring record PAI-03518,synthetic://sih26103/PAI-03518,2026-04-30,synthetic_v1
SRC-03519,Synthetic monitoring record PAI-03519,synthetic://sih26103/PAI-03519,2026-04-30,synthetic_v1
SRC-03520,Synthetic monitoring record PAI-03520,synthetic://sih26103/PAI-03520,2026-04-30,synthetic_v1
SRC-03521,Synthetic monitoring record PAI-03521,synthetic://sih26103/PAI-03521,2026-04-30,synthetic_v1
SRC-03522,Synthetic monitoring record PAI-03522,synthetic://sih26103/PAI-03522,2026-04-30,synthetic_v1
SRC-03523,Synthetic monitoring record PAI-03523,synthetic://sih26103/PAI-03523,2026-04-30,synthetic_v1
SRC-03524,Synthetic monitoring record PAI-03524,synthetic://sih26103/PAI-03524,2026-04-30,synthetic_v1
SRC-03525,Synthetic monitoring record PAI-03525,synthetic://sih26103/PAI-03525,2026-04-30,synthetic_v1
SRC-03526,Synthetic monitoring record PAI-03526,synthetic://sih26103/PAI-03526,2026-04-30,synthetic_v1
SRC-03527,Synthetic monitoring record PAI-03527,synthetic://sih26103/PAI-03527,2026-04-30,synthetic_v1
SRC-03528,Synthetic monitoring record PAI-03528,synthetic://sih26103/PAI-03528,2026-04-30,synthetic_v1
SRC-03529,Synthetic monitoring record PAI-03529,synthetic://sih26103/PAI-03529,2026-04-30,synthetic_v1
SRC-03530,Synthetic monitoring record PAI-03530,synthetic://sih26103/PAI-03530,2026-04-30,synthetic_v1
SRC-03531,Synthetic monitoring record PAI-03531,synthetic://sih26103/PAI-03531,2026-04-30,synthetic_v1
SRC-03532,Synthetic monitoring record PAI-03532,synthetic://sih26103/PAI-03532,2026-04-30,synthetic_v1
SRC-03533,Synthetic monitoring record PAI-03533,synthetic://sih26103/PAI-03533,2026-04-30,synthetic_v1
SRC-03534,Synthetic monitoring record PAI-03534,synthetic://sih26103/PAI-03534,2026-04-30,synthetic_v1
SRC-03535,Synthetic monitoring record PAI-03535,synthetic://sih26103/PAI-03535,2026-04-30,synthetic_v1
SRC-03536,Synthetic monitoring record PAI-03536,synthetic://sih26103/PAI-03536,2026-04-30,synthetic_v1
SRC-03537,Synthetic monitoring record PAI-03537,synthetic://sih26103/PAI-03537,2026-04-30,synthetic_v1
SRC-03538,Synthetic monitoring record PAI-03538,synthetic://sih26103/PAI-03538,2026-04-30,synthetic_v1
SRC-03539,Synthetic monitoring record PAI-03539,synthetic://sih26103/PAI-03539,2026-04-30,synthetic_v1
SRC-03540,Synthetic monitoring record PAI-03540,synthetic://sih26103/PAI-03540,2026-04-30,synthetic_v1
SRC-03541,Synthetic monitoring record PAI-03541,synthetic://sih26103/PAI-03541,2026-04-30,synthetic_v1
SRC-03542,Synthetic monitoring record PAI-03542,synthetic://sih26103/PAI-03542,2026-04-30,synthetic_v1
SRC-03543,Synthetic monitoring record PAI-03543,synthetic://sih26103/PAI-03543,2026-04-30,synthetic_v1
SRC-03544,Synthetic monitoring record PAI-03544,synthetic://sih26103/PAI-03544,2026-04-30,synthetic_v1
SRC-03545,Synthetic monitoring record PAI-03545,synthetic://sih26103/PAI-03545,2026-04-30,synthetic_v1
SRC-03546,Synthetic monitoring record PAI-03546,synthetic://sih26103/PAI-03546,2026-04-30,synthetic_v1
SRC-03547,Synthetic monitoring record PAI-03547,synthetic://sih26103/PAI-03547,2026-04-30,synthetic_v1
SRC-03548,Synthetic monitoring record PAI-03548,synthetic://sih26103/PAI-03548,2026-04-30,synthetic_v1
SRC-03549,Synthetic monitoring record PAI-03549,synthetic://sih26103/PAI-03549,2026-04-30,synthetic_v1
SRC-03550,Synthetic monitoring record PAI-03550,synthetic://sih26103/PAI-03550,2026-04-30,synthetic_v1
SRC-03551,Synthetic monitoring record PAI-03551,synthetic://sih26103/PAI-03551,2026-04-30,synthetic_v1
SRC-03552,Synthetic monitoring record PAI-03552,synthetic://sih26103/PAI-03552,2026-04-30,synthetic_v1
SRC-03553,Synthetic monitoring record PAI-03553,synthetic://sih26103/PAI-03553,2026-04-30,synthetic_v1
SRC-03554,Synthetic monitoring record PAI-03554,synthetic://sih26103/PAI-03554,2026-04-30,synthetic_v1
SRC-03555,Synthetic monitoring record PAI-03555,synthetic://sih26103/PAI-03555,2026-04-30,synthetic_v1
SRC-03556,Synthetic monitoring record PAI-03556,synthetic://sih26103/PAI-03556,2026-04-30,synthetic_v1
SRC-03557,Synthetic monitoring record PAI-03557,synthetic://sih26103/PAI-03557,2026-04-30,synthetic_v1
SRC-03558,Synthetic monitoring record PAI-03558,synthetic://sih26103/PAI-03558,2026-04-30,synthetic_v1
SRC-03559,Synthetic monitoring record PAI-03559,synthetic://sih26103/PAI-03559,2026-04-30,synthetic_v1
SRC-03560,Synthetic monitoring record PAI-03560,synthetic://sih26103/PAI-03560,2026-04-30,synthetic_v1
SRC-03561,Synthetic monitoring record PAI-03561,synthetic://sih26103/PAI-03561,2026-04-30,synthetic_v1
SRC-03562,Synthetic monitoring record PAI-03562,synthetic://sih26103/PAI-03562,2026-04-30,synthetic_v1
SRC-03563,Synthetic monitoring record PAI-03563,synthetic://sih26103/PAI-03563,2026-04-30,synthetic_v1
SRC-03564,Synthetic monitoring record PAI-03564,synthetic://sih26103/PAI-03564,2026-04-30,synthetic_v1
SRC-03565,Synthetic monitoring record PAI-03565,synthetic://sih26103/PAI-03565,2026-04-30,synthetic_v1
SRC-03566,Synthetic monitoring record PAI-03566,synthetic://sih26103/PAI-03566,2026-04-30,synthetic_v1
SRC-03567,Synthetic monitoring record PAI-03567,synthetic://sih26103/PAI-03567,2026-04-30,synthetic_v1
SRC-03568,Synthetic monitoring record PAI-03568,synthetic://sih26103/PAI-03568,2026-04-30,synthetic_v1
SRC-03569,Synthetic monitoring record PAI-03569,synthetic://sih26103/PAI-03569,2026-04-30,synthetic_v1
SRC-03570,Synthetic monitoring record PAI-03570,synthetic://sih26103/PAI-03570,2026-04-30,synthetic_v1
SRC-03571,Synthetic monitoring record PAI-03571,synthetic://sih26103/PAI-03571,2026-04-30,synthetic_v1
SRC-03572,Synthetic monitoring record PAI-03572,synthetic://sih26103/PAI-03572,2026-04-30,synthetic_v1
SRC-03573,Synthetic monitoring record PAI-03573,synthetic://sih26103/PAI-03573,2026-04-30,synthetic_v1
SRC-03574,Synthetic monitoring record PAI-03574,synthetic://sih26103/PAI-03574,2026-04-30,synthetic_v1
SRC-03575,Synthetic monitoring record PAI-03575,synthetic://sih26103/PAI-03575,2026-04-30,synthetic_v1
SRC-03576,Synthetic monitoring record PAI-03576,synthetic://sih26103/PAI-03576,2026-04-30,synthetic_v1
SRC-03577,Synthetic monitoring record PAI-03577,synthetic://sih26103/PAI-03577,2026-04-30,synthetic_v1
SRC-03578,Synthetic monitoring record PAI-03578,synthetic://sih26103/PAI-03578,2026-04-30,synthetic_v1
SRC-03579,Synthetic monitoring record PAI-03579,synthetic://sih26103/PAI-03579,2026-04-30,synthetic_v1
SRC-03580,Synthetic monitoring record PAI-03580,synthetic://sih26103/PAI-03580,2026-04-30,synthetic_v1
SRC-03581,Synthetic monitoring record PAI-03581,synthetic://sih26103/PAI-03581,2026-04-30,synthetic_v1
SRC-03582,Synthetic monitoring record PAI-03582,synthetic://sih26103/PAI-03582,2026-04-30,synthetic_v1
SRC-03583,Synthetic monitoring record PAI-03583,synthetic://sih26103/PAI-03583,2026-04-30,synthetic_v1
SRC-03584,Synthetic monitoring record PAI-03584,synthetic://sih26103/PAI-03584,2026-04-30,synthetic_v1
SRC-03585,Synthetic monitoring record PAI-03585,synthetic://sih26103/PAI-03585,2026-04-30,synthetic_v1
SRC-03586,Synthetic monitoring record PAI-03586,synthetic://sih26103/PAI-03586,2026-04-30,synthetic_v1
SRC-03587,Synthetic monitoring record PAI-03587,synthetic://sih26103/PAI-03587,2026-04-30,synthetic_v1
SRC-03588,Synthetic monitoring record PAI-03588,synthetic://sih26103/PAI-03588,2026-04-30,synthetic_v1
SRC-03589,Synthetic monitoring record PAI-03589,synthetic://sih26103/PAI-03589,2026-04-30,synthetic_v1
SRC-03590,Synthetic monitoring record PAI-03590,synthetic://sih26103/PAI-03590,2026-04-30,synthetic_v1
SRC-03591,Synthetic monitoring record PAI-03591,synthetic://sih26103/PAI-03591,2026-04-30,synthetic_v1
SRC-03592,Synthetic monitoring record PAI-03592,synthetic://sih26103/PAI-03592,2026-04-30,synthetic_v1
SRC-03593,Synthetic monitoring record PAI-03593,synthetic://sih26103/PAI-03593,2026-04-30,synthetic_v1
SRC-03594,Synthetic monitoring record PAI-03594,synthetic://sih26103/PAI-03594,2026-04-30,synthetic_v1
SRC-03595,Synthetic monitoring record PAI-03595,synthetic://sih26103/PAI-03595,2026-04-30,synthetic_v1
SRC-03596,Synthetic monitoring record PAI-03596,synthetic://sih26103/PAI-03596,2026-04-30,synthetic_v1
SRC-03597,Synthetic monitoring record PAI-03597,synthetic://sih26103/PAI-03597,2026-04-30,synthetic_v1
SRC-03598,Synthetic monitoring record PAI-03598,synthetic://sih26103/PAI-03598,2026-04-30,synthetic_v1
SRC-03599,Synthetic monitoring record PAI-03599,synthetic://sih26103/PAI-03599,2026-04-30,synthetic_v1
SRC-03600,Synthetic monitoring record PAI-03600,synthetic://sih26103/PAI-03600,2026-04-30,synthetic_v1
SRC-03601,Synthetic monitoring record PAI-03601,synthetic://sih26103/PAI-03601,2026-04-30,synthetic_v1
SRC-03602,Synthetic monitoring record PAI-03602,synthetic://sih26103/PAI-03602,2026-04-30,synthetic_v1
SRC-03603,Synthetic monitoring record PAI-03603,synthetic://sih26103/PAI-03603,2026-04-30,synthetic_v1
SRC-03604,Synthetic monitoring record PAI-03604,synthetic://sih26103/PAI-03604,2026-04-30,synthetic_v1
SRC-03605,Synthetic monitoring record PAI-03605,synthetic://sih26103/PAI-03605,2026-04-30,synthetic_v1
SRC-03606,Synthetic monitoring record PAI-03606,synthetic://sih26103/PAI-03606,2026-04-30,synthetic_v1
SRC-03607,Synthetic monitoring record PAI-03607,synthetic://sih26103/PAI-03607,2026-04-30,synthetic_v1
SRC-03608,Synthetic monitoring record PAI-03608,synthetic://sih26103/PAI-03608,2026-04-30,synthetic_v1
SRC-03609,Synthetic monitoring record PAI-03609,synthetic://sih26103/PAI-03609,2026-04-30,synthetic_v1
SRC-03610,Synthetic monitoring record PAI-03610,synthetic://sih26103/PAI-03610,2026-04-30,synthetic_v1
SRC-03611,Synthetic monitoring record PAI-03611,synthetic://sih26103/PAI-03611,2026-04-30,synthetic_v1
SRC-03612,Synthetic monitoring record PAI-03612,synthetic://sih26103/PAI-03612,2026-04-30,synthetic_v1
SRC-03613,Synthetic monitoring record PAI-03613,synthetic://sih26103/PAI-03613,2026-04-30,synthetic_v1
SRC-03614,Synthetic monitoring record PAI-03614,synthetic://sih26103/PAI-03614,2026-04-30,synthetic_v1
SRC-03615,Synthetic monitoring record PAI-03615,synthetic://sih26103/PAI-03615,2026-04-30,synthetic_v1
SRC-03616,Synthetic monitoring record PAI-03616,synthetic://sih26103/PAI-03616,2026-04-30,synthetic_v1
SRC-03617,Synthetic monitoring record PAI-03617,synthetic://sih26103/PAI-03617,2026-04-30,synthetic_v1
SRC-03618,Synthetic monitoring record PAI-03618,synthetic://sih26103/PAI-03618,2026-04-30,synthetic_v1
SRC-03619,Synthetic monitoring record PAI-03619,synthetic://sih26103/PAI-03619,2026-04-30,synthetic_v1
SRC-03620,Synthetic monitoring record PAI-03620,synthetic://sih26103/PAI-03620,2026-04-30,synthetic_v1
SRC-03621,Synthetic monitoring record PAI-03621,synthetic://sih26103/PAI-03621,2026-04-30,synthetic_v1
SRC-03622,Synthetic monitoring record PAI-03622,synthetic://sih26103/PAI-03622,2026-04-30,synthetic_v1
SRC-03623,Synthetic monitoring record PAI-03623,synthetic://sih26103/PAI-03623,2026-04-30,synthetic_v1
SRC-03624,Synthetic monitoring record PAI-03624,synthetic://sih26103/PAI-03624,2026-04-30,synthetic_v1
SRC-03625,Synthetic monitoring record PAI-03625,synthetic://sih26103/PAI-03625,2026-04-30,synthetic_v1
SRC-03626,Synthetic monitoring record PAI-03626,synthetic://sih26103/PAI-03626,2026-04-30,synthetic_v1
SRC-03627,Synthetic monitoring record PAI-03627,synthetic://sih26103/PAI-03627,2026-04-30,synthetic_v1
SRC-03628,Synthetic monitoring record PAI-03628,synthetic://sih26103/PAI-03628,2026-04-30,synthetic_v1
SRC-03629,Synthetic monitoring record PAI-03629,synthetic://sih26103/PAI-03629,2026-04-30,synthetic_v1
SRC-03630,Synthetic monitoring record PAI-03630,synthetic://sih26103/PAI-03630,2026-04-30,synthetic_v1
SRC-03631,Synthetic monitoring record PAI-03631,synthetic://sih26103/PAI-03631,2026-04-30,synthetic_v1
SRC-03632,Synthetic monitoring record PAI-03632,synthetic://sih26103/PAI-03632,2026-04-30,synthetic_v1
SRC-03633,Synthetic monitoring record PAI-03633,synthetic://sih26103/PAI-03633,2026-04-30,synthetic_v1
SRC-03634,Synthetic monitoring record PAI-03634,synthetic://sih26103/PAI-03634,2026-04-30,synthetic_v1
SRC-03635,Synthetic monitoring record PAI-03635,synthetic://sih26103/PAI-03635,2026-04-30,synthetic_v1
SRC-03636,Synthetic monitoring record PAI-03636,synthetic://sih26103/PAI-03636,2026-04-30,synthetic_v1
SRC-03637,Synthetic monitoring record PAI-03637,synthetic://sih26103/PAI-03637,2026-04-30,synthetic_v1
SRC-03638,Synthetic monitoring record PAI-03638,synthetic://sih26103/PAI-03638,2026-04-30,synthetic_v1
SRC-03639,Synthetic monitoring record PAI-03639,synthetic://sih26103/PAI-03639,2026-04-30,synthetic_v1
SRC-03640,Synthetic monitoring record PAI-03640,synthetic://sih26103/PAI-03640,2026-04-30,synthetic_v1
SRC-03641,Synthetic monitoring record PAI-03641,synthetic://sih26103/PAI-03641,2026-04-30,synthetic_v1
SRC-03642,Synthetic monitoring record PAI-03642,synthetic://sih26103/PAI-03642,2026-04-30,synthetic_v1
SRC-03643,Synthetic monitoring record PAI-03643,synthetic://sih26103/PAI-03643,2026-04-30,synthetic_v1
SRC-03644,Synthetic monitoring record PAI-03644,synthetic://sih26103/PAI-03644,2026-04-30,synthetic_v1
SRC-03645,Synthetic monitoring record PAI-03645,synthetic://sih26103/PAI-03645,2026-04-30,synthetic_v1
SRC-03646,Synthetic monitoring record PAI-03646,synthetic://sih26103/PAI-03646,2026-04-30,synthetic_v1
SRC-03647,Synthetic monitoring record PAI-03647,synthetic://sih26103/PAI-03647,2026-04-30,synthetic_v1
SRC-03648,Synthetic monitoring record PAI-03648,synthetic://sih26103/PAI-03648,2026-04-30,synthetic_v1
SRC-03649,Synthetic monitoring record PAI-03649,synthetic://sih26103/PAI-03649,2026-04-30,synthetic_v1
SRC-03650,Synthetic monitoring record PAI-03650,synthetic://sih26103/PAI-03650,2026-04-30,synthetic_v1
SRC-03651,Synthetic monitoring record PAI-03651,synthetic://sih26103/PAI-03651,2026-04-30,synthetic_v1
SRC-03652,Synthetic monitoring record PAI-03652,synthetic://sih26103/PAI-03652,2026-04-30,synthetic_v1
SRC-03653,Synthetic monitoring record PAI-03653,synthetic://sih26103/PAI-03653,2026-04-30,synthetic_v1
SRC-03654,Synthetic monitoring record PAI-03654,synthetic://sih26103/PAI-03654,2026-04-30,synthetic_v1
SRC-03655,Synthetic monitoring record PAI-03655,synthetic://sih26103/PAI-03655,2026-04-30,synthetic_v1
SRC-03656,Synthetic monitoring record PAI-03656,synthetic://sih26103/PAI-03656,2026-04-30,synthetic_v1
SRC-03657,Synthetic monitoring record PAI-03657,synthetic://sih26103/PAI-03657,2026-04-30,synthetic_v1
SRC-03658,Synthetic monitoring record PAI-03658,synthetic://sih26103/PAI-03658,2026-04-30,synthetic_v1
SRC-03659,Synthetic monitoring record PAI-03659,synthetic://sih26103/PAI-03659,2026-04-30,synthetic_v1
SRC-03660,Synthetic monitoring record PAI-03660,synthetic://sih26103/PAI-03660,2026-04-30,synthetic_v1
SRC-03661,Synthetic monitoring record PAI-03661,synthetic://sih26103/PAI-03661,2026-04-30,synthetic_v1
SRC-03662,Synthetic monitoring record PAI-03662,synthetic://sih26103/PAI-03662,2026-04-30,synthetic_v1
SRC-03663,Synthetic monitoring record PAI-03663,synthetic://sih26103/PAI-03663,2026-04-30,synthetic_v1
SRC-03664,Synthetic monitoring record PAI-03664,synthetic://sih26103/PAI-03664,2026-04-30,synthetic_v1
SRC-03665,Synthetic monitoring record PAI-03665,synthetic://sih26103/PAI-03665,2026-04-30,synthetic_v1
SRC-03666,Synthetic monitoring record PAI-03666,synthetic://sih26103/PAI-03666,2026-04-30,synthetic_v1
SRC-03667,Synthetic monitoring record PAI-03667,synthetic://sih26103/PAI-03667,2026-04-30,synthetic_v1
SRC-03668,Synthetic monitoring record PAI-03668,synthetic://sih26103/PAI-03668,2026-04-30,synthetic_v1
SRC-03669,Synthetic monitoring record PAI-03669,synthetic://sih26103/PAI-03669,2026-04-30,synthetic_v1
SRC-03670,Synthetic monitoring record PAI-03670,synthetic://sih26103/PAI-03670,2026-04-30,synthetic_v1
SRC-03671,Synthetic monitoring record PAI-03671,synthetic://sih26103/PAI-03671,2026-04-30,synthetic_v1
SRC-03672,Synthetic monitoring record PAI-03672,synthetic://sih26103/PAI-03672,2026-04-30,synthetic_v1
SRC-03673,Synthetic monitoring record PAI-03673,synthetic://sih26103/PAI-03673,2026-04-30,synthetic_v1
SRC-03674,Synthetic monitoring record PAI-03674,synthetic://sih26103/PAI-03674,2026-04-30,synthetic_v1
SRC-03675,Synthetic monitoring record PAI-03675,synthetic://sih26103/PAI-03675,2026-04-30,synthetic_v1
SRC-03676,Synthetic monitoring record PAI-03676,synthetic://sih26103/PAI-03676,2026-04-30,synthetic_v1
SRC-03677,Synthetic monitoring record PAI-03677,synthetic://sih26103/PAI-03677,2026-04-30,synthetic_v1
SRC-03678,Synthetic monitoring record PAI-03678,synthetic://sih26103/PAI-03678,2026-04-30,synthetic_v1
SRC-03679,Synthetic monitoring record PAI-03679,synthetic://sih26103/PAI-03679,2026-04-30,synthetic_v1
SRC-03680,Synthetic monitoring record PAI-03680,synthetic://sih26103/PAI-03680,2026-04-30,synthetic_v1
SRC-03681,Synthetic monitoring record PAI-03681,synthetic://sih26103/PAI-03681,2026-04-30,synthetic_v1
SRC-03682,Synthetic monitoring record PAI-03682,synthetic://sih26103/PAI-03682,2026-04-30,synthetic_v1
SRC-03683,Synthetic monitoring record PAI-03683,synthetic://sih26103/PAI-03683,2026-04-30,synthetic_v1
SRC-03684,Synthetic monitoring record PAI-03684,synthetic://sih26103/PAI-03684,2026-04-30,synthetic_v1
SRC-03685,Synthetic monitoring record PAI-03685,synthetic://sih26103/PAI-03685,2026-04-30,synthetic_v1
SRC-03686,Synthetic monitoring record PAI-03686,synthetic://sih26103/PAI-03686,2026-04-30,synthetic_v1
SRC-03687,Synthetic monitoring record PAI-03687,synthetic://sih26103/PAI-03687,2026-04-30,synthetic_v1
SRC-03688,Synthetic monitoring record PAI-03688,synthetic://sih26103/PAI-03688,2026-04-30,synthetic_v1
SRC-03689,Synthetic monitoring record PAI-03689,synthetic://sih26103/PAI-03689,2026-04-30,synthetic_v1
SRC-03690,Synthetic monitoring record PAI-03690,synthetic://sih26103/PAI-03690,2026-04-30,synthetic_v1
SRC-03691,Synthetic monitoring record PAI-03691,synthetic://sih26103/PAI-03691,2026-04-30,synthetic_v1
SRC-03692,Synthetic monitoring record PAI-03692,synthetic://sih26103/PAI-03692,2026-04-30,synthetic_v1
SRC-03693,Synthetic monitoring record PAI-03693,synthetic://sih26103/PAI-03693,2026-04-30,synthetic_v1
SRC-03694,Synthetic monitoring record PAI-03694,synthetic://sih26103/PAI-03694,2026-04-30,synthetic_v1
SRC-03695,Synthetic monitoring record PAI-03695,synthetic://sih26103/PAI-03695,2026-04-30,synthetic_v1
SRC-03696,Synthetic monitoring record PAI-03696,synthetic://sih26103/PAI-03696,2026-04-30,synthetic_v1
SRC-03697,Synthetic monitoring record PAI-03697,synthetic://sih26103/PAI-03697,2026-04-30,synthetic_v1
SRC-03698,Synthetic monitoring record PAI-03698,synthetic://sih26103/PAI-03698,2026-04-30,synthetic_v1
SRC-03699,Synthetic monitoring record PAI-03699,synthetic://sih26103/PAI-03699,2026-04-30,synthetic_v1
SRC-03700,Synthetic monitoring record PAI-03700,synthetic://sih26103/PAI-03700,2026-04-30,synthetic_v1
SRC-03701,Synthetic monitoring record PAI-03701,synthetic://sih26103/PAI-03701,2026-04-30,synthetic_v1
SRC-03702,Synthetic monitoring record PAI-03702,synthetic://sih26103/PAI-03702,2026-04-30,synthetic_v1
SRC-03703,Synthetic monitoring record PAI-03703,synthetic://sih26103/PAI-03703,2026-04-30,synthetic_v1
SRC-03704,Synthetic monitoring record PAI-03704,synthetic://sih26103/PAI-03704,2026-04-30,synthetic_v1
SRC-03705,Synthetic monitoring record PAI-03705,synthetic://sih26103/PAI-03705,2026-04-30,synthetic_v1
SRC-03706,Synthetic monitoring record PAI-03706,synthetic://sih26103/PAI-03706,2026-04-30,synthetic_v1
SRC-03707,Synthetic monitoring record PAI-03707,synthetic://sih26103/PAI-03707,2026-04-30,synthetic_v1
SRC-03708,Synthetic monitoring record PAI-03708,synthetic://sih26103/PAI-03708,2026-04-30,synthetic_v1
SRC-03709,Synthetic monitoring record PAI-03709,synthetic://sih26103/PAI-03709,2026-04-30,synthetic_v1
SRC-03710,Synthetic monitoring record PAI-03710,synthetic://sih26103/PAI-03710,2026-04-30,synthetic_v1
SRC-03711,Synthetic monitoring record PAI-03711,synthetic://sih26103/PAI-03711,2026-04-30,synthetic_v1
SRC-03712,Synthetic monitoring record PAI-03712,synthetic://sih26103/PAI-03712,2026-04-30,synthetic_v1
SRC-03713,Synthetic monitoring record PAI-03713,synthetic://sih26103/PAI-03713,2026-04-30,synthetic_v1
SRC-03714,Synthetic monitoring record PAI-03714,synthetic://sih26103/PAI-03714,2026-04-30,synthetic_v1
SRC-03715,Synthetic monitoring record PAI-03715,synthetic://sih26103/PAI-03715,2026-04-30,synthetic_v1
SRC-03716,Synthetic monitoring record PAI-03716,synthetic://sih26103/PAI-03716,2026-04-30,synthetic_v1
SRC-03717,Synthetic monitoring record PAI-03717,synthetic://sih26103/PAI-03717,2026-04-30,synthetic_v1
SRC-03718,Synthetic monitoring record PAI-03718,synthetic://sih26103/PAI-03718,2026-04-30,synthetic_v1
SRC-03719,Synthetic monitoring record PAI-03719,synthetic://sih26103/PAI-03719,2026-04-30,synthetic_v1
SRC-03720,Synthetic monitoring record PAI-03720,synthetic://sih26103/PAI-03720,2026-04-30,synthetic_v1
SRC-03721,Synthetic monitoring record PAI-03721,synthetic://sih26103/PAI-03721,2026-04-30,synthetic_v1
SRC-03722,Synthetic monitoring record PAI-03722,synthetic://sih26103/PAI-03722,2026-04-30,synthetic_v1
SRC-03723,Synthetic monitoring record PAI-03723,synthetic://sih26103/PAI-03723,2026-04-30,synthetic_v1
SRC-03724,Synthetic monitoring record PAI-03724,synthetic://sih26103/PAI-03724,2026-04-30,synthetic_v1
SRC-03725,Synthetic monitoring record PAI-03725,synthetic://sih26103/PAI-03725,2026-04-30,synthetic_v1
SRC-03726,Synthetic monitoring record PAI-03726,synthetic://sih26103/PAI-03726,2026-04-30,synthetic_v1
SRC-03727,Synthetic monitoring record PAI-03727,synthetic://sih26103/PAI-03727,2026-04-30,synthetic_v1
SRC-03728,Synthetic monitoring record PAI-03728,synthetic://sih26103/PAI-03728,2026-04-30,synthetic_v1
SRC-03729,Synthetic monitoring record PAI-03729,synthetic://sih26103/PAI-03729,2026-04-30,synthetic_v1
SRC-03730,Synthetic monitoring record PAI-03730,synthetic://sih26103/PAI-03730,2026-04-30,synthetic_v1
SRC-03731,Synthetic monitoring record PAI-03731,synthetic://sih26103/PAI-03731,2026-04-30,synthetic_v1
SRC-03732,Synthetic monitoring record PAI-03732,synthetic://sih26103/PAI-03732,2026-04-30,synthetic_v1
SRC-03733,Synthetic monitoring record PAI-03733,synthetic://sih26103/PAI-03733,2026-04-30,synthetic_v1
SRC-03734,Synthetic monitoring record PAI-03734,synthetic://sih26103/PAI-03734,2026-04-30,synthetic_v1
SRC-03735,Synthetic monitoring record PAI-03735,synthetic://sih26103/PAI-03735,2026-04-30,synthetic_v1
SRC-03736,Synthetic monitoring record PAI-03736,synthetic://sih26103/PAI-03736,2026-04-30,synthetic_v1
SRC-03737,Synthetic monitoring record PAI-03737,synthetic://sih26103/PAI-03737,2026-04-30,synthetic_v1
SRC-03738,Synthetic monitoring record PAI-03738,synthetic://sih26103/PAI-03738,2026-04-30,synthetic_v1
SRC-03739,Synthetic monitoring record PAI-03739,synthetic://sih26103/PAI-03739,2026-04-30,synthetic_v1
SRC-03740,Synthetic monitoring record PAI-03740,synthetic://sih26103/PAI-03740,2026-04-30,synthetic_v1
SRC-03741,Synthetic monitoring record PAI-03741,synthetic://sih26103/PAI-03741,2026-04-30,synthetic_v1
SRC-03742,Synthetic monitoring record PAI-03742,synthetic://sih26103/PAI-03742,2026-04-30,synthetic_v1
SRC-03743,Synthetic monitoring record PAI-03743,synthetic://sih26103/PAI-03743,2026-04-30,synthetic_v1
SRC-03744,Synthetic monitoring record PAI-03744,synthetic://sih26103/PAI-03744,2026-04-30,synthetic_v1
SRC-03745,Synthetic monitoring record PAI-03745,synthetic://sih26103/PAI-03745,2026-04-30,synthetic_v1
SRC-03746,Synthetic monitoring record PAI-03746,synthetic://sih26103/PAI-03746,2026-04-30,synthetic_v1
SRC-03747,Synthetic monitoring record PAI-03747,synthetic://sih26103/PAI-03747,2026-04-30,synthetic_v1
SRC-03748,Synthetic monitoring record PAI-03748,synthetic://sih26103/PAI-03748,2026-04-30,synthetic_v1
SRC-03749,Synthetic monitoring record PAI-03749,synthetic://sih26103/PAI-03749,2026-04-30,synthetic_v1
SRC-03750,Synthetic monitoring record PAI-03750,synthetic://sih26103/PAI-03750,2026-04-30,synthetic_v1
SRC-03751,Synthetic monitoring record PAI-03751,synthetic://sih26103/PAI-03751,2026-04-30,synthetic_v1
SRC-03752,Synthetic monitoring record PAI-03752,synthetic://sih26103/PAI-03752,2026-04-30,synthetic_v1
SRC-03753,Synthetic monitoring record PAI-03753,synthetic://sih26103/PAI-03753,2026-04-30,synthetic_v1
SRC-03754,Synthetic monitoring record PAI-03754,synthetic://sih26103/PAI-03754,2026-04-30,synthetic_v1
SRC-03755,Synthetic monitoring record PAI-03755,synthetic://sih26103/PAI-03755,2026-04-30,synthetic_v1
SRC-03756,Synthetic monitoring record PAI-03756,synthetic://sih26103/PAI-03756,2026-04-30,synthetic_v1
SRC-03757,Synthetic monitoring record PAI-03757,synthetic://sih26103/PAI-03757,2026-04-30,synthetic_v1
SRC-03758,Synthetic monitoring record PAI-03758,synthetic://sih26103/PAI-03758,2026-04-30,synthetic_v1
SRC-03759,Synthetic monitoring record PAI-03759,synthetic://sih26103/PAI-03759,2026-04-30,synthetic_v1
SRC-03760,Synthetic monitoring record PAI-03760,synthetic://sih26103/PAI-03760,2026-04-30,synthetic_v1
SRC-03761,Synthetic monitoring record PAI-03761,synthetic://sih26103/PAI-03761,2026-04-30,synthetic_v1
SRC-03762,Synthetic monitoring record PAI-03762,synthetic://sih26103/PAI-03762,2026-04-30,synthetic_v1
SRC-03763,Synthetic monitoring record PAI-03763,synthetic://sih26103/PAI-03763,2026-04-30,synthetic_v1
SRC-03764,Synthetic monitoring record PAI-03764,synthetic://sih26103/PAI-03764,2026-04-30,synthetic_v1
SRC-03765,Synthetic monitoring record PAI-03765,synthetic://sih26103/PAI-03765,2026-04-30,synthetic_v1
SRC-03766,Synthetic monitoring record PAI-03766,synthetic://sih26103/PAI-03766,2026-04-30,synthetic_v1
SRC-03767,Synthetic monitoring record PAI-03767,synthetic://sih26103/PAI-03767,2026-04-30,synthetic_v1
SRC-03768,Synthetic monitoring record PAI-03768,synthetic://sih26103/PAI-03768,2026-04-30,synthetic_v1
SRC-03769,Synthetic monitoring record PAI-03769,synthetic://sih26103/PAI-03769,2026-04-30,synthetic_v1
SRC-03770,Synthetic monitoring record PAI-03770,synthetic://sih26103/PAI-03770,2026-04-30,synthetic_v1
SRC-03771,Synthetic monitoring record PAI-03771,synthetic://sih26103/PAI-03771,2026-04-30,synthetic_v1
SRC-03772,Synthetic monitoring record PAI-03772,synthetic://sih26103/PAI-03772,2026-04-30,synthetic_v1
SRC-03773,Synthetic monitoring record PAI-03773,synthetic://sih26103/PAI-03773,2026-04-30,synthetic_v1
SRC-03774,Synthetic monitoring record PAI-03774,synthetic://sih26103/PAI-03774,2026-04-30,synthetic_v1
SRC-03775,Synthetic monitoring record PAI-03775,synthetic://sih26103/PAI-03775,2026-04-30,synthetic_v1
SRC-03776,Synthetic monitoring record PAI-03776,synthetic://sih26103/PAI-03776,2026-04-30,synthetic_v1
SRC-03777,Synthetic monitoring record PAI-03777,synthetic://sih26103/PAI-03777,2026-04-30,synthetic_v1
SRC-03778,Synthetic monitoring record PAI-03778,synthetic://sih26103/PAI-03778,2026-04-30,synthetic_v1
SRC-03779,Synthetic monitoring record PAI-03779,synthetic://sih26103/PAI-03779,2026-04-30,synthetic_v1
SRC-03780,Synthetic monitoring record PAI-03780,synthetic://sih26103/PAI-03780,2026-04-30,synthetic_v1
SRC-03781,Synthetic monitoring record PAI-03781,synthetic://sih26103/PAI-03781,2026-04-30,synthetic_v1
SRC-03782,Synthetic monitoring record PAI-03782,synthetic://sih26103/PAI-03782,2026-04-30,synthetic_v1
SRC-03783,Synthetic monitoring record PAI-03783,synthetic://sih26103/PAI-03783,2026-04-30,synthetic_v1
SRC-03784,Synthetic monitoring record PAI-03784,synthetic://sih26103/PAI-03784,2026-04-30,synthetic_v1
SRC-03785,Synthetic monitoring record PAI-03785,synthetic://sih26103/PAI-03785,2026-04-30,synthetic_v1
SRC-03786,Synthetic monitoring record PAI-03786,synthetic://sih26103/PAI-03786,2026-04-30,synthetic_v1
SRC-03787,Synthetic monitoring record PAI-03787,synthetic://sih26103/PAI-03787,2026-04-30,synthetic_v1
SRC-03788,Synthetic monitoring record PAI-03788,synthetic://sih26103/PAI-03788,2026-04-30,synthetic_v1
SRC-03789,Synthetic monitoring record PAI-03789,synthetic://sih26103/PAI-03789,2026-04-30,synthetic_v1
SRC-03790,Synthetic monitoring record PAI-03790,synthetic://sih26103/PAI-03790,2026-04-30,synthetic_v1
SRC-03791,Synthetic monitoring record PAI-03791,synthetic://sih26103/PAI-03791,2026-04-30,synthetic_v1
SRC-03792,Synthetic monitoring record PAI-03792,synthetic://sih26103/PAI-03792,2026-04-30,synthetic_v1
SRC-03793,Synthetic monitoring record PAI-03793,synthetic://sih26103/PAI-03793,2026-04-30,synthetic_v1
SRC-03794,Synthetic monitoring record PAI-03794,synthetic://sih26103/PAI-03794,2026-04-30,synthetic_v1
SRC-03795,Synthetic monitoring record PAI-03795,synthetic://sih26103/PAI-03795,2026-04-30,synthetic_v1
SRC-03796,Synthetic monitoring record PAI-03796,synthetic://sih26103/PAI-03796,2026-04-30,synthetic_v1
SRC-03797,Synthetic monitoring record PAI-03797,synthetic://sih26103/PAI-03797,2026-04-30,synthetic_v1
SRC-03798,Synthetic monitoring record PAI-03798,synthetic://sih26103/PAI-03798,2026-04-30,synthetic_v1
SRC-03799,Synthetic monitoring record PAI-03799,synthetic://sih26103/PAI-03799,2026-04-30,synthetic_v1
SRC-03800,Synthetic monitoring record PAI-03800,synthetic://sih26103/PAI-03800,2026-04-30,synthetic_v1
SRC-03801,Synthetic monitoring record PAI-03801,synthetic://sih26103/PAI-03801,2026-04-30,synthetic_v1
SRC-03802,Synthetic monitoring record PAI-03802,synthetic://sih26103/PAI-03802,2026-04-30,synthetic_v1
SRC-03803,Synthetic monitoring record PAI-03803,synthetic://sih26103/PAI-03803,2026-04-30,synthetic_v1
SRC-03804,Synthetic monitoring record PAI-03804,synthetic://sih26103/PAI-03804,2026-04-30,synthetic_v1
SRC-03805,Synthetic monitoring record PAI-03805,synthetic://sih26103/PAI-03805,2026-04-30,synthetic_v1
SRC-03806,Synthetic monitoring record PAI-03806,synthetic://sih26103/PAI-03806,2026-04-30,synthetic_v1
SRC-03807,Synthetic monitoring record PAI-03807,synthetic://sih26103/PAI-03807,2026-04-30,synthetic_v1
SRC-03808,Synthetic monitoring record PAI-03808,synthetic://sih26103/PAI-03808,2026-04-30,synthetic_v1
SRC-03809,Synthetic monitoring record PAI-03809,synthetic://sih26103/PAI-03809,2026-04-30,synthetic_v1
SRC-03810,Synthetic monitoring record PAI-03810,synthetic://sih26103/PAI-03810,2026-04-30,synthetic_v1
SRC-03811,Synthetic monitoring record PAI-03811,synthetic://sih26103/PAI-03811,2026-04-30,synthetic_v1
SRC-03812,Synthetic monitoring record PAI-03812,synthetic://sih26103/PAI-03812,2026-04-30,synthetic_v1
SRC-03813,Synthetic monitoring record PAI-03813,synthetic://sih26103/PAI-03813,2026-04-30,synthetic_v1
SRC-03814,Synthetic monitoring record PAI-03814,synthetic://sih26103/PAI-03814,2026-04-30,synthetic_v1
SRC-03815,Synthetic monitoring record PAI-03815,synthetic://sih26103/PAI-03815,2026-04-30,synthetic_v1
SRC-03816,Synthetic monitoring record PAI-03816,synthetic://sih26103/PAI-03816,2026-04-30,synthetic_v1
SRC-03817,Synthetic monitoring record PAI-03817,synthetic://sih26103/PAI-03817,2026-04-30,synthetic_v1
SRC-03818,Synthetic monitoring record PAI-03818,synthetic://sih26103/PAI-03818,2026-04-30,synthetic_v1
SRC-03819,Synthetic monitoring record PAI-03819,synthetic://sih26103/PAI-03819,2026-04-30,synthetic_v1
SRC-03820,Synthetic monitoring record PAI-03820,synthetic://sih26103/PAI-03820,2026-04-30,synthetic_v1
SRC-03821,Synthetic monitoring record PAI-03821,synthetic://sih26103/PAI-03821,2026-04-30,synthetic_v1
SRC-03822,Synthetic monitoring record PAI-03822,synthetic://sih26103/PAI-03822,2026-04-30,synthetic_v1
SRC-03823,Synthetic monitoring record PAI-03823,synthetic://sih26103/PAI-03823,2026-04-30,synthetic_v1
SRC-03824,Synthetic monitoring record PAI-03824,synthetic://sih26103/PAI-03824,2026-04-30,synthetic_v1
SRC-03825,Synthetic monitoring record PAI-03825,synthetic://sih26103/PAI-03825,2026-04-30,synthetic_v1
SRC-03826,Synthetic monitoring record PAI-03826,synthetic://sih26103/PAI-03826,2026-04-30,synthetic_v1
SRC-03827,Synthetic monitoring record PAI-03827,synthetic://sih26103/PAI-03827,2026-04-30,synthetic_v1
SRC-03828,Synthetic monitoring record PAI-03828,synthetic://sih26103/PAI-03828,2026-04-30,synthetic_v1
SRC-03829,Synthetic monitoring record PAI-03829,synthetic://sih26103/PAI-03829,2026-04-30,synthetic_v1
SRC-03830,Synthetic monitoring record PAI-03830,synthetic://sih26103/PAI-03830,2026-04-30,synthetic_v1
SRC-03831,Synthetic monitoring record PAI-03831,synthetic://sih26103/PAI-03831,2026-04-30,synthetic_v1
SRC-03832,Synthetic monitoring record PAI-03832,synthetic://sih26103/PAI-03832,2026-04-30,synthetic_v1
SRC-03833,Synthetic monitoring record PAI-03833,synthetic://sih26103/PAI-03833,2026-04-30,synthetic_v1
SRC-03834,Synthetic monitoring record PAI-03834,synthetic://sih26103/PAI-03834,2026-04-30,synthetic_v1
SRC-03835,Synthetic monitoring record PAI-03835,synthetic://sih26103/PAI-03835,2026-04-30,synthetic_v1
SRC-03836,Synthetic monitoring record PAI-03836,synthetic://sih26103/PAI-03836,2026-04-30,synthetic_v1
SRC-03837,Synthetic monitoring record PAI-03837,synthetic://sih26103/PAI-03837,2026-04-30,synthetic_v1
SRC-03838,Synthetic monitoring record PAI-03838,synthetic://sih26103/PAI-03838,2026-04-30,synthetic_v1
SRC-03839,Synthetic monitoring record PAI-03839,synthetic://sih26103/PAI-03839,2026-04-30,synthetic_v1
SRC-03840,Synthetic monitoring record PAI-03840,synthetic://sih26103/PAI-03840,2026-04-30,synthetic_v1
SRC-03841,Synthetic monitoring record PAI-03841,synthetic://sih26103/PAI-03841,2026-04-30,synthetic_v1
SRC-03842,Synthetic monitoring record PAI-03842,synthetic://sih26103/PAI-03842,2026-04-30,synthetic_v1
SRC-03843,Synthetic monitoring record PAI-03843,synthetic://sih26103/PAI-03843,2026-04-30,synthetic_v1
SRC-03844,Synthetic monitoring record PAI-03844,synthetic://sih26103/PAI-03844,2026-04-30,synthetic_v1
SRC-03845,Synthetic monitoring record PAI-03845,synthetic://sih26103/PAI-03845,2026-04-30,synthetic_v1
SRC-03846,Synthetic monitoring record PAI-03846,synthetic://sih26103/PAI-03846,2026-04-30,synthetic_v1
SRC-03847,Synthetic monitoring record PAI-03847,synthetic://sih26103/PAI-03847,2026-04-30,synthetic_v1
SRC-03848,Synthetic monitoring record PAI-03848,synthetic://sih26103/PAI-03848,2026-04-30,synthetic_v1
SRC-03849,Synthetic monitoring record PAI-03849,synthetic://sih26103/PAI-03849,2026-04-30,synthetic_v1
SRC-03850,Synthetic monitoring record PAI-03850,synthetic://sih26103/PAI-03850,2026-04-30,synthetic_v1
SRC-03851,Synthetic monitoring record PAI-03851,synthetic://sih26103/PAI-03851,2026-04-30,synthetic_v1
SRC-03852,Synthetic monitoring record PAI-03852,synthetic://sih26103/PAI-03852,2026-04-30,synthetic_v1
SRC-03853,Synthetic monitoring record PAI-03853,synthetic://sih26103/PAI-03853,2026-04-30,synthetic_v1
SRC-03854,Synthetic monitoring record PAI-03854,synthetic://sih26103/PAI-03854,2026-04-30,synthetic_v1
SRC-03855,Synthetic monitoring record PAI-03855,synthetic://sih26103/PAI-03855,2026-04-30,synthetic_v1
SRC-03856,Synthetic monitoring record PAI-03856,synthetic://sih26103/PAI-03856,2026-04-30,synthetic_v1
SRC-03857,Synthetic monitoring record PAI-03857,synthetic://sih26103/PAI-03857,2026-04-30,synthetic_v1
SRC-03858,Synthetic monitoring record PAI-03858,synthetic://sih26103/PAI-03858,2026-04-30,synthetic_v1
SRC-03859,Synthetic monitoring record PAI-03859,synthetic://sih26103/PAI-03859,2026-04-30,synthetic_v1
SRC-03860,Synthetic monitoring record PAI-03860,synthetic://sih26103/PAI-03860,2026-04-30,synthetic_v1
SRC-03861,Synthetic monitoring record PAI-03861,synthetic://sih26103/PAI-03861,2026-04-30,synthetic_v1
SRC-03862,Synthetic monitoring record PAI-03862,synthetic://sih26103/PAI-03862,2026-04-30,synthetic_v1
SRC-03863,Synthetic monitoring record PAI-03863,synthetic://sih26103/PAI-03863,2026-04-30,synthetic_v1
SRC-03864,Synthetic monitoring record PAI-03864,synthetic://sih26103/PAI-03864,2026-04-30,synthetic_v1
SRC-03865,Synthetic monitoring record PAI-03865,synthetic://sih26103/PAI-03865,2026-04-30,synthetic_v1
SRC-03866,Synthetic monitoring record PAI-03866,synthetic://sih26103/PAI-03866,2026-04-30,synthetic_v1
SRC-03867,Synthetic monitoring record PAI-03867,synthetic://sih26103/PAI-03867,2026-04-30,synthetic_v1
SRC-03868,Synthetic monitoring record PAI-03868,synthetic://sih26103/PAI-03868,2026-04-30,synthetic_v1
SRC-03869,Synthetic monitoring record PAI-03869,synthetic://sih26103/PAI-03869,2026-04-30,synthetic_v1
SRC-03870,Synthetic monitoring record PAI-03870,synthetic://sih26103/PAI-03870,2026-04-30,synthetic_v1
SRC-03871,Synthetic monitoring record PAI-03871,synthetic://sih26103/PAI-03871,2026-04-30,synthetic_v1
SRC-03872,Synthetic monitoring record PAI-03872,synthetic://sih26103/PAI-03872,2026-04-30,synthetic_v1
SRC-03873,Synthetic monitoring record PAI-03873,synthetic://sih26103/PAI-03873,2026-04-30,synthetic_v1
SRC-03874,Synthetic monitoring record PAI-03874,synthetic://sih26103/PAI-03874,2026-04-30,synthetic_v1
SRC-03875,Synthetic monitoring record PAI-03875,synthetic://sih26103/PAI-03875,2026-04-30,synthetic_v1
SRC-03876,Synthetic monitoring record PAI-03876,synthetic://sih26103/PAI-03876,2026-04-30,synthetic_v1
SRC-03877,Synthetic monitoring record PAI-03877,synthetic://sih26103/PAI-03877,2026-04-30,synthetic_v1
SRC-03878,Synthetic monitoring record PAI-03878,synthetic://sih26103/PAI-03878,2026-04-30,synthetic_v1
SRC-03879,Synthetic monitoring record PAI-03879,synthetic://sih26103/PAI-03879,2026-04-30,synthetic_v1
SRC-03880,Synthetic monitoring record PAI-03880,synthetic://sih26103/PAI-03880,2026-04-30,synthetic_v1
SRC-03881,Synthetic monitoring record PAI-03881,synthetic://sih26103/PAI-03881,2026-04-30,synthetic_v1
SRC-03882,Synthetic monitoring record PAI-03882,synthetic://sih26103/PAI-03882,2026-04-30,synthetic_v1
SRC-03883,Synthetic monitoring record PAI-03883,synthetic://sih26103/PAI-03883,2026-04-30,synthetic_v1
SRC-03884,Synthetic monitoring record PAI-03884,synthetic://sih26103/PAI-03884,2026-04-30,synthetic_v1
SRC-03885,Synthetic monitoring record PAI-03885,synthetic://sih26103/PAI-03885,2026-04-30,synthetic_v1
SRC-03886,Synthetic monitoring record PAI-03886,synthetic://sih26103/PAI-03886,2026-04-30,synthetic_v1
SRC-03887,Synthetic monitoring record PAI-03887,synthetic://sih26103/PAI-03887,2026-04-30,synthetic_v1
SRC-03888,Synthetic monitoring record PAI-03888,synthetic://sih26103/PAI-03888,2026-04-30,synthetic_v1
SRC-03889,Synthetic monitoring record PAI-03889,synthetic://sih26103/PAI-03889,2026-04-30,synthetic_v1
SRC-03890,Synthetic monitoring record PAI-03890,synthetic://sih26103/PAI-03890,2026-04-30,synthetic_v1
SRC-03891,Synthetic monitoring record PAI-03891,synthetic://sih26103/PAI-03891,2026-04-30,synthetic_v1
SRC-03892,Synthetic monitoring record PAI-03892,synthetic://sih26103/PAI-03892,2026-04-30,synthetic_v1
SRC-03893,Synthetic monitoring record PAI-03893,synthetic://sih26103/PAI-03893,2026-04-30,synthetic_v1
SRC-03894,Synthetic monitoring record PAI-03894,synthetic://sih26103/PAI-03894,2026-04-30,synthetic_v1
SRC-03895,Synthetic monitoring record PAI-03895,synthetic://sih26103/PAI-03895,2026-04-30,synthetic_v1
SRC-03896,Synthetic monitoring record PAI-03896,synthetic://sih26103/PAI-03896,2026-04-30,synthetic_v1
SRC-03897,Synthetic monitoring record PAI-03897,synthetic://sih26103/PAI-03897,2026-04-30,synthetic_v1
SRC-03898,Synthetic monitoring record PAI-03898,synthetic://sih26103/PAI-03898,2026-04-30,synthetic_v1
SRC-03899,Synthetic monitoring record PAI-03899,synthetic://sih26103/PAI-03899,2026-04-30,synthetic_v1
SRC-03900,Synthetic monitoring record PAI-03900,synthetic://sih26103/PAI-03900,2026-04-30,synthetic_v1
SRC-03901,Synthetic monitoring record PAI-03901,synthetic://sih26103/PAI-03901,2026-04-30,synthetic_v1
SRC-03902,Synthetic monitoring record PAI-03902,synthetic://sih26103/PAI-03902,2026-04-30,synthetic_v1
SRC-03903,Synthetic monitoring record PAI-03903,synthetic://sih26103/PAI-03903,2026-04-30,synthetic_v1
SRC-03904,Synthetic monitoring record PAI-03904,synthetic://sih26103/PAI-03904,2026-04-30,synthetic_v1
SRC-03905,Synthetic monitoring record PAI-03905,synthetic://sih26103/PAI-03905,2026-04-30,synthetic_v1
SRC-03906,Synthetic monitoring record PAI-03906,synthetic://sih26103/PAI-03906,2026-04-30,synthetic_v1
SRC-03907,Synthetic monitoring record PAI-03907,synthetic://sih26103/PAI-03907,2026-04-30,synthetic_v1
SRC-03908,Synthetic monitoring record PAI-03908,synthetic://sih26103/PAI-03908,2026-04-30,synthetic_v1
SRC-03909,Synthetic monitoring record PAI-03909,synthetic://sih26103/PAI-03909,2026-04-30,synthetic_v1
SRC-03910,Synthetic monitoring record PAI-03910,synthetic://sih26103/PAI-03910,2026-04-30,synthetic_v1
SRC-03911,Synthetic monitoring record PAI-03911,synthetic://sih26103/PAI-03911,2026-04-30,synthetic_v1
SRC-03912,Synthetic monitoring record PAI-03912,synthetic://sih26103/PAI-03912,2026-04-30,synthetic_v1
SRC-03913,Synthetic monitoring record PAI-03913,synthetic://sih26103/PAI-03913,2026-04-30,synthetic_v1
SRC-03914,Synthetic monitoring record PAI-03914,synthetic://sih26103/PAI-03914,2026-04-30,synthetic_v1
SRC-03915,Synthetic monitoring record PAI-03915,synthetic://sih26103/PAI-03915,2026-04-30,synthetic_v1
SRC-03916,Synthetic monitoring record PAI-03916,synthetic://sih26103/PAI-03916,2026-04-30,synthetic_v1
SRC-03917,Synthetic monitoring record PAI-03917,synthetic://sih26103/PAI-03917,2026-04-30,synthetic_v1
SRC-03918,Synthetic monitoring record PAI-03918,synthetic://sih26103/PAI-03918,2026-04-30,synthetic_v1
SRC-03919,Synthetic monitoring record PAI-03919,synthetic://sih26103/PAI-03919,2026-04-30,synthetic_v1
SRC-03920,Synthetic monitoring record PAI-03920,synthetic://sih26103/PAI-03920,2026-04-30,synthetic_v1
SRC-03921,Synthetic monitoring record PAI-03921,synthetic://sih26103/PAI-03921,2026-04-30,synthetic_v1
SRC-03922,Synthetic monitoring record PAI-03922,synthetic://sih26103/PAI-03922,2026-04-30,synthetic_v1
SRC-03923,Synthetic monitoring record PAI-03923,synthetic://sih26103/PAI-03923,2026-04-30,synthetic_v1
SRC-03924,Synthetic monitoring record PAI-03924,synthetic://sih26103/PAI-03924,2026-04-30,synthetic_v1
SRC-03925,Synthetic monitoring record PAI-03925,synthetic://sih26103/PAI-03925,2026-04-30,synthetic_v1
SRC-03926,Synthetic monitoring record PAI-03926,synthetic://sih26103/PAI-03926,2026-04-30,synthetic_v1
SRC-03927,Synthetic monitoring record PAI-03927,synthetic://sih26103/PAI-03927,2026-04-30,synthetic_v1
SRC-03928,Synthetic monitoring record PAI-03928,synthetic://sih26103/PAI-03928,2026-04-30,synthetic_v1
SRC-03929,Synthetic monitoring record PAI-03929,synthetic://sih26103/PAI-03929,2026-04-30,synthetic_v1
SRC-03930,Synthetic monitoring record PAI-03930,synthetic://sih26103/PAI-03930,2026-04-30,synthetic_v1
SRC-03931,Synthetic monitoring record PAI-03931,synthetic://sih26103/PAI-03931,2026-04-30,synthetic_v1
SRC-03932,Synthetic monitoring record PAI-03932,synthetic://sih26103/PAI-03932,2026-04-30,synthetic_v1
SRC-03933,Synthetic monitoring record PAI-03933,synthetic://sih26103/PAI-03933,2026-04-30,synthetic_v1
SRC-03934,Synthetic monitoring record PAI-03934,synthetic://sih26103/PAI-03934,2026-04-30,synthetic_v1
SRC-03935,Synthetic monitoring record PAI-03935,synthetic://sih26103/PAI-03935,2026-04-30,synthetic_v1
SRC-03936,Synthetic monitoring record PAI-03936,synthetic://sih26103/PAI-03936,2026-04-30,synthetic_v1
SRC-03937,Synthetic monitoring record PAI-03937,synthetic://sih26103/PAI-03937,2026-04-30,synthetic_v1
SRC-03938,Synthetic monitoring record PAI-03938,synthetic://sih26103/PAI-03938,2026-04-30,synthetic_v1
SRC-03939,Synthetic monitoring record PAI-03939,synthetic://sih26103/PAI-03939,2026-04-30,synthetic_v1
SRC-03940,Synthetic monitoring record PAI-03940,synthetic://sih26103/PAI-03940,2026-04-30,synthetic_v1
SRC-03941,Synthetic monitoring record PAI-03941,synthetic://sih26103/PAI-03941,2026-04-30,synthetic_v1
SRC-03942,Synthetic monitoring record PAI-03942,synthetic://sih26103/PAI-03942,2026-04-30,synthetic_v1
SRC-03943,Synthetic monitoring record PAI-03943,synthetic://sih26103/PAI-03943,2026-04-30,synthetic_v1
SRC-03944,Synthetic monitoring record PAI-03944,synthetic://sih26103/PAI-03944,2026-04-30,synthetic_v1
SRC-03945,Synthetic monitoring record PAI-03945,synthetic://sih26103/PAI-03945,2026-04-30,synthetic_v1
SRC-03946,Synthetic monitoring record PAI-03946,synthetic://sih26103/PAI-03946,2026-04-30,synthetic_v1
SRC-03947,Synthetic monitoring record PAI-03947,synthetic://sih26103/PAI-03947,2026-04-30,synthetic_v1
SRC-03948,Synthetic monitoring record PAI-03948,synthetic://sih26103/PAI-03948,2026-04-30,synthetic_v1
SRC-03949,Synthetic monitoring record PAI-03949,synthetic://sih26103/PAI-03949,2026-04-30,synthetic_v1
SRC-03950,Synthetic monitoring record PAI-03950,synthetic://sih26103/PAI-03950,2026-04-30,synthetic_v1
SRC-03951,Synthetic monitoring record PAI-03951,synthetic://sih26103/PAI-03951,2026-04-30,synthetic_v1
SRC-03952,Synthetic monitoring record PAI-03952,synthetic://sih26103/PAI-03952,2026-04-30,synthetic_v1
SRC-03953,Synthetic monitoring record PAI-03953,synthetic://sih26103/PAI-03953,2026-04-30,synthetic_v1
SRC-03954,Synthetic monitoring record PAI-03954,synthetic://sih26103/PAI-03954,2026-04-30,synthetic_v1
SRC-03955,Synthetic monitoring record PAI-03955,synthetic://sih26103/PAI-03955,2026-04-30,synthetic_v1
SRC-03956,Synthetic monitoring record PAI-03956,synthetic://sih26103/PAI-03956,2026-04-30,synthetic_v1
SRC-03957,Synthetic monitoring record PAI-03957,synthetic://sih26103/PAI-03957,2026-04-30,synthetic_v1
SRC-03958,Synthetic monitoring record PAI-03958,synthetic://sih26103/PAI-03958,2026-04-30,synthetic_v1
SRC-03959,Synthetic monitoring record PAI-03959,synthetic://sih26103/PAI-03959,2026-04-30,synthetic_v1
SRC-03960,Synthetic monitoring record PAI-03960,synthetic://sih26103/PAI-03960,2026-04-30,synthetic_v1
SRC-03961,Synthetic monitoring record PAI-03961,synthetic://sih26103/PAI-03961,2026-04-30,synthetic_v1
SRC-03962,Synthetic monitoring record PAI-03962,synthetic://sih26103/PAI-03962,2026-04-30,synthetic_v1
SRC-03963,Synthetic monitoring record PAI-03963,synthetic://sih26103/PAI-03963,2026-04-30,synthetic_v1
SRC-03964,Synthetic monitoring record PAI-03964,synthetic://sih26103/PAI-03964,2026-04-30,synthetic_v1
SRC-03965,Synthetic monitoring record PAI-03965,synthetic://sih26103/PAI-03965,2026-04-30,synthetic_v1
SRC-03966,Synthetic monitoring record PAI-03966,synthetic://sih26103/PAI-03966,2026-04-30,synthetic_v1
SRC-03967,Synthetic monitoring record PAI-03967,synthetic://sih26103/PAI-03967,2026-04-30,synthetic_v1
SRC-03968,Synthetic monitoring record PAI-03968,synthetic://sih26103/PAI-03968,2026-04-30,synthetic_v1
SRC-03969,Synthetic monitoring record PAI-03969,synthetic://sih26103/PAI-03969,2026-04-30,synthetic_v1
SRC-03970,Synthetic monitoring record PAI-03970,synthetic://sih26103/PAI-03970,2026-04-30,synthetic_v1
SRC-03971,Synthetic monitoring record PAI-03971,synthetic://sih26103/PAI-03971,2026-04-30,synthetic_v1
SRC-03972,Synthetic monitoring record PAI-03972,synthetic://sih26103/PAI-03972,2026-04-30,synthetic_v1
SRC-03973,Synthetic monitoring record PAI-03973,synthetic://sih26103/PAI-03973,2026-04-30,synthetic_v1
SRC-03974,Synthetic monitoring record PAI-03974,synthetic://sih26103/PAI-03974,2026-04-30,synthetic_v1
SRC-03975,Synthetic monitoring record PAI-03975,synthetic://sih26103/PAI-03975,2026-04-30,synthetic_v1
SRC-03976,Synthetic monitoring record PAI-03976,synthetic://sih26103/PAI-03976,2026-04-30,synthetic_v1
SRC-03977,Synthetic monitoring record PAI-03977,synthetic://sih26103/PAI-03977,2026-04-30,synthetic_v1
SRC-03978,Synthetic monitoring record PAI-03978,synthetic://sih26103/PAI-03978,2026-04-30,synthetic_v1
SRC-03979,Synthetic monitoring record PAI-03979,synthetic://sih26103/PAI-03979,2026-04-30,synthetic_v1
SRC-03980,Synthetic monitoring record PAI-03980,synthetic://sih26103/PAI-03980,2026-04-30,synthetic_v1
SRC-03981,Synthetic monitoring record PAI-03981,synthetic://sih26103/PAI-03981,2026-04-30,synthetic_v1
SRC-03982,Synthetic monitoring record PAI-03982,synthetic://sih26103/PAI-03982,2026-04-30,synthetic_v1
SRC-03983,Synthetic monitoring record PAI-03983,synthetic://sih26103/PAI-03983,2026-04-30,synthetic_v1
SRC-03984,Synthetic monitoring record PAI-03984,synthetic://sih26103/PAI-03984,2026-04-30,synthetic_v1
SRC-03985,Synthetic monitoring record PAI-03985,synthetic://sih26103/PAI-03985,2026-04-30,synthetic_v1
SRC-03986,Synthetic monitoring record PAI-03986,synthetic://sih26103/PAI-03986,2026-04-30,synthetic_v1
SRC-03987,Synthetic monitoring record PAI-03987,synthetic://sih26103/PAI-03987,2026-04-30,synthetic_v1
SRC-03988,Synthetic monitoring record PAI-03988,synthetic://sih26103/PAI-03988,2026-04-30,synthetic_v1
SRC-03989,Synthetic monitoring record PAI-03989,synthetic://sih26103/PAI-03989,2026-04-30,synthetic_v1
SRC-03990,Synthetic monitoring record PAI-03990,synthetic://sih26103/PAI-03990,2026-04-30,synthetic_v1
SRC-03991,Synthetic monitoring record PAI-03991,synthetic://sih26103/PAI-03991,2026-04-30,synthetic_v1
SRC-03992,Synthetic monitoring record PAI-03992,synthetic://sih26103/PAI-03992,2026-04-30,synthetic_v1
SRC-03993,Synthetic monitoring record PAI-03993,synthetic://sih26103/PAI-03993,2026-04-30,synthetic_v1
SRC-03994,Synthetic monitoring record PAI-03994,synthetic://sih26103/PAI-03994,2026-04-30,synthetic_v1
SRC-03995,Synthetic monitoring record PAI-03995,synthetic://sih26103/PAI-03995,2026-04-30,synthetic_v1
SRC-03996,Synthetic monitoring record PAI-03996,synthetic://sih26103/PAI-03996,2026-04-30,synthetic_v1
SRC-03997,Synthetic monitoring record PAI-03997,synthetic://sih26103/PAI-03997,2026-04-30,synthetic_v1
SRC-03998,Synthetic monitoring record PAI-03998,synthetic://sih26103/PAI-03998,2026-04-30,synthetic_v1
SRC-03999,Synthetic monitoring record PAI-03999,synthetic://sih26103/PAI-03999,2026-04-30,synthetic_v1
SRC-04000,Synthetic monitoring record PAI-04000,synthetic://sih26103/PAI-04000,2026-04-30,synthetic_v1
SRC-04001,Synthetic monitoring record PAI-04001,synthetic://sih26103/PAI-04001,2026-04-30,synthetic_v1
SRC-04002,Synthetic monitoring record PAI-04002,synthetic://sih26103/PAI-04002,2026-04-30,synthetic_v1
SRC-04003,Synthetic monitoring record PAI-04003,synthetic://sih26103/PAI-04003,2026-04-30,synthetic_v1
SRC-04004,Synthetic monitoring record PAI-04004,synthetic://sih26103/PAI-04004,2026-04-30,synthetic_v1
SRC-04005,Synthetic monitoring record PAI-04005,synthetic://sih26103/PAI-04005,2026-04-30,synthetic_v1
SRC-04006,Synthetic monitoring record PAI-04006,synthetic://sih26103/PAI-04006,2026-04-30,synthetic_v1
SRC-04007,Synthetic monitoring record PAI-04007,synthetic://sih26103/PAI-04007,2026-04-30,synthetic_v1
SRC-04008,Synthetic monitoring record PAI-04008,synthetic://sih26103/PAI-04008,2026-04-30,synthetic_v1
SRC-04009,Synthetic monitoring record PAI-04009,synthetic://sih26103/PAI-04009,2026-04-30,synthetic_v1
SRC-04010,Synthetic monitoring record PAI-04010,synthetic://sih26103/PAI-04010,2026-04-30,synthetic_v1
SRC-04011,Synthetic monitoring record PAI-04011,synthetic://sih26103/PAI-04011,2026-04-30,synthetic_v1
SRC-04012,Synthetic monitoring record PAI-04012,synthetic://sih26103/PAI-04012,2026-04-30,synthetic_v1
SRC-04013,Synthetic monitoring record PAI-04013,synthetic://sih26103/PAI-04013,2026-04-30,synthetic_v1
SRC-04014,Synthetic monitoring record PAI-04014,synthetic://sih26103/PAI-04014,2026-04-30,synthetic_v1
SRC-04015,Synthetic monitoring record PAI-04015,synthetic://sih26103/PAI-04015,2026-04-30,synthetic_v1
SRC-04016,Synthetic monitoring record PAI-04016,synthetic://sih26103/PAI-04016,2026-04-30,synthetic_v1
SRC-04017,Synthetic monitoring record PAI-04017,synthetic://sih26103/PAI-04017,2026-04-30,synthetic_v1
SRC-04018,Synthetic monitoring record PAI-04018,synthetic://sih26103/PAI-04018,2026-04-30,synthetic_v1
SRC-04019,Synthetic monitoring record PAI-04019,synthetic://sih26103/PAI-04019,2026-04-30,synthetic_v1
SRC-04020,Synthetic monitoring record PAI-04020,synthetic://sih26103/PAI-04020,2026-04-30,synthetic_v1
SRC-04021,Synthetic monitoring record PAI-04021,synthetic://sih26103/PAI-04021,2026-04-30,synthetic_v1
SRC-04022,Synthetic monitoring record PAI-04022,synthetic://sih26103/PAI-04022,2026-04-30,synthetic_v1
SRC-04023,Synthetic monitoring record PAI-04023,synthetic://sih26103/PAI-04023,2026-04-30,synthetic_v1
SRC-04024,Synthetic monitoring record PAI-04024,synthetic://sih26103/PAI-04024,2026-04-30,synthetic_v1
SRC-04025,Synthetic monitoring record PAI-04025,synthetic://sih26103/PAI-04025,2026-04-30,synthetic_v1
SRC-04026,Synthetic monitoring record PAI-04026,synthetic://sih26103/PAI-04026,2026-04-30,synthetic_v1
SRC-04027,Synthetic monitoring record PAI-04027,synthetic://sih26103/PAI-04027,2026-04-30,synthetic_v1
SRC-04028,Synthetic monitoring record PAI-04028,synthetic://sih26103/PAI-04028,2026-04-30,synthetic_v1
SRC-04029,Synthetic monitoring record PAI-04029,synthetic://sih26103/PAI-04029,2026-04-30,synthetic_v1
SRC-04030,Synthetic monitoring record PAI-04030,synthetic://sih26103/PAI-04030,2026-04-30,synthetic_v1
SRC-04031,Synthetic monitoring record PAI-04031,synthetic://sih26103/PAI-04031,2026-04-30,synthetic_v1
SRC-04032,Synthetic monitoring record PAI-04032,synthetic://sih26103/PAI-04032,2026-04-30,synthetic_v1
SRC-04033,Synthetic monitoring record PAI-04033,synthetic://sih26103/PAI-04033,2026-04-30,synthetic_v1
SRC-04034,Synthetic monitoring record PAI-04034,synthetic://sih26103/PAI-04034,2026-04-30,synthetic_v1
SRC-04035,Synthetic monitoring record PAI-04035,synthetic://sih26103/PAI-04035,2026-04-30,synthetic_v1
SRC-04036,Synthetic monitoring record PAI-04036,synthetic://sih26103/PAI-04036,2026-04-30,synthetic_v1
SRC-04037,Synthetic monitoring record PAI-04037,synthetic://sih26103/PAI-04037,2026-04-30,synthetic_v1
SRC-04038,Synthetic monitoring record PAI-04038,synthetic://sih26103/PAI-04038,2026-04-30,synthetic_v1
SRC-04039,Synthetic monitoring record PAI-04039,synthetic://sih26103/PAI-04039,2026-04-30,synthetic_v1
SRC-04040,Synthetic monitoring record PAI-04040,synthetic://sih26103/PAI-04040,2026-04-30,synthetic_v1
SRC-04041,Synthetic monitoring record PAI-04041,synthetic://sih26103/PAI-04041,2026-04-30,synthetic_v1
SRC-04042,Synthetic monitoring record PAI-04042,synthetic://sih26103/PAI-04042,2026-04-30,synthetic_v1
SRC-04043,Synthetic monitoring record PAI-04043,synthetic://sih26103/PAI-04043,2026-04-30,synthetic_v1
SRC-04044,Synthetic monitoring record PAI-04044,synthetic://sih26103/PAI-04044,2026-04-30,synthetic_v1
SRC-04045,Synthetic monitoring record PAI-04045,synthetic://sih26103/PAI-04045,2026-04-30,synthetic_v1
SRC-04046,Synthetic monitoring record PAI-04046,synthetic://sih26103/PAI-04046,2026-04-30,synthetic_v1
SRC-04047,Synthetic monitoring record PAI-04047,synthetic://sih26103/PAI-04047,2026-04-30,synthetic_v1
SRC-04048,Synthetic monitoring record PAI-04048,synthetic://sih26103/PAI-04048,2026-04-30,synthetic_v1
SRC-04049,Synthetic monitoring record PAI-04049,synthetic://sih26103/PAI-04049,2026-04-30,synthetic_v1
SRC-04050,Synthetic monitoring record PAI-04050,synthetic://sih26103/PAI-04050,2026-04-30,synthetic_v1
SRC-04051,Synthetic monitoring record PAI-04051,synthetic://sih26103/PAI-04051,2026-04-30,synthetic_v1
SRC-04052,Synthetic monitoring record PAI-04052,synthetic://sih26103/PAI-04052,2026-04-30,synthetic_v1
SRC-04053,Synthetic monitoring record PAI-04053,synthetic://sih26103/PAI-04053,2026-04-30,synthetic_v1
SRC-04054,Synthetic monitoring record PAI-04054,synthetic://sih26103/PAI-04054,2026-04-30,synthetic_v1
SRC-04055,Synthetic monitoring record PAI-04055,synthetic://sih26103/PAI-04055,2026-04-30,synthetic_v1
SRC-04056,Synthetic monitoring record PAI-04056,synthetic://sih26103/PAI-04056,2026-04-30,synthetic_v1
SRC-04057,Synthetic monitoring record PAI-04057,synthetic://sih26103/PAI-04057,2026-04-30,synthetic_v1
SRC-04058,Synthetic monitoring record PAI-04058,synthetic://sih26103/PAI-04058,2026-04-30,synthetic_v1
SRC-04059,Synthetic monitoring record PAI-04059,synthetic://sih26103/PAI-04059,2026-04-30,synthetic_v1
SRC-04060,Synthetic monitoring record PAI-04060,synthetic://sih26103/PAI-04060,2026-04-30,synthetic_v1
SRC-04061,Synthetic monitoring record PAI-04061,synthetic://sih26103/PAI-04061,2026-04-30,synthetic_v1
SRC-04062,Synthetic monitoring record PAI-04062,synthetic://sih26103/PAI-04062,2026-04-30,synthetic_v1
SRC-04063,Synthetic monitoring record PAI-04063,synthetic://sih26103/PAI-04063,2026-04-30,synthetic_v1
SRC-04064,Synthetic monitoring record PAI-04064,synthetic://sih26103/PAI-04064,2026-04-30,synthetic_v1
SRC-04065,Synthetic monitoring record PAI-04065,synthetic://sih26103/PAI-04065,2026-04-30,synthetic_v1
SRC-04066,Synthetic monitoring record PAI-04066,synthetic://sih26103/PAI-04066,2026-04-30,synthetic_v1
SRC-04067,Synthetic monitoring record PAI-04067,synthetic://sih26103/PAI-04067,2026-04-30,synthetic_v1
SRC-04068,Synthetic monitoring record PAI-04068,synthetic://sih26103/PAI-04068,2026-04-30,synthetic_v1
SRC-04069,Synthetic monitoring record PAI-04069,synthetic://sih26103/PAI-04069,2026-04-30,synthetic_v1
SRC-04070,Synthetic monitoring record PAI-04070,synthetic://sih26103/PAI-04070,2026-04-30,synthetic_v1
SRC-04071,Synthetic monitoring record PAI-04071,synthetic://sih26103/PAI-04071,2026-04-30,synthetic_v1
SRC-04072,Synthetic monitoring record PAI-04072,synthetic://sih26103/PAI-04072,2026-04-30,synthetic_v1
SRC-04073,Synthetic monitoring record PAI-04073,synthetic://sih26103/PAI-04073,2026-04-30,synthetic_v1
SRC-04074,Synthetic monitoring record PAI-04074,synthetic://sih26103/PAI-04074,2026-04-30,synthetic_v1
SRC-04075,Synthetic monitoring record PAI-04075,synthetic://sih26103/PAI-04075,2026-04-30,synthetic_v1
SRC-04076,Synthetic monitoring record PAI-04076,synthetic://sih26103/PAI-04076,2026-04-30,synthetic_v1
SRC-04077,Synthetic monitoring record PAI-04077,synthetic://sih26103/PAI-04077,2026-04-30,synthetic_v1
SRC-04078,Synthetic monitoring record PAI-04078,synthetic://sih26103/PAI-04078,2026-04-30,synthetic_v1
SRC-04079,Synthetic monitoring record PAI-04079,synthetic://sih26103/PAI-04079,2026-04-30,synthetic_v1
SRC-04080,Synthetic monitoring record PAI-04080,synthetic://sih26103/PAI-04080,2026-04-30,synthetic_v1
SRC-04081,Synthetic monitoring record PAI-04081,synthetic://sih26103/PAI-04081,2026-04-30,synthetic_v1
SRC-04082,Synthetic monitoring record PAI-04082,synthetic://sih26103/PAI-04082,2026-04-30,synthetic_v1
SRC-04083,Synthetic monitoring record PAI-04083,synthetic://sih26103/PAI-04083,2026-04-30,synthetic_v1
SRC-04084,Synthetic monitoring record PAI-04084,synthetic://sih26103/PAI-04084,2026-04-30,synthetic_v1
SRC-04085,Synthetic monitoring record PAI-04085,synthetic://sih26103/PAI-04085,2026-04-30,synthetic_v1
SRC-04086,Synthetic monitoring record PAI-04086,synthetic://sih26103/PAI-04086,2026-04-30,synthetic_v1
SRC-04087,Synthetic monitoring record PAI-04087,synthetic://sih26103/PAI-04087,2026-04-30,synthetic_v1
SRC-04088,Synthetic monitoring record PAI-04088,synthetic://sih26103/PAI-04088,2026-04-30,synthetic_v1
SRC-04089,Synthetic monitoring record PAI-04089,synthetic://sih26103/PAI-04089,2026-04-30,synthetic_v1
SRC-04090,Synthetic monitoring record PAI-04090,synthetic://sih26103/PAI-04090,2026-04-30,synthetic_v1
SRC-04091,Synthetic monitoring record PAI-04091,synthetic://sih26103/PAI-04091,2026-04-30,synthetic_v1
SRC-04092,Synthetic monitoring record PAI-04092,synthetic://sih26103/PAI-04092,2026-04-30,synthetic_v1
SRC-04093,Synthetic monitoring record PAI-04093,synthetic://sih26103/PAI-04093,2026-04-30,synthetic_v1
SRC-04094,Synthetic monitoring record PAI-04094,synthetic://sih26103/PAI-04094,2026-04-30,synthetic_v1
SRC-04095,Synthetic monitoring record PAI-04095,synthetic://sih26103/PAI-04095,2026-04-30,synthetic_v1
SRC-04096,Synthetic monitoring record PAI-04096,synthetic://sih26103/PAI-04096,2026-04-30,synthetic_v1
SRC-04097,Synthetic monitoring record PAI-04097,synthetic://sih26103/PAI-04097,2026-04-30,synthetic_v1
SRC-04098,Synthetic monitoring record PAI-04098,synthetic://sih26103/PAI-04098,2026-04-30,synthetic_v1
SRC-04099,Synthetic monitoring record PAI-04099,synthetic://sih26103/PAI-04099,2026-04-30,synthetic_v1
SRC-04100,Synthetic monitoring record PAI-04100,synthetic://sih26103/PAI-04100,2026-04-30,synthetic_v1
SRC-04101,Synthetic monitoring record PAI-04101,synthetic://sih26103/PAI-04101,2026-04-30,synthetic_v1
SRC-04102,Synthetic monitoring record PAI-04102,synthetic://sih26103/PAI-04102,2026-04-30,synthetic_v1
SRC-04103,Synthetic monitoring record PAI-04103,synthetic://sih26103/PAI-04103,2026-04-30,synthetic_v1
SRC-04104,Synthetic monitoring record PAI-04104,synthetic://sih26103/PAI-04104,2026-04-30,synthetic_v1
SRC-04105,Synthetic monitoring record PAI-04105,synthetic://sih26103/PAI-04105,2026-04-30,synthetic_v1
SRC-04106,Synthetic monitoring record PAI-04106,synthetic://sih26103/PAI-04106,2026-04-30,synthetic_v1
SRC-04107,Synthetic monitoring record PAI-04107,synthetic://sih26103/PAI-04107,2026-04-30,synthetic_v1
SRC-04108,Synthetic monitoring record PAI-04108,synthetic://sih26103/PAI-04108,2026-04-30,synthetic_v1
SRC-04109,Synthetic monitoring record PAI-04109,synthetic://sih26103/PAI-04109,2026-04-30,synthetic_v1
SRC-04110,Synthetic monitoring record PAI-04110,synthetic://sih26103/PAI-04110,2026-04-30,synthetic_v1
SRC-04111,Synthetic monitoring record PAI-04111,synthetic://sih26103/PAI-04111,2026-04-30,synthetic_v1
SRC-04112,Synthetic monitoring record PAI-04112,synthetic://sih26103/PAI-04112,2026-04-30,synthetic_v1
SRC-04113,Synthetic monitoring record PAI-04113,synthetic://sih26103/PAI-04113,2026-04-30,synthetic_v1
SRC-04114,Synthetic monitoring record PAI-04114,synthetic://sih26103/PAI-04114,2026-04-30,synthetic_v1
SRC-04115,Synthetic monitoring record PAI-04115,synthetic://sih26103/PAI-04115,2026-04-30,synthetic_v1
SRC-04116,Synthetic monitoring record PAI-04116,synthetic://sih26103/PAI-04116,2026-04-30,synthetic_v1
SRC-04117,Synthetic monitoring record PAI-04117,synthetic://sih26103/PAI-04117,2026-04-30,synthetic_v1
SRC-04118,Synthetic monitoring record PAI-04118,synthetic://sih26103/PAI-04118,2026-04-30,synthetic_v1
SRC-04119,Synthetic monitoring record PAI-04119,synthetic://sih26103/PAI-04119,2026-04-30,synthetic_v1
SRC-04120,Synthetic monitoring record PAI-04120,synthetic://sih26103/PAI-04120,2026-04-30,synthetic_v1
SRC-04121,Synthetic monitoring record PAI-04121,synthetic://sih26103/PAI-04121,2026-04-30,synthetic_v1
SRC-04122,Synthetic monitoring record PAI-04122,synthetic://sih26103/PAI-04122,2026-04-30,synthetic_v1
SRC-04123,Synthetic monitoring record PAI-04123,synthetic://sih26103/PAI-04123,2026-04-30,synthetic_v1
SRC-04124,Synthetic monitoring record PAI-04124,synthetic://sih26103/PAI-04124,2026-04-30,synthetic_v1
SRC-04125,Synthetic monitoring record PAI-04125,synthetic://sih26103/PAI-04125,2026-04-30,synthetic_v1
SRC-04126,Synthetic monitoring record PAI-04126,synthetic://sih26103/PAI-04126,2026-04-30,synthetic_v1
SRC-04127,Synthetic monitoring record PAI-04127,synthetic://sih26103/PAI-04127,2026-04-30,synthetic_v1
SRC-04128,Synthetic monitoring record PAI-04128,synthetic://sih26103/PAI-04128,2026-04-30,synthetic_v1
SRC-04129,Synthetic monitoring record PAI-04129,synthetic://sih26103/PAI-04129,2026-04-30,synthetic_v1
SRC-04130,Synthetic monitoring record PAI-04130,synthetic://sih26103/PAI-04130,2026-04-30,synthetic_v1
SRC-04131,Synthetic monitoring record PAI-04131,synthetic://sih26103/PAI-04131,2026-04-30,synthetic_v1
SRC-04132,Synthetic monitoring record PAI-04132,synthetic://sih26103/PAI-04132,2026-04-30,synthetic_v1
SRC-04133,Synthetic monitoring record PAI-04133,synthetic://sih26103/PAI-04133,2026-04-30,synthetic_v1
SRC-04134,Synthetic monitoring record PAI-04134,synthetic://sih26103/PAI-04134,2026-04-30,synthetic_v1
SRC-04135,Synthetic monitoring record PAI-04135,synthetic://sih26103/PAI-04135,2026-04-30,synthetic_v1
SRC-04136,Synthetic monitoring record PAI-04136,synthetic://sih26103/PAI-04136,2026-04-30,synthetic_v1
SRC-04137,Synthetic monitoring record PAI-04137,synthetic://sih26103/PAI-04137,2026-04-30,synthetic_v1
SRC-04138,Synthetic monitoring record PAI-04138,synthetic://sih26103/PAI-04138,2026-04-30,synthetic_v1
SRC-04139,Synthetic monitoring record PAI-04139,synthetic://sih26103/PAI-04139,2026-04-30,synthetic_v1
SRC-04140,Synthetic monitoring record PAI-04140,synthetic://sih26103/PAI-04140,2026-04-30,synthetic_v1
SRC-04141,Synthetic monitoring record PAI-04141,synthetic://sih26103/PAI-04141,2026-04-30,synthetic_v1
SRC-04142,Synthetic monitoring record PAI-04142,synthetic://sih26103/PAI-04142,2026-04-30,synthetic_v1
SRC-04143,Synthetic monitoring record PAI-04143,synthetic://sih26103/PAI-04143,2026-04-30,synthetic_v1
SRC-04144,Synthetic monitoring record PAI-04144,synthetic://sih26103/PAI-04144,2026-04-30,synthetic_v1
SRC-04145,Synthetic monitoring record PAI-04145,synthetic://sih26103/PAI-04145,2026-04-30,synthetic_v1
SRC-04146,Synthetic monitoring record PAI-04146,synthetic://sih26103/PAI-04146,2026-04-30,synthetic_v1
SRC-04147,Synthetic monitoring record PAI-04147,synthetic://sih26103/PAI-04147,2026-04-30,synthetic_v1
SRC-04148,Synthetic monitoring record PAI-04148,synthetic://sih26103/PAI-04148,2026-04-30,synthetic_v1
SRC-04149,Synthetic monitoring record PAI-04149,synthetic://sih26103/PAI-04149,2026-04-30,synthetic_v1
SRC-04150,Synthetic monitoring record PAI-04150,synthetic://sih26103/PAI-04150,2026-04-30,synthetic_v1
SRC-04151,Synthetic monitoring record PAI-04151,synthetic://sih26103/PAI-04151,2026-04-30,synthetic_v1
SRC-04152,Synthetic monitoring record PAI-04152,synthetic://sih26103/PAI-04152,2026-04-30,synthetic_v1
SRC-04153,Synthetic monitoring record PAI-04153,synthetic://sih26103/PAI-04153,2026-04-30,synthetic_v1
SRC-04154,Synthetic monitoring record PAI-04154,synthetic://sih26103/PAI-04154,2026-04-30,synthetic_v1
SRC-04155,Synthetic monitoring record PAI-04155,synthetic://sih26103/PAI-04155,2026-04-30,synthetic_v1
SRC-04156,Synthetic monitoring record PAI-04156,synthetic://sih26103/PAI-04156,2026-04-30,synthetic_v1
SRC-04157,Synthetic monitoring record PAI-04157,synthetic://sih26103/PAI-04157,2026-04-30,synthetic_v1
SRC-04158,Synthetic monitoring record PAI-04158,synthetic://sih26103/PAI-04158,2026-04-30,synthetic_v1
SRC-04159,Synthetic monitoring record PAI-04159,synthetic://sih26103/PAI-04159,2026-04-30,synthetic_v1
SRC-04160,Synthetic monitoring record PAI-04160,synthetic://sih26103/PAI-04160,2026-04-30,synthetic_v1
SRC-04161,Synthetic monitoring record PAI-04161,synthetic://sih26103/PAI-04161,2026-04-30,synthetic_v1
SRC-04162,Synthetic monitoring record PAI-04162,synthetic://sih26103/PAI-04162,2026-04-30,synthetic_v1
SRC-04163,Synthetic monitoring record PAI-04163,synthetic://sih26103/PAI-04163,2026-04-30,synthetic_v1
SRC-04164,Synthetic monitoring record PAI-04164,synthetic://sih26103/PAI-04164,2026-04-30,synthetic_v1
SRC-04165,Synthetic monitoring record PAI-04165,synthetic://sih26103/PAI-04165,2026-04-30,synthetic_v1
SRC-04166,Synthetic monitoring record PAI-04166,synthetic://sih26103/PAI-04166,2026-04-30,synthetic_v1
SRC-04167,Synthetic monitoring record PAI-04167,synthetic://sih26103/PAI-04167,2026-04-30,synthetic_v1
SRC-04168,Synthetic monitoring record PAI-04168,synthetic://sih26103/PAI-04168,2026-04-30,synthetic_v1
SRC-04169,Synthetic monitoring record PAI-04169,synthetic://sih26103/PAI-04169,2026-04-30,synthetic_v1
SRC-04170,Synthetic monitoring record PAI-04170,synthetic://sih26103/PAI-04170,2026-04-30,synthetic_v1
SRC-04171,Synthetic monitoring record PAI-04171,synthetic://sih26103/PAI-04171,2026-04-30,synthetic_v1
SRC-04172,Synthetic monitoring record PAI-04172,synthetic://sih26103/PAI-04172,2026-04-30,synthetic_v1
SRC-04173,Synthetic monitoring record PAI-04173,synthetic://sih26103/PAI-04173,2026-04-30,synthetic_v1
SRC-04174,Synthetic monitoring record PAI-04174,synthetic://sih26103/PAI-04174,2026-04-30,synthetic_v1
SRC-04175,Synthetic monitoring record PAI-04175,synthetic://sih26103/PAI-04175,2026-04-30,synthetic_v1
SRC-04176,Synthetic monitoring record PAI-04176,synthetic://sih26103/PAI-04176,2026-04-30,synthetic_v1
SRC-04177,Synthetic monitoring record PAI-04177,synthetic://sih26103/PAI-04177,2026-04-30,synthetic_v1
SRC-04178,Synthetic monitoring record PAI-04178,synthetic://sih26103/PAI-04178,2026-04-30,synthetic_v1
SRC-04179,Synthetic monitoring record PAI-04179,synthetic://sih26103/PAI-04179,2026-04-30,synthetic_v1
SRC-04180,Synthetic monitoring record PAI-04180,synthetic://sih26103/PAI-04180,2026-04-30,synthetic_v1
SRC-04181,Synthetic monitoring record PAI-04181,synthetic://sih26103/PAI-04181,2026-04-30,synthetic_v1
SRC-04182,Synthetic monitoring record PAI-04182,synthetic://sih26103/PAI-04182,2026-04-30,synthetic_v1
SRC-04183,Synthetic monitoring record PAI-04183,synthetic://sih26103/PAI-04183,2026-04-30,synthetic_v1
SRC-04184,Synthetic monitoring record PAI-04184,synthetic://sih26103/PAI-04184,2026-04-30,synthetic_v1
SRC-04185,Synthetic monitoring record PAI-04185,synthetic://sih26103/PAI-04185,2026-04-30,synthetic_v1
SRC-04186,Synthetic monitoring record PAI-04186,synthetic://sih26103/PAI-04186,2026-04-30,synthetic_v1
SRC-04187,Synthetic monitoring record PAI-04187,synthetic://sih26103/PAI-04187,2026-04-30,synthetic_v1
SRC-04188,Synthetic monitoring record PAI-04188,synthetic://sih26103/PAI-04188,2026-04-30,synthetic_v1
SRC-04189,Synthetic monitoring record PAI-04189,synthetic://sih26103/PAI-04189,2026-04-30,synthetic_v1
SRC-04190,Synthetic monitoring record PAI-04190,synthetic://sih26103/PAI-04190,2026-04-30,synthetic_v1
SRC-04191,Synthetic monitoring record PAI-04191,synthetic://sih26103/PAI-04191,2026-04-30,synthetic_v1
SRC-04192,Synthetic monitoring record PAI-04192,synthetic://sih26103/PAI-04192,2026-04-30,synthetic_v1
SRC-04193,Synthetic monitoring record PAI-04193,synthetic://sih26103/PAI-04193,2026-04-30,synthetic_v1
SRC-04194,Synthetic monitoring record PAI-04194,synthetic://sih26103/PAI-04194,2026-04-30,synthetic_v1
SRC-04195,Synthetic monitoring record PAI-04195,synthetic://sih26103/PAI-04195,2026-04-30,synthetic_v1
SRC-04196,Synthetic monitoring record PAI-04196,synthetic://sih26103/PAI-04196,2026-04-30,synthetic_v1
SRC-04197,Synthetic monitoring record PAI-04197,synthetic://sih26103/PAI-04197,2026-04-30,synthetic_v1
SRC-04198,Synthetic monitoring record PAI-04198,synthetic://sih26103/PAI-04198,2026-04-30,synthetic_v1
SRC-04199,Synthetic monitoring record PAI-04199,synthetic://sih26103/PAI-04199,2026-04-30,synthetic_v1
SRC-04200,Synthetic monitoring record PAI-04200,synthetic://sih26103/PAI-04200,2026-04-30,synthetic_v1
SRC-04201,Synthetic monitoring record PAI-04201,synthetic://sih26103/PAI-04201,2026-04-30,synthetic_v1
SRC-04202,Synthetic monitoring record PAI-04202,synthetic://sih26103/PAI-04202,2026-04-30,synthetic_v1
SRC-04203,Synthetic monitoring record PAI-04203,synthetic://sih26103/PAI-04203,2026-04-30,synthetic_v1
SRC-04204,Synthetic monitoring record PAI-04204,synthetic://sih26103/PAI-04204,2026-04-30,synthetic_v1
SRC-04205,Synthetic monitoring record PAI-04205,synthetic://sih26103/PAI-04205,2026-04-30,synthetic_v1
SRC-04206,Synthetic monitoring record PAI-04206,synthetic://sih26103/PAI-04206,2026-04-30,synthetic_v1
SRC-04207,Synthetic monitoring record PAI-04207,synthetic://sih26103/PAI-04207,2026-04-30,synthetic_v1
SRC-04208,Synthetic monitoring record PAI-04208,synthetic://sih26103/PAI-04208,2026-04-30,synthetic_v1
SRC-04209,Synthetic monitoring record PAI-04209,synthetic://sih26103/PAI-04209,2026-04-30,synthetic_v1
SRC-04210,Synthetic monitoring record PAI-04210,synthetic://sih26103/PAI-04210,2026-04-30,synthetic_v1
SRC-04211,Synthetic monitoring record PAI-04211,synthetic://sih26103/PAI-04211,2026-04-30,synthetic_v1
SRC-04212,Synthetic monitoring record PAI-04212,synthetic://sih26103/PAI-04212,2026-04-30,synthetic_v1
SRC-04213,Synthetic monitoring record PAI-04213,synthetic://sih26103/PAI-04213,2026-04-30,synthetic_v1
SRC-04214,Synthetic monitoring record PAI-04214,synthetic://sih26103/PAI-04214,2026-04-30,synthetic_v1
SRC-04215,Synthetic monitoring record PAI-04215,synthetic://sih26103/PAI-04215,2026-04-30,synthetic_v1
SRC-04216,Synthetic monitoring record PAI-04216,synthetic://sih26103/PAI-04216,2026-04-30,synthetic_v1
SRC-04217,Synthetic monitoring record PAI-04217,synthetic://sih26103/PAI-04217,2026-04-30,synthetic_v1
SRC-04218,Synthetic monitoring record PAI-04218,synthetic://sih26103/PAI-04218,2026-04-30,synthetic_v1
SRC-04219,Synthetic monitoring record PAI-04219,synthetic://sih26103/PAI-04219,2026-04-30,synthetic_v1
SRC-04220,Synthetic monitoring record PAI-04220,synthetic://sih26103/PAI-04220,2026-04-30,synthetic_v1
SRC-04221,Synthetic monitoring record PAI-04221,synthetic://sih26103/PAI-04221,2026-04-30,synthetic_v1
SRC-04222,Synthetic monitoring record PAI-04222,synthetic://sih26103/PAI-04222,2026-04-30,synthetic_v1
SRC-04223,Synthetic monitoring record PAI-04223,synthetic://sih26103/PAI-04223,2026-04-30,synthetic_v1
SRC-04224,Synthetic monitoring record PAI-04224,synthetic://sih26103/PAI-04224,2026-04-30,synthetic_v1
SRC-04225,Synthetic monitoring record PAI-04225,synthetic://sih26103/PAI-04225,2026-04-30,synthetic_v1
SRC-04226,Synthetic monitoring record PAI-04226,synthetic://sih26103/PAI-04226,2026-04-30,synthetic_v1
SRC-04227,Synthetic monitoring record PAI-04227,synthetic://sih26103/PAI-04227,2026-04-30,synthetic_v1
SRC-04228,Synthetic monitoring record PAI-04228,synthetic://sih26103/PAI-04228,2026-04-30,synthetic_v1
SRC-04229,Synthetic monitoring record PAI-04229,synthetic://sih26103/PAI-04229,2026-04-30,synthetic_v1
SRC-04230,Synthetic monitoring record PAI-04230,synthetic://sih26103/PAI-04230,2026-04-30,synthetic_v1
SRC-04231,Synthetic monitoring record PAI-04231,synthetic://sih26103/PAI-04231,2026-04-30,synthetic_v1
SRC-04232,Synthetic monitoring record PAI-04232,synthetic://sih26103/PAI-04232,2026-04-30,synthetic_v1
SRC-04233,Synthetic monitoring record PAI-04233,synthetic://sih26103/PAI-04233,2026-04-30,synthetic_v1
SRC-04234,Synthetic monitoring record PAI-04234,synthetic://sih26103/PAI-04234,2026-04-30,synthetic_v1
SRC-04235,Synthetic monitoring record PAI-04235,synthetic://sih26103/PAI-04235,2026-04-30,synthetic_v1
SRC-04236,Synthetic monitoring record PAI-04236,synthetic://sih26103/PAI-04236,2026-04-30,synthetic_v1
SRC-04237,Synthetic monitoring record PAI-04237,synthetic://sih26103/PAI-04237,2026-04-30,synthetic_v1
SRC-04238,Synthetic monitoring record PAI-04238,synthetic://sih26103/PAI-04238,2026-04-30,synthetic_v1
SRC-04239,Synthetic monitoring record PAI-04239,synthetic://sih26103/PAI-04239,2026-04-30,synthetic_v1
SRC-04240,Synthetic monitoring record PAI-04240,synthetic://sih26103/PAI-04240,2026-04-30,synthetic_v1
SRC-04241,Synthetic monitoring record PAI-04241,synthetic://sih26103/PAI-04241,2026-04-30,synthetic_v1
SRC-04242,Synthetic monitoring record PAI-04242,synthetic://sih26103/PAI-04242,2026-04-30,synthetic_v1
SRC-04243,Synthetic monitoring record PAI-04243,synthetic://sih26103/PAI-04243,2026-04-30,synthetic_v1
SRC-04244,Synthetic monitoring record PAI-04244,synthetic://sih26103/PAI-04244,2026-04-30,synthetic_v1
SRC-04245,Synthetic monitoring record PAI-04245,synthetic://sih26103/PAI-04245,2026-04-30,synthetic_v1
SRC-04246,Synthetic monitoring record PAI-04246,synthetic://sih26103/PAI-04246,2026-04-30,synthetic_v1
SRC-04247,Synthetic monitoring record PAI-04247,synthetic://sih26103/PAI-04247,2026-04-30,synthetic_v1
SRC-04248,Synthetic monitoring record PAI-04248,synthetic://sih26103/PAI-04248,2026-04-30,synthetic_v1
SRC-04249,Synthetic monitoring record PAI-04249,synthetic://sih26103/PAI-04249,2026-04-30,synthetic_v1
SRC-04250,Synthetic monitoring record PAI-04250,synthetic://sih26103/PAI-04250,2026-04-30,synthetic_v1
SRC-04251,Synthetic monitoring record PAI-04251,synthetic://sih26103/PAI-04251,2026-04-30,synthetic_v1
SRC-04252,Synthetic monitoring record PAI-04252,synthetic://sih26103/PAI-04252,2026-04-30,synthetic_v1
SRC-04253,Synthetic monitoring record PAI-04253,synthetic://sih26103/PAI-04253,2026-04-30,synthetic_v1
SRC-04254,Synthetic monitoring record PAI-04254,synthetic://sih26103/PAI-04254,2026-04-30,synthetic_v1
SRC-04255,Synthetic monitoring record PAI-04255,synthetic://sih26103/PAI-04255,2026-04-30,synthetic_v1
SRC-04256,Synthetic monitoring record PAI-04256,synthetic://sih26103/PAI-04256,2026-04-30,synthetic_v1
SRC-04257,Synthetic monitoring record PAI-04257,synthetic://sih26103/PAI-04257,2026-04-30,synthetic_v1
SRC-04258,Synthetic monitoring record PAI-04258,synthetic://sih26103/PAI-04258,2026-04-30,synthetic_v1
SRC-04259,Synthetic monitoring record PAI-04259,synthetic://sih26103/PAI-04259,2026-04-30,synthetic_v1
SRC-04260,Synthetic monitoring record PAI-04260,synthetic://sih26103/PAI-04260,2026-04-30,synthetic_v1
SRC-04261,Synthetic monitoring record PAI-04261,synthetic://sih26103/PAI-04261,2026-04-30,synthetic_v1
SRC-04262,Synthetic monitoring record PAI-04262,synthetic://sih26103/PAI-04262,2026-04-30,synthetic_v1
SRC-04263,Synthetic monitoring record PAI-04263,synthetic://sih26103/PAI-04263,2026-04-30,synthetic_v1
SRC-04264,Synthetic monitoring record PAI-04264,synthetic://sih26103/PAI-04264,2026-04-30,synthetic_v1
SRC-04265,Synthetic monitoring record PAI-04265,synthetic://sih26103/PAI-04265,2026-04-30,synthetic_v1
SRC-04266,Synthetic monitoring record PAI-04266,synthetic://sih26103/PAI-04266,2026-04-30,synthetic_v1
SRC-04267,Synthetic monitoring record PAI-04267,synthetic://sih26103/PAI-04267,2026-04-30,synthetic_v1
SRC-04268,Synthetic monitoring record PAI-04268,synthetic://sih26103/PAI-04268,2026-04-30,synthetic_v1
SRC-04269,Synthetic monitoring record PAI-04269,synthetic://sih26103/PAI-04269,2026-04-30,synthetic_v1
SRC-04270,Synthetic monitoring record PAI-04270,synthetic://sih26103/PAI-04270,2026-04-30,synthetic_v1
SRC-04271,Synthetic monitoring record PAI-04271,synthetic://sih26103/PAI-04271,2026-04-30,synthetic_v1
SRC-04272,Synthetic monitoring record PAI-04272,synthetic://sih26103/PAI-04272,2026-04-30,synthetic_v1
SRC-04273,Synthetic monitoring record PAI-04273,synthetic://sih26103/PAI-04273,2026-04-30,synthetic_v1
SRC-04274,Synthetic monitoring record PAI-04274,synthetic://sih26103/PAI-04274,2026-04-30,synthetic_v1
SRC-04275,Synthetic monitoring record PAI-04275,synthetic://sih26103/PAI-04275,2026-04-30,synthetic_v1
SRC-04276,Synthetic monitoring record PAI-04276,synthetic://sih26103/PAI-04276,2026-04-30,synthetic_v1
SRC-04277,Synthetic monitoring record PAI-04277,synthetic://sih26103/PAI-04277,2026-04-30,synthetic_v1
SRC-04278,Synthetic monitoring record PAI-04278,synthetic://sih26103/PAI-04278,2026-04-30,synthetic_v1
SRC-04279,Synthetic monitoring record PAI-04279,synthetic://sih26103/PAI-04279,2026-04-30,synthetic_v1
SRC-04280,Synthetic monitoring record PAI-04280,synthetic://sih26103/PAI-04280,2026-04-30,synthetic_v1
SRC-04281,Synthetic monitoring record PAI-04281,synthetic://sih26103/PAI-04281,2026-04-30,synthetic_v1
SRC-04282,Synthetic monitoring record PAI-04282,synthetic://sih26103/PAI-04282,2026-04-30,synthetic_v1
SRC-04283,Synthetic monitoring record PAI-04283,synthetic://sih26103/PAI-04283,2026-04-30,synthetic_v1
SRC-04284,Synthetic monitoring record PAI-04284,synthetic://sih26103/PAI-04284,2026-04-30,synthetic_v1
SRC-04285,Synthetic monitoring record PAI-04285,synthetic://sih26103/PAI-04285,2026-04-30,synthetic_v1
SRC-04286,Synthetic monitoring record PAI-04286,synthetic://sih26103/PAI-04286,2026-04-30,synthetic_v1
SRC-04287,Synthetic monitoring record PAI-04287,synthetic://sih26103/PAI-04287,2026-04-30,synthetic_v1
SRC-04288,Synthetic monitoring record PAI-04288,synthetic://sih26103/PAI-04288,2026-04-30,synthetic_v1
SRC-04289,Synthetic monitoring record PAI-04289,synthetic://sih26103/PAI-04289,2026-04-30,synthetic_v1
SRC-04290,Synthetic monitoring record PAI-04290,synthetic://sih26103/PAI-04290,2026-04-30,synthetic_v1
SRC-04291,Synthetic monitoring record PAI-04291,synthetic://sih26103/PAI-04291,2026-04-30,synthetic_v1
SRC-04292,Synthetic monitoring record PAI-04292,synthetic://sih26103/PAI-04292,2026-04-30,synthetic_v1
SRC-04293,Synthetic monitoring record PAI-04293,synthetic://sih26103/PAI-04293,2026-04-30,synthetic_v1
SRC-04294,Synthetic monitoring record PAI-04294,synthetic://sih26103/PAI-04294,2026-04-30,synthetic_v1
SRC-04295,Synthetic monitoring record PAI-04295,synthetic://sih26103/PAI-04295,2026-04-30,synthetic_v1
SRC-04296,Synthetic monitoring record PAI-04296,synthetic://sih26103/PAI-04296,2026-04-30,synthetic_v1
SRC-04297,Synthetic monitoring record PAI-04297,synthetic://sih26103/PAI-04297,2026-04-30,synthetic_v1
SRC-04298,Synthetic monitoring record PAI-04298,synthetic://sih26103/PAI-04298,2026-04-30,synthetic_v1
SRC-04299,Synthetic monitoring record PAI-04299,synthetic://sih26103/PAI-04299,2026-04-30,synthetic_v1
SRC-04300,Synthetic monitoring record PAI-04300,synthetic://sih26103/PAI-04300,2026-04-30,synthetic_v1
SRC-04301,Synthetic monitoring record PAI-04301,synthetic://sih26103/PAI-04301,2026-04-30,synthetic_v1
SRC-04302,Synthetic monitoring record PAI-04302,synthetic://sih26103/PAI-04302,2026-04-30,synthetic_v1
SRC-04303,Synthetic monitoring record PAI-04303,synthetic://sih26103/PAI-04303,2026-04-30,synthetic_v1
SRC-04304,Synthetic monitoring record PAI-04304,synthetic://sih26103/PAI-04304,2026-04-30,synthetic_v1
SRC-04305,Synthetic monitoring record PAI-04305,synthetic://sih26103/PAI-04305,2026-04-30,synthetic_v1
SRC-04306,Synthetic monitoring record PAI-04306,synthetic://sih26103/PAI-04306,2026-04-30,synthetic_v1
SRC-04307,Synthetic monitoring record PAI-04307,synthetic://sih26103/PAI-04307,2026-04-30,synthetic_v1
SRC-04308,Synthetic monitoring record PAI-04308,synthetic://sih26103/PAI-04308,2026-04-30,synthetic_v1
SRC-04309,Synthetic monitoring record PAI-04309,synthetic://sih26103/PAI-04309,2026-04-30,synthetic_v1
SRC-04310,Synthetic monitoring record PAI-04310,synthetic://sih26103/PAI-04310,2026-04-30,synthetic_v1
SRC-04311,Synthetic monitoring record PAI-04311,synthetic://sih26103/PAI-04311,2026-04-30,synthetic_v1
SRC-04312,Synthetic monitoring record PAI-04312,synthetic://sih26103/PAI-04312,2026-04-30,synthetic_v1
SRC-04313,Synthetic monitoring record PAI-04313,synthetic://sih26103/PAI-04313,2026-04-30,synthetic_v1
SRC-04314,Synthetic monitoring record PAI-04314,synthetic://sih26103/PAI-04314,2026-04-30,synthetic_v1
SRC-04315,Synthetic monitoring record PAI-04315,synthetic://sih26103/PAI-04315,2026-04-30,synthetic_v1
SRC-04316,Synthetic monitoring record PAI-04316,synthetic://sih26103/PAI-04316,2026-04-30,synthetic_v1
SRC-04317,Synthetic monitoring record PAI-04317,synthetic://sih26103/PAI-04317,2026-04-30,synthetic_v1
SRC-04318,Synthetic monitoring record PAI-04318,synthetic://sih26103/PAI-04318,2026-04-30,synthetic_v1
SRC-04319,Synthetic monitoring record PAI-04319,synthetic://sih26103/PAI-04319,2026-04-30,synthetic_v1
SRC-04320,Synthetic monitoring record PAI-04320,synthetic://sih26103/PAI-04320,2026-04-30,synthetic_v1
SRC-04321,Synthetic monitoring record PAI-04321,synthetic://sih26103/PAI-04321,2026-04-30,synthetic_v1
SRC-04322,Synthetic monitoring record PAI-04322,synthetic://sih26103/PAI-04322,2026-04-30,synthetic_v1
SRC-04323,Synthetic monitoring record PAI-04323,synthetic://sih26103/PAI-04323,2026-04-30,synthetic_v1
SRC-04324,Synthetic monitoring record PAI-04324,synthetic://sih26103/PAI-04324,2026-04-30,synthetic_v1
SRC-04325,Synthetic monitoring record PAI-04325,synthetic://sih26103/PAI-04325,2026-04-30,synthetic_v1
SRC-04326,Synthetic monitoring record PAI-04326,synthetic://sih26103/PAI-04326,2026-04-30,synthetic_v1
SRC-04327,Synthetic monitoring record PAI-04327,synthetic://sih26103/PAI-04327,2026-04-30,synthetic_v1
SRC-04328,Synthetic monitoring record PAI-04328,synthetic://sih26103/PAI-04328,2026-04-30,synthetic_v1
SRC-04329,Synthetic monitoring record PAI-04329,synthetic://sih26103/PAI-04329,2026-04-30,synthetic_v1
SRC-04330,Synthetic monitoring record PAI-04330,synthetic://sih26103/PAI-04330,2026-04-30,synthetic_v1
SRC-04331,Synthetic monitoring record PAI-04331,synthetic://sih26103/PAI-04331,2026-04-30,synthetic_v1
SRC-04332,Synthetic monitoring record PAI-04332,synthetic://sih26103/PAI-04332,2026-04-30,synthetic_v1
SRC-04333,Synthetic monitoring record PAI-04333,synthetic://sih26103/PAI-04333,2026-04-30,synthetic_v1
SRC-04334,Synthetic monitoring record PAI-04334,synthetic://sih26103/PAI-04334,2026-04-30,synthetic_v1
SRC-04335,Synthetic monitoring record PAI-04335,synthetic://sih26103/PAI-04335,2026-04-30,synthetic_v1
SRC-04336,Synthetic monitoring record PAI-04336,synthetic://sih26103/PAI-04336,2026-04-30,synthetic_v1
SRC-04337,Synthetic monitoring record PAI-04337,synthetic://sih26103/PAI-04337,2026-04-30,synthetic_v1
SRC-04338,Synthetic monitoring record PAI-04338,synthetic://sih26103/PAI-04338,2026-04-30,synthetic_v1
SRC-04339,Synthetic monitoring record PAI-04339,synthetic://sih26103/PAI-04339,2026-04-30,synthetic_v1
SRC-04340,Synthetic monitoring record PAI-04340,synthetic://sih26103/PAI-04340,2026-04-30,synthetic_v1
SRC-04341,Synthetic monitoring record PAI-04341,synthetic://sih26103/PAI-04341,2026-04-30,synthetic_v1
SRC-04342,Synthetic monitoring record PAI-04342,synthetic://sih26103/PAI-04342,2026-04-30,synthetic_v1
SRC-04343,Synthetic monitoring record PAI-04343,synthetic://sih26103/PAI-04343,2026-04-30,synthetic_v1
SRC-04344,Synthetic monitoring record PAI-04344,synthetic://sih26103/PAI-04344,2026-04-30,synthetic_v1
SRC-04345,Synthetic monitoring record PAI-04345,synthetic://sih26103/PAI-04345,2026-04-30,synthetic_v1
SRC-04346,Synthetic monitoring record PAI-04346,synthetic://sih26103/PAI-04346,2026-04-30,synthetic_v1
SRC-04347,Synthetic monitoring record PAI-04347,synthetic://sih26103/PAI-04347,2026-04-30,synthetic_v1
SRC-04348,Synthetic monitoring record PAI-04348,synthetic://sih26103/PAI-04348,2026-04-30,synthetic_v1
SRC-04349,Synthetic monitoring record PAI-04349,synthetic://sih26103/PAI-04349,2026-04-30,synthetic_v1
SRC-04350,Synthetic monitoring record PAI-04350,synthetic://sih26103/PAI-04350,2026-04-30,synthetic_v1
SRC-04351,Synthetic monitoring record PAI-04351,synthetic://sih26103/PAI-04351,2026-04-30,synthetic_v1
SRC-04352,Synthetic monitoring record PAI-04352,synthetic://sih26103/PAI-04352,2026-04-30,synthetic_v1
SRC-04353,Synthetic monitoring record PAI-04353,synthetic://sih26103/PAI-04353,2026-04-30,synthetic_v1
SRC-04354,Synthetic monitoring record PAI-04354,synthetic://sih26103/PAI-04354,2026-04-30,synthetic_v1
SRC-04355,Synthetic monitoring record PAI-04355,synthetic://sih26103/PAI-04355,2026-04-30,synthetic_v1
SRC-04356,Synthetic monitoring record PAI-04356,synthetic://sih26103/PAI-04356,2026-04-30,synthetic_v1
SRC-04357,Synthetic monitoring record PAI-04357,synthetic://sih26103/PAI-04357,2026-04-30,synthetic_v1
SRC-04358,Synthetic monitoring record PAI-04358,synthetic://sih26103/PAI-04358,2026-04-30,synthetic_v1
SRC-04359,Synthetic monitoring record PAI-04359,synthetic://sih26103/PAI-04359,2026-04-30,synthetic_v1
SRC-04360,Synthetic monitoring record PAI-04360,synthetic://sih26103/PAI-04360,2026-04-30,synthetic_v1
SRC-04361,Synthetic monitoring record PAI-04361,synthetic://sih26103/PAI-04361,2026-04-30,synthetic_v1
SRC-04362,Synthetic monitoring record PAI-04362,synthetic://sih26103/PAI-04362,2026-04-30,synthetic_v1
SRC-04363,Synthetic monitoring record PAI-04363,synthetic://sih26103/PAI-04363,2026-04-30,synthetic_v1
SRC-04364,Synthetic monitoring record PAI-04364,synthetic://sih26103/PAI-04364,2026-04-30,synthetic_v1
SRC-04365,Synthetic monitoring record PAI-04365,synthetic://sih26103/PAI-04365,2026-04-30,synthetic_v1
SRC-04366,Synthetic monitoring record PAI-04366,synthetic://sih26103/PAI-04366,2026-04-30,synthetic_v1
SRC-04367,Synthetic monitoring record PAI-04367,synthetic://sih26103/PAI-04367,2026-04-30,synthetic_v1
SRC-04368,Synthetic monitoring record PAI-04368,synthetic://sih26103/PAI-04368,2026-04-30,synthetic_v1
SRC-04369,Synthetic monitoring record PAI-04369,synthetic://sih26103/PAI-04369,2026-04-30,synthetic_v1
SRC-04370,Synthetic monitoring record PAI-04370,synthetic://sih26103/PAI-04370,2026-04-30,synthetic_v1
SRC-04371,Synthetic monitoring record PAI-04371,synthetic://sih26103/PAI-04371,2026-04-30,synthetic_v1
SRC-04372,Synthetic monitoring record PAI-04372,synthetic://sih26103/PAI-04372,2026-04-30,synthetic_v1
SRC-04373,Synthetic monitoring record PAI-04373,synthetic://sih26103/PAI-04373,2026-04-30,synthetic_v1
SRC-04374,Synthetic monitoring record PAI-04374,synthetic://sih26103/PAI-04374,2026-04-30,synthetic_v1
SRC-04375,Synthetic monitoring record PAI-04375,synthetic://sih26103/PAI-04375,2026-04-30,synthetic_v1
SRC-04376,Synthetic monitoring record PAI-04376,synthetic://sih26103/PAI-04376,2026-04-30,synthetic_v1
SRC-04377,Synthetic monitoring record PAI-04377,synthetic://sih26103/PAI-04377,2026-04-30,synthetic_v1
SRC-04378,Synthetic monitoring record PAI-04378,synthetic://sih26103/PAI-04378,2026-04-30,synthetic_v1
SRC-04379,Synthetic monitoring record PAI-04379,synthetic://sih26103/PAI-04379,2026-04-30,synthetic_v1
SRC-04380,Synthetic monitoring record PAI-04380,synthetic://sih26103/PAI-04380,2026-04-30,synthetic_v1
SRC-04381,Synthetic monitoring record PAI-04381,synthetic://sih26103/PAI-04381,2026-04-30,synthetic_v1
SRC-04382,Synthetic monitoring record PAI-04382,synthetic://sih26103/PAI-04382,2026-04-30,synthetic_v1
SRC-04383,Synthetic monitoring record PAI-04383,synthetic://sih26103/PAI-04383,2026-04-30,synthetic_v1
SRC-04384,Synthetic monitoring record PAI-04384,synthetic://sih26103/PAI-04384,2026-04-30,synthetic_v1
SRC-04385,Synthetic monitoring record PAI-04385,synthetic://sih26103/PAI-04385,2026-04-30,synthetic_v1
SRC-04386,Synthetic monitoring record PAI-04386,synthetic://sih26103/PAI-04386,2026-04-30,synthetic_v1
SRC-04387,Synthetic monitoring record PAI-04387,synthetic://sih26103/PAI-04387,2026-04-30,synthetic_v1
SRC-04388,Synthetic monitoring record PAI-04388,synthetic://sih26103/PAI-04388,2026-04-30,synthetic_v1
SRC-04389,Synthetic monitoring record PAI-04389,synthetic://sih26103/PAI-04389,2026-04-30,synthetic_v1
SRC-04390,Synthetic monitoring record PAI-04390,synthetic://sih26103/PAI-04390,2026-04-30,synthetic_v1
SRC-04391,Synthetic monitoring record PAI-04391,synthetic://sih26103/PAI-04391,2026-04-30,synthetic_v1
SRC-04392,Synthetic monitoring record PAI-04392,synthetic://sih26103/PAI-04392,2026-04-30,synthetic_v1
SRC-04393,Synthetic monitoring record PAI-04393,synthetic://sih26103/PAI-04393,2026-04-30,synthetic_v1
SRC-04394,Synthetic monitoring record PAI-04394,synthetic://sih26103/PAI-04394,2026-04-30,synthetic_v1
SRC-04395,Synthetic monitoring record PAI-04395,synthetic://sih26103/PAI-04395,2026-04-30,synthetic_v1
SRC-04396,Synthetic monitoring record PAI-04396,synthetic://sih26103/PAI-04396,2026-04-30,synthetic_v1
SRC-04397,Synthetic monitoring record PAI-04397,synthetic://sih26103/PAI-04397,2026-04-30,synthetic_v1
SRC-04398,Synthetic monitoring record PAI-04398,synthetic://sih26103/PAI-04398,2026-04-30,synthetic_v1
SRC-04399,Synthetic monitoring record PAI-04399,synthetic://sih26103/PAI-04399,2026-04-30,synthetic_v1
SRC-04400,Synthetic monitoring record PAI-04400,synthetic://sih26103/PAI-04400,2026-04-30,synthetic_v1
SRC-04401,Synthetic monitoring record PAI-04401,synthetic://sih26103/PAI-04401,2026-04-30,synthetic_v1
SRC-04402,Synthetic monitoring record PAI-04402,synthetic://sih26103/PAI-04402,2026-04-30,synthetic_v1
SRC-04403,Synthetic monitoring record PAI-04403,synthetic://sih26103/PAI-04403,2026-04-30,synthetic_v1
SRC-04404,Synthetic monitoring record PAI-04404,synthetic://sih26103/PAI-04404,2026-04-30,synthetic_v1
SRC-04405,Synthetic monitoring record PAI-04405,synthetic://sih26103/PAI-04405,2026-04-30,synthetic_v1
SRC-04406,Synthetic monitoring record PAI-04406,synthetic://sih26103/PAI-04406,2026-04-30,synthetic_v1
SRC-04407,Synthetic monitoring record PAI-04407,synthetic://sih26103/PAI-04407,2026-04-30,synthetic_v1
SRC-04408,Synthetic monitoring record PAI-04408,synthetic://sih26103/PAI-04408,2026-04-30,synthetic_v1
SRC-04409,Synthetic monitoring record PAI-04409,synthetic://sih26103/PAI-04409,2026-04-30,synthetic_v1
SRC-04410,Synthetic monitoring record PAI-04410,synthetic://sih26103/PAI-04410,2026-04-30,synthetic_v1
SRC-04411,Synthetic monitoring record PAI-04411,synthetic://sih26103/PAI-04411,2026-04-30,synthetic_v1
SRC-04412,Synthetic monitoring record PAI-04412,synthetic://sih26103/PAI-04412,2026-04-30,synthetic_v1
SRC-04413,Synthetic monitoring record PAI-04413,synthetic://sih26103/PAI-04413,2026-04-30,synthetic_v1
SRC-04414,Synthetic monitoring record PAI-04414,synthetic://sih26103/PAI-04414,2026-04-30,synthetic_v1
SRC-04415,Synthetic monitoring record PAI-04415,synthetic://sih26103/PAI-04415,2026-04-30,synthetic_v1
SRC-04416,Synthetic monitoring record PAI-04416,synthetic://sih26103/PAI-04416,2026-04-30,synthetic_v1
SRC-04417,Synthetic monitoring record PAI-04417,synthetic://sih26103/PAI-04417,2026-04-30,synthetic_v1
SRC-04418,Synthetic monitoring record PAI-04418,synthetic://sih26103/PAI-04418,2026-04-30,synthetic_v1
SRC-04419,Synthetic monitoring record PAI-04419,synthetic://sih26103/PAI-04419,2026-04-30,synthetic_v1
SRC-04420,Synthetic monitoring record PAI-04420,synthetic://sih26103/PAI-04420,2026-04-30,synthetic_v1
SRC-04421,Synthetic monitoring record PAI-04421,synthetic://sih26103/PAI-04421,2026-04-30,synthetic_v1
SRC-04422,Synthetic monitoring record PAI-04422,synthetic://sih26103/PAI-04422,2026-04-30,synthetic_v1
SRC-04423,Synthetic monitoring record PAI-04423,synthetic://sih26103/PAI-04423,2026-04-30,synthetic_v1
SRC-04424,Synthetic monitoring record PAI-04424,synthetic://sih26103/PAI-04424,2026-04-30,synthetic_v1
SRC-04425,Synthetic monitoring record PAI-04425,synthetic://sih26103/PAI-04425,2026-04-30,synthetic_v1
SRC-04426,Synthetic monitoring record PAI-04426,synthetic://sih26103/PAI-04426,2026-04-30,synthetic_v1
SRC-04427,Synthetic monitoring record PAI-04427,synthetic://sih26103/PAI-04427,2026-04-30,synthetic_v1
SRC-04428,Synthetic monitoring record PAI-04428,synthetic://sih26103/PAI-04428,2026-04-30,synthetic_v1
SRC-04429,Synthetic monitoring record PAI-04429,synthetic://sih26103/PAI-04429,2026-04-30,synthetic_v1
SRC-04430,Synthetic monitoring record PAI-04430,synthetic://sih26103/PAI-04430,2026-04-30,synthetic_v1
SRC-04431,Synthetic monitoring record PAI-04431,synthetic://sih26103/PAI-04431,2026-04-30,synthetic_v1
SRC-04432,Synthetic monitoring record PAI-04432,synthetic://sih26103/PAI-04432,2026-04-30,synthetic_v1
SRC-04433,Synthetic monitoring record PAI-04433,synthetic://sih26103/PAI-04433,2026-04-30,synthetic_v1
SRC-04434,Synthetic monitoring record PAI-04434,synthetic://sih26103/PAI-04434,2026-04-30,synthetic_v1
SRC-04435,Synthetic monitoring record PAI-04435,synthetic://sih26103/PAI-04435,2026-04-30,synthetic_v1
SRC-04436,Synthetic monitoring record PAI-04436,synthetic://sih26103/PAI-04436,2026-04-30,synthetic_v1
SRC-04437,Synthetic monitoring record PAI-04437,synthetic://sih26103/PAI-04437,2026-04-30,synthetic_v1
SRC-04438,Synthetic monitoring record PAI-04438,synthetic://sih26103/PAI-04438,2026-04-30,synthetic_v1
SRC-04439,Synthetic monitoring record PAI-04439,synthetic://sih26103/PAI-04439,2026-04-30,synthetic_v1
SRC-04440,Synthetic monitoring record PAI-04440,synthetic://sih26103/PAI-04440,2026-04-30,synthetic_v1
SRC-04441,Synthetic monitoring record PAI-04441,synthetic://sih26103/PAI-04441,2026-04-30,synthetic_v1
SRC-04442,Synthetic monitoring record PAI-04442,synthetic://sih26103/PAI-04442,2026-04-30,synthetic_v1
SRC-04443,Synthetic monitoring record PAI-04443,synthetic://sih26103/PAI-04443,2026-04-30,synthetic_v1
SRC-04444,Synthetic monitoring record PAI-04444,synthetic://sih26103/PAI-04444,2026-04-30,synthetic_v1
SRC-04445,Synthetic monitoring record PAI-04445,synthetic://sih26103/PAI-04445,2026-04-30,synthetic_v1
SRC-04446,Synthetic monitoring record PAI-04446,synthetic://sih26103/PAI-04446,2026-04-30,synthetic_v1
SRC-04447,Synthetic monitoring record PAI-04447,synthetic://sih26103/PAI-04447,2026-04-30,synthetic_v1
SRC-04448,Synthetic monitoring record PAI-04448,synthetic://sih26103/PAI-04448,2026-04-30,synthetic_v1
SRC-04449,Synthetic monitoring record PAI-04449,synthetic://sih26103/PAI-04449,2026-04-30,synthetic_v1
SRC-04450,Synthetic monitoring record PAI-04450,synthetic://sih26103/PAI-04450,2026-04-30,synthetic_v1
SRC-04451,Synthetic monitoring record PAI-04451,synthetic://sih26103/PAI-04451,2026-04-30,synthetic_v1
SRC-04452,Synthetic monitoring record PAI-04452,synthetic://sih26103/PAI-04452,2026-04-30,synthetic_v1
SRC-04453,Synthetic monitoring record PAI-04453,synthetic://sih26103/PAI-04453,2026-04-30,synthetic_v1
SRC-04454,Synthetic monitoring record PAI-04454,synthetic://sih26103/PAI-04454,2026-04-30,synthetic_v1
SRC-04455,Synthetic monitoring record PAI-04455,synthetic://sih26103/PAI-04455,2026-04-30,synthetic_v1
SRC-04456,Synthetic monitoring record PAI-04456,synthetic://sih26103/PAI-04456,2026-04-30,synthetic_v1
SRC-04457,Synthetic monitoring record PAI-04457,synthetic://sih26103/PAI-04457,2026-04-30,synthetic_v1
SRC-04458,Synthetic monitoring record PAI-04458,synthetic://sih26103/PAI-04458,2026-04-30,synthetic_v1
SRC-04459,Synthetic monitoring record PAI-04459,synthetic://sih26103/PAI-04459,2026-04-30,synthetic_v1
SRC-04460,Synthetic monitoring record PAI-04460,synthetic://sih26103/PAI-04460,2026-04-30,synthetic_v1
SRC-04461,Synthetic monitoring record PAI-04461,synthetic://sih26103/PAI-04461,2026-04-30,synthetic_v1
SRC-04462,Synthetic monitoring record PAI-04462,synthetic://sih26103/PAI-04462,2026-04-30,synthetic_v1
SRC-04463,Synthetic monitoring record PAI-04463,synthetic://sih26103/PAI-04463,2026-04-30,synthetic_v1
SRC-04464,Synthetic monitoring record PAI-04464,synthetic://sih26103/PAI-04464,2026-04-30,synthetic_v1
SRC-04465,Synthetic monitoring record PAI-04465,synthetic://sih26103/PAI-04465,2026-04-30,synthetic_v1
SRC-04466,Synthetic monitoring record PAI-04466,synthetic://sih26103/PAI-04466,2026-04-30,synthetic_v1
SRC-04467,Synthetic monitoring record PAI-04467,synthetic://sih26103/PAI-04467,2026-04-30,synthetic_v1
SRC-04468,Synthetic monitoring record PAI-04468,synthetic://sih26103/PAI-04468,2026-04-30,synthetic_v1
SRC-04469,Synthetic monitoring record PAI-04469,synthetic://sih26103/PAI-04469,2026-04-30,synthetic_v1
SRC-04470,Synthetic monitoring record PAI-04470,synthetic://sih26103/PAI-04470,2026-04-30,synthetic_v1
SRC-04471,Synthetic monitoring record PAI-04471,synthetic://sih26103/PAI-04471,2026-04-30,synthetic_v1
SRC-04472,Synthetic monitoring record PAI-04472,synthetic://sih26103/PAI-04472,2026-04-30,synthetic_v1
SRC-04473,Synthetic monitoring record PAI-04473,synthetic://sih26103/PAI-04473,2026-04-30,synthetic_v1
SRC-04474,Synthetic monitoring record PAI-04474,synthetic://sih26103/PAI-04474,2026-04-30,synthetic_v1
SRC-04475,Synthetic monitoring record PAI-04475,synthetic://sih26103/PAI-04475,2026-04-30,synthetic_v1
SRC-04476,Synthetic monitoring record PAI-04476,synthetic://sih26103/PAI-04476,2026-04-30,synthetic_v1
SRC-04477,Synthetic monitoring record PAI-04477,synthetic://sih26103/PAI-04477,2026-04-30,synthetic_v1
SRC-04478,Synthetic monitoring record PAI-04478,synthetic://sih26103/PAI-04478,2026-04-30,synthetic_v1
SRC-04479,Synthetic monitoring record PAI-04479,synthetic://sih26103/PAI-04479,2026-04-30,synthetic_v1
SRC-04480,Synthetic monitoring record PAI-04480,synthetic://sih26103/PAI-04480,2026-04-30,synthetic_v1
SRC-04481,Synthetic monitoring record PAI-04481,synthetic://sih26103/PAI-04481,2026-04-30,synthetic_v1
SRC-04482,Synthetic monitoring record PAI-04482,synthetic://sih26103/PAI-04482,2026-04-30,synthetic_v1
SRC-04483,Synthetic monitoring record PAI-04483,synthetic://sih26103/PAI-04483,2026-04-30,synthetic_v1
SRC-04484,Synthetic monitoring record PAI-04484,synthetic://sih26103/PAI-04484,2026-04-30,synthetic_v1
SRC-04485,Synthetic monitoring record PAI-04485,synthetic://sih26103/PAI-04485,2026-04-30,synthetic_v1
SRC-04486,Synthetic monitoring record PAI-04486,synthetic://sih26103/PAI-04486,2026-04-30,synthetic_v1
SRC-04487,Synthetic monitoring record PAI-04487,synthetic://sih26103/PAI-04487,2026-04-30,synthetic_v1
SRC-04488,Synthetic monitoring record PAI-04488,synthetic://sih26103/PAI-04488,2026-04-30,synthetic_v1
SRC-04489,Synthetic monitoring record PAI-04489,synthetic://sih26103/PAI-04489,2026-04-30,synthetic_v1
SRC-04490,Synthetic monitoring record PAI-04490,synthetic://sih26103/PAI-04490,2026-04-30,synthetic_v1
SRC-04491,Synthetic monitoring record PAI-04491,synthetic://sih26103/PAI-04491,2026-04-30,synthetic_v1
SRC-04492,Synthetic monitoring record PAI-04492,synthetic://sih26103/PAI-04492,2026-04-30,synthetic_v1
SRC-04493,Synthetic monitoring record PAI-04493,synthetic://sih26103/PAI-04493,2026-04-30,synthetic_v1
SRC-04494,Synthetic monitoring record PAI-04494,synthetic://sih26103/PAI-04494,2026-04-30,synthetic_v1
SRC-04495,Synthetic monitoring record PAI-04495,synthetic://sih26103/PAI-04495,2026-04-30,synthetic_v1
SRC-04496,Synthetic monitoring record PAI-04496,synthetic://sih26103/PAI-04496,2026-04-30,synthetic_v1
SRC-04497,Synthetic monitoring record PAI-04497,synthetic://sih26103/PAI-04497,2026-04-30,synthetic_v1
SRC-04498,Synthetic monitoring record PAI-04498,synthetic://sih26103/PAI-04498,2026-04-30,synthetic_v1
SRC-04499,Synthetic monitoring record PAI-04499,synthetic://sih26103/PAI-04499,2026-04-30,synthetic_v1
SRC-04500,Synthetic monitoring record PAI-04500,synthetic://sih26103/PAI-04500,2026-04-30,synthetic_v1
SRC-04501,Synthetic monitoring record PAI-04501,synthetic://sih26103/PAI-04501,2026-04-30,synthetic_v1
SRC-04502,Synthetic monitoring record PAI-04502,synthetic://sih26103/PAI-04502,2026-04-30,synthetic_v1
SRC-04503,Synthetic monitoring record PAI-04503,synthetic://sih26103/PAI-04503,2026-04-30,synthetic_v1
SRC-04504,Synthetic monitoring record PAI-04504,synthetic://sih26103/PAI-04504,2026-04-30,synthetic_v1
SRC-04505,Synthetic monitoring record PAI-04505,synthetic://sih26103/PAI-04505,2026-04-30,synthetic_v1
SRC-04506,Synthetic monitoring record PAI-04506,synthetic://sih26103/PAI-04506,2026-04-30,synthetic_v1
SRC-04507,Synthetic monitoring record PAI-04507,synthetic://sih26103/PAI-04507,2026-04-30,synthetic_v1
SRC-04508,Synthetic monitoring record PAI-04508,synthetic://sih26103/PAI-04508,2026-04-30,synthetic_v1
SRC-04509,Synthetic monitoring record PAI-04509,synthetic://sih26103/PAI-04509,2026-04-30,synthetic_v1
SRC-04510,Synthetic monitoring record PAI-04510,synthetic://sih26103/PAI-04510,2026-04-30,synthetic_v1
SRC-04511,Synthetic monitoring record PAI-04511,synthetic://sih26103/PAI-04511,2026-04-30,synthetic_v1
SRC-04512,Synthetic monitoring record PAI-04512,synthetic://sih26103/PAI-04512,2026-04-30,synthetic_v1
SRC-04513,Synthetic monitoring record PAI-04513,synthetic://sih26103/PAI-04513,2026-04-30,synthetic_v1
SRC-04514,Synthetic monitoring record PAI-04514,synthetic://sih26103/PAI-04514,2026-04-30,synthetic_v1
SRC-04515,Synthetic monitoring record PAI-04515,synthetic://sih26103/PAI-04515,2026-04-30,synthetic_v1
SRC-04516,Synthetic monitoring record PAI-04516,synthetic://sih26103/PAI-04516,2026-04-30,synthetic_v1
SRC-04517,Synthetic monitoring record PAI-04517,synthetic://sih26103/PAI-04517,2026-04-30,synthetic_v1
SRC-04518,Synthetic monitoring record PAI-04518,synthetic://sih26103/PAI-04518,2026-04-30,synthetic_v1
SRC-04519,Synthetic monitoring record PAI-04519,synthetic://sih26103/PAI-04519,2026-04-30,synthetic_v1
SRC-04520,Synthetic monitoring record PAI-04520,synthetic://sih26103/PAI-04520,2026-04-30,synthetic_v1
SRC-04521,Synthetic monitoring record PAI-04521,synthetic://sih26103/PAI-04521,2026-04-30,synthetic_v1
SRC-04522,Synthetic monitoring record PAI-04522,synthetic://sih26103/PAI-04522,2026-04-30,synthetic_v1
SRC-04523,Synthetic monitoring record PAI-04523,synthetic://sih26103/PAI-04523,2026-04-30,synthetic_v1
SRC-04524,Synthetic monitoring record PAI-04524,synthetic://sih26103/PAI-04524,2026-04-30,synthetic_v1
SRC-04525,Synthetic monitoring record PAI-04525,synthetic://sih26103/PAI-04525,2026-04-30,synthetic_v1
SRC-04526,Synthetic monitoring record PAI-04526,synthetic://sih26103/PAI-04526,2026-04-30,synthetic_v1
SRC-04527,Synthetic monitoring record PAI-04527,synthetic://sih26103/PAI-04527,2026-04-30,synthetic_v1
SRC-04528,Synthetic monitoring record PAI-04528,synthetic://sih26103/PAI-04528,2026-04-30,synthetic_v1
SRC-04529,Synthetic monitoring record PAI-04529,synthetic://sih26103/PAI-04529,2026-04-30,synthetic_v1
SRC-04530,Synthetic monitoring record PAI-04530,synthetic://sih26103/PAI-04530,2026-04-30,synthetic_v1
SRC-04531,Synthetic monitoring record PAI-04531,synthetic://sih26103/PAI-04531,2026-04-30,synthetic_v1
SRC-04532,Synthetic monitoring record PAI-04532,synthetic://sih26103/PAI-04532,2026-04-30,synthetic_v1
SRC-04533,Synthetic monitoring record PAI-04533,synthetic://sih26103/PAI-04533,2026-04-30,synthetic_v1
SRC-04534,Synthetic monitoring record PAI-04534,synthetic://sih26103/PAI-04534,2026-04-30,synthetic_v1
SRC-04535,Synthetic monitoring record PAI-04535,synthetic://sih26103/PAI-04535,2026-04-30,synthetic_v1
SRC-04536,Synthetic monitoring record PAI-04536,synthetic://sih26103/PAI-04536,2026-04-30,synthetic_v1
SRC-04537,Synthetic monitoring record PAI-04537,synthetic://sih26103/PAI-04537,2026-04-30,synthetic_v1
SRC-04538,Synthetic monitoring record PAI-04538,synthetic://sih26103/PAI-04538,2026-04-30,synthetic_v1
SRC-04539,Synthetic monitoring record PAI-04539,synthetic://sih26103/PAI-04539,2026-04-30,synthetic_v1
SRC-04540,Synthetic monitoring record PAI-04540,synthetic://sih26103/PAI-04540,2026-04-30,synthetic_v1
SRC-04541,Synthetic monitoring record PAI-04541,synthetic://sih26103/PAI-04541,2026-04-30,synthetic_v1
SRC-04542,Synthetic monitoring record PAI-04542,synthetic://sih26103/PAI-04542,2026-04-30,synthetic_v1
SRC-04543,Synthetic monitoring record PAI-04543,synthetic://sih26103/PAI-04543,2026-04-30,synthetic_v1
SRC-04544,Synthetic monitoring record PAI-04544,synthetic://sih26103/PAI-04544,2026-04-30,synthetic_v1
SRC-04545,Synthetic monitoring record PAI-04545,synthetic://sih26103/PAI-04545,2026-04-30,synthetic_v1
SRC-04546,Synthetic monitoring record PAI-04546,synthetic://sih26103/PAI-04546,2026-04-30,synthetic_v1
SRC-04547,Synthetic monitoring record PAI-04547,synthetic://sih26103/PAI-04547,2026-04-30,synthetic_v1
SRC-04548,Synthetic monitoring record PAI-04548,synthetic://sih26103/PAI-04548,2026-04-30,synthetic_v1
SRC-04549,Synthetic monitoring record PAI-04549,synthetic://sih26103/PAI-04549,2026-04-30,synthetic_v1
SRC-04550,Synthetic monitoring record PAI-04550,synthetic://sih26103/PAI-04550,2026-04-30,synthetic_v1
SRC-04551,Synthetic monitoring record PAI-04551,synthetic://sih26103/PAI-04551,2026-04-30,synthetic_v1
SRC-04552,Synthetic monitoring record PAI-04552,synthetic://sih26103/PAI-04552,2026-04-30,synthetic_v1
SRC-04553,Synthetic monitoring record PAI-04553,synthetic://sih26103/PAI-04553,2026-04-30,synthetic_v1
SRC-04554,Synthetic monitoring record PAI-04554,synthetic://sih26103/PAI-04554,2026-04-30,synthetic_v1
SRC-04555,Synthetic monitoring record PAI-04555,synthetic://sih26103/PAI-04555,2026-04-30,synthetic_v1
SRC-04556,Synthetic monitoring record PAI-04556,synthetic://sih26103/PAI-04556,2026-04-30,synthetic_v1
SRC-04557,Synthetic monitoring record PAI-04557,synthetic://sih26103/PAI-04557,2026-04-30,synthetic_v1
SRC-04558,Synthetic monitoring record PAI-04558,synthetic://sih26103/PAI-04558,2026-04-30,synthetic_v1
SRC-04559,Synthetic monitoring record PAI-04559,synthetic://sih26103/PAI-04559,2026-04-30,synthetic_v1
SRC-04560,Synthetic monitoring record PAI-04560,synthetic://sih26103/PAI-04560,2026-04-30,synthetic_v1
SRC-04561,Synthetic monitoring record PAI-04561,synthetic://sih26103/PAI-04561,2026-04-30,synthetic_v1
SRC-04562,Synthetic monitoring record PAI-04562,synthetic://sih26103/PAI-04562,2026-04-30,synthetic_v1
SRC-04563,Synthetic monitoring record PAI-04563,synthetic://sih26103/PAI-04563,2026-04-30,synthetic_v1
SRC-04564,Synthetic monitoring record PAI-04564,synthetic://sih26103/PAI-04564,2026-04-30,synthetic_v1
SRC-04565,Synthetic monitoring record PAI-04565,synthetic://sih26103/PAI-04565,2026-04-30,synthetic_v1
SRC-04566,Synthetic monitoring record PAI-04566,synthetic://sih26103/PAI-04566,2026-04-30,synthetic_v1
SRC-04567,Synthetic monitoring record PAI-04567,synthetic://sih26103/PAI-04567,2026-04-30,synthetic_v1
SRC-04568,Synthetic monitoring record PAI-04568,synthetic://sih26103/PAI-04568,2026-04-30,synthetic_v1
SRC-04569,Synthetic monitoring record PAI-04569,synthetic://sih26103/PAI-04569,2026-04-30,synthetic_v1
SRC-04570,Synthetic monitoring record PAI-04570,synthetic://sih26103/PAI-04570,2026-04-30,synthetic_v1
SRC-04571,Synthetic monitoring record PAI-04571,synthetic://sih26103/PAI-04571,2026-04-30,synthetic_v1
SRC-04572,Synthetic monitoring record PAI-04572,synthetic://sih26103/PAI-04572,2026-04-30,synthetic_v1
SRC-04573,Synthetic monitoring record PAI-04573,synthetic://sih26103/PAI-04573,2026-04-30,synthetic_v1
SRC-04574,Synthetic monitoring record PAI-04574,synthetic://sih26103/PAI-04574,2026-04-30,synthetic_v1
SRC-04575,Synthetic monitoring record PAI-04575,synthetic://sih26103/PAI-04575,2026-04-30,synthetic_v1
SRC-04576,Synthetic monitoring record PAI-04576,synthetic://sih26103/PAI-04576,2026-04-30,synthetic_v1
SRC-04577,Synthetic monitoring record PAI-04577,synthetic://sih26103/PAI-04577,2026-04-30,synthetic_v1
SRC-04578,Synthetic monitoring record PAI-04578,synthetic://sih26103/PAI-04578,2026-04-30,synthetic_v1
SRC-04579,Synthetic monitoring record PAI-04579,synthetic://sih26103/PAI-04579,2026-04-30,synthetic_v1
SRC-04580,Synthetic monitoring record PAI-04580,synthetic://sih26103/PAI-04580,2026-04-30,synthetic_v1
SRC-04581,Synthetic monitoring record PAI-04581,synthetic://sih26103/PAI-04581,2026-04-30,synthetic_v1
SRC-04582,Synthetic monitoring record PAI-04582,synthetic://sih26103/PAI-04582,2026-04-30,synthetic_v1
SRC-04583,Synthetic monitoring record PAI-04583,synthetic://sih26103/PAI-04583,2026-04-30,synthetic_v1
SRC-04584,Synthetic monitoring record PAI-04584,synthetic://sih26103/PAI-04584,2026-04-30,synthetic_v1
SRC-04585,Synthetic monitoring record PAI-04585,synthetic://sih26103/PAI-04585,2026-04-30,synthetic_v1
SRC-04586,Synthetic monitoring record PAI-04586,synthetic://sih26103/PAI-04586,2026-04-30,synthetic_v1
SRC-04587,Synthetic monitoring record PAI-04587,synthetic://sih26103/PAI-04587,2026-04-30,synthetic_v1
SRC-04588,Synthetic monitoring record PAI-04588,synthetic://sih26103/PAI-04588,2026-04-30,synthetic_v1
SRC-04589,Synthetic monitoring record PAI-04589,synthetic://sih26103/PAI-04589,2026-04-30,synthetic_v1
SRC-04590,Synthetic monitoring record PAI-04590,synthetic://sih26103/PAI-04590,2026-04-30,synthetic_v1
SRC-04591,Synthetic monitoring record PAI-04591,synthetic://sih26103/PAI-04591,2026-04-30,synthetic_v1
SRC-04592,Synthetic monitoring record PAI-04592,synthetic://sih26103/PAI-04592,2026-04-30,synthetic_v1
SRC-04593,Synthetic monitoring record PAI-04593,synthetic://sih26103/PAI-04593,2026-04-30,synthetic_v1
SRC-04594,Synthetic monitoring record PAI-04594,synthetic://sih26103/PAI-04594,2026-04-30,synthetic_v1
SRC-04595,Synthetic monitoring record PAI-04595,synthetic://sih26103/PAI-04595,2026-04-30,synthetic_v1
SRC-04596,Synthetic monitoring record PAI-04596,synthetic://sih26103/PAI-04596,2026-04-30,synthetic_v1
SRC-04597,Synthetic monitoring record PAI-04597,synthetic://sih26103/PAI-04597,2026-04-30,synthetic_v1
SRC-04598,Synthetic monitoring record PAI-04598,synthetic://sih26103/PAI-04598,2026-04-30,synthetic_v1
SRC-04599,Synthetic monitoring record PAI-04599,synthetic://sih26103/PAI-04599,2026-04-30,synthetic_v1
SRC-04600,Synthetic monitoring record PAI-04600,synthetic://sih26103/PAI-04600,2026-04-30,synthetic_v1
SRC-04601,Synthetic monitoring record PAI-04601,synthetic://sih26103/PAI-04601,2026-04-30,synthetic_v1
SRC-04602,Synthetic monitoring record PAI-04602,synthetic://sih26103/PAI-04602,2026-04-30,synthetic_v1
SRC-04603,Synthetic monitoring record PAI-04603,synthetic://sih26103/PAI-04603,2026-04-30,synthetic_v1
SRC-04604,Synthetic monitoring record PAI-04604,synthetic://sih26103/PAI-04604,2026-04-30,synthetic_v1
SRC-04605,Synthetic monitoring record PAI-04605,synthetic://sih26103/PAI-04605,2026-04-30,synthetic_v1
SRC-04606,Synthetic monitoring record PAI-04606,synthetic://sih26103/PAI-04606,2026-04-30,synthetic_v1
SRC-04607,Synthetic monitoring record PAI-04607,synthetic://sih26103/PAI-04607,2026-04-30,synthetic_v1
SRC-04608,Synthetic monitoring record PAI-04608,synthetic://sih26103/PAI-04608,2026-04-30,synthetic_v1
SRC-04609,Synthetic monitoring record PAI-04609,synthetic://sih26103/PAI-04609,2026-04-30,synthetic_v1
SRC-04610,Synthetic monitoring record PAI-04610,synthetic://sih26103/PAI-04610,2026-04-30,synthetic_v1
SRC-04611,Synthetic monitoring record PAI-04611,synthetic://sih26103/PAI-04611,2026-04-30,synthetic_v1
SRC-04612,Synthetic monitoring record PAI-04612,synthetic://sih26103/PAI-04612,2026-04-30,synthetic_v1
SRC-04613,Synthetic monitoring record PAI-04613,synthetic://sih26103/PAI-04613,2026-04-30,synthetic_v1
SRC-04614,Synthetic monitoring record PAI-04614,synthetic://sih26103/PAI-04614,2026-04-30,synthetic_v1
SRC-04615,Synthetic monitoring record PAI-04615,synthetic://sih26103/PAI-04615,2026-04-30,synthetic_v1
SRC-04616,Synthetic monitoring record PAI-04616,synthetic://sih26103/PAI-04616,2026-04-30,synthetic_v1
SRC-04617,Synthetic monitoring record PAI-04617,synthetic://sih26103/PAI-04617,2026-04-30,synthetic_v1
SRC-04618,Synthetic monitoring record PAI-04618,synthetic://sih26103/PAI-04618,2026-04-30,synthetic_v1
SRC-04619,Synthetic monitoring record PAI-04619,synthetic://sih26103/PAI-04619,2026-04-30,synthetic_v1
SRC-04620,Synthetic monitoring record PAI-04620,synthetic://sih26103/PAI-04620,2026-04-30,synthetic_v1
SRC-04621,Synthetic monitoring record PAI-04621,synthetic://sih26103/PAI-04621,2026-04-30,synthetic_v1
SRC-04622,Synthetic monitoring record PAI-04622,synthetic://sih26103/PAI-04622,2026-04-30,synthetic_v1
SRC-04623,Synthetic monitoring record PAI-04623,synthetic://sih26103/PAI-04623,2026-04-30,synthetic_v1
SRC-04624,Synthetic monitoring record PAI-04624,synthetic://sih26103/PAI-04624,2026-04-30,synthetic_v1
SRC-04625,Synthetic monitoring record PAI-04625,synthetic://sih26103/PAI-04625,2026-04-30,synthetic_v1
SRC-04626,Synthetic monitoring record PAI-04626,synthetic://sih26103/PAI-04626,2026-04-30,synthetic_v1
SRC-04627,Synthetic monitoring record PAI-04627,synthetic://sih26103/PAI-04627,2026-04-30,synthetic_v1
SRC-04628,Synthetic monitoring record PAI-04628,synthetic://sih26103/PAI-04628,2026-04-30,synthetic_v1
SRC-04629,Synthetic monitoring record PAI-04629,synthetic://sih26103/PAI-04629,2026-04-30,synthetic_v1
SRC-04630,Synthetic monitoring record PAI-04630,synthetic://sih26103/PAI-04630,2026-04-30,synthetic_v1
SRC-04631,Synthetic monitoring record PAI-04631,synthetic://sih26103/PAI-04631,2026-04-30,synthetic_v1
SRC-04632,Synthetic monitoring record PAI-04632,synthetic://sih26103/PAI-04632,2026-04-30,synthetic_v1
SRC-04633,Synthetic monitoring record PAI-04633,synthetic://sih26103/PAI-04633,2026-04-30,synthetic_v1
SRC-04634,Synthetic monitoring record PAI-04634,synthetic://sih26103/PAI-04634,2026-04-30,synthetic_v1
SRC-04635,Synthetic monitoring record PAI-04635,synthetic://sih26103/PAI-04635,2026-04-30,synthetic_v1
SRC-04636,Synthetic monitoring record PAI-04636,synthetic://sih26103/PAI-04636,2026-04-30,synthetic_v1
SRC-04637,Synthetic monitoring record PAI-04637,synthetic://sih26103/PAI-04637,2026-04-30,synthetic_v1
SRC-04638,Synthetic monitoring record PAI-04638,synthetic://sih26103/PAI-04638,2026-04-30,synthetic_v1
SRC-04639,Synthetic monitoring record PAI-04639,synthetic://sih26103/PAI-04639,2026-04-30,synthetic_v1
SRC-04640,Synthetic monitoring record PAI-04640,synthetic://sih26103/PAI-04640,2026-04-30,synthetic_v1
SRC-04641,Synthetic monitoring record PAI-04641,synthetic://sih26103/PAI-04641,2026-04-30,synthetic_v1
SRC-04642,Synthetic monitoring record PAI-04642,synthetic://sih26103/PAI-04642,2026-04-30,synthetic_v1
SRC-04643,Synthetic monitoring record PAI-04643,synthetic://sih26103/PAI-04643,2026-04-30,synthetic_v1
SRC-04644,Synthetic monitoring record PAI-04644,synthetic://sih26103/PAI-04644,2026-04-30,synthetic_v1
SRC-04645,Synthetic monitoring record PAI-04645,synthetic://sih26103/PAI-04645,2026-04-30,synthetic_v1
SRC-04646,Synthetic monitoring record PAI-04646,synthetic://sih26103/PAI-04646,2026-04-30,synthetic_v1
SRC-04647,Synthetic monitoring record PAI-04647,synthetic://sih26103/PAI-04647,2026-04-30,synthetic_v1
SRC-04648,Synthetic monitoring record PAI-04648,synthetic://sih26103/PAI-04648,2026-04-30,synthetic_v1
SRC-04649,Synthetic monitoring record PAI-04649,synthetic://sih26103/PAI-04649,2026-04-30,synthetic_v1
SRC-04650,Synthetic monitoring record PAI-04650,synthetic://sih26103/PAI-04650,2026-04-30,synthetic_v1
SRC-04651,Synthetic monitoring record PAI-04651,synthetic://sih26103/PAI-04651,2026-04-30,synthetic_v1
SRC-04652,Synthetic monitoring record PAI-04652,synthetic://sih26103/PAI-04652,2026-04-30,synthetic_v1
SRC-04653,Synthetic monitoring record PAI-04653,synthetic://sih26103/PAI-04653,2026-04-30,synthetic_v1
SRC-04654,Synthetic monitoring record PAI-04654,synthetic://sih26103/PAI-04654,2026-04-30,synthetic_v1
SRC-04655,Synthetic monitoring record PAI-04655,synthetic://sih26103/PAI-04655,2026-04-30,synthetic_v1
SRC-04656,Synthetic monitoring record PAI-04656,synthetic://sih26103/PAI-04656,2026-04-30,synthetic_v1
SRC-04657,Synthetic monitoring record PAI-04657,synthetic://sih26103/PAI-04657,2026-04-30,synthetic_v1
SRC-04658,Synthetic monitoring record PAI-04658,synthetic://sih26103/PAI-04658,2026-04-30,synthetic_v1
SRC-04659,Synthetic monitoring record PAI-04659,synthetic://sih26103/PAI-04659,2026-04-30,synthetic_v1
SRC-04660,Synthetic monitoring record PAI-04660,synthetic://sih26103/PAI-04660,2026-04-30,synthetic_v1
SRC-04661,Synthetic monitoring record PAI-04661,synthetic://sih26103/PAI-04661,2026-04-30,synthetic_v1
SRC-04662,Synthetic monitoring record PAI-04662,synthetic://sih26103/PAI-04662,2026-04-30,synthetic_v1
SRC-04663,Synthetic monitoring record PAI-04663,synthetic://sih26103/PAI-04663,2026-04-30,synthetic_v1
SRC-04664,Synthetic monitoring record PAI-04664,synthetic://sih26103/PAI-04664,2026-04-30,synthetic_v1
SRC-04665,Synthetic monitoring record PAI-04665,synthetic://sih26103/PAI-04665,2026-04-30,synthetic_v1
SRC-04666,Synthetic monitoring record PAI-04666,synthetic://sih26103/PAI-04666,2026-04-30,synthetic_v1
SRC-04667,Synthetic monitoring record PAI-04667,synthetic://sih26103/PAI-04667,2026-04-30,synthetic_v1
SRC-04668,Synthetic monitoring record PAI-04668,synthetic://sih26103/PAI-04668,2026-04-30,synthetic_v1
SRC-04669,Synthetic monitoring record PAI-04669,synthetic://sih26103/PAI-04669,2026-04-30,synthetic_v1
SRC-04670,Synthetic monitoring record PAI-04670,synthetic://sih26103/PAI-04670,2026-04-30,synthetic_v1
SRC-04671,Synthetic monitoring record PAI-04671,synthetic://sih26103/PAI-04671,2026-04-30,synthetic_v1
SRC-04672,Synthetic monitoring record PAI-04672,synthetic://sih26103/PAI-04672,2026-04-30,synthetic_v1
SRC-04673,Synthetic monitoring record PAI-04673,synthetic://sih26103/PAI-04673,2026-04-30,synthetic_v1
SRC-04674,Synthetic monitoring record PAI-04674,synthetic://sih26103/PAI-04674,2026-04-30,synthetic_v1
SRC-04675,Synthetic monitoring record PAI-04675,synthetic://sih26103/PAI-04675,2026-04-30,synthetic_v1
SRC-04676,Synthetic monitoring record PAI-04676,synthetic://sih26103/PAI-04676,2026-04-30,synthetic_v1
SRC-04677,Synthetic monitoring record PAI-04677,synthetic://sih26103/PAI-04677,2026-04-30,synthetic_v1
SRC-04678,Synthetic monitoring record PAI-04678,synthetic://sih26103/PAI-04678,2026-04-30,synthetic_v1
SRC-04679,Synthetic monitoring record PAI-04679,synthetic://sih26103/PAI-04679,2026-04-30,synthetic_v1
SRC-04680,Synthetic monitoring record PAI-04680,synthetic://sih26103/PAI-04680,2026-04-30,synthetic_v1
SRC-04681,Synthetic monitoring record PAI-04681,synthetic://sih26103/PAI-04681,2026-04-30,synthetic_v1
SRC-04682,Synthetic monitoring record PAI-04682,synthetic://sih26103/PAI-04682,2026-04-30,synthetic_v1
SRC-04683,Synthetic monitoring record PAI-04683,synthetic://sih26103/PAI-04683,2026-04-30,synthetic_v1
SRC-04684,Synthetic monitoring record PAI-04684,synthetic://sih26103/PAI-04684,2026-04-30,synthetic_v1
SRC-04685,Synthetic monitoring record PAI-04685,synthetic://sih26103/PAI-04685,2026-04-30,synthetic_v1
SRC-04686,Synthetic monitoring record PAI-04686,synthetic://sih26103/PAI-04686,2026-04-30,synthetic_v1
SRC-04687,Synthetic monitoring record PAI-04687,synthetic://sih26103/PAI-04687,2026-04-30,synthetic_v1
SRC-04688,Synthetic monitoring record PAI-04688,synthetic://sih26103/PAI-04688,2026-04-30,synthetic_v1
SRC-04689,Synthetic monitoring record PAI-04689,synthetic://sih26103/PAI-04689,2026-04-30,synthetic_v1
SRC-04690,Synthetic monitoring record PAI-04690,synthetic://sih26103/PAI-04690,2026-04-30,synthetic_v1
SRC-04691,Synthetic monitoring record PAI-04691,synthetic://sih26103/PAI-04691,2026-04-30,synthetic_v1
SRC-04692,Synthetic monitoring record PAI-04692,synthetic://sih26103/PAI-04692,2026-04-30,synthetic_v1
SRC-04693,Synthetic monitoring record PAI-04693,synthetic://sih26103/PAI-04693,2026-04-30,synthetic_v1
SRC-04694,Synthetic monitoring record PAI-04694,synthetic://sih26103/PAI-04694,2026-04-30,synthetic_v1
SRC-04695,Synthetic monitoring record PAI-04695,synthetic://sih26103/PAI-04695,2026-04-30,synthetic_v1
SRC-04696,Synthetic monitoring record PAI-04696,synthetic://sih26103/PAI-04696,2026-04-30,synthetic_v1
SRC-04697,Synthetic monitoring record PAI-04697,synthetic://sih26103/PAI-04697,2026-04-30,synthetic_v1
SRC-04698,Synthetic monitoring record PAI-04698,synthetic://sih26103/PAI-04698,2026-04-30,synthetic_v1
SRC-04699,Synthetic monitoring record PAI-04699,synthetic://sih26103/PAI-04699,2026-04-30,synthetic_v1
SRC-04700,Synthetic monitoring record PAI-04700,synthetic://sih26103/PAI-04700,2026-04-30,synthetic_v1
SRC-04701,Synthetic monitoring record PAI-04701,synthetic://sih26103/PAI-04701,2026-04-30,synthetic_v1
SRC-04702,Synthetic monitoring record PAI-04702,synthetic://sih26103/PAI-04702,2026-04-30,synthetic_v1
SRC-04703,Synthetic monitoring record PAI-04703,synthetic://sih26103/PAI-04703,2026-04-30,synthetic_v1
SRC-04704,Synthetic monitoring record PAI-04704,synthetic://sih26103/PAI-04704,2026-04-30,synthetic_v1
SRC-04705,Synthetic monitoring record PAI-04705,synthetic://sih26103/PAI-04705,2026-04-30,synthetic_v1
SRC-04706,Synthetic monitoring record PAI-04706,synthetic://sih26103/PAI-04706,2026-04-30,synthetic_v1
SRC-04707,Synthetic monitoring record PAI-04707,synthetic://sih26103/PAI-04707,2026-04-30,synthetic_v1
SRC-04708,Synthetic monitoring record PAI-04708,synthetic://sih26103/PAI-04708,2026-04-30,synthetic_v1
SRC-04709,Synthetic monitoring record PAI-04709,synthetic://sih26103/PAI-04709,2026-04-30,synthetic_v1
SRC-04710,Synthetic monitoring record PAI-04710,synthetic://sih26103/PAI-04710,2026-04-30,synthetic_v1
SRC-04711,Synthetic monitoring record PAI-04711,synthetic://sih26103/PAI-04711,2026-04-30,synthetic_v1
SRC-04712,Synthetic monitoring record PAI-04712,synthetic://sih26103/PAI-04712,2026-04-30,synthetic_v1
SRC-04713,Synthetic monitoring record PAI-04713,synthetic://sih26103/PAI-04713,2026-04-30,synthetic_v1
SRC-04714,Synthetic monitoring record PAI-04714,synthetic://sih26103/PAI-04714,2026-04-30,synthetic_v1
SRC-04715,Synthetic monitoring record PAI-04715,synthetic://sih26103/PAI-04715,2026-04-30,synthetic_v1
SRC-04716,Synthetic monitoring record PAI-04716,synthetic://sih26103/PAI-04716,2026-04-30,synthetic_v1
SRC-04717,Synthetic monitoring record PAI-04717,synthetic://sih26103/PAI-04717,2026-04-30,synthetic_v1
SRC-04718,Synthetic monitoring record PAI-04718,synthetic://sih26103/PAI-04718,2026-04-30,synthetic_v1
SRC-04719,Synthetic monitoring record PAI-04719,synthetic://sih26103/PAI-04719,2026-04-30,synthetic_v1
SRC-04720,Synthetic monitoring record PAI-04720,synthetic://sih26103/PAI-04720,2026-04-30,synthetic_v1
SRC-04721,Synthetic monitoring record PAI-04721,synthetic://sih26103/PAI-04721,2026-04-30,synthetic_v1
SRC-04722,Synthetic monitoring record PAI-04722,synthetic://sih26103/PAI-04722,2026-04-30,synthetic_v1
SRC-04723,Synthetic monitoring record PAI-04723,synthetic://sih26103/PAI-04723,2026-04-30,synthetic_v1
SRC-04724,Synthetic monitoring record PAI-04724,synthetic://sih26103/PAI-04724,2026-04-30,synthetic_v1
SRC-04725,Synthetic monitoring record PAI-04725,synthetic://sih26103/PAI-04725,2026-04-30,synthetic_v1
SRC-04726,Synthetic monitoring record PAI-04726,synthetic://sih26103/PAI-04726,2026-04-30,synthetic_v1
SRC-04727,Synthetic monitoring record PAI-04727,synthetic://sih26103/PAI-04727,2026-04-30,synthetic_v1
SRC-04728,Synthetic monitoring record PAI-04728,synthetic://sih26103/PAI-04728,2026-04-30,synthetic_v1
SRC-04729,Synthetic monitoring record PAI-04729,synthetic://sih26103/PAI-04729,2026-04-30,synthetic_v1
SRC-04730,Synthetic monitoring record PAI-04730,synthetic://sih26103/PAI-04730,2026-04-30,synthetic_v1
SRC-04731,Synthetic monitoring record PAI-04731,synthetic://sih26103/PAI-04731,2026-04-30,synthetic_v1
SRC-04732,Synthetic monitoring record PAI-04732,synthetic://sih26103/PAI-04732,2026-04-30,synthetic_v1
SRC-04733,Synthetic monitoring record PAI-04733,synthetic://sih26103/PAI-04733,2026-04-30,synthetic_v1
SRC-04734,Synthetic monitoring record PAI-04734,synthetic://sih26103/PAI-04734,2026-04-30,synthetic_v1
SRC-04735,Synthetic monitoring record PAI-04735,synthetic://sih26103/PAI-04735,2026-04-30,synthetic_v1
SRC-04736,Synthetic monitoring record PAI-04736,synthetic://sih26103/PAI-04736,2026-04-30,synthetic_v1
SRC-04737,Synthetic monitoring record PAI-04737,synthetic://sih26103/PAI-04737,2026-04-30,synthetic_v1
SRC-04738,Synthetic monitoring record PAI-04738,synthetic://sih26103/PAI-04738,2026-04-30,synthetic_v1
SRC-04739,Synthetic monitoring record PAI-04739,synthetic://sih26103/PAI-04739,2026-04-30,synthetic_v1
SRC-04740,Synthetic monitoring record PAI-04740,synthetic://sih26103/PAI-04740,2026-04-30,synthetic_v1
SRC-04741,Synthetic monitoring record PAI-04741,synthetic://sih26103/PAI-04741,2026-04-30,synthetic_v1
SRC-04742,Synthetic monitoring record PAI-04742,synthetic://sih26103/PAI-04742,2026-04-30,synthetic_v1
SRC-04743,Synthetic monitoring record PAI-04743,synthetic://sih26103/PAI-04743,2026-04-30,synthetic_v1
SRC-04744,Synthetic monitoring record PAI-04744,synthetic://sih26103/PAI-04744,2026-04-30,synthetic_v1
SRC-04745,Synthetic monitoring record PAI-04745,synthetic://sih26103/PAI-04745,2026-04-30,synthetic_v1
SRC-04746,Synthetic monitoring record PAI-04746,synthetic://sih26103/PAI-04746,2026-04-30,synthetic_v1
SRC-04747,Synthetic monitoring record PAI-04747,synthetic://sih26103/PAI-04747,2026-04-30,synthetic_v1
SRC-04748,Synthetic monitoring record PAI-04748,synthetic://sih26103/PAI-04748,2026-04-30,synthetic_v1
SRC-04749,Synthetic monitoring record PAI-04749,synthetic://sih26103/PAI-04749,2026-04-30,synthetic_v1
SRC-04750,Synthetic monitoring record PAI-04750,synthetic://sih26103/PAI-04750,2026-04-30,synthetic_v1
SRC-04751,Synthetic monitoring record PAI-04751,synthetic://sih26103/PAI-04751,2026-04-30,synthetic_v1
SRC-04752,Synthetic monitoring record PAI-04752,synthetic://sih26103/PAI-04752,2026-04-30,synthetic_v1
SRC-04753,Synthetic monitoring record PAI-04753,synthetic://sih26103/PAI-04753,2026-04-30,synthetic_v1
SRC-04754,Synthetic monitoring record PAI-04754,synthetic://sih26103/PAI-04754,2026-04-30,synthetic_v1
SRC-04755,Synthetic monitoring record PAI-04755,synthetic://sih26103/PAI-04755,2026-04-30,synthetic_v1
SRC-04756,Synthetic monitoring record PAI-04756,synthetic://sih26103/PAI-04756,2026-04-30,synthetic_v1
SRC-04757,Synthetic monitoring record PAI-04757,synthetic://sih26103/PAI-04757,2026-04-30,synthetic_v1
SRC-04758,Synthetic monitoring record PAI-04758,synthetic://sih26103/PAI-04758,2026-04-30,synthetic_v1
SRC-04759,Synthetic monitoring record PAI-04759,synthetic://sih26103/PAI-04759,2026-04-30,synthetic_v1
SRC-04760,Synthetic monitoring record PAI-04760,synthetic://sih26103/PAI-04760,2026-04-30,synthetic_v1
SRC-04761,Synthetic monitoring record PAI-04761,synthetic://sih26103/PAI-04761,2026-04-30,synthetic_v1
SRC-04762,Synthetic monitoring record PAI-04762,synthetic://sih26103/PAI-04762,2026-04-30,synthetic_v1
SRC-04763,Synthetic monitoring record PAI-04763,synthetic://sih26103/PAI-04763,2026-04-30,synthetic_v1
SRC-04764,Synthetic monitoring record PAI-04764,synthetic://sih26103/PAI-04764,2026-04-30,synthetic_v1
SRC-04765,Synthetic monitoring record PAI-04765,synthetic://sih26103/PAI-04765,2026-04-30,synthetic_v1
SRC-04766,Synthetic monitoring record PAI-04766,synthetic://sih26103/PAI-04766,2026-04-30,synthetic_v1
SRC-04767,Synthetic monitoring record PAI-04767,synthetic://sih26103/PAI-04767,2026-04-30,synthetic_v1
SRC-04768,Synthetic monitoring record PAI-04768,synthetic://sih26103/PAI-04768,2026-04-30,synthetic_v1
SRC-04769,Synthetic monitoring record PAI-04769,synthetic://sih26103/PAI-04769,2026-04-30,synthetic_v1
SRC-04770,Synthetic monitoring record PAI-04770,synthetic://sih26103/PAI-04770,2026-04-30,synthetic_v1
SRC-04771,Synthetic monitoring record PAI-04771,synthetic://sih26103/PAI-04771,2026-04-30,synthetic_v1
SRC-04772,Synthetic monitoring record PAI-04772,synthetic://sih26103/PAI-04772,2026-04-30,synthetic_v1
SRC-04773,Synthetic monitoring record PAI-04773,synthetic://sih26103/PAI-04773,2026-04-30,synthetic_v1
SRC-04774,Synthetic monitoring record PAI-04774,synthetic://sih26103/PAI-04774,2026-04-30,synthetic_v1
SRC-04775,Synthetic monitoring record PAI-04775,synthetic://sih26103/PAI-04775,2026-04-30,synthetic_v1
SRC-04776,Synthetic monitoring record PAI-04776,synthetic://sih26103/PAI-04776,2026-04-30,synthetic_v1
SRC-04777,Synthetic monitoring record PAI-04777,synthetic://sih26103/PAI-04777,2026-04-30,synthetic_v1
SRC-04778,Synthetic monitoring record PAI-04778,synthetic://sih26103/PAI-04778,2026-04-30,synthetic_v1
SRC-04779,Synthetic monitoring record PAI-04779,synthetic://sih26103/PAI-04779,2026-04-30,synthetic_v1
SRC-04780,Synthetic monitoring record PAI-04780,synthetic://sih26103/PAI-04780,2026-04-30,synthetic_v1
SRC-04781,Synthetic monitoring record PAI-04781,synthetic://sih26103/PAI-04781,2026-04-30,synthetic_v1
SRC-04782,Synthetic monitoring record PAI-04782,synthetic://sih26103/PAI-04782,2026-04-30,synthetic_v1
SRC-04783,Synthetic monitoring record PAI-04783,synthetic://sih26103/PAI-04783,2026-04-30,synthetic_v1
SRC-04784,Synthetic monitoring record PAI-04784,synthetic://sih26103/PAI-04784,2026-04-30,synthetic_v1
SRC-04785,Synthetic monitoring record PAI-04785,synthetic://sih26103/PAI-04785,2026-04-30,synthetic_v1
SRC-04786,Synthetic monitoring record PAI-04786,synthetic://sih26103/PAI-04786,2026-04-30,synthetic_v1
SRC-04787,Synthetic monitoring record PAI-04787,synthetic://sih26103/PAI-04787,2026-04-30,synthetic_v1
SRC-04788,Synthetic monitoring record PAI-04788,synthetic://sih26103/PAI-04788,2026-04-30,synthetic_v1
SRC-04789,Synthetic monitoring record PAI-04789,synthetic://sih26103/PAI-04789,2026-04-30,synthetic_v1
SRC-04790,Synthetic monitoring record PAI-04790,synthetic://sih26103/PAI-04790,2026-04-30,synthetic_v1
SRC-04791,Synthetic monitoring record PAI-04791,synthetic://sih26103/PAI-04791,2026-04-30,synthetic_v1
SRC-04792,Synthetic monitoring record PAI-04792,synthetic://sih26103/PAI-04792,2026-04-30,synthetic_v1
SRC-04793,Synthetic monitoring record PAI-04793,synthetic://sih26103/PAI-04793,2026-04-30,synthetic_v1
SRC-04794,Synthetic monitoring record PAI-04794,synthetic://sih26103/PAI-04794,2026-04-30,synthetic_v1
SRC-04795,Synthetic monitoring record PAI-04795,synthetic://sih26103/PAI-04795,2026-04-30,synthetic_v1
SRC-04796,Synthetic monitoring record PAI-04796,synthetic://sih26103/PAI-04796,2026-04-30,synthetic_v1
SRC-04797,Synthetic monitoring record PAI-04797,synthetic://sih26103/PAI-04797,2026-04-30,synthetic_v1
SRC-04798,Synthetic monitoring record PAI-04798,synthetic://sih26103/PAI-04798,2026-04-30,synthetic_v1
SRC-04799,Synthetic monitoring record PAI-04799,synthetic://sih26103/PAI-04799,2026-04-30,synthetic_v1
SRC-04800,Synthetic monitoring record PAI-04800,synthetic://sih26103/PAI-04800,2026-04-30,synthetic_v1
SRC-04801,Synthetic monitoring record PAI-04801,synthetic://sih26103/PAI-04801,2026-04-30,synthetic_v1
SRC-04802,Synthetic monitoring record PAI-04802,synthetic://sih26103/PAI-04802,2026-04-30,synthetic_v1
SRC-04803,Synthetic monitoring record PAI-04803,synthetic://sih26103/PAI-04803,2026-04-30,synthetic_v1
SRC-04804,Synthetic monitoring record PAI-04804,synthetic://sih26103/PAI-04804,2026-04-30,synthetic_v1
SRC-04805,Synthetic monitoring record PAI-04805,synthetic://sih26103/PAI-04805,2026-04-30,synthetic_v1
SRC-04806,Synthetic monitoring record PAI-04806,synthetic://sih26103/PAI-04806,2026-04-30,synthetic_v1
SRC-04807,Synthetic monitoring record PAI-04807,synthetic://sih26103/PAI-04807,2026-04-30,synthetic_v1
SRC-04808,Synthetic monitoring record PAI-04808,synthetic://sih26103/PAI-04808,2026-04-30,synthetic_v1
SRC-04809,Synthetic monitoring record PAI-04809,synthetic://sih26103/PAI-04809,2026-04-30,synthetic_v1
SRC-04810,Synthetic monitoring record PAI-04810,synthetic://sih26103/PAI-04810,2026-04-30,synthetic_v1
SRC-04811,Synthetic monitoring record PAI-04811,synthetic://sih26103/PAI-04811,2026-04-30,synthetic_v1
SRC-04812,Synthetic monitoring record PAI-04812,synthetic://sih26103/PAI-04812,2026-04-30,synthetic_v1
SRC-04813,Synthetic monitoring record PAI-04813,synthetic://sih26103/PAI-04813,2026-04-30,synthetic_v1
SRC-04814,Synthetic monitoring record PAI-04814,synthetic://sih26103/PAI-04814,2026-04-30,synthetic_v1
SRC-04815,Synthetic monitoring record PAI-04815,synthetic://sih26103/PAI-04815,2026-04-30,synthetic_v1
SRC-04816,Synthetic monitoring record PAI-04816,synthetic://sih26103/PAI-04816,2026-04-30,synthetic_v1
SRC-04817,Synthetic monitoring record PAI-04817,synthetic://sih26103/PAI-04817,2026-04-30,synthetic_v1
SRC-04818,Synthetic monitoring record PAI-04818,synthetic://sih26103/PAI-04818,2026-04-30,synthetic_v1
SRC-04819,Synthetic monitoring record PAI-04819,synthetic://sih26103/PAI-04819,2026-04-30,synthetic_v1
SRC-04820,Synthetic monitoring record PAI-04820,synthetic://sih26103/PAI-04820,2026-04-30,synthetic_v1
SRC-04821,Synthetic monitoring record PAI-04821,synthetic://sih26103/PAI-04821,2026-04-30,synthetic_v1
SRC-04822,Synthetic monitoring record PAI-04822,synthetic://sih26103/PAI-04822,2026-04-30,synthetic_v1
SRC-04823,Synthetic monitoring record PAI-04823,synthetic://sih26103/PAI-04823,2026-04-30,synthetic_v1
SRC-04824,Synthetic monitoring record PAI-04824,synthetic://sih26103/PAI-04824,2026-04-30,synthetic_v1
SRC-04825,Synthetic monitoring record PAI-04825,synthetic://sih26103/PAI-04825,2026-04-30,synthetic_v1
SRC-04826,Synthetic monitoring record PAI-04826,synthetic://sih26103/PAI-04826,2026-04-30,synthetic_v1
SRC-04827,Synthetic monitoring record PAI-04827,synthetic://sih26103/PAI-04827,2026-04-30,synthetic_v1
SRC-04828,Synthetic monitoring record PAI-04828,synthetic://sih26103/PAI-04828,2026-04-30,synthetic_v1
SRC-04829,Synthetic monitoring record PAI-04829,synthetic://sih26103/PAI-04829,2026-04-30,synthetic_v1
SRC-04830,Synthetic monitoring record PAI-04830,synthetic://sih26103/PAI-04830,2026-04-30,synthetic_v1
SRC-04831,Synthetic monitoring record PAI-04831,synthetic://sih26103/PAI-04831,2026-04-30,synthetic_v1
SRC-04832,Synthetic monitoring record PAI-04832,synthetic://sih26103/PAI-04832,2026-04-30,synthetic_v1
SRC-04833,Synthetic monitoring record PAI-04833,synthetic://sih26103/PAI-04833,2026-04-30,synthetic_v1
SRC-04834,Synthetic monitoring record PAI-04834,synthetic://sih26103/PAI-04834,2026-04-30,synthetic_v1
SRC-04835,Synthetic monitoring record PAI-04835,synthetic://sih26103/PAI-04835,2026-04-30,synthetic_v1
SRC-04836,Synthetic monitoring record PAI-04836,synthetic://sih26103/PAI-04836,2026-04-30,synthetic_v1
SRC-04837,Synthetic monitoring record PAI-04837,synthetic://sih26103/PAI-04837,2026-04-30,synthetic_v1
SRC-04838,Synthetic monitoring record PAI-04838,synthetic://sih26103/PAI-04838,2026-04-30,synthetic_v1
SRC-04839,Synthetic monitoring record PAI-04839,synthetic://sih26103/PAI-04839,2026-04-30,synthetic_v1
SRC-04840,Synthetic monitoring record PAI-04840,synthetic://sih26103/PAI-04840,2026-04-30,synthetic_v1
SRC-04841,Synthetic monitoring record PAI-04841,synthetic://sih26103/PAI-04841,2026-04-30,synthetic_v1
SRC-04842,Synthetic monitoring record PAI-04842,synthetic://sih26103/PAI-04842,2026-04-30,synthetic_v1
SRC-04843,Synthetic monitoring record PAI-04843,synthetic://sih26103/PAI-04843,2026-04-30,synthetic_v1
SRC-04844,Synthetic monitoring record PAI-04844,synthetic://sih26103/PAI-04844,2026-04-30,synthetic_v1
SRC-04845,Synthetic monitoring record PAI-04845,synthetic://sih26103/PAI-04845,2026-04-30,synthetic_v1
SRC-04846,Synthetic monitoring record PAI-04846,synthetic://sih26103/PAI-04846,2026-04-30,synthetic_v1
SRC-04847,Synthetic monitoring record PAI-04847,synthetic://sih26103/PAI-04847,2026-04-30,synthetic_v1
SRC-04848,Synthetic monitoring record PAI-04848,synthetic://sih26103/PAI-04848,2026-04-30,synthetic_v1
SRC-04849,Synthetic monitoring record PAI-04849,synthetic://sih26103/PAI-04849,2026-04-30,synthetic_v1
SRC-04850,Synthetic monitoring record PAI-04850,synthetic://sih26103/PAI-04850,2026-04-30,synthetic_v1
SRC-04851,Synthetic monitoring record PAI-04851,synthetic://sih26103/PAI-04851,2026-04-30,synthetic_v1
SRC-04852,Synthetic monitoring record PAI-04852,synthetic://sih26103/PAI-04852,2026-04-30,synthetic_v1
SRC-04853,Synthetic monitoring record PAI-04853,synthetic://sih26103/PAI-04853,2026-04-30,synthetic_v1
SRC-04854,Synthetic monitoring record PAI-04854,synthetic://sih26103/PAI-04854,2026-04-30,synthetic_v1
SRC-04855,Synthetic monitoring record PAI-04855,synthetic://sih26103/PAI-04855,2026-04-30,synthetic_v1
SRC-04856,Synthetic monitoring record PAI-04856,synthetic://sih26103/PAI-04856,2026-04-30,synthetic_v1
SRC-04857,Synthetic monitoring record PAI-04857,synthetic://sih26103/PAI-04857,2026-04-30,synthetic_v1
SRC-04858,Synthetic monitoring record PAI-04858,synthetic://sih26103/PAI-04858,2026-04-30,synthetic_v1
SRC-04859,Synthetic monitoring record PAI-04859,synthetic://sih26103/PAI-04859,2026-04-30,synthetic_v1
SRC-04860,Synthetic monitoring record PAI-04860,synthetic://sih26103/PAI-04860,2026-04-30,synthetic_v1
SRC-04861,Synthetic monitoring record PAI-04861,synthetic://sih26103/PAI-04861,2026-04-30,synthetic_v1
SRC-04862,Synthetic monitoring record PAI-04862,synthetic://sih26103/PAI-04862,2026-04-30,synthetic_v1
SRC-04863,Synthetic monitoring record PAI-04863,synthetic://sih26103/PAI-04863,2026-04-30,synthetic_v1
SRC-04864,Synthetic monitoring record PAI-04864,synthetic://sih26103/PAI-04864,2026-04-30,synthetic_v1
SRC-04865,Synthetic monitoring record PAI-04865,synthetic://sih26103/PAI-04865,2026-04-30,synthetic_v1
SRC-04866,Synthetic monitoring record PAI-04866,synthetic://sih26103/PAI-04866,2026-04-30,synthetic_v1
SRC-04867,Synthetic monitoring record PAI-04867,synthetic://sih26103/PAI-04867,2026-04-30,synthetic_v1
SRC-04868,Synthetic monitoring record PAI-04868,synthetic://sih26103/PAI-04868,2026-04-30,synthetic_v1
SRC-04869,Synthetic monitoring record PAI-04869,synthetic://sih26103/PAI-04869,2026-04-30,synthetic_v1
SRC-04870,Synthetic monitoring record PAI-04870,synthetic://sih26103/PAI-04870,2026-04-30,synthetic_v1
SRC-04871,Synthetic monitoring record PAI-04871,synthetic://sih26103/PAI-04871,2026-04-30,synthetic_v1
SRC-04872,Synthetic monitoring record PAI-04872,synthetic://sih26103/PAI-04872,2026-04-30,synthetic_v1
SRC-04873,Synthetic monitoring record PAI-04873,synthetic://sih26103/PAI-04873,2026-04-30,synthetic_v1
SRC-04874,Synthetic monitoring record PAI-04874,synthetic://sih26103/PAI-04874,2026-04-30,synthetic_v1
SRC-04875,Synthetic monitoring record PAI-04875,synthetic://sih26103/PAI-04875,2026-04-30,synthetic_v1
SRC-04876,Synthetic monitoring record PAI-04876,synthetic://sih26103/PAI-04876,2026-04-30,synthetic_v1
SRC-04877,Synthetic monitoring record PAI-04877,synthetic://sih26103/PAI-04877,2026-04-30,synthetic_v1
SRC-04878,Synthetic monitoring record PAI-04878,synthetic://sih26103/PAI-04878,2026-04-30,synthetic_v1
SRC-04879,Synthetic monitoring record PAI-04879,synthetic://sih26103/PAI-04879,2026-04-30,synthetic_v1
SRC-04880,Synthetic monitoring record PAI-04880,synthetic://sih26103/PAI-04880,2026-04-30,synthetic_v1
SRC-04881,Synthetic monitoring record PAI-04881,synthetic://sih26103/PAI-04881,2026-04-30,synthetic_v1
SRC-04882,Synthetic monitoring record PAI-04882,synthetic://sih26103/PAI-04882,2026-04-30,synthetic_v1
SRC-04883,Synthetic monitoring record PAI-04883,synthetic://sih26103/PAI-04883,2026-04-30,synthetic_v1
SRC-04884,Synthetic monitoring record PAI-04884,synthetic://sih26103/PAI-04884,2026-04-30,synthetic_v1
SRC-04885,Synthetic monitoring record PAI-04885,synthetic://sih26103/PAI-04885,2026-04-30,synthetic_v1
SRC-04886,Synthetic monitoring record PAI-04886,synthetic://sih26103/PAI-04886,2026-04-30,synthetic_v1
SRC-04887,Synthetic monitoring record PAI-04887,synthetic://sih26103/PAI-04887,2026-04-30,synthetic_v1
SRC-04888,Synthetic monitoring record PAI-04888,synthetic://sih26103/PAI-04888,2026-04-30,synthetic_v1
SRC-04889,Synthetic monitoring record PAI-04889,synthetic://sih26103/PAI-04889,2026-04-30,synthetic_v1
SRC-04890,Synthetic monitoring record PAI-04890,synthetic://sih26103/PAI-04890,2026-04-30,synthetic_v1
SRC-04891,Synthetic monitoring record PAI-04891,synthetic://sih26103/PAI-04891,2026-04-30,synthetic_v1
SRC-04892,Synthetic monitoring record PAI-04892,synthetic://sih26103/PAI-04892,2026-04-30,synthetic_v1
SRC-04893,Synthetic monitoring record PAI-04893,synthetic://sih26103/PAI-04893,2026-04-30,synthetic_v1
SRC-04894,Synthetic monitoring record PAI-04894,synthetic://sih26103/PAI-04894,2026-04-30,synthetic_v1
SRC-04895,Synthetic monitoring record PAI-04895,synthetic://sih26103/PAI-04895,2026-04-30,synthetic_v1
SRC-04896,Synthetic monitoring record PAI-04896,synthetic://sih26103/PAI-04896,2026-04-30,synthetic_v1
SRC-04897,Synthetic monitoring record PAI-04897,synthetic://sih26103/PAI-04897,2026-04-30,synthetic_v1
SRC-04898,Synthetic monitoring record PAI-04898,synthetic://sih26103/PAI-04898,2026-04-30,synthetic_v1
SRC-04899,Synthetic monitoring record PAI-04899,synthetic://sih26103/PAI-04899,2026-04-30,synthetic_v1
SRC-04900,Synthetic monitoring record PAI-04900,synthetic://sih26103/PAI-04900,2026-04-30,synthetic_v1
SRC-04901,Synthetic monitoring record PAI-04901,synthetic://sih26103/PAI-04901,2026-04-30,synthetic_v1
SRC-04902,Synthetic monitoring record PAI-04902,synthetic://sih26103/PAI-04902,2026-04-30,synthetic_v1
SRC-04903,Synthetic monitoring record PAI-04903,synthetic://sih26103/PAI-04903,2026-04-30,synthetic_v1
SRC-04904,Synthetic monitoring record PAI-04904,synthetic://sih26103/PAI-04904,2026-04-30,synthetic_v1
SRC-04905,Synthetic monitoring record PAI-04905,synthetic://sih26103/PAI-04905,2026-04-30,synthetic_v1
SRC-04906,Synthetic monitoring record PAI-04906,synthetic://sih26103/PAI-04906,2026-04-30,synthetic_v1
SRC-04907,Synthetic monitoring record PAI-04907,synthetic://sih26103/PAI-04907,2026-04-30,synthetic_v1
SRC-04908,Synthetic monitoring record PAI-04908,synthetic://sih26103/PAI-04908,2026-04-30,synthetic_v1
SRC-04909,Synthetic monitoring record PAI-04909,synthetic://sih26103/PAI-04909,2026-04-30,synthetic_v1
SRC-04910,Synthetic monitoring record PAI-04910,synthetic://sih26103/PAI-04910,2026-04-30,synthetic_v1
SRC-04911,Synthetic monitoring record PAI-04911,synthetic://sih26103/PAI-04911,2026-04-30,synthetic_v1
SRC-04912,Synthetic monitoring record PAI-04912,synthetic://sih26103/PAI-04912,2026-04-30,synthetic_v1
SRC-04913,Synthetic monitoring record PAI-04913,synthetic://sih26103/PAI-04913,2026-04-30,synthetic_v1
SRC-04914,Synthetic monitoring record PAI-04914,synthetic://sih26103/PAI-04914,2026-04-30,synthetic_v1
SRC-04915,Synthetic monitoring record PAI-04915,synthetic://sih26103/PAI-04915,2026-04-30,synthetic_v1
SRC-04916,Synthetic monitoring record PAI-04916,synthetic://sih26103/PAI-04916,2026-04-30,synthetic_v1
SRC-04917,Synthetic monitoring record PAI-04917,synthetic://sih26103/PAI-04917,2026-04-30,synthetic_v1
SRC-04918,Synthetic monitoring record PAI-04918,synthetic://sih26103/PAI-04918,2026-04-30,synthetic_v1
SRC-04919,Synthetic monitoring record PAI-04919,synthetic://sih26103/PAI-04919,2026-04-30,synthetic_v1
SRC-04920,Synthetic monitoring record PAI-04920,synthetic://sih26103/PAI-04920,2026-04-30,synthetic_v1
SRC-04921,Synthetic monitoring record PAI-04921,synthetic://sih26103/PAI-04921,2026-04-30,synthetic_v1
SRC-04922,Synthetic monitoring record PAI-04922,synthetic://sih26103/PAI-04922,2026-04-30,synthetic_v1
SRC-04923,Synthetic monitoring record PAI-04923,synthetic://sih26103/PAI-04923,2026-04-30,synthetic_v1
SRC-04924,Synthetic monitoring record PAI-04924,synthetic://sih26103/PAI-04924,2026-04-30,synthetic_v1
SRC-04925,Synthetic monitoring record PAI-04925,synthetic://sih26103/PAI-04925,2026-04-30,synthetic_v1
SRC-04926,Synthetic monitoring record PAI-04926,synthetic://sih26103/PAI-04926,2026-04-30,synthetic_v1
SRC-04927,Synthetic monitoring record PAI-04927,synthetic://sih26103/PAI-04927,2026-04-30,synthetic_v1
SRC-04928,Synthetic monitoring record PAI-04928,synthetic://sih26103/PAI-04928,2026-04-30,synthetic_v1
SRC-04929,Synthetic monitoring record PAI-04929,synthetic://sih26103/PAI-04929,2026-04-30,synthetic_v1
SRC-04930,Synthetic monitoring record PAI-04930,synthetic://sih26103/PAI-04930,2026-04-30,synthetic_v1
SRC-04931,Synthetic monitoring record PAI-04931,synthetic://sih26103/PAI-04931,2026-04-30,synthetic_v1
SRC-04932,Synthetic monitoring record PAI-04932,synthetic://sih26103/PAI-04932,2026-04-30,synthetic_v1
SRC-04933,Synthetic monitoring record PAI-04933,synthetic://sih26103/PAI-04933,2026-04-30,synthetic_v1
SRC-04934,Synthetic monitoring record PAI-04934,synthetic://sih26103/PAI-04934,2026-04-30,synthetic_v1
SRC-04935,Synthetic monitoring record PAI-04935,synthetic://sih26103/PAI-04935,2026-04-30,synthetic_v1
SRC-04936,Synthetic monitoring record PAI-04936,synthetic://sih26103/PAI-04936,2026-04-30,synthetic_v1
SRC-04937,Synthetic monitoring record PAI-04937,synthetic://sih26103/PAI-04937,2026-04-30,synthetic_v1
SRC-04938,Synthetic monitoring record PAI-04938,synthetic://sih26103/PAI-04938,2026-04-30,synthetic_v1
SRC-04939,Synthetic monitoring record PAI-04939,synthetic://sih26103/PAI-04939,2026-04-30,synthetic_v1
SRC-04940,Synthetic monitoring record PAI-04940,synthetic://sih26103/PAI-04940,2026-04-30,synthetic_v1
SRC-04941,Synthetic monitoring record PAI-04941,synthetic://sih26103/PAI-04941,2026-04-30,synthetic_v1
SRC-04942,Synthetic monitoring record PAI-04942,synthetic://sih26103/PAI-04942,2026-04-30,synthetic_v1
SRC-04943,Synthetic monitoring record PAI-04943,synthetic://sih26103/PAI-04943,2026-04-30,synthetic_v1
SRC-04944,Synthetic monitoring record PAI-04944,synthetic://sih26103/PAI-04944,2026-04-30,synthetic_v1
SRC-04945,Synthetic monitoring record PAI-04945,synthetic://sih26103/PAI-04945,2026-04-30,synthetic_v1
SRC-04946,Synthetic monitoring record PAI-04946,synthetic://sih26103/PAI-04946,2026-04-30,synthetic_v1
SRC-04947,Synthetic monitoring record PAI-04947,synthetic://sih26103/PAI-04947,2026-04-30,synthetic_v1
SRC-04948,Synthetic monitoring record PAI-04948,synthetic://sih26103/PAI-04948,2026-04-30,synthetic_v1
SRC-04949,Synthetic monitoring record PAI-04949,synthetic://sih26103/PAI-04949,2026-04-30,synthetic_v1
SRC-04950,Synthetic monitoring record PAI-04950,synthetic://sih26103/PAI-04950,2026-04-30,synthetic_v1
SRC-04951,Synthetic monitoring record PAI-04951,synthetic://sih26103/PAI-04951,2026-04-30,synthetic_v1
SRC-04952,Synthetic monitoring record PAI-04952,synthetic://sih26103/PAI-04952,2026-04-30,synthetic_v1
SRC-04953,Synthetic monitoring record PAI-04953,synthetic://sih26103/PAI-04953,2026-04-30,synthetic_v1
SRC-04954,Synthetic monitoring record PAI-04954,synthetic://sih26103/PAI-04954,2026-04-30,synthetic_v1
SRC-04955,Synthetic monitoring record PAI-04955,synthetic://sih26103/PAI-04955,2026-04-30,synthetic_v1
SRC-04956,Synthetic monitoring record PAI-04956,synthetic://sih26103/PAI-04956,2026-04-30,synthetic_v1
SRC-04957,Synthetic monitoring record PAI-04957,synthetic://sih26103/PAI-04957,2026-04-30,synthetic_v1
SRC-04958,Synthetic monitoring record PAI-04958,synthetic://sih26103/PAI-04958,2026-04-30,synthetic_v1
SRC-04959,Synthetic monitoring record PAI-04959,synthetic://sih26103/PAI-04959,2026-04-30,synthetic_v1
SRC-04960,Synthetic monitoring record PAI-04960,synthetic://sih26103/PAI-04960,2026-04-30,synthetic_v1
SRC-04961,Synthetic monitoring record PAI-04961,synthetic://sih26103/PAI-04961,2026-04-30,synthetic_v1
SRC-04962,Synthetic monitoring record PAI-04962,synthetic://sih26103/PAI-04962,2026-04-30,synthetic_v1
SRC-04963,Synthetic monitoring record PAI-04963,synthetic://sih26103/PAI-04963,2026-04-30,synthetic_v1
SRC-04964,Synthetic monitoring record PAI-04964,synthetic://sih26103/PAI-04964,2026-04-30,synthetic_v1
SRC-04965,Synthetic monitoring record PAI-04965,synthetic://sih26103/PAI-04965,2026-04-30,synthetic_v1
SRC-04966,Synthetic monitoring record PAI-04966,synthetic://sih26103/PAI-04966,2026-04-30,synthetic_v1
SRC-04967,Synthetic monitoring record PAI-04967,synthetic://sih26103/PAI-04967,2026-04-30,synthetic_v1
SRC-04968,Synthetic monitoring record PAI-04968,synthetic://sih26103/PAI-04968,2026-04-30,synthetic_v1
SRC-04969,Synthetic monitoring record PAI-04969,synthetic://sih26103/PAI-04969,2026-04-30,synthetic_v1
SRC-04970,Synthetic monitoring record PAI-04970,synthetic://sih26103/PAI-04970,2026-04-30,synthetic_v1
SRC-04971,Synthetic monitoring record PAI-04971,synthetic://sih26103/PAI-04971,2026-04-30,synthetic_v1
SRC-04972,Synthetic monitoring record PAI-04972,synthetic://sih26103/PAI-04972,2026-04-30,synthetic_v1
SRC-04973,Synthetic monitoring record PAI-04973,synthetic://sih26103/PAI-04973,2026-04-30,synthetic_v1
SRC-04974,Synthetic monitoring record PAI-04974,synthetic://sih26103/PAI-04974,2026-04-30,synthetic_v1
SRC-04975,Synthetic monitoring record PAI-04975,synthetic://sih26103/PAI-04975,2026-04-30,synthetic_v1
SRC-04976,Synthetic monitoring record PAI-04976,synthetic://sih26103/PAI-04976,2026-04-30,synthetic_v1
SRC-04977,Synthetic monitoring record PAI-04977,synthetic://sih26103/PAI-04977,2026-04-30,synthetic_v1
SRC-04978,Synthetic monitoring record PAI-04978,synthetic://sih26103/PAI-04978,2026-04-30,synthetic_v1
SRC-04979,Synthetic monitoring record PAI-04979,synthetic://sih26103/PAI-04979,2026-04-30,synthetic_v1
SRC-04980,Synthetic monitoring record PAI-04980,synthetic://sih26103/PAI-04980,2026-04-30,synthetic_v1
SRC-04981,Synthetic monitoring record PAI-04981,synthetic://sih26103/PAI-04981,2026-04-30,synthetic_v1
SRC-04982,Synthetic monitoring record PAI-04982,synthetic://sih26103/PAI-04982,2026-04-30,synthetic_v1
SRC-04983,Synthetic monitoring record PAI-04983,synthetic://sih26103/PAI-04983,2026-04-30,synthetic_v1
SRC-04984,Synthetic monitoring record PAI-04984,synthetic://sih26103/PAI-04984,2026-04-30,synthetic_v1
SRC-04985,Synthetic monitoring record PAI-04985,synthetic://sih26103/PAI-04985,2026-04-30,synthetic_v1
SRC-04986,Synthetic monitoring record PAI-04986,synthetic://sih26103/PAI-04986,2026-04-30,synthetic_v1
SRC-04987,Synthetic monitoring record PAI-04987,synthetic://sih26103/PAI-04987,2026-04-30,synthetic_v1
SRC-04988,Synthetic monitoring record PAI-04988,synthetic://sih26103/PAI-04988,2026-04-30,synthetic_v1
SRC-04989,Synthetic monitoring record PAI-04989,synthetic://sih26103/PAI-04989,2026-04-30,synthetic_v1
SRC-04990,Synthetic monitoring record PAI-04990,synthetic://sih26103/PAI-04990,2026-04-30,synthetic_v1
SRC-04991,Synthetic monitoring record PAI-04991,synthetic://sih26103/PAI-04991,2026-04-30,synthetic_v1
SRC-04992,Synthetic monitoring record PAI-04992,synthetic://sih26103/PAI-04992,2026-04-30,synthetic_v1
SRC-04993,Synthetic monitoring record PAI-04993,synthetic://sih26103/PAI-04993,2026-04-30,synthetic_v1
SRC-04994,Synthetic monitoring record PAI-04994,synthetic://sih26103/PAI-04994,2026-04-30,synthetic_v1
SRC-04995,Synthetic monitoring record PAI-04995,synthetic://sih26103/PAI-04995,2026-04-30,synthetic_v1
SRC-04996,Synthetic monitoring record PAI-04996,synthetic://sih26103/PAI-04996,2026-04-30,synthetic_v1
SRC-04997,Synthetic monitoring record PAI-04997,synthetic://sih26103/PAI-04997,2026-04-30,synthetic_v1
SRC-04998,Synthetic monitoring record PAI-04998,synthetic://sih26103/PAI-04998,2026-04-30,synthetic_v1
SRC-04999,Synthetic monitoring record PAI-04999,synthetic://sih26103/PAI-04999,2026-04-30,synthetic_v1
SRC-05000,Synthetic monitoring record PAI-05000,synthetic://sih26103/PAI-05000,2026-04-30,synthetic_v1
